# https://github.com/mikedh/trimesh
v 0.04500000 0.01800000 0.00000000
v 0.04494580 0.01800000 0.00220805
v 0.04478331 0.01800000 0.00441077
v 0.04451294 0.01800000 0.00660287
v 0.04413534 0.01800000 0.00877906
v 0.04365141 0.01800000 0.01093411
v 0.04306232 0.01800000 0.01306281
v 0.04236948 0.01800000 0.01516004
v 0.04157458 0.01800000 0.01722075
v 0.04067952 0.01800000 0.01923998
v 0.03968646 0.01800000 0.02121285
v 0.03859779 0.01800000 0.02313462
v 0.03741613 0.01800000 0.02500066
v 0.03614434 0.01800000 0.02680647
v 0.03478547 0.01800000 0.02854770
v 0.03334280 0.01800000 0.03022015
v 0.03181981 0.01800000 0.03181981
v 0.03022015 0.01800000 0.03334280
v 0.02854770 0.01800000 0.03478547
v 0.02680647 0.01800000 0.03614434
v 0.02500066 0.01800000 0.03741613
v 0.02313462 0.01800000 0.03859779
v 0.02121285 0.01800000 0.03968646
v 0.01923998 0.01800000 0.04067952
v 0.01722075 0.01800000 0.04157458
v 0.01516004 0.01800000 0.04236948
v 0.01306281 0.01800000 0.04306232
v 0.01093411 0.01800000 0.04365141
v 0.00877906 0.01800000 0.04413534
v 0.00660287 0.01800000 0.04451294
v 0.00441077 0.01800000 0.04478331
v 0.00220805 0.01800000 0.04494580
v 0.00000000 0.01800000 0.04500000
v -0.00220805 0.01800000 0.04494580
v -0.00441077 0.01800000 0.04478331
v -0.00660287 0.01800000 0.04451294
v -0.00877906 0.01800000 0.04413534
v -0.01093411 0.01800000 0.04365141
v -0.01306281 0.01800000 0.04306232
v -0.01516004 0.01800000 0.04236948
v -0.01722075 0.01800000 0.04157458
v -0.01923998 0.01800000 0.04067952
v -0.02121285 0.01800000 0.03968646
v -0.02313462 0.01800000 0.03859779
v -0.02500066 0.01800000 0.03741613
v -0.02680647 0.01800000 0.03614434
v -0.02854770 0.01800000 0.03478547
v -0.03022015 0.01800000 0.03334280
v -0.03181981 0.01800000 0.03181981
v -0.03334280 0.01800000 0.03022015
v -0.03478547 0.01800000 0.02854770
v -0.03614434 0.01800000 0.02680647
v -0.03741613 0.01800000 0.02500066
v -0.03859779 0.01800000 0.02313462
v -0.03968646 0.01800000 0.02121285
v -0.04067952 0.01800000 0.01923998
v -0.04157458 0.01800000 0.01722075
v -0.04236948 0.01800000 0.01516004
v -0.04306232 0.01800000 0.01306281
v -0.04365141 0.01800000 0.01093411
v -0.04413534 0.01800000 0.00877906
v -0.04451294 0.01800000 0.00660287
v -0.04478331 0.01800000 0.00441077
v -0.04494580 0.01800000 0.00220805
v -0.04500000 0.01800000 0.00000000
v -0.04494580 0.01800000 -0.00220805
v -0.04478331 0.01800000 -0.00441077
v -0.04451294 0.01800000 -0.00660287
v -0.04413534 0.01800000 -0.00877906
v -0.04365141 0.01800000 -0.01093411
v -0.04306232 0.01800000 -0.01306281
v -0.04236948 0.01800000 -0.01516004
v -0.04157458 0.01800000 -0.01722075
v -0.04067952 0.01800000 -0.01923998
v -0.03968646 0.01800000 -0.02121285
v -0.03859779 0.01800000 -0.02313462
v -0.03741613 0.01800000 -0.02500066
v -0.03614434 0.01800000 -0.02680647
v -0.03478547 0.01800000 -0.02854770
v -0.03334280 0.01800000 -0.03022015
v -0.03181981 0.01800000 -0.03181981
v -0.03022015 0.01800000 -0.03334280
v -0.02854770 0.01800000 -0.03478547
v -0.02680647 0.01800000 -0.03614434
v -0.02500066 0.01800000 -0.03741613
v -0.02313462 0.01800000 -0.03859779
v -0.02121285 0.01800000 -0.03968646
v -0.01923998 0.01800000 -0.04067952
v -0.01722075 0.01800000 -0.04157458
v -0.01516004 0.01800000 -0.04236948
v -0.01306281 0.01800000 -0.04306232
v -0.01093411 0.01800000 -0.04365141
v -0.00877906 0.01800000 -0.04413534
v -0.00660287 0.01800000 -0.04451294
v -0.00441077 0.01800000 -0.04478331
v -0.00220805 0.01800000 -0.04494580
v -0.00000000 0.01800000 -0.04500000
v 0.00220805 0.01800000 -0.04494580
v 0.00441077 0.01800000 -0.04478331
v 0.00660287 0.01800000 -0.04451294
v 0.00877906 0.01800000 -0.04413534
v 0.01093411 0.01800000 -0.04365141
v 0.01306281 0.01800000 -0.04306232
v 0.01516004 0.01800000 -0.04236948
v 0.01722075 0.01800000 -0.04157458
v 0.01923998 0.01800000 -0.04067952
v 0.02121285 0.01800000 -0.03968646
v 0.02313462 0.01800000 -0.03859779
v 0.02500066 0.01800000 -0.03741613
v 0.02680647 0.01800000 -0.03614434
v 0.02854770 0.01800000 -0.03478547
v 0.03022015 0.01800000 -0.03334280
v 0.03181981 0.01800000 -0.03181981
v 0.03334280 0.01800000 -0.03022015
v 0.03478547 0.01800000 -0.02854770
v 0.03614434 0.01800000 -0.02680647
v 0.03741613 0.01800000 -0.02500066
v 0.03859779 0.01800000 -0.02313462
v 0.03968646 0.01800000 -0.02121285
v 0.04067952 0.01800000 -0.01923998
v 0.04157458 0.01800000 -0.01722075
v 0.04236948 0.01800000 -0.01516004
v 0.04306232 0.01800000 -0.01306281
v 0.04365141 0.01800000 -0.01093411
v 0.04413534 0.01800000 -0.00877906
v 0.04451294 0.01800000 -0.00660287
v 0.04478331 0.01800000 -0.00441077
v 0.04494580 0.01800000 -0.00220805
v 0.04800000 0.02700000 0.00000000
v 0.04794218 0.02700000 0.00235525
v 0.04776887 0.02700000 0.00470482
v 0.04748047 0.02700000 0.00704306
v 0.04707769 0.02700000 0.00936434
v 0.04656150 0.02700000 0.01166305
v 0.04593314 0.02700000 0.01393366
v 0.04519412 0.02700000 0.01617071
v 0.04434622 0.02700000 0.01836880
v 0.04339149 0.02700000 0.02052264
v 0.04233222 0.02700000 0.02262704
v 0.04117097 0.02700000 0.02467693
v 0.03991054 0.02700000 0.02666737
v 0.03855396 0.02700000 0.02859357
v 0.03710450 0.02700000 0.03045088
v 0.03556565 0.02700000 0.03223483
v 0.03394113 0.02700000 0.03394113
v 0.03223483 0.02700000 0.03556565
v 0.03045088 0.02700000 0.03710450
v 0.02859357 0.02700000 0.03855396
v 0.02666737 0.02700000 0.03991054
v 0.02467693 0.02700000 0.04117097
v 0.02262704 0.02700000 0.04233222
v 0.02052264 0.02700000 0.04339149
v 0.01836880 0.02700000 0.04434622
v 0.01617071 0.02700000 0.04519412
v 0.01393366 0.02700000 0.04593314
v 0.01166305 0.02700000 0.04656150
v 0.00936434 0.02700000 0.04707769
v 0.00704306 0.02700000 0.04748047
v 0.00470482 0.02700000 0.04776887
v 0.00235525 0.02700000 0.04794218
v 0.00000000 0.02700000 0.04800000
v -0.00235525 0.02700000 0.04794218
v -0.00470482 0.02700000 0.04776887
v -0.00704306 0.02700000 0.04748047
v -0.00936434 0.02700000 0.04707769
v -0.01166305 0.02700000 0.04656150
v -0.01393366 0.02700000 0.04593314
v -0.01617071 0.02700000 0.04519412
v -0.01836880 0.02700000 0.04434622
v -0.02052264 0.02700000 0.04339149
v -0.02262704 0.02700000 0.04233222
v -0.02467693 0.02700000 0.04117097
v -0.02666737 0.02700000 0.03991054
v -0.02859357 0.02700000 0.03855396
v -0.03045088 0.02700000 0.03710450
v -0.03223483 0.02700000 0.03556565
v -0.03394113 0.02700000 0.03394113
v -0.03556565 0.02700000 0.03223483
v -0.03710450 0.02700000 0.03045088
v -0.03855396 0.02700000 0.02859357
v -0.03991054 0.02700000 0.02666737
v -0.04117097 0.02700000 0.02467693
v -0.04233222 0.02700000 0.02262704
v -0.04339149 0.02700000 0.02052264
v -0.04434622 0.02700000 0.01836880
v -0.04519412 0.02700000 0.01617071
v -0.04593314 0.02700000 0.01393366
v -0.04656150 0.02700000 0.01166305
v -0.04707769 0.02700000 0.00936434
v -0.04748047 0.02700000 0.00704306
v -0.04776887 0.02700000 0.00470482
v -0.04794218 0.02700000 0.00235525
v -0.04800000 0.02700000 0.00000000
v -0.04794218 0.02700000 -0.00235525
v -0.04776887 0.02700000 -0.00470482
v -0.04748047 0.02700000 -0.00704306
v -0.04707769 0.02700000 -0.00936434
v -0.04656150 0.02700000 -0.01166305
v -0.04593314 0.02700000 -0.01393366
v -0.04519412 0.02700000 -0.01617071
v -0.04434622 0.02700000 -0.01836880
v -0.04339149 0.02700000 -0.02052264
v -0.04233222 0.02700000 -0.02262704
v -0.04117097 0.02700000 -0.02467693
v -0.03991054 0.02700000 -0.02666737
v -0.03855396 0.02700000 -0.02859357
v -0.03710450 0.02700000 -0.03045088
v -0.03556565 0.02700000 -0.03223483
v -0.03394113 0.02700000 -0.03394113
v -0.03223483 0.02700000 -0.03556565
v -0.03045088 0.02700000 -0.03710450
v -0.02859357 0.02700000 -0.03855396
v -0.02666737 0.02700000 -0.03991054
v -0.02467693 0.02700000 -0.04117097
v -0.02262704 0.02700000 -0.04233222
v -0.02052264 0.02700000 -0.04339149
v -0.01836880 0.02700000 -0.04434622
v -0.01617071 0.02700000 -0.04519412
v -0.01393366 0.02700000 -0.04593314
v -0.01166305 0.02700000 -0.04656150
v -0.00936434 0.02700000 -0.04707769
v -0.00704306 0.02700000 -0.04748047
v -0.00470482 0.02700000 -0.04776887
v -0.00235525 0.02700000 -0.04794218
v -0.00000000 0.02700000 -0.04800000
v 0.00235525 0.02700000 -0.04794218
v 0.00470482 0.02700000 -0.04776887
v 0.00704306 0.02700000 -0.04748047
v 0.00936434 0.02700000 -0.04707769
v 0.01166305 0.02700000 -0.04656150
v 0.01393366 0.02700000 -0.04593314
v 0.01617071 0.02700000 -0.04519412
v 0.01836880 0.02700000 -0.04434622
v 0.02052264 0.02700000 -0.04339149
v 0.02262704 0.02700000 -0.04233222
v 0.02467693 0.02700000 -0.04117097
v 0.02666737 0.02700000 -0.03991054
v 0.02859357 0.02700000 -0.03855396
v 0.03045088 0.02700000 -0.03710450
v 0.03223483 0.02700000 -0.03556565
v 0.03394113 0.02700000 -0.03394113
v 0.03556565 0.02700000 -0.03223483
v 0.03710450 0.02700000 -0.03045088
v 0.03855396 0.02700000 -0.02859357
v 0.03991054 0.02700000 -0.02666737
v 0.04117097 0.02700000 -0.02467693
v 0.04233222 0.02700000 -0.02262704
v 0.04339149 0.02700000 -0.02052264
v 0.04434622 0.02700000 -0.01836880
v 0.04519412 0.02700000 -0.01617071
v 0.04593314 0.02700000 -0.01393366
v 0.04656150 0.02700000 -0.01166305
v 0.04707769 0.02700000 -0.00936434
v 0.04748047 0.02700000 -0.00704306
v 0.04776887 0.02700000 -0.00470482
v 0.04794218 0.02700000 -0.00235525
v 0.05700000 0.04300000 0.00000000
v 0.05693134 0.04300000 0.00284593
v 0.05672553 0.04300000 0.00568499
v 0.05638306 0.04300000 0.00851037
v 0.05590476 0.04300000 0.01131524
v 0.05529178 0.04300000 0.01409285
v 0.05454560 0.04300000 0.01683651
v 0.05366801 0.04300000 0.01953961
v 0.05266113 0.04300000 0.02219564
v 0.05152739 0.04300000 0.02479820
v 0.05026951 0.04300000 0.02734101
v 0.04889053 0.04300000 0.02981796
v 0.04739377 0.04300000 0.03222307
v 0.04578283 0.04300000 0.03455056
v 0.04406160 0.04300000 0.03679481
v 0.04223421 0.04300000 0.03895042
v 0.04030509 0.04300000 0.04101219
v 0.03827886 0.04300000 0.04297517
v 0.03616042 0.04300000 0.04483461
v 0.03395486 0.04300000 0.04658604
v 0.03166750 0.04300000 0.04822524
v 0.02930386 0.04300000 0.04974826
v 0.02686961 0.04300000 0.05115143
v 0.02437064 0.04300000 0.05243138
v 0.02181296 0.04300000 0.05358501
v 0.01920272 0.04300000 0.05460956
v 0.01654623 0.04300000 0.05550254
v 0.01384987 0.04300000 0.05626181
v 0.01112015 0.04300000 0.05688555
v 0.00836364 0.04300000 0.05737224
v 0.00558698 0.04300000 0.05772071
v 0.00279686 0.04300000 0.05793014
v 0.00000000 0.04300000 0.05800000
v -0.00279686 0.04300000 0.05793014
v -0.00558698 0.04300000 0.05772071
v -0.00836364 0.04300000 0.05737224
v -0.01112015 0.04300000 0.05688555
v -0.01384987 0.04300000 0.05626181
v -0.01654623 0.04300000 0.05550254
v -0.01920272 0.04300000 0.05460956
v -0.02181296 0.04300000 0.05358501
v -0.02437064 0.04300000 0.05243138
v -0.02686961 0.04300000 0.05115143
v -0.02930386 0.04300000 0.04974826
v -0.03166750 0.04300000 0.04822524
v -0.03395486 0.04300000 0.04658604
v -0.03616042 0.04300000 0.04483461
v -0.03827886 0.04300000 0.04297517
v -0.04030509 0.04300000 0.04101219
v -0.04223421 0.04300000 0.03895042
v -0.04406160 0.04300000 0.03679481
v -0.04578283 0.04300000 0.03455056
v -0.04739377 0.04300000 0.03222307
v -0.04889053 0.04300000 0.02981796
v -0.05026951 0.04300000 0.02734101
v -0.05152739 0.04300000 0.02479820
v -0.05266113 0.04300000 0.02219564
v -0.05366801 0.04300000 0.01953961
v -0.05454560 0.04300000 0.01683651
v -0.05529178 0.04300000 0.01409285
v -0.05590476 0.04300000 0.01131524
v -0.05638306 0.04300000 0.00851037
v -0.05672553 0.04300000 0.00568499
v -0.05693134 0.04300000 0.00284593
v -0.05700000 0.04300000 0.00000000
v -0.05693134 0.04300000 -0.00284593
v -0.05672553 0.04300000 -0.00568499
v -0.05638306 0.04300000 -0.00851037
v -0.05590476 0.04300000 -0.01131524
v -0.05529178 0.04300000 -0.01409285
v -0.05454560 0.04300000 -0.01683651
v -0.05366801 0.04300000 -0.01953961
v -0.05266113 0.04300000 -0.02219564
v -0.05152739 0.04300000 -0.02479820
v -0.05026951 0.04300000 -0.02734101
v -0.04889053 0.04300000 -0.02981796
v -0.04739377 0.04300000 -0.03222307
v -0.04578283 0.04300000 -0.03455056
v -0.04406160 0.04300000 -0.03679481
v -0.04223421 0.04300000 -0.03895042
v -0.04030509 0.04300000 -0.04101219
v -0.03827886 0.04300000 -0.04297517
v -0.03616042 0.04300000 -0.04483461
v -0.03395486 0.04300000 -0.04658604
v -0.03166750 0.04300000 -0.04822524
v -0.02930386 0.04300000 -0.04974826
v -0.02686961 0.04300000 -0.05115143
v -0.02437064 0.04300000 -0.05243138
v -0.02181296 0.04300000 -0.05358501
v -0.01920272 0.04300000 -0.05460956
v -0.01654623 0.04300000 -0.05550254
v -0.01384987 0.04300000 -0.05626181
v -0.01112015 0.04300000 -0.05688555
v -0.00836364 0.04300000 -0.05737224
v -0.00558698 0.04300000 -0.05772071
v -0.00279686 0.04300000 -0.05793014
v -0.00000000 0.04300000 -0.05800000
v 0.00279686 0.04300000 -0.05793014
v 0.00558698 0.04300000 -0.05772071
v 0.00836364 0.04300000 -0.05737224
v 0.01112015 0.04300000 -0.05688555
v 0.01384987 0.04300000 -0.05626181
v 0.01654623 0.04300000 -0.05550254
v 0.01920272 0.04300000 -0.05460956
v 0.02181296 0.04300000 -0.05358501
v 0.02437064 0.04300000 -0.05243138
v 0.02686961 0.04300000 -0.05115143
v 0.02930386 0.04300000 -0.04974826
v 0.03166750 0.04300000 -0.04822524
v 0.03395486 0.04300000 -0.04658604
v 0.03616042 0.04300000 -0.04483461
v 0.03827886 0.04300000 -0.04297517
v 0.04030509 0.04300000 -0.04101219
v 0.04223421 0.04300000 -0.03895042
v 0.04406160 0.04300000 -0.03679481
v 0.04578283 0.04300000 -0.03455056
v 0.04739377 0.04300000 -0.03222307
v 0.04889053 0.04300000 -0.02981796
v 0.05026951 0.04300000 -0.02734101
v 0.05152739 0.04300000 -0.02479820
v 0.05266113 0.04300000 -0.02219564
v 0.05366801 0.04300000 -0.01953961
v 0.05454560 0.04300000 -0.01683651
v 0.05529178 0.04300000 -0.01409285
v 0.05590476 0.04300000 -0.01131524
v 0.05638306 0.04300000 -0.00851037
v 0.05672553 0.04300000 -0.00568499
v 0.05693134 0.04300000 -0.00284593
v 0.06900000 0.06500000 0.00000000
v 0.06891689 0.06500000 0.00348380
v 0.06866775 0.06500000 0.00695922
v 0.06825318 0.06500000 0.01041786
v 0.06767418 0.06500000 0.01385141
v 0.06693216 0.06500000 0.01725159
v 0.06602888 0.06500000 0.02061021
v 0.06496654 0.06500000 0.02391918
v 0.06374769 0.06500000 0.02717052
v 0.06237526 0.06500000 0.03035641
v 0.06085257 0.06500000 0.03346917
v 0.05918327 0.06500000 0.03650129
v 0.05737140 0.06500000 0.03944549
v 0.05542132 0.06500000 0.04229465
v 0.05333772 0.06500000 0.04504192
v 0.05112563 0.06500000 0.04768069
v 0.04879037 0.06500000 0.05020458
v 0.04633757 0.06500000 0.05260753
v 0.04377314 0.06500000 0.05488374
v 0.04110325 0.06500000 0.05702773
v 0.03833435 0.06500000 0.05903434
v 0.03547309 0.06500000 0.06089873
v 0.03252637 0.06500000 0.06261641
v 0.02950130 0.06500000 0.06418324
v 0.02640516 0.06500000 0.06559545
v 0.02324540 0.06500000 0.06684963
v 0.02002964 0.06500000 0.06794276
v 0.01676563 0.06500000 0.06887222
v 0.01346123 0.06500000 0.06963575
v 0.01012440 0.06500000 0.07023153
v 0.00676318 0.06500000 0.07065812
v 0.00338567 0.06500000 0.07091448
v 0.00000000 0.06500000 0.07100000
v -0.00338567 0.06500000 0.07091448
v -0.00676318 0.06500000 0.07065812
v -0.01012440 0.06500000 0.07023153
v -0.01346123 0.06500000 0.06963575
v -0.01676563 0.06500000 0.06887222
v -0.02002964 0.06500000 0.06794276
v -0.02324540 0.06500000 0.06684963
v -0.02640516 0.06500000 0.06559545
v -0.02950130 0.06500000 0.06418324
v -0.03252637 0.06500000 0.06261641
v -0.03547309 0.06500000 0.06089873
v -0.03833435 0.06500000 0.05903434
v -0.04110325 0.06500000 0.05702773
v -0.04377314 0.06500000 0.05488374
v -0.04633757 0.06500000 0.05260753
v -0.04879037 0.06500000 0.05020458
v -0.05112563 0.06500000 0.04768069
v -0.05333772 0.06500000 0.04504192
v -0.05542132 0.06500000 0.04229465
v -0.05737140 0.06500000 0.03944549
v -0.05918327 0.06500000 0.03650129
v -0.06085257 0.06500000 0.03346917
v -0.06237526 0.06500000 0.03035641
v -0.06374769 0.06500000 0.02717052
v -0.06496654 0.06500000 0.02391918
v -0.06602888 0.06500000 0.02061021
v -0.06693216 0.06500000 0.01725159
v -0.06767418 0.06500000 0.01385141
v -0.06825318 0.06500000 0.01041786
v -0.06866775 0.06500000 0.00695922
v -0.06891689 0.06500000 0.00348380
v -0.06900000 0.06500000 0.00000000
v -0.06891689 0.06500000 -0.00348380
v -0.06866775 0.06500000 -0.00695922
v -0.06825318 0.06500000 -0.01041786
v -0.06767418 0.06500000 -0.01385141
v -0.06693216 0.06500000 -0.01725159
v -0.06602888 0.06500000 -0.02061021
v -0.06496654 0.06500000 -0.02391918
v -0.06374769 0.06500000 -0.02717052
v -0.06237526 0.06500000 -0.03035641
v -0.06085257 0.06500000 -0.03346917
v -0.05918327 0.06500000 -0.03650129
v -0.05737140 0.06500000 -0.03944549
v -0.05542132 0.06500000 -0.04229465
v -0.05333772 0.06500000 -0.04504192
v -0.05112563 0.06500000 -0.04768069
v -0.04879037 0.06500000 -0.05020458
v -0.04633757 0.06500000 -0.05260753
v -0.04377314 0.06500000 -0.05488374
v -0.04110325 0.06500000 -0.05702773
v -0.03833435 0.06500000 -0.05903434
v -0.03547309 0.06500000 -0.06089873
v -0.03252637 0.06500000 -0.06261641
v -0.02950130 0.06500000 -0.06418324
v -0.02640516 0.06500000 -0.06559545
v -0.02324540 0.06500000 -0.06684963
v -0.02002964 0.06500000 -0.06794276
v -0.01676563 0.06500000 -0.06887222
v -0.01346123 0.06500000 -0.06963575
v -0.01012440 0.06500000 -0.07023153
v -0.00676318 0.06500000 -0.07065812
v -0.00338567 0.06500000 -0.07091448
v -0.00000000 0.06500000 -0.07100000
v 0.00338567 0.06500000 -0.07091448
v 0.00676318 0.06500000 -0.07065812
v 0.01012440 0.06500000 -0.07023153
v 0.01346123 0.06500000 -0.06963575
v 0.01676563 0.06500000 -0.06887222
v 0.02002964 0.06500000 -0.06794276
v 0.02324540 0.06500000 -0.06684963
v 0.02640516 0.06500000 -0.06559545
v 0.02950130 0.06500000 -0.06418324
v 0.03252637 0.06500000 -0.06261641
v 0.03547309 0.06500000 -0.06089873
v 0.03833435 0.06500000 -0.05903434
v 0.04110325 0.06500000 -0.05702773
v 0.04377314 0.06500000 -0.05488374
v 0.04633757 0.06500000 -0.05260753
v 0.04879037 0.06500000 -0.05020458
v 0.05112563 0.06500000 -0.04768069
v 0.05333772 0.06500000 -0.04504192
v 0.05542132 0.06500000 -0.04229465
v 0.05737140 0.06500000 -0.03944549
v 0.05918327 0.06500000 -0.03650129
v 0.06085257 0.06500000 -0.03346917
v 0.06237526 0.06500000 -0.03035641
v 0.06374769 0.06500000 -0.02717052
v 0.06496654 0.06500000 -0.02391918
v 0.06602888 0.06500000 -0.02061021
v 0.06693216 0.06500000 -0.01725159
v 0.06767418 0.06500000 -0.01385141
v 0.06825318 0.06500000 -0.01041786
v 0.06866775 0.06500000 -0.00695922
v 0.06891689 0.06500000 -0.00348380
v 0.07807000 0.08600000 0.00000000
v 0.07797713 0.08600000 0.00387635
v 0.07769735 0.08600000 0.00774335
v 0.07722715 0.08600000 0.01159171
v 0.07656092 0.08600000 0.01541214
v 0.07569171 0.08600000 0.01919543
v 0.07461299 0.08600000 0.02293249
v 0.07332177 0.08600000 0.02661430
v 0.07182235 0.08600000 0.03023199
v 0.07012925 0.08600000 0.03377685
v 0.06826635 0.08600000 0.03724034
v 0.06626084 0.08600000 0.04061412
v 0.06413393 0.08600000 0.04389005
v 0.06189405 0.08600000 0.04706025
v 0.05953782 0.08600000 0.05011707
v 0.05705745 0.08600000 0.05305316
v 0.05444805 0.08600000 0.05586144
v 0.05171015 0.08600000 0.05853514
v 0.04884829 0.08600000 0.06106783
v 0.04586885 0.08600000 0.06345339
v 0.04277891 0.08600000 0.06568610
v 0.03958591 0.08600000 0.06776056
v 0.03629755 0.08600000 0.06967178
v 0.03292174 0.08600000 0.07141515
v 0.02946662 0.08600000 0.07298648
v 0.02594052 0.08600000 0.07438198
v 0.02235192 0.08600000 0.07559829
v 0.01870947 0.08600000 0.07663247
v 0.01502195 0.08600000 0.07748204
v 0.01129825 0.08600000 0.07814494
v 0.00754732 0.08600000 0.07861959
v 0.00377821 0.08600000 0.07890484
v 0.00000000 0.08600000 0.07900000
v -0.00377821 0.08600000 0.07890484
v -0.00754732 0.08600000 0.07861959
v -0.01129825 0.08600000 0.07814494
v -0.01502195 0.08600000 0.07748204
v -0.01870947 0.08600000 0.07663247
v -0.02235192 0.08600000 0.07559829
v -0.02594052 0.08600000 0.07438198
v -0.02946662 0.08600000 0.07298648
v -0.03292174 0.08600000 0.07141515
v -0.03629755 0.08600000 0.06967178
v -0.03958591 0.08600000 0.06776056
v -0.04277891 0.08600000 0.06568610
v -0.04586885 0.08600000 0.06345339
v -0.04884828 0.08600000 0.06106783
v -0.05171004 0.08600000 0.05853514
v -0.05444722 0.08600000 0.05586144
v -0.05705324 0.08600000 0.05305316
v -0.05952181 0.08600000 0.05011707
v -0.06184705 0.08600000 0.04706025
v -0.06402371 0.08600000 0.04389005
v -0.06604823 0.08600000 0.04061412
v -0.06792127 0.08600000 0.03724034
v -0.06965087 0.08600000 0.03377685
v -0.07125177 0.08600000 0.03023199
v -0.07273591 0.08600000 0.02661430
v -0.07409784 0.08600000 0.02293249
v -0.07530834 0.08600000 0.01919543
v -0.07632508 0.08600000 0.01541214
v -0.07711279 0.08600000 0.01159171
v -0.07765755 0.08600000 0.00774335
v -0.07796759 0.08600000 0.00387635
v -0.07806500 0.08600000 0.00000000
v -0.07796759 0.08600000 -0.00387635
v -0.07765755 0.08600000 -0.00774335
v -0.07711279 0.08600000 -0.01159171
v -0.07632508 0.08600000 -0.01541214
v -0.07530834 0.08600000 -0.01919543
v -0.07409784 0.08600000 -0.02293249
v -0.07273591 0.08600000 -0.02661430
v -0.07125177 0.08600000 -0.03023199
v -0.06965087 0.08600000 -0.03377685
v -0.06792127 0.08600000 -0.03724034
v -0.06604823 0.08600000 -0.04061412
v -0.06402371 0.08600000 -0.04389005
v -0.06184705 0.08600000 -0.04706025
v -0.05952181 0.08600000 -0.05011707
v -0.05705324 0.08600000 -0.05305316
v -0.05444722 0.08600000 -0.05586144
v -0.05171004 0.08600000 -0.05853514
v -0.04884828 0.08600000 -0.06106783
v -0.04586885 0.08600000 -0.06345339
v -0.04277891 0.08600000 -0.06568610
v -0.03958591 0.08600000 -0.06776056
v -0.03629755 0.08600000 -0.06967178
v -0.03292174 0.08600000 -0.07141515
v -0.02946662 0.08600000 -0.07298648
v -0.02594052 0.08600000 -0.07438198
v -0.02235192 0.08600000 -0.07559829
v -0.01870947 0.08600000 -0.07663247
v -0.01502195 0.08600000 -0.07748204
v -0.01129825 0.08600000 -0.07814494
v -0.00754732 0.08600000 -0.07861959
v -0.00377821 0.08600000 -0.07890484
v -0.00000000 0.08600000 -0.07900000
v 0.00377821 0.08600000 -0.07890484
v 0.00754732 0.08600000 -0.07861959
v 0.01129825 0.08600000 -0.07814494
v 0.01502195 0.08600000 -0.07748204
v 0.01870947 0.08600000 -0.07663247
v 0.02235192 0.08600000 -0.07559829
v 0.02594052 0.08600000 -0.07438198
v 0.02946662 0.08600000 -0.07298648
v 0.03292174 0.08600000 -0.07141515
v 0.03629755 0.08600000 -0.06967178
v 0.03958591 0.08600000 -0.06776056
v 0.04277891 0.08600000 -0.06568610
v 0.04586885 0.08600000 -0.06345339
v 0.04884829 0.08600000 -0.06106783
v 0.05171015 0.08600000 -0.05853514
v 0.05444805 0.08600000 -0.05586144
v 0.05705745 0.08600000 -0.05305316
v 0.05953782 0.08600000 -0.05011707
v 0.06189405 0.08600000 -0.04706025
v 0.06413393 0.08600000 -0.04389005
v 0.06626084 0.08600000 -0.04061412
v 0.06826635 0.08600000 -0.03724034
v 0.07012925 0.08600000 -0.03377685
v 0.07182235 0.08600000 -0.03023199
v 0.07332177 0.08600000 -0.02661430
v 0.07461299 0.08600000 -0.02293249
v 0.07569171 0.08600000 -0.01919543
v 0.07656092 0.08600000 -0.01541214
v 0.07722715 0.08600000 -0.01159171
v 0.07769735 0.08600000 -0.00774335
v 0.07797713 0.08600000 -0.00387635
v 0.08770400 0.10000000 0.00000000
v 0.08760679 0.10000000 0.00402355
v 0.08730531 0.10000000 0.00803741
v 0.08677017 0.10000000 0.01203190
v 0.08595410 0.10000000 0.01599741
v 0.08479746 0.10000000 0.01992437
v 0.08324106 0.10000000 0.02380334
v 0.08124824 0.10000000 0.02762497
v 0.07883250 0.10000000 0.03138004
v 0.07607808 0.10000000 0.03505952
v 0.07313424 0.10000000 0.03865453
v 0.07017161 0.10000000 0.04215643
v 0.06731509 0.10000000 0.04555676
v 0.06459549 0.10000000 0.04884734
v 0.06195616 0.10000000 0.05202025
v 0.05930643 0.10000000 0.05506783
v 0.05657448 0.10000000 0.05798276
v 0.05372555 0.10000000 0.06075799
v 0.05075154 0.10000000 0.06338686
v 0.04765595 0.10000000 0.06586302
v 0.04444562 0.10000000 0.06818051
v 0.04112822 0.10000000 0.07033375
v 0.03771174 0.10000000 0.07231754
v 0.03420441 0.10000000 0.07412712
v 0.03061467 0.10000000 0.07575812
v 0.02695119 0.10000000 0.07720661
v 0.02322277 0.10000000 0.07846911
v 0.01943841 0.10000000 0.07954256
v 0.01560723 0.10000000 0.08042439
v 0.01173844 0.10000000 0.08111247
v 0.00784137 0.10000000 0.08160515
v 0.00392541 0.10000000 0.08190123
v 0.00000000 0.10000000 0.08200000
v -0.00392541 0.10000000 0.08190123
v -0.00784137 0.10000000 0.08160515
v -0.01173844 0.10000000 0.08111247
v -0.01560723 0.10000000 0.08042439
v -0.01943841 0.10000000 0.07954256
v -0.02322277 0.10000000 0.07846911
v -0.02695119 0.10000000 0.07720661
v -0.03061467 0.10000000 0.07575812
v -0.03420441 0.10000000 0.07412712
v -0.03771174 0.10000000 0.07231754
v -0.04112822 0.10000000 0.07033375
v -0.04444562 0.10000000 0.06818051
v -0.04765594 0.10000000 0.06586302
v -0.05075146 0.10000000 0.06338686
v -0.05372472 0.10000000 0.06075799
v -0.05656854 0.10000000 0.05798276
v -0.05927609 0.10000000 0.05506783
v -0.06184088 0.10000000 0.05202025
v -0.06425711 0.10000000 0.04884734
v -0.06652152 0.10000000 0.04555676
v -0.06864080 0.10000000 0.04215643
v -0.07064968 0.10000000 0.03865453
v -0.07263373 0.10000000 0.03505952
v -0.07472430 0.10000000 0.03138004
v -0.07703006 0.10000000 0.02762497
v -0.07953194 0.10000000 0.02380334
v -0.08203722 0.10000000 0.01992437
v -0.08425605 0.10000000 0.01599741
v -0.08594674 0.10000000 0.01203190
v -0.08701870 0.10000000 0.00803741
v -0.08753812 0.10000000 0.00402355
v -0.08766800 0.10000000 0.00000000
v -0.08753812 0.10000000 -0.00402355
v -0.08701870 0.10000000 -0.00803741
v -0.08594674 0.10000000 -0.01203190
v -0.08425605 0.10000000 -0.01599741
v -0.08203722 0.10000000 -0.01992437
v -0.07953194 0.10000000 -0.02380334
v -0.07703006 0.10000000 -0.02762497
v -0.07472430 0.10000000 -0.03138004
v -0.07263373 0.10000000 -0.03505952
v -0.07064968 0.10000000 -0.03865453
v -0.06864080 0.10000000 -0.04215643
v -0.06652152 0.10000000 -0.04555676
v -0.06425711 0.10000000 -0.04884734
v -0.06184088 0.10000000 -0.05202025
v -0.05927609 0.10000000 -0.05506783
v -0.05656854 0.10000000 -0.05798276
v -0.05372472 0.10000000 -0.06075799
v -0.05075146 0.10000000 -0.06338686
v -0.04765594 0.10000000 -0.06586302
v -0.04444562 0.10000000 -0.06818051
v -0.04112822 0.10000000 -0.07033375
v -0.03771174 0.10000000 -0.07231754
v -0.03420441 0.10000000 -0.07412712
v -0.03061467 0.10000000 -0.07575812
v -0.02695119 0.10000000 -0.07720661
v -0.02322277 0.10000000 -0.07846911
v -0.01943841 0.10000000 -0.07954256
v -0.01560723 0.10000000 -0.08042439
v -0.01173844 0.10000000 -0.08111247
v -0.00784137 0.10000000 -0.08160515
v -0.00392541 0.10000000 -0.08190123
v -0.00000000 0.10000000 -0.08200000
v 0.00392541 0.10000000 -0.08190123
v 0.00784137 0.10000000 -0.08160515
v 0.01173844 0.10000000 -0.08111247
v 0.01560723 0.10000000 -0.08042439
v 0.01943841 0.10000000 -0.07954256
v 0.02322277 0.10000000 -0.07846911
v 0.02695119 0.10000000 -0.07720661
v 0.03061467 0.10000000 -0.07575812
v 0.03420441 0.10000000 -0.07412712
v 0.03771174 0.10000000 -0.07231754
v 0.04112822 0.10000000 -0.07033375
v 0.04444562 0.10000000 -0.06818051
v 0.04765595 0.10000000 -0.06586302
v 0.05075154 0.10000000 -0.06338686
v 0.05372555 0.10000000 -0.06075799
v 0.05657448 0.10000000 -0.05798276
v 0.05930643 0.10000000 -0.05506783
v 0.06195616 0.10000000 -0.05202025
v 0.06459549 0.10000000 -0.04884734
v 0.06731509 0.10000000 -0.04555676
v 0.07017161 0.10000000 -0.04215643
v 0.07313424 0.10000000 -0.03865453
v 0.07607808 0.10000000 -0.03505952
v 0.07883250 0.10000000 -0.03138004
v 0.08124824 0.10000000 -0.02762497
v 0.08324106 0.10000000 -0.02380334
v 0.08479746 0.10000000 -0.01992437
v 0.08595410 0.10000000 -0.01599741
v 0.08677017 0.10000000 -0.01203190
v 0.08730531 0.10000000 -0.00803741
v 0.08760679 0.10000000 -0.00402355
v 0.08970000 0.10844959 0.00000000
v 0.08960367 0.10844959 0.00408837
v 0.08930088 0.10844959 0.00816688
v 0.08875057 0.10844959 0.01222572
v 0.08788659 0.10844959 0.01625511
v 0.08662547 0.10844959 0.02024534
v 0.08488417 0.10844959 0.02418679
v 0.08261075 0.10844959 0.02806998
v 0.07982279 0.10844959 0.03188555
v 0.07663590 0.10844959 0.03562429
v 0.07325586 0.10844959 0.03927722
v 0.06991795 0.10844959 0.04283553
v 0.06679377 0.10844959 0.04629064
v 0.06392407 0.10844959 0.04963423
v 0.06122800 0.10844959 0.05285825
v 0.05857728 0.10844959 0.05595493
v 0.05586968 0.10844959 0.05891681
v 0.05305431 0.10844959 0.06173675
v 0.05011718 0.10844959 0.06440796
v 0.04706025 0.10844959 0.06692401
v 0.04389005 0.10844959 0.06927883
v 0.04061412 0.10844959 0.07146676
v 0.03724034 0.10844959 0.07348251
v 0.03377685 0.10844959 0.07532124
v 0.03023199 0.10844959 0.07697852
v 0.02661430 0.10844959 0.07845034
v 0.02293249 0.10844959 0.07973317
v 0.01919543 0.10844959 0.08082392
v 0.01541214 0.10844959 0.08171996
v 0.01159171 0.10844959 0.08241912
v 0.00774335 0.10844959 0.08291973
v 0.00387635 0.10844959 0.08322058
v 0.00000000 0.10844959 0.08332095
v -0.00387635 0.10844959 0.08322058
v -0.00774335 0.10844959 0.08291973
v -0.01159171 0.10844959 0.08241912
v -0.01541214 0.10844959 0.08171996
v -0.01919543 0.10844959 0.08082392
v -0.02293249 0.10844959 0.07973317
v -0.02661430 0.10844959 0.07845034
v -0.03023199 0.10844959 0.07697852
v -0.03377685 0.10844959 0.07532124
v -0.03724034 0.10844959 0.07348251
v -0.04061412 0.10844959 0.07146676
v -0.04389005 0.10844959 0.06927883
v -0.04706025 0.10844959 0.06692401
v -0.05011707 0.10844959 0.06440796
v -0.05305316 0.10844959 0.06173675
v -0.05586144 0.10844959 0.05891681
v -0.05853514 0.10844959 0.05595493
v -0.06106789 0.10844959 0.05285825
v -0.06345410 0.10844959 0.04963423
v -0.06569159 0.10844959 0.04629064
v -0.06779183 0.10844959 0.04283553
v -0.06980508 0.10844959 0.03927722
v -0.07185208 0.10844959 0.03562429
v -0.07411695 0.10844959 0.03188555
v -0.07675217 0.10844959 0.02806998
v -0.07973261 0.10844959 0.02418679
v -0.08279181 0.10844959 0.02024534
v -0.08552819 0.10844959 0.01625511
v -0.08760691 0.10844959 0.01222572
v -0.08890282 0.10844959 0.00816688
v -0.08950829 0.10844959 0.00408837
v -0.08965000 0.10844959 0.00000000
v -0.08950829 0.10844959 -0.00408837
v -0.08890282 0.10844959 -0.00816688
v -0.08760691 0.10844959 -0.01222572
v -0.08552819 0.10844959 -0.01625511
v -0.08279181 0.10844959 -0.02024534
v -0.07973261 0.10844959 -0.02418679
v -0.07675217 0.10844959 -0.02806998
v -0.07411695 0.10844959 -0.03188555
v -0.07185208 0.10844959 -0.03562429
v -0.06980508 0.10844959 -0.03927722
v -0.06779183 0.10844959 -0.04283553
v -0.06569159 0.10844959 -0.04629064
v -0.06345410 0.10844959 -0.04963423
v -0.06106789 0.10844959 -0.05285825
v -0.05853514 0.10844959 -0.05595493
v -0.05586144 0.10844959 -0.05891681
v -0.05305316 0.10844959 -0.06173675
v -0.05011707 0.10844959 -0.06440796
v -0.04706025 0.10844959 -0.06692401
v -0.04389005 0.10844959 -0.06927883
v -0.04061412 0.10844959 -0.07146676
v -0.03724034 0.10844959 -0.07348251
v -0.03377685 0.10844959 -0.07532124
v -0.03023199 0.10844959 -0.07697852
v -0.02661430 0.10844959 -0.07845034
v -0.02293249 0.10844959 -0.07973317
v -0.01919543 0.10844959 -0.08082392
v -0.01541214 0.10844959 -0.08171996
v -0.01159171 0.10844959 -0.08241912
v -0.00774335 0.10844959 -0.08291973
v -0.00387635 0.10844959 -0.08322058
v -0.00000000 0.10844959 -0.08332095
v 0.00387635 0.10844959 -0.08322058
v 0.00774335 0.10844959 -0.08291973
v 0.01159171 0.10844959 -0.08241912
v 0.01541214 0.10844959 -0.08171996
v 0.01919543 0.10844959 -0.08082392
v 0.02293249 0.10844959 -0.07973317
v 0.02661430 0.10844959 -0.07845034
v 0.03023199 0.10844959 -0.07697852
v 0.03377685 0.10844959 -0.07532124
v 0.03724034 0.10844959 -0.07348251
v 0.04061412 0.10844959 -0.07146676
v 0.04389005 0.10844959 -0.06927883
v 0.04706025 0.10844959 -0.06692401
v 0.05011718 0.10844959 -0.06440796
v 0.05305431 0.10844959 -0.06173675
v 0.05586968 0.10844959 -0.05891681
v 0.05857728 0.10844959 -0.05595493
v 0.06122800 0.10844959 -0.05285825
v 0.06392407 0.10844959 -0.04963423
v 0.06679377 0.10844959 -0.04629064
v 0.06991795 0.10844959 -0.04283553
v 0.07325586 0.10844959 -0.03927722
v 0.07663590 0.10844959 -0.03562429
v 0.07982279 0.10844959 -0.03188555
v 0.08261075 0.10844959 -0.02806998
v 0.08488417 0.10844959 -0.02418679
v 0.08662547 0.10844959 -0.02024534
v 0.08788659 0.10844959 -0.01625511
v 0.08875057 0.10844959 -0.01222572
v 0.08930088 0.10844959 -0.00816688
v 0.08960367 0.10844959 -0.00408837
v 0.02600000 0.03000000 0.00000000
v 0.02596868 0.03000000 0.00127576
v 0.02587480 0.03000000 0.00254845
v 0.02571859 0.03000000 0.00381499
v 0.02550042 0.03000000 0.00507235
v 0.02522081 0.03000000 0.00631748
v 0.02488045 0.03000000 0.00754740
v 0.02448015 0.03000000 0.00875914
v 0.02402087 0.03000000 0.00994977
v 0.02350372 0.03000000 0.01111643
v 0.02292995 0.03000000 0.01225632
v 0.02230094 0.03000000 0.01336667
v 0.02161821 0.03000000 0.01444483
v 0.02088340 0.03000000 0.01548818
v 0.02009827 0.03000000 0.01649423
v 0.01926473 0.03000000 0.01746053
v 0.01838478 0.03000000 0.01838478
v 0.01746053 0.03000000 0.01926473
v 0.01649423 0.03000000 0.02009827
v 0.01548818 0.03000000 0.02088340
v 0.01444483 0.03000000 0.02161821
v 0.01336667 0.03000000 0.02230094
v 0.01225632 0.03000000 0.02292995
v 0.01111643 0.03000000 0.02350372
v 0.00994977 0.03000000 0.02402087
v 0.00875914 0.03000000 0.02448015
v 0.00754740 0.03000000 0.02488045
v 0.00631748 0.03000000 0.02522081
v 0.00507235 0.03000000 0.02550042
v 0.00381499 0.03000000 0.02571859
v 0.00254845 0.03000000 0.02587480
v 0.00127576 0.03000000 0.02596868
v 0.00000000 0.03000000 0.02600000
v -0.00127576 0.03000000 0.02596868
v -0.00254845 0.03000000 0.02587480
v -0.00381499 0.03000000 0.02571859
v -0.00507235 0.03000000 0.02550042
v -0.00631748 0.03000000 0.02522081
v -0.00754740 0.03000000 0.02488045
v -0.00875914 0.03000000 0.02448015
v -0.00994977 0.03000000 0.02402087
v -0.01111643 0.03000000 0.02350372
v -0.01225632 0.03000000 0.02292995
v -0.01336667 0.03000000 0.02230094
v -0.01444483 0.03000000 0.02161821
v -0.01548818 0.03000000 0.02088340
v -0.01649423 0.03000000 0.02009827
v -0.01746053 0.03000000 0.01926473
v -0.01838478 0.03000000 0.01838478
v -0.01926473 0.03000000 0.01746053
v -0.02009827 0.03000000 0.01649423
v -0.02088340 0.03000000 0.01548818
v -0.02161821 0.03000000 0.01444483
v -0.02230094 0.03000000 0.01336667
v -0.02292995 0.03000000 0.01225632
v -0.02350372 0.03000000 0.01111643
v -0.02402087 0.03000000 0.00994977
v -0.02448015 0.03000000 0.00875914
v -0.02488045 0.03000000 0.00754740
v -0.02522081 0.03000000 0.00631748
v -0.02550042 0.03000000 0.00507235
v -0.02571859 0.03000000 0.00381499
v -0.02587480 0.03000000 0.00254845
v -0.02596868 0.03000000 0.00127576
v -0.02600000 0.03000000 0.00000000
v -0.02596868 0.03000000 -0.00127576
v -0.02587480 0.03000000 -0.00254845
v -0.02571859 0.03000000 -0.00381499
v -0.02550042 0.03000000 -0.00507235
v -0.02522081 0.03000000 -0.00631748
v -0.02488045 0.03000000 -0.00754740
v -0.02448015 0.03000000 -0.00875914
v -0.02402087 0.03000000 -0.00994977
v -0.02350372 0.03000000 -0.01111643
v -0.02292995 0.03000000 -0.01225632
v -0.02230094 0.03000000 -0.01336667
v -0.02161821 0.03000000 -0.01444483
v -0.02088340 0.03000000 -0.01548818
v -0.02009827 0.03000000 -0.01649423
v -0.01926473 0.03000000 -0.01746053
v -0.01838478 0.03000000 -0.01838478
v -0.01746053 0.03000000 -0.01926473
v -0.01649423 0.03000000 -0.02009827
v -0.01548818 0.03000000 -0.02088340
v -0.01444483 0.03000000 -0.02161821
v -0.01336667 0.03000000 -0.02230094
v -0.01225632 0.03000000 -0.02292995
v -0.01111643 0.03000000 -0.02350372
v -0.00994977 0.03000000 -0.02402087
v -0.00875914 0.03000000 -0.02448015
v -0.00754740 0.03000000 -0.02488045
v -0.00631748 0.03000000 -0.02522081
v -0.00507235 0.03000000 -0.02550042
v -0.00381499 0.03000000 -0.02571859
v -0.00254845 0.03000000 -0.02587480
v -0.00127576 0.03000000 -0.02596868
v -0.00000000 0.03000000 -0.02600000
v 0.00127576 0.03000000 -0.02596868
v 0.00254845 0.03000000 -0.02587480
v 0.00381499 0.03000000 -0.02571859
v 0.00507235 0.03000000 -0.02550042
v 0.00631748 0.03000000 -0.02522081
v 0.00754740 0.03000000 -0.02488045
v 0.00875914 0.03000000 -0.02448015
v 0.00994977 0.03000000 -0.02402087
v 0.01111643 0.03000000 -0.02350372
v 0.01225632 0.03000000 -0.02292995
v 0.01336667 0.03000000 -0.02230094
v 0.01444483 0.03000000 -0.02161821
v 0.01548818 0.03000000 -0.02088340
v 0.01649423 0.03000000 -0.02009827
v 0.01746053 0.03000000 -0.01926473
v 0.01838478 0.03000000 -0.01838478
v 0.01926473 0.03000000 -0.01746053
v 0.02009827 0.03000000 -0.01649423
v 0.02088340 0.03000000 -0.01548818
v 0.02161821 0.03000000 -0.01444483
v 0.02230094 0.03000000 -0.01336667
v 0.02292995 0.03000000 -0.01225632
v 0.02350372 0.03000000 -0.01111643
v 0.02402087 0.03000000 -0.00994977
v 0.02448015 0.03000000 -0.00875914
v 0.02488045 0.03000000 -0.00754740
v 0.02522081 0.03000000 -0.00631748
v 0.02550042 0.03000000 -0.00507235
v 0.02571859 0.03000000 -0.00381499
v 0.02587480 0.03000000 -0.00254845
v 0.02596868 0.03000000 -0.00127576
v 0.03800000 0.04100000 0.00000000
v 0.03795423 0.04100000 0.00191364
v 0.03781702 0.04100000 0.00382267
v 0.03758871 0.04100000 0.00572249
v 0.03726984 0.04100000 0.00760852
v 0.03686119 0.04100000 0.00947623
v 0.03636373 0.04100000 0.01132110
v 0.03577867 0.04100000 0.01313870
v 0.03510742 0.04100000 0.01492465
v 0.03435159 0.04100000 0.01667465
v 0.03351301 0.04100000 0.01838447
v 0.03259369 0.04100000 0.02005001
v 0.03159585 0.04100000 0.02166724
v 0.03052189 0.04100000 0.02323227
v 0.02937440 0.04100000 0.02474134
v 0.02815614 0.04100000 0.02619080
v 0.02687006 0.04100000 0.02757716
v 0.02551924 0.04100000 0.02889709
v 0.02410694 0.04100000 0.03014741
v 0.02263657 0.04100000 0.03132509
v 0.02111167 0.04100000 0.03242731
v 0.01953590 0.04100000 0.03345142
v 0.01791308 0.04100000 0.03439493
v 0.01624709 0.04100000 0.03525558
v 0.01454197 0.04100000 0.03603130
v 0.01280181 0.04100000 0.03672022
v 0.01103082 0.04100000 0.03732067
v 0.00923325 0.04100000 0.03783122
v 0.00741343 0.04100000 0.03825063
v 0.00557576 0.04100000 0.03857788
v 0.00372465 0.04100000 0.03881220
v 0.00186457 0.04100000 0.03895302
v 0.00000000 0.04100000 0.03900000
v -0.00186457 0.04100000 0.03895302
v -0.00372465 0.04100000 0.03881220
v -0.00557576 0.04100000 0.03857788
v -0.00741343 0.04100000 0.03825063
v -0.00923325 0.04100000 0.03783122
v -0.01103082 0.04100000 0.03732067
v -0.01280181 0.04100000 0.03672022
v -0.01454197 0.04100000 0.03603130
v -0.01624709 0.04100000 0.03525558
v -0.01791308 0.04100000 0.03439493
v -0.01953590 0.04100000 0.03345142
v -0.02111167 0.04100000 0.03242731
v -0.02263657 0.04100000 0.03132509
v -0.02410694 0.04100000 0.03014741
v -0.02551924 0.04100000 0.02889709
v -0.02687006 0.04100000 0.02757716
v -0.02815614 0.04100000 0.02619080
v -0.02937440 0.04100000 0.02474134
v -0.03052189 0.04100000 0.02323227
v -0.03159585 0.04100000 0.02166724
v -0.03259369 0.04100000 0.02005001
v -0.03351301 0.04100000 0.01838447
v -0.03435159 0.04100000 0.01667465
v -0.03510742 0.04100000 0.01492465
v -0.03577867 0.04100000 0.01313870
v -0.03636373 0.04100000 0.01132110
v -0.03686119 0.04100000 0.00947623
v -0.03726984 0.04100000 0.00760852
v -0.03758871 0.04100000 0.00572249
v -0.03781702 0.04100000 0.00382267
v -0.03795423 0.04100000 0.00191364
v -0.03800000 0.04100000 0.00000000
v -0.03795423 0.04100000 -0.00191364
v -0.03781702 0.04100000 -0.00382267
v -0.03758871 0.04100000 -0.00572249
v -0.03726984 0.04100000 -0.00760852
v -0.03686119 0.04100000 -0.00947623
v -0.03636373 0.04100000 -0.01132110
v -0.03577867 0.04100000 -0.01313870
v -0.03510742 0.04100000 -0.01492465
v -0.03435159 0.04100000 -0.01667465
v -0.03351301 0.04100000 -0.01838447
v -0.03259369 0.04100000 -0.02005001
v -0.03159585 0.04100000 -0.02166724
v -0.03052189 0.04100000 -0.02323227
v -0.02937440 0.04100000 -0.02474134
v -0.02815614 0.04100000 -0.02619080
v -0.02687006 0.04100000 -0.02757716
v -0.02551924 0.04100000 -0.02889709
v -0.02410694 0.04100000 -0.03014741
v -0.02263657 0.04100000 -0.03132509
v -0.02111167 0.04100000 -0.03242731
v -0.01953590 0.04100000 -0.03345142
v -0.01791308 0.04100000 -0.03439493
v -0.01624709 0.04100000 -0.03525558
v -0.01454197 0.04100000 -0.03603130
v -0.01280181 0.04100000 -0.03672022
v -0.01103082 0.04100000 -0.03732067
v -0.00923325 0.04100000 -0.03783122
v -0.00741343 0.04100000 -0.03825063
v -0.00557576 0.04100000 -0.03857788
v -0.00372465 0.04100000 -0.03881220
v -0.00186457 0.04100000 -0.03895302
v -0.00000000 0.04100000 -0.03900000
v 0.00186457 0.04100000 -0.03895302
v 0.00372465 0.04100000 -0.03881220
v 0.00557576 0.04100000 -0.03857788
v 0.00741343 0.04100000 -0.03825063
v 0.00923325 0.04100000 -0.03783122
v 0.01103082 0.04100000 -0.03732067
v 0.01280181 0.04100000 -0.03672022
v 0.01454197 0.04100000 -0.03603130
v 0.01624709 0.04100000 -0.03525558
v 0.01791308 0.04100000 -0.03439493
v 0.01953590 0.04100000 -0.03345142
v 0.02111167 0.04100000 -0.03242731
v 0.02263657 0.04100000 -0.03132509
v 0.02410694 0.04100000 -0.03014741
v 0.02551924 0.04100000 -0.02889709
v 0.02687006 0.04100000 -0.02757716
v 0.02815614 0.04100000 -0.02619080
v 0.02937440 0.04100000 -0.02474134
v 0.03052189 0.04100000 -0.02323227
v 0.03159585 0.04100000 -0.02166724
v 0.03259369 0.04100000 -0.02005001
v 0.03351301 0.04100000 -0.01838447
v 0.03435159 0.04100000 -0.01667465
v 0.03510742 0.04100000 -0.01492465
v 0.03577867 0.04100000 -0.01313870
v 0.03636373 0.04100000 -0.01132110
v 0.03686119 0.04100000 -0.00947623
v 0.03726984 0.04100000 -0.00760852
v 0.03758871 0.04100000 -0.00572249
v 0.03781702 0.04100000 -0.00382267
v 0.03795423 0.04100000 -0.00191364
v 0.05500000 0.06200000 0.00000000
v 0.05493375 0.06200000 0.00279686
v 0.05473516 0.06200000 0.00558698
v 0.05440471 0.06200000 0.00836364
v 0.05394319 0.06200000 0.01112015
v 0.05335172 0.06200000 0.01384987
v 0.05263172 0.06200000 0.01654623
v 0.05178492 0.06200000 0.01920272
v 0.05081337 0.06200000 0.02181296
v 0.04971941 0.06200000 0.02437064
v 0.04850567 0.06200000 0.02686961
v 0.04717507 0.06200000 0.02930386
v 0.04573083 0.06200000 0.03166750
v 0.04417641 0.06200000 0.03395486
v 0.04251557 0.06200000 0.03616042
v 0.04075231 0.06200000 0.03827886
v 0.03889087 0.06200000 0.04030509
v 0.03693574 0.06200000 0.04223421
v 0.03489163 0.06200000 0.04406160
v 0.03276346 0.06200000 0.04578283
v 0.03055636 0.06200000 0.04739377
v 0.02827565 0.06200000 0.04889053
v 0.02592682 0.06200000 0.05026951
v 0.02351553 0.06200000 0.05152739
v 0.02104759 0.06200000 0.05266113
v 0.01852894 0.06200000 0.05366801
v 0.01596566 0.06200000 0.05454560
v 0.01336391 0.06200000 0.05529178
v 0.01072997 0.06200000 0.05590476
v 0.00807018 0.06200000 0.05638306
v 0.00539094 0.06200000 0.05672553
v 0.00269872 0.06200000 0.05693134
v 0.00000000 0.06200000 0.05700000
v -0.00269872 0.06200000 0.05693134
v -0.00539094 0.06200000 0.05672553
v -0.00807018 0.06200000 0.05638306
v -0.01072997 0.06200000 0.05590476
v -0.01336391 0.06200000 0.05529178
v -0.01596566 0.06200000 0.05454560
v -0.01852894 0.06200000 0.05366801
v -0.02104759 0.06200000 0.05266113
v -0.02351553 0.06200000 0.05152739
v -0.02592682 0.06200000 0.05026951
v -0.02827565 0.06200000 0.04889053
v -0.03055636 0.06200000 0.04739377
v -0.03276346 0.06200000 0.04578283
v -0.03489163 0.06200000 0.04406160
v -0.03693574 0.06200000 0.04223421
v -0.03889087 0.06200000 0.04030509
v -0.04075231 0.06200000 0.03827886
v -0.04251557 0.06200000 0.03616042
v -0.04417641 0.06200000 0.03395486
v -0.04573083 0.06200000 0.03166750
v -0.04717507 0.06200000 0.02930386
v -0.04850567 0.06200000 0.02686961
v -0.04971941 0.06200000 0.02437064
v -0.05081337 0.06200000 0.02181296
v -0.05178492 0.06200000 0.01920272
v -0.05263172 0.06200000 0.01654623
v -0.05335172 0.06200000 0.01384987
v -0.05394319 0.06200000 0.01112015
v -0.05440471 0.06200000 0.00836364
v -0.05473516 0.06200000 0.00558698
v -0.05493375 0.06200000 0.00279686
v -0.05500000 0.06200000 0.00000000
v -0.05493375 0.06200000 -0.00279686
v -0.05473516 0.06200000 -0.00558698
v -0.05440471 0.06200000 -0.00836364
v -0.05394319 0.06200000 -0.01112015
v -0.05335172 0.06200000 -0.01384987
v -0.05263172 0.06200000 -0.01654623
v -0.05178492 0.06200000 -0.01920272
v -0.05081337 0.06200000 -0.02181296
v -0.04971941 0.06200000 -0.02437064
v -0.04850567 0.06200000 -0.02686961
v -0.04717507 0.06200000 -0.02930386
v -0.04573083 0.06200000 -0.03166750
v -0.04417641 0.06200000 -0.03395486
v -0.04251557 0.06200000 -0.03616042
v -0.04075231 0.06200000 -0.03827886
v -0.03889087 0.06200000 -0.04030509
v -0.03693574 0.06200000 -0.04223421
v -0.03489163 0.06200000 -0.04406160
v -0.03276346 0.06200000 -0.04578283
v -0.03055636 0.06200000 -0.04739377
v -0.02827565 0.06200000 -0.04889053
v -0.02592682 0.06200000 -0.05026951
v -0.02351553 0.06200000 -0.05152739
v -0.02104759 0.06200000 -0.05266113
v -0.01852894 0.06200000 -0.05366801
v -0.01596566 0.06200000 -0.05454560
v -0.01336391 0.06200000 -0.05529178
v -0.01072997 0.06200000 -0.05590476
v -0.00807018 0.06200000 -0.05638306
v -0.00539094 0.06200000 -0.05672553
v -0.00269872 0.06200000 -0.05693134
v -0.00000000 0.06200000 -0.05700000
v 0.00269872 0.06200000 -0.05693134
v 0.00539094 0.06200000 -0.05672553
v 0.00807018 0.06200000 -0.05638306
v 0.01072997 0.06200000 -0.05590476
v 0.01336391 0.06200000 -0.05529178
v 0.01596566 0.06200000 -0.05454560
v 0.01852894 0.06200000 -0.05366801
v 0.02104759 0.06200000 -0.05266113
v 0.02351553 0.06200000 -0.05152739
v 0.02592682 0.06200000 -0.05026951
v 0.02827565 0.06200000 -0.04889053
v 0.03055636 0.06200000 -0.04739377
v 0.03276346 0.06200000 -0.04578283
v 0.03489163 0.06200000 -0.04406160
v 0.03693574 0.06200000 -0.04223421
v 0.03889087 0.06200000 -0.04030509
v 0.04075231 0.06200000 -0.03827886
v 0.04251557 0.06200000 -0.03616042
v 0.04417641 0.06200000 -0.03395486
v 0.04573083 0.06200000 -0.03166750
v 0.04717507 0.06200000 -0.02930386
v 0.04850567 0.06200000 -0.02686961
v 0.04971941 0.06200000 -0.02437064
v 0.05081337 0.06200000 -0.02181296
v 0.05178492 0.06200000 -0.01920272
v 0.05263172 0.06200000 -0.01654623
v 0.05335172 0.06200000 -0.01384987
v 0.05394319 0.06200000 -0.01112015
v 0.05440471 0.06200000 -0.00836364
v 0.05473516 0.06200000 -0.00558698
v 0.05493375 0.06200000 -0.00279686
v 0.06640000 0.08300000 0.00000000
v 0.06632046 0.08300000 0.00338567
v 0.06608149 0.08300000 0.00676318
v 0.06568212 0.08300000 0.01012440
v 0.06512078 0.08300000 0.01346123
v 0.06439563 0.08300000 0.01676563
v 0.06350520 0.08300000 0.02002964
v 0.06244953 0.08300000 0.02324540
v 0.06123161 0.08300000 0.02640516
v 0.05985846 0.08300000 0.02950130
v 0.05834079 0.08300000 0.03252637
v 0.05669074 0.08300000 0.03547309
v 0.05491840 0.08300000 0.03833435
v 0.05302929 0.08300000 0.04110325
v 0.05102468 0.08300000 0.04377314
v 0.04890435 0.08300000 0.04633757
v 0.04666936 0.08300000 0.04879037
v 0.04432293 0.08300000 0.05112563
v 0.04186996 0.08300000 0.05333772
v 0.03931615 0.08300000 0.05542132
v 0.03666764 0.08300000 0.05737140
v 0.03393078 0.08300000 0.05918327
v 0.03111218 0.08300000 0.06085257
v 0.02821864 0.08300000 0.06237526
v 0.02525711 0.08300000 0.06374769
v 0.02223473 0.08300000 0.06496654
v 0.01915879 0.08300000 0.06602888
v 0.01603669 0.08300000 0.06693216
v 0.01287596 0.08300000 0.06767418
v 0.00968421 0.08300000 0.06825318
v 0.00646913 0.08300000 0.06866775
v 0.00323847 0.08300000 0.06891689
v 0.00000000 0.08300000 0.06900000
v -0.00323847 0.08300000 0.06891689
v -0.00646913 0.08300000 0.06866775
v -0.00968421 0.08300000 0.06825318
v -0.01287596 0.08300000 0.06767418
v -0.01603669 0.08300000 0.06693216
v -0.01915879 0.08300000 0.06602888
v -0.02223473 0.08300000 0.06496654
v -0.02525711 0.08300000 0.06374769
v -0.02821864 0.08300000 0.06237526
v -0.03111218 0.08300000 0.06085257
v -0.03393078 0.08300000 0.05918327
v -0.03666764 0.08300000 0.05737140
v -0.03931615 0.08300000 0.05542132
v -0.04186996 0.08300000 0.05333772
v -0.04432289 0.08300000 0.05112563
v -0.04666905 0.08300000 0.04879037
v -0.04890277 0.08300000 0.04633757
v -0.05101869 0.08300000 0.04377314
v -0.05301172 0.08300000 0.04110325
v -0.05487717 0.08300000 0.03833435
v -0.05661112 0.08300000 0.03547309
v -0.05821118 0.08300000 0.03252637
v -0.05967765 0.08300000 0.02950130
v -0.06101320 0.08300000 0.02640516
v -0.06221980 0.08300000 0.02324540
v -0.06329393 0.08300000 0.02002964
v -0.06422448 0.08300000 0.01676563
v -0.06499626 0.08300000 0.01346123
v -0.06559661 0.08300000 0.01012440
v -0.06602014 0.08300000 0.00676318
v -0.06626897 0.08300000 0.00338567
v -0.06635000 0.08300000 0.00000000
v -0.06626897 0.08300000 -0.00338567
v -0.06602014 0.08300000 -0.00676318
v -0.06559661 0.08300000 -0.01012440
v -0.06499626 0.08300000 -0.01346123
v -0.06422448 0.08300000 -0.01676563
v -0.06329393 0.08300000 -0.02002964
v -0.06221980 0.08300000 -0.02324540
v -0.06101320 0.08300000 -0.02640516
v -0.05967765 0.08300000 -0.02950130
v -0.05821118 0.08300000 -0.03252637
v -0.05661112 0.08300000 -0.03547309
v -0.05487717 0.08300000 -0.03833435
v -0.05301172 0.08300000 -0.04110325
v -0.05101869 0.08300000 -0.04377314
v -0.04890277 0.08300000 -0.04633757
v -0.04666905 0.08300000 -0.04879037
v -0.04432289 0.08300000 -0.05112563
v -0.04186996 0.08300000 -0.05333772
v -0.03931615 0.08300000 -0.05542132
v -0.03666764 0.08300000 -0.05737140
v -0.03393078 0.08300000 -0.05918327
v -0.03111218 0.08300000 -0.06085257
v -0.02821864 0.08300000 -0.06237526
v -0.02525711 0.08300000 -0.06374769
v -0.02223473 0.08300000 -0.06496654
v -0.01915879 0.08300000 -0.06602888
v -0.01603669 0.08300000 -0.06693216
v -0.01287596 0.08300000 -0.06767418
v -0.00968421 0.08300000 -0.06825318
v -0.00646913 0.08300000 -0.06866775
v -0.00323847 0.08300000 -0.06891689
v -0.00000000 0.08300000 -0.06900000
v 0.00323847 0.08300000 -0.06891689
v 0.00646913 0.08300000 -0.06866775
v 0.00968421 0.08300000 -0.06825318
v 0.01287596 0.08300000 -0.06767418
v 0.01603669 0.08300000 -0.06693216
v 0.01915879 0.08300000 -0.06602888
v 0.02223473 0.08300000 -0.06496654
v 0.02525711 0.08300000 -0.06374769
v 0.02821864 0.08300000 -0.06237526
v 0.03111218 0.08300000 -0.06085257
v 0.03393078 0.08300000 -0.05918327
v 0.03666764 0.08300000 -0.05737140
v 0.03931615 0.08300000 -0.05542132
v 0.04186996 0.08300000 -0.05333772
v 0.04432293 0.08300000 -0.05112563
v 0.04666936 0.08300000 -0.04879037
v 0.04890435 0.08300000 -0.04633757
v 0.05102468 0.08300000 -0.04377314
v 0.05302929 0.08300000 -0.04110325
v 0.05491840 0.08300000 -0.03833435
v 0.05669074 0.08300000 -0.03547309
v 0.05834079 0.08300000 -0.03252637
v 0.05985846 0.08300000 -0.02950130
v 0.06123161 0.08300000 -0.02640516
v 0.06244953 0.08300000 -0.02324540
v 0.06350520 0.08300000 -0.02002964
v 0.06439563 0.08300000 -0.01676563
v 0.06512078 0.08300000 -0.01346123
v 0.06568212 0.08300000 -0.01012440
v 0.06608149 0.08300000 -0.00676318
v 0.06632046 0.08300000 -0.00338567
v 0.07820000 0.09950000 0.00000000
v 0.07811150 0.09950000 0.00372914
v 0.07783939 0.09950000 0.00744930
v 0.07736402 0.09950000 0.01115152
v 0.07665375 0.09950000 0.01482686
v 0.07566869 0.09950000 0.01846649
v 0.07436941 0.09950000 0.02206164
v 0.07273174 0.09950000 0.02560363
v 0.07076552 0.09950000 0.02908394
v 0.06852840 0.09950000 0.03249419
v 0.06612205 0.09950000 0.03582615
v 0.06366264 0.09950000 0.03907181
v 0.06123559 0.09950000 0.04222334
v 0.05886289 0.09950000 0.04527315
v 0.05650761 0.09950000 0.04821389
v 0.05410991 0.09950000 0.05103848
v 0.05162280 0.09950000 0.05374012
v 0.04902436 0.09950000 0.05631229
v 0.04631076 0.09950000 0.05874879
v 0.04348605 0.09950000 0.06104377
v 0.04055663 0.09950000 0.06319169
v 0.03752950 0.09950000 0.06518737
v 0.03441196 0.09950000 0.06702602
v 0.03121152 0.09950000 0.06870319
v 0.02793589 0.09950000 0.07021484
v 0.02459296 0.09950000 0.07155735
v 0.02119078 0.09950000 0.07272747
v 0.01773755 0.09950000 0.07372238
v 0.01424159 0.09950000 0.07453968
v 0.01071132 0.09950000 0.07517741
v 0.00715525 0.09950000 0.07563404
v 0.00358194 0.09950000 0.07590845
v 0.00000000 0.09950000 0.07600000
v -0.00358194 0.09950000 0.07590845
v -0.00715525 0.09950000 0.07563404
v -0.01071132 0.09950000 0.07517741
v -0.01424159 0.09950000 0.07453968
v -0.01773755 0.09950000 0.07372238
v -0.02119078 0.09950000 0.07272747
v -0.02459296 0.09950000 0.07155735
v -0.02793589 0.09950000 0.07021484
v -0.03121152 0.09950000 0.06870319
v -0.03441196 0.09950000 0.06702602
v -0.03752950 0.09950000 0.06518737
v -0.04055663 0.09950000 0.06319169
v -0.04348605 0.09950000 0.06104377
v -0.04631071 0.09950000 0.05874879
v -0.04902380 0.09950000 0.05631229
v -0.05161880 0.09950000 0.05374012
v -0.05408943 0.09950000 0.05103848
v -0.05642979 0.09950000 0.04821389
v -0.05863445 0.09950000 0.04527315
v -0.06069963 0.09950000 0.04222334
v -0.06262755 0.09950000 0.03907181
v -0.06443720 0.09950000 0.03582615
v -0.06617789 0.09950000 0.03249419
v -0.06792617 0.09950000 0.02908394
v -0.06974533 0.09950000 0.02560363
v -0.07162295 0.09950000 0.02206164
v -0.07344374 0.09950000 0.01846649
v -0.07503488 0.09950000 0.01482686
v -0.07625232 0.09950000 0.01115152
v -0.07704179 0.09950000 0.00744930
v -0.07744218 0.09950000 0.00372914
v -0.07755000 0.09950000 0.00000000
v -0.07744218 0.09950000 -0.00372914
v -0.07704179 0.09950000 -0.00744930
v -0.07625232 0.09950000 -0.01115152
v -0.07503488 0.09950000 -0.01482686
v -0.07344374 0.09950000 -0.01846649
v -0.07162295 0.09950000 -0.02206164
v -0.06974533 0.09950000 -0.02560363
v -0.06792617 0.09950000 -0.02908394
v -0.06617789 0.09950000 -0.03249419
v -0.06443720 0.09950000 -0.03582615
v -0.06262755 0.09950000 -0.03907181
v -0.06069963 0.09950000 -0.04222334
v -0.05863445 0.09950000 -0.04527315
v -0.05642979 0.09950000 -0.04821389
v -0.05408943 0.09950000 -0.05103848
v -0.05161880 0.09950000 -0.05374012
v -0.04902380 0.09950000 -0.05631229
v -0.04631071 0.09950000 -0.05874879
v -0.04348605 0.09950000 -0.06104377
v -0.04055663 0.09950000 -0.06319169
v -0.03752950 0.09950000 -0.06518737
v -0.03441196 0.09950000 -0.06702602
v -0.03121152 0.09950000 -0.06870319
v -0.02793589 0.09950000 -0.07021484
v -0.02459296 0.09950000 -0.07155735
v -0.02119078 0.09950000 -0.07272747
v -0.01773755 0.09950000 -0.07372238
v -0.01424159 0.09950000 -0.07453968
v -0.01071132 0.09950000 -0.07517741
v -0.00715525 0.09950000 -0.07563404
v -0.00358194 0.09950000 -0.07590845
v -0.00000000 0.09950000 -0.07600000
v 0.00358194 0.09950000 -0.07590845
v 0.00715525 0.09950000 -0.07563404
v 0.01071132 0.09950000 -0.07517741
v 0.01424159 0.09950000 -0.07453968
v 0.01773755 0.09950000 -0.07372238
v 0.02119078 0.09950000 -0.07272747
v 0.02459296 0.09950000 -0.07155735
v 0.02793589 0.09950000 -0.07021484
v 0.03121152 0.09950000 -0.06870319
v 0.03441196 0.09950000 -0.06702602
v 0.03752950 0.09950000 -0.06518737
v 0.04055663 0.09950000 -0.06319169
v 0.04348605 0.09950000 -0.06104377
v 0.04631076 0.09950000 -0.05874879
v 0.04902436 0.09950000 -0.05631229
v 0.05162280 0.09950000 -0.05374012
v 0.05410991 0.09950000 -0.05103848
v 0.05650761 0.09950000 -0.04821389
v 0.05886289 0.09950000 -0.04527315
v 0.06123559 0.09950000 -0.04222334
v 0.06366264 0.09950000 -0.03907181
v 0.06612205 0.09950000 -0.03582615
v 0.06852840 0.09950000 -0.03249419
v 0.07076552 0.09950000 -0.02908394
v 0.07273174 0.09950000 -0.02560363
v 0.07436941 0.09950000 -0.02206164
v 0.07566869 0.09950000 -0.01846649
v 0.07665375 0.09950000 -0.01482686
v 0.07736402 0.09950000 -0.01115152
v 0.07783939 0.09950000 -0.00744930
v 0.07811150 0.09950000 -0.00372914
v 0.08086000 0.10450000 0.00000000
v 0.08077066 0.10450000 0.00377821
v 0.08049321 0.10450000 0.00754732
v 0.07999956 0.10450000 0.01129825
v 0.07924450 0.10450000 0.01502195
v 0.07817099 0.10450000 0.01870947
v 0.07672241 0.10450000 0.02235192
v 0.07486365 0.10450000 0.02594052
v 0.07260750 0.10450000 0.02946662
v 0.07003430 0.10450000 0.03292174
v 0.06728653 0.10450000 0.03629755
v 0.06452701 0.10450000 0.03958591
v 0.06187493 0.10450000 0.04277891
v 0.05935951 0.10450000 0.04586885
v 0.05692645 0.10450000 0.04884828
v 0.05448889 0.10450000 0.05171004
v 0.05197802 0.10450000 0.05444722
v 0.04936038 0.10450000 0.05705324
v 0.04662798 0.10450000 0.05952180
v 0.04378390 0.10450000 0.06184698
v 0.04083441 0.10450000 0.06402316
v 0.03778655 0.10450000 0.06604510
v 0.03464766 0.10450000 0.06790794
v 0.03142530 0.10450000 0.06960718
v 0.02812723 0.10450000 0.07113872
v 0.02476140 0.10450000 0.07249889
v 0.02133592 0.10450000 0.07368441
v 0.01785904 0.10450000 0.07469241
v 0.01433914 0.10450000 0.07552047
v 0.01078469 0.10450000 0.07616659
v 0.00720426 0.10450000 0.07662922
v 0.00360647 0.10450000 0.07690725
v 0.00000000 0.10450000 0.07700000
v -0.00360647 0.10450000 0.07690725
v -0.00720426 0.10450000 0.07662922
v -0.01078469 0.10450000 0.07616659
v -0.01433914 0.10450000 0.07552047
v -0.01785904 0.10450000 0.07469241
v -0.02133592 0.10450000 0.07368441
v -0.02476140 0.10450000 0.07249889
v -0.02812723 0.10450000 0.07113872
v -0.03142530 0.10450000 0.06960718
v -0.03464766 0.10450000 0.06790794
v -0.03778655 0.10450000 0.06604510
v -0.04083441 0.10450000 0.06402316
v -0.04378390 0.10450000 0.06184698
v -0.04662791 0.10450000 0.05952180
v -0.04935958 0.10450000 0.05705324
v -0.05197235 0.10450000 0.05444722
v -0.05445991 0.10450000 0.05171004
v -0.05681631 0.10450000 0.04884828
v -0.05903618 0.10450000 0.04586885
v -0.06111634 0.10450000 0.04277891
v -0.06306196 0.10450000 0.03958591
v -0.06490182 0.10450000 0.03629755
v -0.06670742 0.10450000 0.03292174
v -0.06858873 0.10450000 0.02946662
v -0.07063673 0.10450000 0.02594052
v -0.07283512 0.10450000 0.02235192
v -0.07502182 0.10450000 0.01870947
v -0.07695318 0.10450000 0.01502195
v -0.07842608 0.10450000 0.01129825
v -0.07936429 0.10450000 0.00754732
v -0.07982332 0.10450000 0.00377821
v -0.07994000 0.10450000 0.00000000
v -0.07982332 0.10450000 -0.00377821
v -0.07936429 0.10450000 -0.00754732
v -0.07842608 0.10450000 -0.01129825
v -0.07695318 0.10450000 -0.01502195
v -0.07502182 0.10450000 -0.01870947
v -0.07283512 0.10450000 -0.02235192
v -0.07063673 0.10450000 -0.02594052
v -0.06858873 0.10450000 -0.02946662
v -0.06670742 0.10450000 -0.03292174
v -0.06490182 0.10450000 -0.03629755
v -0.06306196 0.10450000 -0.03958591
v -0.06111634 0.10450000 -0.04277891
v -0.05903618 0.10450000 -0.04586885
v -0.05681631 0.10450000 -0.04884828
v -0.05445991 0.10450000 -0.05171004
v -0.05197235 0.10450000 -0.05444722
v -0.04935958 0.10450000 -0.05705324
v -0.04662791 0.10450000 -0.05952180
v -0.04378390 0.10450000 -0.06184698
v -0.04083441 0.10450000 -0.06402316
v -0.03778655 0.10450000 -0.06604510
v -0.03464766 0.10450000 -0.06790794
v -0.03142530 0.10450000 -0.06960718
v -0.02812723 0.10450000 -0.07113872
v -0.02476140 0.10450000 -0.07249889
v -0.02133592 0.10450000 -0.07368441
v -0.01785904 0.10450000 -0.07469241
v -0.01433914 0.10450000 -0.07552047
v -0.01078469 0.10450000 -0.07616659
v -0.00720426 0.10450000 -0.07662922
v -0.00360647 0.10450000 -0.07690725
v -0.00000000 0.10450000 -0.07700000
v 0.00360647 0.10450000 -0.07690725
v 0.00720426 0.10450000 -0.07662922
v 0.01078469 0.10450000 -0.07616659
v 0.01433914 0.10450000 -0.07552047
v 0.01785904 0.10450000 -0.07469241
v 0.02133592 0.10450000 -0.07368441
v 0.02476140 0.10450000 -0.07249889
v 0.02812723 0.10450000 -0.07113872
v 0.03142530 0.10450000 -0.06960718
v 0.03464766 0.10450000 -0.06790794
v 0.03778655 0.10450000 -0.06604510
v 0.04083441 0.10450000 -0.06402316
v 0.04378390 0.10450000 -0.06184698
v 0.04662798 0.10450000 -0.05952180
v 0.04936038 0.10450000 -0.05705324
v 0.05197802 0.10450000 -0.05444722
v 0.05448889 0.10450000 -0.05171004
v 0.05692645 0.10450000 -0.04884828
v 0.05935951 0.10450000 -0.04586885
v 0.06187493 0.10450000 -0.04277891
v 0.06452701 0.10450000 -0.03958591
v 0.06728653 0.10450000 -0.03629755
v 0.07003430 0.10450000 -0.03292174
v 0.07260750 0.10450000 -0.02946662
v 0.07486365 0.10450000 -0.02594052
v 0.07672241 0.10450000 -0.02235192
v 0.07817099 0.10450000 -0.01870947
v 0.07924450 0.10450000 -0.01502195
v 0.07999956 0.10450000 -0.01129825
v 0.08049321 0.10450000 -0.00754732
v 0.08077066 0.10450000 -0.00377821
v 0.00000000 0.02800000 0.00000000
vn 0.34700619 -0.93786284 0.00000000
vn 0.34658821 -0.93786284 0.01702679
vn 0.34533526 -0.93786284 0.03401255
vn 0.34325037 -0.93786284 0.05091638
vn 0.34033856 -0.93786284 0.06769755
vn 0.33660685 -0.93786284 0.08431563
vn 0.33206422 -0.93786284 0.10073058
vn 0.32672162 -0.93786284 0.11690286
vn 0.32059192 -0.93786284 0.13279352
vn 0.31368988 -0.93786284 0.14836426
vn 0.30603214 -0.93786284 0.16357759
vn 0.29763714 -0.93786284 0.17839683
vn 0.28852510 -0.93786284 0.19278631
vn 0.27871798 -0.93786284 0.20671135
vn 0.26823941 -0.93786284 0.22013840
vn 0.25711463 -0.93786284 0.23303511
vn 0.24537043 -0.93786284 0.24537043
vn 0.23303511 -0.93786284 0.25711463
vn 0.22013840 -0.93786284 0.26823941
vn 0.20671135 -0.93786284 0.27871798
vn 0.19278631 -0.93786284 0.28852510
vn 0.17839683 -0.93786284 0.29763714
vn 0.16357759 -0.93786284 0.30603214
vn 0.14836426 -0.93786284 0.31368988
vn 0.13279352 -0.93786284 0.32059192
vn 0.11690286 -0.93786284 0.32672162
vn 0.10073058 -0.93786284 0.33206422
vn 0.08431563 -0.93786284 0.33660685
vn 0.06769755 -0.93786284 0.34033856
vn 0.05091638 -0.93786284 0.34325037
vn 0.03401255 -0.93786284 0.34533526
vn 0.01702679 -0.93786284 0.34658821
vn -0.00000000 -0.93786284 0.34700619
vn -0.01702679 -0.93786284 0.34658821
vn -0.03401255 -0.93786284 0.34533526
vn -0.05091638 -0.93786284 0.34325037
vn -0.06769755 -0.93786284 0.34033856
vn -0.08431563 -0.93786284 0.33660685
vn -0.10073058 -0.93786284 0.33206422
vn -0.11690286 -0.93786284 0.32672162
vn -0.13279352 -0.93786284 0.32059192
vn -0.14836426 -0.93786284 0.31368988
vn -0.16357759 -0.93786284 0.30603214
vn -0.17839683 -0.93786284 0.29763714
vn -0.19278631 -0.93786284 0.28852510
vn -0.20671135 -0.93786284 0.27871798
vn -0.22013840 -0.93786284 0.26823941
vn -0.23303511 -0.93786284 0.25711463
vn -0.24537043 -0.93786284 0.24537043
vn -0.25711463 -0.93786284 0.23303511
vn -0.26823941 -0.93786284 0.22013840
vn -0.27871798 -0.93786284 0.20671135
vn -0.28852510 -0.93786284 0.19278631
vn -0.29763714 -0.93786284 0.17839683
vn -0.30603214 -0.93786284 0.16357759
vn -0.31368988 -0.93786284 0.14836426
vn -0.32059192 -0.93786284 0.13279352
vn -0.32672162 -0.93786284 0.11690286
vn -0.33206422 -0.93786284 0.10073058
vn -0.33660685 -0.93786284 0.08431563
vn -0.34033856 -0.93786284 0.06769755
vn -0.34325037 -0.93786284 0.05091638
vn -0.34533526 -0.93786284 0.03401255
vn -0.34658821 -0.93786284 0.01702679
vn -0.34700619 -0.93786284 -0.00000000
vn -0.34658821 -0.93786284 -0.01702679
vn -0.34533526 -0.93786284 -0.03401255
vn -0.34325037 -0.93786284 -0.05091638
vn -0.34033856 -0.93786284 -0.06769755
vn -0.33660685 -0.93786284 -0.08431563
vn -0.33206422 -0.93786284 -0.10073058
vn -0.32672162 -0.93786284 -0.11690286
vn -0.32059192 -0.93786284 -0.13279352
vn -0.31368988 -0.93786284 -0.14836426
vn -0.30603214 -0.93786284 -0.16357759
vn -0.29763714 -0.93786284 -0.17839683
vn -0.28852510 -0.93786284 -0.19278631
vn -0.27871798 -0.93786284 -0.20671135
vn -0.26823941 -0.93786284 -0.22013840
vn -0.25711463 -0.93786284 -0.23303511
vn -0.24537043 -0.93786284 -0.24537043
vn -0.23303511 -0.93786284 -0.25711463
vn -0.22013840 -0.93786284 -0.26823941
vn -0.20671135 -0.93786284 -0.27871798
vn -0.19278631 -0.93786284 -0.28852510
vn -0.17839683 -0.93786284 -0.29763714
vn -0.16357759 -0.93786284 -0.30603214
vn -0.14836426 -0.93786284 -0.31368988
vn -0.13279352 -0.93786284 -0.32059192
vn -0.11690286 -0.93786284 -0.32672162
vn -0.10073058 -0.93786284 -0.33206422
vn -0.08431563 -0.93786284 -0.33660685
vn -0.06769755 -0.93786284 -0.34033856
vn -0.05091638 -0.93786284 -0.34325037
vn -0.03401255 -0.93786284 -0.34533526
vn -0.01702679 -0.93786284 -0.34658821
vn 0.00000000 -0.93786284 -0.34700619
vn 0.01702679 -0.93786284 -0.34658821
vn 0.03401255 -0.93786284 -0.34533526
vn 0.05091638 -0.93786284 -0.34325037
vn 0.06769755 -0.93786284 -0.34033856
vn 0.08431563 -0.93786284 -0.33660685
vn 0.10073058 -0.93786284 -0.33206422
vn 0.11690286 -0.93786284 -0.32672162
vn 0.13279352 -0.93786284 -0.32059192
vn 0.14836426 -0.93786284 -0.31368988
vn 0.16357759 -0.93786284 -0.30603214
vn 0.17839683 -0.93786284 -0.29763714
vn 0.19278631 -0.93786284 -0.28852510
vn 0.20671135 -0.93786284 -0.27871798
vn 0.22013840 -0.93786284 -0.26823941
vn 0.23303511 -0.93786284 -0.25711463
vn 0.24537043 -0.93786284 -0.24537043
vn 0.25711463 -0.93786284 -0.23303511
vn 0.26823941 -0.93786284 -0.22013840
vn 0.27871798 -0.93786284 -0.20671135
vn 0.28852510 -0.93786284 -0.19278631
vn 0.29763714 -0.93786284 -0.17839683
vn 0.30603214 -0.93786284 -0.16357759
vn 0.31368988 -0.93786284 -0.14836426
vn 0.32059192 -0.93786284 -0.13279352
vn 0.32672162 -0.93786284 -0.11690286
vn 0.33206422 -0.93786284 -0.10073058
vn 0.33660685 -0.93786284 -0.08431563
vn 0.34033856 -0.93786284 -0.06769755
vn 0.34325037 -0.93786284 -0.05091638
vn 0.34533526 -0.93786284 -0.03401255
vn 0.34658821 -0.93786284 -0.01702679
vn 0.91402982 -0.40564700 -0.00000923
vn 0.91289735 -0.40572311 0.04480155
vn 0.90952336 -0.40590332 0.08949722
vn 0.90391747 -0.40618574 0.13396402
vn 0.89609556 -0.40656742 0.17808898
vn 0.88607967 -0.40704440 0.22176040
vn 0.87389790 -0.40761172 0.26486818
vn 0.85958422 -0.40826352 0.30730420
vn 0.84317833 -0.40899309 0.34896269
vn 0.82472543 -0.40979296 0.38974056
vn 0.80427600 -0.41065498 0.42953766
vn 0.78188555 -0.41157043 0.46825715
vn 0.75761435 -0.41253011 0.50580570
vn 0.73152714 -0.41352444 0.54209370
vn 0.70369284 -0.41454358 0.57703553
vn 0.67418428 -0.41557752 0.61054965
vn 0.64307785 -0.41661619 0.64255881
vn 0.61045323 -0.41764957 0.67299011
vn 0.57639310 -0.41866775 0.70177511
vn 0.54098282 -0.41966109 0.72884989
vn 0.50431018 -0.42062024 0.75415506
vn 0.46646512 -0.42153626 0.77763582
vn 0.42753949 -0.42240070 0.79924191
vn 0.38762677 -0.42320562 0.81892764
vn 0.34682193 -0.42394372 0.83665182
vn 0.30522115 -0.42460831 0.85237775
vn 0.26292168 -0.42519346 0.86607316
vn 0.22002164 -0.42569394 0.87771017
vn 0.17661990 -0.42610531 0.88726528
vn 0.13281591 -0.42642395 0.89471926
vn 0.08870958 -0.42664706 0.90005716
vn 0.04440119 -0.42677268 0.90326829
vn -0.00000878 -0.42679971 0.90434617
vn -0.04441969 -0.42672792 0.90328853
vn -0.08873091 -0.42655794 0.90009730
vn -0.13284187 -0.42629125 0.89477864
vn -0.17665218 -0.42593020 0.88734293
vn -0.22006177 -0.42547796 0.87780483
vn -0.26297099 -0.42493854 0.86618329
vn -0.30528074 -0.42431674 0.85250160
vn -0.34689263 -0.42361810 0.83678743
vn -0.38770913 -0.42284891 0.81907291
vn -0.42763374 -0.42201613 0.79939463
vn -0.46657121 -0.42112737 0.77779370
vn -0.50442772 -0.42019080 0.75431583
vn -0.54111112 -0.41921510 0.72901129
vn -0.57653116 -0.41820941 0.70193497
vn -0.61059978 -0.41718322 0.67314639
vn -0.64323136 -0.41614629 0.64270963
vn -0.67434301 -0.41510860 0.61069334
vn -0.70385485 -0.41408018 0.57717065
vn -0.73169033 -0.41307111 0.54221908
vn -0.75777653 -0.41209131 0.50592043
vn -0.78204447 -0.41115053 0.46836065
vn -0.80442938 -0.41025818 0.42962961
vn -0.82487103 -0.40942326 0.38982096
vn -0.84331399 -0.40865424 0.34903185
vn -0.85970790 -0.40795896 0.30736268
vn -0.87400771 -0.40734458 0.26491682
vn -0.88617392 -0.40681742 0.22180029
vn -0.89617279 -0.40638295 0.17812140
vn -0.90397647 -0.40604568 0.13399044
vn -0.90956322 -0.40580913 0.08951926
vn -0.91291744 -0.40567577 0.04482091
vn -0.91402982 -0.40564700 0.00000923
vn -0.91289735 -0.40572311 -0.04480155
vn -0.90952336 -0.40590332 -0.08949722
vn -0.90391747 -0.40618574 -0.13396402
vn -0.89609556 -0.40656742 -0.17808898
vn -0.88607967 -0.40704440 -0.22176040
vn -0.87389790 -0.40761172 -0.26486818
vn -0.85958422 -0.40826352 -0.30730420
vn -0.84317833 -0.40899309 -0.34896269
vn -0.82472543 -0.40979296 -0.38974056
vn -0.80427600 -0.41065498 -0.42953766
vn -0.78188555 -0.41157043 -0.46825715
vn -0.75761435 -0.41253011 -0.50580570
vn -0.73152714 -0.41352444 -0.54209370
vn -0.70369284 -0.41454358 -0.57703553
vn -0.67418428 -0.41557752 -0.61054965
vn -0.64307785 -0.41661619 -0.64255881
vn -0.61045323 -0.41764957 -0.67299011
vn -0.57639310 -0.41866775 -0.70177511
vn -0.54098282 -0.41966109 -0.72884989
vn -0.50431018 -0.42062024 -0.75415506
vn -0.46646512 -0.42153626 -0.77763582
vn -0.42753949 -0.42240070 -0.79924191
vn -0.38762677 -0.42320562 -0.81892764
vn -0.34682193 -0.42394372 -0.83665182
vn -0.30522115 -0.42460831 -0.85237775
vn -0.26292168 -0.42519346 -0.86607316
vn -0.22002164 -0.42569394 -0.87771017
vn -0.17661990 -0.42610531 -0.88726528
vn -0.13281591 -0.42642395 -0.89471926
vn -0.08870958 -0.42664706 -0.90005716
vn -0.04440119 -0.42677268 -0.90326829
vn 0.00000878 -0.42679971 -0.90434617
vn 0.04441969 -0.42672792 -0.90328853
vn 0.08873091 -0.42655794 -0.90009730
vn 0.13284187 -0.42629125 -0.89477864
vn 0.17665218 -0.42593020 -0.88734293
vn 0.22006177 -0.42547796 -0.87780483
vn 0.26297099 -0.42493854 -0.86618329
vn 0.30528074 -0.42431674 -0.85250160
vn 0.34689263 -0.42361810 -0.83678743
vn 0.38770913 -0.42284891 -0.81907291
vn 0.42763374 -0.42201613 -0.79939463
vn 0.46657121 -0.42112737 -0.77779370
vn 0.50442772 -0.42019080 -0.75431583
vn 0.54111112 -0.41921510 -0.72901129
vn 0.57653116 -0.41820941 -0.70193497
vn 0.61059978 -0.41718322 -0.67314639
vn 0.64323136 -0.41614629 -0.64270963
vn 0.67434301 -0.41510860 -0.61069334
vn 0.70385485 -0.41408018 -0.57717065
vn 0.73169033 -0.41307111 -0.54221908
vn 0.75777653 -0.41209131 -0.50592043
vn 0.78204447 -0.41115053 -0.46836065
vn 0.80442938 -0.41025818 -0.42962961
vn 0.82487103 -0.40942326 -0.38982096
vn 0.84331399 -0.40865424 -0.34903185
vn 0.85970790 -0.40795896 -0.30736268
vn 0.87400771 -0.40734458 -0.26491682
vn 0.88617392 -0.40681742 -0.22180029
vn 0.89617279 -0.40638295 -0.17812140
vn 0.90397647 -0.40604568 -0.13399044
vn 0.90956322 -0.40580913 -0.08951926
vn 0.91291744 -0.40567577 -0.04482091
vn 0.87476879 -0.48454056 -0.00001262
vn 0.87370730 -0.48461994 0.04217896
vn 0.87051795 -0.48486879 0.08426599
vn 0.86520901 -0.48528458 0.12614377
vn 0.85779425 -0.48586314 0.16770819
vn 0.84829293 -0.48659864 0.20885607
vn 0.83672976 -0.48748369 0.24948541
vn 0.82313473 -0.48850939 0.28949576
vn 0.80754311 -0.48966548 0.32878845
vn 0.78999528 -0.49094040 0.36726691
vn 0.77053658 -0.49232147 0.40483695
vn 0.74921718 -0.49379496 0.44140702
vn 0.72609188 -0.49534631 0.47688847
vn 0.70121994 -0.49696023 0.51119579
vn 0.67466481 -0.49862090 0.54424681
vn 0.64649397 -0.50031211 0.57596297
vn 0.61677864 -0.50201741 0.60626943
vn 0.58559355 -0.50372034 0.63509528
vn 0.55301665 -0.50540450 0.66237366
vn 0.51912891 -0.50705379 0.68804188
vn 0.48401398 -0.50865250 0.71204150
vn 0.44775798 -0.51018550 0.73431843
vn 0.41044920 -0.51163834 0.75482294
vn 0.37217789 -0.51299741 0.77350971
vn 0.33303601 -0.51425002 0.79033786
vn 0.29311696 -0.51538456 0.80527089
vn 0.25251544 -0.51639052 0.81827672
vn 0.21132719 -0.51725864 0.82932763
vn 0.16964881 -0.51798095 0.83840027
vn 0.12757764 -0.51855086 0.84547558
vn 0.08521153 -0.51896314 0.85053880
vn 0.04264873 -0.51921406 0.85357943
vn -0.00001224 -0.51930134 0.85459120
vn -0.04267276 -0.51922418 0.85357207
vn -0.08523421 -0.51898331 0.85052423
vn -0.12759810 -0.51858091 0.84545406
vn -0.16966623 -0.51802066 0.83837221
vn -0.21134081 -0.51730769 0.82929357
vn -0.25252460 -0.51644852 0.81823728
vn -0.29312109 -0.51545105 0.80522683
vn -0.33303465 -0.51432447 0.79028999
vn -0.37217072 -0.51307918 0.77345892
vn -0.41043601 -0.51172676 0.75477016
vn -0.44773871 -0.51027981 0.73426464
vn -0.48398872 -0.50875188 0.71198767
vn -0.51909787 -0.50715735 0.68798897
vn -0.55298019 -0.50551130 0.66232261
vn -0.58555214 -0.50382939 0.63504696
vn -0.61673290 -0.50212768 0.60622464
vn -0.64644462 -0.50042253 0.57592243
vn -0.67461265 -0.49873040 0.54421114
vn -0.70116585 -0.49706771 0.51116547
vn -0.72603682 -0.49545067 0.47686389
vn -0.74916211 -0.49389513 0.44138840
vn -0.77048251 -0.49241641 0.40482439
vn -0.78994320 -0.49102910 0.36726035
vn -0.80749399 -0.48974697 0.32878771
vn -0.82308948 -0.48858280 0.28950052
vn -0.83668924 -0.48754820 0.24949523
vn -0.84825792 -0.48665355 0.20887037
vn -0.85776539 -0.48590783 0.16772631
vn -0.86518687 -0.48531855 0.12616495
vn -0.87050295 -0.48489165 0.08428941
vn -0.87369973 -0.48463144 0.04220374
vn -0.87476879 -0.48454056 0.00001262
vn -0.87370730 -0.48461994 -0.04217896
vn -0.87051795 -0.48486879 -0.08426599
vn -0.86520901 -0.48528458 -0.12614377
vn -0.85779425 -0.48586314 -0.16770819
vn -0.84829293 -0.48659864 -0.20885607
vn -0.83672976 -0.48748369 -0.24948541
vn -0.82313473 -0.48850939 -0.28949576
vn -0.80754311 -0.48966548 -0.32878845
vn -0.78999528 -0.49094040 -0.36726691
vn -0.77053658 -0.49232147 -0.40483695
vn -0.74921718 -0.49379496 -0.44140702
vn -0.72609188 -0.49534631 -0.47688847
vn -0.70121994 -0.49696023 -0.51119579
vn -0.67466481 -0.49862090 -0.54424681
vn -0.64649397 -0.50031211 -0.57596297
vn -0.61677864 -0.50201741 -0.60626943
vn -0.58559355 -0.50372034 -0.63509528
vn -0.55301665 -0.50540450 -0.66237366
vn -0.51912891 -0.50705379 -0.68804188
vn -0.48401398 -0.50865250 -0.71204150
vn -0.44775798 -0.51018550 -0.73431843
vn -0.41044920 -0.51163834 -0.75482294
vn -0.37217789 -0.51299741 -0.77350971
vn -0.33303601 -0.51425002 -0.79033786
vn -0.29311696 -0.51538456 -0.80527089
vn -0.25251544 -0.51639052 -0.81827672
vn -0.21132719 -0.51725864 -0.82932763
vn -0.16964881 -0.51798095 -0.83840027
vn -0.12757764 -0.51855086 -0.84547558
vn -0.08521153 -0.51896314 -0.85053880
vn -0.04264873 -0.51921406 -0.85357943
vn 0.00001224 -0.51930134 -0.85459120
vn 0.04267276 -0.51922418 -0.85357207
vn 0.08523421 -0.51898331 -0.85052423
vn 0.12759810 -0.51858091 -0.84545406
vn 0.16966623 -0.51802066 -0.83837221
vn 0.21134081 -0.51730769 -0.82929357
vn 0.25252460 -0.51644852 -0.81823728
vn 0.29312109 -0.51545105 -0.80522683
vn 0.33303465 -0.51432447 -0.79028999
vn 0.37217072 -0.51307918 -0.77345892
vn 0.41043601 -0.51172676 -0.75477016
vn 0.44773871 -0.51027981 -0.73426464
vn 0.48398872 -0.50875188 -0.71198767
vn 0.51909787 -0.50715735 -0.68798897
vn 0.55298019 -0.50551130 -0.66232261
vn 0.58555214 -0.50382939 -0.63504696
vn 0.61673290 -0.50212768 -0.60622464
vn 0.64644462 -0.50042253 -0.57592243
vn 0.67461265 -0.49873040 -0.54421114
vn 0.70116585 -0.49706771 -0.51116547
vn 0.72603682 -0.49545067 -0.47686389
vn 0.74916211 -0.49389513 -0.44138840
vn 0.77048251 -0.49241641 -0.40482439
vn 0.78994320 -0.49102910 -0.36726035
vn 0.80749399 -0.48974697 -0.32878771
vn 0.82308948 -0.48858280 -0.28950052
vn 0.83668924 -0.48754820 -0.24949523
vn 0.84825792 -0.48665355 -0.20887037
vn 0.85776539 -0.48590783 -0.16772631
vn 0.86518687 -0.48531855 -0.12616495
vn 0.87050295 -0.48489165 -0.08428941
vn 0.87369973 -0.48463144 -0.04220374
vn 0.89904018 -0.43786614 -0.00000167
vn 0.89802295 -0.43784944 0.04292599
vn 0.89497059 -0.43779759 0.08579575
vn 0.88992657 -0.43761511 0.12854459
vn 0.88295086 -0.43716996 0.17111458
vn 0.87410875 -0.43631879 0.21344743
vn 0.86345302 -0.43495147 0.25547231
vn 0.85100183 -0.43305129 0.29708999
vn 0.83672030 -0.43074968 0.33816247
vn 0.82051791 -0.42833702 0.37852048
vn 0.80227153 -0.42619488 0.41799320
vn 0.78187230 -0.42465784 0.45644433
vn 0.75927766 -0.42387708 0.49378706
vn 0.73453826 -0.42377993 0.52996615
vn 0.70777943 -0.42415305 0.56492697
vn 0.67915062 -0.42477456 0.59859921
vn 0.64878210 -0.42549588 0.63090018
vn 0.61677364 -0.42624540 0.66174401
vn 0.58320635 -0.42699529 0.69104658
vn 0.54815686 -0.42773375 0.71872658
vn 0.51170443 -0.42845292 0.74470576
vn 0.47393304 -0.42914574 0.76890923
vn 0.43493170 -0.42980544 0.79126589
vn 0.39479430 -0.43042554 0.81170889
vn 0.35361944 -0.43099998 0.83017607
vn 0.31151018 -0.43152308 0.84661044
vn 0.26857366 -0.43198969 0.86096056
vn 0.22492082 -0.43239521 0.87318097
vn 0.18066585 -0.43273561 0.88323255
vn 0.13592585 -0.43300752 0.89108285
vn 0.09082019 -0.43320826 0.89670636
vn 0.04547003 -0.43333582 0.90008474
vn -0.00000226 -0.43338895 0.90120698
vn -0.04547377 -0.43336712 0.90006948
vn -0.09082157 -0.43327057 0.89667612
vn -0.13592338 -0.43310025 0.89103816
vn -0.18065812 -0.43285786 0.88317422
vn -0.22490656 -0.43254583 0.87311004
vn -0.26855179 -0.43216725 0.86087828
vn -0.31147978 -0.43172587 0.84651823
vn -0.35357984 -0.43122607 0.83007552
vn -0.39474504 -0.43067278 0.81160169
vn -0.43487260 -0.43007145 0.79115382
vn -0.47386415 -0.42942799 0.76879410
vn -0.51162606 -0.42874869 0.74458938
vn -0.54806957 -0.42804020 0.71861070
vn -0.58311098 -0.42730941 0.69093288
vn -0.61667174 -0.42656342 0.66163405
vn -0.64867844 -0.42580944 0.63079522
vn -0.67906286 -0.42505478 0.59849985
vn -0.70776159 -0.42430709 0.56483362
vn -0.73471451 -0.42357654 0.52988443
vn -0.75985828 -0.42288574 0.49374390
vn -0.78311013 -0.42229930 0.45651048
vn -0.80434495 -0.42197568 0.41828905
vn -0.82339158 -0.42219927 0.37917552
vn -0.84008204 -0.42330379 0.33922864
vn -0.85434454 -0.42545693 0.29846576
vn -0.86627156 -0.42844837 0.25691551
vn -0.87609706 -0.43169795 0.21468773
vn -0.88408812 -0.43452347 0.17198124
vn -0.89042152 -0.43646756 0.12901778
vn -0.89511946 -0.43745862 0.08597154
vn -0.89806568 -0.43775930 0.04295143
vn -0.89910230 -0.43773857 -0.00002753
vn -0.89821720 -0.43743077 -0.04312984
vn -0.89556614 -0.43647233 -0.08633190
vn -0.89127719 -0.43456831 -0.12951970
vn -0.88534410 -0.43174247 -0.17252324
vn -0.87759982 -0.42841059 -0.21513465
vn -0.86777050 -0.42524880 -0.25717274
vn -0.85559886 -0.42287676 -0.29853949
vn -0.84096514 -0.42156407 -0.33920696
vn -0.82392392 -0.42118241 -0.37915004
vn -0.80463950 -0.42140190 -0.41830099
vn -0.78328602 -0.42192168 -0.45655788
vn -0.75999064 -0.42256719 -0.49381291
vn -0.73483477 -0.42326567 -0.52996607
vn -0.70787802 -0.42399199 -0.56492433
vn -0.67917591 -0.42473559 -0.59859816
vn -0.64878691 -0.42548885 -0.63089997
vn -0.61677429 -0.42624449 -0.66174399
vn -0.58320641 -0.42699521 -0.69104658
vn -0.54815686 -0.42773374 -0.71872658
vn -0.51170443 -0.42845292 -0.74470576
vn -0.47393304 -0.42914574 -0.76890923
vn -0.43493170 -0.42980544 -0.79126589
vn -0.39479430 -0.43042554 -0.81170889
vn -0.35361944 -0.43099998 -0.83017607
vn -0.31151018 -0.43152308 -0.84661044
vn -0.26857366 -0.43198969 -0.86096056
vn -0.22492082 -0.43239521 -0.87318097
vn -0.18066585 -0.43273561 -0.88323255
vn -0.13592585 -0.43300752 -0.89108285
vn -0.09082019 -0.43320826 -0.89670636
vn -0.04547003 -0.43333582 -0.90008474
vn 0.00000226 -0.43338895 -0.90120698
vn 0.04547377 -0.43336712 -0.90006948
vn 0.09082157 -0.43327057 -0.89667612
vn 0.13592338 -0.43310025 -0.89103816
vn 0.18065812 -0.43285786 -0.88317422
vn 0.22490656 -0.43254583 -0.87311004
vn 0.26855179 -0.43216725 -0.86087828
vn 0.31147978 -0.43172587 -0.84651823
vn 0.35357984 -0.43122607 -0.83007552
vn 0.39474504 -0.43067278 -0.81160169
vn 0.43487260 -0.43007145 -0.79115382
vn 0.47386415 -0.42942799 -0.76879410
vn 0.51162605 -0.42874870 -0.74458938
vn 0.54806951 -0.42804026 -0.71861070
vn 0.58311041 -0.42731014 -0.69093292
vn 0.61666745 -0.42656913 -0.66163436
vn 0.64865582 -0.42584178 -0.63079665
vn 0.67897417 -0.42519146 -0.59850338
vn 0.70749316 -0.42475359 -0.56483432
vn 0.73406411 -0.42473953 -0.52985491
vn 0.75855727 -0.42536743 -0.49361261
vn 0.78090912 -0.42673515 -0.45615574
vn 0.80114338 -0.42872608 -0.41756823
vn 0.81935105 -0.43103090 -0.37798971
vn 0.83564432 -0.43327304 -0.33759894
vn 0.85011097 -0.43514974 -0.29657385
vn 0.86278851 -0.43651013 -0.25505862
vn 0.87366279 -0.43735376 -0.21315493
vn 0.88268361 -0.43778027 -0.17093297
vn 0.88978582 -0.43792938 -0.12844867
vn 0.89490730 -0.43793451 -0.08575717
vn 0.89800080 -0.43789553 -0.04291925
vn 0.87472787 -0.48461443 0.00000850
vn 0.87386849 -0.48432326 0.04224739
vn 0.87136502 -0.48316721 0.08527861
vn 0.86742729 -0.48032883 0.12982341
vn 0.86231668 -0.47460220 0.17652958
vn 0.85628343 -0.46455399 0.22576157
vn 0.84949418 -0.44887728 0.27725227
vn 0.84199339 -0.42698956 0.32973785
vn 0.83374338 -0.39973259 0.38090134
vn 0.82468357 -0.36971585 0.42802710
vn 0.81460388 -0.34080358 0.46933297
vn 0.80281496 -0.31678578 0.50510881
vn 0.78807303 -0.29990546 0.53758498
vn 0.76912262 -0.29010612 0.56946364
vn 0.74546271 -0.28552815 0.60229480
vn 0.71758150 -0.28385048 0.63600762
vn 0.68647422 -0.28337979 0.66966338
vn 0.65301063 -0.28328102 0.70237381
vn 0.61768758 -0.28326587 0.73363649
vn 0.58073095 -0.28326428 0.76322533
vn 0.54225767 -0.28326437 0.79102333
vn 0.50236060 -0.28326471 0.81694242
vn 0.46113350 -0.28326515 0.84090234
vn 0.41867544 -0.28326563 0.86282759
vn 0.37509110 -0.28326607 0.88264772
vn 0.33049050 -0.28326642 0.90029782
vn 0.28498870 -0.28326661 0.91571910
vn 0.23870530 -0.28326658 0.92885942
vn 0.19176400 -0.28326627 0.93967377
vn 0.14429198 -0.28326564 0.94812467
vn 0.09641932 -0.28326466 0.95418261
vn 0.04827828 -0.28326331 0.95782624
vn 0.00000264 -0.28326157 0.95904269
vn -0.04827310 -0.28325946 0.95782764
vn -0.09641441 -0.28325701 0.95418537
vn -0.14428751 -0.28325427 0.94812875
vn -0.19176013 -0.28325128 0.93967908
vn -0.23870218 -0.28324812 0.92886585
vn -0.28498646 -0.28324486 0.91572652
vn -0.33048925 -0.28324161 0.90030609
vn -0.37509091 -0.28323844 0.88265667
vn -0.41867639 -0.28323544 0.86283704
vn -0.46113561 -0.28323272 0.84091211
vn -0.50236388 -0.28323034 0.81695233
vn -0.54226213 -0.28322840 0.79103316
vn -0.58073716 -0.28322694 0.76323446
vn -0.61770173 -0.28322603 0.73363996
vn -0.65307464 -0.28322569 0.70233662
vn -0.68678069 -0.28322596 0.66941417
vn -0.71875011 -0.28322724 0.63496505
vn -0.74891386 -0.28323366 0.59908825
vn -0.77717645 -0.28327643 0.56191745
vn -0.80331447 -0.28352032 0.52373857
vn -0.82675316 -0.28458146 0.48527580
vn -0.84636525 -0.28808426 0.44796577
vn -0.86072809 -0.29696062 0.41347496
vn -0.86903854 -0.31450126 0.38191749
vn -0.87199059 -0.34204046 0.35020100
vn -0.87165123 -0.37704238 0.31315042
vn -0.87039896 -0.41353211 0.26720188
vn -0.86990348 -0.44484099 0.21303622
vn -0.87073886 -0.46670788 0.15491156
vn -0.87253881 -0.47861282 0.09800917
vn -0.87436732 -0.48306329 0.04616984
vn -0.87528588 -0.48360580 -0.00025205
vn -0.87531284 -0.48119744 -0.04771228
vn -0.87542270 -0.47265038 -0.10117667
vn -0.87627379 -0.45461921 -0.15957953
vn -0.87784891 -0.42623339 -0.21841792
vn -0.87958038 -0.39051563 -0.27172760
vn -0.88055231 -0.35382235 -0.31533693
vn -0.87935086 -0.32295166 -0.34992040
vn -0.87416486 -0.30186571 -0.38041147
vn -0.86364718 -0.29035432 -0.41207756
vn -0.84767828 -0.28541578 -0.44719053
vn -0.82720236 -0.28377592 -0.48498195
vn -0.80342375 -0.28335976 -0.52365783
vn -0.77718929 -0.28327954 -0.56189813
vn -0.74890748 -0.28326737 -0.59908028
vn -0.71874148 -0.28326540 -0.63495780
vn -0.68677245 -0.28326470 -0.66940623
vn -0.65306719 -0.28326430 -0.70232797
vn -0.61769520 -0.28326413 -0.73363075
vn -0.58073165 -0.28326416 -0.76322485
vn -0.54225772 -0.28326437 -0.79102330
vn -0.50236061 -0.28326471 -0.81694242
vn -0.46113350 -0.28326515 -0.84090234
vn -0.41867544 -0.28326563 -0.86282759
vn -0.37509110 -0.28326607 -0.88264772
vn -0.33049050 -0.28326642 -0.90029782
vn -0.28498870 -0.28326661 -0.91571910
vn -0.23870530 -0.28326658 -0.92885942
vn -0.19176400 -0.28326627 -0.93967377
vn -0.14429198 -0.28326564 -0.94812467
vn -0.09641932 -0.28326466 -0.95418261
vn -0.04827828 -0.28326331 -0.95782624
vn -0.00000264 -0.28326157 -0.95904269
vn 0.04827310 -0.28325946 -0.95782764
vn 0.09641441 -0.28325701 -0.95418537
vn 0.14428751 -0.28325427 -0.94812875
vn 0.19176013 -0.28325128 -0.93967908
vn 0.23870218 -0.28324812 -0.92886585
vn 0.28498646 -0.28324486 -0.91572652
vn 0.33048925 -0.28324161 -0.90030609
vn 0.37509091 -0.28323844 -0.88265667
vn 0.41867639 -0.28323544 -0.86283704
vn 0.46113561 -0.28323272 -0.84091211
vn 0.50236388 -0.28323034 -0.81695233
vn 0.54226206 -0.28322843 -0.79103319
vn 0.58073602 -0.28322759 -0.76323509
vn 0.61768957 -0.28323352 -0.73364731
vn 0.65298695 -0.28328535 -0.70239408
vn 0.68633480 -0.28356704 -0.66972701
vn 0.71708647 -0.28468044 -0.63619497
vn 0.74418957 -0.28800181 -0.60269133
vn 0.76660869 -0.29568684 -0.56998281
vn 0.78409186 -0.30985842 -0.53776177
vn 0.79753192 -0.33127450 -0.50418255
vn 0.80847340 -0.35849550 -0.46674591
vn 0.81827318 -0.38821429 -0.42393238
vn 0.82766356 -0.41652889 -0.37613390
vn 0.83682043 -0.44037242 -0.32527480
vn 0.84559993 -0.45830120 -0.27371660
vn 0.85372262 -0.47041263 -0.22331514
vn 0.86087574 -0.47776160 -0.17503376
vn 0.86676404 -0.48173823 -0.12902862
vn 0.87113919 -0.48363434 -0.08493721
vn 0.87382314 -0.48441330 -0.04215284
vn 0.91461367 -0.40432887 -0.00003598
vn 0.91355470 -0.40420194 0.04515088
vn 0.91020582 -0.40314400 0.09486980
vn 0.90373412 -0.39976782 0.15313502
vn 0.89266462 -0.39188273 0.22266074
vn 0.87518983 -0.37694297 0.30324374
vn 0.85039281 -0.35300214 0.39015581
vn 0.82015506 -0.31990544 0.47434817
vn 0.78997663 -0.27986894 0.54553671
vn 0.76701195 -0.23686301 0.59631248
vn 0.75623143 -0.19535432 0.62446034
vn 0.75724408 -0.15942337 0.63337635
vn 0.76373173 -0.13236104 0.63181833
vn 0.76652381 -0.11597394 0.63165758
vn 0.75880618 -0.10964011 0.64202198
vn 0.73920632 -0.11051364 0.66434987
vn 0.71058743 -0.11522194 0.69411052
vn 0.67667990 -0.12139927 0.72620006
vn 0.63988577 -0.12792523 0.75774754
vn 0.60120361 -0.13440359 0.78771181
vn 0.56096063 -0.14069813 0.81579851
vn 0.51929691 -0.14673511 0.84190233
vn 0.47632307 -0.15245292 0.86595291
vn 0.43214981 -0.15779445 0.88788932
vn 0.38689072 -0.16270686 0.90765745
vn 0.34066184 -0.16714206 0.92520973
vn 0.29358117 -0.17105705 0.94050496
vn 0.24576809 -0.17441433 0.95350809
vn 0.19734303 -0.17718205 0.96418994
vn 0.14842710 -0.17933421 0.97252693
vn 0.09914192 -0.18085073 0.97850084
vn 0.04960943 -0.18171754 0.98209859
vn -0.00004816 -0.18192660 0.98331211
vn -0.04970849 -0.18147593 0.98213826
vn -0.09924902 -0.18036959 0.97857879
vn -0.14854713 -0.17861772 0.97264046
vn -0.19748016 -0.17623649 0.96433515
vn -0.24592558 -0.17324810 0.95368008
vn -0.29376116 -0.16968068 0.94069806
vn -0.34086526 -0.16556819 0.92541777
vn -0.38711719 -0.16095025 0.90787405
vn -0.43239773 -0.15587184 0.88810820
vn -0.47658964 -0.15038298 0.86616816
vn -0.51957832 -0.14453826 0.84210870
vn -0.56125254 -0.13839630 0.81599145
vn -0.60150513 -0.13201902 0.78788486
vn -0.64023375 -0.12547098 0.75786396
vn -0.67734156 -0.11881845 0.72601004
vn -0.71273772 -0.11212868 0.69241036
vn -0.74633559 -0.10546949 0.65716008
vn -0.77803301 -0.09891405 0.62038750
vn -0.80759733 -0.09257757 0.58242247
vn -0.83425921 -0.08678211 0.54450018
vn -0.85592203 -0.08252668 0.51047705
vn -0.86873551 -0.08224336 0.48840008
vn -0.86857790 -0.09004841 0.48730249
vn -0.85493097 -0.11028785 0.50688227
vn -0.83511769 -0.14500851 0.53061378
vn -0.82317565 -0.19292979 0.53400369
vn -0.83026836 -0.24967977 0.49831161
vn -0.85527012 -0.30716526 0.41732783
vn -0.88514556 -0.35469777 0.30117574
vn -0.90599794 -0.38488704 0.17615247
vn -0.91429868 -0.39855207 0.07220926
vn -0.91559670 -0.40209768 -0.00037690
vn -0.91396563 -0.39888154 -0.07456774
vn -0.90485605 -0.38564285 -0.18031951
vn -0.88288780 -0.35664970 -0.30546705
vn -0.85245963 -0.31183097 -0.41961175
vn -0.82830966 -0.25760144 -0.49753854
vn -0.82310789 -0.20242676 -0.53058157
vn -0.83671977 -0.15351350 -0.52567445
vn -0.85704007 -0.11639486 -0.50193083
vn -0.87016568 -0.09401070 -0.48370826
vn -0.86952191 -0.08502083 -0.48652144
vn -0.85612326 -0.08488684 -0.50975209
vn -0.83417023 -0.08908808 -0.54426404
vn -0.80739798 -0.09493664 -0.58231911
vn -0.77779203 -0.10133411 -0.62029908
vn -0.74607220 -0.10793176 -0.65705936
vn -0.71245839 -0.11460900 -0.69229172
vn -0.67705119 -0.12129163 -0.72587190
vn -0.63993751 -0.12791175 -0.75770612
vn -0.60120848 -0.13440244 -0.78770829
vn -0.56096092 -0.14069807 -0.81579832
vn -0.51929692 -0.14673511 -0.84190232
vn -0.47632307 -0.15245292 -0.86595291
vn -0.43214981 -0.15779445 -0.88788932
vn -0.38689072 -0.16270686 -0.90765745
vn -0.34066184 -0.16714206 -0.92520973
vn -0.29358117 -0.17105705 -0.94050496
vn -0.24576809 -0.17441433 -0.95350809
vn -0.19734303 -0.17718205 -0.96418994
vn -0.14842710 -0.17933421 -0.97252693
vn -0.09914192 -0.18085073 -0.97850084
vn -0.04960943 -0.18171754 -0.98209859
vn 0.00004816 -0.18192660 -0.98331211
vn 0.04970849 -0.18147593 -0.98213826
vn 0.09924902 -0.18036959 -0.97857879
vn 0.14854713 -0.17861772 -0.97264046
vn 0.19748016 -0.17623649 -0.96433515
vn 0.24592558 -0.17324810 -0.95368008
vn 0.29376116 -0.16968068 -0.94069806
vn 0.34086526 -0.16556819 -0.92541777
vn 0.38711719 -0.16095025 -0.90787405
vn 0.43239773 -0.15587184 -0.88810820
vn 0.47658964 -0.15038298 -0.86616816
vn 0.51957831 -0.14453827 -0.84210870
vn 0.56125221 -0.13839636 -0.81599167
vn 0.60149972 -0.13202010 -0.78788881
vn 0.64017658 -0.12548357 -0.75791017
vn 0.67693503 -0.11891877 -0.72637270
vn 0.71071119 -0.11269815 -0.69439811
vn 0.73898914 -0.10786020 -0.66502724
vn 0.75798356 -0.10658253 -0.64350687
vn 0.76501991 -0.11198505 -0.63419546
vn 0.76191118 -0.12685666 -0.63513679
vn 0.75584315 -0.15227729 -0.63679884
vn 0.75593192 -0.18729218 -0.62728667
vn 0.76802815 -0.22921894 -0.59798950
vn 0.79195044 -0.27381620 -0.54574646
vn 0.82239908 -0.31581513 -0.47320245
vn 0.85231629 -0.35047924 -0.38822835
vn 0.87655274 -0.37536966 -0.30125223
vn 0.89351086 -0.39083415 -0.22110407
vn 0.90420959 -0.39905441 -0.15218605
vn 0.91044663 -0.40269541 -0.09446343
vn 0.91365275 -0.40398588 -0.04510048
vn 0.64541984 0.76382801 -0.00009500
vn 0.64514758 0.76340111 0.03167546
vn 0.64372751 0.76223767 0.06788691
vn 0.63879684 0.76115410 0.11217409
vn 0.62623022 0.76173355 0.16612556
vn 0.60115684 0.76622004 0.22697424
vn 0.56113046 0.77666501 0.28622381
vn 0.50987584 0.79343456 0.33239768
vn 0.45704463 0.81443373 0.35750231
vn 0.41279399 0.83615992 0.36116161
vn 0.38252180 0.85549496 0.34900637
vn 0.36600926 0.87042688 0.32923284
vn 0.35979425 0.87973466 0.31082958
vn 0.35945776 0.88307005 0.30162460
vn 0.36010569 0.88163296 0.30503641
vn 0.35748922 0.87775913 0.31896764
vn 0.35020568 0.87332040 0.33862584
vn 0.33928802 0.86899360 0.36018575
vn 0.32603258 0.86479610 0.38187754
vn 0.31105601 0.86066332 0.40311637
vn 0.29452281 0.85659653 0.42367286
vn 0.27646805 0.85263280 0.44337651
vn 0.25692074 0.84881740 0.46206141
vn 0.23592906 0.84519602 0.47956351
vn 0.21356301 0.84181298 0.49572347
vn 0.18991393 0.83871037 0.51038968
vn 0.16509331 0.83592731 0.52342118
vn 0.13923115 0.83349925 0.53469028
vn 0.11247394 0.83145733 0.54408484
vn 0.08498238 0.82982791 0.55151032
vn 0.05692875 0.82863206 0.55689139
vn 0.02849417 0.82788529 0.56017321
vn -0.00013428 0.82759727 0.56132231
vn -0.02876658 0.82777170 0.56032713
vn -0.05721279 0.82840625 0.55719816
vn -0.08528599 0.82949260 0.55196769
vn -0.11280526 0.83101659 0.54468926
vn -0.13959851 0.83295843 0.53543674
vn -0.16550516 0.83529303 0.52430297
vn -0.19037860 0.83799038 0.51139819
vn -0.21408844 0.84101613 0.49684808
vn -0.23652246 0.84433208 0.48079150
vn -0.25758818 0.84789692 0.46337798
vn -0.27721400 0.85166692 0.44476493
vn -0.29535002 0.85559675 0.42511477
vn -0.31196820 0.85964021 0.40459183
vn -0.32706216 0.86375111 0.38335931
vn -0.34064641 0.86788401 0.36157623
vn -0.35275495 0.87199498 0.33939461
vn -0.36343726 0.87604292 0.31695767
vn -0.37273619 0.87999529 0.29440791
vn -0.38057558 0.88385402 0.27196377
vn -0.38641173 0.88771525 0.25029504
vn -0.38881029 0.89173855 0.23157917
vn -0.38624570 0.89560119 0.22070971
vn -0.38020138 0.89738267 0.22394476
vn -0.37691515 0.89347128 0.24422131
vn -0.38383456 0.88072339 0.27748393
vn -0.40759316 0.85835622 0.31159655
vn -0.45481871 0.82776964 0.32853823
vn -0.52487372 0.79319115 0.30879666
vn -0.59894798 0.76330568 0.24212758
vn -0.64827010 0.74733322 0.14573583
vn -0.66296011 0.74639056 0.05818106
vn -0.66071319 0.75063827 -0.00051295
vn -0.66334618 0.74577562 -0.06156751
vn -0.64911251 0.74538622 -0.15182998
vn -0.60050084 0.75994422 -0.24876399
vn -0.52769122 0.78945059 -0.31354383
vn -0.45907756 0.82488647 -0.32986376
vn -0.41288550 0.85669617 -0.30918803
vn -0.38916246 0.88002146 -0.27224036
vn -0.38100533 0.89341778 -0.23799079
vn -0.38237166 0.89774522 -0.21873601
vn -0.38670279 0.89622130 -0.21736681
vn -0.38820529 0.89251264 -0.22960367
vn -0.38533817 0.88857894 -0.24888140
vn -0.37936619 0.88477533 -0.27065460
vn -0.37152061 0.88095915 -0.29305871
vn -0.36225788 0.87703916 -0.31554958
vn -0.35162948 0.87301380 -0.33794026
vn -0.33958620 0.86891499 -0.36009438
vn -0.32607535 0.86478322 -0.38187019
vn -0.31106008 0.86066198 -0.40311610
vn -0.29452306 0.85659644 -0.42367287
vn -0.27646806 0.85263280 -0.44337651
vn -0.25692074 0.84881740 -0.46206141
vn -0.23592906 0.84519602 -0.47956351
vn -0.21356301 0.84181298 -0.49572347
vn -0.18991393 0.83871037 -0.51038968
vn -0.16509331 0.83592731 -0.52342118
vn -0.13923115 0.83349925 -0.53469028
vn -0.11247394 0.83145733 -0.54408484
vn -0.08498238 0.82982791 -0.55151032
vn -0.05692875 0.82863206 -0.55689139
vn -0.02849417 0.82788529 -0.56017321
vn 0.00013428 0.82759727 -0.56132231
vn 0.02876658 0.82777170 -0.56032713
vn 0.05721279 0.82840625 -0.55719816
vn 0.08528599 0.82949260 -0.55196769
vn 0.11280526 0.83101659 -0.54468926
vn 0.13959851 0.83295843 -0.53543674
vn 0.16550516 0.83529303 -0.52430297
vn 0.19037860 0.83799038 -0.51139819
vn 0.21408844 0.84101613 -0.49684808
vn 0.23652246 0.84433208 -0.48079150
vn 0.25758818 0.84789692 -0.46337798
vn 0.27721399 0.85166693 -0.44476494
vn 0.29534972 0.85559684 -0.42511480
vn 0.31196327 0.85964163 -0.40459262
vn 0.32701088 0.86376481 -0.38337220
vn 0.34029243 0.86796865 -0.36170635
vn 0.35107958 0.87233304 -0.34026195
vn 0.35786216 0.87688233 -0.32095491
vn 0.35942304 0.88100907 -0.30763306
vn 0.35728303 0.88290286 -0.30468243
vn 0.35617842 0.88023024 -0.31357881
vn 0.36151936 0.87170755 -0.33080161
vn 0.37790521 0.85755154 -0.34898856
vn 0.40866455 0.83886793 -0.35957459
vn 0.45378015 0.81752563 -0.35459190
vn 0.50759931 0.79645843 -0.32862883
vn 0.55972570 0.77912381 -0.28226448
vn 0.60039679 0.76782845 -0.22352441
vn 0.62591910 0.76252455 -0.16365081
vn 0.63877787 0.76137600 -0.11076741
vn 0.64384210 0.76218833 -0.06735198
vn 0.64524927 0.76331483 -0.03168365
vn -0.83089974 0.55642216 0.00001042
vn -0.82985047 0.55649836 -0.04071586
vn -0.82673738 0.55667786 -0.08133303
vn -0.82157036 0.55695869 -0.12173395
vn -0.81436561 0.55733777 -0.16181242
vn -0.80514554 0.55781093 -0.20146371
vn -0.79393856 0.55837304 -0.24058493
vn -0.78077895 0.55901800 -0.27907546
vn -0.76570652 0.55973888 -0.31683736
vn -0.74876639 0.56052801 -0.35377569
vn -0.73000868 0.56137707 -0.38979881
vn -0.70948814 0.56227719 -0.42481871
vn -0.68726385 0.56321909 -0.45875119
vn -0.66339884 0.56419317 -0.49151606
vn -0.63795974 0.56518963 -0.52303733
vn -0.61101641 0.56619859 -0.55324326
vn -0.58264160 0.56721016 -0.58206649
vn -0.55291058 0.56821460 -0.60944405
vn -0.52190087 0.56920235 -0.63531737
vn -0.48969187 0.57016417 -0.65963224
vn -0.45636461 0.57109116 -0.68233880
vn -0.42200148 0.57197489 -0.70339141
vn -0.38668601 0.57280744 -0.72274862
vn -0.35050262 0.57358142 -0.74037306
vn -0.31353648 0.57429007 -0.75623131
vn -0.27587335 0.57492727 -0.77029379
vn -0.23759943 0.57548757 -0.78253471
vn -0.19880127 0.57596623 -0.79293188
vn -0.15956565 0.57635923 -0.80146668
vn -0.11997958 0.57666330 -0.80812396
vn -0.08013018 0.57687593 -0.81289195
vn -0.04010469 0.57699535 -0.81576221
vn 0.00000959 0.57702060 -0.81672960
vn 0.04012530 0.57695145 -0.81579224
vn 0.08015505 0.57678850 -0.81295154
vn 0.12001142 0.57653306 -0.80821216
vn 0.15960703 0.57618726 -0.80158208
vn 0.19885452 0.57575397 -0.79307266
vn 0.23766660 0.57523681 -0.78269866
vn 0.27595616 0.57464014 -0.77047837
vn 0.31363626 0.57396902 -0.75643365
vn 0.35062028 0.57322923 -0.74059008
vn 0.38682204 0.57242718 -0.72297706
vn 0.42215589 0.57156995 -0.70362789
vn 0.45653692 0.57066515 -0.68257990
vn 0.48988115 0.56972097 -0.65987459
vn 0.52210572 0.56874606 -0.63555766
vn 0.55312917 0.56774947 -0.60967915
vn 0.58287166 0.56674060 -0.58229350
vn 0.61125535 0.56572911 -0.55345955
vn 0.63820461 0.56472481 -0.52324063
vn 0.66364645 0.56373760 -0.49170448
vn 0.68751081 0.56277734 -0.45892325
vn 0.70973094 0.56185373 -0.42497340
vn 0.73024374 0.56097624 -0.38993556
vn 0.74899017 0.56015397 -0.35389441
vn 0.76591555 0.55939556 -0.31693845
vn 0.78096995 0.55870902 -0.27915975
vn 0.79410849 0.55810170 -0.24065370
vn 0.80529163 0.55758016 -0.20151862
vn 0.81448549 0.55715005 -0.16185548
vn 0.82166206 0.55681608 -0.12176746
vn 0.82679937 0.55658191 -0.08135956
vn 0.82988172 0.55645012 -0.04073812
vn 0.83089974 0.55642216 -0.00001042
vn 0.82985047 0.55649836 0.04071586
vn 0.82673738 0.55667786 0.08133303
vn 0.82157036 0.55695869 0.12173395
vn 0.81436561 0.55733777 0.16181242
vn 0.80514554 0.55781093 0.20146371
vn 0.79393856 0.55837304 0.24058493
vn 0.78077895 0.55901800 0.27907546
vn 0.76570652 0.55973888 0.31683736
vn 0.74876639 0.56052801 0.35377569
vn 0.73000868 0.56137707 0.38979881
vn 0.70948814 0.56227719 0.42481871
vn 0.68726385 0.56321909 0.45875119
vn 0.66339884 0.56419317 0.49151606
vn 0.63795974 0.56518963 0.52303733
vn 0.61101641 0.56619859 0.55324326
vn 0.58264160 0.56721016 0.58206649
vn 0.55291058 0.56821460 0.60944405
vn 0.52190087 0.56920235 0.63531737
vn 0.48969187 0.57016417 0.65963224
vn 0.45636461 0.57109116 0.68233880
vn 0.42200148 0.57197489 0.70339141
vn 0.38668601 0.57280744 0.72274862
vn 0.35050262 0.57358142 0.74037306
vn 0.31353648 0.57429007 0.75623131
vn 0.27587335 0.57492727 0.77029379
vn 0.23759943 0.57548757 0.78253471
vn 0.19880127 0.57596623 0.79293188
vn 0.15956565 0.57635923 0.80146668
vn 0.11997958 0.57666330 0.80812396
vn 0.08013018 0.57687593 0.81289195
vn 0.04010469 0.57699535 0.81576221
vn -0.00000959 0.57702060 0.81672960
vn -0.04012530 0.57695145 0.81579224
vn -0.08015505 0.57678850 0.81295154
vn -0.12001142 0.57653306 0.80821216
vn -0.15960703 0.57618726 0.80158208
vn -0.19885452 0.57575397 0.79307266
vn -0.23766660 0.57523681 0.78269866
vn -0.27595616 0.57464014 0.77047837
vn -0.31363626 0.57396902 0.75643365
vn -0.35062028 0.57322923 0.74059008
vn -0.38682204 0.57242718 0.72297706
vn -0.42215589 0.57156995 0.70362789
vn -0.45653692 0.57066515 0.68257990
vn -0.48988115 0.56972097 0.65987459
vn -0.52210572 0.56874606 0.63555766
vn -0.55312917 0.56774947 0.60967915
vn -0.58287166 0.56674060 0.58229350
vn -0.61125535 0.56572911 0.55345955
vn -0.63820461 0.56472481 0.52324063
vn -0.66364645 0.56373760 0.49170448
vn -0.68751081 0.56277734 0.45892325
vn -0.70973094 0.56185373 0.42497340
vn -0.73024374 0.56097624 0.38993556
vn -0.74899017 0.56015397 0.35389441
vn -0.76591555 0.55939556 0.31693845
vn -0.78096995 0.55870902 0.27915975
vn -0.79410849 0.55810170 0.24065370
vn -0.80529163 0.55758016 0.20151862
vn -0.81448549 0.55715005 0.16185548
vn -0.82166206 0.55681608 0.12176746
vn -0.82679937 0.55658191 0.08135956
vn -0.82988172 0.55645012 0.04073812
vn -0.72900744 0.68450578 0.00000821
vn -0.72812245 0.68456035 -0.03485425
vn -0.72545960 0.68473357 -0.06962981
vn -0.72102595 0.68502366 -0.10423132
vn -0.71483334 0.68542764 -0.13857215
vn -0.70689830 0.68594140 -0.17256650
vn -0.69724198 0.68655968 -0.20612967
vn -0.68589007 0.68727619 -0.23917830
vn -0.67287270 0.68808366 -0.27163065
vn -0.65822429 0.68897392 -0.30340684
vn -0.64198343 0.68993802 -0.33442908
vn -0.62419267 0.69096628 -0.36462187
vn -0.60489842 0.69204846 -0.39391220
vn -0.58415070 0.69317383 -0.42222979
vn -0.56200298 0.69433130 -0.44950718
vn -0.53851194 0.69550952 -0.47567993
vn -0.51373732 0.69669703 -0.50068675
vn -0.48774163 0.69788235 -0.52446957
vn -0.46059000 0.69905409 -0.54697370
vn -0.43234993 0.70020107 -0.56814787
vn -0.40309109 0.70131242 -0.58794426
vn -0.37288511 0.70237768 -0.60631863
vn -0.34180537 0.70338689 -0.62323028
vn -0.30992682 0.70433065 -0.63864208
vn -0.27732579 0.70520026 -0.65252050
vn -0.24407981 0.70598771 -0.66483562
vn -0.21026746 0.70668581 -0.67556107
vn -0.17596818 0.70728822 -0.68467407
vn -0.14126215 0.70778946 -0.69215539
vn -0.10623014 0.70818503 -0.69798934
vn -0.07095339 0.70847136 -0.70216376
vn -0.03551347 0.70864588 -0.70467000
vn 0.00000782 0.70870705 -0.70550289
vn 0.03552860 0.70865430 -0.70466077
vn 0.07096697 0.70848814 -0.70214546
vn 0.10624118 0.70821006 -0.69796227
vn 0.14126971 0.70782256 -0.69212000
vn 0.17597140 0.70732914 -0.68463096
vn 0.21026557 0.70673427 -0.67551097
vn 0.24407214 0.70604333 -0.66477936
vn 0.27731180 0.70526263 -0.65245903
vn 0.30990612 0.70439929 -0.63857641
vn 0.34177772 0.70346125 -0.62316151
vn 0.37285043 0.70245716 -0.60624789
vn 0.40304946 0.70139634 -0.58787270
vn 0.43230159 0.70028871 -0.56807662
vn 0.46053537 0.69914468 -0.54690391
vn 0.48768129 0.69797507 -0.52440230
vn 0.51367199 0.69679101 -0.50062300
vn 0.53844249 0.69560385 -0.47562061
vn 0.56193040 0.69442506 -0.44945308
vn 0.58407608 0.69326607 -0.42218157
vn 0.60482294 0.69213823 -0.39387038
vn 0.62411756 0.69105263 -0.36458679
vn 0.64190995 0.69002002 -0.33440094
vn 0.65815372 0.68905068 -0.30338565
vn 0.67280627 0.68815431 -0.27161623
vn 0.68582897 0.68733993 -0.23917033
vn 0.69718732 0.68661577 -0.20612767
vn 0.70685110 0.68598920 -0.17256983
vn 0.71479447 0.68546659 -0.13858003
vn 0.72099614 0.68505328 -0.10424286
vn 0.72543940 0.68475352 -0.06964404
vn 0.72811226 0.68457039 -0.03487011
vn 0.72900744 0.68450578 -0.00000821
vn 0.72812245 0.68456035 0.03485425
vn 0.72545960 0.68473357 0.06962981
vn 0.72102595 0.68502366 0.10423132
vn 0.71483334 0.68542764 0.13857215
vn 0.70689830 0.68594140 0.17256650
vn 0.69724198 0.68655968 0.20612967
vn 0.68589007 0.68727619 0.23917830
vn 0.67287270 0.68808366 0.27163065
vn 0.65822429 0.68897392 0.30340684
vn 0.64198343 0.68993802 0.33442908
vn 0.62419267 0.69096628 0.36462187
vn 0.60489842 0.69204846 0.39391220
vn 0.58415070 0.69317383 0.42222979
vn 0.56200298 0.69433130 0.44950718
vn 0.53851194 0.69550952 0.47567993
vn 0.51373732 0.69669703 0.50068675
vn 0.48774163 0.69788235 0.52446957
vn 0.46059000 0.69905409 0.54697370
vn 0.43234993 0.70020107 0.56814787
vn 0.40309109 0.70131242 0.58794426
vn 0.37288511 0.70237768 0.60631863
vn 0.34180537 0.70338689 0.62323028
vn 0.30992682 0.70433065 0.63864208
vn 0.27732579 0.70520026 0.65252050
vn 0.24407981 0.70598771 0.66483562
vn 0.21026746 0.70668581 0.67556107
vn 0.17596818 0.70728822 0.68467407
vn 0.14126215 0.70778946 0.69215539
vn 0.10623014 0.70818503 0.69798934
vn 0.07095339 0.70847136 0.70216376
vn 0.03551347 0.70864588 0.70467000
vn -0.00000782 0.70870705 0.70550289
vn -0.03552860 0.70865430 0.70466077
vn -0.07096697 0.70848814 0.70214546
vn -0.10624118 0.70821006 0.69796227
vn -0.14126971 0.70782256 0.69212000
vn -0.17597140 0.70732914 0.68463096
vn -0.21026557 0.70673427 0.67551097
vn -0.24407214 0.70604333 0.66477936
vn -0.27731180 0.70526263 0.65245903
vn -0.30990612 0.70439929 0.63857641
vn -0.34177772 0.70346125 0.62316151
vn -0.37285043 0.70245716 0.60624789
vn -0.40304946 0.70139634 0.58787270
vn -0.43230159 0.70028871 0.56807662
vn -0.46053537 0.69914468 0.54690391
vn -0.48768129 0.69797507 0.52440230
vn -0.51367199 0.69679101 0.50062300
vn -0.53844249 0.69560385 0.47562061
vn -0.56193040 0.69442506 0.44945308
vn -0.58407608 0.69326607 0.42218157
vn -0.60482294 0.69213823 0.39387038
vn -0.62411756 0.69105263 0.36458679
vn -0.64190995 0.69002002 0.33440094
vn -0.65815372 0.68905068 0.30338565
vn -0.67280627 0.68815431 0.27161623
vn -0.68582897 0.68733993 0.23917033
vn -0.69718732 0.68661577 0.20612767
vn -0.70685110 0.68598920 0.17256983
vn -0.71479447 0.68546659 0.13858003
vn -0.72099614 0.68505328 0.10424286
vn -0.72543940 0.68475352 0.06964404
vn -0.72811226 0.68457039 0.03487011
vn -0.83195417 0.55484435 0.00000588
vn -0.83098413 0.55489988 -0.03938910
vn -0.82808737 0.55504617 -0.07870869
vn -0.82328647 0.55525168 -0.11787686
vn -0.81661341 0.55547269 -0.15682037
vn -0.80810457 0.55566143 -0.19546706
vn -0.79779274 0.55578030 -0.23374132
vn -0.78569700 0.55582065 -0.27155778
vn -0.77181425 0.55581949 -0.30881622
vn -0.75611812 0.55586194 -0.34540250
vn -0.73857020 0.55605933 -0.38119821
vn -0.71914267 0.55650603 -0.41609477
vn -0.69784201 0.55723810 -0.45000247
vn -0.67471914 0.55822218 -0.48284788
vn -0.64985842 0.55938198 -0.51456373
vn -0.62335449 0.56063901 -0.54508080
vn -0.59529450 0.56193739 -0.57432642
vn -0.56575459 0.56324480 -0.60222673
vn -0.53480551 0.56454233 -0.62870902
vn -0.50251846 0.56581601 -0.65370287
vn -0.46896794 0.56705327 -0.67714079
vn -0.43423249 0.56824202 -0.69895862
vn -0.39839465 0.56937062 -0.71909582
vn -0.36154086 0.57042801 -0.73749583
vn -0.32376121 0.57140376 -0.75410638
vn -0.28514925 0.57228824 -0.76887975
vn -0.24580164 0.57307271 -0.78177313
vn -0.20581790 0.57374937 -0.79274879
vn -0.16530005 0.57431151 -0.80177440
vn -0.12435223 0.57475352 -0.80882317
vn -0.08308030 0.57507100 -0.81387407
vn -0.04159147 0.57526078 -0.81691198
vn 0.00000618 0.57532096 -0.81792775
vn 0.04160411 0.57525093 -0.81691827
vn 0.08309378 0.57505140 -0.81388654
vn 0.12436707 0.57472436 -0.80884160
vn 0.16531675 0.57427307 -0.80179849
vn 0.20583690 0.57370203 -0.79277813
vn 0.24582330 0.57301691 -0.78180722
vn 0.28517386 0.57222453 -0.76891804
vn 0.32378899 0.57133275 -0.75414824
vn 0.36157191 0.57035039 -0.73754063
vn 0.39842900 0.56928715 -0.71914287
vn 0.43427005 0.56815350 -0.69900724
vn 0.46900855 0.56696056 -0.67719030
vn 0.50256185 0.56572000 -0.65375261
vn 0.53485136 0.56444392 -0.62875837
vn 0.56580269 0.56314472 -0.60227514
vn 0.59534574 0.56183498 -0.57437348
vn 0.62341478 0.56052735 -0.54512668
vn 0.64994837 0.55923451 -0.51461042
vn 0.67488885 0.55796967 -0.48290257
vn 0.69818003 0.55674926 -0.45008322
vn 0.71976113 0.55560093 -0.41623493
vn 0.73955776 0.55457769 -0.38144187
vn 0.75747942 0.55376639 -0.34578566
vn 0.77343724 0.55326660 -0.30933946
vn 0.78738084 0.55313205 -0.27216972
vn 0.79932751 0.55331264 -0.23435156
vn 0.80935466 0.55365585 -0.19598528
vn 0.81755567 0.55397903 -0.15719403
vn 0.82398981 0.55415927 -0.11810289
vn 0.82865749 0.55417891 -0.07881936
vn 0.83150751 0.55411233 -0.03943065
vn 0.83247511 0.55406244 0.00000297
vn 0.83155538 0.55403739 0.03947419
vn 0.82881039 0.55393598 0.07891939
vn 0.82429318 0.55367666 0.11824935
vn 0.81800646 0.55326652 0.15735817
vn 0.80989171 0.55282004 0.19612605
vn 0.79985063 0.55252016 0.23443643
vn 0.78779524 0.55253007 0.27219327
vn 0.77369632 0.55291440 0.30932131
vn 0.75759586 0.55362888 0.34575074
vn 0.73957901 0.55457508 0.38140446
vn 0.71973478 0.55566275 0.41619797
vn 0.69813564 0.55683560 0.45004527
vn 0.67483921 0.55806446 0.48286240
vn 0.64989769 0.55933265 0.51456776
vn 0.62336440 0.56062709 0.54508172
vn 0.59529636 0.56193524 0.57432659
vn 0.56575484 0.56324452 0.60222676
vn 0.53480553 0.56454230 0.62870902
vn 0.50251846 0.56581601 0.65370287
vn 0.46896794 0.56705327 0.67714079
vn 0.43423249 0.56824202 0.69895862
vn 0.39839465 0.56937062 0.71909582
vn 0.36154086 0.57042801 0.73749583
vn 0.32376121 0.57140376 0.75410638
vn 0.28514925 0.57228824 0.76887975
vn 0.24580164 0.57307271 0.78177313
vn 0.20581790 0.57374937 0.79274879
vn 0.16530005 0.57431151 0.80177440
vn 0.12435223 0.57475352 0.80882317
vn 0.08308030 0.57507100 0.81387407
vn 0.04159147 0.57526078 0.81691198
vn -0.00000618 0.57532096 0.81792775
vn -0.04160411 0.57525093 0.81691827
vn -0.08309378 0.57505140 0.81388654
vn -0.12436707 0.57472436 0.80884160
vn -0.16531675 0.57427307 0.80179849
vn -0.20583690 0.57370203 0.79277813
vn -0.24582330 0.57301691 0.78180722
vn -0.28517386 0.57222453 0.76891804
vn -0.32378899 0.57133275 0.75414824
vn -0.36157191 0.57035039 0.73754063
vn -0.39842900 0.56928715 0.71914287
vn -0.43427005 0.56815350 0.69900724
vn -0.46900855 0.56696056 0.67719030
vn -0.50256183 0.56572002 0.65375261
vn -0.53485114 0.56444415 0.62875835
vn -0.56580103 0.56314652 0.60227501
vn -0.59533686 0.56184515 0.57437274
vn -0.62337939 0.56057022 0.54512307
vn -0.64983940 0.55937417 0.51459624
vn -0.67462022 0.55833269 0.48285832
vn -0.69763347 0.55752328 0.44997260
vn -0.71882079 0.55698605 0.41600867
vn -0.73816574 0.55669470 0.38105426
vn -0.75568644 0.55656266 0.34521878
vn -0.77141427 0.55648135 0.30862360
vn -0.78537193 0.55636356 0.27138631
vn -0.79756112 0.55616797 0.23360961
vn -0.80796213 0.55589921 0.19537980
vn -0.81654119 0.55559249 0.15677203
vn -0.82326001 0.55529506 0.11785731
vn -0.82808387 0.55505154 0.07870758
vn -0.83098677 0.55489530 0.03939782
vn -0.84748388 0.53082114 -0.00000263
vn -0.84662715 0.53068014 -0.04001334
vn -0.84409669 0.53013504 -0.08035926
vn -0.84006092 0.52874711 -0.12134307
vn -0.83474133 0.52588642 -0.16324947
vn -0.82837062 0.52082790 -0.20625328
vn -0.82113355 0.51294101 -0.25026228
vn -0.81310359 0.50198317 -0.29474640
vn -0.80419646 0.48842383 -0.33868896
vn -0.79414599 0.47360298 -0.38083115
vn -0.78248170 0.45949156 -0.42022600
vn -0.76852777 0.44801910 -0.45677560
vn -0.75153765 0.44028878 -0.49126056
vn -0.73100681 0.43619667 -0.52474900
vn -0.70694343 0.43473823 -0.55788320
vn -0.67982163 0.43472071 -0.59064410
vn -0.65025993 0.43529675 -0.62263855
vn -0.61873402 0.43605348 -0.65347194
vn -0.58551032 0.43684585 -0.68289338
vn -0.55072455 0.43763333 -0.71075983
vn -0.51446577 0.43840273 -0.73697219
vn -0.47681633 0.43914576 -0.76144415
vn -0.43786298 0.43985488 -0.78409419
vn -0.39769888 0.44052289 -0.80484482
vn -0.35642359 0.44114293 -0.82362318
vn -0.31414288 0.44170859 -0.84036169
vn -0.27096833 0.44221397 -0.85499881
vn -0.22701693 0.44265377 -0.86747966
vn -0.18241045 0.44302335 -0.87775665
vn -0.13727487 0.44331878 -0.88579008
vn -0.09173957 0.44353694 -0.89154856
vn -0.04593661 0.44367549 -0.89500943
vn 0.00000022 0.44373296 -0.89615906
vn 0.04593619 0.44370876 -0.89499296
vn 0.09173662 0.44360315 -0.89151592
vn 0.13726777 0.44341728 -0.88574188
vn 0.18239771 0.44315316 -0.87769377
vn 0.22699720 0.44281362 -0.86740323
vn 0.27094045 0.44240229 -0.85491022
vn 0.31410591 0.44192352 -0.84026251
vn 0.35637685 0.44138237 -0.82351512
vn 0.39764193 0.44078449 -0.80472973
vn 0.43779566 0.44013608 -0.78397397
vn 0.47673876 0.43944381 -0.76132076
vn 0.51437836 0.43871473 -0.73684753
vn 0.55062820 0.43795620 -0.71063560
vn 0.58540863 0.43717578 -0.68276941
vn 0.61864663 0.43638118 -0.65333591
vn 0.65027562 0.43558019 -0.62242391
vn 0.68023508 0.43478071 -0.59012369
vn 0.70846818 0.43399238 -0.55652803
vn 0.73490871 0.43323744 -0.52174180
vn 0.75943114 0.43260031 -0.48592316
vn 0.78173362 0.43237375 -0.44938345
vn 0.80120868 0.43331227 -0.41268043
vn 0.81702105 0.43676823 -0.37644403
vn 0.82856495 0.44426377 -0.34074891
vn 0.83602510 0.45642379 -0.30453138
vn 0.84047735 0.47206971 -0.26598498
vn 0.84338888 0.48843077 -0.22389860
vn 0.84595037 0.50244668 -0.17864856
vn 0.84868446 0.51217451 -0.13195439
vn 0.85143762 0.51738227 -0.08584617
vn 0.85360270 0.51924526 -0.04179470
vn 0.85453254 0.51939785 0.00012789
vn 0.85423408 0.51814151 0.04258529
vn 0.85335426 0.51394288 0.08745984
vn 0.85239620 0.50535723 0.13429366
vn 0.85140141 0.49217824 0.18131799
vn 0.84988025 0.47595113 0.22621687
vn 0.84691510 0.45963429 0.26734086
vn 0.84137424 0.44627659 0.30483864
vn 0.83225837 0.43753176 0.34045846
vn 0.81911493 0.43314148 0.37608402
vn 0.80218976 0.43167202 0.41249346
vn 0.78214549 0.43165583 0.44935695
vn 0.75962944 0.43219163 0.48597686
vn 0.73504847 0.43289905 0.52182579
vn 0.70859522 0.43366063 0.55662490
vn 0.68035771 0.43444579 0.59022898
vn 0.65039369 0.43524354 0.62253603
vn 0.61875880 0.43604590 0.65345353
vn 0.58551360 0.43684507 0.68289106
vn 0.55072484 0.43763328 0.71075964
vn 0.51446579 0.43840273 0.73697218
vn 0.47681633 0.43914576 0.76144415
vn 0.43786298 0.43985488 0.78409419
vn 0.39769888 0.44052289 0.80484482
vn 0.35642359 0.44114293 0.82362318
vn 0.31414288 0.44170859 0.84036169
vn 0.27096833 0.44221397 0.85499881
vn 0.22701693 0.44265377 0.86747966
vn 0.18241045 0.44302335 0.87775665
vn 0.13727487 0.44331878 0.88579008
vn 0.09173957 0.44353694 0.89154856
vn 0.04593661 0.44367549 0.89500943
vn -0.00000022 0.44373296 0.89615906
vn -0.04593619 0.44370876 0.89499296
vn -0.09173662 0.44360315 0.89151592
vn -0.13726777 0.44341728 0.88574188
vn -0.18239771 0.44315316 0.87769377
vn -0.22699720 0.44281362 0.86740323
vn -0.27094045 0.44240229 0.85491022
vn -0.31410591 0.44192352 0.84026251
vn -0.35637685 0.44138237 0.82351512
vn -0.39764193 0.44078449 0.80472973
vn -0.43779566 0.44013608 0.78397397
vn -0.47673876 0.43944381 0.76132076
vn -0.51437833 0.43871475 0.73684754
vn -0.55062763 0.43795655 0.71063583
vn -0.58540247 0.43717986 0.68277209
vn -0.61860165 0.43641342 0.65335697
vn -0.65004344 0.43576302 0.62253845
vn -0.67935187 0.43555378 0.59057086
vn -0.70589800 0.43651279 0.55782129
vn -0.72898544 0.43976760 0.52458049
vn -0.74827302 0.44641893 0.49071134
vn -0.76407745 0.45683474 0.45550814
vn -0.77724109 0.47021634 0.41808239
vn -0.78870592 0.48481805 0.37801379
vn -0.79916266 0.49865660 0.33567936
vn -0.80893954 0.51022581 0.29203842
vn -0.81806113 0.51884160 0.24815193
vn -0.82636362 0.52457495 0.20480305
vn -0.83360039 0.52796508 0.16236766
vn -0.83951629 0.52971759 0.12087876
vn -0.84389291 0.53048898 0.08016353
vn -0.84657476 0.53076752 0.03996275
vn -0.85024399 0.52638879 0.00000229
vn -0.84940644 0.52612993 -0.04118255
vn -0.84684057 0.52491918 -0.08556234
vn -0.84225389 0.52163158 -0.13604735
vn -0.83507222 0.51448226 -0.19483940
vn -0.82450959 0.50132810 -0.26240061
vn -0.81005725 0.48040883 -0.33617646
vn -0.79248152 0.45143944 -0.41009202
vn -0.77463721 0.41635154 -0.47601321
vn -0.76079598 0.37889667 -0.52690302
vn -0.75420117 0.34335079 -0.55972389
vn -0.75443789 0.31333824 -0.57675178
vn -0.75678205 0.29120862 -0.58521660
vn -0.75457182 0.27763913 -0.59459052
vn -0.74312099 0.27143743 -0.61163135
vn -0.72188018 0.27013252 -0.63711650
vn -0.69333587 0.27126724 -0.66760726
vn -0.66041348 0.27328971 -0.69940458
vn -0.62492770 0.27552819 -0.73044478
vn -0.58762297 0.27776928 -0.75996281
vn -0.54874873 0.27995183 -0.78771937
vn -0.50842056 0.28204872 -0.81360743
vn -0.46673570 0.28403853 -0.83754397
vn -0.42379480 0.28590124 -0.85945241
vn -0.37970422 0.28761803 -0.87926138
vn -0.33457592 0.28917151 -0.89690512
vn -0.28852702 0.29054583 -0.91232411
vn -0.24167942 0.29172695 -0.92546553
vn -0.19415920 0.29270275 -0.93628377
vn -0.14609609 0.29346318 -0.94474086
vn -0.09762279 0.29400041 -0.95080679
vn -0.04887430 0.29430888 -0.95445984
vn 0.00001283 0.29438539 -0.95568679
vn 0.04890124 0.29422914 -0.95448304
vn 0.09765350 0.29384172 -0.95085269
vn 0.14613293 0.29322713 -0.94480845
vn 0.19420431 0.29239169 -0.93637161
vn 0.24173466 0.29134398 -0.92557174
vn 0.28859390 0.29009477 -0.91244648
vn 0.33465553 0.28865684 -0.89704119
vn 0.37979725 0.28704489 -0.87940848
vn 0.42390146 0.28527532 -0.85960778
vn 0.46685578 0.28336605 -0.83770482
vn 0.50855343 0.28133635 -0.81377102
vn 0.54889353 0.27920657 -0.78788298
vn 0.58778139 0.27699796 -0.76012181
vn 0.62512865 0.27473239 -0.73057257
vn 0.66085336 0.27243215 -0.69932364
vn 0.69487988 0.27011974 -0.66646626
vn 0.72713739 0.26781792 -0.63209555
vn 0.75754662 0.26555292 -0.59632606
vn 0.78594400 0.26337737 -0.55939646
vn 0.81180861 0.26147673 -0.52210794
vn 0.83370798 0.26048833 -0.48690536
vn 0.84894428 0.26205067 -0.45893688
vn 0.85453877 0.26905396 -0.44426733
vn 0.84989399 0.28473152 -0.44340519
vn 0.83934607 0.31094141 -0.44588519
vn 0.83123058 0.34707848 -0.43427209
vn 0.83220228 0.38957361 -0.39455260
vn 0.84193000 0.43168536 -0.32373080
vn 0.85417128 0.46545381 -0.23182788
vn 0.86298189 0.48615547 -0.13753226
vn 0.86690993 0.49501222 -0.05856683
vn 0.86777469 0.49695775 0.00028143
vn 0.86699536 0.49465610 0.06028591
vn 0.86316122 0.48489796 0.14080722
vn 0.85435451 0.46303738 0.23595500
vn 0.84207509 0.42865510 0.32735968
vn 0.83263780 0.38686356 0.39629645
vn 0.83240096 0.34512543 0.43358630
vn 0.84117510 0.30962259 0.44334897
vn 0.85174376 0.28393179 0.44035816
vn 0.85582435 0.26881124 0.44193347
vn 0.84954587 0.26230507 0.45767660
vn 0.83383897 0.26104923 0.48638039
vn 0.81172160 0.26217675 0.52189213
vn 0.78578590 0.26413356 0.55926199
vn 0.75737179 0.26633506 0.59619931
vn 0.72696045 0.26861380 0.63196134
vn 0.69470507 0.27092103 0.66632324
vn 0.66068311 0.27323102 0.69917282
vn 0.62496510 0.27552104 0.73041548
vn 0.58762647 0.27776868 0.75996032
vn 0.54874894 0.27995180 0.78771923
vn 0.50842057 0.28204872 0.81360742
vn 0.46673570 0.28403853 0.83754397
vn 0.42379480 0.28590124 0.85945241
vn 0.37970422 0.28761803 0.87926138
vn 0.33457592 0.28917151 0.89690512
vn 0.28852702 0.29054583 0.91232411
vn 0.24167942 0.29172695 0.92546553
vn 0.19415920 0.29270275 0.93628377
vn 0.14609609 0.29346318 0.94474086
vn 0.09762279 0.29400041 0.95080679
vn 0.04887430 0.29430888 0.95445984
vn -0.00001283 0.29438539 0.95568679
vn -0.04890124 0.29422914 0.95448304
vn -0.09765350 0.29384172 0.95085269
vn -0.14613293 0.29322713 0.94480845
vn -0.19420431 0.29239169 0.93637161
vn -0.24173466 0.29134398 0.92557174
vn -0.28859390 0.29009477 0.91244648
vn -0.33465553 0.28865684 0.89704119
vn -0.37979725 0.28704489 0.87940848
vn -0.42390146 0.28527532 0.85960778
vn -0.46685578 0.28336605 0.83770482
vn -0.50855342 0.28133635 0.81377102
vn -0.54889329 0.27920661 0.78788313
vn -0.58777744 0.27699867 0.76012461
vn -0.62508679 0.27474081 0.73060522
vn -0.66055434 0.27250010 0.69957963
vn -0.69337873 0.27051265 0.66786889
vn -0.72164056 0.26950370 0.63765403
vn -0.74234930 0.27108441 0.61272405
vn -0.75316035 0.27768691 0.59635515
vn -0.75498859 0.29165373 0.58730769
vn -0.75282042 0.31412445 0.57843517
vn -0.75323409 0.34454364 0.56029286
vn -0.76054082 0.38062325 0.52602624
vn -0.77478355 0.41852119 0.47386757
vn -0.79267073 0.45364703 0.40728059
vn -0.81013818 0.48219260 0.33341629
vn -0.82451747 0.50246853 0.26018516
vn -0.83507712 0.51504191 0.19333401
vn -0.84228136 0.52181059 0.13518807
vn -0.84687846 0.52491963 0.08518365
vn -0.84943260 0.52609477 0.04109187
vn -0.67975299 0.73344111 0.00000492
vn -0.67895331 0.73344203 -0.03294221
vn -0.67642121 0.73325770 -0.06919170
vn -0.67191258 0.73214483 -0.11179191
vn -0.66511886 0.72871354 -0.16307509
vn -0.65581254 0.72101567 -0.22371031
vn -0.64425358 0.70705415 -0.29156776
vn -0.63180383 0.68582680 -0.36120011
vn -0.62132445 0.65835645 -0.42487965
vn -0.61660121 0.62768573 -0.47519846
vn -0.62038232 0.59766094 -0.50786531
vn -0.63181950 0.57165238 -0.52346698
vn -0.64533628 0.55206644 -0.52798081
vn -0.65293188 0.54009056 -0.53101990
vn -0.64893627 0.53517060 -0.54080878
vn -0.63290231 0.53513304 -0.55952417
vn -0.60822877 0.53749210 -0.58408903
vn -0.57876090 0.54064850 -0.61052028
vn -0.54682140 0.54395287 -0.63647594
vn -0.51333467 0.54721778 -0.66109017
vn -0.47859329 0.55038684 -0.68412191
vn -0.44271820 0.55342751 -0.70549173
vn -0.40580232 0.55631113 -0.72514991
vn -0.36793711 0.55901087 -0.74305392
vn -0.32921528 0.56150176 -0.75916604
vn -0.28973066 0.56376094 -0.77345313
vn -0.24957797 0.56576782 -0.78588652
vn -0.20885253 0.56750419 -0.79644185
vn -0.16765010 0.56895440 -0.80509896
vn -0.12606666 0.57010544 -0.81184172
vn -0.08419832 0.57094703 -0.81665791
vn -0.04214122 0.57147166 -0.81953905
vn 0.00000855 0.57167469 -0.82048037
vn 0.04215494 0.57155433 -0.81948069
vn 0.08420204 0.57111166 -0.81654240
vn 0.12605404 0.57035063 -0.81167145
vn 0.16761529 0.56927804 -0.80487740
vn 0.20879035 0.56790348 -0.79617349
vn 0.24948405 0.56623927 -0.78557673
vn 0.28960159 0.56430043 -0.77310798
vn 0.32904866 0.56210448 -0.75879215
vn 0.36773166 0.55967143 -0.74265828
vn 0.40555785 0.55702356 -0.72473967
vn 0.44243565 0.55418527 -0.70507403
vn 0.47827491 0.55118290 -0.68370353
vn 0.51298721 0.54804453 -0.66067489
vn 0.54648623 0.54479969 -0.63603939
vn 0.57868806 0.54147914 -0.60985283
vn 0.60951147 0.53811459 -0.58217563
vn 0.63887674 0.53473823 -0.55307462
vn 0.66669233 0.53138171 -0.52264215
vn 0.69277458 0.52807554 -0.49112078
vn 0.71654578 0.52487601 -0.45942063
vn 0.73636634 0.52205331 -0.43037769
vn 0.74891943 0.52067011 -0.40990527
vn 0.74995827 0.52329471 -0.40462976
vn 0.73736414 0.53362266 -0.41417506
vn 0.71503954 0.55459800 -0.42560488
vn 0.69281716 0.58673653 -0.41921907
vn 0.67945845 0.62730403 -0.38055995
vn 0.67585919 0.66941742 -0.30837424
vn 0.67702557 0.70354567 -0.21600896
vn 0.67895361 0.72354838 -0.12449794
vn 0.68086790 0.73060958 -0.05126933
vn 0.68215248 0.73120995 0.00008068
vn 0.67909517 0.73223551 0.05158404
vn 0.67345818 0.72874802 0.12401775
vn 0.66686135 0.71421347 0.21259130
vn 0.66243315 0.68615172 0.30062959
vn 0.66551812 0.64832056 0.36981899
vn 0.68053157 0.60815513 0.40868584
vn 0.70552184 0.57244344 0.41778875
vn 0.73106531 0.54565144 0.40964377
vn 0.74666844 0.52955841 0.40255947
vn 0.74776422 0.52287712 0.40920434
vn 0.73629945 0.52221110 0.43030070
vn 0.71687160 0.52428348 0.45958889
vn 0.69320144 0.52727340 0.49138024
vn 0.66713528 0.53052734 0.52294480
vn 0.63931457 0.53386911 0.55340822
vn 0.60993609 0.53724317 0.58253562
vn 0.57909349 0.54061427 0.61023516
vn 0.54686714 0.54394972 0.63643933
vn 0.51333894 0.54721760 0.66108701
vn 0.47859355 0.55038684 0.68412173
vn 0.44271821 0.55342751 0.70549173
vn 0.40580232 0.55631113 0.72514991
vn 0.36793711 0.55901087 0.74305392
vn 0.32921528 0.56150176 0.75916604
vn 0.28973066 0.56376094 0.77345313
vn 0.24957797 0.56576782 0.78588652
vn 0.20885253 0.56750419 0.79644185
vn 0.16765010 0.56895440 0.80509896
vn 0.12606666 0.57010544 0.81184172
vn 0.08419832 0.57094703 0.81665791
vn 0.04214122 0.57147166 0.81953905
vn -0.00000855 0.57167469 0.82048037
vn -0.04215494 0.57155433 0.81948069
vn -0.08420204 0.57111166 0.81654240
vn -0.12605404 0.57035063 0.81167145
vn -0.16761529 0.56927804 0.80487740
vn -0.20879035 0.56790348 0.79617349
vn -0.24948405 0.56623927 0.78557673
vn -0.28960159 0.56430043 0.77310798
vn -0.32904866 0.56210448 0.75879215
vn -0.36773166 0.55967143 0.74265828
vn -0.40555785 0.55702356 0.72473967
vn -0.44243564 0.55418527 0.70507403
vn -0.47827466 0.55118288 0.68370373
vn -0.51298306 0.54804418 0.66067841
vn -0.54644203 0.54479692 0.63607973
vn -0.57836904 0.54146905 0.61016434
vn -0.60788568 0.53813015 0.58385867
vn -0.63280829 0.53511196 0.55965066
vn -0.64953575 0.53350442 0.54173457
vn -0.65484740 0.53546459 0.53334094
vn -0.64906573 0.54352961 0.53224923
vn -0.63748201 0.55929500 0.52991111
vn -0.62775752 0.58272363 0.51609462
vn -0.62526022 0.61214381 0.48407603
vn -0.63054309 0.64426212 0.43282991
vn -0.64048743 0.67462255 0.36696085
vn -0.65129294 0.69920734 0.29483317
vn -0.66062917 0.71618190 0.22506129
vn -0.66783948 0.72615170 0.16338341
vn -0.67311523 0.73104878 0.11172984
vn -0.67677818 0.73293680 0.06910095
vn -0.67899231 0.73340702 0.03291775
vn 0.00000000 1.00000000 -0.00000000
f 1//1 129//129 130//130
f 1//1 130//130 2//2
f 2//2 130//130 131//131
f 2//2 131//131 3//3
f 3//3 131//131 132//132
f 3//3 132//132 4//4
f 4//4 132//132 133//133
f 4//4 133//133 5//5
f 5//5 133//133 134//134
f 5//5 134//134 6//6
f 6//6 134//134 135//135
f 6//6 135//135 7//7
f 7//7 135//135 136//136
f 7//7 136//136 8//8
f 8//8 136//136 137//137
f 8//8 137//137 9//9
f 9//9 137//137 138//138
f 9//9 138//138 10//10
f 10//10 138//138 139//139
f 10//10 139//139 11//11
f 11//11 139//139 140//140
f 11//11 140//140 12//12
f 12//12 140//140 141//141
f 12//12 141//141 13//13
f 13//13 141//141 142//142
f 13//13 142//142 14//14
f 14//14 142//142 143//143
f 14//14 143//143 15//15
f 15//15 143//143 144//144
f 15//15 144//144 16//16
f 16//16 144//144 145//145
f 16//16 145//145 17//17
f 17//17 145//145 146//146
f 17//17 146//146 18//18
f 18//18 146//146 147//147
f 18//18 147//147 19//19
f 19//19 147//147 148//148
f 19//19 148//148 20//20
f 20//20 148//148 149//149
f 20//20 149//149 21//21
f 21//21 149//149 150//150
f 21//21 150//150 22//22
f 22//22 150//150 151//151
f 22//22 151//151 23//23
f 23//23 151//151 152//152
f 23//23 152//152 24//24
f 24//24 152//152 153//153
f 24//24 153//153 25//25
f 25//25 153//153 154//154
f 25//25 154//154 26//26
f 26//26 154//154 155//155
f 26//26 155//155 27//27
f 27//27 155//155 156//156
f 27//27 156//156 28//28
f 28//28 156//156 157//157
f 28//28 157//157 29//29
f 29//29 157//157 158//158
f 29//29 158//158 30//30
f 30//30 158//158 159//159
f 30//30 159//159 31//31
f 31//31 159//159 160//160
f 31//31 160//160 32//32
f 32//32 160//160 161//161
f 32//32 161//161 33//33
f 33//33 161//161 162//162
f 33//33 162//162 34//34
f 34//34 162//162 163//163
f 34//34 163//163 35//35
f 35//35 163//163 164//164
f 35//35 164//164 36//36
f 36//36 164//164 165//165
f 36//36 165//165 37//37
f 37//37 165//165 166//166
f 37//37 166//166 38//38
f 38//38 166//166 167//167
f 38//38 167//167 39//39
f 39//39 167//167 168//168
f 39//39 168//168 40//40
f 40//40 168//168 169//169
f 40//40 169//169 41//41
f 41//41 169//169 170//170
f 41//41 170//170 42//42
f 42//42 170//170 171//171
f 42//42 171//171 43//43
f 43//43 171//171 172//172
f 43//43 172//172 44//44
f 44//44 172//172 173//173
f 44//44 173//173 45//45
f 45//45 173//173 174//174
f 45//45 174//174 46//46
f 46//46 174//174 175//175
f 46//46 175//175 47//47
f 47//47 175//175 176//176
f 47//47 176//176 48//48
f 48//48 176//176 177//177
f 48//48 177//177 49//49
f 49//49 177//177 178//178
f 49//49 178//178 50//50
f 50//50 178//178 179//179
f 50//50 179//179 51//51
f 51//51 179//179 180//180
f 51//51 180//180 52//52
f 52//52 180//180 181//181
f 52//52 181//181 53//53
f 53//53 181//181 182//182
f 53//53 182//182 54//54
f 54//54 182//182 183//183
f 54//54 183//183 55//55
f 55//55 183//183 184//184
f 55//55 184//184 56//56
f 56//56 184//184 185//185
f 56//56 185//185 57//57
f 57//57 185//185 186//186
f 57//57 186//186 58//58
f 58//58 186//186 187//187
f 58//58 187//187 59//59
f 59//59 187//187 188//188
f 59//59 188//188 60//60
f 60//60 188//188 189//189
f 60//60 189//189 61//61
f 61//61 189//189 190//190
f 61//61 190//190 62//62
f 62//62 190//190 191//191
f 62//62 191//191 63//63
f 63//63 191//191 192//192
f 63//63 192//192 64//64
f 64//64 192//192 193//193
f 64//64 193//193 65//65
f 65//65 193//193 194//194
f 65//65 194//194 66//66
f 66//66 194//194 195//195
f 66//66 195//195 67//67
f 67//67 195//195 196//196
f 67//67 196//196 68//68
f 68//68 196//196 197//197
f 68//68 197//197 69//69
f 69//69 197//197 198//198
f 69//69 198//198 70//70
f 70//70 198//198 199//199
f 70//70 199//199 71//71
f 71//71 199//199 200//200
f 71//71 200//200 72//72
f 72//72 200//200 201//201
f 72//72 201//201 73//73
f 73//73 201//201 202//202
f 73//73 202//202 74//74
f 74//74 202//202 203//203
f 74//74 203//203 75//75
f 75//75 203//203 204//204
f 75//75 204//204 76//76
f 76//76 204//204 205//205
f 76//76 205//205 77//77
f 77//77 205//205 206//206
f 77//77 206//206 78//78
f 78//78 206//206 207//207
f 78//78 207//207 79//79
f 79//79 207//207 208//208
f 79//79 208//208 80//80
f 80//80 208//208 209//209
f 80//80 209//209 81//81
f 81//81 209//209 210//210
f 81//81 210//210 82//82
f 82//82 210//210 211//211
f 82//82 211//211 83//83
f 83//83 211//211 212//212
f 83//83 212//212 84//84
f 84//84 212//212 213//213
f 84//84 213//213 85//85
f 85//85 213//213 214//214
f 85//85 214//214 86//86
f 86//86 214//214 215//215
f 86//86 215//215 87//87
f 87//87 215//215 216//216
f 87//87 216//216 88//88
f 88//88 216//216 217//217
f 88//88 217//217 89//89
f 89//89 217//217 218//218
f 89//89 218//218 90//90
f 90//90 218//218 219//219
f 90//90 219//219 91//91
f 91//91 219//219 220//220
f 91//91 220//220 92//92
f 92//92 220//220 221//221
f 92//92 221//221 93//93
f 93//93 221//221 222//222
f 93//93 222//222 94//94
f 94//94 222//222 223//223
f 94//94 223//223 95//95
f 95//95 223//223 224//224
f 95//95 224//224 96//96
f 96//96 224//224 225//225
f 96//96 225//225 97//97
f 97//97 225//225 226//226
f 97//97 226//226 98//98
f 98//98 226//226 227//227
f 98//98 227//227 99//99
f 99//99 227//227 228//228
f 99//99 228//228 100//100
f 100//100 228//228 229//229
f 100//100 229//229 101//101
f 101//101 229//229 230//230
f 101//101 230//230 102//102
f 102//102 230//230 231//231
f 102//102 231//231 103//103
f 103//103 231//231 232//232
f 103//103 232//232 104//104
f 104//104 232//232 233//233
f 104//104 233//233 105//105
f 105//105 233//233 234//234
f 105//105 234//234 106//106
f 106//106 234//234 235//235
f 106//106 235//235 107//107
f 107//107 235//235 236//236
f 107//107 236//236 108//108
f 108//108 236//236 237//237
f 108//108 237//237 109//109
f 109//109 237//237 238//238
f 109//109 238//238 110//110
f 110//110 238//238 239//239
f 110//110 239//239 111//111
f 111//111 239//239 240//240
f 111//111 240//240 112//112
f 112//112 240//240 241//241
f 112//112 241//241 113//113
f 113//113 241//241 242//242
f 113//113 242//242 114//114
f 114//114 242//242 243//243
f 114//114 243//243 115//115
f 115//115 243//243 244//244
f 115//115 244//244 116//116
f 116//116 244//244 245//245
f 116//116 245//245 117//117
f 117//117 245//245 246//246
f 117//117 246//246 118//118
f 118//118 246//246 247//247
f 118//118 247//247 119//119
f 119//119 247//247 248//248
f 119//119 248//248 120//120
f 120//120 248//248 249//249
f 120//120 249//249 121//121
f 121//121 249//249 250//250
f 121//121 250//250 122//122
f 122//122 250//250 251//251
f 122//122 251//251 123//123
f 123//123 251//251 252//252
f 123//123 252//252 124//124
f 124//124 252//252 253//253
f 124//124 253//253 125//125
f 125//125 253//253 254//254
f 125//125 254//254 126//126
f 126//126 254//254 255//255
f 126//126 255//255 127//127
f 127//127 255//255 256//256
f 127//127 256//256 128//128
f 128//128 256//256 129//129
f 128//128 129//129 1//1
f 129//129 257//257 258//258
f 129//129 258//258 130//130
f 130//130 258//258 259//259
f 130//130 259//259 131//131
f 131//131 259//259 260//260
f 131//131 260//260 132//132
f 132//132 260//260 261//261
f 132//132 261//261 133//133
f 133//133 261//261 262//262
f 133//133 262//262 134//134
f 134//134 262//262 263//263
f 134//134 263//263 135//135
f 135//135 263//263 264//264
f 135//135 264//264 136//136
f 136//136 264//264 265//265
f 136//136 265//265 137//137
f 137//137 265//265 266//266
f 137//137 266//266 138//138
f 138//138 266//266 267//267
f 138//138 267//267 139//139
f 139//139 267//267 268//268
f 139//139 268//268 140//140
f 140//140 268//268 269//269
f 140//140 269//269 141//141
f 141//141 269//269 270//270
f 141//141 270//270 142//142
f 142//142 270//270 271//271
f 142//142 271//271 143//143
f 143//143 271//271 272//272
f 143//143 272//272 144//144
f 144//144 272//272 273//273
f 144//144 273//273 145//145
f 145//145 273//273 274//274
f 145//145 274//274 146//146
f 146//146 274//274 275//275
f 146//146 275//275 147//147
f 147//147 275//275 276//276
f 147//147 276//276 148//148
f 148//148 276//276 277//277
f 148//148 277//277 149//149
f 149//149 277//277 278//278
f 149//149 278//278 150//150
f 150//150 278//278 279//279
f 150//150 279//279 151//151
f 151//151 279//279 280//280
f 151//151 280//280 152//152
f 152//152 280//280 281//281
f 152//152 281//281 153//153
f 153//153 281//281 282//282
f 153//153 282//282 154//154
f 154//154 282//282 283//283
f 154//154 283//283 155//155
f 155//155 283//283 284//284
f 155//155 284//284 156//156
f 156//156 284//284 285//285
f 156//156 285//285 157//157
f 157//157 285//285 286//286
f 157//157 286//286 158//158
f 158//158 286//286 287//287
f 158//158 287//287 159//159
f 159//159 287//287 288//288
f 159//159 288//288 160//160
f 160//160 288//288 289//289
f 160//160 289//289 161//161
f 161//161 289//289 290//290
f 161//161 290//290 162//162
f 162//162 290//290 291//291
f 162//162 291//291 163//163
f 163//163 291//291 292//292
f 163//163 292//292 164//164
f 164//164 292//292 293//293
f 164//164 293//293 165//165
f 165//165 293//293 294//294
f 165//165 294//294 166//166
f 166//166 294//294 295//295
f 166//166 295//295 167//167
f 167//167 295//295 296//296
f 167//167 296//296 168//168
f 168//168 296//296 297//297
f 168//168 297//297 169//169
f 169//169 297//297 298//298
f 169//169 298//298 170//170
f 170//170 298//298 299//299
f 170//170 299//299 171//171
f 171//171 299//299 300//300
f 171//171 300//300 172//172
f 172//172 300//300 301//301
f 172//172 301//301 173//173
f 173//173 301//301 302//302
f 173//173 302//302 174//174
f 174//174 302//302 303//303
f 174//174 303//303 175//175
f 175//175 303//303 304//304
f 175//175 304//304 176//176
f 176//176 304//304 305//305
f 176//176 305//305 177//177
f 177//177 305//305 306//306
f 177//177 306//306 178//178
f 178//178 306//306 307//307
f 178//178 307//307 179//179
f 179//179 307//307 308//308
f 179//179 308//308 180//180
f 180//180 308//308 309//309
f 180//180 309//309 181//181
f 181//181 309//309 310//310
f 181//181 310//310 182//182
f 182//182 310//310 311//311
f 182//182 311//311 183//183
f 183//183 311//311 312//312
f 183//183 312//312 184//184
f 184//184 312//312 313//313
f 184//184 313//313 185//185
f 185//185 313//313 314//314
f 185//185 314//314 186//186
f 186//186 314//314 315//315
f 186//186 315//315 187//187
f 187//187 315//315 316//316
f 187//187 316//316 188//188
f 188//188 316//316 317//317
f 188//188 317//317 189//189
f 189//189 317//317 318//318
f 189//189 318//318 190//190
f 190//190 318//318 319//319
f 190//190 319//319 191//191
f 191//191 319//319 320//320
f 191//191 320//320 192//192
f 192//192 320//320 321//321
f 192//192 321//321 193//193
f 193//193 321//321 322//322
f 193//193 322//322 194//194
f 194//194 322//322 323//323
f 194//194 323//323 195//195
f 195//195 323//323 324//324
f 195//195 324//324 196//196
f 196//196 324//324 325//325
f 196//196 325//325 197//197
f 197//197 325//325 326//326
f 197//197 326//326 198//198
f 198//198 326//326 327//327
f 198//198 327//327 199//199
f 199//199 327//327 328//328
f 199//199 328//328 200//200
f 200//200 328//328 329//329
f 200//200 329//329 201//201
f 201//201 329//329 330//330
f 201//201 330//330 202//202
f 202//202 330//330 331//331
f 202//202 331//331 203//203
f 203//203 331//331 332//332
f 203//203 332//332 204//204
f 204//204 332//332 333//333
f 204//204 333//333 205//205
f 205//205 333//333 334//334
f 205//205 334//334 206//206
f 206//206 334//334 335//335
f 206//206 335//335 207//207
f 207//207 335//335 336//336
f 207//207 336//336 208//208
f 208//208 336//336 337//337
f 208//208 337//337 209//209
f 209//209 337//337 338//338
f 209//209 338//338 210//210
f 210//210 338//338 339//339
f 210//210 339//339 211//211
f 211//211 339//339 340//340
f 211//211 340//340 212//212
f 212//212 340//340 341//341
f 212//212 341//341 213//213
f 213//213 341//341 342//342
f 213//213 342//342 214//214
f 214//214 342//342 343//343
f 214//214 343//343 215//215
f 215//215 343//343 344//344
f 215//215 344//344 216//216
f 216//216 344//344 345//345
f 216//216 345//345 217//217
f 217//217 345//345 346//346
f 217//217 346//346 218//218
f 218//218 346//346 347//347
f 218//218 347//347 219//219
f 219//219 347//347 348//348
f 219//219 348//348 220//220
f 220//220 348//348 349//349
f 220//220 349//349 221//221
f 221//221 349//349 350//350
f 221//221 350//350 222//222
f 222//222 350//350 351//351
f 222//222 351//351 223//223
f 223//223 351//351 352//352
f 223//223 352//352 224//224
f 224//224 352//352 353//353
f 224//224 353//353 225//225
f 225//225 353//353 354//354
f 225//225 354//354 226//226
f 226//226 354//354 355//355
f 226//226 355//355 227//227
f 227//227 355//355 356//356
f 227//227 356//356 228//228
f 228//228 356//356 357//357
f 228//228 357//357 229//229
f 229//229 357//357 358//358
f 229//229 358//358 230//230
f 230//230 358//358 359//359
f 230//230 359//359 231//231
f 231//231 359//359 360//360
f 231//231 360//360 232//232
f 232//232 360//360 361//361
f 232//232 361//361 233//233
f 233//233 361//361 362//362
f 233//233 362//362 234//234
f 234//234 362//362 363//363
f 234//234 363//363 235//235
f 235//235 363//363 364//364
f 235//235 364//364 236//236
f 236//236 364//364 365//365
f 236//236 365//365 237//237
f 237//237 365//365 366//366
f 237//237 366//366 238//238
f 238//238 366//366 367//367
f 238//238 367//367 239//239
f 239//239 367//367 368//368
f 239//239 368//368 240//240
f 240//240 368//368 369//369
f 240//240 369//369 241//241
f 241//241 369//369 370//370
f 241//241 370//370 242//242
f 242//242 370//370 371//371
f 242//242 371//371 243//243
f 243//243 371//371 372//372
f 243//243 372//372 244//244
f 244//244 372//372 373//373
f 244//244 373//373 245//245
f 245//245 373//373 374//374
f 245//245 374//374 246//246
f 246//246 374//374 375//375
f 246//246 375//375 247//247
f 247//247 375//375 376//376
f 247//247 376//376 248//248
f 248//248 376//376 377//377
f 248//248 377//377 249//249
f 249//249 377//377 378//378
f 249//249 378//378 250//250
f 250//250 378//378 379//379
f 250//250 379//379 251//251
f 251//251 379//379 380//380
f 251//251 380//380 252//252
f 252//252 380//380 381//381
f 252//252 381//381 253//253
f 253//253 381//381 382//382
f 253//253 382//382 254//254
f 254//254 382//382 383//383
f 254//254 383//383 255//255
f 255//255 383//383 384//384
f 255//255 384//384 256//256
f 256//256 384//384 257//257
f 256//256 257//257 129//129
f 257//257 385//385 386//386
f 257//257 386//386 258//258
f 258//258 386//386 387//387
f 258//258 387//387 259//259
f 259//259 387//387 388//388
f 259//259 388//388 260//260
f 260//260 388//388 389//389
f 260//260 389//389 261//261
f 261//261 389//389 390//390
f 261//261 390//390 262//262
f 262//262 390//390 391//391
f 262//262 391//391 263//263
f 263//263 391//391 392//392
f 263//263 392//392 264//264
f 264//264 392//392 393//393
f 264//264 393//393 265//265
f 265//265 393//393 394//394
f 265//265 394//394 266//266
f 266//266 394//394 395//395
f 266//266 395//395 267//267
f 267//267 395//395 396//396
f 267//267 396//396 268//268
f 268//268 396//396 397//397
f 268//268 397//397 269//269
f 269//269 397//397 398//398
f 269//269 398//398 270//270
f 270//270 398//398 399//399
f 270//270 399//399 271//271
f 271//271 399//399 400//400
f 271//271 400//400 272//272
f 272//272 400//400 401//401
f 272//272 401//401 273//273
f 273//273 401//401 402//402
f 273//273 402//402 274//274
f 274//274 402//402 403//403
f 274//274 403//403 275//275
f 275//275 403//403 404//404
f 275//275 404//404 276//276
f 276//276 404//404 405//405
f 276//276 405//405 277//277
f 277//277 405//405 406//406
f 277//277 406//406 278//278
f 278//278 406//406 407//407
f 278//278 407//407 279//279
f 279//279 407//407 408//408
f 279//279 408//408 280//280
f 280//280 408//408 409//409
f 280//280 409//409 281//281
f 281//281 409//409 410//410
f 281//281 410//410 282//282
f 282//282 410//410 411//411
f 282//282 411//411 283//283
f 283//283 411//411 412//412
f 283//283 412//412 284//284
f 284//284 412//412 413//413
f 284//284 413//413 285//285
f 285//285 413//413 414//414
f 285//285 414//414 286//286
f 286//286 414//414 415//415
f 286//286 415//415 287//287
f 287//287 415//415 416//416
f 287//287 416//416 288//288
f 288//288 416//416 417//417
f 288//288 417//417 289//289
f 289//289 417//417 418//418
f 289//289 418//418 290//290
f 290//290 418//418 419//419
f 290//290 419//419 291//291
f 291//291 419//419 420//420
f 291//291 420//420 292//292
f 292//292 420//420 421//421
f 292//292 421//421 293//293
f 293//293 421//421 422//422
f 293//293 422//422 294//294
f 294//294 422//422 423//423
f 294//294 423//423 295//295
f 295//295 423//423 424//424
f 295//295 424//424 296//296
f 296//296 424//424 425//425
f 296//296 425//425 297//297
f 297//297 425//425 426//426
f 297//297 426//426 298//298
f 298//298 426//426 427//427
f 298//298 427//427 299//299
f 299//299 427//427 428//428
f 299//299 428//428 300//300
f 300//300 428//428 429//429
f 300//300 429//429 301//301
f 301//301 429//429 430//430
f 301//301 430//430 302//302
f 302//302 430//430 431//431
f 302//302 431//431 303//303
f 303//303 431//431 432//432
f 303//303 432//432 304//304
f 304//304 432//432 433//433
f 304//304 433//433 305//305
f 305//305 433//433 434//434
f 305//305 434//434 306//306
f 306//306 434//434 435//435
f 306//306 435//435 307//307
f 307//307 435//435 436//436
f 307//307 436//436 308//308
f 308//308 436//436 437//437
f 308//308 437//437 309//309
f 309//309 437//437 438//438
f 309//309 438//438 310//310
f 310//310 438//438 439//439
f 310//310 439//439 311//311
f 311//311 439//439 440//440
f 311//311 440//440 312//312
f 312//312 440//440 441//441
f 312//312 441//441 313//313
f 313//313 441//441 442//442
f 313//313 442//442 314//314
f 314//314 442//442 443//443
f 314//314 443//443 315//315
f 315//315 443//443 444//444
f 315//315 444//444 316//316
f 316//316 444//444 445//445
f 316//316 445//445 317//317
f 317//317 445//445 446//446
f 317//317 446//446 318//318
f 318//318 446//446 447//447
f 318//318 447//447 319//319
f 319//319 447//447 448//448
f 319//319 448//448 320//320
f 320//320 448//448 449//449
f 320//320 449//449 321//321
f 321//321 449//449 450//450
f 321//321 450//450 322//322
f 322//322 450//450 451//451
f 322//322 451//451 323//323
f 323//323 451//451 452//452
f 323//323 452//452 324//324
f 324//324 452//452 453//453
f 324//324 453//453 325//325
f 325//325 453//453 454//454
f 325//325 454//454 326//326
f 326//326 454//454 455//455
f 326//326 455//455 327//327
f 327//327 455//455 456//456
f 327//327 456//456 328//328
f 328//328 456//456 457//457
f 328//328 457//457 329//329
f 329//329 457//457 458//458
f 329//329 458//458 330//330
f 330//330 458//458 459//459
f 330//330 459//459 331//331
f 331//331 459//459 460//460
f 331//331 460//460 332//332
f 332//332 460//460 461//461
f 332//332 461//461 333//333
f 333//333 461//461 462//462
f 333//333 462//462 334//334
f 334//334 462//462 463//463
f 334//334 463//463 335//335
f 335//335 463//463 464//464
f 335//335 464//464 336//336
f 336//336 464//464 465//465
f 336//336 465//465 337//337
f 337//337 465//465 466//466
f 337//337 466//466 338//338
f 338//338 466//466 467//467
f 338//338 467//467 339//339
f 339//339 467//467 468//468
f 339//339 468//468 340//340
f 340//340 468//468 469//469
f 340//340 469//469 341//341
f 341//341 469//469 470//470
f 341//341 470//470 342//342
f 342//342 470//470 471//471
f 342//342 471//471 343//343
f 343//343 471//471 472//472
f 343//343 472//472 344//344
f 344//344 472//472 473//473
f 344//344 473//473 345//345
f 345//345 473//473 474//474
f 345//345 474//474 346//346
f 346//346 474//474 475//475
f 346//346 475//475 347//347
f 347//347 475//475 476//476
f 347//347 476//476 348//348
f 348//348 476//476 477//477
f 348//348 477//477 349//349
f 349//349 477//477 478//478
f 349//349 478//478 350//350
f 350//350 478//478 479//479
f 350//350 479//479 351//351
f 351//351 479//479 480//480
f 351//351 480//480 352//352
f 352//352 480//480 481//481
f 352//352 481//481 353//353
f 353//353 481//481 482//482
f 353//353 482//482 354//354
f 354//354 482//482 483//483
f 354//354 483//483 355//355
f 355//355 483//483 484//484
f 355//355 484//484 356//356
f 356//356 484//484 485//485
f 356//356 485//485 357//357
f 357//357 485//485 486//486
f 357//357 486//486 358//358
f 358//358 486//486 487//487
f 358//358 487//487 359//359
f 359//359 487//487 488//488
f 359//359 488//488 360//360
f 360//360 488//488 489//489
f 360//360 489//489 361//361
f 361//361 489//489 490//490
f 361//361 490//490 362//362
f 362//362 490//490 491//491
f 362//362 491//491 363//363
f 363//363 491//491 492//492
f 363//363 492//492 364//364
f 364//364 492//492 493//493
f 364//364 493//493 365//365
f 365//365 493//493 494//494
f 365//365 494//494 366//366
f 366//366 494//494 495//495
f 366//366 495//495 367//367
f 367//367 495//495 496//496
f 367//367 496//496 368//368
f 368//368 496//496 497//497
f 368//368 497//497 369//369
f 369//369 497//497 498//498
f 369//369 498//498 370//370
f 370//370 498//498 499//499
f 370//370 499//499 371//371
f 371//371 499//499 500//500
f 371//371 500//500 372//372
f 372//372 500//500 501//501
f 372//372 501//501 373//373
f 373//373 501//501 502//502
f 373//373 502//502 374//374
f 374//374 502//502 503//503
f 374//374 503//503 375//375
f 375//375 503//503 504//504
f 375//375 504//504 376//376
f 376//376 504//504 505//505
f 376//376 505//505 377//377
f 377//377 505//505 506//506
f 377//377 506//506 378//378
f 378//378 506//506 507//507
f 378//378 507//507 379//379
f 379//379 507//507 508//508
f 379//379 508//508 380//380
f 380//380 508//508 509//509
f 380//380 509//509 381//381
f 381//381 509//509 510//510
f 381//381 510//510 382//382
f 382//382 510//510 511//511
f 382//382 511//511 383//383
f 383//383 511//511 512//512
f 383//383 512//512 384//384
f 384//384 512//512 385//385
f 384//384 385//385 257//257
f 385//385 513//513 514//514
f 385//385 514//514 386//386
f 386//386 514//514 515//515
f 386//386 515//515 387//387
f 387//387 515//515 516//516
f 387//387 516//516 388//388
f 388//388 516//516 517//517
f 388//388 517//517 389//389
f 389//389 517//517 518//518
f 389//389 518//518 390//390
f 390//390 518//518 519//519
f 390//390 519//519 391//391
f 391//391 519//519 520//520
f 391//391 520//520 392//392
f 392//392 520//520 521//521
f 392//392 521//521 393//393
f 393//393 521//521 522//522
f 393//393 522//522 394//394
f 394//394 522//522 523//523
f 394//394 523//523 395//395
f 395//395 523//523 524//524
f 395//395 524//524 396//396
f 396//396 524//524 525//525
f 396//396 525//525 397//397
f 397//397 525//525 526//526
f 397//397 526//526 398//398
f 398//398 526//526 527//527
f 398//398 527//527 399//399
f 399//399 527//527 528//528
f 399//399 528//528 400//400
f 400//400 528//528 529//529
f 400//400 529//529 401//401
f 401//401 529//529 530//530
f 401//401 530//530 402//402
f 402//402 530//530 531//531
f 402//402 531//531 403//403
f 403//403 531//531 532//532
f 403//403 532//532 404//404
f 404//404 532//532 533//533
f 404//404 533//533 405//405
f 405//405 533//533 534//534
f 405//405 534//534 406//406
f 406//406 534//534 535//535
f 406//406 535//535 407//407
f 407//407 535//535 536//536
f 407//407 536//536 408//408
f 408//408 536//536 537//537
f 408//408 537//537 409//409
f 409//409 537//537 538//538
f 409//409 538//538 410//410
f 410//410 538//538 539//539
f 410//410 539//539 411//411
f 411//411 539//539 540//540
f 411//411 540//540 412//412
f 412//412 540//540 541//541
f 412//412 541//541 413//413
f 413//413 541//541 542//542
f 413//413 542//542 414//414
f 414//414 542//542 543//543
f 414//414 543//543 415//415
f 415//415 543//543 544//544
f 415//415 544//544 416//416
f 416//416 544//544 545//545
f 416//416 545//545 417//417
f 417//417 545//545 546//546
f 417//417 546//546 418//418
f 418//418 546//546 547//547
f 418//418 547//547 419//419
f 419//419 547//547 548//548
f 419//419 548//548 420//420
f 420//420 548//548 549//549
f 420//420 549//549 421//421
f 421//421 549//549 550//550
f 421//421 550//550 422//422
f 422//422 550//550 551//551
f 422//422 551//551 423//423
f 423//423 551//551 552//552
f 423//423 552//552 424//424
f 424//424 552//552 553//553
f 424//424 553//553 425//425
f 425//425 553//553 554//554
f 425//425 554//554 426//426
f 426//426 554//554 555//555
f 426//426 555//555 427//427
f 427//427 555//555 556//556
f 427//427 556//556 428//428
f 428//428 556//556 557//557
f 428//428 557//557 429//429
f 429//429 557//557 558//558
f 429//429 558//558 430//430
f 430//430 558//558 559//559
f 430//430 559//559 431//431
f 431//431 559//559 560//560
f 431//431 560//560 432//432
f 432//432 560//560 561//561
f 432//432 561//561 433//433
f 433//433 561//561 562//562
f 433//433 562//562 434//434
f 434//434 562//562 563//563
f 434//434 563//563 435//435
f 435//435 563//563 564//564
f 435//435 564//564 436//436
f 436//436 564//564 565//565
f 436//436 565//565 437//437
f 437//437 565//565 566//566
f 437//437 566//566 438//438
f 438//438 566//566 567//567
f 438//438 567//567 439//439
f 439//439 567//567 568//568
f 439//439 568//568 440//440
f 440//440 568//568 569//569
f 440//440 569//569 441//441
f 441//441 569//569 570//570
f 441//441 570//570 442//442
f 442//442 570//570 571//571
f 442//442 571//571 443//443
f 443//443 571//571 572//572
f 443//443 572//572 444//444
f 444//444 572//572 573//573
f 444//444 573//573 445//445
f 445//445 573//573 574//574
f 445//445 574//574 446//446
f 446//446 574//574 575//575
f 446//446 575//575 447//447
f 447//447 575//575 576//576
f 447//447 576//576 448//448
f 448//448 576//576 577//577
f 448//448 577//577 449//449
f 449//449 577//577 578//578
f 449//449 578//578 450//450
f 450//450 578//578 579//579
f 450//450 579//579 451//451
f 451//451 579//579 580//580
f 451//451 580//580 452//452
f 452//452 580//580 581//581
f 452//452 581//581 453//453
f 453//453 581//581 582//582
f 453//453 582//582 454//454
f 454//454 582//582 583//583
f 454//454 583//583 455//455
f 455//455 583//583 584//584
f 455//455 584//584 456//456
f 456//456 584//584 585//585
f 456//456 585//585 457//457
f 457//457 585//585 586//586
f 457//457 586//586 458//458
f 458//458 586//586 587//587
f 458//458 587//587 459//459
f 459//459 587//587 588//588
f 459//459 588//588 460//460
f 460//460 588//588 589//589
f 460//460 589//589 461//461
f 461//461 589//589 590//590
f 461//461 590//590 462//462
f 462//462 590//590 591//591
f 462//462 591//591 463//463
f 463//463 591//591 592//592
f 463//463 592//592 464//464
f 464//464 592//592 593//593
f 464//464 593//593 465//465
f 465//465 593//593 594//594
f 465//465 594//594 466//466
f 466//466 594//594 595//595
f 466//466 595//595 467//467
f 467//467 595//595 596//596
f 467//467 596//596 468//468
f 468//468 596//596 597//597
f 468//468 597//597 469//469
f 469//469 597//597 598//598
f 469//469 598//598 470//470
f 470//470 598//598 599//599
f 470//470 599//599 471//471
f 471//471 599//599 600//600
f 471//471 600//600 472//472
f 472//472 600//600 601//601
f 472//472 601//601 473//473
f 473//473 601//601 602//602
f 473//473 602//602 474//474
f 474//474 602//602 603//603
f 474//474 603//603 475//475
f 475//475 603//603 604//604
f 475//475 604//604 476//476
f 476//476 604//604 605//605
f 476//476 605//605 477//477
f 477//477 605//605 606//606
f 477//477 606//606 478//478
f 478//478 606//606 607//607
f 478//478 607//607 479//479
f 479//479 607//607 608//608
f 479//479 608//608 480//480
f 480//480 608//608 609//609
f 480//480 609//609 481//481
f 481//481 609//609 610//610
f 481//481 610//610 482//482
f 482//482 610//610 611//611
f 482//482 611//611 483//483
f 483//483 611//611 612//612
f 483//483 612//612 484//484
f 484//484 612//612 613//613
f 484//484 613//613 485//485
f 485//485 613//613 614//614
f 485//485 614//614 486//486
f 486//486 614//614 615//615
f 486//486 615//615 487//487
f 487//487 615//615 616//616
f 487//487 616//616 488//488
f 488//488 616//616 617//617
f 488//488 617//617 489//489
f 489//489 617//617 618//618
f 489//489 618//618 490//490
f 490//490 618//618 619//619
f 490//490 619//619 491//491
f 491//491 619//619 620//620
f 491//491 620//620 492//492
f 492//492 620//620 621//621
f 492//492 621//621 493//493
f 493//493 621//621 622//622
f 493//493 622//622 494//494
f 494//494 622//622 623//623
f 494//494 623//623 495//495
f 495//495 623//623 624//624
f 495//495 624//624 496//496
f 496//496 624//624 625//625
f 496//496 625//625 497//497
f 497//497 625//625 626//626
f 497//497 626//626 498//498
f 498//498 626//626 627//627
f 498//498 627//627 499//499
f 499//499 627//627 628//628
f 499//499 628//628 500//500
f 500//500 628//628 629//629
f 500//500 629//629 501//501
f 501//501 629//629 630//630
f 501//501 630//630 502//502
f 502//502 630//630 631//631
f 502//502 631//631 503//503
f 503//503 631//631 632//632
f 503//503 632//632 504//504
f 504//504 632//632 633//633
f 504//504 633//633 505//505
f 505//505 633//633 634//634
f 505//505 634//634 506//506
f 506//506 634//634 635//635
f 506//506 635//635 507//507
f 507//507 635//635 636//636
f 507//507 636//636 508//508
f 508//508 636//636 637//637
f 508//508 637//637 509//509
f 509//509 637//637 638//638
f 509//509 638//638 510//510
f 510//510 638//638 639//639
f 510//510 639//639 511//511
f 511//511 639//639 640//640
f 511//511 640//640 512//512
f 512//512 640//640 513//513
f 512//512 513//513 385//385
f 513//513 641//641 642//642
f 513//513 642//642 514//514
f 514//514 642//642 643//643
f 514//514 643//643 515//515
f 515//515 643//643 644//644
f 515//515 644//644 516//516
f 516//516 644//644 645//645
f 516//516 645//645 517//517
f 517//517 645//645 646//646
f 517//517 646//646 518//518
f 518//518 646//646 647//647
f 518//518 647//647 519//519
f 519//519 647//647 648//648
f 519//519 648//648 520//520
f 520//520 648//648 649//649
f 520//520 649//649 521//521
f 521//521 649//649 650//650
f 521//521 650//650 522//522
f 522//522 650//650 651//651
f 522//522 651//651 523//523
f 523//523 651//651 652//652
f 523//523 652//652 524//524
f 524//524 652//652 653//653
f 524//524 653//653 525//525
f 525//525 653//653 654//654
f 525//525 654//654 526//526
f 526//526 654//654 655//655
f 526//526 655//655 527//527
f 527//527 655//655 656//656
f 527//527 656//656 528//528
f 528//528 656//656 657//657
f 528//528 657//657 529//529
f 529//529 657//657 658//658
f 529//529 658//658 530//530
f 530//530 658//658 659//659
f 530//530 659//659 531//531
f 531//531 659//659 660//660
f 531//531 660//660 532//532
f 532//532 660//660 661//661
f 532//532 661//661 533//533
f 533//533 661//661 662//662
f 533//533 662//662 534//534
f 534//534 662//662 663//663
f 534//534 663//663 535//535
f 535//535 663//663 664//664
f 535//535 664//664 536//536
f 536//536 664//664 665//665
f 536//536 665//665 537//537
f 537//537 665//665 666//666
f 537//537 666//666 538//538
f 538//538 666//666 667//667
f 538//538 667//667 539//539
f 539//539 667//667 668//668
f 539//539 668//668 540//540
f 540//540 668//668 669//669
f 540//540 669//669 541//541
f 541//541 669//669 670//670
f 541//541 670//670 542//542
f 542//542 670//670 671//671
f 542//542 671//671 543//543
f 543//543 671//671 672//672
f 543//543 672//672 544//544
f 544//544 672//672 673//673
f 544//544 673//673 545//545
f 545//545 673//673 674//674
f 545//545 674//674 546//546
f 546//546 674//674 675//675
f 546//546 675//675 547//547
f 547//547 675//675 676//676
f 547//547 676//676 548//548
f 548//548 676//676 677//677
f 548//548 677//677 549//549
f 549//549 677//677 678//678
f 549//549 678//678 550//550
f 550//550 678//678 679//679
f 550//550 679//679 551//551
f 551//551 679//679 680//680
f 551//551 680//680 552//552
f 552//552 680//680 681//681
f 552//552 681//681 553//553
f 553//553 681//681 682//682
f 553//553 682//682 554//554
f 554//554 682//682 683//683
f 554//554 683//683 555//555
f 555//555 683//683 684//684
f 555//555 684//684 556//556
f 556//556 684//684 685//685
f 556//556 685//685 557//557
f 557//557 685//685 686//686
f 557//557 686//686 558//558
f 558//558 686//686 687//687
f 558//558 687//687 559//559
f 559//559 687//687 688//688
f 559//559 688//688 560//560
f 560//560 688//688 689//689
f 560//560 689//689 561//561
f 561//561 689//689 690//690
f 561//561 690//690 562//562
f 562//562 690//690 691//691
f 562//562 691//691 563//563
f 563//563 691//691 692//692
f 563//563 692//692 564//564
f 564//564 692//692 693//693
f 564//564 693//693 565//565
f 565//565 693//693 694//694
f 565//565 694//694 566//566
f 566//566 694//694 695//695
f 566//566 695//695 567//567
f 567//567 695//695 696//696
f 567//567 696//696 568//568
f 568//568 696//696 697//697
f 568//568 697//697 569//569
f 569//569 697//697 698//698
f 569//569 698//698 570//570
f 570//570 698//698 699//699
f 570//570 699//699 571//571
f 571//571 699//699 700//700
f 571//571 700//700 572//572
f 572//572 700//700 701//701
f 572//572 701//701 573//573
f 573//573 701//701 702//702
f 573//573 702//702 574//574
f 574//574 702//702 703//703
f 574//574 703//703 575//575
f 575//575 703//703 704//704
f 575//575 704//704 576//576
f 576//576 704//704 705//705
f 576//576 705//705 577//577
f 577//577 705//705 706//706
f 577//577 706//706 578//578
f 578//578 706//706 707//707
f 578//578 707//707 579//579
f 579//579 707//707 708//708
f 579//579 708//708 580//580
f 580//580 708//708 709//709
f 580//580 709//709 581//581
f 581//581 709//709 710//710
f 581//581 710//710 582//582
f 582//582 710//710 711//711
f 582//582 711//711 583//583
f 583//583 711//711 712//712
f 583//583 712//712 584//584
f 584//584 712//712 713//713
f 584//584 713//713 585//585
f 585//585 713//713 714//714
f 585//585 714//714 586//586
f 586//586 714//714 715//715
f 586//586 715//715 587//587
f 587//587 715//715 716//716
f 587//587 716//716 588//588
f 588//588 716//716 717//717
f 588//588 717//717 589//589
f 589//589 717//717 718//718
f 589//589 718//718 590//590
f 590//590 718//718 719//719
f 590//590 719//719 591//591
f 591//591 719//719 720//720
f 591//591 720//720 592//592
f 592//592 720//720 721//721
f 592//592 721//721 593//593
f 593//593 721//721 722//722
f 593//593 722//722 594//594
f 594//594 722//722 723//723
f 594//594 723//723 595//595
f 595//595 723//723 724//724
f 595//595 724//724 596//596
f 596//596 724//724 725//725
f 596//596 725//725 597//597
f 597//597 725//725 726//726
f 597//597 726//726 598//598
f 598//598 726//726 727//727
f 598//598 727//727 599//599
f 599//599 727//727 728//728
f 599//599 728//728 600//600
f 600//600 728//728 729//729
f 600//600 729//729 601//601
f 601//601 729//729 730//730
f 601//601 730//730 602//602
f 602//602 730//730 731//731
f 602//602 731//731 603//603
f 603//603 731//731 732//732
f 603//603 732//732 604//604
f 604//604 732//732 733//733
f 604//604 733//733 605//605
f 605//605 733//733 734//734
f 605//605 734//734 606//606
f 606//606 734//734 735//735
f 606//606 735//735 607//607
f 607//607 735//735 736//736
f 607//607 736//736 608//608
f 608//608 736//736 737//737
f 608//608 737//737 609//609
f 609//609 737//737 738//738
f 609//609 738//738 610//610
f 610//610 738//738 739//739
f 610//610 739//739 611//611
f 611//611 739//739 740//740
f 611//611 740//740 612//612
f 612//612 740//740 741//741
f 612//612 741//741 613//613
f 613//613 741//741 742//742
f 613//613 742//742 614//614
f 614//614 742//742 743//743
f 614//614 743//743 615//615
f 615//615 743//743 744//744
f 615//615 744//744 616//616
f 616//616 744//744 745//745
f 616//616 745//745 617//617
f 617//617 745//745 746//746
f 617//617 746//746 618//618
f 618//618 746//746 747//747
f 618//618 747//747 619//619
f 619//619 747//747 748//748
f 619//619 748//748 620//620
f 620//620 748//748 749//749
f 620//620 749//749 621//621
f 621//621 749//749 750//750
f 621//621 750//750 622//622
f 622//622 750//750 751//751
f 622//622 751//751 623//623
f 623//623 751//751 752//752
f 623//623 752//752 624//624
f 624//624 752//752 753//753
f 624//624 753//753 625//625
f 625//625 753//753 754//754
f 625//625 754//754 626//626
f 626//626 754//754 755//755
f 626//626 755//755 627//627
f 627//627 755//755 756//756
f 627//627 756//756 628//628
f 628//628 756//756 757//757
f 628//628 757//757 629//629
f 629//629 757//757 758//758
f 629//629 758//758 630//630
f 630//630 758//758 759//759
f 630//630 759//759 631//631
f 631//631 759//759 760//760
f 631//631 760//760 632//632
f 632//632 760//760 761//761
f 632//632 761//761 633//633
f 633//633 761//761 762//762
f 633//633 762//762 634//634
f 634//634 762//762 763//763
f 634//634 763//763 635//635
f 635//635 763//763 764//764
f 635//635 764//764 636//636
f 636//636 764//764 765//765
f 636//636 765//765 637//637
f 637//637 765//765 766//766
f 637//637 766//766 638//638
f 638//638 766//766 767//767
f 638//638 767//767 639//639
f 639//639 767//767 768//768
f 639//639 768//768 640//640
f 640//640 768//768 641//641
f 640//640 641//641 513//513
f 641//641 769//769 770//770
f 641//641 770//770 642//642
f 642//642 770//770 771//771
f 642//642 771//771 643//643
f 643//643 771//771 772//772
f 643//643 772//772 644//644
f 644//644 772//772 773//773
f 644//644 773//773 645//645
f 645//645 773//773 774//774
f 645//645 774//774 646//646
f 646//646 774//774 775//775
f 646//646 775//775 647//647
f 647//647 775//775 776//776
f 647//647 776//776 648//648
f 648//648 776//776 777//777
f 648//648 777//777 649//649
f 649//649 777//777 778//778
f 649//649 778//778 650//650
f 650//650 778//778 779//779
f 650//650 779//779 651//651
f 651//651 779//779 780//780
f 651//651 780//780 652//652
f 652//652 780//780 781//781
f 652//652 781//781 653//653
f 653//653 781//781 782//782
f 653//653 782//782 654//654
f 654//654 782//782 783//783
f 654//654 783//783 655//655
f 655//655 783//783 784//784
f 655//655 784//784 656//656
f 656//656 784//784 785//785
f 656//656 785//785 657//657
f 657//657 785//785 786//786
f 657//657 786//786 658//658
f 658//658 786//786 787//787
f 658//658 787//787 659//659
f 659//659 787//787 788//788
f 659//659 788//788 660//660
f 660//660 788//788 789//789
f 660//660 789//789 661//661
f 661//661 789//789 790//790
f 661//661 790//790 662//662
f 662//662 790//790 791//791
f 662//662 791//791 663//663
f 663//663 791//791 792//792
f 663//663 792//792 664//664
f 664//664 792//792 793//793
f 664//664 793//793 665//665
f 665//665 793//793 794//794
f 665//665 794//794 666//666
f 666//666 794//794 795//795
f 666//666 795//795 667//667
f 667//667 795//795 796//796
f 667//667 796//796 668//668
f 668//668 796//796 797//797
f 668//668 797//797 669//669
f 669//669 797//797 798//798
f 669//669 798//798 670//670
f 670//670 798//798 799//799
f 670//670 799//799 671//671
f 671//671 799//799 800//800
f 671//671 800//800 672//672
f 672//672 800//800 801//801
f 672//672 801//801 673//673
f 673//673 801//801 802//802
f 673//673 802//802 674//674
f 674//674 802//802 803//803
f 674//674 803//803 675//675
f 675//675 803//803 804//804
f 675//675 804//804 676//676
f 676//676 804//804 805//805
f 676//676 805//805 677//677
f 677//677 805//805 806//806
f 677//677 806//806 678//678
f 678//678 806//806 807//807
f 678//678 807//807 679//679
f 679//679 807//807 808//808
f 679//679 808//808 680//680
f 680//680 808//808 809//809
f 680//680 809//809 681//681
f 681//681 809//809 810//810
f 681//681 810//810 682//682
f 682//682 810//810 811//811
f 682//682 811//811 683//683
f 683//683 811//811 812//812
f 683//683 812//812 684//684
f 684//684 812//812 813//813
f 684//684 813//813 685//685
f 685//685 813//813 814//814
f 685//685 814//814 686//686
f 686//686 814//814 815//815
f 686//686 815//815 687//687
f 687//687 815//815 816//816
f 687//687 816//816 688//688
f 688//688 816//816 817//817
f 688//688 817//817 689//689
f 689//689 817//817 818//818
f 689//689 818//818 690//690
f 690//690 818//818 819//819
f 690//690 819//819 691//691
f 691//691 819//819 820//820
f 691//691 820//820 692//692
f 692//692 820//820 821//821
f 692//692 821//821 693//693
f 693//693 821//821 822//822
f 693//693 822//822 694//694
f 694//694 822//822 823//823
f 694//694 823//823 695//695
f 695//695 823//823 824//824
f 695//695 824//824 696//696
f 696//696 824//824 825//825
f 696//696 825//825 697//697
f 697//697 825//825 826//826
f 697//697 826//826 698//698
f 698//698 826//826 827//827
f 698//698 827//827 699//699
f 699//699 827//827 828//828
f 699//699 828//828 700//700
f 700//700 828//828 829//829
f 700//700 829//829 701//701
f 701//701 829//829 830//830
f 701//701 830//830 702//702
f 702//702 830//830 831//831
f 702//702 831//831 703//703
f 703//703 831//831 832//832
f 703//703 832//832 704//704
f 704//704 832//832 833//833
f 704//704 833//833 705//705
f 705//705 833//833 834//834
f 705//705 834//834 706//706
f 706//706 834//834 835//835
f 706//706 835//835 707//707
f 707//707 835//835 836//836
f 707//707 836//836 708//708
f 708//708 836//836 837//837
f 708//708 837//837 709//709
f 709//709 837//837 838//838
f 709//709 838//838 710//710
f 710//710 838//838 839//839
f 710//710 839//839 711//711
f 711//711 839//839 840//840
f 711//711 840//840 712//712
f 712//712 840//840 841//841
f 712//712 841//841 713//713
f 713//713 841//841 842//842
f 713//713 842//842 714//714
f 714//714 842//842 843//843
f 714//714 843//843 715//715
f 715//715 843//843 844//844
f 715//715 844//844 716//716
f 716//716 844//844 845//845
f 716//716 845//845 717//717
f 717//717 845//845 846//846
f 717//717 846//846 718//718
f 718//718 846//846 847//847
f 718//718 847//847 719//719
f 719//719 847//847 848//848
f 719//719 848//848 720//720
f 720//720 848//848 849//849
f 720//720 849//849 721//721
f 721//721 849//849 850//850
f 721//721 850//850 722//722
f 722//722 850//850 851//851
f 722//722 851//851 723//723
f 723//723 851//851 852//852
f 723//723 852//852 724//724
f 724//724 852//852 853//853
f 724//724 853//853 725//725
f 725//725 853//853 854//854
f 725//725 854//854 726//726
f 726//726 854//854 855//855
f 726//726 855//855 727//727
f 727//727 855//855 856//856
f 727//727 856//856 728//728
f 728//728 856//856 857//857
f 728//728 857//857 729//729
f 729//729 857//857 858//858
f 729//729 858//858 730//730
f 730//730 858//858 859//859
f 730//730 859//859 731//731
f 731//731 859//859 860//860
f 731//731 860//860 732//732
f 732//732 860//860 861//861
f 732//732 861//861 733//733
f 733//733 861//861 862//862
f 733//733 862//862 734//734
f 734//734 862//862 863//863
f 734//734 863//863 735//735
f 735//735 863//863 864//864
f 735//735 864//864 736//736
f 736//736 864//864 865//865
f 736//736 865//865 737//737
f 737//737 865//865 866//866
f 737//737 866//866 738//738
f 738//738 866//866 867//867
f 738//738 867//867 739//739
f 739//739 867//867 868//868
f 739//739 868//868 740//740
f 740//740 868//868 869//869
f 740//740 869//869 741//741
f 741//741 869//869 870//870
f 741//741 870//870 742//742
f 742//742 870//870 871//871
f 742//742 871//871 743//743
f 743//743 871//871 872//872
f 743//743 872//872 744//744
f 744//744 872//872 873//873
f 744//744 873//873 745//745
f 745//745 873//873 874//874
f 745//745 874//874 746//746
f 746//746 874//874 875//875
f 746//746 875//875 747//747
f 747//747 875//875 876//876
f 747//747 876//876 748//748
f 748//748 876//876 877//877
f 748//748 877//877 749//749
f 749//749 877//877 878//878
f 749//749 878//878 750//750
f 750//750 878//878 879//879
f 750//750 879//879 751//751
f 751//751 879//879 880//880
f 751//751 880//880 752//752
f 752//752 880//880 881//881
f 752//752 881//881 753//753
f 753//753 881//881 882//882
f 753//753 882//882 754//754
f 754//754 882//882 883//883
f 754//754 883//883 755//755
f 755//755 883//883 884//884
f 755//755 884//884 756//756
f 756//756 884//884 885//885
f 756//756 885//885 757//757
f 757//757 885//885 886//886
f 757//757 886//886 758//758
f 758//758 886//886 887//887
f 758//758 887//887 759//759
f 759//759 887//887 888//888
f 759//759 888//888 760//760
f 760//760 888//888 889//889
f 760//760 889//889 761//761
f 761//761 889//889 890//890
f 761//761 890//890 762//762
f 762//762 890//890 891//891
f 762//762 891//891 763//763
f 763//763 891//891 892//892
f 763//763 892//892 764//764
f 764//764 892//892 893//893
f 764//764 893//893 765//765
f 765//765 893//893 894//894
f 765//765 894//894 766//766
f 766//766 894//894 895//895
f 766//766 895//895 767//767
f 767//767 895//895 896//896
f 767//767 896//896 768//768
f 768//768 896//896 769//769
f 768//768 769//769 641//641
f 897//897 1026//1026 1025//1025
f 897//897 898//898 1026//1026
f 898//898 1027//1027 1026//1026
f 898//898 899//899 1027//1027
f 899//899 1028//1028 1027//1027
f 899//899 900//900 1028//1028
f 900//900 1029//1029 1028//1028
f 900//900 901//901 1029//1029
f 901//901 1030//1030 1029//1029
f 901//901 902//902 1030//1030
f 902//902 1031//1031 1030//1030
f 902//902 903//903 1031//1031
f 903//903 1032//1032 1031//1031
f 903//903 904//904 1032//1032
f 904//904 1033//1033 1032//1032
f 904//904 905//905 1033//1033
f 905//905 1034//1034 1033//1033
f 905//905 906//906 1034//1034
f 906//906 1035//1035 1034//1034
f 906//906 907//907 1035//1035
f 907//907 1036//1036 1035//1035
f 907//907 908//908 1036//1036
f 908//908 1037//1037 1036//1036
f 908//908 909//909 1037//1037
f 909//909 1038//1038 1037//1037
f 909//909 910//910 1038//1038
f 910//910 1039//1039 1038//1038
f 910//910 911//911 1039//1039
f 911//911 1040//1040 1039//1039
f 911//911 912//912 1040//1040
f 912//912 1041//1041 1040//1040
f 912//912 913//913 1041//1041
f 913//913 1042//1042 1041//1041
f 913//913 914//914 1042//1042
f 914//914 1043//1043 1042//1042
f 914//914 915//915 1043//1043
f 915//915 1044//1044 1043//1043
f 915//915 916//916 1044//1044
f 916//916 1045//1045 1044//1044
f 916//916 917//917 1045//1045
f 917//917 1046//1046 1045//1045
f 917//917 918//918 1046//1046
f 918//918 1047//1047 1046//1046
f 918//918 919//919 1047//1047
f 919//919 1048//1048 1047//1047
f 919//919 920//920 1048//1048
f 920//920 1049//1049 1048//1048
f 920//920 921//921 1049//1049
f 921//921 1050//1050 1049//1049
f 921//921 922//922 1050//1050
f 922//922 1051//1051 1050//1050
f 922//922 923//923 1051//1051
f 923//923 1052//1052 1051//1051
f 923//923 924//924 1052//1052
f 924//924 1053//1053 1052//1052
f 924//924 925//925 1053//1053
f 925//925 1054//1054 1053//1053
f 925//925 926//926 1054//1054
f 926//926 1055//1055 1054//1054
f 926//926 927//927 1055//1055
f 927//927 1056//1056 1055//1055
f 927//927 928//928 1056//1056
f 928//928 1057//1057 1056//1056
f 928//928 929//929 1057//1057
f 929//929 1058//1058 1057//1057
f 929//929 930//930 1058//1058
f 930//930 1059//1059 1058//1058
f 930//930 931//931 1059//1059
f 931//931 1060//1060 1059//1059
f 931//931 932//932 1060//1060
f 932//932 1061//1061 1060//1060
f 932//932 933//933 1061//1061
f 933//933 1062//1062 1061//1061
f 933//933 934//934 1062//1062
f 934//934 1063//1063 1062//1062
f 934//934 935//935 1063//1063
f 935//935 1064//1064 1063//1063
f 935//935 936//936 1064//1064
f 936//936 1065//1065 1064//1064
f 936//936 937//937 1065//1065
f 937//937 1066//1066 1065//1065
f 937//937 938//938 1066//1066
f 938//938 1067//1067 1066//1066
f 938//938 939//939 1067//1067
f 939//939 1068//1068 1067//1067
f 939//939 940//940 1068//1068
f 940//940 1069//1069 1068//1068
f 940//940 941//941 1069//1069
f 941//941 1070//1070 1069//1069
f 941//941 942//942 1070//1070
f 942//942 1071//1071 1070//1070
f 942//942 943//943 1071//1071
f 943//943 1072//1072 1071//1071
f 943//943 944//944 1072//1072
f 944//944 1073//1073 1072//1072
f 944//944 945//945 1073//1073
f 945//945 1074//1074 1073//1073
f 945//945 946//946 1074//1074
f 946//946 1075//1075 1074//1074
f 946//946 947//947 1075//1075
f 947//947 1076//1076 1075//1075
f 947//947 948//948 1076//1076
f 948//948 1077//1077 1076//1076
f 948//948 949//949 1077//1077
f 949//949 1078//1078 1077//1077
f 949//949 950//950 1078//1078
f 950//950 1079//1079 1078//1078
f 950//950 951//951 1079//1079
f 951//951 1080//1080 1079//1079
f 951//951 952//952 1080//1080
f 952//952 1081//1081 1080//1080
f 952//952 953//953 1081//1081
f 953//953 1082//1082 1081//1081
f 953//953 954//954 1082//1082
f 954//954 1083//1083 1082//1082
f 954//954 955//955 1083//1083
f 955//955 1084//1084 1083//1083
f 955//955 956//956 1084//1084
f 956//956 1085//1085 1084//1084
f 956//956 957//957 1085//1085
f 957//957 1086//1086 1085//1085
f 957//957 958//958 1086//1086
f 958//958 1087//1087 1086//1086
f 958//958 959//959 1087//1087
f 959//959 1088//1088 1087//1087
f 959//959 960//960 1088//1088
f 960//960 1089//1089 1088//1088
f 960//960 961//961 1089//1089
f 961//961 1090//1090 1089//1089
f 961//961 962//962 1090//1090
f 962//962 1091//1091 1090//1090
f 962//962 963//963 1091//1091
f 963//963 1092//1092 1091//1091
f 963//963 964//964 1092//1092
f 964//964 1093//1093 1092//1092
f 964//964 965//965 1093//1093
f 965//965 1094//1094 1093//1093
f 965//965 966//966 1094//1094
f 966//966 1095//1095 1094//1094
f 966//966 967//967 1095//1095
f 967//967 1096//1096 1095//1095
f 967//967 968//968 1096//1096
f 968//968 1097//1097 1096//1096
f 968//968 969//969 1097//1097
f 969//969 1098//1098 1097//1097
f 969//969 970//970 1098//1098
f 970//970 1099//1099 1098//1098
f 970//970 971//971 1099//1099
f 971//971 1100//1100 1099//1099
f 971//971 972//972 1100//1100
f 972//972 1101//1101 1100//1100
f 972//972 973//973 1101//1101
f 973//973 1102//1102 1101//1101
f 973//973 974//974 1102//1102
f 974//974 1103//1103 1102//1102
f 974//974 975//975 1103//1103
f 975//975 1104//1104 1103//1103
f 975//975 976//976 1104//1104
f 976//976 1105//1105 1104//1104
f 976//976 977//977 1105//1105
f 977//977 1106//1106 1105//1105
f 977//977 978//978 1106//1106
f 978//978 1107//1107 1106//1106
f 978//978 979//979 1107//1107
f 979//979 1108//1108 1107//1107
f 979//979 980//980 1108//1108
f 980//980 1109//1109 1108//1108
f 980//980 981//981 1109//1109
f 981//981 1110//1110 1109//1109
f 981//981 982//982 1110//1110
f 982//982 1111//1111 1110//1110
f 982//982 983//983 1111//1111
f 983//983 1112//1112 1111//1111
f 983//983 984//984 1112//1112
f 984//984 1113//1113 1112//1112
f 984//984 985//985 1113//1113
f 985//985 1114//1114 1113//1113
f 985//985 986//986 1114//1114
f 986//986 1115//1115 1114//1114
f 986//986 987//987 1115//1115
f 987//987 1116//1116 1115//1115
f 987//987 988//988 1116//1116
f 988//988 1117//1117 1116//1116
f 988//988 989//989 1117//1117
f 989//989 1118//1118 1117//1117
f 989//989 990//990 1118//1118
f 990//990 1119//1119 1118//1118
f 990//990 991//991 1119//1119
f 991//991 1120//1120 1119//1119
f 991//991 992//992 1120//1120
f 992//992 1121//1121 1120//1120
f 992//992 993//993 1121//1121
f 993//993 1122//1122 1121//1121
f 993//993 994//994 1122//1122
f 994//994 1123//1123 1122//1122
f 994//994 995//995 1123//1123
f 995//995 1124//1124 1123//1123
f 995//995 996//996 1124//1124
f 996//996 1125//1125 1124//1124
f 996//996 997//997 1125//1125
f 997//997 1126//1126 1125//1125
f 997//997 998//998 1126//1126
f 998//998 1127//1127 1126//1126
f 998//998 999//999 1127//1127
f 999//999 1128//1128 1127//1127
f 999//999 1000//1000 1128//1128
f 1000//1000 1129//1129 1128//1128
f 1000//1000 1001//1001 1129//1129
f 1001//1001 1130//1130 1129//1129
f 1001//1001 1002//1002 1130//1130
f 1002//1002 1131//1131 1130//1130
f 1002//1002 1003//1003 1131//1131
f 1003//1003 1132//1132 1131//1131
f 1003//1003 1004//1004 1132//1132
f 1004//1004 1133//1133 1132//1132
f 1004//1004 1005//1005 1133//1133
f 1005//1005 1134//1134 1133//1133
f 1005//1005 1006//1006 1134//1134
f 1006//1006 1135//1135 1134//1134
f 1006//1006 1007//1007 1135//1135
f 1007//1007 1136//1136 1135//1135
f 1007//1007 1008//1008 1136//1136
f 1008//1008 1137//1137 1136//1136
f 1008//1008 1009//1009 1137//1137
f 1009//1009 1138//1138 1137//1137
f 1009//1009 1010//1010 1138//1138
f 1010//1010 1139//1139 1138//1138
f 1010//1010 1011//1011 1139//1139
f 1011//1011 1140//1140 1139//1139
f 1011//1011 1012//1012 1140//1140
f 1012//1012 1141//1141 1140//1140
f 1012//1012 1013//1013 1141//1141
f 1013//1013 1142//1142 1141//1141
f 1013//1013 1014//1014 1142//1142
f 1014//1014 1143//1143 1142//1142
f 1014//1014 1015//1015 1143//1143
f 1015//1015 1144//1144 1143//1143
f 1015//1015 1016//1016 1144//1144
f 1016//1016 1145//1145 1144//1144
f 1016//1016 1017//1017 1145//1145
f 1017//1017 1146//1146 1145//1145
f 1017//1017 1018//1018 1146//1146
f 1018//1018 1147//1147 1146//1146
f 1018//1018 1019//1019 1147//1147
f 1019//1019 1148//1148 1147//1147
f 1019//1019 1020//1020 1148//1148
f 1020//1020 1149//1149 1148//1148
f 1020//1020 1021//1021 1149//1149
f 1021//1021 1150//1150 1149//1149
f 1021//1021 1022//1022 1150//1150
f 1022//1022 1151//1151 1150//1150
f 1022//1022 1023//1023 1151//1151
f 1023//1023 1152//1152 1151//1151
f 1023//1023 1024//1024 1152//1152
f 1024//1024 1025//1025 1152//1152
f 1024//1024 897//897 1025//1025
f 1025//1025 1154//1154 1153//1153
f 1025//1025 1026//1026 1154//1154
f 1026//1026 1155//1155 1154//1154
f 1026//1026 1027//1027 1155//1155
f 1027//1027 1156//1156 1155//1155
f 1027//1027 1028//1028 1156//1156
f 1028//1028 1157//1157 1156//1156
f 1028//1028 1029//1029 1157//1157
f 1029//1029 1158//1158 1157//1157
f 1029//1029 1030//1030 1158//1158
f 1030//1030 1159//1159 1158//1158
f 1030//1030 1031//1031 1159//1159
f 1031//1031 1160//1160 1159//1159
f 1031//1031 1032//1032 1160//1160
f 1032//1032 1161//1161 1160//1160
f 1032//1032 1033//1033 1161//1161
f 1033//1033 1162//1162 1161//1161
f 1033//1033 1034//1034 1162//1162
f 1034//1034 1163//1163 1162//1162
f 1034//1034 1035//1035 1163//1163
f 1035//1035 1164//1164 1163//1163
f 1035//1035 1036//1036 1164//1164
f 1036//1036 1165//1165 1164//1164
f 1036//1036 1037//1037 1165//1165
f 1037//1037 1166//1166 1165//1165
f 1037//1037 1038//1038 1166//1166
f 1038//1038 1167//1167 1166//1166
f 1038//1038 1039//1039 1167//1167
f 1039//1039 1168//1168 1167//1167
f 1039//1039 1040//1040 1168//1168
f 1040//1040 1169//1169 1168//1168
f 1040//1040 1041//1041 1169//1169
f 1041//1041 1170//1170 1169//1169
f 1041//1041 1042//1042 1170//1170
f 1042//1042 1171//1171 1170//1170
f 1042//1042 1043//1043 1171//1171
f 1043//1043 1172//1172 1171//1171
f 1043//1043 1044//1044 1172//1172
f 1044//1044 1173//1173 1172//1172
f 1044//1044 1045//1045 1173//1173
f 1045//1045 1174//1174 1173//1173
f 1045//1045 1046//1046 1174//1174
f 1046//1046 1175//1175 1174//1174
f 1046//1046 1047//1047 1175//1175
f 1047//1047 1176//1176 1175//1175
f 1047//1047 1048//1048 1176//1176
f 1048//1048 1177//1177 1176//1176
f 1048//1048 1049//1049 1177//1177
f 1049//1049 1178//1178 1177//1177
f 1049//1049 1050//1050 1178//1178
f 1050//1050 1179//1179 1178//1178
f 1050//1050 1051//1051 1179//1179
f 1051//1051 1180//1180 1179//1179
f 1051//1051 1052//1052 1180//1180
f 1052//1052 1181//1181 1180//1180
f 1052//1052 1053//1053 1181//1181
f 1053//1053 1182//1182 1181//1181
f 1053//1053 1054//1054 1182//1182
f 1054//1054 1183//1183 1182//1182
f 1054//1054 1055//1055 1183//1183
f 1055//1055 1184//1184 1183//1183
f 1055//1055 1056//1056 1184//1184
f 1056//1056 1185//1185 1184//1184
f 1056//1056 1057//1057 1185//1185
f 1057//1057 1186//1186 1185//1185
f 1057//1057 1058//1058 1186//1186
f 1058//1058 1187//1187 1186//1186
f 1058//1058 1059//1059 1187//1187
f 1059//1059 1188//1188 1187//1187
f 1059//1059 1060//1060 1188//1188
f 1060//1060 1189//1189 1188//1188
f 1060//1060 1061//1061 1189//1189
f 1061//1061 1190//1190 1189//1189
f 1061//1061 1062//1062 1190//1190
f 1062//1062 1191//1191 1190//1190
f 1062//1062 1063//1063 1191//1191
f 1063//1063 1192//1192 1191//1191
f 1063//1063 1064//1064 1192//1192
f 1064//1064 1193//1193 1192//1192
f 1064//1064 1065//1065 1193//1193
f 1065//1065 1194//1194 1193//1193
f 1065//1065 1066//1066 1194//1194
f 1066//1066 1195//1195 1194//1194
f 1066//1066 1067//1067 1195//1195
f 1067//1067 1196//1196 1195//1195
f 1067//1067 1068//1068 1196//1196
f 1068//1068 1197//1197 1196//1196
f 1068//1068 1069//1069 1197//1197
f 1069//1069 1198//1198 1197//1197
f 1069//1069 1070//1070 1198//1198
f 1070//1070 1199//1199 1198//1198
f 1070//1070 1071//1071 1199//1199
f 1071//1071 1200//1200 1199//1199
f 1071//1071 1072//1072 1200//1200
f 1072//1072 1201//1201 1200//1200
f 1072//1072 1073//1073 1201//1201
f 1073//1073 1202//1202 1201//1201
f 1073//1073 1074//1074 1202//1202
f 1074//1074 1203//1203 1202//1202
f 1074//1074 1075//1075 1203//1203
f 1075//1075 1204//1204 1203//1203
f 1075//1075 1076//1076 1204//1204
f 1076//1076 1205//1205 1204//1204
f 1076//1076 1077//1077 1205//1205
f 1077//1077 1206//1206 1205//1205
f 1077//1077 1078//1078 1206//1206
f 1078//1078 1207//1207 1206//1206
f 1078//1078 1079//1079 1207//1207
f 1079//1079 1208//1208 1207//1207
f 1079//1079 1080//1080 1208//1208
f 1080//1080 1209//1209 1208//1208
f 1080//1080 1081//1081 1209//1209
f 1081//1081 1210//1210 1209//1209
f 1081//1081 1082//1082 1210//1210
f 1082//1082 1211//1211 1210//1210
f 1082//1082 1083//1083 1211//1211
f 1083//1083 1212//1212 1211//1211
f 1083//1083 1084//1084 1212//1212
f 1084//1084 1213//1213 1212//1212
f 1084//1084 1085//1085 1213//1213
f 1085//1085 1214//1214 1213//1213
f 1085//1085 1086//1086 1214//1214
f 1086//1086 1215//1215 1214//1214
f 1086//1086 1087//1087 1215//1215
f 1087//1087 1216//1216 1215//1215
f 1087//1087 1088//1088 1216//1216
f 1088//1088 1217//1217 1216//1216
f 1088//1088 1089//1089 1217//1217
f 1089//1089 1218//1218 1217//1217
f 1089//1089 1090//1090 1218//1218
f 1090//1090 1219//1219 1218//1218
f 1090//1090 1091//1091 1219//1219
f 1091//1091 1220//1220 1219//1219
f 1091//1091 1092//1092 1220//1220
f 1092//1092 1221//1221 1220//1220
f 1092//1092 1093//1093 1221//1221
f 1093//1093 1222//1222 1221//1221
f 1093//1093 1094//1094 1222//1222
f 1094//1094 1223//1223 1222//1222
f 1094//1094 1095//1095 1223//1223
f 1095//1095 1224//1224 1223//1223
f 1095//1095 1096//1096 1224//1224
f 1096//1096 1225//1225 1224//1224
f 1096//1096 1097//1097 1225//1225
f 1097//1097 1226//1226 1225//1225
f 1097//1097 1098//1098 1226//1226
f 1098//1098 1227//1227 1226//1226
f 1098//1098 1099//1099 1227//1227
f 1099//1099 1228//1228 1227//1227
f 1099//1099 1100//1100 1228//1228
f 1100//1100 1229//1229 1228//1228
f 1100//1100 1101//1101 1229//1229
f 1101//1101 1230//1230 1229//1229
f 1101//1101 1102//1102 1230//1230
f 1102//1102 1231//1231 1230//1230
f 1102//1102 1103//1103 1231//1231
f 1103//1103 1232//1232 1231//1231
f 1103//1103 1104//1104 1232//1232
f 1104//1104 1233//1233 1232//1232
f 1104//1104 1105//1105 1233//1233
f 1105//1105 1234//1234 1233//1233
f 1105//1105 1106//1106 1234//1234
f 1106//1106 1235//1235 1234//1234
f 1106//1106 1107//1107 1235//1235
f 1107//1107 1236//1236 1235//1235
f 1107//1107 1108//1108 1236//1236
f 1108//1108 1237//1237 1236//1236
f 1108//1108 1109//1109 1237//1237
f 1109//1109 1238//1238 1237//1237
f 1109//1109 1110//1110 1238//1238
f 1110//1110 1239//1239 1238//1238
f 1110//1110 1111//1111 1239//1239
f 1111//1111 1240//1240 1239//1239
f 1111//1111 1112//1112 1240//1240
f 1112//1112 1241//1241 1240//1240
f 1112//1112 1113//1113 1241//1241
f 1113//1113 1242//1242 1241//1241
f 1113//1113 1114//1114 1242//1242
f 1114//1114 1243//1243 1242//1242
f 1114//1114 1115//1115 1243//1243
f 1115//1115 1244//1244 1243//1243
f 1115//1115 1116//1116 1244//1244
f 1116//1116 1245//1245 1244//1244
f 1116//1116 1117//1117 1245//1245
f 1117//1117 1246//1246 1245//1245
f 1117//1117 1118//1118 1246//1246
f 1118//1118 1247//1247 1246//1246
f 1118//1118 1119//1119 1247//1247
f 1119//1119 1248//1248 1247//1247
f 1119//1119 1120//1120 1248//1248
f 1120//1120 1249//1249 1248//1248
f 1120//1120 1121//1121 1249//1249
f 1121//1121 1250//1250 1249//1249
f 1121//1121 1122//1122 1250//1250
f 1122//1122 1251//1251 1250//1250
f 1122//1122 1123//1123 1251//1251
f 1123//1123 1252//1252 1251//1251
f 1123//1123 1124//1124 1252//1252
f 1124//1124 1253//1253 1252//1252
f 1124//1124 1125//1125 1253//1253
f 1125//1125 1254//1254 1253//1253
f 1125//1125 1126//1126 1254//1254
f 1126//1126 1255//1255 1254//1254
f 1126//1126 1127//1127 1255//1255
f 1127//1127 1256//1256 1255//1255
f 1127//1127 1128//1128 1256//1256
f 1128//1128 1257//1257 1256//1256
f 1128//1128 1129//1129 1257//1257
f 1129//1129 1258//1258 1257//1257
f 1129//1129 1130//1130 1258//1258
f 1130//1130 1259//1259 1258//1258
f 1130//1130 1131//1131 1259//1259
f 1131//1131 1260//1260 1259//1259
f 1131//1131 1132//1132 1260//1260
f 1132//1132 1261//1261 1260//1260
f 1132//1132 1133//1133 1261//1261
f 1133//1133 1262//1262 1261//1261
f 1133//1133 1134//1134 1262//1262
f 1134//1134 1263//1263 1262//1262
f 1134//1134 1135//1135 1263//1263
f 1135//1135 1264//1264 1263//1263
f 1135//1135 1136//1136 1264//1264
f 1136//1136 1265//1265 1264//1264
f 1136//1136 1137//1137 1265//1265
f 1137//1137 1266//1266 1265//1265
f 1137//1137 1138//1138 1266//1266
f 1138//1138 1267//1267 1266//1266
f 1138//1138 1139//1139 1267//1267
f 1139//1139 1268//1268 1267//1267
f 1139//1139 1140//1140 1268//1268
f 1140//1140 1269//1269 1268//1268
f 1140//1140 1141//1141 1269//1269
f 1141//1141 1270//1270 1269//1269
f 1141//1141 1142//1142 1270//1270
f 1142//1142 1271//1271 1270//1270
f 1142//1142 1143//1143 1271//1271
f 1143//1143 1272//1272 1271//1271
f 1143//1143 1144//1144 1272//1272
f 1144//1144 1273//1273 1272//1272
f 1144//1144 1145//1145 1273//1273
f 1145//1145 1274//1274 1273//1273
f 1145//1145 1146//1146 1274//1274
f 1146//1146 1275//1275 1274//1274
f 1146//1146 1147//1147 1275//1275
f 1147//1147 1276//1276 1275//1275
f 1147//1147 1148//1148 1276//1276
f 1148//1148 1277//1277 1276//1276
f 1148//1148 1149//1149 1277//1277
f 1149//1149 1278//1278 1277//1277
f 1149//1149 1150//1150 1278//1278
f 1150//1150 1279//1279 1278//1278
f 1150//1150 1151//1151 1279//1279
f 1151//1151 1280//1280 1279//1279
f 1151//1151 1152//1152 1280//1280
f 1152//1152 1153//1153 1280//1280
f 1152//1152 1025//1025 1153//1153
f 1153//1153 1282//1282 1281//1281
f 1153//1153 1154//1154 1282//1282
f 1154//1154 1283//1283 1282//1282
f 1154//1154 1155//1155 1283//1283
f 1155//1155 1284//1284 1283//1283
f 1155//1155 1156//1156 1284//1284
f 1156//1156 1285//1285 1284//1284
f 1156//1156 1157//1157 1285//1285
f 1157//1157 1286//1286 1285//1285
f 1157//1157 1158//1158 1286//1286
f 1158//1158 1287//1287 1286//1286
f 1158//1158 1159//1159 1287//1287
f 1159//1159 1288//1288 1287//1287
f 1159//1159 1160//1160 1288//1288
f 1160//1160 1289//1289 1288//1288
f 1160//1160 1161//1161 1289//1289
f 1161//1161 1290//1290 1289//1289
f 1161//1161 1162//1162 1290//1290
f 1162//1162 1291//1291 1290//1290
f 1162//1162 1163//1163 1291//1291
f 1163//1163 1292//1292 1291//1291
f 1163//1163 1164//1164 1292//1292
f 1164//1164 1293//1293 1292//1292
f 1164//1164 1165//1165 1293//1293
f 1165//1165 1294//1294 1293//1293
f 1165//1165 1166//1166 1294//1294
f 1166//1166 1295//1295 1294//1294
f 1166//1166 1167//1167 1295//1295
f 1167//1167 1296//1296 1295//1295
f 1167//1167 1168//1168 1296//1296
f 1168//1168 1297//1297 1296//1296
f 1168//1168 1169//1169 1297//1297
f 1169//1169 1298//1298 1297//1297
f 1169//1169 1170//1170 1298//1298
f 1170//1170 1299//1299 1298//1298
f 1170//1170 1171//1171 1299//1299
f 1171//1171 1300//1300 1299//1299
f 1171//1171 1172//1172 1300//1300
f 1172//1172 1301//1301 1300//1300
f 1172//1172 1173//1173 1301//1301
f 1173//1173 1302//1302 1301//1301
f 1173//1173 1174//1174 1302//1302
f 1174//1174 1303//1303 1302//1302
f 1174//1174 1175//1175 1303//1303
f 1175//1175 1304//1304 1303//1303
f 1175//1175 1176//1176 1304//1304
f 1176//1176 1305//1305 1304//1304
f 1176//1176 1177//1177 1305//1305
f 1177//1177 1306//1306 1305//1305
f 1177//1177 1178//1178 1306//1306
f 1178//1178 1307//1307 1306//1306
f 1178//1178 1179//1179 1307//1307
f 1179//1179 1308//1308 1307//1307
f 1179//1179 1180//1180 1308//1308
f 1180//1180 1309//1309 1308//1308
f 1180//1180 1181//1181 1309//1309
f 1181//1181 1310//1310 1309//1309
f 1181//1181 1182//1182 1310//1310
f 1182//1182 1311//1311 1310//1310
f 1182//1182 1183//1183 1311//1311
f 1183//1183 1312//1312 1311//1311
f 1183//1183 1184//1184 1312//1312
f 1184//1184 1313//1313 1312//1312
f 1184//1184 1185//1185 1313//1313
f 1185//1185 1314//1314 1313//1313
f 1185//1185 1186//1186 1314//1314
f 1186//1186 1315//1315 1314//1314
f 1186//1186 1187//1187 1315//1315
f 1187//1187 1316//1316 1315//1315
f 1187//1187 1188//1188 1316//1316
f 1188//1188 1317//1317 1316//1316
f 1188//1188 1189//1189 1317//1317
f 1189//1189 1318//1318 1317//1317
f 1189//1189 1190//1190 1318//1318
f 1190//1190 1319//1319 1318//1318
f 1190//1190 1191//1191 1319//1319
f 1191//1191 1320//1320 1319//1319
f 1191//1191 1192//1192 1320//1320
f 1192//1192 1321//1321 1320//1320
f 1192//1192 1193//1193 1321//1321
f 1193//1193 1322//1322 1321//1321
f 1193//1193 1194//1194 1322//1322
f 1194//1194 1323//1323 1322//1322
f 1194//1194 1195//1195 1323//1323
f 1195//1195 1324//1324 1323//1323
f 1195//1195 1196//1196 1324//1324
f 1196//1196 1325//1325 1324//1324
f 1196//1196 1197//1197 1325//1325
f 1197//1197 1326//1326 1325//1325
f 1197//1197 1198//1198 1326//1326
f 1198//1198 1327//1327 1326//1326
f 1198//1198 1199//1199 1327//1327
f 1199//1199 1328//1328 1327//1327
f 1199//1199 1200//1200 1328//1328
f 1200//1200 1329//1329 1328//1328
f 1200//1200 1201//1201 1329//1329
f 1201//1201 1330//1330 1329//1329
f 1201//1201 1202//1202 1330//1330
f 1202//1202 1331//1331 1330//1330
f 1202//1202 1203//1203 1331//1331
f 1203//1203 1332//1332 1331//1331
f 1203//1203 1204//1204 1332//1332
f 1204//1204 1333//1333 1332//1332
f 1204//1204 1205//1205 1333//1333
f 1205//1205 1334//1334 1333//1333
f 1205//1205 1206//1206 1334//1334
f 1206//1206 1335//1335 1334//1334
f 1206//1206 1207//1207 1335//1335
f 1207//1207 1336//1336 1335//1335
f 1207//1207 1208//1208 1336//1336
f 1208//1208 1337//1337 1336//1336
f 1208//1208 1209//1209 1337//1337
f 1209//1209 1338//1338 1337//1337
f 1209//1209 1210//1210 1338//1338
f 1210//1210 1339//1339 1338//1338
f 1210//1210 1211//1211 1339//1339
f 1211//1211 1340//1340 1339//1339
f 1211//1211 1212//1212 1340//1340
f 1212//1212 1341//1341 1340//1340
f 1212//1212 1213//1213 1341//1341
f 1213//1213 1342//1342 1341//1341
f 1213//1213 1214//1214 1342//1342
f 1214//1214 1343//1343 1342//1342
f 1214//1214 1215//1215 1343//1343
f 1215//1215 1344//1344 1343//1343
f 1215//1215 1216//1216 1344//1344
f 1216//1216 1345//1345 1344//1344
f 1216//1216 1217//1217 1345//1345
f 1217//1217 1346//1346 1345//1345
f 1217//1217 1218//1218 1346//1346
f 1218//1218 1347//1347 1346//1346
f 1218//1218 1219//1219 1347//1347
f 1219//1219 1348//1348 1347//1347
f 1219//1219 1220//1220 1348//1348
f 1220//1220 1349//1349 1348//1348
f 1220//1220 1221//1221 1349//1349
f 1221//1221 1350//1350 1349//1349
f 1221//1221 1222//1222 1350//1350
f 1222//1222 1351//1351 1350//1350
f 1222//1222 1223//1223 1351//1351
f 1223//1223 1352//1352 1351//1351
f 1223//1223 1224//1224 1352//1352
f 1224//1224 1353//1353 1352//1352
f 1224//1224 1225//1225 1353//1353
f 1225//1225 1354//1354 1353//1353
f 1225//1225 1226//1226 1354//1354
f 1226//1226 1355//1355 1354//1354
f 1226//1226 1227//1227 1355//1355
f 1227//1227 1356//1356 1355//1355
f 1227//1227 1228//1228 1356//1356
f 1228//1228 1357//1357 1356//1356
f 1228//1228 1229//1229 1357//1357
f 1229//1229 1358//1358 1357//1357
f 1229//1229 1230//1230 1358//1358
f 1230//1230 1359//1359 1358//1358
f 1230//1230 1231//1231 1359//1359
f 1231//1231 1360//1360 1359//1359
f 1231//1231 1232//1232 1360//1360
f 1232//1232 1361//1361 1360//1360
f 1232//1232 1233//1233 1361//1361
f 1233//1233 1362//1362 1361//1361
f 1233//1233 1234//1234 1362//1362
f 1234//1234 1363//1363 1362//1362
f 1234//1234 1235//1235 1363//1363
f 1235//1235 1364//1364 1363//1363
f 1235//1235 1236//1236 1364//1364
f 1236//1236 1365//1365 1364//1364
f 1236//1236 1237//1237 1365//1365
f 1237//1237 1366//1366 1365//1365
f 1237//1237 1238//1238 1366//1366
f 1238//1238 1367//1367 1366//1366
f 1238//1238 1239//1239 1367//1367
f 1239//1239 1368//1368 1367//1367
f 1239//1239 1240//1240 1368//1368
f 1240//1240 1369//1369 1368//1368
f 1240//1240 1241//1241 1369//1369
f 1241//1241 1370//1370 1369//1369
f 1241//1241 1242//1242 1370//1370
f 1242//1242 1371//1371 1370//1370
f 1242//1242 1243//1243 1371//1371
f 1243//1243 1372//1372 1371//1371
f 1243//1243 1244//1244 1372//1372
f 1244//1244 1373//1373 1372//1372
f 1244//1244 1245//1245 1373//1373
f 1245//1245 1374//1374 1373//1373
f 1245//1245 1246//1246 1374//1374
f 1246//1246 1375//1375 1374//1374
f 1246//1246 1247//1247 1375//1375
f 1247//1247 1376//1376 1375//1375
f 1247//1247 1248//1248 1376//1376
f 1248//1248 1377//1377 1376//1376
f 1248//1248 1249//1249 1377//1377
f 1249//1249 1378//1378 1377//1377
f 1249//1249 1250//1250 1378//1378
f 1250//1250 1379//1379 1378//1378
f 1250//1250 1251//1251 1379//1379
f 1251//1251 1380//1380 1379//1379
f 1251//1251 1252//1252 1380//1380
f 1252//1252 1381//1381 1380//1380
f 1252//1252 1253//1253 1381//1381
f 1253//1253 1382//1382 1381//1381
f 1253//1253 1254//1254 1382//1382
f 1254//1254 1383//1383 1382//1382
f 1254//1254 1255//1255 1383//1383
f 1255//1255 1384//1384 1383//1383
f 1255//1255 1256//1256 1384//1384
f 1256//1256 1385//1385 1384//1384
f 1256//1256 1257//1257 1385//1385
f 1257//1257 1386//1386 1385//1385
f 1257//1257 1258//1258 1386//1386
f 1258//1258 1387//1387 1386//1386
f 1258//1258 1259//1259 1387//1387
f 1259//1259 1388//1388 1387//1387
f 1259//1259 1260//1260 1388//1388
f 1260//1260 1389//1389 1388//1388
f 1260//1260 1261//1261 1389//1389
f 1261//1261 1390//1390 1389//1389
f 1261//1261 1262//1262 1390//1390
f 1262//1262 1391//1391 1390//1390
f 1262//1262 1263//1263 1391//1391
f 1263//1263 1392//1392 1391//1391
f 1263//1263 1264//1264 1392//1392
f 1264//1264 1393//1393 1392//1392
f 1264//1264 1265//1265 1393//1393
f 1265//1265 1394//1394 1393//1393
f 1265//1265 1266//1266 1394//1394
f 1266//1266 1395//1395 1394//1394
f 1266//1266 1267//1267 1395//1395
f 1267//1267 1396//1396 1395//1395
f 1267//1267 1268//1268 1396//1396
f 1268//1268 1397//1397 1396//1396
f 1268//1268 1269//1269 1397//1397
f 1269//1269 1398//1398 1397//1397
f 1269//1269 1270//1270 1398//1398
f 1270//1270 1399//1399 1398//1398
f 1270//1270 1271//1271 1399//1399
f 1271//1271 1400//1400 1399//1399
f 1271//1271 1272//1272 1400//1400
f 1272//1272 1401//1401 1400//1400
f 1272//1272 1273//1273 1401//1401
f 1273//1273 1402//1402 1401//1401
f 1273//1273 1274//1274 1402//1402
f 1274//1274 1403//1403 1402//1402
f 1274//1274 1275//1275 1403//1403
f 1275//1275 1404//1404 1403//1403
f 1275//1275 1276//1276 1404//1404
f 1276//1276 1405//1405 1404//1404
f 1276//1276 1277//1277 1405//1405
f 1277//1277 1406//1406 1405//1405
f 1277//1277 1278//1278 1406//1406
f 1278//1278 1407//1407 1406//1406
f 1278//1278 1279//1279 1407//1407
f 1279//1279 1408//1408 1407//1407
f 1279//1279 1280//1280 1408//1408
f 1280//1280 1281//1281 1408//1408
f 1280//1280 1153//1153 1281//1281
f 1281//1281 1410//1410 1409//1409
f 1281//1281 1282//1282 1410//1410
f 1282//1282 1411//1411 1410//1410
f 1282//1282 1283//1283 1411//1411
f 1283//1283 1412//1412 1411//1411
f 1283//1283 1284//1284 1412//1412
f 1284//1284 1413//1413 1412//1412
f 1284//1284 1285//1285 1413//1413
f 1285//1285 1414//1414 1413//1413
f 1285//1285 1286//1286 1414//1414
f 1286//1286 1415//1415 1414//1414
f 1286//1286 1287//1287 1415//1415
f 1287//1287 1416//1416 1415//1415
f 1287//1287 1288//1288 1416//1416
f 1288//1288 1417//1417 1416//1416
f 1288//1288 1289//1289 1417//1417
f 1289//1289 1418//1418 1417//1417
f 1289//1289 1290//1290 1418//1418
f 1290//1290 1419//1419 1418//1418
f 1290//1290 1291//1291 1419//1419
f 1291//1291 1420//1420 1419//1419
f 1291//1291 1292//1292 1420//1420
f 1292//1292 1421//1421 1420//1420
f 1292//1292 1293//1293 1421//1421
f 1293//1293 1422//1422 1421//1421
f 1293//1293 1294//1294 1422//1422
f 1294//1294 1423//1423 1422//1422
f 1294//1294 1295//1295 1423//1423
f 1295//1295 1424//1424 1423//1423
f 1295//1295 1296//1296 1424//1424
f 1296//1296 1425//1425 1424//1424
f 1296//1296 1297//1297 1425//1425
f 1297//1297 1426//1426 1425//1425
f 1297//1297 1298//1298 1426//1426
f 1298//1298 1427//1427 1426//1426
f 1298//1298 1299//1299 1427//1427
f 1299//1299 1428//1428 1427//1427
f 1299//1299 1300//1300 1428//1428
f 1300//1300 1429//1429 1428//1428
f 1300//1300 1301//1301 1429//1429
f 1301//1301 1430//1430 1429//1429
f 1301//1301 1302//1302 1430//1430
f 1302//1302 1431//1431 1430//1430
f 1302//1302 1303//1303 1431//1431
f 1303//1303 1432//1432 1431//1431
f 1303//1303 1304//1304 1432//1432
f 1304//1304 1433//1433 1432//1432
f 1304//1304 1305//1305 1433//1433
f 1305//1305 1434//1434 1433//1433
f 1305//1305 1306//1306 1434//1434
f 1306//1306 1435//1435 1434//1434
f 1306//1306 1307//1307 1435//1435
f 1307//1307 1436//1436 1435//1435
f 1307//1307 1308//1308 1436//1436
f 1308//1308 1437//1437 1436//1436
f 1308//1308 1309//1309 1437//1437
f 1309//1309 1438//1438 1437//1437
f 1309//1309 1310//1310 1438//1438
f 1310//1310 1439//1439 1438//1438
f 1310//1310 1311//1311 1439//1439
f 1311//1311 1440//1440 1439//1439
f 1311//1311 1312//1312 1440//1440
f 1312//1312 1441//1441 1440//1440
f 1312//1312 1313//1313 1441//1441
f 1313//1313 1442//1442 1441//1441
f 1313//1313 1314//1314 1442//1442
f 1314//1314 1443//1443 1442//1442
f 1314//1314 1315//1315 1443//1443
f 1315//1315 1444//1444 1443//1443
f 1315//1315 1316//1316 1444//1444
f 1316//1316 1445//1445 1444//1444
f 1316//1316 1317//1317 1445//1445
f 1317//1317 1446//1446 1445//1445
f 1317//1317 1318//1318 1446//1446
f 1318//1318 1447//1447 1446//1446
f 1318//1318 1319//1319 1447//1447
f 1319//1319 1448//1448 1447//1447
f 1319//1319 1320//1320 1448//1448
f 1320//1320 1449//1449 1448//1448
f 1320//1320 1321//1321 1449//1449
f 1321//1321 1450//1450 1449//1449
f 1321//1321 1322//1322 1450//1450
f 1322//1322 1451//1451 1450//1450
f 1322//1322 1323//1323 1451//1451
f 1323//1323 1452//1452 1451//1451
f 1323//1323 1324//1324 1452//1452
f 1324//1324 1453//1453 1452//1452
f 1324//1324 1325//1325 1453//1453
f 1325//1325 1454//1454 1453//1453
f 1325//1325 1326//1326 1454//1454
f 1326//1326 1455//1455 1454//1454
f 1326//1326 1327//1327 1455//1455
f 1327//1327 1456//1456 1455//1455
f 1327//1327 1328//1328 1456//1456
f 1328//1328 1457//1457 1456//1456
f 1328//1328 1329//1329 1457//1457
f 1329//1329 1458//1458 1457//1457
f 1329//1329 1330//1330 1458//1458
f 1330//1330 1459//1459 1458//1458
f 1330//1330 1331//1331 1459//1459
f 1331//1331 1460//1460 1459//1459
f 1331//1331 1332//1332 1460//1460
f 1332//1332 1461//1461 1460//1460
f 1332//1332 1333//1333 1461//1461
f 1333//1333 1462//1462 1461//1461
f 1333//1333 1334//1334 1462//1462
f 1334//1334 1463//1463 1462//1462
f 1334//1334 1335//1335 1463//1463
f 1335//1335 1464//1464 1463//1463
f 1335//1335 1336//1336 1464//1464
f 1336//1336 1465//1465 1464//1464
f 1336//1336 1337//1337 1465//1465
f 1337//1337 1466//1466 1465//1465
f 1337//1337 1338//1338 1466//1466
f 1338//1338 1467//1467 1466//1466
f 1338//1338 1339//1339 1467//1467
f 1339//1339 1468//1468 1467//1467
f 1339//1339 1340//1340 1468//1468
f 1340//1340 1469//1469 1468//1468
f 1340//1340 1341//1341 1469//1469
f 1341//1341 1470//1470 1469//1469
f 1341//1341 1342//1342 1470//1470
f 1342//1342 1471//1471 1470//1470
f 1342//1342 1343//1343 1471//1471
f 1343//1343 1472//1472 1471//1471
f 1343//1343 1344//1344 1472//1472
f 1344//1344 1473//1473 1472//1472
f 1344//1344 1345//1345 1473//1473
f 1345//1345 1474//1474 1473//1473
f 1345//1345 1346//1346 1474//1474
f 1346//1346 1475//1475 1474//1474
f 1346//1346 1347//1347 1475//1475
f 1347//1347 1476//1476 1475//1475
f 1347//1347 1348//1348 1476//1476
f 1348//1348 1477//1477 1476//1476
f 1348//1348 1349//1349 1477//1477
f 1349//1349 1478//1478 1477//1477
f 1349//1349 1350//1350 1478//1478
f 1350//1350 1479//1479 1478//1478
f 1350//1350 1351//1351 1479//1479
f 1351//1351 1480//1480 1479//1479
f 1351//1351 1352//1352 1480//1480
f 1352//1352 1481//1481 1480//1480
f 1352//1352 1353//1353 1481//1481
f 1353//1353 1482//1482 1481//1481
f 1353//1353 1354//1354 1482//1482
f 1354//1354 1483//1483 1482//1482
f 1354//1354 1355//1355 1483//1483
f 1355//1355 1484//1484 1483//1483
f 1355//1355 1356//1356 1484//1484
f 1356//1356 1485//1485 1484//1484
f 1356//1356 1357//1357 1485//1485
f 1357//1357 1486//1486 1485//1485
f 1357//1357 1358//1358 1486//1486
f 1358//1358 1487//1487 1486//1486
f 1358//1358 1359//1359 1487//1487
f 1359//1359 1488//1488 1487//1487
f 1359//1359 1360//1360 1488//1488
f 1360//1360 1489//1489 1488//1488
f 1360//1360 1361//1361 1489//1489
f 1361//1361 1490//1490 1489//1489
f 1361//1361 1362//1362 1490//1490
f 1362//1362 1491//1491 1490//1490
f 1362//1362 1363//1363 1491//1491
f 1363//1363 1492//1492 1491//1491
f 1363//1363 1364//1364 1492//1492
f 1364//1364 1493//1493 1492//1492
f 1364//1364 1365//1365 1493//1493
f 1365//1365 1494//1494 1493//1493
f 1365//1365 1366//1366 1494//1494
f 1366//1366 1495//1495 1494//1494
f 1366//1366 1367//1367 1495//1495
f 1367//1367 1496//1496 1495//1495
f 1367//1367 1368//1368 1496//1496
f 1368//1368 1497//1497 1496//1496
f 1368//1368 1369//1369 1497//1497
f 1369//1369 1498//1498 1497//1497
f 1369//1369 1370//1370 1498//1498
f 1370//1370 1499//1499 1498//1498
f 1370//1370 1371//1371 1499//1499
f 1371//1371 1500//1500 1499//1499
f 1371//1371 1372//1372 1500//1500
f 1372//1372 1501//1501 1500//1500
f 1372//1372 1373//1373 1501//1501
f 1373//1373 1502//1502 1501//1501
f 1373//1373 1374//1374 1502//1502
f 1374//1374 1503//1503 1502//1502
f 1374//1374 1375//1375 1503//1503
f 1375//1375 1504//1504 1503//1503
f 1375//1375 1376//1376 1504//1504
f 1376//1376 1505//1505 1504//1504
f 1376//1376 1377//1377 1505//1505
f 1377//1377 1506//1506 1505//1505
f 1377//1377 1378//1378 1506//1506
f 1378//1378 1507//1507 1506//1506
f 1378//1378 1379//1379 1507//1507
f 1379//1379 1508//1508 1507//1507
f 1379//1379 1380//1380 1508//1508
f 1380//1380 1509//1509 1508//1508
f 1380//1380 1381//1381 1509//1509
f 1381//1381 1510//1510 1509//1509
f 1381//1381 1382//1382 1510//1510
f 1382//1382 1511//1511 1510//1510
f 1382//1382 1383//1383 1511//1511
f 1383//1383 1512//1512 1511//1511
f 1383//1383 1384//1384 1512//1512
f 1384//1384 1513//1513 1512//1512
f 1384//1384 1385//1385 1513//1513
f 1385//1385 1514//1514 1513//1513
f 1385//1385 1386//1386 1514//1514
f 1386//1386 1515//1515 1514//1514
f 1386//1386 1387//1387 1515//1515
f 1387//1387 1516//1516 1515//1515
f 1387//1387 1388//1388 1516//1516
f 1388//1388 1517//1517 1516//1516
f 1388//1388 1389//1389 1517//1517
f 1389//1389 1518//1518 1517//1517
f 1389//1389 1390//1390 1518//1518
f 1390//1390 1519//1519 1518//1518
f 1390//1390 1391//1391 1519//1519
f 1391//1391 1520//1520 1519//1519
f 1391//1391 1392//1392 1520//1520
f 1392//1392 1521//1521 1520//1520
f 1392//1392 1393//1393 1521//1521
f 1393//1393 1522//1522 1521//1521
f 1393//1393 1394//1394 1522//1522
f 1394//1394 1523//1523 1522//1522
f 1394//1394 1395//1395 1523//1523
f 1395//1395 1524//1524 1523//1523
f 1395//1395 1396//1396 1524//1524
f 1396//1396 1525//1525 1524//1524
f 1396//1396 1397//1397 1525//1525
f 1397//1397 1526//1526 1525//1525
f 1397//1397 1398//1398 1526//1526
f 1398//1398 1527//1527 1526//1526
f 1398//1398 1399//1399 1527//1527
f 1399//1399 1528//1528 1527//1527
f 1399//1399 1400//1400 1528//1528
f 1400//1400 1529//1529 1528//1528
f 1400//1400 1401//1401 1529//1529
f 1401//1401 1530//1530 1529//1529
f 1401//1401 1402//1402 1530//1530
f 1402//1402 1531//1531 1530//1530
f 1402//1402 1403//1403 1531//1531
f 1403//1403 1532//1532 1531//1531
f 1403//1403 1404//1404 1532//1532
f 1404//1404 1533//1533 1532//1532
f 1404//1404 1405//1405 1533//1533
f 1405//1405 1534//1534 1533//1533
f 1405//1405 1406//1406 1534//1534
f 1406//1406 1535//1535 1534//1534
f 1406//1406 1407//1407 1535//1535
f 1407//1407 1536//1536 1535//1535
f 1407//1407 1408//1408 1536//1536
f 1408//1408 1409//1409 1536//1536
f 1408//1408 1281//1281 1409//1409
f 1409//1409 1538//1538 1537//1537
f 1409//1409 1410//1410 1538//1538
f 1410//1410 1539//1539 1538//1538
f 1410//1410 1411//1411 1539//1539
f 1411//1411 1540//1540 1539//1539
f 1411//1411 1412//1412 1540//1540
f 1412//1412 1541//1541 1540//1540
f 1412//1412 1413//1413 1541//1541
f 1413//1413 1542//1542 1541//1541
f 1413//1413 1414//1414 1542//1542
f 1414//1414 1543//1543 1542//1542
f 1414//1414 1415//1415 1543//1543
f 1415//1415 1544//1544 1543//1543
f 1415//1415 1416//1416 1544//1544
f 1416//1416 1545//1545 1544//1544
f 1416//1416 1417//1417 1545//1545
f 1417//1417 1546//1546 1545//1545
f 1417//1417 1418//1418 1546//1546
f 1418//1418 1547//1547 1546//1546
f 1418//1418 1419//1419 1547//1547
f 1419//1419 1548//1548 1547//1547
f 1419//1419 1420//1420 1548//1548
f 1420//1420 1549//1549 1548//1548
f 1420//1420 1421//1421 1549//1549
f 1421//1421 1550//1550 1549//1549
f 1421//1421 1422//1422 1550//1550
f 1422//1422 1551//1551 1550//1550
f 1422//1422 1423//1423 1551//1551
f 1423//1423 1552//1552 1551//1551
f 1423//1423 1424//1424 1552//1552
f 1424//1424 1553//1553 1552//1552
f 1424//1424 1425//1425 1553//1553
f 1425//1425 1554//1554 1553//1553
f 1425//1425 1426//1426 1554//1554
f 1426//1426 1555//1555 1554//1554
f 1426//1426 1427//1427 1555//1555
f 1427//1427 1556//1556 1555//1555
f 1427//1427 1428//1428 1556//1556
f 1428//1428 1557//1557 1556//1556
f 1428//1428 1429//1429 1557//1557
f 1429//1429 1558//1558 1557//1557
f 1429//1429 1430//1430 1558//1558
f 1430//1430 1559//1559 1558//1558
f 1430//1430 1431//1431 1559//1559
f 1431//1431 1560//1560 1559//1559
f 1431//1431 1432//1432 1560//1560
f 1432//1432 1561//1561 1560//1560
f 1432//1432 1433//1433 1561//1561
f 1433//1433 1562//1562 1561//1561
f 1433//1433 1434//1434 1562//1562
f 1434//1434 1563//1563 1562//1562
f 1434//1434 1435//1435 1563//1563
f 1435//1435 1564//1564 1563//1563
f 1435//1435 1436//1436 1564//1564
f 1436//1436 1565//1565 1564//1564
f 1436//1436 1437//1437 1565//1565
f 1437//1437 1566//1566 1565//1565
f 1437//1437 1438//1438 1566//1566
f 1438//1438 1567//1567 1566//1566
f 1438//1438 1439//1439 1567//1567
f 1439//1439 1568//1568 1567//1567
f 1439//1439 1440//1440 1568//1568
f 1440//1440 1569//1569 1568//1568
f 1440//1440 1441//1441 1569//1569
f 1441//1441 1570//1570 1569//1569
f 1441//1441 1442//1442 1570//1570
f 1442//1442 1571//1571 1570//1570
f 1442//1442 1443//1443 1571//1571
f 1443//1443 1572//1572 1571//1571
f 1443//1443 1444//1444 1572//1572
f 1444//1444 1573//1573 1572//1572
f 1444//1444 1445//1445 1573//1573
f 1445//1445 1574//1574 1573//1573
f 1445//1445 1446//1446 1574//1574
f 1446//1446 1575//1575 1574//1574
f 1446//1446 1447//1447 1575//1575
f 1447//1447 1576//1576 1575//1575
f 1447//1447 1448//1448 1576//1576
f 1448//1448 1577//1577 1576//1576
f 1448//1448 1449//1449 1577//1577
f 1449//1449 1578//1578 1577//1577
f 1449//1449 1450//1450 1578//1578
f 1450//1450 1579//1579 1578//1578
f 1450//1450 1451//1451 1579//1579
f 1451//1451 1580//1580 1579//1579
f 1451//1451 1452//1452 1580//1580
f 1452//1452 1581//1581 1580//1580
f 1452//1452 1453//1453 1581//1581
f 1453//1453 1582//1582 1581//1581
f 1453//1453 1454//1454 1582//1582
f 1454//1454 1583//1583 1582//1582
f 1454//1454 1455//1455 1583//1583
f 1455//1455 1584//1584 1583//1583
f 1455//1455 1456//1456 1584//1584
f 1456//1456 1585//1585 1584//1584
f 1456//1456 1457//1457 1585//1585
f 1457//1457 1586//1586 1585//1585
f 1457//1457 1458//1458 1586//1586
f 1458//1458 1587//1587 1586//1586
f 1458//1458 1459//1459 1587//1587
f 1459//1459 1588//1588 1587//1587
f 1459//1459 1460//1460 1588//1588
f 1460//1460 1589//1589 1588//1588
f 1460//1460 1461//1461 1589//1589
f 1461//1461 1590//1590 1589//1589
f 1461//1461 1462//1462 1590//1590
f 1462//1462 1591//1591 1590//1590
f 1462//1462 1463//1463 1591//1591
f 1463//1463 1592//1592 1591//1591
f 1463//1463 1464//1464 1592//1592
f 1464//1464 1593//1593 1592//1592
f 1464//1464 1465//1465 1593//1593
f 1465//1465 1594//1594 1593//1593
f 1465//1465 1466//1466 1594//1594
f 1466//1466 1595//1595 1594//1594
f 1466//1466 1467//1467 1595//1595
f 1467//1467 1596//1596 1595//1595
f 1467//1467 1468//1468 1596//1596
f 1468//1468 1597//1597 1596//1596
f 1468//1468 1469//1469 1597//1597
f 1469//1469 1598//1598 1597//1597
f 1469//1469 1470//1470 1598//1598
f 1470//1470 1599//1599 1598//1598
f 1470//1470 1471//1471 1599//1599
f 1471//1471 1600//1600 1599//1599
f 1471//1471 1472//1472 1600//1600
f 1472//1472 1601//1601 1600//1600
f 1472//1472 1473//1473 1601//1601
f 1473//1473 1602//1602 1601//1601
f 1473//1473 1474//1474 1602//1602
f 1474//1474 1603//1603 1602//1602
f 1474//1474 1475//1475 1603//1603
f 1475//1475 1604//1604 1603//1603
f 1475//1475 1476//1476 1604//1604
f 1476//1476 1605//1605 1604//1604
f 1476//1476 1477//1477 1605//1605
f 1477//1477 1606//1606 1605//1605
f 1477//1477 1478//1478 1606//1606
f 1478//1478 1607//1607 1606//1606
f 1478//1478 1479//1479 1607//1607
f 1479//1479 1608//1608 1607//1607
f 1479//1479 1480//1480 1608//1608
f 1480//1480 1609//1609 1608//1608
f 1480//1480 1481//1481 1609//1609
f 1481//1481 1610//1610 1609//1609
f 1481//1481 1482//1482 1610//1610
f 1482//1482 1611//1611 1610//1610
f 1482//1482 1483//1483 1611//1611
f 1483//1483 1612//1612 1611//1611
f 1483//1483 1484//1484 1612//1612
f 1484//1484 1613//1613 1612//1612
f 1484//1484 1485//1485 1613//1613
f 1485//1485 1614//1614 1613//1613
f 1485//1485 1486//1486 1614//1614
f 1486//1486 1615//1615 1614//1614
f 1486//1486 1487//1487 1615//1615
f 1487//1487 1616//1616 1615//1615
f 1487//1487 1488//1488 1616//1616
f 1488//1488 1617//1617 1616//1616
f 1488//1488 1489//1489 1617//1617
f 1489//1489 1618//1618 1617//1617
f 1489//1489 1490//1490 1618//1618
f 1490//1490 1619//1619 1618//1618
f 1490//1490 1491//1491 1619//1619
f 1491//1491 1620//1620 1619//1619
f 1491//1491 1492//1492 1620//1620
f 1492//1492 1621//1621 1620//1620
f 1492//1492 1493//1493 1621//1621
f 1493//1493 1622//1622 1621//1621
f 1493//1493 1494//1494 1622//1622
f 1494//1494 1623//1623 1622//1622
f 1494//1494 1495//1495 1623//1623
f 1495//1495 1624//1624 1623//1623
f 1495//1495 1496//1496 1624//1624
f 1496//1496 1625//1625 1624//1624
f 1496//1496 1497//1497 1625//1625
f 1497//1497 1626//1626 1625//1625
f 1497//1497 1498//1498 1626//1626
f 1498//1498 1627//1627 1626//1626
f 1498//1498 1499//1499 1627//1627
f 1499//1499 1628//1628 1627//1627
f 1499//1499 1500//1500 1628//1628
f 1500//1500 1629//1629 1628//1628
f 1500//1500 1501//1501 1629//1629
f 1501//1501 1630//1630 1629//1629
f 1501//1501 1502//1502 1630//1630
f 1502//1502 1631//1631 1630//1630
f 1502//1502 1503//1503 1631//1631
f 1503//1503 1632//1632 1631//1631
f 1503//1503 1504//1504 1632//1632
f 1504//1504 1633//1633 1632//1632
f 1504//1504 1505//1505 1633//1633
f 1505//1505 1634//1634 1633//1633
f 1505//1505 1506//1506 1634//1634
f 1506//1506 1635//1635 1634//1634
f 1506//1506 1507//1507 1635//1635
f 1507//1507 1636//1636 1635//1635
f 1507//1507 1508//1508 1636//1636
f 1508//1508 1637//1637 1636//1636
f 1508//1508 1509//1509 1637//1637
f 1509//1509 1638//1638 1637//1637
f 1509//1509 1510//1510 1638//1638
f 1510//1510 1639//1639 1638//1638
f 1510//1510 1511//1511 1639//1639
f 1511//1511 1640//1640 1639//1639
f 1511//1511 1512//1512 1640//1640
f 1512//1512 1641//1641 1640//1640
f 1512//1512 1513//1513 1641//1641
f 1513//1513 1642//1642 1641//1641
f 1513//1513 1514//1514 1642//1642
f 1514//1514 1643//1643 1642//1642
f 1514//1514 1515//1515 1643//1643
f 1515//1515 1644//1644 1643//1643
f 1515//1515 1516//1516 1644//1644
f 1516//1516 1645//1645 1644//1644
f 1516//1516 1517//1517 1645//1645
f 1517//1517 1646//1646 1645//1645
f 1517//1517 1518//1518 1646//1646
f 1518//1518 1647//1647 1646//1646
f 1518//1518 1519//1519 1647//1647
f 1519//1519 1648//1648 1647//1647
f 1519//1519 1520//1520 1648//1648
f 1520//1520 1649//1649 1648//1648
f 1520//1520 1521//1521 1649//1649
f 1521//1521 1650//1650 1649//1649
f 1521//1521 1522//1522 1650//1650
f 1522//1522 1651//1651 1650//1650
f 1522//1522 1523//1523 1651//1651
f 1523//1523 1652//1652 1651//1651
f 1523//1523 1524//1524 1652//1652
f 1524//1524 1653//1653 1652//1652
f 1524//1524 1525//1525 1653//1653
f 1525//1525 1654//1654 1653//1653
f 1525//1525 1526//1526 1654//1654
f 1526//1526 1655//1655 1654//1654
f 1526//1526 1527//1527 1655//1655
f 1527//1527 1656//1656 1655//1655
f 1527//1527 1528//1528 1656//1656
f 1528//1528 1657//1657 1656//1656
f 1528//1528 1529//1529 1657//1657
f 1529//1529 1658//1658 1657//1657
f 1529//1529 1530//1530 1658//1658
f 1530//1530 1659//1659 1658//1658
f 1530//1530 1531//1531 1659//1659
f 1531//1531 1660//1660 1659//1659
f 1531//1531 1532//1532 1660//1660
f 1532//1532 1661//1661 1660//1660
f 1532//1532 1533//1533 1661//1661
f 1533//1533 1662//1662 1661//1661
f 1533//1533 1534//1534 1662//1662
f 1534//1534 1663//1663 1662//1662
f 1534//1534 1535//1535 1663//1663
f 1535//1535 1664//1664 1663//1663
f 1535//1535 1536//1536 1664//1664
f 1536//1536 1537//1537 1664//1664
f 1536//1536 1409//1409 1537//1537
f 769//769 1537//1537 1538//1538
f 769//769 1538//1538 770//770
f 770//770 1538//1538 1539//1539
f 770//770 1539//1539 771//771
f 771//771 1539//1539 1540//1540
f 771//771 1540//1540 772//772
f 772//772 1540//1540 1541//1541
f 772//772 1541//1541 773//773
f 773//773 1541//1541 1542//1542
f 773//773 1542//1542 774//774
f 774//774 1542//1542 1543//1543
f 774//774 1543//1543 775//775
f 775//775 1543//1543 1544//1544
f 775//775 1544//1544 776//776
f 776//776 1544//1544 1545//1545
f 776//776 1545//1545 777//777
f 777//777 1545//1545 1546//1546
f 777//777 1546//1546 778//778
f 778//778 1546//1546 1547//1547
f 778//778 1547//1547 779//779
f 779//779 1547//1547 1548//1548
f 779//779 1548//1548 780//780
f 780//780 1548//1548 1549//1549
f 780//780 1549//1549 781//781
f 781//781 1549//1549 1550//1550
f 781//781 1550//1550 782//782
f 782//782 1550//1550 1551//1551
f 782//782 1551//1551 783//783
f 783//783 1551//1551 1552//1552
f 783//783 1552//1552 784//784
f 784//784 1552//1552 1553//1553
f 784//784 1553//1553 785//785
f 785//785 1553//1553 1554//1554
f 785//785 1554//1554 786//786
f 786//786 1554//1554 1555//1555
f 786//786 1555//1555 787//787
f 787//787 1555//1555 1556//1556
f 787//787 1556//1556 788//788
f 788//788 1556//1556 1557//1557
f 788//788 1557//1557 789//789
f 789//789 1557//1557 1558//1558
f 789//789 1558//1558 790//790
f 790//790 1558//1558 1559//1559
f 790//790 1559//1559 791//791
f 791//791 1559//1559 1560//1560
f 791//791 1560//1560 792//792
f 792//792 1560//1560 1561//1561
f 792//792 1561//1561 793//793
f 793//793 1561//1561 1562//1562
f 793//793 1562//1562 794//794
f 794//794 1562//1562 1563//1563
f 794//794 1563//1563 795//795
f 795//795 1563//1563 1564//1564
f 795//795 1564//1564 796//796
f 796//796 1564//1564 1565//1565
f 796//796 1565//1565 797//797
f 797//797 1565//1565 1566//1566
f 797//797 1566//1566 798//798
f 798//798 1566//1566 1567//1567
f 798//798 1567//1567 799//799
f 799//799 1567//1567 1568//1568
f 799//799 1568//1568 800//800
f 800//800 1568//1568 1569//1569
f 800//800 1569//1569 801//801
f 801//801 1569//1569 1570//1570
f 801//801 1570//1570 802//802
f 802//802 1570//1570 1571//1571
f 802//802 1571//1571 803//803
f 803//803 1571//1571 1572//1572
f 803//803 1572//1572 804//804
f 804//804 1572//1572 1573//1573
f 804//804 1573//1573 805//805
f 805//805 1573//1573 1574//1574
f 805//805 1574//1574 806//806
f 806//806 1574//1574 1575//1575
f 806//806 1575//1575 807//807
f 807//807 1575//1575 1576//1576
f 807//807 1576//1576 808//808
f 808//808 1576//1576 1577//1577
f 808//808 1577//1577 809//809
f 809//809 1577//1577 1578//1578
f 809//809 1578//1578 810//810
f 810//810 1578//1578 1579//1579
f 810//810 1579//1579 811//811
f 811//811 1579//1579 1580//1580
f 811//811 1580//1580 812//812
f 812//812 1580//1580 1581//1581
f 812//812 1581//1581 813//813
f 813//813 1581//1581 1582//1582
f 813//813 1582//1582 814//814
f 814//814 1582//1582 1583//1583
f 814//814 1583//1583 815//815
f 815//815 1583//1583 1584//1584
f 815//815 1584//1584 816//816
f 816//816 1584//1584 1585//1585
f 816//816 1585//1585 817//817
f 817//817 1585//1585 1586//1586
f 817//817 1586//1586 818//818
f 818//818 1586//1586 1587//1587
f 818//818 1587//1587 819//819
f 819//819 1587//1587 1588//1588
f 819//819 1588//1588 820//820
f 820//820 1588//1588 1589//1589
f 820//820 1589//1589 821//821
f 821//821 1589//1589 1590//1590
f 821//821 1590//1590 822//822
f 822//822 1590//1590 1591//1591
f 822//822 1591//1591 823//823
f 823//823 1591//1591 1592//1592
f 823//823 1592//1592 824//824
f 824//824 1592//1592 1593//1593
f 824//824 1593//1593 825//825
f 825//825 1593//1593 1594//1594
f 825//825 1594//1594 826//826
f 826//826 1594//1594 1595//1595
f 826//826 1595//1595 827//827
f 827//827 1595//1595 1596//1596
f 827//827 1596//1596 828//828
f 828//828 1596//1596 1597//1597
f 828//828 1597//1597 829//829
f 829//829 1597//1597 1598//1598
f 829//829 1598//1598 830//830
f 830//830 1598//1598 1599//1599
f 830//830 1599//1599 831//831
f 831//831 1599//1599 1600//1600
f 831//831 1600//1600 832//832
f 832//832 1600//1600 1601//1601
f 832//832 1601//1601 833//833
f 833//833 1601//1601 1602//1602
f 833//833 1602//1602 834//834
f 834//834 1602//1602 1603//1603
f 834//834 1603//1603 835//835
f 835//835 1603//1603 1604//1604
f 835//835 1604//1604 836//836
f 836//836 1604//1604 1605//1605
f 836//836 1605//1605 837//837
f 837//837 1605//1605 1606//1606
f 837//837 1606//1606 838//838
f 838//838 1606//1606 1607//1607
f 838//838 1607//1607 839//839
f 839//839 1607//1607 1608//1608
f 839//839 1608//1608 840//840
f 840//840 1608//1608 1609//1609
f 840//840 1609//1609 841//841
f 841//841 1609//1609 1610//1610
f 841//841 1610//1610 842//842
f 842//842 1610//1610 1611//1611
f 842//842 1611//1611 843//843
f 843//843 1611//1611 1612//1612
f 843//843 1612//1612 844//844
f 844//844 1612//1612 1613//1613
f 844//844 1613//1613 845//845
f 845//845 1613//1613 1614//1614
f 845//845 1614//1614 846//846
f 846//846 1614//1614 1615//1615
f 846//846 1615//1615 847//847
f 847//847 1615//1615 1616//1616
f 847//847 1616//1616 848//848
f 848//848 1616//1616 1617//1617
f 848//848 1617//1617 849//849
f 849//849 1617//1617 1618//1618
f 849//849 1618//1618 850//850
f 850//850 1618//1618 1619//1619
f 850//850 1619//1619 851//851
f 851//851 1619//1619 1620//1620
f 851//851 1620//1620 852//852
f 852//852 1620//1620 1621//1621
f 852//852 1621//1621 853//853
f 853//853 1621//1621 1622//1622
f 853//853 1622//1622 854//854
f 854//854 1622//1622 1623//1623
f 854//854 1623//1623 855//855
f 855//855 1623//1623 1624//1624
f 855//855 1624//1624 856//856
f 856//856 1624//1624 1625//1625
f 856//856 1625//1625 857//857
f 857//857 1625//1625 1626//1626
f 857//857 1626//1626 858//858
f 858//858 1626//1626 1627//1627
f 858//858 1627//1627 859//859
f 859//859 1627//1627 1628//1628
f 859//859 1628//1628 860//860
f 860//860 1628//1628 1629//1629
f 860//860 1629//1629 861//861
f 861//861 1629//1629 1630//1630
f 861//861 1630//1630 862//862
f 862//862 1630//1630 1631//1631
f 862//862 1631//1631 863//863
f 863//863 1631//1631 1632//1632
f 863//863 1632//1632 864//864
f 864//864 1632//1632 1633//1633
f 864//864 1633//1633 865//865
f 865//865 1633//1633 1634//1634
f 865//865 1634//1634 866//866
f 866//866 1634//1634 1635//1635
f 866//866 1635//1635 867//867
f 867//867 1635//1635 1636//1636
f 867//867 1636//1636 868//868
f 868//868 1636//1636 1637//1637
f 868//868 1637//1637 869//869
f 869//869 1637//1637 1638//1638
f 869//869 1638//1638 870//870
f 870//870 1638//1638 1639//1639
f 870//870 1639//1639 871//871
f 871//871 1639//1639 1640//1640
f 871//871 1640//1640 872//872
f 872//872 1640//1640 1641//1641
f 872//872 1641//1641 873//873
f 873//873 1641//1641 1642//1642
f 873//873 1642//1642 874//874
f 874//874 1642//1642 1643//1643
f 874//874 1643//1643 875//875
f 875//875 1643//1643 1644//1644
f 875//875 1644//1644 876//876
f 876//876 1644//1644 1645//1645
f 876//876 1645//1645 877//877
f 877//877 1645//1645 1646//1646
f 877//877 1646//1646 878//878
f 878//878 1646//1646 1647//1647
f 878//878 1647//1647 879//879
f 879//879 1647//1647 1648//1648
f 879//879 1648//1648 880//880
f 880//880 1648//1648 1649//1649
f 880//880 1649//1649 881//881
f 881//881 1649//1649 1650//1650
f 881//881 1650//1650 882//882
f 882//882 1650//1650 1651//1651
f 882//882 1651//1651 883//883
f 883//883 1651//1651 1652//1652
f 883//883 1652//1652 884//884
f 884//884 1652//1652 1653//1653
f 884//884 1653//1653 885//885
f 885//885 1653//1653 1654//1654
f 885//885 1654//1654 886//886
f 886//886 1654//1654 1655//1655
f 886//886 1655//1655 887//887
f 887//887 1655//1655 1656//1656
f 887//887 1656//1656 888//888
f 888//888 1656//1656 1657//1657
f 888//888 1657//1657 889//889
f 889//889 1657//1657 1658//1658
f 889//889 1658//1658 890//890
f 890//890 1658//1658 1659//1659
f 890//890 1659//1659 891//891
f 891//891 1659//1659 1660//1660
f 891//891 1660//1660 892//892
f 892//892 1660//1660 1661//1661
f 892//892 1661//1661 893//893
f 893//893 1661//1661 1662//1662
f 893//893 1662//1662 894//894
f 894//894 1662//1662 1663//1663
f 894//894 1663//1663 895//895
f 895//895 1663//1663 1664//1664
f 895//895 1664//1664 896//896
f 896//896 1664//1664 1537//1537
f 896//896 1537//1537 769//769
f 897//897 1//1 2//2
f 897//897 2//2 898//898
f 898//898 2//2 3//3
f 898//898 3//3 899//899
f 899//899 3//3 4//4
f 899//899 4//4 900//900
f 900//900 4//4 5//5
f 900//900 5//5 901//901
f 901//901 5//5 6//6
f 901//901 6//6 902//902
f 902//902 6//6 7//7
f 902//902 7//7 903//903
f 903//903 7//7 8//8
f 903//903 8//8 904//904
f 904//904 8//8 9//9
f 904//904 9//9 905//905
f 905//905 9//9 10//10
f 905//905 10//10 906//906
f 906//906 10//10 11//11
f 906//906 11//11 907//907
f 907//907 11//11 12//12
f 907//907 12//12 908//908
f 908//908 12//12 13//13
f 908//908 13//13 909//909
f 909//909 13//13 14//14
f 909//909 14//14 910//910
f 910//910 14//14 15//15
f 910//910 15//15 911//911
f 911//911 15//15 16//16
f 911//911 16//16 912//912
f 912//912 16//16 17//17
f 912//912 17//17 913//913
f 913//913 17//17 18//18
f 913//913 18//18 914//914
f 914//914 18//18 19//19
f 914//914 19//19 915//915
f 915//915 19//19 20//20
f 915//915 20//20 916//916
f 916//916 20//20 21//21
f 916//916 21//21 917//917
f 917//917 21//21 22//22
f 917//917 22//22 918//918
f 918//918 22//22 23//23
f 918//918 23//23 919//919
f 919//919 23//23 24//24
f 919//919 24//24 920//920
f 920//920 24//24 25//25
f 920//920 25//25 921//921
f 921//921 25//25 26//26
f 921//921 26//26 922//922
f 922//922 26//26 27//27
f 922//922 27//27 923//923
f 923//923 27//27 28//28
f 923//923 28//28 924//924
f 924//924 28//28 29//29
f 924//924 29//29 925//925
f 925//925 29//29 30//30
f 925//925 30//30 926//926
f 926//926 30//30 31//31
f 926//926 31//31 927//927
f 927//927 31//31 32//32
f 927//927 32//32 928//928
f 928//928 32//32 33//33
f 928//928 33//33 929//929
f 929//929 33//33 34//34
f 929//929 34//34 930//930
f 930//930 34//34 35//35
f 930//930 35//35 931//931
f 931//931 35//35 36//36
f 931//931 36//36 932//932
f 932//932 36//36 37//37
f 932//932 37//37 933//933
f 933//933 37//37 38//38
f 933//933 38//38 934//934
f 934//934 38//38 39//39
f 934//934 39//39 935//935
f 935//935 39//39 40//40
f 935//935 40//40 936//936
f 936//936 40//40 41//41
f 936//936 41//41 937//937
f 937//937 41//41 42//42
f 937//937 42//42 938//938
f 938//938 42//42 43//43
f 938//938 43//43 939//939
f 939//939 43//43 44//44
f 939//939 44//44 940//940
f 940//940 44//44 45//45
f 940//940 45//45 941//941
f 941//941 45//45 46//46
f 941//941 46//46 942//942
f 942//942 46//46 47//47
f 942//942 47//47 943//943
f 943//943 47//47 48//48
f 943//943 48//48 944//944
f 944//944 48//48 49//49
f 944//944 49//49 945//945
f 945//945 49//49 50//50
f 945//945 50//50 946//946
f 946//946 50//50 51//51
f 946//946 51//51 947//947
f 947//947 51//51 52//52
f 947//947 52//52 948//948
f 948//948 52//52 53//53
f 948//948 53//53 949//949
f 949//949 53//53 54//54
f 949//949 54//54 950//950
f 950//950 54//54 55//55
f 950//950 55//55 951//951
f 951//951 55//55 56//56
f 951//951 56//56 952//952
f 952//952 56//56 57//57
f 952//952 57//57 953//953
f 953//953 57//57 58//58
f 953//953 58//58 954//954
f 954//954 58//58 59//59
f 954//954 59//59 955//955
f 955//955 59//59 60//60
f 955//955 60//60 956//956
f 956//956 60//60 61//61
f 956//956 61//61 957//957
f 957//957 61//61 62//62
f 957//957 62//62 958//958
f 958//958 62//62 63//63
f 958//958 63//63 959//959
f 959//959 63//63 64//64
f 959//959 64//64 960//960
f 960//960 64//64 65//65
f 960//960 65//65 961//961
f 961//961 65//65 66//66
f 961//961 66//66 962//962
f 962//962 66//66 67//67
f 962//962 67//67 963//963
f 963//963 67//67 68//68
f 963//963 68//68 964//964
f 964//964 68//68 69//69
f 964//964 69//69 965//965
f 965//965 69//69 70//70
f 965//965 70//70 966//966
f 966//966 70//70 71//71
f 966//966 71//71 967//967
f 967//967 71//71 72//72
f 967//967 72//72 968//968
f 968//968 72//72 73//73
f 968//968 73//73 969//969
f 969//969 73//73 74//74
f 969//969 74//74 970//970
f 970//970 74//74 75//75
f 970//970 75//75 971//971
f 971//971 75//75 76//76
f 971//971 76//76 972//972
f 972//972 76//76 77//77
f 972//972 77//77 973//973
f 973//973 77//77 78//78
f 973//973 78//78 974//974
f 974//974 78//78 79//79
f 974//974 79//79 975//975
f 975//975 79//79 80//80
f 975//975 80//80 976//976
f 976//976 80//80 81//81
f 976//976 81//81 977//977
f 977//977 81//81 82//82
f 977//977 82//82 978//978
f 978//978 82//82 83//83
f 978//978 83//83 979//979
f 979//979 83//83 84//84
f 979//979 84//84 980//980
f 980//980 84//84 85//85
f 980//980 85//85 981//981
f 981//981 85//85 86//86
f 981//981 86//86 982//982
f 982//982 86//86 87//87
f 982//982 87//87 983//983
f 983//983 87//87 88//88
f 983//983 88//88 984//984
f 984//984 88//88 89//89
f 984//984 89//89 985//985
f 985//985 89//89 90//90
f 985//985 90//90 986//986
f 986//986 90//90 91//91
f 986//986 91//91 987//987
f 987//987 91//91 92//92
f 987//987 92//92 988//988
f 988//988 92//92 93//93
f 988//988 93//93 989//989
f 989//989 93//93 94//94
f 989//989 94//94 990//990
f 990//990 94//94 95//95
f 990//990 95//95 991//991
f 991//991 95//95 96//96
f 991//991 96//96 992//992
f 992//992 96//96 97//97
f 992//992 97//97 993//993
f 993//993 97//97 98//98
f 993//993 98//98 994//994
f 994//994 98//98 99//99
f 994//994 99//99 995//995
f 995//995 99//99 100//100
f 995//995 100//100 996//996
f 996//996 100//100 101//101
f 996//996 101//101 997//997
f 997//997 101//101 102//102
f 997//997 102//102 998//998
f 998//998 102//102 103//103
f 998//998 103//103 999//999
f 999//999 103//103 104//104
f 999//999 104//104 1000//1000
f 1000//1000 104//104 105//105
f 1000//1000 105//105 1001//1001
f 1001//1001 105//105 106//106
f 1001//1001 106//106 1002//1002
f 1002//1002 106//106 107//107
f 1002//1002 107//107 1003//1003
f 1003//1003 107//107 108//108
f 1003//1003 108//108 1004//1004
f 1004//1004 108//108 109//109
f 1004//1004 109//109 1005//1005
f 1005//1005 109//109 110//110
f 1005//1005 110//110 1006//1006
f 1006//1006 110//110 111//111
f 1006//1006 111//111 1007//1007
f 1007//1007 111//111 112//112
f 1007//1007 112//112 1008//1008
f 1008//1008 112//112 113//113
f 1008//1008 113//113 1009//1009
f 1009//1009 113//113 114//114
f 1009//1009 114//114 1010//1010
f 1010//1010 114//114 115//115
f 1010//1010 115//115 1011//1011
f 1011//1011 115//115 116//116
f 1011//1011 116//116 1012//1012
f 1012//1012 116//116 117//117
f 1012//1012 117//117 1013//1013
f 1013//1013 117//117 118//118
f 1013//1013 118//118 1014//1014
f 1014//1014 118//118 119//119
f 1014//1014 119//119 1015//1015
f 1015//1015 119//119 120//120
f 1015//1015 120//120 1016//1016
f 1016//1016 120//120 121//121
f 1016//1016 121//121 1017//1017
f 1017//1017 121//121 122//122
f 1017//1017 122//122 1018//1018
f 1018//1018 122//122 123//123
f 1018//1018 123//123 1019//1019
f 1019//1019 123//123 124//124
f 1019//1019 124//124 1020//1020
f 1020//1020 124//124 125//125
f 1020//1020 125//125 1021//1021
f 1021//1021 125//125 126//126
f 1021//1021 126//126 1022//1022
f 1022//1022 126//126 127//127
f 1022//1022 127//127 1023//1023
f 1023//1023 127//127 128//128
f 1023//1023 128//128 1024//1024
f 1024//1024 128//128 1//1
f 1024//1024 1//1 897//897
f 1665//1665 898//898 897//897
f 1665//1665 899//899 898//898
f 1665//1665 900//900 899//899
f 1665//1665 901//901 900//900
f 1665//1665 902//902 901//901
f 1665//1665 903//903 902//902
f 1665//1665 904//904 903//903
f 1665//1665 905//905 904//904
f 1665//1665 906//906 905//905
f 1665//1665 907//907 906//906
f 1665//1665 908//908 907//907
f 1665//1665 909//909 908//908
f 1665//1665 910//910 909//909
f 1665//1665 911//911 910//910
f 1665//1665 912//912 911//911
f 1665//1665 913//913 912//912
f 1665//1665 914//914 913//913
f 1665//1665 915//915 914//914
f 1665//1665 916//916 915//915
f 1665//1665 917//917 916//916
f 1665//1665 918//918 917//917
f 1665//1665 919//919 918//918
f 1665//1665 920//920 919//919
f 1665//1665 921//921 920//920
f 1665//1665 922//922 921//921
f 1665//1665 923//923 922//922
f 1665//1665 924//924 923//923
f 1665//1665 925//925 924//924
f 1665//1665 926//926 925//925
f 1665//1665 927//927 926//926
f 1665//1665 928//928 927//927
f 1665//1665 929//929 928//928
f 1665//1665 930//930 929//929
f 1665//1665 931//931 930//930
f 1665//1665 932//932 931//931
f 1665//1665 933//933 932//932
f 1665//1665 934//934 933//933
f 1665//1665 935//935 934//934
f 1665//1665 936//936 935//935
f 1665//1665 937//937 936//936
f 1665//1665 938//938 937//937
f 1665//1665 939//939 938//938
f 1665//1665 940//940 939//939
f 1665//1665 941//941 940//940
f 1665//1665 942//942 941//941
f 1665//1665 943//943 942//942
f 1665//1665 944//944 943//943
f 1665//1665 945//945 944//944
f 1665//1665 946//946 945//945
f 1665//1665 947//947 946//946
f 1665//1665 948//948 947//947
f 1665//1665 949//949 948//948
f 1665//1665 950//950 949//949
f 1665//1665 951//951 950//950
f 1665//1665 952//952 951//951
f 1665//1665 953//953 952//952
f 1665//1665 954//954 953//953
f 1665//1665 955//955 954//954
f 1665//1665 956//956 955//955
f 1665//1665 957//957 956//956
f 1665//1665 958//958 957//957
f 1665//1665 959//959 958//958
f 1665//1665 960//960 959//959
f 1665//1665 961//961 960//960
f 1665//1665 962//962 961//961
f 1665//1665 963//963 962//962
f 1665//1665 964//964 963//963
f 1665//1665 965//965 964//964
f 1665//1665 966//966 965//965
f 1665//1665 967//967 966//966
f 1665//1665 968//968 967//967
f 1665//1665 969//969 968//968
f 1665//1665 970//970 969//969
f 1665//1665 971//971 970//970
f 1665//1665 972//972 971//971
f 1665//1665 973//973 972//972
f 1665//1665 974//974 973//973
f 1665//1665 975//975 974//974
f 1665//1665 976//976 975//975
f 1665//1665 977//977 976//976
f 1665//1665 978//978 977//977
f 1665//1665 979//979 978//978
f 1665//1665 980//980 979//979
f 1665//1665 981//981 980//980
f 1665//1665 982//982 981//981
f 1665//1665 983//983 982//982
f 1665//1665 984//984 983//983
f 1665//1665 985//985 984//984
f 1665//1665 986//986 985//985
f 1665//1665 987//987 986//986
f 1665//1665 988//988 987//987
f 1665//1665 989//989 988//988
f 1665//1665 990//990 989//989
f 1665//1665 991//991 990//990
f 1665//1665 992//992 991//991
f 1665//1665 993//993 992//992
f 1665//1665 994//994 993//993
f 1665//1665 995//995 994//994
f 1665//1665 996//996 995//995
f 1665//1665 997//997 996//996
f 1665//1665 998//998 997//997
f 1665//1665 999//999 998//998
f 1665//1665 1000//1000 999//999
f 1665//1665 1001//1001 1000//1000
f 1665//1665 1002//1002 1001//1001
f 1665//1665 1003//1003 1002//1002
f 1665//1665 1004//1004 1003//1003
f 1665//1665 1005//1005 1004//1004
f 1665//1665 1006//1006 1005//1005
f 1665//1665 1007//1007 1006//1006
f 1665//1665 1008//1008 1007//1007
f 1665//1665 1009//1009 1008//1008
f 1665//1665 1010//1010 1009//1009
f 1665//1665 1011//1011 1010//1010
f 1665//1665 1012//1012 1011//1011
f 1665//1665 1013//1013 1012//1012
f 1665//1665 1014//1014 1013//1013
f 1665//1665 1015//1015 1014//1014
f 1665//1665 1016//1016 1015//1015
f 1665//1665 1017//1017 1016//1016
f 1665//1665 1018//1018 1017//1017
f 1665//1665 1019//1019 1018//1018
f 1665//1665 1020//1020 1019//1019
f 1665//1665 1021//1021 1020//1020
f 1665//1665 1022//1022 1021//1021
f 1665//1665 1023//1023 1022//1022
f 1665//1665 1024//1024 1023//1023
f 1665//1665 897//897 1024//1024

