# Exported from robot_room_v2.usdc, material /root/bowl2/Looks/OmniPBR
v 0 -0.05691865 0.027285
v 0 -0.03161525 -0.025015
v -0.011104 -0.05582495 0.027285
v -0.006168 -0.03100775 -0.025015
v -0.021782 -0.05258595 0.027285
v -0.012099 -0.02920865 -0.025015
v -0.031622 -0.04732615 0.027285
v -0.017565 -0.02628715 -0.025015
v -0.040248 -0.04024755 0.027285
v -0.022355 -0.02235535 -0.025015
v -0.047326 -0.03162225 0.027285
v -0.026287 -0.01756465 -0.025015
v -0.052586 -0.02178175 0.027285
v -0.029209 -0.01209865 -0.025015
v -0.055828 -0.01109165 0.027285
v -0.031008 -0.00616765 -0.025015
v -0.05692 3.5e-07 0.026765
v -0.031615 3.5e-07 -0.025015
v -0.055828 0.01109235 0.027285
v -0.031008 0.00616835 -0.025015
v -0.052586 0.02178235 0.027285
v -0.029209 0.01209835 -0.025015
v -0.047326 0.03162235 0.027285
v -0.026287 0.01756435 -0.025015
v -0.040248 0.04024735 0.027285
v -0.022355 0.02235535 -0.025015
v -0.031622 0.04732635 0.027285
v -0.017565 0.02628735 -0.025015
v -0.021782 0.05258635 0.027285
v -0.012099 0.02920835 -0.025015
v -0.011104 0.05582535 0.027285
v -0.006168 0.03100835 -0.025015
v 0 0.05691835 0.027285
v 0 0.03161535 -0.025015
v 0.011104 0.05582535 0.027285
v 0.006168 0.03100835 -0.025015
v 0.021782 0.05258635 0.027285
v 0.012099 0.02920835 -0.025015
v 0.031622 0.04732635 0.027285
v 0.017564 0.02628735 -0.025015
v 0.040248 0.04024735 0.027285
v 0.022355 0.02235535 -0.025015
v 0.047326 0.03162235 0.027285
v 0.026287 0.01756435 -0.025015
v 0.052586 0.02178235 0.027285
v 0.029209 0.01209835 -0.025015
v 0.055825 0.01110435 0.027285
v 0.031008 0.00616835 -0.025015
v 0.056919 3.5e-07 0.027285
v 0.031615 3.5e-07 -0.025015
v 0.055825 -0.01110465 0.027285
v 0.031008 -0.00616765 -0.025015
v 0.052586 -0.02178175 0.027285
v 0.029209 -0.01209865 -0.025015
v 0.047326 -0.03162225 0.027285
v 0.026287 -0.01756465 -0.025015
v 0.040248 -0.04024755 0.027285
v 0.022355 -0.02235535 -0.025015
v 0.031622 -0.04732615 0.027285
v 0.017564 -0.02628715 -0.025015
v 0.021782 -0.05258595 0.027285
v 0.012099 -0.02920865 -0.025015
v 0.011104 -0.05582495 0.027285
v 0.006168 -0.03100775 -0.025015
v -0.005941 -0.02986585 -0.024925
v 0 -0.03045095 -0.024925
v -0.011653 -0.02813295 -0.024925
v -0.016918 -0.02531905 -0.024925
v -0.021532 -0.02153205 -0.024925
v -0.025319 -0.01691765 -0.024925
v -0.028133 -0.01165265 -0.024925
v -0.029866 -0.00594065 -0.024925
v -0.030451 3.5e-07 -0.024925
v -0.029866 0.00594035 -0.024925
v -0.028133 0.01165335 -0.024925
v -0.025319 0.01691735 -0.024925
v -0.021532 0.02153235 -0.024925
v -0.016918 0.02531935 -0.024925
v -0.011653 0.02813335 -0.024925
v -0.005941 0.02986635 -0.024925
v 0 0.03045135 -0.024925
v 0.005941 0.02986635 -0.024925
v 0.011653 0.02813335 -0.024925
v 0.016918 0.02531935 -0.024925
v 0.021532 0.02153235 -0.024925
v 0.025319 0.01691735 -0.024925
v 0.028133 0.01165335 -0.024925
v 0.029866 0.00594035 -0.024925
v 0.030451 3.5e-07 -0.024925
v 0.029866 -0.00594065 -0.024925
v 0.028133 -0.01165265 -0.024925
v 0.025319 -0.01691765 -0.024925
v 0.021532 -0.02153205 -0.024925
v 0.016918 -0.02531905 -0.024925
v 0.011653 -0.02813295 -0.024925
v 0.005941 -0.02986585 -0.024925
v -0.005924 -0.02977895 -0.025915
v 0 -0.03036235 -0.025915
v -0.011619 -0.02805125 -0.025915
v -0.016869 -0.02524545 -0.025915
v -0.02147 -0.02146945 -0.025915
v -0.025245 -0.01686865 -0.025915
v -0.028051 -0.01161865 -0.025915
v -0.029779 -0.00592365 -0.025915
v -0.030363 3.5e-07 -0.025915
v -0.029779 0.00592335 -0.025915
v -0.028051 0.01161935 -0.025915
v -0.025245 0.01686835 -0.025915
v -0.02147 0.02146935 -0.025915
v -0.016869 0.02524535 -0.025915
v -0.011619 0.02805135 -0.025915
v -0.005924 0.02977935 -0.025915
v 0 0.03036235 -0.025915
v 0.005923 0.02977935 -0.025915
v 0.011619 0.02805135 -0.025915
v 0.016868 0.02524535 -0.025915
v 0.021469 0.02146935 -0.025915
v 0.025245 0.01686835 -0.025915
v 0.028051 0.01161935 -0.025915
v 0.029779 0.00592335 -0.025915
v 0.030362 3.5e-07 -0.025915
v 0.029779 -0.00592365 -0.025915
v 0.028051 -0.01161865 -0.025915
v 0.025245 -0.01686865 -0.025915
v 0.021469 -0.02146945 -0.025915
v 0.016868 -0.02524545 -0.025915
v 0.011619 -0.02805125 -0.025915
v 0.005923 -0.02977895 -0.025915
v -0.006151 -0.03092095 -0.025825
v 0 -0.03152675 -0.025825
v -0.012065 -0.02912685 -0.025825
v -0.017515 -0.02621355 -0.025825
v -0.022293 -0.02229275 -0.025825
v -0.026214 -0.01751565 -0.025825
v -0.029127 -0.01206465 -0.025825
v -0.030921 -0.00615065 -0.025825
v -0.031527 3.5e-07 -0.025825
v -0.030921 0.00615035 -0.025825
v -0.029127 0.01206435 -0.025825
v -0.026214 0.01751535 -0.025825
v -0.022293 0.02229335 -0.025825
v -0.017515 0.02621335 -0.025825
v -0.012065 0.02912735 -0.025825
v -0.006151 0.03092135 -0.025825
v 0 0.03152735 -0.025825
v 0.006151 0.03092135 -0.025825
v 0.012065 0.02912735 -0.025825
v 0.017515 0.02621335 -0.025825
v 0.022293 0.02229335 -0.025825
v 0.026214 0.01751535 -0.025825
v 0.029127 0.01206535 -0.025825
v 0.030921 0.00615035 -0.025825
v 0.031527 3.5e-07 -0.025825
v 0.030921 -0.00615065 -0.025825
v 0.029127 -0.01206465 -0.025825
v 0.026214 -0.01751565 -0.025825
v 0.022293 -0.02229275 -0.025825
v 0.017515 -0.02621355 -0.025825
v 0.012065 -0.02912685 -0.025825
v 0.006151 -0.03092095 -0.025825
v 0 -0.04392925 -0.018705
v -0.00857 -0.04308515 -0.018705
v -0.016811 -0.04058535 -0.018705
v -0.024406 -0.03652585 -0.018705
v -0.031063 -0.03106265 -0.018705
v -0.036526 -0.02440575 -0.018705
v -0.040585 -0.01681065 -0.018705
v -0.043086 -0.00856665 -0.018705
v -0.04393 3.5e-07 -0.018785
v -0.043086 0.00856635 -0.018705
v -0.040585 0.01681135 -0.018705
v -0.036526 0.02440635 -0.018705
v -0.031063 0.03106235 -0.018705
v -0.024406 0.03652635 -0.018705
v -0.016811 0.04058535 -0.018705
v -0.00857 0.04308535 -0.018705
v 0 0.04392935 -0.018705
v 0.00857 0.04308535 -0.018705
v 0.016811 0.04058535 -0.018705
v 0.024406 0.03652635 -0.018705
v 0.031063 0.03106235 -0.018705
v 0.036526 0.02440635 -0.018705
v 0.040585 0.01681135 -0.018705
v 0.043085 0.00857035 -0.018705
v 0.043929 3.5e-07 -0.018705
v 0.043085 -0.00856965 -0.018705
v 0.040585 -0.01681065 -0.018705
v 0.036526 -0.02440575 -0.018705
v 0.031063 -0.03106265 -0.018705
v 0.024406 -0.03652585 -0.018705
v 0.016811 -0.04058535 -0.018705
v 0.00857 -0.04308515 -0.018705
v -0.007105 -0.03571675 -0.024395
v -0.008438 -0.04241895 -0.021355
v -0.007701 -0.03871635 -0.023935
v -0.008185 -0.04115025 -0.022755
v 0 -0.04324995 -0.021355
v 0 -0.03641645 -0.024395
v 0 -0.04195645 -0.022755
v 0 -0.03947485 -0.023935
v -0.013936 -0.03364445 -0.024395
v -0.016551 -0.03995775 -0.021355
v -0.015106 -0.03647005 -0.023935
v -0.016056 -0.03876275 -0.022755
v -0.020232 -0.03027915 -0.024395
v -0.024029 -0.03596105 -0.021355
v -0.021931 -0.03282215 -0.023935
v -0.02331 -0.03488555 -0.022755
v -0.02575 -0.02575035 -0.024395
v -0.030582 -0.03058235 -0.021355
v -0.027913 -0.02791295 -0.023935
v -0.029668 -0.02966765 -0.022755
v -0.030279 -0.02023185 -0.024395
v -0.035961 -0.02402835 -0.021355
v -0.032822 -0.02193105 -0.023935
v -0.034886 -0.02330975 -0.022755
v -0.033645 -0.01393565 -0.024395
v -0.039958 -0.01655065 -0.021355
v -0.03647 -0.01510665 -0.023935
v -0.038763 -0.01605565 -0.022755
v -0.035717 -0.00710465 -0.024395
v -0.04242 -0.00843565 -0.021355
v -0.038717 -0.00770065 -0.023935
v -0.041151 -0.00818465 -0.022755
v -0.036417 3.5e-07 -0.024395
v -0.04327 3.5e-07 -0.021355
v -0.039479 3.5e-07 -0.023935
v -0.041969 3.5e-07 -0.022755
v -0.035717 0.00710435 -0.024395
v -0.04242 0.00843535 -0.021355
v -0.038717 0.00770135 -0.023935
v -0.041151 0.00818435 -0.022755
v -0.033645 0.01393635 -0.024395
v -0.039958 0.01655135 -0.021355
v -0.03647 0.01510635 -0.023935
v -0.038763 0.01605635 -0.022755
v -0.030279 0.02023235 -0.024395
v -0.035961 0.02402835 -0.021355
v -0.032822 0.02193135 -0.023935
v -0.034886 0.02331035 -0.022755
v -0.02575 0.02575035 -0.024395
v -0.030582 0.03058235 -0.021355
v -0.027913 0.02791335 -0.023935
v -0.029668 0.02966735 -0.022755
v -0.020232 0.03027935 -0.024395
v -0.024029 0.03596135 -0.021355
v -0.021931 0.03282235 -0.023935
v -0.02331 0.03488535 -0.022755
v -0.013936 0.03364435 -0.024395
v -0.016551 0.03995835 -0.021355
v -0.015106 0.03647035 -0.023935
v -0.016056 0.03876335 -0.022755
v -0.007105 0.03571735 -0.024395
v -0.008438 0.04241935 -0.021355
v -0.007701 0.03871635 -0.023935
v -0.008185 0.04115035 -0.022755
v 0 0.03641635 -0.024395
v 0 0.04325035 -0.021355
v 0 0.03947535 -0.023935
v 0 0.04195635 -0.022755
v 0.007104 0.03571735 -0.024395
v 0.008438 0.04241935 -0.021355
v 0.007701 0.03871635 -0.023935
v 0.008185 0.04115035 -0.022755
v 0.013936 0.03364435 -0.024395
v 0.016551 0.03995835 -0.021355
v 0.015106 0.03647035 -0.023935
v 0.016056 0.03876335 -0.022755
v 0.020232 0.03027935 -0.024395
v 0.024028 0.03596135 -0.021355
v 0.021931 0.03282235 -0.023935
v 0.02331 0.03488535 -0.022755
v 0.02575 0.02575035 -0.024395
v 0.030582 0.03058235 -0.021355
v 0.027913 0.02791335 -0.023935
v 0.029668 0.02966735 -0.022755
v 0.030279 0.02023235 -0.024395
v 0.035961 0.02402835 -0.021355
v 0.032822 0.02193135 -0.023935
v 0.034886 0.02331035 -0.022755
v 0.033644 0.01393635 -0.024395
v 0.039958 0.01655135 -0.021355
v 0.03647 0.01510635 -0.023935
v 0.038763 0.01605635 -0.022755
v 0.035717 0.00710435 -0.024395
v 0.042419 0.00843735 -0.021355
v 0.038716 0.00770135 -0.023935
v 0.04115 0.00818535 -0.022755
v 0.036416 3.5e-07 -0.024395
v 0.04325 3.5e-07 -0.021355
v 0.039475 3.5e-07 -0.023935
v 0.041956 3.5e-07 -0.022755
v 0.035717 -0.00710465 -0.024395
v 0.042419 -0.00843765 -0.021355
v 0.038716 -0.00770065 -0.023935
v 0.04115 -0.00818565 -0.022755
v 0.033644 -0.01393565 -0.024395
v 0.039958 -0.01655065 -0.021355
v 0.03647 -0.01510665 -0.023935
v 0.038763 -0.01605565 -0.022755
v 0.030279 -0.02023185 -0.024395
v 0.035961 -0.02402835 -0.021355
v 0.032822 -0.02193105 -0.023935
v 0.034886 -0.02330975 -0.022755
v 0.02575 -0.02575035 -0.024395
v 0.030582 -0.03058235 -0.021355
v 0.027913 -0.02791295 -0.023935
v 0.029668 -0.02966765 -0.022755
v 0.020232 -0.03027915 -0.024395
v 0.024028 -0.03596105 -0.021355
v 0.021931 -0.03282215 -0.023935
v 0.02331 -0.03488555 -0.022755
v 0.013936 -0.03364445 -0.024395
v 0.016551 -0.03995775 -0.021355
v 0.015106 -0.03647005 -0.023935
v 0.016056 -0.03876275 -0.022755
v 0.007104 -0.03571675 -0.024395
v 0.008438 -0.04241895 -0.021355
v 0.007701 -0.03871635 -0.023935
v 0.008185 -0.04115025 -0.022755
v -0.005551 -0.05636185 0.027275
v -0.009837 -0.04945575 0.004285
v -0.01644 -0.05419595 0.027275
v -0.019297 -0.04658635 0.004285
v -0.026697 -0.04994725 0.027275
v -0.028015 -0.04192655 0.004285
v -0.035929 -0.04377915 0.027275
v -0.035656 -0.03565565 0.004285
v -0.043779 -0.03592855 0.027275
v -0.041927 -0.02801445 0.004285
v -0.049947 -0.02669735 0.027275
v -0.046586 -0.01929665 0.004285
v -0.054196 -0.01643965 0.027275
v -0.049458 -0.00982965 0.004295
v -0.056365 -0.00553065 0.027025
v -0.050426 3.5e-07 0.003995
v -0.056365 0.00553135 0.027025
v -0.049458 0.00982935 0.004295
v -0.054196 0.01644035 0.027275
v -0.046586 0.01929635 0.004285
v -0.049947 0.02669735 0.027275
v -0.041927 0.02801435 0.004285
v -0.043779 0.03592835 0.027275
v -0.035656 0.03565535 0.004285
v -0.035929 0.04377935 0.027275
v -0.028015 0.04192635 0.004285
v -0.026697 0.04994735 0.027275
v -0.019297 0.04658635 0.004285
v -0.01644 0.05419635 0.027275
v -0.009837 0.04945635 0.004285
v -0.005551 0.05636235 0.027275
v 0 0.05042435 0.004285
v 0.005551 0.05636235 0.027275
v 0.009837 0.04945635 0.004285
v 0.01644 0.05419635 0.027275
v 0.019297 0.04658635 0.004285
v 0.026697 0.04994735 0.027275
v 0.028014 0.04192635 0.004285
v 0.035929 0.04377935 0.027275
v 0.035656 0.03565535 0.004285
v 0.043779 0.03592835 0.027275
v 0.041927 0.02801435 0.004285
v 0.049947 0.02669735 0.027275
v 0.046586 0.01929635 0.004285
v 0.054196 0.01644035 0.027275
v 0.049456 0.00983735 0.004285
v 0.056362 0.00555135 0.027275
v 0.050425 3.5e-07 0.004285
v 0.056362 -0.00555065 0.027275
v 0.049456 -0.00983765 0.004285
v 0.054196 -0.01643965 0.027275
v 0.046586 -0.01929665 0.004285
v 0.049947 -0.02669735 0.027275
v 0.041927 -0.02801445 0.004285
v 0.043779 -0.03592855 0.027275
v 0.035656 -0.03565565 0.004285
v 0.035929 -0.04377915 0.027275
v 0.028014 -0.04192655 0.004285
v 0.026697 -0.04994725 0.027275
v 0.019297 -0.04658635 0.004285
v 0.01644 -0.05419595 0.027275
v 0.009837 -0.04945575 0.004285
v 0.005551 -0.05636185 0.027275
v -0.002965 -0.03010505 -0.024975
v -0.008781 -0.02894815 -0.024975
v -0.01426 -0.02667875 -0.024975
v -0.019191 -0.02338415 -0.024975
v -0.023384 -0.01919085 -0.024975
v -0.026679 -0.01425965 -0.024975
v -0.028948 -0.00878165 -0.024975
v -0.030105 -0.00296465 -0.024975
v -0.030105 0.00296535 -0.024975
v -0.028948 0.00878135 -0.024975
v -0.026679 0.01426035 -0.024975
v -0.023384 0.01919135 -0.024975
v -0.019191 0.02338435 -0.024975
v -0.01426 0.02667935 -0.024975
v -0.008781 0.02894835 -0.024975
v -0.002965 0.03010535 -0.024975
v 0.002965 0.03010535 -0.024975
v 0.008781 0.02894835 -0.024975
v 0.01426 0.02667935 -0.024975
v 0.019191 0.02338435 -0.024975
v 0.023384 0.01919135 -0.024975
v 0.026679 0.01426035 -0.024975
v 0.028948 0.00878135 -0.024975
v 0.030105 0.00296535 -0.024975
v 0.030105 -0.00296465 -0.024975
v 0.028948 -0.00878165 -0.024975
v 0.026679 -0.01425965 -0.024975
v 0.023384 -0.01919085 -0.024975
v 0.019191 -0.02338415 -0.024975
v 0.01426 -0.02667875 -0.024975
v 0.008781 -0.02894815 -0.024975
v 0.002965 -0.03010505 -0.024975
v -0.003081 -0.03127715 -0.024975
v -0.009123 -0.03007515 -0.024975
v -0.014815 -0.02771745 -0.024975
v -0.019938 -0.02429455 -0.024975
v -0.024295 -0.01993805 -0.024975
v -0.027718 -0.01481565 -0.024975
v -0.030075 -0.00912265 -0.024975
v -0.031277 -0.00308065 -0.024975
v -0.031277 0.00308035 -0.024975
v -0.030075 0.00912335 -0.024975
v -0.027718 0.01481535 -0.024975
v -0.024295 0.01993835 -0.024975
v -0.019938 0.02429435 -0.024975
v -0.014815 0.02771735 -0.024975
v -0.009123 0.03007535 -0.024975
v -0.003081 0.03127735 -0.024975
v 0.00308 0.03127735 -0.024975
v 0.009123 0.03007535 -0.024975
v 0.014815 0.02771735 -0.024975
v 0.019938 0.02429435 -0.024975
v 0.024295 0.01993835 -0.024975
v 0.027717 0.01481535 -0.024975
v 0.030075 0.00912335 -0.024975
v 0.031277 0.00308035 -0.024975
v 0.031277 -0.00308065 -0.024975
v 0.030075 -0.00912365 -0.024975
v 0.027718 -0.01481565 -0.024975
v 0.024295 -0.01993795 -0.024975
v 0.019938 -0.02429455 -0.024975
v 0.014815 -0.02771755 -0.024975
v 0.009123 -0.03007515 -0.024975
v 0.00308 -0.03127715 -0.024975
v -0.02274 0.02274035 -0.026835
v 0.029245 0.00581735 -0.026835
v -0.02674 0.01786735 -0.026835
v 0.027548 0.01141135 -0.026835
v -0.029712 0.01230735 -0.026835
v 0.024793 0.01656635 -0.026835
v -0.031542 0.00627435 -0.026835
v 0.021085 0.02108435 -0.026835
v -0.03216 3.5e-07 -0.026835
v 0.016566 0.02479335 -0.026835
v -0.031542 -0.00627365 -0.026835
v 0.011411 0.02754835 -0.026835
v -0.029712 -0.01230665 -0.026835
v 0.005817 0.02924535 -0.026835
v -0.02674 -0.01786665 -0.026835
v 0.006274 -0.03154155 -0.026835
v 0 0.02981835 -0.026835
v -0.02274 -0.02274015 -0.026835
v 0.012307 -0.02971145 -0.026835
v -0.005817 0.02924535 -0.026835
v -0.017867 -0.02673965 -0.026835
v 0.017867 -0.02673965 -0.026835
v -0.011411 0.02754835 -0.026835
v -0.012307 -0.02971145 -0.026835
v 0.02274 -0.02274015 -0.026835
v -0.016566 0.02479335 -0.026835
v 0 -0.03215945 -0.026835
v -0.006274 -0.03154155 -0.026835
v 0.029711 -0.01230665 -0.026835
v 0.02674 -0.01786665 -0.026835
v -0.021085 0.02108435 -0.026835
v -0.024793 0.01656635 -0.026835
v -0.002965 -0.03010505 -0.025875
v -0.008781 -0.02894815 -0.025875
v -0.01426 -0.02667875 -0.025875
v -0.019191 -0.02338415 -0.025875
v -0.023384 -0.01919085 -0.025875
v -0.026679 -0.01425965 -0.025875
v -0.028948 -0.00878165 -0.025875
v -0.030105 -0.00296465 -0.025875
v -0.030105 0.00296535 -0.025875
v -0.028948 0.00878135 -0.025875
v -0.026679 0.01426035 -0.025875
v -0.023384 0.01919135 -0.025875
v -0.019191 0.02338435 -0.025875
v -0.01426 0.02667935 -0.025875
v -0.008781 0.02894835 -0.025875
v -0.002965 0.03010535 -0.025875
v 0.002965 0.03010535 -0.025875
v 0.008781 0.02894835 -0.025875
v 0.01426 0.02667935 -0.025875
v 0.019191 0.02338435 -0.025875
v 0.023384 0.01919135 -0.025875
v 0.026679 0.01426035 -0.025875
v 0.028948 0.00878135 -0.025875
v 0.030105 0.00296535 -0.025875
v 0.030105 -0.00296465 -0.025875
v 0.028948 -0.00878165 -0.025875
v 0.026679 -0.01425965 -0.025875
v 0.023384 -0.01919085 -0.025875
v 0.019191 -0.02338415 -0.025875
v 0.01426 -0.02667875 -0.025875
v 0.008781 -0.02894815 -0.025875
v 0.002965 -0.03010505 -0.025875
v -0.003081 -0.03127715 -0.025875
v -0.009123 -0.03007515 -0.025875
v -0.014815 -0.02771745 -0.025875
v -0.019938 -0.02429455 -0.025875
v -0.024295 -0.01993805 -0.025875
v -0.027718 -0.01481565 -0.025875
v -0.030075 -0.00912265 -0.025875
v -0.031277 -0.00308065 -0.025875
v -0.031277 0.00308035 -0.025875
v -0.030075 0.00912335 -0.025875
v -0.027718 0.01481535 -0.025875
v -0.024295 0.01993835 -0.025875
v -0.019938 0.02429435 -0.025875
v -0.014815 0.02771735 -0.025875
v -0.009123 0.03007535 -0.025875
v -0.003081 0.03127735 -0.025875
v 0.00308 0.03127735 -0.025875
v 0.009123 0.03007535 -0.025875
v 0.014815 0.02771735 -0.025875
v 0.019938 0.02429435 -0.025875
v 0.024295 0.01993835 -0.025875
v 0.027717 0.01481535 -0.025875
v 0.030075 0.00912335 -0.025875
v 0.031277 0.00308035 -0.025875
v 0.031277 -0.00308065 -0.025875
v 0.030075 -0.00912365 -0.025875
v 0.027717 -0.01481565 -0.025875
v 0.024295 -0.01993795 -0.025875
v 0.019938 -0.02429455 -0.025875
v 0.014815 -0.02771745 -0.025875
v 0.009123 -0.03007515 -0.025875
v 0.00308 -0.03127715 -0.025875
v 0 -0.03098885 -0.025285
v -0.006046 -0.03039335 -0.025285
v -0.011859 -0.02862995 -0.025285
v -0.017217 -0.02576625 -0.025285
v -0.021913 -0.02191245 -0.025285
v -0.025766 -0.01721665 -0.025285
v -0.02863 -0.01185865 -0.025285
v -0.030394 -0.00604565 -0.025285
v -0.030989 3.5e-07 -0.025285
v -0.030394 0.00604535 -0.025285
v -0.02863 0.01185935 -0.025285
v -0.025766 0.01721635 -0.025285
v -0.021913 0.02191235 -0.025285
v -0.017217 0.02576635 -0.025285
v -0.011859 0.02863035 -0.025285
v -0.006046 0.03039335 -0.025285
v 0 0.03098935 -0.025285
v 0.006046 0.03039335 -0.025285
v 0.011859 0.02863035 -0.025285
v 0.017216 0.02576635 -0.025285
v 0.021912 0.02191235 -0.025285
v 0.025766 0.01721635 -0.025285
v 0.02863 0.01185935 -0.025285
v 0.030393 0.00604535 -0.025285
v 0.030989 3.5e-07 -0.025285
v 0.030393 -0.00604565 -0.025285
v 0.02863 -0.01185865 -0.025285
v 0.025766 -0.01721665 -0.025285
v 0.021912 -0.02191235 -0.025285
v 0.017216 -0.02576625 -0.025285
v 0.011859 -0.02862995 -0.025285
v 0.006046 -0.03039335 -0.025285
v 0.029818 3.5e-07 -0.026835
v -0.017867 0.02673935 -0.026835
v 0.029245 -0.00581765 -0.026835
v -0.012307 0.02971135 -0.026835
v 0.027548 -0.01141065 -0.026835
v -0.006274 0.03154135 -0.026835
v 0.024793 -0.01656565 -0.026835
v 0 -0.02981815 -0.026835
v -0.005817 -0.02924525 -0.026835
v 0 0.03215935 -0.026835
v 0.021085 -0.02108465 -0.026835
v -0.011411 -0.02754835 -0.026835
v 0.006274 0.03154135 -0.026835
v 0.016566 -0.02479285 -0.026835
v -0.016566 -0.02479285 -0.026835
v 0.012307 0.02971135 -0.026835
v 0.011411 -0.02754835 -0.026835
v -0.021085 -0.02108465 -0.026835
v 0.017867 0.02673935 -0.026835
v 0.005817 -0.02924525 -0.026835
v -0.024793 -0.01656565 -0.026835
v 0.02274 0.02274035 -0.026835
v -0.027548 -0.01141065 -0.026835
v 0.02674 0.01786735 -0.026835
v -0.029245 -0.00581665 -0.026835
v 0.029711 0.01230735 -0.026835
v -0.029818 3.5e-07 -0.026835
v 0.031542 0.00627435 -0.026835
v -0.029245 0.00581735 -0.026835
v 0.032159 3.5e-07 -0.026835
v -0.027548 0.01141135 -0.026835
v 0.031542 -0.00627365 -0.026835
v 0 -0.05042465 0.004285
v 0.004284 -0.04349725 -0.018705
v 0.012688 -0.04182575 -0.018705
v 0.020604 -0.03854685 -0.018705
v 0.027728 -0.03378655 -0.018705
v 0.033787 -0.02772785 -0.018705
v 0.038547 -0.02060365 -0.018705
v 0.041826 -0.01268765 -0.018705
v 0.043497 -0.00428365 -0.018705
v 0.043497 0.00428435 -0.018705
v 0.041826 0.01268735 -0.018705
v 0.038547 0.02060335 -0.018705
v 0.033787 0.02772835 -0.018705
v 0.027728 0.03378635 -0.018705
v 0.020604 0.03854735 -0.018705
v 0.012688 0.04182635 -0.018705
v 0.004284 0.04349735 -0.018705
v -0.004284 0.04349735 -0.018705
v -0.012688 0.04182635 -0.018705
v -0.020604 0.03854735 -0.018705
v -0.027728 0.03378635 -0.018705
v -0.033787 0.02772835 -0.018705
v -0.038547 0.02060335 -0.018705
v -0.041826 0.01268735 -0.018705
v -0.043499 0.00427635 -0.018745
v -0.043499 -0.00427665 -0.018745
v -0.041826 -0.01268765 -0.018705
v -0.038547 -0.02060365 -0.018705
v -0.033787 -0.02772785 -0.018705
v -0.027728 -0.03378655 -0.018705
v -0.020604 -0.03854685 -0.018705
v -0.012688 -0.04182575 -0.018705
v -0.004284 -0.04349725 -0.018705
v -0.008312 -0.04178605 -0.021985
v -0.004219 -0.04283065 -0.021345
v 0 -0.04260465 -0.021985
v -0.004093 -0.04155915 -0.022745
v -0.007952 -0.03997565 -0.023295
v 0 -0.04075885 -0.023295
v -0.003852 -0.03910685 -0.023935
v -0.007419 -0.03729565 -0.024135
v 0 -0.03802625 -0.024135
v -0.003553 -0.03607465 -0.024395
v -0.016304 -0.03936165 -0.021985
v -0.012493 -0.04118475 -0.021345
v -0.012122 -0.03996205 -0.022745
v -0.015598 -0.03765625 -0.023295
v -0.011407 -0.03760395 -0.023935
v -0.014552 -0.03513175 -0.024135
v -0.010523 -0.03468835 -0.024395
v -0.02367 -0.03542455 -0.021985
v -0.020288 -0.03795605 -0.021345
v -0.019686 -0.03682925 -0.022745
v -0.022645 -0.03388975 -0.023295
v -0.018524 -0.03465605 -0.023935
v -0.021126 -0.03161775 -0.024135
v -0.017088 -0.03196895 -0.024395
v -0.030126 -0.03012605 -0.021985
v -0.027303 -0.03326875 -0.021345
v -0.026493 -0.03228115 -0.022745
v -0.028821 -0.02882085 -0.023295
v -0.024929 -0.03037625 -0.023935
v -0.026889 -0.02688865 -0.024135
v -0.022996 -0.02802105 -0.024395
v -0.035425 -0.02366985 -0.021985
v -0.033269 -0.02730295 -0.021345
v -0.032281 -0.02649245 -0.022745
v -0.03389 -0.02264435 -0.023295
v -0.030376 -0.02492915 -0.023935
v -0.031618 -0.02112625 -0.024135
v -0.028021 -0.02299625 -0.024395
v -0.039362 -0.01630365 -0.021985
v -0.037956 -0.02028785 -0.021345
v -0.036829 -0.01968565 -0.022745
v -0.037656 -0.01559765 -0.023295
v -0.034656 -0.01852395 -0.023935
v -0.035132 -0.01455165 -0.024135
v -0.031969 -0.01708765 -0.024395
v -0.041787 -0.00831065 -0.021985
v -0.041185 -0.01249365 -0.021345
v -0.039962 -0.01212265 -0.022745
v -0.039976 -0.00795165 -0.023295
v -0.037604 -0.01140665 -0.023935
v -0.037296 -0.00741865 -0.024135
v -0.034688 -0.01052265 -0.024395
v -0.042622 3.5e-07 -0.021985
v -0.042842 -0.00421465 -0.021345
v -0.041566 -0.00409165 -0.022745
v -0.040767 3.5e-07 -0.023295
v -0.039109 -0.00385165 -0.023935
v -0.038028 3.5e-07 -0.024135
v -0.036075 -0.00355265 -0.024395
v -0.041787 0.00831035 -0.021985
v -0.042842 0.00421435 -0.021345
v -0.041566 0.00409135 -0.022745
v -0.039976 0.00795135 -0.023295
v -0.039109 0.00385135 -0.023935
v -0.037296 0.00741835 -0.024135
v -0.036075 0.00355335 -0.024395
v -0.039362 0.01630435 -0.021985
v -0.041185 0.01249335 -0.021345
v -0.039962 0.01212235 -0.022745
v -0.037656 0.01559735 -0.023295
v -0.037604 0.01140735 -0.023935
v -0.035132 0.01455235 -0.024135
v -0.034688 0.01052235 -0.024395
v -0.035425 0.02367035 -0.021985
v -0.037956 0.02028835 -0.021345
v -0.036829 0.01968535 -0.022745
v -0.03389 0.02264435 -0.023295
v -0.034656 0.01852435 -0.023935
v -0.031618 0.02112635 -0.024135
v -0.031969 0.01708835 -0.024395
v -0.030126 0.03012635 -0.021985
v -0.033269 0.02730335 -0.021345
v -0.032281 0.02649235 -0.022745
v -0.028821 0.02882135 -0.023295
v -0.030376 0.02492935 -0.023935
v -0.026889 0.02688835 -0.024135
v -0.028021 0.02299635 -0.024395
v -0.02367 0.03542435 -0.021985
v -0.027303 0.03326935 -0.021345
v -0.026493 0.03228135 -0.022745
v -0.022645 0.03389035 -0.023295
v -0.024929 0.03037635 -0.023935
v -0.021126 0.03161835 -0.024135
v -0.022996 0.02802135 -0.024395
v -0.016304 0.03936135 -0.021985
v -0.020288 0.03795635 -0.021345
v -0.019686 0.03682935 -0.022745
v -0.015598 0.03765635 -0.023295
v -0.018524 0.03465635 -0.023935
v -0.014552 0.03513235 -0.024135
v -0.017088 0.03196935 -0.024395
v -0.008312 0.04178635 -0.021985
v -0.012493 0.04118535 -0.021345
v -0.012122 0.03996235 -0.022745
v -0.007952 0.03997535 -0.023295
v -0.011407 0.03760435 -0.023935
v -0.007419 0.03729535 -0.024135
v -0.010523 0.03468835 -0.024395
v 0 0.04260435 -0.021985
v -0.004219 0.04283035 -0.021345
v -0.004093 0.04155935 -0.022745
v 0 0.04075935 -0.023295
v -0.003852 0.03910735 -0.023935
v 0 0.03802635 -0.024135
v -0.003553 0.03607435 -0.024395
v 0.008312 0.04178635 -0.021985
v 0.004218 0.04283035 -0.021345
v 0.004093 0.04155935 -0.022745
v 0.007952 0.03997535 -0.023295
v 0.003852 0.03910735 -0.023935
v 0.007419 0.03729535 -0.024135
v 0.003553 0.03607435 -0.024395
v 0.016304 0.03936135 -0.021985
v 0.012493 0.04118535 -0.021345
v 0.012122 0.03996235 -0.022745
v 0.015598 0.03765635 -0.023295
v 0.011407 0.03760435 -0.023935
v 0.014552 0.03513235 -0.024135
v 0.010523 0.03468835 -0.024395
v 0.02367 0.03542435 -0.021985
v 0.020288 0.03795635 -0.021345
v 0.019686 0.03682935 -0.022745
v 0.022644 0.03389035 -0.023295
v 0.018524 0.03465635 -0.023935
v 0.021126 0.03161835 -0.024135
v 0.017088 0.03196935 -0.024395
v 0.030126 0.03012635 -0.021985
v 0.027303 0.03326935 -0.021345
v 0.026492 0.03228135 -0.022745
v 0.028821 0.02882135 -0.023295
v 0.024929 0.03037635 -0.023935
v 0.026889 0.02688835 -0.024135
v 0.022996 0.02802135 -0.024395
v 0.035425 0.02367035 -0.021985
v 0.033269 0.02730335 -0.021345
v 0.032281 0.02649235 -0.022745
v 0.03389 0.02264435 -0.023295
v 0.030376 0.02492935 -0.023935
v 0.031618 0.02112635 -0.024135
v 0.028021 0.02299635 -0.024395
v 0.039362 0.01630435 -0.021985
v 0.037956 0.02028835 -0.021345
v 0.036829 0.01968535 -0.022745
v 0.037656 0.01559735 -0.023295
v 0.034656 0.01852435 -0.023935
v 0.035132 0.01455235 -0.024135
v 0.031969 0.01708835 -0.024395
v 0.041786 0.00831235 -0.021985
v 0.041185 0.01249335 -0.021345
v 0.039962 0.01212235 -0.022745
v 0.039976 0.00795135 -0.023295
v 0.037604 0.01140735 -0.023935
v 0.037296 0.00741835 -0.024135
v 0.034688 0.01052235 -0.024395
v 0.042605 3.5e-07 -0.021985
v 0.042831 0.00421835 -0.021345
v 0.041559 0.00409335 -0.022745
v 0.040759 3.5e-07 -0.023295
v 0.039107 0.00385135 -0.023935
v 0.038026 3.5e-07 -0.024135
v 0.036075 0.00355335 -0.024395
v 0.041786 -0.00831165 -0.021985
v 0.042831 -0.00421865 -0.021345
v 0.041559 -0.00409365 -0.022745
v 0.039976 -0.00795165 -0.023295
v 0.039107 -0.00385165 -0.023935
v 0.037296 -0.00741865 -0.024135
v 0.036075 -0.00355265 -0.024395
v 0.039362 -0.01630365 -0.021985
v 0.041185 -0.01249365 -0.021345
v 0.039962 -0.01212265 -0.022745
v 0.037656 -0.01559765 -0.023295
v 0.037604 -0.01140665 -0.023935
v 0.035132 -0.01455165 -0.024135
v 0.034688 -0.01052265 -0.024395
v 0.035425 -0.02366985 -0.021985
v 0.037956 -0.02028785 -0.021345
v 0.036829 -0.01968565 -0.022745
v 0.03389 -0.02264435 -0.023295
v 0.034656 -0.01852395 -0.023935
v 0.031618 -0.02112625 -0.024135
v 0.031969 -0.01708765 -0.024395
v 0.030126 -0.03012605 -0.021985
v 0.033269 -0.02730295 -0.021345
v 0.032281 -0.02649245 -0.022745
v 0.028821 -0.02882085 -0.023295
v 0.030376 -0.02492915 -0.023935
v 0.026889 -0.02688865 -0.024135
v 0.028021 -0.02299625 -0.024395
v 0.02367 -0.03542455 -0.021985
v 0.027303 -0.03326875 -0.021345
v 0.026492 -0.03228115 -0.022745
v 0.022644 -0.03388975 -0.023295
v 0.024929 -0.03037625 -0.023935
v 0.021126 -0.03161775 -0.024135
v 0.022996 -0.02802105 -0.024395
v 0.016304 -0.03936165 -0.021985
v 0.020288 -0.03795605 -0.021345
v 0.019686 -0.03682925 -0.022745
v 0.015598 -0.03765625 -0.023295
v 0.018524 -0.03465605 -0.023935
v 0.014552 -0.03513175 -0.024135
v 0.017088 -0.03196895 -0.024395
v 0.008312 -0.04178605 -0.021985
v 0.012493 -0.04118475 -0.021345
v 0.012122 -0.03996205 -0.022745
v 0.007952 -0.03997565 -0.023295
v 0.011407 -0.03760395 -0.023935
v 0.007419 -0.03729565 -0.024135
v 0.010523 -0.03468835 -0.024395
v 0.004218 -0.04283065 -0.021345
v 0.004093 -0.04155915 -0.022745
v 0.003852 -0.03910685 -0.023935
v 0.003553 -0.03607465 -0.024395
v 0 -0.03419945 -0.024385
v -0.006672 -0.03354235 -0.024385
v -0.008488 -0.04266955 -0.020235
v -0.016649 -0.04019385 -0.020235
v -0.013088 -0.03159625 -0.024385
v 0 -0.04350545 -0.020235
v 0.008487 -0.04266955 -0.020235
v 0.006672 -0.03354235 -0.024385
v -0.02417 -0.03617345 -0.020235
v -0.019 -0.02843585 -0.024385
v -0.030763 -0.03076295 -0.020235
v -0.024183 -0.02418265 -0.024385
v -0.036174 -0.02417035 -0.020235
v -0.028436 -0.01900025 -0.024385
v -0.040194 -0.01664865 -0.020235
v -0.031596 -0.01308765 -0.024385
v -0.04267 -0.00848565 -0.020235
v -0.033543 -0.00667165 -0.024385
v -0.043515 3.5e-07 -0.020285
v -0.0342 3.5e-07 -0.024385
v -0.04267 0.00848535 -0.020235
v -0.033543 0.00667235 -0.024385
v -0.040194 0.01664935 -0.020235
v -0.031596 0.01308735 -0.024385
v -0.036174 0.02417035 -0.020235
v -0.028436 0.01900035 -0.024385
v -0.030763 0.03076335 -0.020235
v -0.024183 0.02418335 -0.024385
v -0.02417 0.03617335 -0.020235
v -0.019 0.02843635 -0.024385
v -0.016649 0.04019435 -0.020235
v -0.013088 0.03159635 -0.024385
v -0.008488 0.04266935 -0.020235
v -0.006672 0.03354235 -0.024385
v 0 0.04350535 -0.020235
v 0 0.03419935 -0.024385
v 0.008487 0.04266935 -0.020235
v 0.006672 0.03354235 -0.024385
v 0.016649 0.04019435 -0.020235
v 0.013088 0.03159635 -0.024385
v 0.02417 0.03617335 -0.020235
v 0.019 0.02843635 -0.024385
v 0.030763 0.03076335 -0.020235
v 0.024183 0.02418235 -0.024385
v 0.036173 0.02417035 -0.020235
v 0.028436 0.01900035 -0.024385
v 0.040194 0.01664935 -0.020235
v 0.031596 0.01308735 -0.024385
v 0.04267 0.00848735 -0.020235
v 0.033542 0.00667235 -0.024385
v 0.043505 3.5e-07 -0.020235
v 0.034199 3.5e-07 -0.024385
v 0.04267 -0.00848765 -0.020235
v 0.033542 -0.00667165 -0.024385
v 0.040194 -0.01664865 -0.020235
v 0.031596 -0.01308765 -0.024385
v 0.036173 -0.02417035 -0.020235
v 0.028436 -0.01900015 -0.024385
v 0.030763 -0.03076295 -0.020235
v 0.024183 -0.02418265 -0.024385
v 0.02417 -0.03617345 -0.020235
v 0.019 -0.02843585 -0.024385
v 0.016649 -0.04019385 -0.020235
v 0.013088 -0.03159625 -0.024385
v 0.00988 -0.03256925 -0.024385
v 0.012565 -0.04142215 -0.020245
v 0.016044 -0.03001605 -0.024385
v 0.020405 -0.03817485 -0.020245
v 0.021591 -0.02630925 -0.024385
v 0.02746 -0.03346055 -0.020245
v 0.026309 -0.02159145 -0.024385
v 0.033461 -0.02746035 -0.020245
v 0.030016 -0.01604365 -0.024385
v 0.038175 -0.02040485 -0.020245
v 0.032569 -0.00987965 -0.024385
v 0.041422 -0.01256565 -0.020245
v 0.033871 -0.00333565 -0.024385
v 0.043078 -0.00424265 -0.020245
v 0.033871 0.00333635 -0.024385
v 0.043078 0.00424335 -0.020245
v 0.032569 0.00988035 -0.024385
v 0.041422 0.01256535 -0.020245
v 0.030016 0.01604435 -0.024385
v 0.038175 0.02040535 -0.020245
v 0.026309 0.02159135 -0.024385
v 0.033461 0.02746035 -0.020245
v 0.021591 0.02630935 -0.024385
v 0.02746 0.03346035 -0.020245
v 0.016044 0.03001635 -0.024385
v 0.020405 0.03817535 -0.020245
v 0.00988 0.03256935 -0.024385
v 0.012565 0.04142235 -0.020245
v 0.003336 0.03387135 -0.024385
v 0.004243 0.04307735 -0.020245
v -0.003336 0.03387135 -0.024385
v -0.004243 0.04307735 -0.020245
v -0.00988 0.03256935 -0.024385
v -0.012565 0.04142235 -0.020245
v -0.016044 0.03001635 -0.024385
v -0.020405 0.03817535 -0.020245
v -0.021592 0.02630935 -0.024385
v -0.02746 0.03346035 -0.020245
v -0.026309 0.02159135 -0.024385
v -0.033461 0.02746035 -0.020245
v -0.030016 0.01604435 -0.024385
v -0.038175 0.02040535 -0.020245
v -0.032569 0.00988035 -0.024385
v -0.041422 0.01256535 -0.020245
v -0.033871 0.00333635 -0.024385
v -0.043083 0.00423835 -0.020265
v -0.033871 -0.00333565 -0.024385
v -0.043083 -0.00423865 -0.020265
v -0.032569 -0.00987965 -0.024385
v -0.041422 -0.01256565 -0.020245
v -0.030016 -0.01604365 -0.024385
v -0.038175 -0.02040485 -0.020245
v -0.026309 -0.02159145 -0.024385
v -0.033461 -0.02746035 -0.020245
v -0.021592 -0.02630925 -0.024385
v -0.027461 -0.03346055 -0.020245
v -0.016044 -0.03001605 -0.024385
v -0.020405 -0.03817485 -0.020245
v 0.003336 -0.03387095 -0.024385
v 0.004243 -0.04307765 -0.020245
v -0.004243 -0.04307765 -0.020245
v -0.00988 -0.03256925 -0.024385
v -0.012565 -0.04142215 -0.020245
v -0.003336 -0.03387095 -0.024385
v 0.003709 -0.03765805 -0.024135
v 0.003975 -0.04035965 -0.023295
v 0.004155 -0.04218505 -0.021985
v 0.010984 -0.03621085 -0.024135
v 0.011772 -0.03880865 -0.023295
v 0.012305 -0.04056395 -0.021985
v 0.017838 -0.03337215 -0.024135
v 0.019117 -0.03576625 -0.023295
v 0.019982 -0.03738395 -0.021985
v 0.024006 -0.02925085 -0.024135
v 0.025728 -0.03134935 -0.023295
v 0.026891 -0.03276725 -0.021985
v 0.029251 -0.02400555 -0.024135
v 0.031349 -0.02572775 -0.023295
v 0.032767 -0.02689135 -0.021985
v 0.033372 -0.01783765 -0.024135
v 0.035766 -0.01911745 -0.023295
v 0.037384 -0.01998205 -0.021985
v 0.036211 -0.01098465 -0.024135
v 0.038809 -0.01177265 -0.023295
v 0.040564 -0.01230465 -0.021985
v 0.037658 -0.00370865 -0.024135
v 0.04036 -0.00397465 -0.023295
v 0.042185 -0.00415465 -0.021985
v 0.037658 0.00370935 -0.024135
v 0.04036 0.00397535 -0.023295
v 0.042185 0.00415535 -0.021985
v 0.036211 0.01098435 -0.024135
v 0.038809 0.01177235 -0.023295
v 0.040564 0.01230535 -0.021985
v 0.033372 0.01783835 -0.024135
v 0.035766 0.01911735 -0.023295
v 0.037384 0.01998235 -0.021985
v 0.029251 0.02400535 -0.024135
v 0.031349 0.02572835 -0.023295
v 0.032767 0.02689135 -0.021985
v 0.024006 0.02925135 -0.024135
v 0.025728 0.03134935 -0.023295
v 0.026891 0.03276735 -0.021985
v 0.017838 0.03337235 -0.024135
v 0.019117 0.03576635 -0.023295
v 0.019982 0.03738435 -0.021985
v 0.010984 0.03621135 -0.024135
v 0.011772 0.03880835 -0.023295
v 0.012305 0.04056435 -0.021985
v 0.003709 0.03765835 -0.024135
v 0.003975 0.04035935 -0.023295
v 0.004155 0.04218535 -0.021985
v -0.003709 0.03765835 -0.024135
v -0.003975 0.04035935 -0.023295
v -0.004155 0.04218535 -0.021985
v -0.010985 0.03621135 -0.024135
v -0.011773 0.03880835 -0.023295
v -0.012305 0.04056435 -0.021985
v -0.017838 0.03337235 -0.024135
v -0.019118 0.03576635 -0.023295
v -0.019982 0.03738435 -0.021985
v -0.024006 0.02925135 -0.024135
v -0.025728 0.03134935 -0.023295
v -0.026892 0.03276735 -0.021985
v -0.029251 0.02400535 -0.024135
v -0.03135 0.02572835 -0.023295
v -0.032767 0.02689135 -0.021985
v -0.033372 0.01783835 -0.024135
v -0.035766 0.01911735 -0.023295
v -0.037384 0.01998235 -0.021985
v -0.036211 0.01098435 -0.024135
v -0.038809 0.01177235 -0.023295
v -0.040564 0.01230535 -0.021985
v -0.037659 0.00370935 -0.024135
v -0.040364 0.00397435 -0.023295
v -0.042195 0.00415235 -0.021985
v -0.037659 -0.00370865 -0.024135
v -0.040364 -0.00397465 -0.023295
v -0.042195 -0.00415165 -0.021985
v -0.036211 -0.01098465 -0.024135
v -0.038809 -0.01177265 -0.023295
v -0.040564 -0.01230465 -0.021985
v -0.033372 -0.01783765 -0.024135
v -0.035766 -0.01911745 -0.023295
v -0.037384 -0.01998205 -0.021985
v -0.029251 -0.02400555 -0.024135
v -0.03135 -0.02572775 -0.023295
v -0.032767 -0.02689135 -0.021985
v -0.024006 -0.02925085 -0.024135
v -0.025728 -0.03134935 -0.023295
v -0.026892 -0.03276725 -0.021985
v -0.017838 -0.03337215 -0.024135
v -0.019118 -0.03576625 -0.023295
v -0.019982 -0.03738395 -0.021985
v -0.010985 -0.03621085 -0.024135
v -0.011773 -0.03880865 -0.023295
v -0.012305 -0.04056395 -0.021985
v -0.003709 -0.03765805 -0.024135
v -0.003975 -0.04035965 -0.023295
v -0.004155 -0.04218505 -0.021985
v -0.004918 -0.04993035 0.004285
v -0.014564 -0.04801155 0.004285
v -0.023651 -0.04424765 0.004285
v -0.031829 -0.03878345 0.004285
v -0.038784 -0.03182875 0.004285
v -0.044248 -0.02365085 0.004285
v -0.048012 -0.01456365 0.004285
v -0.049933 -0.00490265 0.004145
v -0.049933 0.00490235 0.004145
v -0.048012 0.01456435 0.004285
v -0.044248 0.02365135 0.004285
v -0.038784 0.03182935 0.004285
v -0.031829 0.03878335 0.004285
v -0.023651 0.04424735 0.004285
v -0.014564 0.04801135 0.004285
v -0.004918 0.04993035 0.004285
v 0.004918 0.04993035 0.004285
v 0.014564 0.04801135 0.004285
v 0.023651 0.04424735 0.004285
v 0.031829 0.03878335 0.004285
v 0.038783 0.03182935 0.004285
v 0.044248 0.02365135 0.004285
v 0.048012 0.01456435 0.004285
v 0.04993 0.00491735 0.004285
v 0.04993 -0.00491765 0.004285
v 0.048012 -0.01456365 0.004285
v 0.044248 -0.02365085 0.004285
v 0.038783 -0.03182865 0.004285
v 0.031829 -0.03878345 0.004285
v 0.023651 -0.04424765 0.004285
v 0.014564 -0.04801155 0.004285
v 0.004918 -0.04993035 0.004285
v 0.030636 -0.00929365 -0.026835
v -0.026162 0.01398435 -0.026835
v 0.03186 -0.00313765 -0.026835
v -0.028388 0.00861135 -0.026835
v 0.03186 0.00313835 -0.026835
v -0.029522 0.00290735 -0.026835
v 0.030636 0.00929335 -0.026835
v -0.029522 -0.00290765 -0.026835
v 0.028234 0.01509135 -0.026835
v -0.028388 -0.00861165 -0.026835
v 0.024747 0.02030935 -0.026835
v -0.026162 -0.01398365 -0.026835
v 0.002908 -0.02952205 -0.026835
v 0.02031 0.02474735 -0.026835
v -0.022931 -0.01881925 -0.026835
v 0.008611 -0.02838755 -0.026835
v 0.015091 0.02823435 -0.026835
v -0.018819 -0.02293135 -0.026835
v 0.013984 -0.02616215 -0.026835
v 0.009293 0.03063635 -0.026835
v -0.013984 -0.02616215 -0.026835
v 0.018819 -0.02293135 -0.026835
v 0.003138 0.03186035 -0.026835
v -0.008611 -0.02838755 -0.026835
v 0.022931 -0.01881925 -0.026835
v -0.003138 0.03186035 -0.026835
v -0.002908 -0.02952205 -0.026835
v 0.026162 -0.01398365 -0.026835
v -0.009293 0.03063635 -0.026835
v 0.028388 -0.00861165 -0.026835
v -0.015092 0.02823435 -0.026835
v 0.029522 -0.00290765 -0.026835
v 0.003023 -0.03069105 -0.025285
v 0.008952 -0.02951165 -0.025285
v 0.014538 -0.02719815 -0.025285
v 0.019564 -0.02383935 -0.025285
v 0.023839 -0.01956445 -0.025285
v 0.027198 -0.01453765 -0.025285
v 0.029512 -0.00895265 -0.025285
v 0.030691 -0.00302265 -0.025285
v 0.030691 0.00302335 -0.025285
v 0.029512 0.00895235 -0.025285
v 0.027198 0.01453735 -0.025285
v 0.023839 0.01956435 -0.025285
v 0.019564 0.02383935 -0.025285
v 0.014538 0.02719835 -0.025285
v 0.008952 0.02951135 -0.025285
v 0.003023 0.03069135 -0.025285
v -0.003023 0.03069135 -0.025285
v -0.008952 0.02951135 -0.025285
v -0.014538 0.02719835 -0.025285
v -0.019565 0.02383935 -0.025285
v -0.023839 0.01956435 -0.025285
v -0.027198 0.01453735 -0.025285
v -0.029512 0.00895235 -0.025285
v -0.030691 0.00302335 -0.025285
v -0.030691 -0.00302265 -0.025285
v -0.029512 -0.00895265 -0.025285
v -0.027198 -0.01453765 -0.025285
v -0.023839 -0.01956445 -0.025285
v -0.019565 -0.02383935 -0.025285
v -0.014538 -0.02719815 -0.025285
v -0.008952 -0.02951165 -0.025285
v -0.003023 -0.03069105 -0.025285
v -0.022931 0.01881935 -0.026835
v 0.028234 -0.01509165 -0.026835
v -0.003138 -0.03186005 -0.026835
v -0.018819 0.02293135 -0.026835
v 0.024747 -0.02030965 -0.026835
v -0.009293 -0.03063575 -0.026835
v -0.013984 0.02616235 -0.026835
v 0.02031 -0.02474735 -0.026835
v -0.015092 -0.02823405 -0.026835
v -0.008611 0.02838735 -0.026835
v 0.015091 -0.02823405 -0.026835
v -0.02031 -0.02474735 -0.026835
v -0.002908 0.02952235 -0.026835
v 0.009293 -0.03063575 -0.026835
v -0.024747 -0.02030965 -0.026835
v 0.002908 0.02952235 -0.026835
v 0.003138 -0.03186005 -0.026835
v -0.028234 -0.01509165 -0.026835
v 0.008611 0.02838735 -0.026835
v -0.030636 -0.00929365 -0.026835
v 0.013984 0.02616235 -0.026835
v -0.03186 -0.00313765 -0.026835
v 0.018819 0.02293135 -0.026835
v -0.03186 0.00313835 -0.026835
v 0.022931 0.01881935 -0.026835
v -0.030636 0.00929335 -0.026835
v 0.026162 0.01398435 -0.026835
v -0.028234 0.01509135 -0.026835
v 0.028388 0.00861135 -0.026835
v -0.024747 0.02030935 -0.026835
v 0.029522 0.00290735 -0.026835
v -0.02031 0.02474735 -0.026835
v 0 -0.05884335 0.026735
v 0 -0.03015945 -0.026385
v -0.01148 -0.05771265 0.026735
v -0.005884 -0.02957995 -0.026385
v -0.022518 -0.05436415 0.026735
v -0.011542 -0.02786375 -0.026385
v -0.032692 -0.04892645 0.026735
v -0.016756 -0.02507665 -0.026385
v -0.041609 -0.04160845 0.026735
v -0.021326 -0.02132595 -0.026385
v -0.048926 -0.03269155 0.026735
v -0.025077 -0.01675565 -0.026385
v -0.054364 -0.02251835 0.026735
v -0.027864 -0.01154165 -0.026385
v -0.057713 -0.01147965 0.026735
v -0.02958 -0.00588365 -0.026385
v -0.058843 3.5e-07 0.026225
v -0.03016 3.5e-07 -0.026385
v -0.057713 0.01148035 0.026735
v -0.02958 0.00588435 -0.026385
v -0.054364 0.02251835 0.026735
v -0.027864 0.01154135 -0.026385
v -0.048926 0.03269135 0.026735
v -0.025077 0.01675635 -0.026385
v -0.041609 0.04160835 0.026735
v -0.021326 0.02132635 -0.026385
v -0.032692 0.04892635 0.026735
v -0.016756 0.02507735 -0.026385
v -0.022518 0.05436435 0.026735
v -0.011542 0.02786435 -0.026385
v -0.01148 0.05771235 0.026735
v -0.005884 0.02958035 -0.026385
v 0 0.05884335 0.026735
v 0 0.03015935 -0.026385
v 0.01148 0.05771235 0.026735
v 0.005884 0.02958035 -0.026385
v 0.022518 0.05436435 0.026735
v 0.011541 0.02786435 -0.026385
v 0.032692 0.04892635 0.026735
v 0.016756 0.02507735 -0.026385
v 0.041608 0.04160835 0.026735
v 0.021326 0.02132635 -0.026385
v 0.048926 0.03269135 0.026735
v 0.025077 0.01675535 -0.026385
v 0.054364 0.02251835 0.026735
v 0.027864 0.01154135 -0.026385
v 0.057713 0.01148035 0.026735
v 0.02958 0.00588435 -0.026385
v 0.058843 3.5e-07 0.026735
v 0.030159 3.5e-07 -0.026385
v 0.057713 -0.01147965 0.026735
v 0.02958 -0.00588365 -0.026385
v 0.054364 -0.02251835 0.026735
v 0.027864 -0.01154165 -0.026385
v 0.048926 -0.03269155 0.026735
v 0.025077 -0.01675565 -0.026385
v 0.041608 -0.04160845 0.026735
v 0.021326 -0.02132595 -0.026385
v 0.032692 -0.04892645 0.026735
v 0.016756 -0.02507665 -0.026385
v 0.022518 -0.05436415 0.026735
v 0.011541 -0.02786375 -0.026385
v 0.01148 -0.05771265 0.026735
v 0.005884 -0.02957995 -0.026385
v -0.006208 -0.03120675 -0.026385
v 0 -0.03181815 -0.026385
v -0.012176 -0.02939615 -0.026385
v -0.017677 -0.02645585 -0.026385
v -0.022499 -0.02249885 -0.026385
v -0.026456 -0.01767765 -0.026385
v -0.029396 -0.01217665 -0.026385
v -0.031207 -0.00620765 -0.026385
v -0.031818 3.5e-07 -0.026385
v -0.031207 0.00620735 -0.026385
v -0.029396 0.01217635 -0.026385
v -0.026456 0.01767735 -0.026385
v -0.022499 0.02249935 -0.026385
v -0.017677 0.02645635 -0.026385
v -0.012176 0.02939635 -0.026385
v -0.006208 0.03120735 -0.026385
v 0 0.03181835 -0.026385
v 0.006207 0.03120735 -0.026385
v 0.012176 0.02939635 -0.026385
v 0.017677 0.02645635 -0.026385
v 0.022499 0.02249935 -0.026385
v 0.026456 0.01767735 -0.026385
v 0.029396 0.01217635 -0.026385
v 0.031207 0.00620735 -0.026385
v 0.031818 3.5e-07 -0.026385
v 0.031207 -0.00620765 -0.026385
v 0.029396 -0.01217665 -0.026385
v 0.026456 -0.01767765 -0.026385
v 0.022499 -0.02249885 -0.026385
v 0.017677 -0.02645585 -0.026385
v 0.012176 -0.02939615 -0.026385
v 0.006207 -0.03120675 -0.026385
v -0.006208 -0.03120675 -0.027285
v 0 -0.03181815 -0.027285
v -0.012176 -0.02939615 -0.027285
v -0.017677 -0.02645585 -0.027285
v -0.022499 -0.02249885 -0.027285
v -0.026456 -0.01767765 -0.027285
v -0.029396 -0.01217665 -0.027285
v -0.031207 -0.00620765 -0.027285
v -0.031818 3.5e-07 -0.027285
v -0.031207 0.00620735 -0.027285
v -0.029396 0.01217635 -0.027285
v -0.026456 0.01767735 -0.027285
v -0.022499 0.02249935 -0.027285
v -0.017677 0.02645635 -0.027285
v -0.012176 0.02939635 -0.027285
v -0.006208 0.03120735 -0.027285
v 0 0.03181835 -0.027285
v 0.006207 0.03120735 -0.027285
v 0.012176 0.02939635 -0.027285
v 0.017677 0.02645635 -0.027285
v 0.022499 0.02249935 -0.027285
v 0.026456 0.01767735 -0.027285
v 0.029396 0.01217635 -0.027285
v 0.031207 0.00620735 -0.027285
v 0.031818 3.5e-07 -0.027285
v 0.031207 -0.00620765 -0.027285
v 0.029396 -0.01217665 -0.027285
v 0.026456 -0.01767765 -0.027285
v 0.022499 -0.02249885 -0.027285
v 0.017677 -0.02645585 -0.027285
v 0.012176 -0.02939615 -0.027285
v 0.006207 -0.03120675 -0.027285
v -0.005884 -0.02957995 -0.027285
v 0 -0.03015945 -0.027285
v -0.011542 -0.02786375 -0.027285
v -0.016756 -0.02507665 -0.027285
v -0.021326 -0.02132595 -0.027285
v -0.025077 -0.01675565 -0.027285
v -0.027864 -0.01154165 -0.027285
v -0.02958 -0.00588365 -0.027285
v -0.03016 3.5e-07 -0.027285
v -0.02958 0.00588435 -0.027285
v -0.027864 0.01154135 -0.027285
v -0.025077 0.01675635 -0.027285
v -0.021326 0.02132635 -0.027285
v -0.016756 0.02507735 -0.027285
v -0.011542 0.02786435 -0.027285
v -0.005884 0.02958035 -0.027285
v 0 0.03015935 -0.027285
v 0.005884 0.02958035 -0.027285
v 0.011541 0.02786435 -0.027285
v 0.016756 0.02507735 -0.027285
v 0.021326 0.02132635 -0.027285
v 0.025077 0.01675535 -0.027285
v 0.027864 0.01154135 -0.027285
v 0.02958 0.00588435 -0.027285
v 0.030159 3.5e-07 -0.027285
v 0.02958 -0.00588365 -0.027285
v 0.027864 -0.01154165 -0.027285
v 0.025077 -0.01675565 -0.027285
v 0.021326 -0.02132595 -0.027285
v 0.016756 -0.02507665 -0.027285
v 0.011541 -0.02786375 -0.027285
v 0.005884 -0.02957995 -0.027285
v 0 -0.04585545 -0.019245
v -0.008946 -0.04497435 -0.019245
v -0.017548 -0.04236485 -0.019245
v -0.025476 -0.03812735 -0.019245
v -0.032425 -0.03242465 -0.019245
v -0.038127 -0.02547585 -0.019245
v -0.042365 -0.01754765 -0.019245
v -0.044974 -0.00894565 -0.019245
v -0.045856 3.5e-07 -0.019325
v -0.044974 0.00894635 -0.019245
v -0.042365 0.01754835 -0.019245
v -0.038127 0.02547635 -0.019245
v -0.032425 0.03242435 -0.019245
v -0.025476 0.03812735 -0.019245
v -0.017548 0.04236535 -0.019245
v -0.008946 0.04497435 -0.019245
v 0 0.04585535 -0.019245
v 0.008946 0.04497435 -0.019245
v 0.017548 0.04236535 -0.019245
v 0.025476 0.03812735 -0.019245
v 0.032425 0.03242435 -0.019245
v 0.038127 0.02547635 -0.019245
v 0.042365 0.01754835 -0.019245
v 0.044974 0.00894635 -0.019245
v 0.045855 3.5e-07 -0.019245
v 0.044974 -0.00894565 -0.019245
v 0.042365 -0.01754765 -0.019245
v 0.038127 -0.02547585 -0.019245
v 0.032425 -0.03242465 -0.019245
v 0.025476 -0.03812735 -0.019245
v 0.017548 -0.04236485 -0.019245
v 0.008946 -0.04497435 -0.019245
v -0.007137 -0.03587795 -0.026385
v -0.008781 -0.04414595 -0.022295
v -0.007821 -0.03931865 -0.025845
v -0.008423 -0.04234495 -0.024345
v 0 -0.04501075 -0.022295
v 0 -0.03658085 -0.026385
v 0 -0.04317445 -0.024345
v 0 -0.04008885 -0.025845
v -0.013999 -0.03379625 -0.026385
v -0.017225 -0.04158455 -0.022295
v -0.015341 -0.03703735 -0.025845
v -0.016522 -0.03988805 -0.024345
v -0.020323 -0.03041585 -0.026385
v -0.025007 -0.03742515 -0.022295
v -0.022272 -0.03333275 -0.025845
v -0.023987 -0.03589825 -0.024345
v -0.025867 -0.02586655 -0.026385
v -0.031828 -0.03182745 -0.022295
v -0.028347 -0.02834715 -0.025845
v -0.030529 -0.03052895 -0.024345
v -0.030416 -0.02032325 -0.026385
v -0.037425 -0.02500665 -0.022295
v -0.033333 -0.02227215 -0.025845
v -0.035898 -0.02398645 -0.024345
v -0.033796 -0.01399865 -0.026385
v -0.041585 -0.01722465 -0.022295
v -0.037037 -0.01534165 -0.025845
v -0.039888 -0.01652165 -0.024345
v -0.035878 -0.00713665 -0.026385
v -0.044146 -0.00878065 -0.022295
v -0.039319 -0.00782065 -0.025845
v -0.042345 -0.00842265 -0.024345
v -0.036581 3.5e-07 -0.026385
v -0.04503 3.5e-07 -0.022305
v -0.040092 3.5e-07 -0.025845
v -0.043184 3.5e-07 -0.024345
v -0.035878 0.00713635 -0.026385
v -0.044146 0.00878135 -0.022295
v -0.039319 0.00782135 -0.025845
v -0.042345 0.00842335 -0.024345
v -0.033796 0.01399935 -0.026385
v -0.041585 0.01722535 -0.022295
v -0.037037 0.01534135 -0.025845
v -0.039888 0.01652235 -0.024345
v -0.030416 0.02032335 -0.026385
v -0.037425 0.02500635 -0.022295
v -0.033333 0.02227235 -0.025845
v -0.035898 0.02398635 -0.024345
v -0.025867 0.02586635 -0.026385
v -0.031828 0.03182735 -0.022295
v -0.028347 0.02834735 -0.025845
v -0.030529 0.03052935 -0.024345
v -0.020323 0.03041635 -0.026385
v -0.025007 0.03742535 -0.022295
v -0.022272 0.03333335 -0.025845
v -0.023987 0.03589835 -0.024345
v -0.013999 0.03379635 -0.026385
v -0.017225 0.04158435 -0.022295
v -0.015341 0.03703735 -0.025845
v -0.016522 0.03988835 -0.024345
v -0.007137 0.03587835 -0.026385
v -0.008781 0.04414635 -0.022295
v -0.007821 0.03931835 -0.025845
v -0.008423 0.04234535 -0.024345
v 0 0.03658135 -0.026385
v 0 0.04501135 -0.022295
v 0 0.04008935 -0.025845
v 0 0.04317435 -0.024345
v 0.007137 0.03587835 -0.026385
v 0.008781 0.04414635 -0.022295
v 0.007821 0.03931835 -0.025845
v 0.008423 0.04234535 -0.024345
v 0.013999 0.03379635 -0.026385
v 0.017225 0.04158435 -0.022295
v 0.015341 0.03703735 -0.025845
v 0.016522 0.03988835 -0.024345
v 0.020323 0.03041635 -0.026385
v 0.025007 0.03742535 -0.022295
v 0.022272 0.03333335 -0.025845
v 0.023986 0.03589835 -0.024345
v 0.025867 0.02586635 -0.026385
v 0.031827 0.03182735 -0.022295
v 0.028347 0.02834735 -0.025845
v 0.030529 0.03052935 -0.024345
v 0.030416 0.02032335 -0.026385
v 0.037425 0.02500635 -0.022295
v 0.033333 0.02227235 -0.025845
v 0.035898 0.02398635 -0.024345
v 0.033796 0.01399935 -0.026385
v 0.041585 0.01722535 -0.022295
v 0.037037 0.01534135 -0.025845
v 0.039888 0.01652235 -0.024345
v 0.035878 0.00713635 -0.026385
v 0.044146 0.00878135 -0.022295
v 0.039319 0.00782135 -0.025845
v 0.042345 0.00842335 -0.024345
v 0.036581 3.5e-07 -0.026385
v 0.045011 3.5e-07 -0.022295
v 0.040089 3.5e-07 -0.025845
v 0.043174 3.5e-07 -0.024345
v 0.035878 -0.00713665 -0.026385
v 0.044146 -0.00878065 -0.022295
v 0.039319 -0.00782065 -0.025845
v 0.042345 -0.00842265 -0.024345
v 0.033796 -0.01399865 -0.026385
v 0.041585 -0.01722465 -0.022295
v 0.037037 -0.01534165 -0.025845
v 0.039888 -0.01652165 -0.024345
v 0.030416 -0.02032315 -0.026385
v 0.037425 -0.02500665 -0.022295
v 0.033333 -0.02227215 -0.025845
v 0.035898 -0.02398645 -0.024345
v 0.025867 -0.02586655 -0.026385
v 0.031827 -0.03182745 -0.022295
v 0.028347 -0.02834715 -0.025845
v 0.030529 -0.03052895 -0.024345
v 0.020323 -0.03041585 -0.026385
v 0.025007 -0.03742515 -0.022295
v 0.022272 -0.03333275 -0.025845
v 0.023986 -0.03589825 -0.024345
v 0.013999 -0.03379625 -0.026385
v 0.017225 -0.04158455 -0.022295
v 0.015341 -0.03703735 -0.025845
v 0.016522 -0.03988805 -0.024345
v 0.007137 -0.03587795 -0.026385
v 0.008781 -0.04414595 -0.022295
v 0.007821 -0.03931865 -0.025845
v 0.008423 -0.04234495 -0.024345
v -0.00574 -0.05827795 0.026735
v -0.010213 -0.05134345 0.003745
v -0.016999 -0.05603845 0.026735
v -0.020033 -0.04836455 0.003745
v -0.027605 -0.05164525 0.026735
v -0.029084 -0.04352695 0.003745
v -0.03715 -0.04526745 0.026735
v -0.037017 -0.03701655 0.003745
v -0.045268 -0.03715005 0.026735
v -0.043527 -0.02908375 0.003745
v -0.051645 -0.02760495 0.026735
v -0.048365 -0.02003315 0.003745
v -0.056039 -0.01699865 0.026735
v -0.051344 -0.01021265 0.003745
v -0.058278 -0.00573965 0.026475
v -0.05235 3.5e-07 0.003445
v -0.058278 0.00574035 0.026475
v -0.051344 0.01021335 0.003745
v -0.056039 0.01699935 0.026735
v -0.048365 0.02003335 0.003745
v -0.051645 0.02760535 0.026735
v -0.043527 0.02908435 0.003745
v -0.045268 0.03715035 0.026735
v -0.037017 0.03701635 0.003745
v -0.03715 0.04526735 0.026735
v -0.029084 0.04352735 0.003745
v -0.027605 0.05164535 0.026735
v -0.020033 0.04836435 0.003745
v -0.016999 0.05603835 0.026735
v -0.010213 0.05134335 0.003745
v -0.00574 0.05827835 0.026735
v 0 0.05234935 0.003745
v 0.00574 0.05827835 0.026735
v 0.010213 0.05134335 0.003745
v 0.016999 0.05603835 0.026735
v 0.020033 0.04836435 0.003745
v 0.027605 0.05164535 0.026735
v 0.029084 0.04352735 0.003745
v 0.03715 0.04526735 0.026735
v 0.037017 0.03701635 0.003745
v 0.045267 0.03715035 0.026735
v 0.043527 0.02908435 0.003745
v 0.051645 0.02760535 0.026735
v 0.048365 0.02003335 0.003745
v 0.056038 0.01699935 0.026735
v 0.051343 0.01021335 0.003745
v 0.058278 0.00574035 0.026735
v 0.052349 3.5e-07 0.003745
v 0.058278 -0.00573965 0.026735
v 0.051343 -0.01021265 0.003745
v 0.056038 -0.01699865 0.026735
v 0.048365 -0.02003315 0.003745
v 0.051645 -0.02760495 0.026735
v 0.043527 -0.02908375 0.003745
v 0.045267 -0.03715005 0.026735
v 0.037017 -0.03701655 0.003745
v 0.03715 -0.04526745 0.026735
v 0.029084 -0.04352695 0.003745
v 0.027605 -0.05164525 0.026735
v 0.020033 -0.04836455 0.003745
v 0.016999 -0.05603845 0.026735
v 0.010213 -0.05134345 0.003745
v 0.00574 -0.05827795 0.026735
v -0.003104 -0.03151245 -0.026385
v -0.009192 -0.03030145 -0.026385
v -0.014927 -0.02792595 -0.026385
v -0.020088 -0.02447735 -0.026385
v -0.024477 -0.02008805 -0.026385
v -0.027926 -0.01492665 -0.026385
v -0.030302 -0.00919165 -0.026385
v -0.031513 -0.00310365 -0.026385
v -0.031513 0.00310335 -0.026385
v -0.030302 0.00919235 -0.026385
v -0.027926 0.01492735 -0.026385
v -0.024477 0.02008835 -0.026385
v -0.020088 0.02447735 -0.026385
v -0.014927 0.02792635 -0.026385
v -0.009192 0.03030135 -0.026385
v -0.003104 0.03151235 -0.026385
v 0.003104 0.03151235 -0.026385
v 0.009192 0.03030135 -0.026385
v 0.014927 0.02792635 -0.026385
v 0.020088 0.02447735 -0.026385
v 0.024477 0.02008835 -0.026385
v 0.027926 0.01492735 -0.026385
v 0.030301 0.00919235 -0.026385
v 0.031512 0.00310335 -0.026385
v 0.031512 -0.00310365 -0.026385
v 0.030301 -0.00919165 -0.026385
v 0.027926 -0.01492665 -0.026385
v 0.024477 -0.02008805 -0.026385
v 0.020088 -0.02447735 -0.026385
v 0.014927 -0.02792595 -0.026385
v 0.009192 -0.03030145 -0.026385
v 0.003104 -0.03151245 -0.026385
v -0.002942 -0.02986975 -0.026385
v -0.008713 -0.02872185 -0.026385
v -0.014149 -0.02647025 -0.026385
v -0.019041 -0.02320135 -0.026385
v -0.023201 -0.01904085 -0.026385
v -0.02647 -0.01414865 -0.026385
v -0.028722 -0.00871265 -0.026385
v -0.02987 -0.00294165 -0.026385
v -0.02987 0.00294235 -0.026385
v -0.028722 0.00871235 -0.026385
v -0.02647 0.01414835 -0.026385
v -0.023201 0.01904135 -0.026385
v -0.019041 0.02320135 -0.026385
v -0.014149 0.02647035 -0.026385
v -0.008713 0.02872235 -0.026385
v -0.002942 0.02987035 -0.026385
v 0.002942 0.02987035 -0.026385
v 0.008713 0.02872235 -0.026385
v 0.014149 0.02647035 -0.026385
v 0.019041 0.02320135 -0.026385
v 0.023201 0.01904135 -0.026385
v 0.02647 0.01414835 -0.026385
v 0.028722 0.00871235 -0.026385
v 0.02987 0.00294235 -0.026385
v 0.02987 -0.00294165 -0.026385
v 0.028722 -0.00871265 -0.026385
v 0.02647 -0.01414865 -0.026385
v 0.023201 -0.01904085 -0.026385
v 0.019041 -0.02320135 -0.026385
v 0.014149 -0.02647025 -0.026385
v 0.008713 -0.02872185 -0.026385
v 0.002942 -0.02986975 -0.026385
v -0.021326 0.02132635 -0.026835
v 0.031207 0.00620735 -0.026835
v -0.025077 0.01675635 -0.026835
v 0.029396 0.01217635 -0.026835
v -0.027864 0.01154135 -0.026835
v 0.026456 0.01767735 -0.026835
v -0.02958 0.00588435 -0.026835
v 0.022499 0.02249935 -0.026835
v -0.03016 3.5e-07 -0.026835
v 0.017677 0.02645635 -0.026835
v -0.02958 -0.00588365 -0.026835
v 0.012176 0.02939635 -0.026835
v -0.027864 -0.01154165 -0.026835
v 0.006207 0.03120735 -0.026835
v -0.025077 -0.01675565 -0.026835
v 0.005884 -0.02957995 -0.026835
v 0 0.03181835 -0.026835
v -0.021326 -0.02132595 -0.026835
v 0.011541 -0.02786375 -0.026835
v -0.006208 0.03120735 -0.026835
v -0.016756 -0.02507665 -0.026835
v 0.016756 -0.02507665 -0.026835
v -0.012176 0.02939635 -0.026835
v -0.011542 -0.02786375 -0.026835
v 0.021326 -0.02132595 -0.026835
v -0.017677 0.02645635 -0.026835
v 0 -0.03015945 -0.026835
v -0.005884 -0.02957995 -0.026835
v 0.027864 -0.01154165 -0.026835
v 0.025077 -0.01675565 -0.026835
v -0.022499 0.02249935 -0.026835
v -0.026456 0.01767735 -0.026835
v -0.003104 -0.03151245 -0.027285
v -0.009192 -0.03030145 -0.027285
v -0.014927 -0.02792595 -0.027285
v -0.020088 -0.02447735 -0.027285
v -0.024477 -0.02008805 -0.027285
v -0.027926 -0.01492665 -0.027285
v -0.030302 -0.00919165 -0.027285
v -0.031513 -0.00310365 -0.027285
v -0.031513 0.00310335 -0.027285
v -0.030302 0.00919235 -0.027285
v -0.027926 0.01492735 -0.027285
v -0.024477 0.02008835 -0.027285
v -0.020088 0.02447735 -0.027285
v -0.014927 0.02792635 -0.027285
v -0.009192 0.03030135 -0.027285
v -0.003104 0.03151235 -0.027285
v 0.003104 0.03151235 -0.027285
v 0.009192 0.03030135 -0.027285
v 0.014927 0.02792635 -0.027285
v 0.020088 0.02447735 -0.027285
v 0.024477 0.02008835 -0.027285
v 0.027926 0.01492735 -0.027285
v 0.030301 0.00919235 -0.027285
v 0.031512 0.00310335 -0.027285
v 0.031512 -0.00310365 -0.027285
v 0.030301 -0.00919165 -0.027285
v 0.027926 -0.01492665 -0.027285
v 0.024477 -0.02008805 -0.027285
v 0.020088 -0.02447735 -0.027285
v 0.014927 -0.02792595 -0.027285
v 0.009192 -0.03030145 -0.027285
v 0.003104 -0.03151245 -0.027285
v -0.002942 -0.02986975 -0.027285
v -0.008713 -0.02872185 -0.027285
v -0.014149 -0.02647025 -0.027285
v -0.019041 -0.02320135 -0.027285
v -0.023201 -0.01904085 -0.027285
v -0.02647 -0.01414865 -0.027285
v -0.028722 -0.00871265 -0.027285
v -0.02987 -0.00294165 -0.027285
v -0.02987 0.00294235 -0.027285
v -0.028722 0.00871235 -0.027285
v -0.02647 0.01414835 -0.027285
v -0.023201 0.01904135 -0.027285
v -0.019041 0.02320135 -0.027285
v -0.014149 0.02647035 -0.027285
v -0.008713 0.02872235 -0.027285
v -0.002942 0.02987035 -0.027285
v 0.002942 0.02987035 -0.027285
v 0.008713 0.02872235 -0.027285
v 0.014149 0.02647035 -0.027285
v 0.019041 0.02320135 -0.027285
v 0.023201 0.01904135 -0.027285
v 0.02647 0.01414835 -0.027285
v 0.028722 0.00871235 -0.027285
v 0.02987 0.00294235 -0.027285
v 0.02987 -0.00294165 -0.027285
v 0.028722 -0.00871265 -0.027285
v 0.02647 -0.01414865 -0.027285
v 0.023201 -0.01904085 -0.027285
v 0.019041 -0.02320135 -0.027285
v 0.014149 -0.02647025 -0.027285
v 0.008713 -0.02872185 -0.027285
v 0.002942 -0.02986975 -0.027285
v 0 -0.03098885 -0.027285
v -0.006046 -0.03039335 -0.027285
v -0.011859 -0.02862995 -0.027285
v -0.017217 -0.02576625 -0.027285
v -0.021913 -0.02191245 -0.027285
v -0.025766 -0.01721665 -0.027285
v -0.02863 -0.01185865 -0.027285
v -0.030394 -0.00604565 -0.027285
v -0.030989 3.5e-07 -0.027285
v -0.030394 0.00604535 -0.027285
v -0.02863 0.01185935 -0.027285
v -0.025766 0.01721635 -0.027285
v -0.021913 0.02191235 -0.027285
v -0.017217 0.02576635 -0.027285
v -0.011859 0.02863035 -0.027285
v -0.006046 0.03039335 -0.027285
v 0 0.03098935 -0.027285
v 0.006046 0.03039335 -0.027285
v 0.011859 0.02863035 -0.027285
v 0.017216 0.02576635 -0.027285
v 0.021912 0.02191235 -0.027285
v 0.025766 0.01721635 -0.027285
v 0.02863 0.01185935 -0.027285
v 0.030393 0.00604535 -0.027285
v 0.030989 3.5e-07 -0.027285
v 0.030393 -0.00604565 -0.027285
v 0.02863 -0.01185865 -0.027285
v 0.025766 -0.01721665 -0.027285
v 0.021912 -0.02191235 -0.027285
v 0.017216 -0.02576625 -0.027285
v 0.011859 -0.02862995 -0.027285
v 0.006046 -0.03039335 -0.027285
v 0.031818 3.5e-07 -0.026835
v -0.016756 0.02507735 -0.026835
v 0.031207 -0.00620765 -0.026835
v -0.011542 0.02786435 -0.026835
v 0.029396 -0.01217665 -0.026835
v -0.005884 0.02958035 -0.026835
v 0.026456 -0.01767765 -0.026835
v 0 -0.03181815 -0.026835
v -0.006208 -0.03120675 -0.026835
v 0 0.03015935 -0.026835
v 0.022499 -0.02249885 -0.026835
v -0.012176 -0.02939615 -0.026835
v 0.005884 0.02958035 -0.026835
v 0.017677 -0.02645585 -0.026835
v -0.017677 -0.02645585 -0.026835
v 0.011541 0.02786435 -0.026835
v 0.012176 -0.02939615 -0.026835
v -0.022499 -0.02249885 -0.026835
v 0.016756 0.02507735 -0.026835
v 0.006207 -0.03120675 -0.026835
v -0.026456 -0.01767765 -0.026835
v 0.021326 0.02132635 -0.026835
v -0.029396 -0.01217665 -0.026835
v 0.025077 0.01675535 -0.026835
v -0.031207 -0.00620765 -0.026835
v 0.027864 0.01154135 -0.026835
v -0.031818 3.5e-07 -0.026835
v 0.02958 0.00588435 -0.026835
v -0.031207 0.00620735 -0.026835
v 0.030159 3.5e-07 -0.026835
v -0.029396 0.01217635 -0.026835
v 0.02958 -0.00588365 -0.026835
v 0 -0.05234935 0.003745
v 0.004473 -0.04541485 -0.019245
v 0.013247 -0.04366955 -0.019245
v 0.021512 -0.04024615 -0.019245
v 0.02895 -0.03527605 -0.019245
v 0.035276 -0.02895025 -0.019245
v 0.040246 -0.02151195 -0.019245
v 0.04367 -0.01324665 -0.019245
v 0.045415 -0.00447265 -0.019245
v 0.045415 0.00447335 -0.019245
v 0.04367 0.01324735 -0.019245
v 0.040246 0.02151235 -0.019245
v 0.035276 0.02895035 -0.019245
v 0.02895 0.03527635 -0.019245
v 0.021512 0.04024635 -0.019245
v 0.013247 0.04366935 -0.019245
v 0.004473 0.04541535 -0.019245
v -0.004473 0.04541535 -0.019245
v -0.013247 0.04366935 -0.019245
v -0.021512 0.04024635 -0.019245
v -0.02895 0.03527635 -0.019245
v -0.035276 0.02895035 -0.019245
v -0.040246 0.02151235 -0.019245
v -0.04367 0.01324735 -0.019245
v -0.045415 0.00447335 -0.019285
v -0.045415 -0.00447265 -0.019285
v -0.04367 -0.01324665 -0.019245
v -0.040246 -0.02151195 -0.019245
v -0.035276 -0.02895025 -0.019245
v -0.02895 -0.03527605 -0.019245
v -0.021512 -0.04024615 -0.019245
v -0.013247 -0.04366955 -0.019245
v -0.004473 -0.04541485 -0.019245
v -0.008602 -0.04324545 -0.023325
v -0.004391 -0.04457835 -0.022295
v 0 -0.04409265 -0.023325
v -0.004212 -0.04275965 -0.024345
v -0.008122 -0.04083175 -0.025095
v 0 -0.04163165 -0.025095
v -0.003911 -0.03970375 -0.025845
v -0.007479 -0.03759825 -0.026115
v 0 -0.03833485 -0.026115
v -0.003568 -0.03622935 -0.026385
v -0.016874 -0.04073635 -0.023325
v -0.013003 -0.04286525 -0.022295
v -0.012473 -0.04111645 -0.024345
v -0.015932 -0.03846265 -0.025095
v -0.011581 -0.03817795 -0.025845
v -0.01467 -0.03541685 -0.026115
v -0.010568 -0.03483715 -0.026385
v -0.024497 -0.03666165 -0.023325
v -0.021116 -0.03950485 -0.022295
v -0.020254 -0.03789315 -0.024345
v -0.023129 -0.03461545 -0.025095
v -0.018807 -0.03518505 -0.025845
v -0.021298 -0.03187425 -0.026115
v -0.017161 -0.03210605 -0.026385
v -0.031178 -0.03117815 -0.023325
v -0.028417 -0.03462625 -0.022295
v -0.027258 -0.03321365 -0.024345
v -0.029438 -0.02943805 -0.025095
v -0.02531 -0.03083995 -0.025845
v -0.027107 -0.02710685 -0.026115
v -0.023095 -0.02814125 -0.026385
v -0.036662 -0.02449655 -0.023325
v -0.034626 -0.02841705 -0.022295
v -0.033214 -0.02725765 -0.024345
v -0.034616 -0.02312935 -0.025095
v -0.03084 -0.02530965 -0.025845
v -0.031874 -0.02129765 -0.026115
v -0.028141 -0.02309485 -0.026385
v -0.040736 -0.01687365 -0.023325
v -0.039505 -0.02111575 -0.022295
v -0.037893 -0.02025425 -0.024345
v -0.038463 -0.01593165 -0.025095
v -0.035185 -0.01880675 -0.025845
v -0.035417 -0.01466965 -0.026115
v -0.032106 -0.01716065 -0.026385
v -0.043246 -0.00860165 -0.023325
v -0.042865 -0.01300265 -0.022295
v -0.041117 -0.01247265 -0.024345
v -0.040832 -0.00812165 -0.025095
v -0.038178 -0.01158065 -0.025845
v -0.037598 -0.00747865 -0.026115
v -0.034837 -0.01056765 -0.026385
v -0.044107 3.5e-07 -0.023325
v -0.044588 -0.00439065 -0.022305
v -0.042765 -0.00421165 -0.024345
v -0.041638 3.5e-07 -0.025095
v -0.039705 -0.00391065 -0.025845
v -0.038336 3.5e-07 -0.026115
v -0.03623 -0.00356865 -0.026385
v -0.043246 0.00860235 -0.023325
v -0.044588 0.00439035 -0.022305
v -0.042765 0.00421135 -0.024345
v -0.040832 0.00812235 -0.025095
v -0.039705 0.00391035 -0.025845
v -0.037598 0.00747835 -0.026115
v -0.03623 0.00356835 -0.026385
v -0.040736 0.01687335 -0.023325
v -0.042865 0.01300335 -0.022295
v -0.041117 0.01247235 -0.024345
v -0.038463 0.01593235 -0.025095
v -0.038178 0.01158135 -0.025845
v -0.035417 0.01467035 -0.026115
v -0.034837 0.01056735 -0.026385
v -0.036662 0.02449635 -0.023325
v -0.039505 0.02111635 -0.022295
v -0.037893 0.02025435 -0.024345
v -0.034616 0.02312935 -0.025095
v -0.035185 0.01880735 -0.025845
v -0.031874 0.02129835 -0.026115
v -0.032106 0.01716135 -0.026385
v -0.031178 0.03117835 -0.023325
v -0.034626 0.02841735 -0.022295
v -0.033214 0.02725835 -0.024345
v -0.029438 0.02943835 -0.025095
v -0.03084 0.02530935 -0.025845
v -0.027107 0.02710735 -0.026115
v -0.028141 0.02309535 -0.026385
v -0.024497 0.03666235 -0.023325
v -0.028417 0.03462635 -0.022295
v -0.027258 0.03321335 -0.024345
v -0.023129 0.03461535 -0.025095
v -0.02531 0.03084035 -0.025845
v -0.021298 0.03187435 -0.026115
v -0.023095 0.02814135 -0.026385
v -0.016874 0.04073635 -0.023325
v -0.021116 0.03950535 -0.022295
v -0.020254 0.03789335 -0.024345
v -0.015932 0.03846235 -0.025095
v -0.018807 0.03518535 -0.025845
v -0.01467 0.03541735 -0.026115
v -0.017161 0.03210635 -0.026385
v -0.008602 0.04324535 -0.023325
v -0.013003 0.04286535 -0.022295
v -0.012473 0.04111635 -0.024345
v -0.008122 0.04083235 -0.025095
v -0.011581 0.03817835 -0.025845
v -0.007479 0.03759835 -0.026115
v -0.010568 0.03483735 -0.026385
v 0 0.04409235 -0.023325
v -0.004391 0.04457835 -0.022295
v -0.004212 0.04275935 -0.024345
v 0 0.04163135 -0.025095
v -0.003911 0.03970435 -0.025845
v 0 0.03833535 -0.026115
v -0.003568 0.03622935 -0.026385
v 0.008602 0.04324535 -0.023325
v 0.004391 0.04457835 -0.022295
v 0.004211 0.04275935 -0.024345
v 0.008122 0.04083235 -0.025095
v 0.00391 0.03970435 -0.025845
v 0.007479 0.03759835 -0.026115
v 0.003568 0.03622935 -0.026385
v 0.016873 0.04073635 -0.023325
v 0.013003 0.04286535 -0.022295
v 0.012472 0.04111635 -0.024345
v 0.015932 0.03846235 -0.025095
v 0.011581 0.03817835 -0.025845
v 0.01467 0.03541735 -0.026115
v 0.010568 0.03483735 -0.026385
v 0.024497 0.03666235 -0.023325
v 0.021116 0.03950535 -0.022295
v 0.020254 0.03789335 -0.024345
v 0.023129 0.03461535 -0.025095
v 0.018807 0.03518535 -0.025845
v 0.021298 0.03187435 -0.026115
v 0.017161 0.03210635 -0.026385
v 0.031178 0.03117835 -0.023325
v 0.028417 0.03462635 -0.022295
v 0.027258 0.03321335 -0.024345
v 0.029438 0.02943835 -0.025095
v 0.02531 0.03084035 -0.025845
v 0.027107 0.02710735 -0.026115
v 0.023095 0.02814135 -0.026385
v 0.036662 0.02449635 -0.023325
v 0.034626 0.02841735 -0.022295
v 0.033214 0.02725735 -0.024345
v 0.034615 0.02312935 -0.025095
v 0.03084 0.02530935 -0.025845
v 0.031874 0.02129735 -0.026115
v 0.028141 0.02309535 -0.026385
v 0.040736 0.01687335 -0.023325
v 0.039505 0.02111635 -0.022295
v 0.037893 0.02025435 -0.024345
v 0.038463 0.01593235 -0.025095
v 0.035185 0.01880735 -0.025845
v 0.035417 0.01467035 -0.026115
v 0.032106 0.01716135 -0.026385
v 0.043245 0.00860235 -0.023325
v 0.042865 0.01300335 -0.022295
v 0.041116 0.01247235 -0.024345
v 0.040832 0.00812235 -0.025095
v 0.038178 0.01158135 -0.025845
v 0.037598 0.00747935 -0.026115
v 0.034837 0.01056735 -0.026385
v 0.044093 3.5e-07 -0.023325
v 0.044578 0.00439035 -0.022295
v 0.04276 0.00421135 -0.024345
v 0.041632 3.5e-07 -0.025095
v 0.039704 0.00391035 -0.025845
v 0.038335 3.5e-07 -0.026115
v 0.036229 0.00356835 -0.026385
v 0.043245 -0.00860165 -0.023325
v 0.044578 -0.00439065 -0.022295
v 0.04276 -0.00421165 -0.024345
v 0.040832 -0.00812165 -0.025095
v 0.039704 -0.00391065 -0.025845
v 0.037598 -0.00747865 -0.026115
v 0.036229 -0.00356865 -0.026385
v 0.040736 -0.01687365 -0.023325
v 0.042865 -0.01300265 -0.022295
v 0.041116 -0.01247265 -0.024345
v 0.038463 -0.01593165 -0.025095
v 0.038178 -0.01158065 -0.025845
v 0.035417 -0.01466965 -0.026115
v 0.034837 -0.01056765 -0.026385
v 0.036662 -0.02449655 -0.023325
v 0.039505 -0.02111575 -0.022295
v 0.037893 -0.02025425 -0.024345
v 0.034615 -0.02312925 -0.025095
v 0.035185 -0.01880675 -0.025845
v 0.031874 -0.02129765 -0.026115
v 0.032106 -0.01716065 -0.026385
v 0.031178 -0.03117815 -0.023325
v 0.034626 -0.02841705 -0.022295
v 0.033214 -0.02725765 -0.024345
v 0.029438 -0.02943805 -0.025095
v 0.03084 -0.02530965 -0.025845
v 0.027107 -0.02710685 -0.026115
v 0.028141 -0.02309485 -0.026385
v 0.024497 -0.03666165 -0.023325
v 0.028417 -0.03462625 -0.022295
v 0.027258 -0.03321365 -0.024345
v 0.023129 -0.03461545 -0.025095
v 0.02531 -0.03083995 -0.025845
v 0.021298 -0.03187425 -0.026115
v 0.023095 -0.02814125 -0.026385
v 0.016873 -0.04073635 -0.023325
v 0.021116 -0.03950485 -0.022295
v 0.020254 -0.03789315 -0.024345
v 0.015932 -0.03846265 -0.025095
v 0.018807 -0.03518505 -0.025845
v 0.01467 -0.03541685 -0.026115
v 0.017161 -0.03210605 -0.026385
v 0.008602 -0.04324545 -0.023325
v 0.013003 -0.04286525 -0.022295
v 0.012472 -0.04111645 -0.024345
v 0.008122 -0.04083175 -0.025095
v 0.011581 -0.03817795 -0.025845
v 0.007479 -0.03759825 -0.026115
v 0.010568 -0.03483715 -0.026385
v 0.004391 -0.04457835 -0.022295
v 0.004211 -0.04275965 -0.024345
v 0.00391 -0.03970375 -0.025845
v 0.003568 -0.03622935 -0.026385
v 0 -0.03419945 -0.026385
v -0.006672 -0.03354235 -0.026385
v -0.008864 -0.04456015 -0.020775
v -0.017387 -0.04197475 -0.020775
v -0.013088 -0.03159625 -0.026385
v 0 -0.04543305 -0.020775
v 0.008864 -0.04456015 -0.020775
v 0.006672 -0.03354235 -0.026385
v -0.025241 -0.03777625 -0.020775
v -0.019 -0.02843585 -0.026385
v -0.032126 -0.03212605 -0.020775
v -0.024183 -0.02418265 -0.026385
v -0.037776 -0.02524125 -0.020775
v -0.028436 -0.01900025 -0.026385
v -0.041975 -0.01738665 -0.020775
v -0.031596 -0.01308765 -0.026385
v -0.04456 -0.00886365 -0.020775
v -0.033543 -0.00667165 -0.026385
v -0.045443 3.5e-07 -0.020815
v -0.0342 3.5e-07 -0.026385
v -0.04456 0.00886335 -0.020775
v -0.033543 0.00667235 -0.026385
v -0.041975 0.01738635 -0.020775
v -0.031596 0.01308735 -0.026385
v -0.037776 0.02524135 -0.020775
v -0.028436 0.01900035 -0.026385
v -0.032126 0.03212635 -0.020775
v -0.024183 0.02418335 -0.026385
v -0.025241 0.03777635 -0.020775
v -0.019 0.02843635 -0.026385
v -0.017387 0.04197535 -0.020775
v -0.013088 0.03159635 -0.026385
v -0.008864 0.04456035 -0.020775
v -0.006672 0.03354235 -0.026385
v 0 0.04543335 -0.020775
v 0 0.03419935 -0.026385
v 0.008864 0.04456035 -0.020775
v 0.006672 0.03354235 -0.026385
v 0.017386 0.04197535 -0.020775
v 0.013088 0.03159635 -0.026385
v 0.025241 0.03777635 -0.020775
v 0.019 0.02843635 -0.026385
v 0.032126 0.03212635 -0.020775
v 0.024183 0.02418235 -0.026385
v 0.037776 0.02524135 -0.020775
v 0.028436 0.01900035 -0.026385
v 0.041975 0.01738635 -0.020775
v 0.031596 0.01308735 -0.026385
v 0.04456 0.00886335 -0.020775
v 0.033542 0.00667235 -0.026385
v 0.045433 3.5e-07 -0.020775
v 0.034199 3.5e-07 -0.026385
v 0.04456 -0.00886365 -0.020775
v 0.033542 -0.00667165 -0.026385
v 0.041975 -0.01738665 -0.020775
v 0.031596 -0.01308765 -0.026385
v 0.037776 -0.02524125 -0.020775
v 0.028436 -0.01900015 -0.026385
v 0.032126 -0.03212605 -0.020775
v 0.024183 -0.02418265 -0.026385
v 0.025241 -0.03777625 -0.020775
v 0.019 -0.02843585 -0.026385
v 0.017386 -0.04197475 -0.020775
v 0.013088 -0.03159625 -0.026385
v 0.00988 -0.03256925 -0.026385
v 0.013125 -0.04326745 -0.020775
v 0.016044 -0.03001605 -0.026385
v 0.021314 -0.03987545 -0.020775
v 0.021591 -0.02630925 -0.026385
v 0.028684 -0.03495115 -0.020775
v 0.026309 -0.02159145 -0.026385
v 0.034951 -0.02868365 -0.020775
v 0.030016 -0.01604365 -0.026385
v 0.039875 -0.02131385 -0.020775
v 0.032569 -0.00987965 -0.026385
v 0.043267 -0.01312465 -0.020775
v 0.033871 -0.00333565 -0.026385
v 0.044997 -0.00443165 -0.020775
v 0.033871 0.00333635 -0.026385
v 0.044997 0.00443235 -0.020775
v 0.032569 0.00988035 -0.026385
v 0.043267 0.01312535 -0.020775
v 0.030016 0.01604435 -0.026385
v 0.039875 0.02131435 -0.020775
v 0.026309 0.02159135 -0.026385
v 0.034951 0.02868335 -0.020775
v 0.021591 0.02630935 -0.026385
v 0.028684 0.03495135 -0.020775
v 0.016044 0.03001635 -0.026385
v 0.021314 0.03987535 -0.020775
v 0.00988 0.03256935 -0.026385
v 0.013125 0.04326735 -0.020775
v 0.003336 0.03387135 -0.026385
v 0.004432 0.04499635 -0.020775
v -0.003336 0.03387135 -0.026385
v -0.004432 0.04499635 -0.020775
v -0.00988 0.03256935 -0.026385
v -0.013125 0.04326735 -0.020775
v -0.016044 0.03001635 -0.026385
v -0.021314 0.03987535 -0.020775
v -0.021592 0.02630935 -0.026385
v -0.028684 0.03495135 -0.020775
v -0.026309 0.02159135 -0.026385
v -0.034951 0.02868335 -0.020775
v -0.030016 0.01604435 -0.026385
v -0.039876 0.02131435 -0.020775
v -0.032569 0.00988035 -0.026385
v -0.043268 0.01312535 -0.020775
v -0.033871 0.00333635 -0.026385
v -0.045002 0.00443235 -0.020795
v -0.033871 -0.00333565 -0.026385
v -0.045002 -0.00443165 -0.020795
v -0.032569 -0.00987965 -0.026385
v -0.043268 -0.01312465 -0.020775
v -0.030016 -0.01604365 -0.026385
v -0.039876 -0.02131385 -0.020775
v -0.026309 -0.02159145 -0.026385
v -0.034951 -0.02868365 -0.020775
v -0.021592 -0.02630925 -0.026385
v -0.028684 -0.03495115 -0.020775
v -0.016044 -0.03001605 -0.026385
v -0.021314 -0.03987545 -0.020775
v 0.003336 -0.03387095 -0.026385
v 0.004432 -0.04499665 -0.020775
v -0.004432 -0.04499665 -0.020775
v -0.00988 -0.03256925 -0.026385
v -0.013125 -0.04326745 -0.020775
v -0.003336 -0.03387095 -0.026385
v 0.003739 -0.03796655 -0.026115
v 0.004061 -0.04123175 -0.025095
v 0.004301 -0.04366905 -0.023325
v 0.011074 -0.03650755 -0.026115
v 0.012027 -0.03964725 -0.025095
v 0.012738 -0.04199085 -0.023325
v 0.017984 -0.03364555 -0.026115
v 0.019531 -0.03653905 -0.025095
v 0.020685 -0.03869905 -0.023325
v 0.024202 -0.02949055 -0.026115
v 0.026284 -0.03202675 -0.025095
v 0.027837 -0.03391995 -0.023325
v 0.029491 -0.02420225 -0.026115
v 0.032027 -0.02628365 -0.025095
v 0.03392 -0.02783735 -0.023325
v 0.033646 -0.01798365 -0.026115
v 0.036539 -0.01953055 -0.025095
v 0.038699 -0.02068495 -0.023325
v 0.036508 -0.01107465 -0.026115
v 0.039647 -0.01202665 -0.025095
v 0.041991 -0.01273765 -0.023325
v 0.037967 -0.00373965 -0.026115
v 0.041232 -0.00406065 -0.025095
v 0.043669 -0.00430065 -0.023325
v 0.037967 0.00373935 -0.026115
v 0.041232 0.00406135 -0.025095
v 0.043669 0.00430135 -0.023325
v 0.036508 0.01107435 -0.026115
v 0.039647 0.01202735 -0.025095
v 0.041991 0.01273835 -0.023325
v 0.033646 0.01798435 -0.026115
v 0.036539 0.01953035 -0.025095
v 0.038699 0.02068535 -0.023325
v 0.029491 0.02420235 -0.026115
v 0.032027 0.02628335 -0.025095
v 0.03392 0.02783735 -0.023325
v 0.024202 0.02949035 -0.026115
v 0.026284 0.03202735 -0.025095
v 0.027837 0.03392035 -0.023325
v 0.017984 0.03364535 -0.026115
v 0.019531 0.03653935 -0.025095
v 0.020685 0.03869935 -0.023325
v 0.011074 0.03650735 -0.026115
v 0.012027 0.03964735 -0.025095
v 0.012738 0.04199135 -0.023325
v 0.003739 0.03796635 -0.026115
v 0.004061 0.04123235 -0.025095
v 0.004301 0.04366935 -0.023325
v -0.003739 0.03796635 -0.026115
v -0.004061 0.04123235 -0.025095
v -0.004301 0.04366935 -0.023325
v -0.011075 0.03650735 -0.026115
v -0.012027 0.03964735 -0.025095
v -0.012738 0.04199135 -0.023325
v -0.017984 0.03364535 -0.026115
v -0.019531 0.03653935 -0.025095
v -0.020685 0.03869935 -0.023325
v -0.024202 0.02949035 -0.026115
v -0.026284 0.03202735 -0.025095
v -0.027838 0.03392035 -0.023325
v -0.029491 0.02420235 -0.026115
v -0.032027 0.02628335 -0.025095
v -0.03392 0.02783735 -0.023325
v -0.033646 0.01798435 -0.026115
v -0.036539 0.01953035 -0.025095
v -0.038699 0.02068535 -0.023325
v -0.036508 0.01107435 -0.026115
v -0.039647 0.01202735 -0.025095
v -0.041991 0.01273835 -0.023325
v -0.037967 0.00373935 -0.026115
v -0.041235 0.00406135 -0.025095
v -0.043676 0.00430135 -0.023325
v -0.037967 -0.00373965 -0.026115
v -0.041235 -0.00406065 -0.025095
v -0.043676 -0.00430065 -0.023325
v -0.036508 -0.01107465 -0.026115
v -0.039647 -0.01202665 -0.025095
v -0.041991 -0.01273765 -0.023325
v -0.033646 -0.01798365 -0.026115
v -0.036539 -0.01953055 -0.025095
v -0.038699 -0.02068495 -0.023325
v -0.029491 -0.02420225 -0.026115
v -0.032027 -0.02628365 -0.025095
v -0.03392 -0.02783735 -0.023325
v -0.024202 -0.02949055 -0.026115
v -0.026284 -0.03202675 -0.025095
v -0.027838 -0.03391995 -0.023325
v -0.017984 -0.03364555 -0.026115
v -0.019531 -0.03653905 -0.025095
v -0.020685 -0.03869905 -0.023325
v -0.011075 -0.03650755 -0.026115
v -0.012027 -0.03964725 -0.025095
v -0.012738 -0.04199085 -0.023325
v -0.003739 -0.03796655 -0.026115
v -0.004061 -0.04123175 -0.025095
v -0.004301 -0.04366905 -0.023325
v -0.005106 -0.05184645 0.003745
v -0.015123 -0.04985405 0.003745
v -0.024559 -0.04594575 0.003745
v -0.03305 -0.04027175 0.003745
v -0.040272 -0.03305015 0.003745
v -0.045946 -0.02455845 0.003745
v -0.049854 -0.01512265 0.003745
v -0.051847 -0.00510665 0.003595
v -0.051847 0.00510635 0.003595
v -0.049854 0.01512335 0.003745
v -0.045946 0.02455835 0.003745
v -0.040272 0.03305035 0.003745
v -0.03305 0.04027235 0.003745
v -0.024559 0.04594635 0.003745
v -0.015123 0.04985435 0.003745
v -0.005106 0.05184635 0.003745
v 0.005106 0.05184635 0.003745
v 0.015123 0.04985435 0.003745
v 0.024558 0.04594635 0.003745
v 0.03305 0.04027235 0.003745
v 0.040272 0.03305035 0.003745
v 0.045946 0.02455835 0.003745
v 0.049854 0.01512335 0.003745
v 0.051846 0.00510635 0.003745
v 0.051846 -0.00510665 0.003745
v 0.049854 -0.01512265 0.003745
v 0.045946 -0.02455845 0.003745
v 0.040272 -0.03305015 0.003745
v 0.03305 -0.04027175 0.003745
v 0.024558 -0.04594575 0.003745
v 0.015123 -0.04985405 0.003745
v 0.005106 -0.05184645 0.003745
v 0.028722 -0.00871265 -0.026835
v -0.027926 0.01492735 -0.026835
v 0.02987 -0.00294165 -0.026835
v -0.030302 0.00919235 -0.026835
v 0.02987 0.00294235 -0.026835
v -0.031513 0.00310335 -0.026835
v 0.028722 0.00871235 -0.026835
v -0.031513 -0.00310365 -0.026835
v 0.02647 0.01414835 -0.026835
v -0.030302 -0.00919165 -0.026835
v 0.023201 0.01904135 -0.026835
v -0.027926 -0.01492665 -0.026835
v 0.003104 -0.03151245 -0.026835
v 0.019041 0.02320135 -0.026835
v -0.024477 -0.02008805 -0.026835
v 0.009192 -0.03030145 -0.026835
v 0.014149 0.02647035 -0.026835
v -0.020088 -0.02447735 -0.026835
v 0.014927 -0.02792595 -0.026835
v 0.008713 0.02872235 -0.026835
v -0.014927 -0.02792595 -0.026835
v 0.020088 -0.02447735 -0.026835
v 0.002942 0.02987035 -0.026835
v -0.009192 -0.03030145 -0.026835
v 0.024477 -0.02008805 -0.026835
v -0.002942 0.02987035 -0.026835
v -0.003104 -0.03151245 -0.026835
v 0.027926 -0.01492665 -0.026835
v -0.008713 0.02872235 -0.026835
v 0.030301 -0.00919165 -0.026835
v -0.014149 0.02647035 -0.026835
v 0.031512 -0.00310365 -0.026835
v 0.003023 -0.03069105 -0.027285
v 0.008952 -0.02951165 -0.027285
v 0.014538 -0.02719815 -0.027285
v 0.019564 -0.02383935 -0.027285
v 0.023839 -0.01956445 -0.027285
v 0.027198 -0.01453765 -0.027285
v 0.029512 -0.00895265 -0.027285
v 0.030691 -0.00302265 -0.027285
v 0.030691 0.00302335 -0.027285
v 0.029512 0.00895235 -0.027285
v 0.027198 0.01453735 -0.027285
v 0.023839 0.01956435 -0.027285
v 0.019564 0.02383935 -0.027285
v 0.014538 0.02719835 -0.027285
v 0.008952 0.02951135 -0.027285
v 0.003023 0.03069135 -0.027285
v -0.003023 0.03069135 -0.027285
v -0.008952 0.02951135 -0.027285
v -0.014538 0.02719835 -0.027285
v -0.019565 0.02383935 -0.027285
v -0.023839 0.01956435 -0.027285
v -0.027198 0.01453735 -0.027285
v -0.029512 0.00895235 -0.027285
v -0.030691 0.00302335 -0.027285
v -0.030691 -0.00302265 -0.027285
v -0.029512 -0.00895265 -0.027285
v -0.027198 -0.01453765 -0.027285
v -0.023839 -0.01956445 -0.027285
v -0.019565 -0.02383935 -0.027285
v -0.014538 -0.02719815 -0.027285
v -0.008952 -0.02951165 -0.027285
v -0.003023 -0.03069105 -0.027285
v -0.024477 0.02008835 -0.026835
v 0.02647 -0.01414865 -0.026835
v -0.002942 -0.02986975 -0.026835
v -0.020088 0.02447735 -0.026835
v 0.023201 -0.01904085 -0.026835
v -0.008713 -0.02872185 -0.026835
v -0.014927 0.02792635 -0.026835
v 0.019041 -0.02320135 -0.026835
v -0.014149 -0.02647025 -0.026835
v -0.009192 0.03030135 -0.026835
v 0.014149 -0.02647025 -0.026835
v -0.019041 -0.02320135 -0.026835
v -0.003104 0.03151235 -0.026835
v 0.008713 -0.02872185 -0.026835
v -0.023201 -0.01904085 -0.026835
v 0.003104 0.03151235 -0.026835
v 0.002942 -0.02986975 -0.026835
v -0.02647 -0.01414865 -0.026835
v 0.009192 0.03030135 -0.026835
v -0.028722 -0.00871265 -0.026835
v 0.014927 0.02792635 -0.026835
v -0.02987 -0.00294165 -0.026835
v 0.020088 0.02447735 -0.026835
v -0.02987 0.00294235 -0.026835
v 0.024477 0.02008835 -0.026835
v -0.028722 0.00871235 -0.026835
v 0.027926 0.01492735 -0.026835
v -0.02647 0.01414835 -0.026835
v 0.030301 0.00919235 -0.026835
v -0.023201 0.01904135 -0.026835
v 0.031512 0.00310335 -0.026835
v -0.019041 0.02320135 -0.026835
vt 0.284521 0.423547
vt 0.26726 0.425247
vt 0.25 0.426947
vt 0.284521 0.423547
vt 0.25 0.426947
vt 0.23274 0.425247
vt 0.284521 0.423547
vt 0.23274 0.425247
vt 0.215479 0.423547
vt 0.284521 0.423547
vt 0.215479 0.423547
vt 0.198882 0.418512
vt 0.284521 0.423547
vt 0.198882 0.418512
vt 0.182285 0.413478
vt 0.284521 0.423547
vt 0.182285 0.413478
vt 0.166989 0.405302
vt 0.284521 0.423547
vt 0.166989 0.405302
vt 0.151694 0.397126
vt 0.284521 0.423547
vt 0.151694 0.397126
vt 0.138287 0.386123
vt 0.284521 0.423547
vt 0.138287 0.386123
vt 0.12488 0.37512
vt 0.284521 0.423547
vt 0.12488 0.37512
vt 0.113877 0.361713
vt 0.284521 0.423547
vt 0.113877 0.361713
vt 0.102874 0.348306
vt 0.284521 0.423547
vt 0.102874 0.348306
vt 0.0946981 0.333011
vt 0.284521 0.423547
vt 0.0946981 0.333011
vt 0.0865223 0.317715
vt 0.284521 0.423547
vt 0.0865223 0.317715
vt 0.0814877 0.301118
vt 0.284521 0.423547
vt 0.0814877 0.301118
vt 0.0764531 0.284521
vt 0.284521 0.423547
vt 0.0764531 0.284521
vt 0.0747531 0.26726
vt 0.284521 0.423547
vt 0.0747531 0.26726
vt 0.0730531 0.25
vt 0.284521 0.423547
vt 0.0730531 0.25
vt 0.0747531 0.23274
vt 0.284521 0.423547
vt 0.0747531 0.23274
vt 0.0764531 0.215479
vt 0.284521 0.423547
vt 0.0764531 0.215479
vt 0.0814877 0.198882
vt 0.284521 0.423547
vt 0.0814877 0.198882
vt 0.0865223 0.182285
vt 0.284521 0.423547
vt 0.0865223 0.182285
vt 0.0946982 0.166989
vt 0.284521 0.423547
vt 0.0946982 0.166989
vt 0.102874 0.151694
vt 0.284521 0.423547
vt 0.102874 0.151694
vt 0.113877 0.138287
vt 0.284521 0.423547
vt 0.113877 0.138287
vt 0.12488 0.12488
vt 0.284521 0.423547
vt 0.12488 0.12488
vt 0.138287 0.113877
vt 0.284521 0.423547
vt 0.138287 0.113877
vt 0.151694 0.102874
vt 0.284521 0.423547
vt 0.151694 0.102874
vt 0.166989 0.0946981
vt 0.284521 0.423547
vt 0.166989 0.0946981
vt 0.182285 0.0865223
vt 0.284521 0.423547
vt 0.182285 0.0865223
vt 0.198882 0.0814877
vt 0.284521 0.423547
vt 0.198882 0.0814877
vt 0.215479 0.076453
vt 0.284521 0.423547
vt 0.215479 0.076453
vt 0.23274 0.0747531
vt 0.284521 0.423547
vt 0.23274 0.0747531
vt 0.25 0.0730531
vt 0.284521 0.423547
vt 0.25 0.0730531
vt 0.26726 0.0747531
vt 0.284521 0.423547
vt 0.26726 0.0747531
vt 0.284521 0.0764531
vt 0.284521 0.423547
vt 0.284521 0.0764531
vt 0.301118 0.0814877
vt 0.284521 0.423547
vt 0.301118 0.0814877
vt 0.317715 0.0865223
vt 0.284521 0.423547
vt 0.317715 0.0865223
vt 0.333011 0.0946981
vt 0.284521 0.423547
vt 0.333011 0.0946981
vt 0.348306 0.102874
vt 0.284521 0.423547
vt 0.348306 0.102874
vt 0.361713 0.113877
vt 0.284521 0.423547
vt 0.361713 0.113877
vt 0.37512 0.124879
vt 0.284521 0.423547
vt 0.37512 0.124879
vt 0.386123 0.138286
vt 0.284521 0.423547
vt 0.386123 0.138286
vt 0.397126 0.151693
vt 0.284521 0.423547
vt 0.397126 0.151693
vt 0.405302 0.166989
vt 0.284521 0.423547
vt 0.405302 0.166989
vt 0.413478 0.182286
vt 0.284521 0.423547
vt 0.413478 0.182286
vt 0.418512 0.198883
vt 0.284521 0.423547
vt 0.418512 0.198883
vt 0.423547 0.21548
vt 0.284521 0.423547
vt 0.423547 0.21548
vt 0.425247 0.23274
vt 0.284521 0.423547
vt 0.425247 0.23274
vt 0.426947 0.25
vt 0.284521 0.423547
vt 0.426947 0.25
vt 0.425247 0.26726
vt 0.284521 0.423547
vt 0.425247 0.26726
vt 0.423547 0.28452
vt 0.284521 0.423547
vt 0.423547 0.28452
vt 0.418512 0.301117
vt 0.284521 0.423547
vt 0.418512 0.301117
vt 0.413478 0.317714
vt 0.284521 0.423547
vt 0.413478 0.317714
vt 0.405302 0.333011
vt 0.284521 0.423547
vt 0.405302 0.333011
vt 0.397126 0.348307
vt 0.284521 0.423547
vt 0.397126 0.348307
vt 0.386123 0.361714
vt 0.284521 0.423547
vt 0.386123 0.361714
vt 0.37512 0.375121
vt 0.284521 0.423547
vt 0.37512 0.375121
vt 0.361713 0.386123
vt 0.284521 0.423547
vt 0.361713 0.386123
vt 0.348306 0.397126
vt 0.284521 0.423547
vt 0.348306 0.397126
vt 0.333011 0.405302
vt 0.284521 0.423547
vt 0.333011 0.405302
vt 0.317715 0.413478
vt 0.284521 0.423547
vt 0.317715 0.413478
vt 0.301118 0.418512
vt 0.361713 0.113877
vt 0.348306 0.102874
vt 0.348306 0.102874
vt 0.361713 0.113877
vt 0.348306 0.102874
vt 0.361713 0.113877
vt 0.0616989 0.231454
vt 0.0635255 0.212908
vt 0.0635255 0.212908
vt 0.0616989 0.231454
vt 0.0635255 0.212908
vt 0.0616989 0.231454
vt 0.386123 0.138286
vt 0.37512 0.124879
vt 0.37512 0.124879
vt 0.386123 0.138286
vt 0.37512 0.124879
vt 0.386123 0.138286
vt 0.0689352 0.195075
vt 0.0743448 0.177241
vt 0.0743448 0.177241
vt 0.0689352 0.195075
vt 0.0743448 0.177241
vt 0.0689352 0.195075
vt 0.405302 0.166989
vt 0.397126 0.151693
vt 0.397126 0.151693
vt 0.405302 0.166989
vt 0.397126 0.151693
vt 0.405302 0.166989
vt 0.0831297 0.160806
vt 0.0919145 0.144371
vt 0.0919145 0.144371
vt 0.0831297 0.160806
vt 0.0919145 0.144371
vt 0.0831297 0.160806
vt 0.418512 0.198883
vt 0.413478 0.182286
vt 0.413478 0.182286
vt 0.418512 0.198883
vt 0.413478 0.182286
vt 0.418512 0.198883
vt 0.103737 0.129965
vt 0.115559 0.115559
vt 0.115559 0.115559
vt 0.103737 0.129965
vt 0.115559 0.115559
vt 0.103737 0.129965
vt 0.425247 0.23274
vt 0.423547 0.21548
vt 0.423547 0.21548
vt 0.425247 0.23274
vt 0.423547 0.21548
vt 0.425247 0.23274
vt 0.129965 0.103737
vt 0.144371 0.0919145
vt 0.144371 0.0919145
vt 0.129965 0.103737
vt 0.144371 0.0919145
vt 0.129965 0.103737
vt 0.425247 0.26726
vt 0.426947 0.25
vt 0.426947 0.25
vt 0.425247 0.26726
vt 0.426947 0.25
vt 0.425247 0.26726
vt 0.160806 0.0831296
vt 0.177241 0.0743448
vt 0.177241 0.0743448
vt 0.160806 0.0831296
vt 0.177241 0.0743448
vt 0.160806 0.0831296
vt 0.418512 0.301117
vt 0.423547 0.28452
vt 0.423547 0.28452
vt 0.418512 0.301117
vt 0.423547 0.28452
vt 0.418512 0.301117
vt 0.195075 0.0689351
vt 0.212908 0.0635255
vt 0.212908 0.0635255
vt 0.195075 0.0689351
vt 0.212908 0.0635255
vt 0.195075 0.0689351
vt 0.405302 0.333011
vt 0.413478 0.317714
vt 0.413478 0.317714
vt 0.405302 0.333011
vt 0.413478 0.317714
vt 0.405302 0.333011
vt 0.23274 0.425247
vt 0.25 0.426947
vt 0.25 0.426947
vt 0.23274 0.425247
vt 0.25 0.426947
vt 0.23274 0.425247
vt 0.231454 0.0616989
vt 0.25 0.0598723
vt 0.25 0.0598723
vt 0.231454 0.0616989
vt 0.25 0.0598723
vt 0.231454 0.0616989
vt 0.386123 0.361714
vt 0.397126 0.348307
vt 0.397126 0.348307
vt 0.386123 0.361714
vt 0.397126 0.348307
vt 0.386123 0.361714
vt 0.198882 0.418512
vt 0.215479 0.423547
vt 0.215479 0.423547
vt 0.198882 0.418512
vt 0.215479 0.423547
vt 0.198882 0.418512
vt 0.268546 0.0616989
vt 0.287092 0.0635255
vt 0.287092 0.0635255
vt 0.268546 0.0616989
vt 0.287092 0.0635255
vt 0.268546 0.0616989
vt 0.361713 0.386123
vt 0.37512 0.375121
vt 0.37512 0.375121
vt 0.361713 0.386123
vt 0.37512 0.375121
vt 0.361713 0.386123
vt 0.166989 0.405302
vt 0.182285 0.413478
vt 0.182285 0.413478
vt 0.166989 0.405302
vt 0.182285 0.413478
vt 0.166989 0.405302
vt 0.304926 0.0689351
vt 0.322759 0.0743448
vt 0.322759 0.0743448
vt 0.304926 0.0689351
vt 0.322759 0.0743448
vt 0.304926 0.0689351
vt 0.333011 0.405302
vt 0.348306 0.397126
vt 0.348306 0.397126
vt 0.333011 0.405302
vt 0.348306 0.397126
vt 0.333011 0.405302
vt 0.138287 0.386123
vt 0.151694 0.397126
vt 0.151694 0.397126
vt 0.138287 0.386123
vt 0.151694 0.397126
vt 0.138287 0.386123
vt 0.339194 0.0831296
vt 0.355629 0.0919145
vt 0.355629 0.0919145
vt 0.339194 0.0831296
vt 0.355629 0.0919145
vt 0.339194 0.0831296
vt 0.301118 0.418512
vt 0.317715 0.413478
vt 0.317715 0.413478
vt 0.301118 0.418512
vt 0.317715 0.413478
vt 0.301118 0.418512
vt 0.113877 0.361713
vt 0.12488 0.37512
vt 0.12488 0.37512
vt 0.113877 0.361713
vt 0.12488 0.37512
vt 0.113877 0.361713
vt 0.370035 0.103737
vt 0.384441 0.115559
vt 0.384441 0.115559
vt 0.370035 0.103737
vt 0.384441 0.115559
vt 0.370035 0.103737
vt 0.26726 0.425247
vt 0.284521 0.423547
vt 0.284521 0.423547
vt 0.26726 0.425247
vt 0.284521 0.423547
vt 0.26726 0.425247
vt 0.0946981 0.333011
vt 0.102874 0.348306
vt 0.102874 0.348306
vt 0.0946981 0.333011
vt 0.102874 0.348306
vt 0.0946981 0.333011
vt 0.396263 0.129965
vt 0.408085 0.144371
vt 0.408085 0.144371
vt 0.396263 0.129965
vt 0.408085 0.144371
vt 0.396263 0.129965
vt 0.267903 0.431774
vt 0.285806 0.430011
vt 0.287092 0.436474
vt 0.267903 0.431774
vt 0.287092 0.436474
vt 0.268546 0.438301
vt 0.303022 0.424789
vt 0.320237 0.419566
vt 0.322759 0.425655
vt 0.303022 0.424789
vt 0.322759 0.425655
vt 0.304926 0.431065
vt 0.336102 0.411086
vt 0.351968 0.402606
vt 0.355629 0.408086
vt 0.336102 0.411086
vt 0.355629 0.408086
vt 0.339194 0.41687
vt 0.365874 0.391193
vt 0.37978 0.379781
vt 0.384441 0.384441
vt 0.365874 0.391193
vt 0.384441 0.384441
vt 0.370035 0.396263
vt 0.391193 0.365874
vt 0.402606 0.351968
vt 0.408085 0.35563
vt 0.391193 0.365874
vt 0.408085 0.35563
vt 0.396263 0.370035
vt 0.411086 0.336102
vt 0.419566 0.320237
vt 0.425655 0.322759
vt 0.411086 0.336102
vt 0.425655 0.322759
vt 0.41687 0.339194
vt 0.424789 0.303021
vt 0.430011 0.285806
vt 0.436475 0.287092
vt 0.424789 0.303021
vt 0.436475 0.287092
vt 0.431065 0.304925
vt 0.431774 0.267903
vt 0.433537 0.25
vt 0.440128 0.25
vt 0.431774 0.267903
vt 0.440128 0.25
vt 0.438301 0.268546
vt 0.431774 0.232097
vt 0.430011 0.214194
vt 0.436475 0.212908
vt 0.431774 0.232097
vt 0.436475 0.212908
vt 0.438301 0.231454
vt 0.424789 0.196979
vt 0.419566 0.179763
vt 0.425655 0.177241
vt 0.424789 0.196979
vt 0.425655 0.177241
vt 0.431065 0.195075
vt 0.411086 0.163898
vt 0.402605 0.148032
vt 0.408085 0.144371
vt 0.411086 0.163898
vt 0.408085 0.144371
vt 0.41687 0.160806
vt 0.391193 0.134126
vt 0.37978 0.120219
vt 0.384441 0.115559
vt 0.391193 0.134126
vt 0.384441 0.115559
vt 0.396263 0.129965
vt 0.365874 0.108807
vt 0.351968 0.0973942
vt 0.355629 0.0919145
vt 0.365874 0.108807
vt 0.355629 0.0919145
vt 0.370035 0.103737
vt 0.336102 0.0889139
vt 0.320237 0.0804336
vt 0.322759 0.0743448
vt 0.336102 0.0889139
vt 0.322759 0.0743448
vt 0.339194 0.0831296
vt 0.303022 0.0752114
vt 0.285806 0.0699893
vt 0.287092 0.0635255
vt 0.303022 0.0752114
vt 0.287092 0.0635255
vt 0.304926 0.0689351
vt 0.267903 0.068226
vt 0.25 0.0664627
vt 0.25 0.0598723
vt 0.267903 0.068226
vt 0.25 0.0598723
vt 0.268546 0.0616989
vt 0.232097 0.068226
vt 0.214193 0.0699892
vt 0.212908 0.0635255
vt 0.232097 0.068226
vt 0.212908 0.0635255
vt 0.231454 0.0616989
vt 0.196978 0.0752114
vt 0.179763 0.0804335
vt 0.177241 0.0743448
vt 0.196978 0.0752114
vt 0.177241 0.0743448
vt 0.195075 0.0689351
vt 0.163898 0.0889139
vt 0.148032 0.0973942
vt 0.144371 0.0919145
vt 0.163898 0.0889139
vt 0.144371 0.0919145
vt 0.160806 0.0831296
vt 0.134126 0.108807
vt 0.120219 0.120219
vt 0.115559 0.115559
vt 0.134126 0.108807
vt 0.115559 0.115559
vt 0.129965 0.103737
vt 0.108807 0.134126
vt 0.0973942 0.148032
vt 0.0919145 0.144371
vt 0.108807 0.134126
vt 0.0919145 0.144371
vt 0.103737 0.129965
vt 0.0889139 0.163898
vt 0.0804336 0.179763
vt 0.0743448 0.177241
vt 0.0889139 0.163898
vt 0.0743448 0.177241
vt 0.0831297 0.160806
vt 0.0752114 0.196978
vt 0.0699893 0.214194
vt 0.0635255 0.212908
vt 0.0752114 0.196978
vt 0.0635255 0.212908
vt 0.0689352 0.195075
vt 0.068226 0.232097
vt 0.0664627 0.25
vt 0.0598723 0.25
vt 0.068226 0.232097
vt 0.0598723 0.25
vt 0.0616989 0.231454
vt 0.068226 0.267903
vt 0.0699893 0.285806
vt 0.0635255 0.287092
vt 0.068226 0.267903
vt 0.0635255 0.287092
vt 0.0616989 0.268546
vt 0.0752114 0.303022
vt 0.0804336 0.320237
vt 0.0743448 0.322759
vt 0.0752114 0.303022
vt 0.0743448 0.322759
vt 0.0689351 0.304925
vt 0.0889139 0.336102
vt 0.0973942 0.351968
vt 0.0919145 0.355629
vt 0.0889139 0.336102
vt 0.0919145 0.355629
vt 0.0831297 0.339194
vt 0.108807 0.365874
vt 0.120219 0.379781
vt 0.115559 0.384441
vt 0.108807 0.365874
vt 0.115559 0.384441
vt 0.103737 0.370035
vt 0.134126 0.391193
vt 0.148032 0.402606
vt 0.144371 0.408085
vt 0.134126 0.391193
vt 0.144371 0.408085
vt 0.129965 0.396263
vt 0.163898 0.411086
vt 0.179763 0.419566
vt 0.177241 0.425655
vt 0.163898 0.411086
vt 0.177241 0.425655
vt 0.160806 0.41687
vt 0.196978 0.424789
vt 0.214193 0.430011
vt 0.212908 0.436474
vt 0.196978 0.424789
vt 0.212908 0.436474
vt 0.195075 0.431065
vt 0.232097 0.431774
vt 0.25 0.433537
vt 0.25 0.440128
vt 0.232097 0.431774
vt 0.25 0.440128
vt 0.231454 0.438301
vt 0.0616989 0.268546
vt 0.0598723 0.25
vt 0.0598723 0.25
vt 0.0616989 0.268546
vt 0.0598723 0.25
vt 0.0616989 0.268546
vt 0.333011 0.0946981
vt 0.317715 0.0865223
vt 0.317715 0.0865223
vt 0.333011 0.0946981
vt 0.317715 0.0865223
vt 0.333011 0.0946981
vt 0.0689351 0.304925
vt 0.0635255 0.287092
vt 0.0635255 0.287092
vt 0.0689351 0.304925
vt 0.0635255 0.287092
vt 0.0689351 0.304925
vt 0.301118 0.0814877
vt 0.284521 0.0764531
vt 0.284521 0.0764531
vt 0.301118 0.0814877
vt 0.284521 0.0764531
vt 0.301118 0.0814877
vt 0.0831297 0.339194
vt 0.0743448 0.322759
vt 0.0743448 0.322759
vt 0.0831297 0.339194
vt 0.0743448 0.322759
vt 0.0831297 0.339194
vt 0.268546 0.438301
vt 0.25 0.440128
vt 0.25 0.440128
vt 0.268546 0.438301
vt 0.25 0.440128
vt 0.268546 0.438301
vt 0.26726 0.0747531
vt 0.25 0.0730531
vt 0.25 0.0730531
vt 0.26726 0.0747531
vt 0.25 0.0730531
vt 0.26726 0.0747531
vt 0.103737 0.370035
vt 0.0919145 0.355629
vt 0.0919145 0.355629
vt 0.103737 0.370035
vt 0.0919145 0.355629
vt 0.103737 0.370035
vt 0.304926 0.431065
vt 0.287092 0.436474
vt 0.287092 0.436474
vt 0.304926 0.431065
vt 0.287092 0.436474
vt 0.304926 0.431065
vt 0.23274 0.0747531
vt 0.215479 0.076453
vt 0.215479 0.076453
vt 0.23274 0.0747531
vt 0.215479 0.076453
vt 0.23274 0.0747531
vt 0.129965 0.396263
vt 0.115559 0.384441
vt 0.115559 0.384441
vt 0.129965 0.396263
vt 0.115559 0.384441
vt 0.129965 0.396263
vt 0.339194 0.41687
vt 0.322759 0.425655
vt 0.322759 0.425655
vt 0.339194 0.41687
vt 0.322759 0.425655
vt 0.339194 0.41687
vt 0.198882 0.0814877
vt 0.182285 0.0865223
vt 0.182285 0.0865223
vt 0.198882 0.0814877
vt 0.182285 0.0865223
vt 0.198882 0.0814877
vt 0.160806 0.41687
vt 0.144371 0.408085
vt 0.144371 0.408085
vt 0.160806 0.41687
vt 0.144371 0.408085
vt 0.160806 0.41687
vt 0.370035 0.396263
vt 0.355629 0.408086
vt 0.355629 0.408086
vt 0.370035 0.396263
vt 0.355629 0.408086
vt 0.370035 0.396263
vt 0.166989 0.0946981
vt 0.151694 0.102874
vt 0.151694 0.102874
vt 0.166989 0.0946981
vt 0.151694 0.102874
vt 0.166989 0.0946981
vt 0.195075 0.431065
vt 0.177241 0.425655
vt 0.177241 0.425655
vt 0.195075 0.431065
vt 0.177241 0.425655
vt 0.195075 0.431065
vt 0.396263 0.370035
vt 0.384441 0.384441
vt 0.384441 0.384441
vt 0.396263 0.370035
vt 0.384441 0.384441
vt 0.396263 0.370035
vt 0.138287 0.113877
vt 0.12488 0.12488
vt 0.12488 0.12488
vt 0.138287 0.113877
vt 0.12488 0.12488
vt 0.138287 0.113877
vt 0.231454 0.438301
vt 0.212908 0.436474
vt 0.212908 0.436474
vt 0.231454 0.438301
vt 0.212908 0.436474
vt 0.231454 0.438301
vt 0.41687 0.339194
vt 0.408085 0.35563
vt 0.408085 0.35563
vt 0.41687 0.339194
vt 0.408085 0.35563
vt 0.41687 0.339194
vt 0.113877 0.138287
vt 0.102874 0.151694
vt 0.102874 0.151694
vt 0.113877 0.138287
vt 0.102874 0.151694
vt 0.113877 0.138287
vt 0.431065 0.304925
vt 0.425655 0.322759
vt 0.425655 0.322759
vt 0.431065 0.304925
vt 0.425655 0.322759
vt 0.431065 0.304925
vt 0.0946982 0.166989
vt 0.0865223 0.182285
vt 0.0865223 0.182285
vt 0.0946982 0.166989
vt 0.0865223 0.182285
vt 0.0946982 0.166989
vt 0.438301 0.268546
vt 0.436475 0.287092
vt 0.436475 0.287092
vt 0.438301 0.268546
vt 0.436475 0.287092
vt 0.438301 0.268546
vt 0.0814877 0.198882
vt 0.0764531 0.215479
vt 0.0764531 0.215479
vt 0.0814877 0.198882
vt 0.0764531 0.215479
vt 0.0814877 0.198882
vt 0.438301 0.231454
vt 0.440128 0.25
vt 0.440128 0.25
vt 0.438301 0.231454
vt 0.440128 0.25
vt 0.438301 0.231454
vt 0.0747531 0.23274
vt 0.0730531 0.25
vt 0.0730531 0.25
vt 0.0747531 0.23274
vt 0.0730531 0.25
vt 0.0747531 0.23274
vt 0.431065 0.195075
vt 0.436475 0.212908
vt 0.436475 0.212908
vt 0.431065 0.195075
vt 0.436475 0.212908
vt 0.431065 0.195075
vt 0.0747531 0.26726
vt 0.0764531 0.284521
vt 0.0764531 0.284521
vt 0.0747531 0.26726
vt 0.0764531 0.284521
vt 0.0747531 0.26726
vt 0.41687 0.160806
vt 0.425655 0.177241
vt 0.425655 0.177241
vt 0.41687 0.160806
vt 0.425655 0.177241
vt 0.41687 0.160806
vt 0.0814877 0.301118
vt 0.0865223 0.317715
vt 0.0865223 0.317715
vt 0.0814877 0.301118
vt 0.0865223 0.317715
vt 0.0814877 0.301118
vt 0.0159075 0.710672
vt 0.01619 0.921343
vt 0.00112993 0.921343
vt 0.0159075 0.710672
vt 0.00112993 0.921343
vt 0.000564963 0.710672
vt 0.046875 0.710672
vt 0.046875 0.921343
vt 0.03125 0.921343
vt 0.046875 0.710672
vt 0.03125 0.921343
vt 0.03125 0.710672
vt 0.078125 0.710672
vt 0.078125 0.921343
vt 0.0625 0.921343
vt 0.078125 0.710672
vt 0.0625 0.921343
vt 0.0625 0.710672
vt 0.109375 0.710672
vt 0.109375 0.921343
vt 0.09375 0.921343
vt 0.109375 0.710672
vt 0.09375 0.921343
vt 0.09375 0.710672
vt 0.140625 0.710671
vt 0.140625 0.921343
vt 0.125 0.921343
vt 0.140625 0.710671
vt 0.125 0.921343
vt 0.125 0.710672
vt 0.171875 0.710671
vt 0.171875 0.921343
vt 0.15625 0.921343
vt 0.171875 0.710671
vt 0.15625 0.921343
vt 0.15625 0.710671
vt 0.203125 0.710672
vt 0.203125 0.921343
vt 0.1875 0.921343
vt 0.203125 0.710672
vt 0.1875 0.921343
vt 0.1875 0.710672
vt 0.234375 0.710672
vt 0.234375 0.921343
vt 0.21875 0.921343
vt 0.234375 0.710672
vt 0.21875 0.921343
vt 0.21875 0.710672
vt 0.265625 0.710672
vt 0.265625 0.921343
vt 0.25 0.921343
vt 0.265625 0.710672
vt 0.25 0.921343
vt 0.25 0.710672
vt 0.296875 0.710672
vt 0.296875 0.921343
vt 0.28125 0.921343
vt 0.296875 0.710672
vt 0.28125 0.921343
vt 0.28125 0.710672
vt 0.328125 0.710671
vt 0.328125 0.921343
vt 0.3125 0.921343
vt 0.328125 0.710671
vt 0.3125 0.921343
vt 0.3125 0.710672
vt 0.359375 0.710672
vt 0.359375 0.921343
vt 0.34375 0.921343
vt 0.359375 0.710672
vt 0.34375 0.921343
vt 0.34375 0.710671
vt 0.390625 0.710672
vt 0.390625 0.921343
vt 0.375 0.921343
vt 0.390625 0.710672
vt 0.375 0.921343
vt 0.375 0.710672
vt 0.421875 0.710672
vt 0.421875 0.921343
vt 0.40625 0.921343
vt 0.421875 0.710672
vt 0.40625 0.921343
vt 0.40625 0.710672
vt 0.453125 0.710672
vt 0.453125 0.921343
vt 0.4375 0.921343
vt 0.453125 0.710672
vt 0.4375 0.921343
vt 0.4375 0.710672
vt 0.484375 0.710672
vt 0.484375 0.921343
vt 0.46875 0.921343
vt 0.484375 0.710672
vt 0.46875 0.921343
vt 0.46875 0.710672
vt 0.515625 0.710672
vt 0.515625 0.921343
vt 0.5 0.921343
vt 0.515625 0.710672
vt 0.5 0.921343
vt 0.5 0.710672
vt 0.546875 0.710672
vt 0.546875 0.921343
vt 0.53125 0.921343
vt 0.546875 0.710672
vt 0.53125 0.921343
vt 0.53125 0.710672
vt 0.578125 0.710672
vt 0.578125 0.921343
vt 0.5625 0.921343
vt 0.578125 0.710672
vt 0.5625 0.921343
vt 0.5625 0.710672
vt 0.609375 0.710672
vt 0.609375 0.921343
vt 0.59375 0.921343
vt 0.609375 0.710672
vt 0.59375 0.921343
vt 0.59375 0.710672
vt 0.640625 0.710672
vt 0.640625 0.921343
vt 0.625 0.921343
vt 0.640625 0.710672
vt 0.625 0.921343
vt 0.625 0.710672
vt 0.671875 0.710672
vt 0.671875 0.921343
vt 0.65625 0.921343
vt 0.671875 0.710672
vt 0.65625 0.921343
vt 0.65625 0.710672
vt 0.703129 0.71071
vt 0.703133 0.921419
vt 0.6875 0.921343
vt 0.703129 0.71071
vt 0.6875 0.921343
vt 0.6875 0.710672
vt 0.734379 0.710638
vt 0.734383 0.921276
vt 0.718766 0.921496
vt 0.734379 0.710638
vt 0.718766 0.921496
vt 0.718758 0.710748
vt 0.765621 0.710638
vt 0.765617 0.921276
vt 0.75 0.921056
vt 0.765621 0.710638
vt 0.75 0.921056
vt 0.75 0.710528
vt 0.796871 0.71071
vt 0.796867 0.921419
vt 0.781234 0.921496
vt 0.796871 0.71071
vt 0.781234 0.921496
vt 0.781242 0.710748
vt 0.828125 0.710672
vt 0.828125 0.921343
vt 0.8125 0.921343
vt 0.828125 0.710672
vt 0.8125 0.921343
vt 0.8125 0.710672
vt 0.859375 0.710672
vt 0.859375 0.921343
vt 0.84375 0.921343
vt 0.859375 0.710672
vt 0.84375 0.921343
vt 0.84375 0.710672
vt 0.890625 0.710672
vt 0.890625 0.921343
vt 0.875 0.921343
vt 0.890625 0.710672
vt 0.875 0.921343
vt 0.875 0.710672
vt 0.921875 0.710672
vt 0.921875 0.921343
vt 0.90625 0.921343
vt 0.921875 0.710672
vt 0.90625 0.921343
vt 0.90625 0.710672
vt 0.953125 0.710672
vt 0.953125 0.921343
vt 0.9375 0.921343
vt 0.953125 0.710672
vt 0.9375 0.921343
vt 0.9375 0.710672
vt 0.984092 0.710672
vt 0.98381 0.921343
vt 0.96875 0.921343
vt 0.984092 0.710672
vt 0.96875 0.921343
vt 0.96875 0.710672
vt 0.984227 0.979358
vt 0.999703 0.979358
vt 1 1
vt 0.984227 0.979358
vt 1 1
vt 0.984375 1
vt 0.272598 0.479444
vt 0.25 0.48167
vt 0.25 0.473339
vt 0.272598 0.479444
vt 0.25 0.473339
vt 0.271786 0.471193
vt 0.270832 0.461515
vt 0.25 0.463567
vt 0.25 0.453795
vt 0.270832 0.461515
vt 0.25 0.453795
vt 0.269879 0.451837
vt 0.953125 0.979358
vt 0.96875 0.979359
vt 0.96875 1
vt 0.953125 0.979358
vt 0.96875 1
vt 0.953125 1
vt 0.316926 0.470626
vt 0.295197 0.477218
vt 0.293571 0.469048
vt 0.316926 0.470626
vt 0.293571 0.469048
vt 0.31452 0.462693
vt 0.311697 0.453387
vt 0.291665 0.459464
vt 0.289759 0.44988
vt 0.311697 0.453387
vt 0.289759 0.44988
vt 0.308874 0.444081
vt 0.921875 0.979358
vt 0.9375 0.979358
vt 0.9375 1
vt 0.921875 0.979358
vt 0.9375 1
vt 0.921875 1
vt 0.358682 0.453331
vt 0.338656 0.464035
vt 0.335468 0.456339
vt 0.358682 0.453331
vt 0.335468 0.456339
vt 0.354774 0.446019
vt 0.35019 0.437443
vt 0.331729 0.447311
vt 0.327989 0.438282
vt 0.35019 0.437443
vt 0.327989 0.438282
vt 0.345606 0.428866
vt 0.890625 0.979358
vt 0.90625 0.979359
vt 0.90625 1
vt 0.890625 0.979358
vt 0.90625 1
vt 0.890625 1
vt 0.396262 0.428221
vt 0.378709 0.442626
vt 0.374081 0.4357
vt 0.396262 0.428221
vt 0.374081 0.4357
vt 0.391003 0.421812
vt 0.384833 0.414295
vt 0.368652 0.427575
vt 0.363223 0.41945
vt 0.384833 0.414295
vt 0.363223 0.41945
vt 0.378664 0.406778
vt 0.859375 0.979358
vt 0.875 0.979358
vt 0.875 1
vt 0.859375 0.979358
vt 0.875 1
vt 0.859375 1
vt 0.428221 0.396262
vt 0.413815 0.413815
vt 0.407925 0.407925
vt 0.428221 0.396262
vt 0.407925 0.407925
vt 0.421812 0.391003
vt 0.414295 0.384833
vt 0.401015 0.401015
vt 0.394105 0.394105
vt 0.414295 0.384833
vt 0.394105 0.394105
vt 0.406777 0.378664
vt 0.828125 0.979358
vt 0.84375 0.979359
vt 0.84375 1
vt 0.828125 0.979358
vt 0.84375 1
vt 0.828125 1
vt 0.453331 0.358682
vt 0.442626 0.378709
vt 0.4357 0.374081
vt 0.453331 0.358682
vt 0.4357 0.374081
vt 0.446019 0.354774
vt 0.437443 0.35019
vt 0.427575 0.368652
vt 0.41945 0.363223
vt 0.437443 0.35019
vt 0.41945 0.363223
vt 0.428866 0.345606
vt 0.796873 0.979378
vt 0.8125 0.979358
vt 0.8125 1
vt 0.796873 0.979378
vt 0.8125 1
vt 0.796875 1
vt 0.470626 0.316926
vt 0.464035 0.338656
vt 0.456339 0.335468
vt 0.470626 0.316926
vt 0.456339 0.335468
vt 0.462693 0.31452
vt 0.453387 0.311697
vt 0.44731 0.331729
vt 0.438282 0.327989
vt 0.453387 0.311697
vt 0.438282 0.327989
vt 0.444081 0.308874
vt 0.765623 0.979239
vt 0.781246 0.979398
vt 0.78125 1
vt 0.765623 0.979239
vt 0.78125 1
vt 0.765625 1
vt 0.479447 0.272598
vt 0.477218 0.295196
vt 0.469048 0.293571
vt 0.479447 0.272598
vt 0.469048 0.293571
vt 0.471201 0.271786
vt 0.461519 0.270832
vt 0.459464 0.291665
vt 0.44988 0.289758
vt 0.461519 0.270832
vt 0.44988 0.289758
vt 0.451838 0.269879
vt 0.734377 0.979239
vt 0.75 0.979079
vt 0.75 1
vt 0.734377 0.979239
vt 0.75 1
vt 0.734375 1
vt 0.479447 0.227402
vt 0.481677 0.25
vt 0.473354 0.25
vt 0.479447 0.227402
vt 0.473354 0.25
vt 0.471201 0.228214
vt 0.461519 0.229168
vt 0.463575 0.25
vt 0.453796 0.25
vt 0.461519 0.229168
vt 0.453796 0.25
vt 0.451838 0.230121
vt 0.703127 0.979379
vt 0.718754 0.979398
vt 0.71875 1
vt 0.703127 0.979379
vt 0.71875 1
vt 0.703125 1
vt 0.470626 0.183074
vt 0.477218 0.204804
vt 0.469048 0.206429
vt 0.470626 0.183074
vt 0.469048 0.206429
vt 0.462693 0.18548
vt 0.453387 0.188303
vt 0.459464 0.208335
vt 0.44988 0.210242
vt 0.453387 0.188303
vt 0.44988 0.210242
vt 0.444081 0.191126
vt 0.671875 0.979359
vt 0.6875 0.979359
vt 0.6875 1
vt 0.671875 0.979359
vt 0.6875 1
vt 0.671875 1
vt 0.453331 0.141318
vt 0.464035 0.161344
vt 0.456339 0.164532
vt 0.453331 0.141318
vt 0.456339 0.164532
vt 0.446019 0.145226
vt 0.437443 0.14981
vt 0.447311 0.168271
vt 0.438282 0.172011
vt 0.437443 0.14981
vt 0.438282 0.172011
vt 0.428866 0.154394
vt 0.640625 0.979358
vt 0.65625 0.979359
vt 0.65625 1
vt 0.640625 0.979358
vt 0.65625 1
vt 0.640625 1
vt 0.428221 0.103738
vt 0.442626 0.121291
vt 0.4357 0.125919
vt 0.428221 0.103738
vt 0.4357 0.125919
vt 0.421812 0.108997
vt 0.414295 0.115167
vt 0.427575 0.131348
vt 0.41945 0.136777
vt 0.414295 0.115167
vt 0.41945 0.136777
vt 0.406777 0.121336
vt 0.609375 0.979358
vt 0.625 0.979358
vt 0.625 1
vt 0.609375 0.979358
vt 0.625 1
vt 0.609375 1
vt 0.396262 0.0717793
vt 0.413815 0.0861848
vt 0.407925 0.0920753
vt 0.396262 0.0717793
vt 0.407925 0.0920753
vt 0.391003 0.0781877
vt 0.384833 0.0857051
vt 0.401015 0.098985
vt 0.394105 0.105895
vt 0.384833 0.0857051
vt 0.394105 0.105895
vt 0.378664 0.0932225
vt 0.578125 0.979358
vt 0.59375 0.979358
vt 0.59375 1
vt 0.578125 0.979358
vt 0.59375 1
vt 0.578125 1
vt 0.358682 0.0466694
vt 0.378709 0.0573737
vt 0.374081 0.0643002
vt 0.358682 0.0466694
vt 0.374081 0.0643002
vt 0.354774 0.0539808
vt 0.35019 0.0625573
vt 0.368652 0.0724252
vt 0.363223 0.0805502
vt 0.35019 0.0625573
vt 0.363223 0.0805502
vt 0.345606 0.0711338
vt 0.546875 0.979358
vt 0.5625 0.979358
vt 0.5625 1
vt 0.546875 0.979358
vt 0.5625 1
vt 0.546875 1
vt 0.316926 0.0293735
vt 0.338656 0.0359652
vt 0.335468 0.0436614
vt 0.316926 0.0293735
vt 0.335468 0.0436614
vt 0.31452 0.0373068
vt 0.311697 0.0466129
vt 0.331729 0.0526895
vt 0.327989 0.0617175
vt 0.311697 0.0466129
vt 0.327989 0.0617175
vt 0.308874 0.0559189
vt 0.515625 0.979359
vt 0.53125 0.979359
vt 0.53125 1
vt 0.515625 0.979359
vt 0.53125 1
vt 0.515625 1
vt 0.272598 0.0205561
vt 0.295197 0.0227818
vt 0.293571 0.0309521
vt 0.272598 0.0205561
vt 0.293571 0.0309521
vt 0.271786 0.0288065
vt 0.270832 0.0384845
vt 0.291665 0.0405363
vt 0.289759 0.0501204
vt 0.270832 0.0384845
vt 0.289759 0.0501204
vt 0.269879 0.0481625
vt 0.484375 0.979359
vt 0.5 0.979359
vt 0.5 1
vt 0.484375 0.979359
vt 0.5 1
vt 0.484375 1
vt 0.227402 0.0205561
vt 0.25 0.0183304
vt 0.25 0.0266608
vt 0.227402 0.0205561
vt 0.25 0.0266608
vt 0.228214 0.0288065
vt 0.229167 0.0384844
vt 0.25 0.0364326
vt 0.25 0.0462045
vt 0.229167 0.0384844
vt 0.25 0.0462045
vt 0.230121 0.0481624
vt 0.453125 0.979359
vt 0.46875 0.979359
vt 0.46875 1
vt 0.453125 0.979359
vt 0.46875 1
vt 0.453125 1
vt 0.183074 0.0293735
vt 0.204803 0.0227818
vt 0.206429 0.0309521
vt 0.183074 0.0293735
vt 0.206429 0.0309521
vt 0.18548 0.0373068
vt 0.188303 0.0466128
vt 0.208335 0.0405363
vt 0.210241 0.0501204
vt 0.188303 0.0466128
vt 0.210241 0.0501204
vt 0.191126 0.0559189
vt 0.421875 0.979359
vt 0.4375 0.979359
vt 0.4375 1
vt 0.421875 0.979359
vt 0.4375 1
vt 0.421875 1
vt 0.141318 0.0466694
vt 0.161344 0.0359652
vt 0.164532 0.0436614
vt 0.141318 0.0466694
vt 0.164532 0.0436614
vt 0.145226 0.0539808
vt 0.14981 0.0625573
vt 0.168271 0.0526894
vt 0.172011 0.0617175
vt 0.14981 0.0625573
vt 0.172011 0.0617175
vt 0.154394 0.0711338
vt 0.390625 0.979359
vt 0.40625 0.979359
vt 0.40625 1
vt 0.390625 0.979359
vt 0.40625 1
vt 0.390625 1
vt 0.103738 0.0717793
vt 0.121291 0.0573737
vt 0.125919 0.0643002
vt 0.103738 0.0717793
vt 0.125919 0.0643002
vt 0.108997 0.0781877
vt 0.115167 0.0857051
vt 0.131348 0.0724252
vt 0.136777 0.0805502
vt 0.115167 0.0857051
vt 0.136777 0.0805502
vt 0.121336 0.0932225
vt 0.359375 0.979358
vt 0.375 0.979359
vt 0.375 1
vt 0.359375 0.979358
vt 0.375 1
vt 0.359375 1
vt 0.0717793 0.103738
vt 0.0861848 0.0861848
vt 0.0920753 0.0920753
vt 0.0717793 0.103738
vt 0.0920753 0.0920753
vt 0.0781877 0.108997
vt 0.0857051 0.115167
vt 0.0989851 0.098985
vt 0.105895 0.105895
vt 0.0857051 0.115167
vt 0.105895 0.105895
vt 0.0932225 0.121336
vt 0.328125 0.979358
vt 0.34375 0.979358
vt 0.34375 1
vt 0.328125 0.979358
vt 0.34375 1
vt 0.328125 1
vt 0.0466695 0.141318
vt 0.0573737 0.121291
vt 0.0643002 0.125919
vt 0.0466695 0.141318
vt 0.0643002 0.125919
vt 0.0539808 0.145226
vt 0.0625573 0.14981
vt 0.0724252 0.131348
vt 0.0805502 0.136777
vt 0.0625573 0.14981
vt 0.0805502 0.136777
vt 0.0711338 0.154394
vt 0.296875 0.979358
vt 0.3125 0.979358
vt 0.3125 1
vt 0.296875 0.979358
vt 0.3125 1
vt 0.296875 1
vt 0.0293735 0.183074
vt 0.0359652 0.161344
vt 0.0436614 0.164532
vt 0.0293735 0.183074
vt 0.0436614 0.164532
vt 0.0373068 0.18548
vt 0.0466129 0.188303
vt 0.0526895 0.168271
vt 0.0617175 0.172011
vt 0.0466129 0.188303
vt 0.0617175 0.172011
vt 0.0559189 0.191126
vt 0.265625 0.979359
vt 0.28125 0.979359
vt 0.28125 1
vt 0.265625 0.979359
vt 0.28125 1
vt 0.265625 1
vt 0.0205561 0.227402
vt 0.0227818 0.204803
vt 0.0309521 0.206429
vt 0.0205561 0.227402
vt 0.0309521 0.206429
vt 0.0288065 0.228214
vt 0.0384845 0.229168
vt 0.0405363 0.208335
vt 0.0501204 0.210241
vt 0.0384845 0.229168
vt 0.0501204 0.210241
vt 0.0481624 0.230121
vt 0.234375 0.979359
vt 0.25 0.979359
vt 0.25 1
vt 0.234375 0.979359
vt 0.25 1
vt 0.234375 1
vt 0.0205561 0.272598
vt 0.0183304 0.25
vt 0.0266608 0.25
vt 0.0205561 0.272598
vt 0.0266608 0.25
vt 0.0288065 0.271786
vt 0.0384845 0.270832
vt 0.0364327 0.25
vt 0.0462045 0.25
vt 0.0384845 0.270832
vt 0.0462045 0.25
vt 0.0481624 0.269879
vt 0.203125 0.979358
vt 0.21875 0.979358
vt 0.21875 1
vt 0.203125 0.979358
vt 0.21875 1
vt 0.203125 1
vt 0.0293735 0.316926
vt 0.0227818 0.295197
vt 0.0309521 0.293571
vt 0.0293735 0.316926
vt 0.0309521 0.293571
vt 0.0373068 0.31452
vt 0.0466128 0.311697
vt 0.0405363 0.291665
vt 0.0501204 0.289759
vt 0.0466128 0.311697
vt 0.0501204 0.289759
vt 0.0559189 0.308874
vt 0.171875 0.979358
vt 0.1875 0.979359
vt 0.1875 1
vt 0.171875 0.979358
vt 0.1875 1
vt 0.171875 1
vt 0.0466695 0.358682
vt 0.0359652 0.338656
vt 0.0436614 0.335468
vt 0.0466695 0.358682
vt 0.0436614 0.335468
vt 0.0539808 0.354774
vt 0.0625573 0.35019
vt 0.0526894 0.331729
vt 0.0617175 0.327989
vt 0.0625573 0.35019
vt 0.0617175 0.327989
vt 0.0711338 0.345606
vt 0.140625 0.979358
vt 0.15625 0.979358
vt 0.15625 1
vt 0.140625 0.979358
vt 0.15625 1
vt 0.140625 1
vt 0.0717793 0.396262
vt 0.0573737 0.378709
vt 0.0643002 0.374081
vt 0.0717793 0.396262
vt 0.0643002 0.374081
vt 0.0781877 0.391003
vt 0.0857051 0.384833
vt 0.0724252 0.368652
vt 0.0805502 0.363223
vt 0.0857051 0.384833
vt 0.0805502 0.363223
vt 0.0932225 0.378664
vt 0.109375 0.979359
vt 0.125 0.979359
vt 0.125 1
vt 0.109375 0.979359
vt 0.125 1
vt 0.109375 1
vt 0.103738 0.428221
vt 0.0861848 0.413815
vt 0.0920753 0.407925
vt 0.103738 0.428221
vt 0.0920753 0.407925
vt 0.108997 0.421812
vt 0.115167 0.414295
vt 0.0989851 0.401015
vt 0.105895 0.394105
vt 0.115167 0.414295
vt 0.105895 0.394105
vt 0.121336 0.406777
vt 0.078125 0.979359
vt 0.09375 0.979359
vt 0.09375 1
vt 0.078125 0.979359
vt 0.09375 1
vt 0.078125 1
vt 0.141318 0.453331
vt 0.121291 0.442626
vt 0.125919 0.4357
vt 0.141318 0.453331
vt 0.125919 0.4357
vt 0.145226 0.446019
vt 0.14981 0.437443
vt 0.131348 0.427575
vt 0.136777 0.41945
vt 0.14981 0.437443
vt 0.136777 0.41945
vt 0.154394 0.428866
vt 0.046875 0.979359
vt 0.0625 0.979359
vt 0.0625 1
vt 0.046875 0.979359
vt 0.0625 1
vt 0.046875 1
vt 0.183074 0.470626
vt 0.161344 0.464035
vt 0.164532 0.456339
vt 0.183074 0.470626
vt 0.164532 0.456339
vt 0.18548 0.462693
vt 0.188303 0.453387
vt 0.168271 0.447311
vt 0.172011 0.438282
vt 0.188303 0.453387
vt 0.172011 0.438282
vt 0.191126 0.444081
vt 0.0157733 0.979359
vt 0.03125 0.979359
vt 0.03125 1
vt 0.0157733 0.979359
vt 0.03125 1
vt 0.015625 1
vt 0.227402 0.479444
vt 0.204803 0.477218
vt 0.206429 0.469048
vt 0.227402 0.479444
vt 0.206429 0.469048
vt 0.228214 0.471194
vt 0.229167 0.461515
vt 0.208335 0.459464
vt 0.210241 0.44988
vt 0.229167 0.461515
vt 0.210241 0.44988
vt 0.230121 0.451837
vt 0.269213 0.445069
vt 0.288425 0.443177
vt 0.289759 0.44988
vt 0.269213 0.445069
vt 0.289759 0.44988
vt 0.269879 0.451837
vt 0.953125 0.94003
vt 0.953125 0.958717
vt 0.9375 0.958717
vt 0.953125 0.94003
vt 0.9375 0.958717
vt 0.9375 0.94003
vt 0.3069 0.437573
vt 0.325374 0.431969
vt 0.327989 0.438282
vt 0.3069 0.437573
vt 0.327989 0.438282
vt 0.308874 0.444081
vt 0.983944 0.94003
vt 0.984078 0.958717
vt 0.96875 0.958717
vt 0.983944 0.94003
vt 0.96875 0.958717
vt 0.96875 0.94003
vt 0.0160557 0.94003
vt 0.0159215 0.958717
vt 0.000593041 0.958717
vt 0.0160557 0.94003
vt 0.000593041 0.958717
vt 0.000861483 0.94003
vt 0.230787 0.445069
vt 0.25 0.446962
vt 0.25 0.453795
vt 0.230787 0.445069
vt 0.25 0.453795
vt 0.230121 0.451837
vt 0.921875 0.94003
vt 0.921875 0.958717
vt 0.90625 0.958717
vt 0.921875 0.94003
vt 0.90625 0.958717
vt 0.90625 0.94003
vt 0.3424 0.422868
vt 0.359426 0.413768
vt 0.363223 0.41945
vt 0.3424 0.422868
vt 0.363223 0.41945
vt 0.345606 0.428866
vt 0.890625 0.94003
vt 0.890625 0.958717
vt 0.875 0.958717
vt 0.890625 0.94003
vt 0.875 0.958717
vt 0.875 0.94003
vt 0.374349 0.40152
vt 0.389273 0.389273
vt 0.394105 0.394105
vt 0.374349 0.40152
vt 0.394105 0.394105
vt 0.378664 0.406778
vt 0.859375 0.94003
vt 0.859375 0.958717
vt 0.84375 0.958717
vt 0.859375 0.94003
vt 0.84375 0.958717
vt 0.84375 0.94003
vt 0.40152 0.37435
vt 0.413767 0.359426
vt 0.41945 0.363223
vt 0.40152 0.37435
vt 0.41945 0.363223
vt 0.406777 0.378664
vt 0.828125 0.94003
vt 0.828125 0.958717
vt 0.8125 0.958717
vt 0.828125 0.94003
vt 0.8125 0.958717
vt 0.8125 0.94003
vt 0.422868 0.3424
vt 0.431969 0.325374
vt 0.438282 0.327989
vt 0.422868 0.3424
vt 0.438282 0.327989
vt 0.428866 0.345606
vt 0.796869 0.940088
vt 0.796871 0.958757
vt 0.781242 0.958797
vt 0.796869 0.940088
vt 0.781242 0.958797
vt 0.781238 0.940146
vt 0.437573 0.306899
vt 0.443177 0.288425
vt 0.44988 0.289758
vt 0.437573 0.306899
vt 0.44988 0.289758
vt 0.444081 0.308874
vt 0.765619 0.939877
vt 0.765621 0.958478
vt 0.75 0.958159
vt 0.765619 0.939877
vt 0.75 0.958159
vt 0.75 0.939607
vt 0.445069 0.269213
vt 0.446962 0.25
vt 0.453796 0.25
vt 0.445069 0.269213
vt 0.453796 0.25
vt 0.451838 0.269879
vt 0.734381 0.939877
vt 0.734379 0.958478
vt 0.718758 0.958797
vt 0.734381 0.939877
vt 0.718758 0.958797
vt 0.718762 0.940146
vt 0.445069 0.230787
vt 0.443177 0.211575
vt 0.44988 0.210242
vt 0.445069 0.230787
vt 0.44988 0.210242
vt 0.451838 0.230121
vt 0.703131 0.940088
vt 0.703129 0.958757
vt 0.6875 0.958717
vt 0.703131 0.940088
vt 0.6875 0.958717
vt 0.6875 0.94003
vt 0.437573 0.1931
vt 0.431969 0.174626
vt 0.438282 0.172011
vt 0.437573 0.1931
vt 0.438282 0.172011
vt 0.444081 0.191126
vt 0.671875 0.94003
vt 0.671875 0.958717
vt 0.65625 0.958717
vt 0.671875 0.94003
vt 0.65625 0.958717
vt 0.65625 0.94003
vt 0.422868 0.1576
vt 0.413767 0.140574
vt 0.41945 0.136777
vt 0.422868 0.1576
vt 0.41945 0.136777
vt 0.428866 0.154394
vt 0.640625 0.94003
vt 0.640625 0.958717
vt 0.625 0.958717
vt 0.640625 0.94003
vt 0.625 0.958717
vt 0.625 0.94003
vt 0.40152 0.12565
vt 0.389273 0.110727
vt 0.394105 0.105895
vt 0.40152 0.12565
vt 0.394105 0.105895
vt 0.406777 0.121336
vt 0.609375 0.94003
vt 0.609375 0.958717
vt 0.59375 0.958717
vt 0.609375 0.94003
vt 0.59375 0.958717
vt 0.59375 0.94003
vt 0.374349 0.0984796
vt 0.359426 0.0862323
vt 0.363223 0.0805502
vt 0.374349 0.0984796
vt 0.363223 0.0805502
vt 0.378664 0.0932225
vt 0.578125 0.94003
vt 0.578125 0.958717
vt 0.5625 0.958717
vt 0.578125 0.94003
vt 0.5625 0.958717
vt 0.5625 0.94003
vt 0.3424 0.0771317
vt 0.325374 0.0680312
vt 0.327989 0.0617175
vt 0.3424 0.0771317
vt 0.327989 0.0617175
vt 0.345606 0.0711338
vt 0.546875 0.94003
vt 0.546875 0.958717
vt 0.53125 0.958717
vt 0.546875 0.94003
vt 0.53125 0.958717
vt 0.53125 0.94003
vt 0.3069 0.062427
vt 0.288425 0.0568229
vt 0.289759 0.0501204
vt 0.3069 0.062427
vt 0.289759 0.0501204
vt 0.308874 0.0559189
vt 0.515625 0.94003
vt 0.515625 0.958717
vt 0.5 0.958717
vt 0.515625 0.94003
vt 0.5 0.958717
vt 0.5 0.94003
vt 0.269213 0.0549307
vt 0.25 0.0530384
vt 0.25 0.0462045
vt 0.269213 0.0549307
vt 0.25 0.0462045
vt 0.269879 0.0481625
vt 0.484375 0.94003
vt 0.484375 0.958717
vt 0.46875 0.958717
vt 0.484375 0.94003
vt 0.46875 0.958717
vt 0.46875 0.94003
vt 0.230787 0.0549306
vt 0.211575 0.0568229
vt 0.210241 0.0501204
vt 0.230787 0.0549306
vt 0.210241 0.0501204
vt 0.230121 0.0481624
vt 0.453125 0.94003
vt 0.453125 0.958717
vt 0.4375 0.958717
vt 0.453125 0.94003
vt 0.4375 0.958717
vt 0.4375 0.94003
vt 0.1931 0.062427
vt 0.174626 0.0680311
vt 0.172011 0.0617175
vt 0.1931 0.062427
vt 0.172011 0.0617175
vt 0.191126 0.0559189
vt 0.421875 0.94003
vt 0.421875 0.958717
vt 0.40625 0.958717
vt 0.421875 0.94003
vt 0.40625 0.958717
vt 0.40625 0.94003
vt 0.1576 0.0771317
vt 0.140574 0.0862323
vt 0.136777 0.0805502
vt 0.1576 0.0771317
vt 0.136777 0.0805502
vt 0.154394 0.0711338
vt 0.390625 0.94003
vt 0.390625 0.958717
vt 0.375 0.958717
vt 0.390625 0.94003
vt 0.375 0.958717
vt 0.375 0.94003
vt 0.125651 0.0984797
vt 0.110727 0.110727
vt 0.105895 0.105895
vt 0.125651 0.0984797
vt 0.105895 0.105895
vt 0.121336 0.0932225
vt 0.359375 0.94003
vt 0.359375 0.958717
vt 0.34375 0.958717
vt 0.359375 0.94003
vt 0.34375 0.958717
vt 0.34375 0.94003
vt 0.0984797 0.125651
vt 0.0862323 0.140574
vt 0.0805502 0.136777
vt 0.0984797 0.125651
vt 0.0805502 0.136777
vt 0.0932225 0.121336
vt 0.328125 0.94003
vt 0.328125 0.958717
vt 0.3125 0.958717
vt 0.328125 0.94003
vt 0.3125 0.958717
vt 0.3125 0.94003
vt 0.0771317 0.1576
vt 0.0680312 0.174626
vt 0.0617175 0.172011
vt 0.0771317 0.1576
vt 0.0617175 0.172011
vt 0.0711338 0.154394
vt 0.296875 0.94003
vt 0.296875 0.958717
vt 0.28125 0.958717
vt 0.296875 0.94003
vt 0.28125 0.958717
vt 0.28125 0.94003
vt 0.062427 0.1931
vt 0.0568229 0.211575
vt 0.0501204 0.210241
vt 0.062427 0.1931
vt 0.0501204 0.210241
vt 0.0559189 0.191126
vt 0.265625 0.94003
vt 0.265625 0.958717
vt 0.25 0.958717
vt 0.265625 0.94003
vt 0.25 0.958717
vt 0.25 0.94003
vt 0.0549307 0.230787
vt 0.0530384 0.25
vt 0.0462045 0.25
vt 0.0549307 0.230787
vt 0.0462045 0.25
vt 0.0481624 0.230121
vt 0.234375 0.94003
vt 0.234375 0.958717
vt 0.21875 0.958717
vt 0.234375 0.94003
vt 0.21875 0.958717
vt 0.21875 0.94003
vt 0.0549307 0.269213
vt 0.0568229 0.288425
vt 0.0501204 0.289759
vt 0.0549307 0.269213
vt 0.0501204 0.289759
vt 0.0481624 0.269879
vt 0.203125 0.94003
vt 0.203125 0.958717
vt 0.1875 0.958717
vt 0.203125 0.94003
vt 0.1875 0.958717
vt 0.1875 0.94003
vt 0.062427 0.3069
vt 0.0680311 0.325374
vt 0.0617175 0.327989
vt 0.062427 0.3069
vt 0.0617175 0.327989
vt 0.0559189 0.308874
vt 0.171875 0.94003
vt 0.171875 0.958717
vt 0.15625 0.958717
vt 0.171875 0.94003
vt 0.15625 0.958717
vt 0.15625 0.94003
vt 0.0771317 0.3424
vt 0.0862323 0.359426
vt 0.0805502 0.363223
vt 0.0771317 0.3424
vt 0.0805502 0.363223
vt 0.0711338 0.345606
vt 0.140625 0.94003
vt 0.140625 0.958717
vt 0.125 0.958717
vt 0.140625 0.94003
vt 0.125 0.958717
vt 0.125 0.94003
vt 0.0984797 0.374349
vt 0.110727 0.389273
vt 0.105895 0.394105
vt 0.0984797 0.374349
vt 0.105895 0.394105
vt 0.0932225 0.378664
vt 0.109375 0.94003
vt 0.109375 0.958717
vt 0.09375 0.958717
vt 0.109375 0.94003
vt 0.09375 0.958717
vt 0.09375 0.94003
vt 0.125651 0.40152
vt 0.140574 0.413768
vt 0.136777 0.41945
vt 0.125651 0.40152
vt 0.136777 0.41945
vt 0.121336 0.406777
vt 0.078125 0.94003
vt 0.078125 0.958717
vt 0.0625 0.958717
vt 0.078125 0.94003
vt 0.0625 0.958717
vt 0.0625 0.94003
vt 0.1576 0.422868
vt 0.174626 0.431969
vt 0.172011 0.438282
vt 0.1576 0.422868
vt 0.172011 0.438282
vt 0.154394 0.428866
vt 0.046875 0.94003
vt 0.046875 0.958717
vt 0.03125 0.958717
vt 0.046875 0.94003
vt 0.03125 0.958717
vt 0.03125 0.94003
vt 0.1931 0.437573
vt 0.211575 0.443177
vt 0.210241 0.44988
vt 0.1931 0.437573
vt 0.210241 0.44988
vt 0.191126 0.444081
vt 0.174626 0.431969
vt 0.1931 0.437573
vt 0.191126 0.444081
vt 0.174626 0.431969
vt 0.191126 0.444081
vt 0.172011 0.438282
vt 0.177241 0.425655
vt 0.195075 0.431065
vt 0.1931 0.437573
vt 0.177241 0.425655
vt 0.1931 0.437573
vt 0.174626 0.431969
vt 0.195075 0.431065
vt 0.212908 0.436474
vt 0.211575 0.443177
vt 0.195075 0.431065
vt 0.211575 0.443177
vt 0.1931 0.437573
vt 0.046875 0.921343
vt 0.046875 0.94003
vt 0.03125 0.94003
vt 0.046875 0.921343
vt 0.03125 0.94003
vt 0.03125 0.921343
vt 0.0625 0.921343
vt 0.0625 0.94003
vt 0.046875 0.94003
vt 0.0625 0.921343
vt 0.046875 0.94003
vt 0.046875 0.921343
vt 0.0625 0.94003
vt 0.0625 0.958717
vt 0.046875 0.958717
vt 0.0625 0.94003
vt 0.046875 0.958717
vt 0.046875 0.94003
vt 0.140574 0.413768
vt 0.1576 0.422868
vt 0.154394 0.428866
vt 0.140574 0.413768
vt 0.154394 0.428866
vt 0.136777 0.41945
vt 0.144371 0.408085
vt 0.160806 0.41687
vt 0.1576 0.422868
vt 0.144371 0.408085
vt 0.1576 0.422868
vt 0.140574 0.413768
vt 0.160806 0.41687
vt 0.177241 0.425655
vt 0.174626 0.431969
vt 0.160806 0.41687
vt 0.174626 0.431969
vt 0.1576 0.422868
vt 0.078125 0.921343
vt 0.078125 0.94003
vt 0.0625 0.94003
vt 0.078125 0.921343
vt 0.0625 0.94003
vt 0.0625 0.921343
vt 0.09375 0.921343
vt 0.09375 0.94003
vt 0.078125 0.94003
vt 0.09375 0.921343
vt 0.078125 0.94003
vt 0.078125 0.921343
vt 0.09375 0.94003
vt 0.09375 0.958717
vt 0.078125 0.958717
vt 0.09375 0.94003
vt 0.078125 0.958717
vt 0.078125 0.94003
vt 0.110727 0.389273
vt 0.125651 0.40152
vt 0.121336 0.406777
vt 0.110727 0.389273
vt 0.121336 0.406777
vt 0.105895 0.394105
vt 0.115559 0.384441
vt 0.129965 0.396263
vt 0.125651 0.40152
vt 0.115559 0.384441
vt 0.125651 0.40152
vt 0.110727 0.389273
vt 0.129965 0.396263
vt 0.144371 0.408085
vt 0.140574 0.413768
vt 0.129965 0.396263
vt 0.140574 0.413768
vt 0.125651 0.40152
vt 0.109375 0.921343
vt 0.109375 0.94003
vt 0.09375 0.94003
vt 0.109375 0.921343
vt 0.09375 0.94003
vt 0.09375 0.921343
vt 0.125 0.921343
vt 0.125 0.94003
vt 0.109375 0.94003
vt 0.125 0.921343
vt 0.109375 0.94003
vt 0.109375 0.921343
vt 0.125 0.94003
vt 0.125 0.958717
vt 0.109375 0.958717
vt 0.125 0.94003
vt 0.109375 0.958717
vt 0.109375 0.94003
vt 0.0862323 0.359426
vt 0.0984797 0.374349
vt 0.0932225 0.378664
vt 0.0862323 0.359426
vt 0.0932225 0.378664
vt 0.0805502 0.363223
vt 0.0919145 0.355629
vt 0.103737 0.370035
vt 0.0984797 0.374349
vt 0.0919145 0.355629
vt 0.0984797 0.374349
vt 0.0862323 0.359426
vt 0.103737 0.370035
vt 0.115559 0.384441
vt 0.110727 0.389273
vt 0.103737 0.370035
vt 0.110727 0.389273
vt 0.0984797 0.374349
vt 0.140625 0.921343
vt 0.140625 0.94003
vt 0.125 0.94003
vt 0.140625 0.921343
vt 0.125 0.94003
vt 0.125 0.921343
vt 0.15625 0.921343
vt 0.15625 0.94003
vt 0.140625 0.94003
vt 0.15625 0.921343
vt 0.140625 0.94003
vt 0.140625 0.921343
vt 0.15625 0.94003
vt 0.15625 0.958717
vt 0.140625 0.958717
vt 0.15625 0.94003
vt 0.140625 0.958717
vt 0.140625 0.94003
vt 0.0680311 0.325374
vt 0.0771317 0.3424
vt 0.0711338 0.345606
vt 0.0680311 0.325374
vt 0.0711338 0.345606
vt 0.0617175 0.327989
vt 0.0743448 0.322759
vt 0.0831297 0.339194
vt 0.0771317 0.3424
vt 0.0743448 0.322759
vt 0.0771317 0.3424
vt 0.0680311 0.325374
vt 0.0831297 0.339194
vt 0.0919145 0.355629
vt 0.0862323 0.359426
vt 0.0831297 0.339194
vt 0.0862323 0.359426
vt 0.0771317 0.3424
vt 0.171875 0.921343
vt 0.171875 0.94003
vt 0.15625 0.94003
vt 0.171875 0.921343
vt 0.15625 0.94003
vt 0.15625 0.921343
vt 0.1875 0.921343
vt 0.1875 0.94003
vt 0.171875 0.94003
vt 0.1875 0.921343
vt 0.171875 0.94003
vt 0.171875 0.921343
vt 0.1875 0.94003
vt 0.1875 0.958717
vt 0.171875 0.958717
vt 0.1875 0.94003
vt 0.171875 0.958717
vt 0.171875 0.94003
vt 0.0568229 0.288425
vt 0.062427 0.3069
vt 0.0559189 0.308874
vt 0.0568229 0.288425
vt 0.0559189 0.308874
vt 0.0501204 0.289759
vt 0.0635255 0.287092
vt 0.0689351 0.304925
vt 0.062427 0.3069
vt 0.0635255 0.287092
vt 0.062427 0.3069
vt 0.0568229 0.288425
vt 0.0689351 0.304925
vt 0.0743448 0.322759
vt 0.0680311 0.325374
vt 0.0689351 0.304925
vt 0.0680311 0.325374
vt 0.062427 0.3069
vt 0.203125 0.921343
vt 0.203125 0.94003
vt 0.1875 0.94003
vt 0.203125 0.921343
vt 0.1875 0.94003
vt 0.1875 0.921343
vt 0.21875 0.921343
vt 0.21875 0.94003
vt 0.203125 0.94003
vt 0.21875 0.921343
vt 0.203125 0.94003
vt 0.203125 0.921343
vt 0.21875 0.94003
vt 0.21875 0.958717
vt 0.203125 0.958717
vt 0.21875 0.94003
vt 0.203125 0.958717
vt 0.203125 0.94003
vt 0.0530384 0.25
vt 0.0549307 0.269213
vt 0.0481624 0.269879
vt 0.0530384 0.25
vt 0.0481624 0.269879
vt 0.0462045 0.25
vt 0.0598723 0.25
vt 0.0616989 0.268546
vt 0.0549307 0.269213
vt 0.0598723 0.25
vt 0.0549307 0.269213
vt 0.0530384 0.25
vt 0.0616989 0.268546
vt 0.0635255 0.287092
vt 0.0568229 0.288425
vt 0.0616989 0.268546
vt 0.0568229 0.288425
vt 0.0549307 0.269213
vt 0.234375 0.921343
vt 0.234375 0.94003
vt 0.21875 0.94003
vt 0.234375 0.921343
vt 0.21875 0.94003
vt 0.21875 0.921343
vt 0.25 0.921343
vt 0.25 0.94003
vt 0.234375 0.94003
vt 0.25 0.921343
vt 0.234375 0.94003
vt 0.234375 0.921343
vt 0.25 0.94003
vt 0.25 0.958717
vt 0.234375 0.958717
vt 0.25 0.94003
vt 0.234375 0.958717
vt 0.234375 0.94003
vt 0.0568229 0.211575
vt 0.0549307 0.230787
vt 0.0481624 0.230121
vt 0.0568229 0.211575
vt 0.0481624 0.230121
vt 0.0501204 0.210241
vt 0.0635255 0.212908
vt 0.0616989 0.231454
vt 0.0549307 0.230787
vt 0.0635255 0.212908
vt 0.0549307 0.230787
vt 0.0568229 0.211575
vt 0.0616989 0.231454
vt 0.0598723 0.25
vt 0.0530384 0.25
vt 0.0616989 0.231454
vt 0.0530384 0.25
vt 0.0549307 0.230787
vt 0.265625 0.921343
vt 0.265625 0.94003
vt 0.25 0.94003
vt 0.265625 0.921343
vt 0.25 0.94003
vt 0.25 0.921343
vt 0.28125 0.921343
vt 0.28125 0.94003
vt 0.265625 0.94003
vt 0.28125 0.921343
vt 0.265625 0.94003
vt 0.265625 0.921343
vt 0.28125 0.94003
vt 0.28125 0.958717
vt 0.265625 0.958717
vt 0.28125 0.94003
vt 0.265625 0.958717
vt 0.265625 0.94003
vt 0.0680312 0.174626
vt 0.062427 0.1931
vt 0.0559189 0.191126
vt 0.0680312 0.174626
vt 0.0559189 0.191126
vt 0.0617175 0.172011
vt 0.0743448 0.177241
vt 0.0689352 0.195075
vt 0.062427 0.1931
vt 0.0743448 0.177241
vt 0.062427 0.1931
vt 0.0680312 0.174626
vt 0.0689352 0.195075
vt 0.0635255 0.212908
vt 0.0568229 0.211575
vt 0.0689352 0.195075
vt 0.0568229 0.211575
vt 0.062427 0.1931
vt 0.296875 0.921343
vt 0.296875 0.94003
vt 0.28125 0.94003
vt 0.296875 0.921343
vt 0.28125 0.94003
vt 0.28125 0.921343
vt 0.3125 0.921343
vt 0.3125 0.94003
vt 0.296875 0.94003
vt 0.3125 0.921343
vt 0.296875 0.94003
vt 0.296875 0.921343
vt 0.3125 0.94003
vt 0.3125 0.958717
vt 0.296875 0.958717
vt 0.3125 0.94003
vt 0.296875 0.958717
vt 0.296875 0.94003
vt 0.0862323 0.140574
vt 0.0771317 0.1576
vt 0.0711338 0.154394
vt 0.0862323 0.140574
vt 0.0711338 0.154394
vt 0.0805502 0.136777
vt 0.0919145 0.144371
vt 0.0831297 0.160806
vt 0.0771317 0.1576
vt 0.0919145 0.144371
vt 0.0771317 0.1576
vt 0.0862323 0.140574
vt 0.0831297 0.160806
vt 0.0743448 0.177241
vt 0.0680312 0.174626
vt 0.0831297 0.160806
vt 0.0680312 0.174626
vt 0.0771317 0.1576
vt 0.328125 0.921343
vt 0.328125 0.94003
vt 0.3125 0.94003
vt 0.328125 0.921343
vt 0.3125 0.94003
vt 0.3125 0.921343
vt 0.34375 0.921343
vt 0.34375 0.94003
vt 0.328125 0.94003
vt 0.34375 0.921343
vt 0.328125 0.94003
vt 0.328125 0.921343
vt 0.34375 0.94003
vt 0.34375 0.958717
vt 0.328125 0.958717
vt 0.34375 0.94003
vt 0.328125 0.958717
vt 0.328125 0.94003
vt 0.110727 0.110727
vt 0.0984797 0.125651
vt 0.0932225 0.121336
vt 0.110727 0.110727
vt 0.0932225 0.121336
vt 0.105895 0.105895
vt 0.115559 0.115559
vt 0.103737 0.129965
vt 0.0984797 0.125651
vt 0.115559 0.115559
vt 0.0984797 0.125651
vt 0.110727 0.110727
vt 0.103737 0.129965
vt 0.0919145 0.144371
vt 0.0862323 0.140574
vt 0.103737 0.129965
vt 0.0862323 0.140574
vt 0.0984797 0.125651
vt 0.359375 0.921343
vt 0.359375 0.94003
vt 0.34375 0.94003
vt 0.359375 0.921343
vt 0.34375 0.94003
vt 0.34375 0.921343
vt 0.375 0.921343
vt 0.375 0.94003
vt 0.359375 0.94003
vt 0.375 0.921343
vt 0.359375 0.94003
vt 0.359375 0.921343
vt 0.375 0.94003
vt 0.375 0.958717
vt 0.359375 0.958717
vt 0.375 0.94003
vt 0.359375 0.958717
vt 0.359375 0.94003
vt 0.140574 0.0862323
vt 0.125651 0.0984797
vt 0.121336 0.0932225
vt 0.140574 0.0862323
vt 0.121336 0.0932225
vt 0.136777 0.0805502
vt 0.144371 0.0919145
vt 0.129965 0.103737
vt 0.125651 0.0984797
vt 0.144371 0.0919145
vt 0.125651 0.0984797
vt 0.140574 0.0862323
vt 0.129965 0.103737
vt 0.115559 0.115559
vt 0.110727 0.110727
vt 0.129965 0.103737
vt 0.110727 0.110727
vt 0.125651 0.0984797
vt 0.390625 0.921343
vt 0.390625 0.94003
vt 0.375 0.94003
vt 0.390625 0.921343
vt 0.375 0.94003
vt 0.375 0.921343
vt 0.40625 0.921343
vt 0.40625 0.94003
vt 0.390625 0.94003
vt 0.40625 0.921343
vt 0.390625 0.94003
vt 0.390625 0.921343
vt 0.40625 0.94003
vt 0.40625 0.958717
vt 0.390625 0.958717
vt 0.40625 0.94003
vt 0.390625 0.958717
vt 0.390625 0.94003
vt 0.174626 0.0680311
vt 0.1576 0.0771317
vt 0.154394 0.0711338
vt 0.174626 0.0680311
vt 0.154394 0.0711338
vt 0.172011 0.0617175
vt 0.177241 0.0743448
vt 0.160806 0.0831296
vt 0.1576 0.0771317
vt 0.177241 0.0743448
vt 0.1576 0.0771317
vt 0.174626 0.0680311
vt 0.160806 0.0831296
vt 0.144371 0.0919145
vt 0.140574 0.0862323
vt 0.160806 0.0831296
vt 0.140574 0.0862323
vt 0.1576 0.0771317
vt 0.421875 0.921343
vt 0.421875 0.94003
vt 0.40625 0.94003
vt 0.421875 0.921343
vt 0.40625 0.94003
vt 0.40625 0.921343
vt 0.4375 0.921343
vt 0.4375 0.94003
vt 0.421875 0.94003
vt 0.4375 0.921343
vt 0.421875 0.94003
vt 0.421875 0.921343
vt 0.4375 0.94003
vt 0.4375 0.958717
vt 0.421875 0.958717
vt 0.4375 0.94003
vt 0.421875 0.958717
vt 0.421875 0.94003
vt 0.211575 0.0568229
vt 0.1931 0.062427
vt 0.191126 0.0559189
vt 0.211575 0.0568229
vt 0.191126 0.0559189
vt 0.210241 0.0501204
vt 0.212908 0.0635255
vt 0.195075 0.0689351
vt 0.1931 0.062427
vt 0.212908 0.0635255
vt 0.1931 0.062427
vt 0.211575 0.0568229
vt 0.195075 0.0689351
vt 0.177241 0.0743448
vt 0.174626 0.0680311
vt 0.195075 0.0689351
vt 0.174626 0.0680311
vt 0.1931 0.062427
vt 0.453125 0.921343
vt 0.453125 0.94003
vt 0.4375 0.94003
vt 0.453125 0.921343
vt 0.4375 0.94003
vt 0.4375 0.921343
vt 0.46875 0.921343
vt 0.46875 0.94003
vt 0.453125 0.94003
vt 0.46875 0.921343
vt 0.453125 0.94003
vt 0.453125 0.921343
vt 0.46875 0.94003
vt 0.46875 0.958717
vt 0.453125 0.958717
vt 0.46875 0.94003
vt 0.453125 0.958717
vt 0.453125 0.94003
vt 0.25 0.0530384
vt 0.230787 0.0549306
vt 0.230121 0.0481624
vt 0.25 0.0530384
vt 0.230121 0.0481624
vt 0.25 0.0462045
vt 0.25 0.0598723
vt 0.231454 0.0616989
vt 0.230787 0.0549306
vt 0.25 0.0598723
vt 0.230787 0.0549306
vt 0.25 0.0530384
vt 0.231454 0.0616989
vt 0.212908 0.0635255
vt 0.211575 0.0568229
vt 0.231454 0.0616989
vt 0.211575 0.0568229
vt 0.230787 0.0549306
vt 0.484375 0.921343
vt 0.484375 0.94003
vt 0.46875 0.94003
vt 0.484375 0.921343
vt 0.46875 0.94003
vt 0.46875 0.921343
vt 0.5 0.921343
vt 0.5 0.94003
vt 0.484375 0.94003
vt 0.5 0.921343
vt 0.484375 0.94003
vt 0.484375 0.921343
vt 0.5 0.94003
vt 0.5 0.958717
vt 0.484375 0.958717
vt 0.5 0.94003
vt 0.484375 0.958717
vt 0.484375 0.94003
vt 0.288425 0.0568229
vt 0.269213 0.0549307
vt 0.269879 0.0481625
vt 0.288425 0.0568229
vt 0.269879 0.0481625
vt 0.289759 0.0501204
vt 0.287092 0.0635255
vt 0.268546 0.0616989
vt 0.269213 0.0549307
vt 0.287092 0.0635255
vt 0.269213 0.0549307
vt 0.288425 0.0568229
vt 0.268546 0.0616989
vt 0.25 0.0598723
vt 0.25 0.0530384
vt 0.268546 0.0616989
vt 0.25 0.0530384
vt 0.269213 0.0549307
vt 0.515625 0.921343
vt 0.515625 0.94003
vt 0.5 0.94003
vt 0.515625 0.921343
vt 0.5 0.94003
vt 0.5 0.921343
vt 0.53125 0.921343
vt 0.53125 0.94003
vt 0.515625 0.94003
vt 0.53125 0.921343
vt 0.515625 0.94003
vt 0.515625 0.921343
vt 0.53125 0.94003
vt 0.53125 0.958717
vt 0.515625 0.958717
vt 0.53125 0.94003
vt 0.515625 0.958717
vt 0.515625 0.94003
vt 0.325374 0.0680312
vt 0.3069 0.062427
vt 0.308874 0.0559189
vt 0.325374 0.0680312
vt 0.308874 0.0559189
vt 0.327989 0.0617175
vt 0.322759 0.0743448
vt 0.304926 0.0689351
vt 0.3069 0.062427
vt 0.322759 0.0743448
vt 0.3069 0.062427
vt 0.325374 0.0680312
vt 0.304926 0.0689351
vt 0.287092 0.0635255
vt 0.288425 0.0568229
vt 0.304926 0.0689351
vt 0.288425 0.0568229
vt 0.3069 0.062427
vt 0.546875 0.921343
vt 0.546875 0.94003
vt 0.53125 0.94003
vt 0.546875 0.921343
vt 0.53125 0.94003
vt 0.53125 0.921343
vt 0.5625 0.921343
vt 0.5625 0.94003
vt 0.546875 0.94003
vt 0.5625 0.921343
vt 0.546875 0.94003
vt 0.546875 0.921343
vt 0.5625 0.94003
vt 0.5625 0.958717
vt 0.546875 0.958717
vt 0.5625 0.94003
vt 0.546875 0.958717
vt 0.546875 0.94003
vt 0.359426 0.0862323
vt 0.3424 0.0771317
vt 0.345606 0.0711338
vt 0.359426 0.0862323
vt 0.345606 0.0711338
vt 0.363223 0.0805502
vt 0.355629 0.0919145
vt 0.339194 0.0831296
vt 0.3424 0.0771317
vt 0.355629 0.0919145
vt 0.3424 0.0771317
vt 0.359426 0.0862323
vt 0.339194 0.0831296
vt 0.322759 0.0743448
vt 0.325374 0.0680312
vt 0.339194 0.0831296
vt 0.325374 0.0680312
vt 0.3424 0.0771317
vt 0.578125 0.921343
vt 0.578125 0.94003
vt 0.5625 0.94003
vt 0.578125 0.921343
vt 0.5625 0.94003
vt 0.5625 0.921343
vt 0.59375 0.921343
vt 0.59375 0.94003
vt 0.578125 0.94003
vt 0.59375 0.921343
vt 0.578125 0.94003
vt 0.578125 0.921343
vt 0.59375 0.94003
vt 0.59375 0.958717
vt 0.578125 0.958717
vt 0.59375 0.94003
vt 0.578125 0.958717
vt 0.578125 0.94003
vt 0.389273 0.110727
vt 0.374349 0.0984796
vt 0.378664 0.0932225
vt 0.389273 0.110727
vt 0.378664 0.0932225
vt 0.394105 0.105895
vt 0.384441 0.115559
vt 0.370035 0.103737
vt 0.374349 0.0984796
vt 0.384441 0.115559
vt 0.374349 0.0984796
vt 0.389273 0.110727
vt 0.370035 0.103737
vt 0.355629 0.0919145
vt 0.359426 0.0862323
vt 0.370035 0.103737
vt 0.359426 0.0862323
vt 0.374349 0.0984796
vt 0.609375 0.921343
vt 0.609375 0.94003
vt 0.59375 0.94003
vt 0.609375 0.921343
vt 0.59375 0.94003
vt 0.59375 0.921343
vt 0.625 0.921343
vt 0.625 0.94003
vt 0.609375 0.94003
vt 0.625 0.921343
vt 0.609375 0.94003
vt 0.609375 0.921343
vt 0.625 0.94003
vt 0.625 0.958717
vt 0.609375 0.958717
vt 0.625 0.94003
vt 0.609375 0.958717
vt 0.609375 0.94003
vt 0.413767 0.140574
vt 0.40152 0.12565
vt 0.406777 0.121336
vt 0.413767 0.140574
vt 0.406777 0.121336
vt 0.41945 0.136777
vt 0.408085 0.144371
vt 0.396263 0.129965
vt 0.40152 0.12565
vt 0.408085 0.144371
vt 0.40152 0.12565
vt 0.413767 0.140574
vt 0.396263 0.129965
vt 0.384441 0.115559
vt 0.389273 0.110727
vt 0.396263 0.129965
vt 0.389273 0.110727
vt 0.40152 0.12565
vt 0.640625 0.921343
vt 0.640625 0.94003
vt 0.625 0.94003
vt 0.640625 0.921343
vt 0.625 0.94003
vt 0.625 0.921343
vt 0.65625 0.921343
vt 0.65625 0.94003
vt 0.640625 0.94003
vt 0.65625 0.921343
vt 0.640625 0.94003
vt 0.640625 0.921343
vt 0.65625 0.94003
vt 0.65625 0.958717
vt 0.640625 0.958717
vt 0.65625 0.94003
vt 0.640625 0.958717
vt 0.640625 0.94003
vt 0.431969 0.174626
vt 0.422868 0.1576
vt 0.428866 0.154394
vt 0.431969 0.174626
vt 0.428866 0.154394
vt 0.438282 0.172011
vt 0.425655 0.177241
vt 0.41687 0.160806
vt 0.422868 0.1576
vt 0.425655 0.177241
vt 0.422868 0.1576
vt 0.431969 0.174626
vt 0.41687 0.160806
vt 0.408085 0.144371
vt 0.413767 0.140574
vt 0.41687 0.160806
vt 0.413767 0.140574
vt 0.422868 0.1576
vt 0.671875 0.921343
vt 0.671875 0.94003
vt 0.65625 0.94003
vt 0.671875 0.921343
vt 0.65625 0.94003
vt 0.65625 0.921343
vt 0.6875 0.921343
vt 0.6875 0.94003
vt 0.671875 0.94003
vt 0.6875 0.921343
vt 0.671875 0.94003
vt 0.671875 0.921343
vt 0.6875 0.94003
vt 0.6875 0.958717
vt 0.671875 0.958717
vt 0.6875 0.94003
vt 0.671875 0.958717
vt 0.671875 0.94003
vt 0.443177 0.211575
vt 0.437573 0.1931
vt 0.444081 0.191126
vt 0.443177 0.211575
vt 0.444081 0.191126
vt 0.44988 0.210242
vt 0.436475 0.212908
vt 0.431065 0.195075
vt 0.437573 0.1931
vt 0.436475 0.212908
vt 0.437573 0.1931
vt 0.443177 0.211575
vt 0.431065 0.195075
vt 0.425655 0.177241
vt 0.431969 0.174626
vt 0.431065 0.195075
vt 0.431969 0.174626
vt 0.437573 0.1931
vt 0.703133 0.921419
vt 0.703131 0.940088
vt 0.6875 0.94003
vt 0.703133 0.921419
vt 0.6875 0.94003
vt 0.6875 0.921343
vt 0.718766 0.921496
vt 0.718762 0.940146
vt 0.703131 0.940088
vt 0.718766 0.921496
vt 0.703131 0.940088
vt 0.703133 0.921419
vt 0.718762 0.940146
vt 0.718758 0.958797
vt 0.703129 0.958757
vt 0.718762 0.940146
vt 0.703129 0.958757
vt 0.703131 0.940088
vt 0.446962 0.25
vt 0.445069 0.230787
vt 0.451838 0.230121
vt 0.446962 0.25
vt 0.451838 0.230121
vt 0.453796 0.25
vt 0.440128 0.25
vt 0.438301 0.231454
vt 0.445069 0.230787
vt 0.440128 0.25
vt 0.445069 0.230787
vt 0.446962 0.25
vt 0.438301 0.231454
vt 0.436475 0.212908
vt 0.443177 0.211575
vt 0.438301 0.231454
vt 0.443177 0.211575
vt 0.445069 0.230787
vt 0.734383 0.921276
vt 0.734381 0.939877
vt 0.718762 0.940146
vt 0.734383 0.921276
vt 0.718762 0.940146
vt 0.718766 0.921496
vt 0.75 0.921056
vt 0.75 0.939607
vt 0.734381 0.939877
vt 0.75 0.921056
vt 0.734381 0.939877
vt 0.734383 0.921276
vt 0.75 0.939607
vt 0.75 0.958159
vt 0.734379 0.958478
vt 0.75 0.939607
vt 0.734379 0.958478
vt 0.734381 0.939877
vt 0.443177 0.288425
vt 0.445069 0.269213
vt 0.451838 0.269879
vt 0.443177 0.288425
vt 0.451838 0.269879
vt 0.44988 0.289758
vt 0.436475 0.287092
vt 0.438301 0.268546
vt 0.445069 0.269213
vt 0.436475 0.287092
vt 0.445069 0.269213
vt 0.443177 0.288425
vt 0.438301 0.268546
vt 0.440128 0.25
vt 0.446962 0.25
vt 0.438301 0.268546
vt 0.446962 0.25
vt 0.445069 0.269213
vt 0.765617 0.921276
vt 0.765619 0.939877
vt 0.75 0.939607
vt 0.765617 0.921276
vt 0.75 0.939607
vt 0.75 0.921056
vt 0.781234 0.921496
vt 0.781238 0.940146
vt 0.765619 0.939877
vt 0.781234 0.921496
vt 0.765619 0.939877
vt 0.765617 0.921276
vt 0.781238 0.940146
vt 0.781242 0.958797
vt 0.765621 0.958478
vt 0.781238 0.940146
vt 0.765621 0.958478
vt 0.765619 0.939877
vt 0.431969 0.325374
vt 0.437573 0.306899
vt 0.444081 0.308874
vt 0.431969 0.325374
vt 0.444081 0.308874
vt 0.438282 0.327989
vt 0.425655 0.322759
vt 0.431065 0.304925
vt 0.437573 0.306899
vt 0.425655 0.322759
vt 0.437573 0.306899
vt 0.431969 0.325374
vt 0.431065 0.304925
vt 0.436475 0.287092
vt 0.443177 0.288425
vt 0.431065 0.304925
vt 0.443177 0.288425
vt 0.437573 0.306899
vt 0.796867 0.921419
vt 0.796869 0.940088
vt 0.781238 0.940146
vt 0.796867 0.921419
vt 0.781238 0.940146
vt 0.781234 0.921496
vt 0.8125 0.921343
vt 0.8125 0.94003
vt 0.796869 0.940088
vt 0.8125 0.921343
vt 0.796869 0.940088
vt 0.796867 0.921419
vt 0.8125 0.94003
vt 0.8125 0.958717
vt 0.796871 0.958757
vt 0.8125 0.94003
vt 0.796871 0.958757
vt 0.796869 0.940088
vt 0.413767 0.359426
vt 0.422868 0.3424
vt 0.428866 0.345606
vt 0.413767 0.359426
vt 0.428866 0.345606
vt 0.41945 0.363223
vt 0.408085 0.35563
vt 0.41687 0.339194
vt 0.422868 0.3424
vt 0.408085 0.35563
vt 0.422868 0.3424
vt 0.413767 0.359426
vt 0.41687 0.339194
vt 0.425655 0.322759
vt 0.431969 0.325374
vt 0.41687 0.339194
vt 0.431969 0.325374
vt 0.422868 0.3424
vt 0.828125 0.921343
vt 0.828125 0.94003
vt 0.8125 0.94003
vt 0.828125 0.921343
vt 0.8125 0.94003
vt 0.8125 0.921343
vt 0.84375 0.921343
vt 0.84375 0.94003
vt 0.828125 0.94003
vt 0.84375 0.921343
vt 0.828125 0.94003
vt 0.828125 0.921343
vt 0.84375 0.94003
vt 0.84375 0.958717
vt 0.828125 0.958717
vt 0.84375 0.94003
vt 0.828125 0.958717
vt 0.828125 0.94003
vt 0.389273 0.389273
vt 0.40152 0.37435
vt 0.406777 0.378664
vt 0.389273 0.389273
vt 0.406777 0.378664
vt 0.394105 0.394105
vt 0.384441 0.384441
vt 0.396263 0.370035
vt 0.40152 0.37435
vt 0.384441 0.384441
vt 0.40152 0.37435
vt 0.389273 0.389273
vt 0.396263 0.370035
vt 0.408085 0.35563
vt 0.413767 0.359426
vt 0.396263 0.370035
vt 0.413767 0.359426
vt 0.40152 0.37435
vt 0.859375 0.921343
vt 0.859375 0.94003
vt 0.84375 0.94003
vt 0.859375 0.921343
vt 0.84375 0.94003
vt 0.84375 0.921343
vt 0.875 0.921343
vt 0.875 0.94003
vt 0.859375 0.94003
vt 0.875 0.921343
vt 0.859375 0.94003
vt 0.859375 0.921343
vt 0.875 0.94003
vt 0.875 0.958717
vt 0.859375 0.958717
vt 0.875 0.94003
vt 0.859375 0.958717
vt 0.859375 0.94003
vt 0.359426 0.413768
vt 0.374349 0.40152
vt 0.378664 0.406778
vt 0.359426 0.413768
vt 0.378664 0.406778
vt 0.363223 0.41945
vt 0.355629 0.408086
vt 0.370035 0.396263
vt 0.374349 0.40152
vt 0.355629 0.408086
vt 0.374349 0.40152
vt 0.359426 0.413768
vt 0.370035 0.396263
vt 0.384441 0.384441
vt 0.389273 0.389273
vt 0.370035 0.396263
vt 0.389273 0.389273
vt 0.374349 0.40152
vt 0.890625 0.921343
vt 0.890625 0.94003
vt 0.875 0.94003
vt 0.890625 0.921343
vt 0.875 0.94003
vt 0.875 0.921343
vt 0.90625 0.921343
vt 0.90625 0.94003
vt 0.890625 0.94003
vt 0.90625 0.921343
vt 0.890625 0.94003
vt 0.890625 0.921343
vt 0.90625 0.94003
vt 0.90625 0.958717
vt 0.890625 0.958717
vt 0.90625 0.94003
vt 0.890625 0.958717
vt 0.890625 0.94003
vt 0.325374 0.431969
vt 0.3424 0.422868
vt 0.345606 0.428866
vt 0.325374 0.431969
vt 0.345606 0.428866
vt 0.327989 0.438282
vt 0.322759 0.425655
vt 0.339194 0.41687
vt 0.3424 0.422868
vt 0.322759 0.425655
vt 0.3424 0.422868
vt 0.325374 0.431969
vt 0.339194 0.41687
vt 0.355629 0.408086
vt 0.359426 0.413768
vt 0.339194 0.41687
vt 0.359426 0.413768
vt 0.3424 0.422868
vt 0.921875 0.921343
vt 0.921875 0.94003
vt 0.90625 0.94003
vt 0.921875 0.921343
vt 0.90625 0.94003
vt 0.90625 0.921343
vt 0.9375 0.921343
vt 0.9375 0.94003
vt 0.921875 0.94003
vt 0.9375 0.921343
vt 0.921875 0.94003
vt 0.921875 0.921343
vt 0.9375 0.94003
vt 0.9375 0.958717
vt 0.921875 0.958717
vt 0.9375 0.94003
vt 0.921875 0.958717
vt 0.921875 0.94003
vt 0.211575 0.443177
vt 0.230787 0.445069
vt 0.230121 0.451837
vt 0.211575 0.443177
vt 0.230121 0.451837
vt 0.210241 0.44988
vt 0.212908 0.436474
vt 0.231454 0.438301
vt 0.230787 0.445069
vt 0.212908 0.436474
vt 0.230787 0.445069
vt 0.211575 0.443177
vt 0.231454 0.438301
vt 0.25 0.440128
vt 0.25 0.446962
vt 0.231454 0.438301
vt 0.25 0.446962
vt 0.230787 0.445069
vt 0.01619 0.921343
vt 0.0160557 0.94003
vt 0.000861483 0.94003
vt 0.01619 0.921343
vt 0.000861483 0.94003
vt 0.00112993 0.921343
vt 0.03125 0.921343
vt 0.03125 0.94003
vt 0.0160557 0.94003
vt 0.03125 0.921343
vt 0.0160557 0.94003
vt 0.01619 0.921343
vt 0.03125 0.94003
vt 0.03125 0.958717
vt 0.0159215 0.958717
vt 0.03125 0.94003
vt 0.0159215 0.958717
vt 0.0160557 0.94003
vt 0.98381 0.921343
vt 0.983944 0.94003
vt 0.96875 0.94003
vt 0.98381 0.921343
vt 0.96875 0.94003
vt 0.96875 0.921343
vt 0.99887 0.921343
vt 0.999138 0.94003
vt 0.983944 0.94003
vt 0.99887 0.921343
vt 0.983944 0.94003
vt 0.98381 0.921343
vt 0.999138 0.94003
vt 0.999407 0.958717
vt 0.984078 0.958717
vt 0.999138 0.94003
vt 0.984078 0.958717
vt 0.983944 0.94003
vt 0.288425 0.443177
vt 0.3069 0.437573
vt 0.308874 0.444081
vt 0.288425 0.443177
vt 0.308874 0.444081
vt 0.289759 0.44988
vt 0.287092 0.436474
vt 0.304926 0.431065
vt 0.3069 0.437573
vt 0.287092 0.436474
vt 0.3069 0.437573
vt 0.288425 0.443177
vt 0.304926 0.431065
vt 0.322759 0.425655
vt 0.325374 0.431969
vt 0.304926 0.431065
vt 0.325374 0.431969
vt 0.3069 0.437573
vt 0.953125 0.921343
vt 0.953125 0.94003
vt 0.9375 0.94003
vt 0.953125 0.921343
vt 0.9375 0.94003
vt 0.9375 0.921343
vt 0.96875 0.921343
vt 0.96875 0.94003
vt 0.953125 0.94003
vt 0.96875 0.921343
vt 0.953125 0.94003
vt 0.953125 0.921343
vt 0.96875 0.94003
vt 0.96875 0.958717
vt 0.953125 0.958717
vt 0.96875 0.94003
vt 0.953125 0.958717
vt 0.953125 0.94003
vt 0.25 0.446962
vt 0.269213 0.445069
vt 0.269879 0.451837
vt 0.25 0.446962
vt 0.269879 0.451837
vt 0.25 0.453795
vt 0.25 0.440128
vt 0.268546 0.438301
vt 0.269213 0.445069
vt 0.25 0.440128
vt 0.269213 0.445069
vt 0.25 0.446962
vt 0.268546 0.438301
vt 0.287092 0.436474
vt 0.288425 0.443177
vt 0.268546 0.438301
vt 0.288425 0.443177
vt 0.269213 0.445069
vt 0.25 0.463567
vt 0.229167 0.461515
vt 0.230121 0.451837
vt 0.25 0.463567
vt 0.230121 0.451837
vt 0.25 0.453795
vt 0.25 0.473339
vt 0.228214 0.471194
vt 0.229167 0.461515
vt 0.25 0.473339
vt 0.229167 0.461515
vt 0.25 0.463567
vt 0.228214 0.471194
vt 0.206429 0.469048
vt 0.208335 0.459464
vt 0.228214 0.471194
vt 0.208335 0.459464
vt 0.229167 0.461515
vt 0.25 0.48167
vt 0.227402 0.479444
vt 0.228214 0.471194
vt 0.25 0.48167
vt 0.228214 0.471194
vt 0.25 0.473339
vt 0.25 0.49
vt 0.226589 0.487694
vt 0.227402 0.479444
vt 0.25 0.49
vt 0.227402 0.479444
vt 0.25 0.48167
vt 0.226589 0.487694
vt 0.203178 0.485388
vt 0.204803 0.477218
vt 0.226589 0.487694
vt 0.204803 0.477218
vt 0.227402 0.479444
vt 0.000296521 0.979359
vt 0.0157733 0.979359
vt 0.015625 1
vt 0.000296521 0.979359
vt 0.015625 1
vt 0 1
vt 0.000593041 0.958717
vt 0.0159215 0.958717
vt 0.0157733 0.979359
vt 0.000593041 0.958717
vt 0.0157733 0.979359
vt 0.000296521 0.979359
vt 0.0159215 0.958717
vt 0.03125 0.958717
vt 0.03125 0.979359
vt 0.0159215 0.958717
vt 0.03125 0.979359
vt 0.0157733 0.979359
vt 0.208335 0.459464
vt 0.188303 0.453387
vt 0.191126 0.444081
vt 0.208335 0.459464
vt 0.191126 0.444081
vt 0.210241 0.44988
vt 0.206429 0.469048
vt 0.18548 0.462693
vt 0.188303 0.453387
vt 0.206429 0.469048
vt 0.188303 0.453387
vt 0.208335 0.459464
vt 0.18548 0.462693
vt 0.164532 0.456339
vt 0.168271 0.447311
vt 0.18548 0.462693
vt 0.168271 0.447311
vt 0.188303 0.453387
vt 0.204803 0.477218
vt 0.183074 0.470626
vt 0.18548 0.462693
vt 0.204803 0.477218
vt 0.18548 0.462693
vt 0.206429 0.469048
vt 0.203178 0.485388
vt 0.180667 0.47856
vt 0.183074 0.470626
vt 0.203178 0.485388
vt 0.183074 0.470626
vt 0.204803 0.477218
vt 0.180667 0.47856
vt 0.158156 0.471731
vt 0.161344 0.464035
vt 0.180667 0.47856
vt 0.161344 0.464035
vt 0.183074 0.470626
vt 0.03125 0.979359
vt 0.046875 0.979359
vt 0.046875 1
vt 0.03125 0.979359
vt 0.046875 1
vt 0.03125 1
vt 0.03125 0.958717
vt 0.046875 0.958717
vt 0.046875 0.979359
vt 0.03125 0.958717
vt 0.046875 0.979359
vt 0.03125 0.979359
vt 0.046875 0.958717
vt 0.0625 0.958717
vt 0.0625 0.979359
vt 0.046875 0.958717
vt 0.0625 0.979359
vt 0.046875 0.979359
vt 0.168271 0.447311
vt 0.14981 0.437443
vt 0.154394 0.428866
vt 0.168271 0.447311
vt 0.154394 0.428866
vt 0.172011 0.438282
vt 0.164532 0.456339
vt 0.145226 0.446019
vt 0.14981 0.437443
vt 0.164532 0.456339
vt 0.14981 0.437443
vt 0.168271 0.447311
vt 0.145226 0.446019
vt 0.125919 0.4357
vt 0.131348 0.427575
vt 0.145226 0.446019
vt 0.131348 0.427575
vt 0.14981 0.437443
vt 0.161344 0.464035
vt 0.141318 0.453331
vt 0.145226 0.446019
vt 0.161344 0.464035
vt 0.145226 0.446019
vt 0.164532 0.456339
vt 0.158156 0.471731
vt 0.13741 0.460642
vt 0.141318 0.453331
vt 0.158156 0.471731
vt 0.141318 0.453331
vt 0.161344 0.464035
vt 0.13741 0.460642
vt 0.116663 0.449553
vt 0.121291 0.442626
vt 0.13741 0.460642
vt 0.121291 0.442626
vt 0.141318 0.453331
vt 0.0625 0.979359
vt 0.078125 0.979359
vt 0.078125 1
vt 0.0625 0.979359
vt 0.078125 1
vt 0.0625 1
vt 0.0625 0.958717
vt 0.078125 0.958717
vt 0.078125 0.979359
vt 0.0625 0.958717
vt 0.078125 0.979359
vt 0.0625 0.979359
vt 0.078125 0.958717
vt 0.09375 0.958717
vt 0.09375 0.979359
vt 0.078125 0.958717
vt 0.09375 0.979359
vt 0.078125 0.979359
vt 0.131348 0.427575
vt 0.115167 0.414295
vt 0.121336 0.406777
vt 0.131348 0.427575
vt 0.121336 0.406777
vt 0.136777 0.41945
vt 0.125919 0.4357
vt 0.108997 0.421812
vt 0.115167 0.414295
vt 0.125919 0.4357
vt 0.115167 0.414295
vt 0.131348 0.427575
vt 0.108997 0.421812
vt 0.0920753 0.407925
vt 0.0989851 0.401015
vt 0.108997 0.421812
vt 0.0989851 0.401015
vt 0.115167 0.414295
vt 0.121291 0.442626
vt 0.103738 0.428221
vt 0.108997 0.421812
vt 0.121291 0.442626
vt 0.108997 0.421812
vt 0.125919 0.4357
vt 0.116663 0.449553
vt 0.0984788 0.434629
vt 0.103738 0.428221
vt 0.116663 0.449553
vt 0.103738 0.428221
vt 0.121291 0.442626
vt 0.0984788 0.434629
vt 0.0802944 0.419706
vt 0.0861848 0.413815
vt 0.0984788 0.434629
vt 0.0861848 0.413815
vt 0.103738 0.428221
vt 0.09375 0.979359
vt 0.109375 0.979359
vt 0.109375 1
vt 0.09375 0.979359
vt 0.109375 1
vt 0.09375 1
vt 0.09375 0.958717
vt 0.109375 0.958717
vt 0.109375 0.979359
vt 0.09375 0.958717
vt 0.109375 0.979359
vt 0.09375 0.979359
vt 0.109375 0.958717
vt 0.125 0.958717
vt 0.125 0.979359
vt 0.109375 0.958717
vt 0.125 0.979359
vt 0.109375 0.979359
vt 0.0989851 0.401015
vt 0.0857051 0.384833
vt 0.0932225 0.378664
vt 0.0989851 0.401015
vt 0.0932225 0.378664
vt 0.105895 0.394105
vt 0.0920753 0.407925
vt 0.0781877 0.391003
vt 0.0857051 0.384833
vt 0.0920753 0.407925
vt 0.0857051 0.384833
vt 0.0989851 0.401015
vt 0.0781877 0.391003
vt 0.0643002 0.374081
vt 0.0724252 0.368652
vt 0.0781877 0.391003
vt 0.0724252 0.368652
vt 0.0857051 0.384833
vt 0.0861848 0.413815
vt 0.0717793 0.396262
vt 0.0781877 0.391003
vt 0.0861848 0.413815
vt 0.0781877 0.391003
vt 0.0920753 0.407925
vt 0.0802944 0.419706
vt 0.0653708 0.401521
vt 0.0717793 0.396262
vt 0.0802944 0.419706
vt 0.0717793 0.396262
vt 0.0861848 0.413815
vt 0.0653708 0.401521
vt 0.0504473 0.383337
vt 0.0573737 0.378709
vt 0.0653708 0.401521
vt 0.0573737 0.378709
vt 0.0717793 0.396262
vt 0.125 0.979359
vt 0.140625 0.979358
vt 0.140625 1
vt 0.125 0.979359
vt 0.140625 1
vt 0.125 1
vt 0.125 0.958717
vt 0.140625 0.958717
vt 0.140625 0.979358
vt 0.125 0.958717
vt 0.140625 0.979358
vt 0.125 0.979359
vt 0.140625 0.958717
vt 0.15625 0.958717
vt 0.15625 0.979358
vt 0.140625 0.958717
vt 0.15625 0.979358
vt 0.140625 0.979358
vt 0.0724252 0.368652
vt 0.0625573 0.35019
vt 0.0711338 0.345606
vt 0.0724252 0.368652
vt 0.0711338 0.345606
vt 0.0805502 0.363223
vt 0.0643002 0.374081
vt 0.0539808 0.354774
vt 0.0625573 0.35019
vt 0.0643002 0.374081
vt 0.0625573 0.35019
vt 0.0724252 0.368652
vt 0.0539808 0.354774
vt 0.0436614 0.335468
vt 0.0526894 0.331729
vt 0.0539808 0.354774
vt 0.0526894 0.331729
vt 0.0625573 0.35019
vt 0.0573737 0.378709
vt 0.0466695 0.358682
vt 0.0539808 0.354774
vt 0.0573737 0.378709
vt 0.0539808 0.354774
vt 0.0643002 0.374081
vt 0.0504473 0.383337
vt 0.0393581 0.36259
vt 0.0466695 0.358682
vt 0.0504473 0.383337
vt 0.0466695 0.358682
vt 0.0573737 0.378709
vt 0.0393581 0.36259
vt 0.0282689 0.341844
vt 0.0359652 0.338656
vt 0.0393581 0.36259
vt 0.0359652 0.338656
vt 0.0466695 0.358682
vt 0.15625 0.979358
vt 0.171875 0.979358
vt 0.171875 1
vt 0.15625 0.979358
vt 0.171875 1
vt 0.15625 1
vt 0.15625 0.958717
vt 0.171875 0.958717
vt 0.171875 0.979358
vt 0.15625 0.958717
vt 0.171875 0.979358
vt 0.15625 0.979358
vt 0.171875 0.958717
vt 0.1875 0.958717
vt 0.1875 0.979359
vt 0.171875 0.958717
vt 0.1875 0.979359
vt 0.171875 0.979358
vt 0.0526894 0.331729
vt 0.0466128 0.311697
vt 0.0559189 0.308874
vt 0.0526894 0.331729
vt 0.0559189 0.308874
vt 0.0617175 0.327989
vt 0.0436614 0.335468
vt 0.0373068 0.31452
vt 0.0466128 0.311697
vt 0.0436614 0.335468
vt 0.0466128 0.311697
vt 0.0526894 0.331729
vt 0.0373068 0.31452
vt 0.0309521 0.293571
vt 0.0405363 0.291665
vt 0.0373068 0.31452
vt 0.0405363 0.291665
vt 0.0466128 0.311697
vt 0.0359652 0.338656
vt 0.0293735 0.316926
vt 0.0373068 0.31452
vt 0.0359652 0.338656
vt 0.0373068 0.31452
vt 0.0436614 0.335468
vt 0.0282689 0.341844
vt 0.0214402 0.319333
vt 0.0293735 0.316926
vt 0.0282689 0.341844
vt 0.0293735 0.316926
vt 0.0359652 0.338656
vt 0.0214402 0.319333
vt 0.0146115 0.296822
vt 0.0227818 0.295197
vt 0.0214402 0.319333
vt 0.0227818 0.295197
vt 0.0293735 0.316926
vt 0.1875 0.979359
vt 0.203125 0.979358
vt 0.203125 1
vt 0.1875 0.979359
vt 0.203125 1
vt 0.1875 1
vt 0.1875 0.958717
vt 0.203125 0.958717
vt 0.203125 0.979358
vt 0.1875 0.958717
vt 0.203125 0.979358
vt 0.1875 0.979359
vt 0.203125 0.958717
vt 0.21875 0.958717
vt 0.21875 0.979358
vt 0.203125 0.958717
vt 0.21875 0.979358
vt 0.203125 0.979358
vt 0.0405363 0.291665
vt 0.0384845 0.270832
vt 0.0481624 0.269879
vt 0.0405363 0.291665
vt 0.0481624 0.269879
vt 0.0501204 0.289759
vt 0.0309521 0.293571
vt 0.0288065 0.271786
vt 0.0384845 0.270832
vt 0.0309521 0.293571
vt 0.0384845 0.270832
vt 0.0405363 0.291665
vt 0.0288065 0.271786
vt 0.0266608 0.25
vt 0.0364327 0.25
vt 0.0288065 0.271786
vt 0.0364327 0.25
vt 0.0384845 0.270832
vt 0.0227818 0.295197
vt 0.0205561 0.272598
vt 0.0288065 0.271786
vt 0.0227818 0.295197
vt 0.0288065 0.271786
vt 0.0309521 0.293571
vt 0.0146115 0.296822
vt 0.0123058 0.273411
vt 0.0205561 0.272598
vt 0.0146115 0.296822
vt 0.0205561 0.272598
vt 0.0227818 0.295197
vt 0.0123058 0.273411
vt 0.01 0.25
vt 0.0183304 0.25
vt 0.0123058 0.273411
vt 0.0183304 0.25
vt 0.0205561 0.272598
vt 0.21875 0.979358
vt 0.234375 0.979359
vt 0.234375 1
vt 0.21875 0.979358
vt 0.234375 1
vt 0.21875 1
vt 0.21875 0.958717
vt 0.234375 0.958717
vt 0.234375 0.979359
vt 0.21875 0.958717
vt 0.234375 0.979359
vt 0.21875 0.979358
vt 0.234375 0.958717
vt 0.25 0.958717
vt 0.25 0.979359
vt 0.234375 0.958717
vt 0.25 0.979359
vt 0.234375 0.979359
vt 0.0364327 0.25
vt 0.0384845 0.229168
vt 0.0481624 0.230121
vt 0.0364327 0.25
vt 0.0481624 0.230121
vt 0.0462045 0.25
vt 0.0266608 0.25
vt 0.0288065 0.228214
vt 0.0384845 0.229168
vt 0.0266608 0.25
vt 0.0384845 0.229168
vt 0.0364327 0.25
vt 0.0288065 0.228214
vt 0.0309521 0.206429
vt 0.0405363 0.208335
vt 0.0288065 0.228214
vt 0.0405363 0.208335
vt 0.0384845 0.229168
vt 0.0183304 0.25
vt 0.0205561 0.227402
vt 0.0288065 0.228214
vt 0.0183304 0.25
vt 0.0288065 0.228214
vt 0.0266608 0.25
vt 0.01 0.25
vt 0.0123058 0.226589
vt 0.0205561 0.227402
vt 0.01 0.25
vt 0.0205561 0.227402
vt 0.0183304 0.25
vt 0.0123058 0.226589
vt 0.0146115 0.203178
vt 0.0227818 0.204803
vt 0.0123058 0.226589
vt 0.0227818 0.204803
vt 0.0205561 0.227402
vt 0.25 0.979359
vt 0.265625 0.979359
vt 0.265625 1
vt 0.25 0.979359
vt 0.265625 1
vt 0.25 1
vt 0.25 0.958717
vt 0.265625 0.958717
vt 0.265625 0.979359
vt 0.25 0.958717
vt 0.265625 0.979359
vt 0.25 0.979359
vt 0.265625 0.958717
vt 0.28125 0.958717
vt 0.28125 0.979359
vt 0.265625 0.958717
vt 0.28125 0.979359
vt 0.265625 0.979359
vt 0.0405363 0.208335
vt 0.0466129 0.188303
vt 0.0559189 0.191126
vt 0.0405363 0.208335
vt 0.0559189 0.191126
vt 0.0501204 0.210241
vt 0.0309521 0.206429
vt 0.0373068 0.18548
vt 0.0466129 0.188303
vt 0.0309521 0.206429
vt 0.0466129 0.188303
vt 0.0405363 0.208335
vt 0.0373068 0.18548
vt 0.0436614 0.164532
vt 0.0526895 0.168271
vt 0.0373068 0.18548
vt 0.0526895 0.168271
vt 0.0466129 0.188303
vt 0.0227818 0.204803
vt 0.0293735 0.183074
vt 0.0373068 0.18548
vt 0.0227818 0.204803
vt 0.0373068 0.18548
vt 0.0309521 0.206429
vt 0.0146115 0.203178
vt 0.0214402 0.180667
vt 0.0293735 0.183074
vt 0.0146115 0.203178
vt 0.0293735 0.183074
vt 0.0227818 0.204803
vt 0.0214402 0.180667
vt 0.0282689 0.158156
vt 0.0359652 0.161344
vt 0.0214402 0.180667
vt 0.0359652 0.161344
vt 0.0293735 0.183074
vt 0.28125 0.979359
vt 0.296875 0.979358
vt 0.296875 1
vt 0.28125 0.979359
vt 0.296875 1
vt 0.28125 1
vt 0.28125 0.958717
vt 0.296875 0.958717
vt 0.296875 0.979358
vt 0.28125 0.958717
vt 0.296875 0.979358
vt 0.28125 0.979359
vt 0.296875 0.958717
vt 0.3125 0.958717
vt 0.3125 0.979358
vt 0.296875 0.958717
vt 0.3125 0.979358
vt 0.296875 0.979358
vt 0.0526895 0.168271
vt 0.0625573 0.14981
vt 0.0711338 0.154394
vt 0.0526895 0.168271
vt 0.0711338 0.154394
vt 0.0617175 0.172011
vt 0.0436614 0.164532
vt 0.0539808 0.145226
vt 0.0625573 0.14981
vt 0.0436614 0.164532
vt 0.0625573 0.14981
vt 0.0526895 0.168271
vt 0.0539808 0.145226
vt 0.0643002 0.125919
vt 0.0724252 0.131348
vt 0.0539808 0.145226
vt 0.0724252 0.131348
vt 0.0625573 0.14981
vt 0.0359652 0.161344
vt 0.0466695 0.141318
vt 0.0539808 0.145226
vt 0.0359652 0.161344
vt 0.0539808 0.145226
vt 0.0436614 0.164532
vt 0.0282689 0.158156
vt 0.0393581 0.13741
vt 0.0466695 0.141318
vt 0.0282689 0.158156
vt 0.0466695 0.141318
vt 0.0359652 0.161344
vt 0.0393581 0.13741
vt 0.0504473 0.116663
vt 0.0573737 0.121291
vt 0.0393581 0.13741
vt 0.0573737 0.121291
vt 0.0466695 0.141318
vt 0.3125 0.979358
vt 0.328125 0.979358
vt 0.328125 1
vt 0.3125 0.979358
vt 0.328125 1
vt 0.3125 1
vt 0.3125 0.958717
vt 0.328125 0.958717
vt 0.328125 0.979358
vt 0.3125 0.958717
vt 0.328125 0.979358
vt 0.3125 0.979358
vt 0.328125 0.958717
vt 0.34375 0.958717
vt 0.34375 0.979358
vt 0.328125 0.958717
vt 0.34375 0.979358
vt 0.328125 0.979358
vt 0.0724252 0.131348
vt 0.0857051 0.115167
vt 0.0932225 0.121336
vt 0.0724252 0.131348
vt 0.0932225 0.121336
vt 0.0805502 0.136777
vt 0.0643002 0.125919
vt 0.0781877 0.108997
vt 0.0857051 0.115167
vt 0.0643002 0.125919
vt 0.0857051 0.115167
vt 0.0724252 0.131348
vt 0.0781877 0.108997
vt 0.0920753 0.0920753
vt 0.0989851 0.098985
vt 0.0781877 0.108997
vt 0.0989851 0.098985
vt 0.0857051 0.115167
vt 0.0573737 0.121291
vt 0.0717793 0.103738
vt 0.0781877 0.108997
vt 0.0573737 0.121291
vt 0.0781877 0.108997
vt 0.0643002 0.125919
vt 0.0504473 0.116663
vt 0.0653708 0.0984788
vt 0.0717793 0.103738
vt 0.0504473 0.116663
vt 0.0717793 0.103738
vt 0.0573737 0.121291
vt 0.0653708 0.0984788
vt 0.0802944 0.0802944
vt 0.0861848 0.0861848
vt 0.0653708 0.0984788
vt 0.0861848 0.0861848
vt 0.0717793 0.103738
vt 0.34375 0.979358
vt 0.359375 0.979358
vt 0.359375 1
vt 0.34375 0.979358
vt 0.359375 1
vt 0.34375 1
vt 0.34375 0.958717
vt 0.359375 0.958717
vt 0.359375 0.979358
vt 0.34375 0.958717
vt 0.359375 0.979358
vt 0.34375 0.979358
vt 0.359375 0.958717
vt 0.375 0.958717
vt 0.375 0.979359
vt 0.359375 0.958717
vt 0.375 0.979359
vt 0.359375 0.979358
vt 0.0989851 0.098985
vt 0.115167 0.0857051
vt 0.121336 0.0932225
vt 0.0989851 0.098985
vt 0.121336 0.0932225
vt 0.105895 0.105895
vt 0.0920753 0.0920753
vt 0.108997 0.0781877
vt 0.115167 0.0857051
vt 0.0920753 0.0920753
vt 0.115167 0.0857051
vt 0.0989851 0.098985
vt 0.108997 0.0781877
vt 0.125919 0.0643002
vt 0.131348 0.0724252
vt 0.108997 0.0781877
vt 0.131348 0.0724252
vt 0.115167 0.0857051
vt 0.0861848 0.0861848
vt 0.103738 0.0717793
vt 0.108997 0.0781877
vt 0.0861848 0.0861848
vt 0.108997 0.0781877
vt 0.0920753 0.0920753
vt 0.0802944 0.0802944
vt 0.0984788 0.0653708
vt 0.103738 0.0717793
vt 0.0802944 0.0802944
vt 0.103738 0.0717793
vt 0.0861848 0.0861848
vt 0.0984788 0.0653708
vt 0.116663 0.0504473
vt 0.121291 0.0573737
vt 0.0984788 0.0653708
vt 0.121291 0.0573737
vt 0.103738 0.0717793
vt 0.375 0.979359
vt 0.390625 0.979359
vt 0.390625 1
vt 0.375 0.979359
vt 0.390625 1
vt 0.375 1
vt 0.375 0.958717
vt 0.390625 0.958717
vt 0.390625 0.979359
vt 0.375 0.958717
vt 0.390625 0.979359
vt 0.375 0.979359
vt 0.390625 0.958717
vt 0.40625 0.958717
vt 0.40625 0.979359
vt 0.390625 0.958717
vt 0.40625 0.979359
vt 0.390625 0.979359
vt 0.131348 0.0724252
vt 0.14981 0.0625573
vt 0.154394 0.0711338
vt 0.131348 0.0724252
vt 0.154394 0.0711338
vt 0.136777 0.0805502
vt 0.125919 0.0643002
vt 0.145226 0.0539808
vt 0.14981 0.0625573
vt 0.125919 0.0643002
vt 0.14981 0.0625573
vt 0.131348 0.0724252
vt 0.145226 0.0539808
vt 0.164532 0.0436614
vt 0.168271 0.0526894
vt 0.145226 0.0539808
vt 0.168271 0.0526894
vt 0.14981 0.0625573
vt 0.121291 0.0573737
vt 0.141318 0.0466694
vt 0.145226 0.0539808
vt 0.121291 0.0573737
vt 0.145226 0.0539808
vt 0.125919 0.0643002
vt 0.116663 0.0504473
vt 0.13741 0.0393581
vt 0.141318 0.0466694
vt 0.116663 0.0504473
vt 0.141318 0.0466694
vt 0.121291 0.0573737
vt 0.13741 0.0393581
vt 0.158156 0.0282689
vt 0.161344 0.0359652
vt 0.13741 0.0393581
vt 0.161344 0.0359652
vt 0.141318 0.0466694
vt 0.40625 0.979359
vt 0.421875 0.979359
vt 0.421875 1
vt 0.40625 0.979359
vt 0.421875 1
vt 0.40625 1
vt 0.40625 0.958717
vt 0.421875 0.958717
vt 0.421875 0.979359
vt 0.40625 0.958717
vt 0.421875 0.979359
vt 0.40625 0.979359
vt 0.421875 0.958717
vt 0.4375 0.958717
vt 0.4375 0.979359
vt 0.421875 0.958717
vt 0.4375 0.979359
vt 0.421875 0.979359
vt 0.168271 0.0526894
vt 0.188303 0.0466128
vt 0.191126 0.0559189
vt 0.168271 0.0526894
vt 0.191126 0.0559189
vt 0.172011 0.0617175
vt 0.164532 0.0436614
vt 0.18548 0.0373068
vt 0.188303 0.0466128
vt 0.164532 0.0436614
vt 0.188303 0.0466128
vt 0.168271 0.0526894
vt 0.18548 0.0373068
vt 0.206429 0.0309521
vt 0.208335 0.0405363
vt 0.18548 0.0373068
vt 0.208335 0.0405363
vt 0.188303 0.0466128
vt 0.161344 0.0359652
vt 0.183074 0.0293735
vt 0.18548 0.0373068
vt 0.161344 0.0359652
vt 0.18548 0.0373068
vt 0.164532 0.0436614
vt 0.158156 0.0282689
vt 0.180667 0.0214402
vt 0.183074 0.0293735
vt 0.158156 0.0282689
vt 0.183074 0.0293735
vt 0.161344 0.0359652
vt 0.180667 0.0214402
vt 0.203178 0.0146115
vt 0.204803 0.0227818
vt 0.180667 0.0214402
vt 0.204803 0.0227818
vt 0.183074 0.0293735
vt 0.4375 0.979359
vt 0.453125 0.979359
vt 0.453125 1
vt 0.4375 0.979359
vt 0.453125 1
vt 0.4375 1
vt 0.4375 0.958717
vt 0.453125 0.958717
vt 0.453125 0.979359
vt 0.4375 0.958717
vt 0.453125 0.979359
vt 0.4375 0.979359
vt 0.453125 0.958717
vt 0.46875 0.958717
vt 0.46875 0.979359
vt 0.453125 0.958717
vt 0.46875 0.979359
vt 0.453125 0.979359
vt 0.208335 0.0405363
vt 0.229167 0.0384844
vt 0.230121 0.0481624
vt 0.208335 0.0405363
vt 0.230121 0.0481624
vt 0.210241 0.0501204
vt 0.206429 0.0309521
vt 0.228214 0.0288065
vt 0.229167 0.0384844
vt 0.206429 0.0309521
vt 0.229167 0.0384844
vt 0.208335 0.0405363
vt 0.228214 0.0288065
vt 0.25 0.0266608
vt 0.25 0.0364326
vt 0.228214 0.0288065
vt 0.25 0.0364326
vt 0.229167 0.0384844
vt 0.204803 0.0227818
vt 0.227402 0.0205561
vt 0.228214 0.0288065
vt 0.204803 0.0227818
vt 0.228214 0.0288065
vt 0.206429 0.0309521
vt 0.203178 0.0146115
vt 0.226589 0.0123058
vt 0.227402 0.0205561
vt 0.203178 0.0146115
vt 0.227402 0.0205561
vt 0.204803 0.0227818
vt 0.226589 0.0123058
vt 0.25 0.01
vt 0.25 0.0183304
vt 0.226589 0.0123058
vt 0.25 0.0183304
vt 0.227402 0.0205561
vt 0.46875 0.979359
vt 0.484375 0.979359
vt 0.484375 1
vt 0.46875 0.979359
vt 0.484375 1
vt 0.46875 1
vt 0.46875 0.958717
vt 0.484375 0.958717
vt 0.484375 0.979359
vt 0.46875 0.958717
vt 0.484375 0.979359
vt 0.46875 0.979359
vt 0.484375 0.958717
vt 0.5 0.958717
vt 0.5 0.979359
vt 0.484375 0.958717
vt 0.5 0.979359
vt 0.484375 0.979359
vt 0.25 0.0364326
vt 0.270832 0.0384845
vt 0.269879 0.0481625
vt 0.25 0.0364326
vt 0.269879 0.0481625
vt 0.25 0.0462045
vt 0.25 0.0266608
vt 0.271786 0.0288065
vt 0.270832 0.0384845
vt 0.25 0.0266608
vt 0.270832 0.0384845
vt 0.25 0.0364326
vt 0.271786 0.0288065
vt 0.293571 0.0309521
vt 0.291665 0.0405363
vt 0.271786 0.0288065
vt 0.291665 0.0405363
vt 0.270832 0.0384845
vt 0.25 0.0183304
vt 0.272598 0.0205561
vt 0.271786 0.0288065
vt 0.25 0.0183304
vt 0.271786 0.0288065
vt 0.25 0.0266608
vt 0.25 0.01
vt 0.273411 0.0123058
vt 0.272598 0.0205561
vt 0.25 0.01
vt 0.272598 0.0205561
vt 0.25 0.0183304
vt 0.273411 0.0123058
vt 0.296822 0.0146115
vt 0.295197 0.0227818
vt 0.273411 0.0123058
vt 0.295197 0.0227818
vt 0.272598 0.0205561
vt 0.5 0.979359
vt 0.515625 0.979359
vt 0.515625 1
vt 0.5 0.979359
vt 0.515625 1
vt 0.5 1
vt 0.5 0.958717
vt 0.515625 0.958717
vt 0.515625 0.979359
vt 0.5 0.958717
vt 0.515625 0.979359
vt 0.5 0.979359
vt 0.515625 0.958717
vt 0.53125 0.958717
vt 0.53125 0.979359
vt 0.515625 0.958717
vt 0.53125 0.979359
vt 0.515625 0.979359
vt 0.291665 0.0405363
vt 0.311697 0.0466129
vt 0.308874 0.0559189
vt 0.291665 0.0405363
vt 0.308874 0.0559189
vt 0.289759 0.0501204
vt 0.293571 0.0309521
vt 0.31452 0.0373068
vt 0.311697 0.0466129
vt 0.293571 0.0309521
vt 0.311697 0.0466129
vt 0.291665 0.0405363
vt 0.31452 0.0373068
vt 0.335468 0.0436614
vt 0.331729 0.0526895
vt 0.31452 0.0373068
vt 0.331729 0.0526895
vt 0.311697 0.0466129
vt 0.295197 0.0227818
vt 0.316926 0.0293735
vt 0.31452 0.0373068
vt 0.295197 0.0227818
vt 0.31452 0.0373068
vt 0.293571 0.0309521
vt 0.296822 0.0146115
vt 0.319333 0.0214402
vt 0.316926 0.0293735
vt 0.296822 0.0146115
vt 0.316926 0.0293735
vt 0.295197 0.0227818
vt 0.319333 0.0214402
vt 0.341844 0.0282689
vt 0.338656 0.0359652
vt 0.319333 0.0214402
vt 0.338656 0.0359652
vt 0.316926 0.0293735
vt 0.53125 0.979359
vt 0.546875 0.979358
vt 0.546875 1
vt 0.53125 0.979359
vt 0.546875 1
vt 0.53125 1
vt 0.53125 0.958717
vt 0.546875 0.958717
vt 0.546875 0.979358
vt 0.53125 0.958717
vt 0.546875 0.979358
vt 0.53125 0.979359
vt 0.546875 0.958717
vt 0.5625 0.958717
vt 0.5625 0.979358
vt 0.546875 0.958717
vt 0.5625 0.979358
vt 0.546875 0.979358
vt 0.331729 0.0526895
vt 0.35019 0.0625573
vt 0.345606 0.0711338
vt 0.331729 0.0526895
vt 0.345606 0.0711338
vt 0.327989 0.0617175
vt 0.335468 0.0436614
vt 0.354774 0.0539808
vt 0.35019 0.0625573
vt 0.335468 0.0436614
vt 0.35019 0.0625573
vt 0.331729 0.0526895
vt 0.354774 0.0539808
vt 0.374081 0.0643002
vt 0.368652 0.0724252
vt 0.354774 0.0539808
vt 0.368652 0.0724252
vt 0.35019 0.0625573
vt 0.338656 0.0359652
vt 0.358682 0.0466694
vt 0.354774 0.0539808
vt 0.338656 0.0359652
vt 0.354774 0.0539808
vt 0.335468 0.0436614
vt 0.341844 0.0282689
vt 0.36259 0.0393581
vt 0.358682 0.0466694
vt 0.341844 0.0282689
vt 0.358682 0.0466694
vt 0.338656 0.0359652
vt 0.36259 0.0393581
vt 0.383337 0.0504473
vt 0.378709 0.0573737
vt 0.36259 0.0393581
vt 0.378709 0.0573737
vt 0.358682 0.0466694
vt 0.5625 0.979358
vt 0.578125 0.979358
vt 0.578125 1
vt 0.5625 0.979358
vt 0.578125 1
vt 0.5625 1
vt 0.5625 0.958717
vt 0.578125 0.958717
vt 0.578125 0.979358
vt 0.5625 0.958717
vt 0.578125 0.979358
vt 0.5625 0.979358
vt 0.578125 0.958717
vt 0.59375 0.958717
vt 0.59375 0.979358
vt 0.578125 0.958717
vt 0.59375 0.979358
vt 0.578125 0.979358
vt 0.368652 0.0724252
vt 0.384833 0.0857051
vt 0.378664 0.0932225
vt 0.368652 0.0724252
vt 0.378664 0.0932225
vt 0.363223 0.0805502
vt 0.374081 0.0643002
vt 0.391003 0.0781877
vt 0.384833 0.0857051
vt 0.374081 0.0643002
vt 0.384833 0.0857051
vt 0.368652 0.0724252
vt 0.391003 0.0781877
vt 0.407925 0.0920753
vt 0.401015 0.098985
vt 0.391003 0.0781877
vt 0.401015 0.098985
vt 0.384833 0.0857051
vt 0.378709 0.0573737
vt 0.396262 0.0717793
vt 0.391003 0.0781877
vt 0.378709 0.0573737
vt 0.391003 0.0781877
vt 0.374081 0.0643002
vt 0.383337 0.0504473
vt 0.401521 0.0653708
vt 0.396262 0.0717793
vt 0.383337 0.0504473
vt 0.396262 0.0717793
vt 0.378709 0.0573737
vt 0.401521 0.0653708
vt 0.419706 0.0802944
vt 0.413815 0.0861848
vt 0.401521 0.0653708
vt 0.413815 0.0861848
vt 0.396262 0.0717793
vt 0.59375 0.979358
vt 0.609375 0.979358
vt 0.609375 1
vt 0.59375 0.979358
vt 0.609375 1
vt 0.59375 1
vt 0.59375 0.958717
vt 0.609375 0.958717
vt 0.609375 0.979358
vt 0.59375 0.958717
vt 0.609375 0.979358
vt 0.59375 0.979358
vt 0.609375 0.958717
vt 0.625 0.958717
vt 0.625 0.979358
vt 0.609375 0.958717
vt 0.625 0.979358
vt 0.609375 0.979358
vt 0.401015 0.098985
vt 0.414295 0.115167
vt 0.406777 0.121336
vt 0.401015 0.098985
vt 0.406777 0.121336
vt 0.394105 0.105895
vt 0.407925 0.0920753
vt 0.421812 0.108997
vt 0.414295 0.115167
vt 0.407925 0.0920753
vt 0.414295 0.115167
vt 0.401015 0.098985
vt 0.421812 0.108997
vt 0.4357 0.125919
vt 0.427575 0.131348
vt 0.421812 0.108997
vt 0.427575 0.131348
vt 0.414295 0.115167
vt 0.413815 0.0861848
vt 0.428221 0.103738
vt 0.421812 0.108997
vt 0.413815 0.0861848
vt 0.421812 0.108997
vt 0.407925 0.0920753
vt 0.419706 0.0802944
vt 0.434629 0.0984788
vt 0.428221 0.103738
vt 0.419706 0.0802944
vt 0.428221 0.103738
vt 0.413815 0.0861848
vt 0.434629 0.0984788
vt 0.449553 0.116663
vt 0.442626 0.121291
vt 0.434629 0.0984788
vt 0.442626 0.121291
vt 0.428221 0.103738
vt 0.625 0.979358
vt 0.640625 0.979358
vt 0.640625 1
vt 0.625 0.979358
vt 0.640625 1
vt 0.625 1
vt 0.625 0.958717
vt 0.640625 0.958717
vt 0.640625 0.979358
vt 0.625 0.958717
vt 0.640625 0.979358
vt 0.625 0.979358
vt 0.640625 0.958717
vt 0.65625 0.958717
vt 0.65625 0.979359
vt 0.640625 0.958717
vt 0.65625 0.979359
vt 0.640625 0.979358
vt 0.427575 0.131348
vt 0.437443 0.14981
vt 0.428866 0.154394
vt 0.427575 0.131348
vt 0.428866 0.154394
vt 0.41945 0.136777
vt 0.4357 0.125919
vt 0.446019 0.145226
vt 0.437443 0.14981
vt 0.4357 0.125919
vt 0.437443 0.14981
vt 0.427575 0.131348
vt 0.446019 0.145226
vt 0.456339 0.164532
vt 0.447311 0.168271
vt 0.446019 0.145226
vt 0.447311 0.168271
vt 0.437443 0.14981
vt 0.442626 0.121291
vt 0.453331 0.141318
vt 0.446019 0.145226
vt 0.442626 0.121291
vt 0.446019 0.145226
vt 0.4357 0.125919
vt 0.449553 0.116663
vt 0.460642 0.13741
vt 0.453331 0.141318
vt 0.449553 0.116663
vt 0.453331 0.141318
vt 0.442626 0.121291
vt 0.460642 0.13741
vt 0.471731 0.158156
vt 0.464035 0.161344
vt 0.460642 0.13741
vt 0.464035 0.161344
vt 0.453331 0.141318
vt 0.65625 0.979359
vt 0.671875 0.979359
vt 0.671875 1
vt 0.65625 0.979359
vt 0.671875 1
vt 0.65625 1
vt 0.65625 0.958717
vt 0.671875 0.958717
vt 0.671875 0.979359
vt 0.65625 0.958717
vt 0.671875 0.979359
vt 0.65625 0.979359
vt 0.671875 0.958717
vt 0.6875 0.958717
vt 0.6875 0.979359
vt 0.671875 0.958717
vt 0.6875 0.979359
vt 0.671875 0.979359
vt 0.447311 0.168271
vt 0.453387 0.188303
vt 0.444081 0.191126
vt 0.447311 0.168271
vt 0.444081 0.191126
vt 0.438282 0.172011
vt 0.456339 0.164532
vt 0.462693 0.18548
vt 0.453387 0.188303
vt 0.456339 0.164532
vt 0.453387 0.188303
vt 0.447311 0.168271
vt 0.462693 0.18548
vt 0.469048 0.206429
vt 0.459464 0.208335
vt 0.462693 0.18548
vt 0.459464 0.208335
vt 0.453387 0.188303
vt 0.464035 0.161344
vt 0.470626 0.183074
vt 0.462693 0.18548
vt 0.464035 0.161344
vt 0.462693 0.18548
vt 0.456339 0.164532
vt 0.471731 0.158156
vt 0.47856 0.180667
vt 0.470626 0.183074
vt 0.471731 0.158156
vt 0.470626 0.183074
vt 0.464035 0.161344
vt 0.47856 0.180667
vt 0.485388 0.203178
vt 0.477218 0.204804
vt 0.47856 0.180667
vt 0.477218 0.204804
vt 0.470626 0.183074
vt 0.6875 0.979359
vt 0.703127 0.979379
vt 0.703125 1
vt 0.6875 0.979359
vt 0.703125 1
vt 0.6875 1
vt 0.6875 0.958717
vt 0.703129 0.958757
vt 0.703127 0.979379
vt 0.6875 0.958717
vt 0.703127 0.979379
vt 0.6875 0.979359
vt 0.703129 0.958757
vt 0.718758 0.958797
vt 0.718754 0.979398
vt 0.703129 0.958757
vt 0.718754 0.979398
vt 0.703127 0.979379
vt 0.459464 0.208335
vt 0.461519 0.229168
vt 0.451838 0.230121
vt 0.459464 0.208335
vt 0.451838 0.230121
vt 0.44988 0.210242
vt 0.469048 0.206429
vt 0.471201 0.228214
vt 0.461519 0.229168
vt 0.469048 0.206429
vt 0.461519 0.229168
vt 0.459464 0.208335
vt 0.471201 0.228214
vt 0.473354 0.25
vt 0.463575 0.25
vt 0.471201 0.228214
vt 0.463575 0.25
vt 0.461519 0.229168
vt 0.477218 0.204804
vt 0.479447 0.227402
vt 0.471201 0.228214
vt 0.477218 0.204804
vt 0.471201 0.228214
vt 0.469048 0.206429
vt 0.485388 0.203178
vt 0.487694 0.226589
vt 0.479447 0.227402
vt 0.485388 0.203178
vt 0.479447 0.227402
vt 0.477218 0.204804
vt 0.487694 0.226589
vt 0.49 0.25
vt 0.481677 0.25
vt 0.487694 0.226589
vt 0.481677 0.25
vt 0.479447 0.227402
vt 0.718754 0.979398
vt 0.734377 0.979239
vt 0.734375 1
vt 0.718754 0.979398
vt 0.734375 1
vt 0.71875 1
vt 0.718758 0.958797
vt 0.734379 0.958478
vt 0.734377 0.979239
vt 0.718758 0.958797
vt 0.734377 0.979239
vt 0.718754 0.979398
vt 0.734379 0.958478
vt 0.75 0.958159
vt 0.75 0.979079
vt 0.734379 0.958478
vt 0.75 0.979079
vt 0.734377 0.979239
vt 0.463575 0.25
vt 0.461519 0.270832
vt 0.451838 0.269879
vt 0.463575 0.25
vt 0.451838 0.269879
vt 0.453796 0.25
vt 0.473354 0.25
vt 0.471201 0.271786
vt 0.461519 0.270832
vt 0.473354 0.25
vt 0.461519 0.270832
vt 0.463575 0.25
vt 0.471201 0.271786
vt 0.469048 0.293571
vt 0.459464 0.291665
vt 0.471201 0.271786
vt 0.459464 0.291665
vt 0.461519 0.270832
vt 0.481677 0.25
vt 0.479447 0.272598
vt 0.471201 0.271786
vt 0.481677 0.25
vt 0.471201 0.271786
vt 0.473354 0.25
vt 0.49 0.25
vt 0.487694 0.273411
vt 0.479447 0.272598
vt 0.49 0.25
vt 0.479447 0.272598
vt 0.481677 0.25
vt 0.487694 0.273411
vt 0.485388 0.296822
vt 0.477218 0.295196
vt 0.487694 0.273411
vt 0.477218 0.295196
vt 0.479447 0.272598
vt 0.75 0.979079
vt 0.765623 0.979239
vt 0.765625 1
vt 0.75 0.979079
vt 0.765625 1
vt 0.75 1
vt 0.75 0.958159
vt 0.765621 0.958478
vt 0.765623 0.979239
vt 0.75 0.958159
vt 0.765623 0.979239
vt 0.75 0.979079
vt 0.765621 0.958478
vt 0.781242 0.958797
vt 0.781246 0.979398
vt 0.765621 0.958478
vt 0.781246 0.979398
vt 0.765623 0.979239
vt 0.459464 0.291665
vt 0.453387 0.311697
vt 0.444081 0.308874
vt 0.459464 0.291665
vt 0.444081 0.308874
vt 0.44988 0.289758
vt 0.469048 0.293571
vt 0.462693 0.31452
vt 0.453387 0.311697
vt 0.469048 0.293571
vt 0.453387 0.311697
vt 0.459464 0.291665
vt 0.462693 0.31452
vt 0.456339 0.335468
vt 0.44731 0.331729
vt 0.462693 0.31452
vt 0.44731 0.331729
vt 0.453387 0.311697
vt 0.477218 0.295196
vt 0.470626 0.316926
vt 0.462693 0.31452
vt 0.477218 0.295196
vt 0.462693 0.31452
vt 0.469048 0.293571
vt 0.485388 0.296822
vt 0.47856 0.319333
vt 0.470626 0.316926
vt 0.485388 0.296822
vt 0.470626 0.316926
vt 0.477218 0.295196
vt 0.47856 0.319333
vt 0.471731 0.341844
vt 0.464035 0.338656
vt 0.47856 0.319333
vt 0.464035 0.338656
vt 0.470626 0.316926
vt 0.781246 0.979398
vt 0.796873 0.979378
vt 0.796875 1
vt 0.781246 0.979398
vt 0.796875 1
vt 0.78125 1
vt 0.781242 0.958797
vt 0.796871 0.958757
vt 0.796873 0.979378
vt 0.781242 0.958797
vt 0.796873 0.979378
vt 0.781246 0.979398
vt 0.796871 0.958757
vt 0.8125 0.958717
vt 0.8125 0.979358
vt 0.796871 0.958757
vt 0.8125 0.979358
vt 0.796873 0.979378
vt 0.44731 0.331729
vt 0.437443 0.35019
vt 0.428866 0.345606
vt 0.44731 0.331729
vt 0.428866 0.345606
vt 0.438282 0.327989
vt 0.456339 0.335468
vt 0.446019 0.354774
vt 0.437443 0.35019
vt 0.456339 0.335468
vt 0.437443 0.35019
vt 0.44731 0.331729
vt 0.446019 0.354774
vt 0.4357 0.374081
vt 0.427575 0.368652
vt 0.446019 0.354774
vt 0.427575 0.368652
vt 0.437443 0.35019
vt 0.464035 0.338656
vt 0.453331 0.358682
vt 0.446019 0.354774
vt 0.464035 0.338656
vt 0.446019 0.354774
vt 0.456339 0.335468
vt 0.471731 0.341844
vt 0.460642 0.36259
vt 0.453331 0.358682
vt 0.471731 0.341844
vt 0.453331 0.358682
vt 0.464035 0.338656
vt 0.460642 0.36259
vt 0.449553 0.383337
vt 0.442626 0.378709
vt 0.460642 0.36259
vt 0.442626 0.378709
vt 0.453331 0.358682
vt 0.8125 0.979358
vt 0.828125 0.979358
vt 0.828125 1
vt 0.8125 0.979358
vt 0.828125 1
vt 0.8125 1
vt 0.8125 0.958717
vt 0.828125 0.958717
vt 0.828125 0.979358
vt 0.8125 0.958717
vt 0.828125 0.979358
vt 0.8125 0.979358
vt 0.828125 0.958717
vt 0.84375 0.958717
vt 0.84375 0.979359
vt 0.828125 0.958717
vt 0.84375 0.979359
vt 0.828125 0.979358
vt 0.427575 0.368652
vt 0.414295 0.384833
vt 0.406777 0.378664
vt 0.427575 0.368652
vt 0.406777 0.378664
vt 0.41945 0.363223
vt 0.4357 0.374081
vt 0.421812 0.391003
vt 0.414295 0.384833
vt 0.4357 0.374081
vt 0.414295 0.384833
vt 0.427575 0.368652
vt 0.421812 0.391003
vt 0.407925 0.407925
vt 0.401015 0.401015
vt 0.421812 0.391003
vt 0.401015 0.401015
vt 0.414295 0.384833
vt 0.442626 0.378709
vt 0.428221 0.396262
vt 0.421812 0.391003
vt 0.442626 0.378709
vt 0.421812 0.391003
vt 0.4357 0.374081
vt 0.449553 0.383337
vt 0.434629 0.401521
vt 0.428221 0.396262
vt 0.449553 0.383337
vt 0.428221 0.396262
vt 0.442626 0.378709
vt 0.434629 0.401521
vt 0.419706 0.419706
vt 0.413815 0.413815
vt 0.434629 0.401521
vt 0.413815 0.413815
vt 0.428221 0.396262
vt 0.84375 0.979359
vt 0.859375 0.979358
vt 0.859375 1
vt 0.84375 0.979359
vt 0.859375 1
vt 0.84375 1
vt 0.84375 0.958717
vt 0.859375 0.958717
vt 0.859375 0.979358
vt 0.84375 0.958717
vt 0.859375 0.979358
vt 0.84375 0.979359
vt 0.859375 0.958717
vt 0.875 0.958717
vt 0.875 0.979358
vt 0.859375 0.958717
vt 0.875 0.979358
vt 0.859375 0.979358
vt 0.401015 0.401015
vt 0.384833 0.414295
vt 0.378664 0.406778
vt 0.401015 0.401015
vt 0.378664 0.406778
vt 0.394105 0.394105
vt 0.407925 0.407925
vt 0.391003 0.421812
vt 0.384833 0.414295
vt 0.407925 0.407925
vt 0.384833 0.414295
vt 0.401015 0.401015
vt 0.391003 0.421812
vt 0.374081 0.4357
vt 0.368652 0.427575
vt 0.391003 0.421812
vt 0.368652 0.427575
vt 0.384833 0.414295
vt 0.413815 0.413815
vt 0.396262 0.428221
vt 0.391003 0.421812
vt 0.413815 0.413815
vt 0.391003 0.421812
vt 0.407925 0.407925
vt 0.419706 0.419706
vt 0.401521 0.434629
vt 0.396262 0.428221
vt 0.419706 0.419706
vt 0.396262 0.428221
vt 0.413815 0.413815
vt 0.401521 0.434629
vt 0.383337 0.449553
vt 0.378709 0.442626
vt 0.401521 0.434629
vt 0.378709 0.442626
vt 0.396262 0.428221
vt 0.875 0.979358
vt 0.890625 0.979358
vt 0.890625 1
vt 0.875 0.979358
vt 0.890625 1
vt 0.875 1
vt 0.875 0.958717
vt 0.890625 0.958717
vt 0.890625 0.979358
vt 0.875 0.958717
vt 0.890625 0.979358
vt 0.875 0.979358
vt 0.890625 0.958717
vt 0.90625 0.958717
vt 0.90625 0.979359
vt 0.890625 0.958717
vt 0.90625 0.979359
vt 0.890625 0.979358
vt 0.368652 0.427575
vt 0.35019 0.437443
vt 0.345606 0.428866
vt 0.368652 0.427575
vt 0.345606 0.428866
vt 0.363223 0.41945
vt 0.374081 0.4357
vt 0.354774 0.446019
vt 0.35019 0.437443
vt 0.374081 0.4357
vt 0.35019 0.437443
vt 0.368652 0.427575
vt 0.354774 0.446019
vt 0.335468 0.456339
vt 0.331729 0.447311
vt 0.354774 0.446019
vt 0.331729 0.447311
vt 0.35019 0.437443
vt 0.378709 0.442626
vt 0.358682 0.453331
vt 0.354774 0.446019
vt 0.378709 0.442626
vt 0.354774 0.446019
vt 0.374081 0.4357
vt 0.383337 0.449553
vt 0.36259 0.460642
vt 0.358682 0.453331
vt 0.383337 0.449553
vt 0.358682 0.453331
vt 0.378709 0.442626
vt 0.36259 0.460642
vt 0.341844 0.471731
vt 0.338656 0.464035
vt 0.36259 0.460642
vt 0.338656 0.464035
vt 0.358682 0.453331
vt 0.90625 0.979359
vt 0.921875 0.979358
vt 0.921875 1
vt 0.90625 0.979359
vt 0.921875 1
vt 0.90625 1
vt 0.90625 0.958717
vt 0.921875 0.958717
vt 0.921875 0.979358
vt 0.90625 0.958717
vt 0.921875 0.979358
vt 0.90625 0.979359
vt 0.921875 0.958717
vt 0.9375 0.958717
vt 0.9375 0.979358
vt 0.921875 0.958717
vt 0.9375 0.979358
vt 0.921875 0.979358
vt 0.331729 0.447311
vt 0.311697 0.453387
vt 0.308874 0.444081
vt 0.331729 0.447311
vt 0.308874 0.444081
vt 0.327989 0.438282
vt 0.335468 0.456339
vt 0.31452 0.462693
vt 0.311697 0.453387
vt 0.335468 0.456339
vt 0.311697 0.453387
vt 0.331729 0.447311
vt 0.31452 0.462693
vt 0.293571 0.469048
vt 0.291665 0.459464
vt 0.31452 0.462693
vt 0.291665 0.459464
vt 0.311697 0.453387
vt 0.338656 0.464035
vt 0.316926 0.470626
vt 0.31452 0.462693
vt 0.338656 0.464035
vt 0.31452 0.462693
vt 0.335468 0.456339
vt 0.341844 0.471731
vt 0.319333 0.47856
vt 0.316926 0.470626
vt 0.341844 0.471731
vt 0.316926 0.470626
vt 0.338656 0.464035
vt 0.319333 0.47856
vt 0.296822 0.485388
vt 0.295197 0.477218
vt 0.319333 0.47856
vt 0.295197 0.477218
vt 0.316926 0.470626
vt 0.9375 0.979358
vt 0.953125 0.979358
vt 0.953125 1
vt 0.9375 0.979358
vt 0.953125 1
vt 0.9375 1
vt 0.9375 0.958717
vt 0.953125 0.958717
vt 0.953125 0.979358
vt 0.9375 0.958717
vt 0.953125 0.979358
vt 0.9375 0.979358
vt 0.953125 0.958717
vt 0.96875 0.958717
vt 0.96875 0.979359
vt 0.953125 0.958717
vt 0.96875 0.979359
vt 0.953125 0.979358
vt 0.291665 0.459464
vt 0.270832 0.461515
vt 0.269879 0.451837
vt 0.291665 0.459464
vt 0.269879 0.451837
vt 0.289759 0.44988
vt 0.293571 0.469048
vt 0.271786 0.471193
vt 0.270832 0.461515
vt 0.293571 0.469048
vt 0.270832 0.461515
vt 0.291665 0.459464
vt 0.271786 0.471193
vt 0.25 0.473339
vt 0.25 0.463567
vt 0.271786 0.471193
vt 0.25 0.463567
vt 0.270832 0.461515
vt 0.295197 0.477218
vt 0.272598 0.479444
vt 0.271786 0.471193
vt 0.295197 0.477218
vt 0.271786 0.471193
vt 0.293571 0.469048
vt 0.296822 0.485388
vt 0.273411 0.487694
vt 0.272598 0.479444
vt 0.296822 0.485388
vt 0.272598 0.479444
vt 0.295197 0.477218
vt 0.273411 0.487694
vt 0.25 0.49
vt 0.25 0.48167
vt 0.273411 0.487694
vt 0.25 0.48167
vt 0.272598 0.479444
vt 0.96875 0.979359
vt 0.984227 0.979358
vt 0.984375 1
vt 0.96875 0.979359
vt 0.984375 1
vt 0.96875 1
vt 0.96875 0.958717
vt 0.984078 0.958717
vt 0.984227 0.979358
vt 0.96875 0.958717
vt 0.984227 0.979358
vt 0.96875 0.979359
vt 0.984078 0.958717
vt 0.999407 0.958717
vt 0.999703 0.979358
vt 0.984078 0.958717
vt 0.999703 0.979358
vt 0.984227 0.979358
vt 0.984375 0.5
vt 0.984092 0.710672
vt 0.96875 0.710672
vt 0.984375 0.5
vt 0.96875 0.710672
vt 0.96875 0.5
vt 1 0.5
vt 0.999435 0.710672
vt 0.984092 0.710672
vt 1 0.5
vt 0.984092 0.710672
vt 0.984375 0.5
vt 0.999435 0.710672
vt 0.99887 0.921343
vt 0.98381 0.921343
vt 0.999435 0.710672
vt 0.98381 0.921343
vt 0.984092 0.710672
vt 0.953125 0.5
vt 0.953125 0.710672
vt 0.9375 0.710672
vt 0.953125 0.5
vt 0.9375 0.710672
vt 0.9375 0.5
vt 0.96875 0.5
vt 0.96875 0.710672
vt 0.953125 0.710672
vt 0.96875 0.5
vt 0.953125 0.710672
vt 0.953125 0.5
vt 0.96875 0.710672
vt 0.96875 0.921343
vt 0.953125 0.921343
vt 0.96875 0.710672
vt 0.953125 0.921343
vt 0.953125 0.710672
vt 0.921875 0.5
vt 0.921875 0.710672
vt 0.90625 0.710672
vt 0.921875 0.5
vt 0.90625 0.710672
vt 0.90625 0.5
vt 0.9375 0.5
vt 0.9375 0.710672
vt 0.921875 0.710672
vt 0.9375 0.5
vt 0.921875 0.710672
vt 0.921875 0.5
vt 0.9375 0.710672
vt 0.9375 0.921343
vt 0.921875 0.921343
vt 0.9375 0.710672
vt 0.921875 0.921343
vt 0.921875 0.710672
vt 0.890625 0.5
vt 0.890625 0.710672
vt 0.875 0.710672
vt 0.890625 0.5
vt 0.875 0.710672
vt 0.875 0.5
vt 0.90625 0.5
vt 0.90625 0.710672
vt 0.890625 0.710672
vt 0.90625 0.5
vt 0.890625 0.710672
vt 0.890625 0.5
vt 0.90625 0.710672
vt 0.90625 0.921343
vt 0.890625 0.921343
vt 0.90625 0.710672
vt 0.890625 0.921343
vt 0.890625 0.710672
vt 0.859375 0.5
vt 0.859375 0.710672
vt 0.84375 0.710672
vt 0.859375 0.5
vt 0.84375 0.710672
vt 0.84375 0.5
vt 0.875 0.5
vt 0.875 0.710672
vt 0.859375 0.710672
vt 0.875 0.5
vt 0.859375 0.710672
vt 0.859375 0.5
vt 0.875 0.710672
vt 0.875 0.921343
vt 0.859375 0.921343
vt 0.875 0.710672
vt 0.859375 0.921343
vt 0.859375 0.710672
vt 0.828125 0.5
vt 0.828125 0.710672
vt 0.8125 0.710672
vt 0.828125 0.5
vt 0.8125 0.710672
vt 0.8125 0.5
vt 0.84375 0.5
vt 0.84375 0.710672
vt 0.828125 0.710672
vt 0.84375 0.5
vt 0.828125 0.710672
vt 0.828125 0.5
vt 0.84375 0.710672
vt 0.84375 0.921343
vt 0.828125 0.921343
vt 0.84375 0.710672
vt 0.828125 0.921343
vt 0.828125 0.710672
vt 0.796875 0.5
vt 0.796871 0.71071
vt 0.781242 0.710748
vt 0.796875 0.5
vt 0.781242 0.710748
vt 0.78125 0.5
vt 0.8125 0.5
vt 0.8125 0.710672
vt 0.796871 0.71071
vt 0.8125 0.5
vt 0.796871 0.71071
vt 0.796875 0.5
vt 0.8125 0.710672
vt 0.8125 0.921343
vt 0.796867 0.921419
vt 0.8125 0.710672
vt 0.796867 0.921419
vt 0.796871 0.71071
vt 0.765625 0.5
vt 0.765621 0.710638
vt 0.75 0.710528
vt 0.765625 0.5
vt 0.75 0.710528
vt 0.75 0.5
vt 0.78125 0.5
vt 0.781242 0.710748
vt 0.765621 0.710638
vt 0.78125 0.5
vt 0.765621 0.710638
vt 0.765625 0.5
vt 0.781242 0.710748
vt 0.781234 0.921496
vt 0.765617 0.921276
vt 0.781242 0.710748
vt 0.765617 0.921276
vt 0.765621 0.710638
vt 0.734375 0.5
vt 0.734379 0.710638
vt 0.718758 0.710748
vt 0.734375 0.5
vt 0.718758 0.710748
vt 0.71875 0.5
vt 0.75 0.5
vt 0.75 0.710528
vt 0.734379 0.710638
vt 0.75 0.5
vt 0.734379 0.710638
vt 0.734375 0.5
vt 0.75 0.710528
vt 0.75 0.921056
vt 0.734383 0.921276
vt 0.75 0.710528
vt 0.734383 0.921276
vt 0.734379 0.710638
vt 0.703125 0.5
vt 0.703129 0.71071
vt 0.6875 0.710672
vt 0.703125 0.5
vt 0.6875 0.710672
vt 0.6875 0.5
vt 0.71875 0.5
vt 0.718758 0.710748
vt 0.703129 0.71071
vt 0.71875 0.5
vt 0.703129 0.71071
vt 0.703125 0.5
vt 0.718758 0.710748
vt 0.718766 0.921496
vt 0.703133 0.921419
vt 0.718758 0.710748
vt 0.703133 0.921419
vt 0.703129 0.71071
vt 0.671875 0.5
vt 0.671875 0.710672
vt 0.65625 0.710672
vt 0.671875 0.5
vt 0.65625 0.710672
vt 0.65625 0.5
vt 0.6875 0.5
vt 0.6875 0.710672
vt 0.671875 0.710672
vt 0.6875 0.5
vt 0.671875 0.710672
vt 0.671875 0.5
vt 0.6875 0.710672
vt 0.6875 0.921343
vt 0.671875 0.921343
vt 0.6875 0.710672
vt 0.671875 0.921343
vt 0.671875 0.710672
vt 0.640625 0.5
vt 0.640625 0.710672
vt 0.625 0.710672
vt 0.640625 0.5
vt 0.625 0.710672
vt 0.625 0.5
vt 0.65625 0.5
vt 0.65625 0.710672
vt 0.640625 0.710672
vt 0.65625 0.5
vt 0.640625 0.710672
vt 0.640625 0.5
vt 0.65625 0.710672
vt 0.65625 0.921343
vt 0.640625 0.921343
vt 0.65625 0.710672
vt 0.640625 0.921343
vt 0.640625 0.710672
vt 0.609375 0.5
vt 0.609375 0.710672
vt 0.59375 0.710672
vt 0.609375 0.5
vt 0.59375 0.710672
vt 0.59375 0.5
vt 0.625 0.5
vt 0.625 0.710672
vt 0.609375 0.710672
vt 0.625 0.5
vt 0.609375 0.710672
vt 0.609375 0.5
vt 0.625 0.710672
vt 0.625 0.921343
vt 0.609375 0.921343
vt 0.625 0.710672
vt 0.609375 0.921343
vt 0.609375 0.710672
vt 0.578125 0.5
vt 0.578125 0.710672
vt 0.5625 0.710672
vt 0.578125 0.5
vt 0.5625 0.710672
vt 0.5625 0.5
vt 0.59375 0.5
vt 0.59375 0.710672
vt 0.578125 0.710672
vt 0.59375 0.5
vt 0.578125 0.710672
vt 0.578125 0.5
vt 0.59375 0.710672
vt 0.59375 0.921343
vt 0.578125 0.921343
vt 0.59375 0.710672
vt 0.578125 0.921343
vt 0.578125 0.710672
vt 0.546875 0.5
vt 0.546875 0.710672
vt 0.53125 0.710672
vt 0.546875 0.5
vt 0.53125 0.710672
vt 0.53125 0.5
vt 0.5625 0.5
vt 0.5625 0.710672
vt 0.546875 0.710672
vt 0.5625 0.5
vt 0.546875 0.710672
vt 0.546875 0.5
vt 0.5625 0.710672
vt 0.5625 0.921343
vt 0.546875 0.921343
vt 0.5625 0.710672
vt 0.546875 0.921343
vt 0.546875 0.710672
vt 0.515625 0.5
vt 0.515625 0.710672
vt 0.5 0.710672
vt 0.515625 0.5
vt 0.5 0.710672
vt 0.5 0.5
vt 0.53125 0.5
vt 0.53125 0.710672
vt 0.515625 0.710672
vt 0.53125 0.5
vt 0.515625 0.710672
vt 0.515625 0.5
vt 0.53125 0.710672
vt 0.53125 0.921343
vt 0.515625 0.921343
vt 0.53125 0.710672
vt 0.515625 0.921343
vt 0.515625 0.710672
vt 0.484375 0.5
vt 0.484375 0.710672
vt 0.46875 0.710672
vt 0.484375 0.5
vt 0.46875 0.710672
vt 0.46875 0.5
vt 0.5 0.5
vt 0.5 0.710672
vt 0.484375 0.710672
vt 0.5 0.5
vt 0.484375 0.710672
vt 0.484375 0.5
vt 0.5 0.710672
vt 0.5 0.921343
vt 0.484375 0.921343
vt 0.5 0.710672
vt 0.484375 0.921343
vt 0.484375 0.710672
vt 0.453125 0.5
vt 0.453125 0.710672
vt 0.4375 0.710672
vt 0.453125 0.5
vt 0.4375 0.710672
vt 0.4375 0.5
vt 0.46875 0.5
vt 0.46875 0.710672
vt 0.453125 0.710672
vt 0.46875 0.5
vt 0.453125 0.710672
vt 0.453125 0.5
vt 0.46875 0.710672
vt 0.46875 0.921343
vt 0.453125 0.921343
vt 0.46875 0.710672
vt 0.453125 0.921343
vt 0.453125 0.710672
vt 0.421875 0.5
vt 0.421875 0.710672
vt 0.40625 0.710672
vt 0.421875 0.5
vt 0.40625 0.710672
vt 0.40625 0.5
vt 0.4375 0.5
vt 0.4375 0.710672
vt 0.421875 0.710672
vt 0.4375 0.5
vt 0.421875 0.710672
vt 0.421875 0.5
vt 0.4375 0.710672
vt 0.4375 0.921343
vt 0.421875 0.921343
vt 0.4375 0.710672
vt 0.421875 0.921343
vt 0.421875 0.710672
vt 0.390625 0.5
vt 0.390625 0.710672
vt 0.375 0.710672
vt 0.390625 0.5
vt 0.375 0.710672
vt 0.375 0.5
vt 0.40625 0.5
vt 0.40625 0.710672
vt 0.390625 0.710672
vt 0.40625 0.5
vt 0.390625 0.710672
vt 0.390625 0.5
vt 0.40625 0.710672
vt 0.40625 0.921343
vt 0.390625 0.921343
vt 0.40625 0.710672
vt 0.390625 0.921343
vt 0.390625 0.710672
vt 0.359375 0.5
vt 0.359375 0.710672
vt 0.34375 0.710671
vt 0.359375 0.5
vt 0.34375 0.710671
vt 0.34375 0.5
vt 0.375 0.5
vt 0.375 0.710672
vt 0.359375 0.710672
vt 0.375 0.5
vt 0.359375 0.710672
vt 0.359375 0.5
vt 0.375 0.710672
vt 0.375 0.921343
vt 0.359375 0.921343
vt 0.375 0.710672
vt 0.359375 0.921343
vt 0.359375 0.710672
vt 0.328125 0.5
vt 0.328125 0.710671
vt 0.3125 0.710672
vt 0.328125 0.5
vt 0.3125 0.710672
vt 0.3125 0.5
vt 0.34375 0.5
vt 0.34375 0.710671
vt 0.328125 0.710671
vt 0.34375 0.5
vt 0.328125 0.710671
vt 0.328125 0.5
vt 0.34375 0.710671
vt 0.34375 0.921343
vt 0.328125 0.921343
vt 0.34375 0.710671
vt 0.328125 0.921343
vt 0.328125 0.710671
vt 0.296875 0.5
vt 0.296875 0.710672
vt 0.28125 0.710672
vt 0.296875 0.5
vt 0.28125 0.710672
vt 0.28125 0.5
vt 0.3125 0.5
vt 0.3125 0.710672
vt 0.296875 0.710672
vt 0.3125 0.5
vt 0.296875 0.710672
vt 0.296875 0.5
vt 0.3125 0.710672
vt 0.3125 0.921343
vt 0.296875 0.921343
vt 0.3125 0.710672
vt 0.296875 0.921343
vt 0.296875 0.710672
vt 0.265625 0.5
vt 0.265625 0.710672
vt 0.25 0.710672
vt 0.265625 0.5
vt 0.25 0.710672
vt 0.25 0.5
vt 0.28125 0.5
vt 0.28125 0.710672
vt 0.265625 0.710672
vt 0.28125 0.5
vt 0.265625 0.710672
vt 0.265625 0.5
vt 0.28125 0.710672
vt 0.28125 0.921343
vt 0.265625 0.921343
vt 0.28125 0.710672
vt 0.265625 0.921343
vt 0.265625 0.710672
vt 0.234375 0.5
vt 0.234375 0.710672
vt 0.21875 0.710672
vt 0.234375 0.5
vt 0.21875 0.710672
vt 0.21875 0.5
vt 0.25 0.5
vt 0.25 0.710672
vt 0.234375 0.710672
vt 0.25 0.5
vt 0.234375 0.710672
vt 0.234375 0.5
vt 0.25 0.710672
vt 0.25 0.921343
vt 0.234375 0.921343
vt 0.25 0.710672
vt 0.234375 0.921343
vt 0.234375 0.710672
vt 0.203125 0.5
vt 0.203125 0.710672
vt 0.1875 0.710672
vt 0.203125 0.5
vt 0.1875 0.710672
vt 0.1875 0.5
vt 0.21875 0.5
vt 0.21875 0.710672
vt 0.203125 0.710672
vt 0.21875 0.5
vt 0.203125 0.710672
vt 0.203125 0.5
vt 0.21875 0.710672
vt 0.21875 0.921343
vt 0.203125 0.921343
vt 0.21875 0.710672
vt 0.203125 0.921343
vt 0.203125 0.710672
vt 0.171875 0.5
vt 0.171875 0.710671
vt 0.15625 0.710671
vt 0.171875 0.5
vt 0.15625 0.710671
vt 0.15625 0.5
vt 0.1875 0.5
vt 0.1875 0.710672
vt 0.171875 0.710671
vt 0.1875 0.5
vt 0.171875 0.710671
vt 0.171875 0.5
vt 0.1875 0.710672
vt 0.1875 0.921343
vt 0.171875 0.921343
vt 0.1875 0.710672
vt 0.171875 0.921343
vt 0.171875 0.710671
vt 0.140625 0.5
vt 0.140625 0.710671
vt 0.125 0.710672
vt 0.140625 0.5
vt 0.125 0.710672
vt 0.125 0.5
vt 0.15625 0.5
vt 0.15625 0.710671
vt 0.140625 0.710671
vt 0.15625 0.5
vt 0.140625 0.710671
vt 0.140625 0.5
vt 0.15625 0.710671
vt 0.15625 0.921343
vt 0.140625 0.921343
vt 0.15625 0.710671
vt 0.140625 0.921343
vt 0.140625 0.710671
vt 0.109375 0.5
vt 0.109375 0.710672
vt 0.09375 0.710672
vt 0.109375 0.5
vt 0.09375 0.710672
vt 0.09375 0.5
vt 0.125 0.5
vt 0.125 0.710672
vt 0.109375 0.710672
vt 0.125 0.5
vt 0.109375 0.710672
vt 0.109375 0.5
vt 0.125 0.710672
vt 0.125 0.921343
vt 0.109375 0.921343
vt 0.125 0.710672
vt 0.109375 0.921343
vt 0.109375 0.710672
vt 0.078125 0.5
vt 0.078125 0.710672
vt 0.0625 0.710672
vt 0.078125 0.5
vt 0.0625 0.710672
vt 0.0625 0.5
vt 0.09375 0.5
vt 0.09375 0.710672
vt 0.078125 0.710672
vt 0.09375 0.5
vt 0.078125 0.710672
vt 0.078125 0.5
vt 0.09375 0.710672
vt 0.09375 0.921343
vt 0.078125 0.921343
vt 0.09375 0.710672
vt 0.078125 0.921343
vt 0.078125 0.710672
vt 0.046875 0.5
vt 0.046875 0.710672
vt 0.03125 0.710672
vt 0.046875 0.5
vt 0.03125 0.710672
vt 0.03125 0.5
vt 0.0625 0.5
vt 0.0625 0.710672
vt 0.046875 0.710672
vt 0.0625 0.5
vt 0.046875 0.710672
vt 0.046875 0.5
vt 0.0625 0.710672
vt 0.0625 0.921343
vt 0.046875 0.921343
vt 0.0625 0.710672
vt 0.046875 0.921343
vt 0.046875 0.710672
vt 0.015625 0.5
vt 0.0159075 0.710672
vt 0.000564963 0.710672
vt 0.015625 0.5
vt 0.000564963 0.710672
vt 0 0.5
vt 0.03125 0.5
vt 0.03125 0.710672
vt 0.0159075 0.710672
vt 0.03125 0.5
vt 0.0159075 0.710672
vt 0.015625 0.5
vt 0.03125 0.710672
vt 0.03125 0.921343
vt 0.01619 0.921343
vt 0.03125 0.710672
vt 0.01619 0.921343
vt 0.0159075 0.710672
vt 0.0764531 0.284521
vt 0.0814877 0.301118
vt 0.0814877 0.301118
vt 0.0764531 0.284521
vt 0.0814877 0.301118
vt 0.0764531 0.284521
vt 0.0764531 0.284521
vt 0.0814877 0.301118
vt 0.0814877 0.301118
vt 0.0764531 0.284521
vt 0.0814877 0.301118
vt 0.0764531 0.284521
vt 0.0814877 0.301118
vt 0.0865223 0.317715
vt 0.0865223 0.317715
vt 0.0814877 0.301118
vt 0.0865223 0.317715
vt 0.0814877 0.301118
vt 0.408085 0.144371
vt 0.41687 0.160806
vt 0.41687 0.160806
vt 0.408085 0.144371
vt 0.41687 0.160806
vt 0.408085 0.144371
vt 0.408085 0.144371
vt 0.41687 0.160806
vt 0.41687 0.160806
vt 0.408085 0.144371
vt 0.41687 0.160806
vt 0.408085 0.144371
vt 0.41687 0.160806
vt 0.425655 0.177241
vt 0.425655 0.177241
vt 0.41687 0.160806
vt 0.425655 0.177241
vt 0.41687 0.160806
vt 0.0730531 0.25
vt 0.0747531 0.26726
vt 0.0747531 0.26726
vt 0.0730531 0.25
vt 0.0747531 0.26726
vt 0.0730531 0.25
vt 0.0730531 0.25
vt 0.0747531 0.26726
vt 0.0747531 0.26726
vt 0.0730531 0.25
vt 0.0747531 0.26726
vt 0.0730531 0.25
vt 0.0747531 0.26726
vt 0.0764531 0.284521
vt 0.0764531 0.284521
vt 0.0747531 0.26726
vt 0.0764531 0.284521
vt 0.0747531 0.26726
vt 0.425655 0.177241
vt 0.431065 0.195075
vt 0.431065 0.195075
vt 0.425655 0.177241
vt 0.431065 0.195075
vt 0.425655 0.177241
vt 0.425655 0.177241
vt 0.431065 0.195075
vt 0.431065 0.195075
vt 0.425655 0.177241
vt 0.431065 0.195075
vt 0.425655 0.177241
vt 0.431065 0.195075
vt 0.436475 0.212908
vt 0.436475 0.212908
vt 0.431065 0.195075
vt 0.436475 0.212908
vt 0.431065 0.195075
vt 0.0764531 0.215479
vt 0.0747531 0.23274
vt 0.0747531 0.23274
vt 0.0764531 0.215479
vt 0.0747531 0.23274
vt 0.0764531 0.215479
vt 0.0764531 0.215479
vt 0.0747531 0.23274
vt 0.0747531 0.23274
vt 0.0764531 0.215479
vt 0.0747531 0.23274
vt 0.0764531 0.215479
vt 0.0747531 0.23274
vt 0.0730531 0.25
vt 0.0730531 0.25
vt 0.0747531 0.23274
vt 0.0730531 0.25
vt 0.0747531 0.23274
vt 0.436475 0.212908
vt 0.438301 0.231454
vt 0.438301 0.231454
vt 0.436475 0.212908
vt 0.438301 0.231454
vt 0.436475 0.212908
vt 0.436475 0.212908
vt 0.438301 0.231454
vt 0.438301 0.231454
vt 0.436475 0.212908
vt 0.438301 0.231454
vt 0.436475 0.212908
vt 0.438301 0.231454
vt 0.440128 0.25
vt 0.440128 0.25
vt 0.438301 0.231454
vt 0.440128 0.25
vt 0.438301 0.231454
vt 0.0865223 0.182285
vt 0.0814877 0.198882
vt 0.0814877 0.198882
vt 0.0865223 0.182285
vt 0.0814877 0.198882
vt 0.0865223 0.182285
vt 0.0865223 0.182285
vt 0.0814877 0.198882
vt 0.0814877 0.198882
vt 0.0865223 0.182285
vt 0.0814877 0.198882
vt 0.0865223 0.182285
vt 0.0814877 0.198882
vt 0.0764531 0.215479
vt 0.0764531 0.215479
vt 0.0814877 0.198882
vt 0.0764531 0.215479
vt 0.0814877 0.198882
vt 0.440128 0.25
vt 0.438301 0.268546
vt 0.438301 0.268546
vt 0.440128 0.25
vt 0.438301 0.268546
vt 0.440128 0.25
vt 0.440128 0.25
vt 0.438301 0.268546
vt 0.438301 0.268546
vt 0.440128 0.25
vt 0.438301 0.268546
vt 0.440128 0.25
vt 0.438301 0.268546
vt 0.436475 0.287092
vt 0.436475 0.287092
vt 0.438301 0.268546
vt 0.436475 0.287092
vt 0.438301 0.268546
vt 0.102874 0.151694
vt 0.0946982 0.166989
vt 0.0946982 0.166989
vt 0.102874 0.151694
vt 0.0946982 0.166989
vt 0.102874 0.151694
vt 0.102874 0.151694
vt 0.0946982 0.166989
vt 0.0946982 0.166989
vt 0.102874 0.151694
vt 0.0946982 0.166989
vt 0.102874 0.151694
vt 0.0946982 0.166989
vt 0.0865223 0.182285
vt 0.0865223 0.182285
vt 0.0946982 0.166989
vt 0.0865223 0.182285
vt 0.0946982 0.166989
vt 0.436475 0.287092
vt 0.431065 0.304925
vt 0.431065 0.304925
vt 0.436475 0.287092
vt 0.431065 0.304925
vt 0.436475 0.287092
vt 0.436475 0.287092
vt 0.431065 0.304925
vt 0.431065 0.304925
vt 0.436475 0.287092
vt 0.431065 0.304925
vt 0.436475 0.287092
vt 0.431065 0.304925
vt 0.425655 0.322759
vt 0.425655 0.322759
vt 0.431065 0.304925
vt 0.425655 0.322759
vt 0.431065 0.304925
vt 0.12488 0.12488
vt 0.113877 0.138287
vt 0.113877 0.138287
vt 0.12488 0.12488
vt 0.113877 0.138287
vt 0.12488 0.12488
vt 0.12488 0.12488
vt 0.113877 0.138287
vt 0.113877 0.138287
vt 0.12488 0.12488
vt 0.113877 0.138287
vt 0.12488 0.12488
vt 0.113877 0.138287
vt 0.102874 0.151694
vt 0.102874 0.151694
vt 0.113877 0.138287
vt 0.102874 0.151694
vt 0.113877 0.138287
vt 0.425655 0.322759
vt 0.41687 0.339194
vt 0.41687 0.339194
vt 0.425655 0.322759
vt 0.41687 0.339194
vt 0.425655 0.322759
vt 0.425655 0.322759
vt 0.41687 0.339194
vt 0.41687 0.339194
vt 0.425655 0.322759
vt 0.41687 0.339194
vt 0.425655 0.322759
vt 0.41687 0.339194
vt 0.408085 0.35563
vt 0.408085 0.35563
vt 0.41687 0.339194
vt 0.408085 0.35563
vt 0.41687 0.339194
vt 0.25 0.440128
vt 0.231454 0.438301
vt 0.231454 0.438301
vt 0.25 0.440128
vt 0.231454 0.438301
vt 0.25 0.440128
vt 0.25 0.440128
vt 0.231454 0.438301
vt 0.231454 0.438301
vt 0.25 0.440128
vt 0.231454 0.438301
vt 0.25 0.440128
vt 0.231454 0.438301
vt 0.212908 0.436474
vt 0.212908 0.436474
vt 0.231454 0.438301
vt 0.212908 0.436474
vt 0.231454 0.438301
vt 0.151694 0.102874
vt 0.138287 0.113877
vt 0.138287 0.113877
vt 0.151694 0.102874
vt 0.138287 0.113877
vt 0.151694 0.102874
vt 0.151694 0.102874
vt 0.138287 0.113877
vt 0.138287 0.113877
vt 0.151694 0.102874
vt 0.138287 0.113877
vt 0.151694 0.102874
vt 0.138287 0.113877
vt 0.12488 0.12488
vt 0.12488 0.12488
vt 0.138287 0.113877
vt 0.12488 0.12488
vt 0.138287 0.113877
vt 0.408085 0.35563
vt 0.396263 0.370035
vt 0.396263 0.370035
vt 0.408085 0.35563
vt 0.396263 0.370035
vt 0.408085 0.35563
vt 0.408085 0.35563
vt 0.396263 0.370035
vt 0.396263 0.370035
vt 0.408085 0.35563
vt 0.396263 0.370035
vt 0.408085 0.35563
vt 0.396263 0.370035
vt 0.384441 0.384441
vt 0.384441 0.384441
vt 0.396263 0.370035
vt 0.384441 0.384441
vt 0.396263 0.370035
vt 0.212908 0.436474
vt 0.195075 0.431065
vt 0.195075 0.431065
vt 0.212908 0.436474
vt 0.195075 0.431065
vt 0.212908 0.436474
vt 0.212908 0.436474
vt 0.195075 0.431065
vt 0.195075 0.431065
vt 0.212908 0.436474
vt 0.195075 0.431065
vt 0.212908 0.436474
vt 0.195075 0.431065
vt 0.177241 0.425655
vt 0.177241 0.425655
vt 0.195075 0.431065
vt 0.177241 0.425655
vt 0.195075 0.431065
vt 0.182285 0.0865223
vt 0.166989 0.0946981
vt 0.166989 0.0946981
vt 0.182285 0.0865223
vt 0.166989 0.0946981
vt 0.182285 0.0865223
vt 0.182285 0.0865223
vt 0.166989 0.0946981
vt 0.166989 0.0946981
vt 0.182285 0.0865223
vt 0.166989 0.0946981
vt 0.182285 0.0865223
vt 0.166989 0.0946981
vt 0.151694 0.102874
vt 0.151694 0.102874
vt 0.166989 0.0946981
vt 0.151694 0.102874
vt 0.166989 0.0946981
vt 0.384441 0.384441
vt 0.370035 0.396263
vt 0.370035 0.396263
vt 0.384441 0.384441
vt 0.370035 0.396263
vt 0.384441 0.384441
vt 0.384441 0.384441
vt 0.370035 0.396263
vt 0.370035 0.396263
vt 0.384441 0.384441
vt 0.370035 0.396263
vt 0.384441 0.384441
vt 0.370035 0.396263
vt 0.355629 0.408086
vt 0.355629 0.408086
vt 0.370035 0.396263
vt 0.355629 0.408086
vt 0.370035 0.396263
vt 0.177241 0.425655
vt 0.160806 0.41687
vt 0.160806 0.41687
vt 0.177241 0.425655
vt 0.160806 0.41687
vt 0.177241 0.425655
vt 0.177241 0.425655
vt 0.160806 0.41687
vt 0.160806 0.41687
vt 0.177241 0.425655
vt 0.160806 0.41687
vt 0.177241 0.425655
vt 0.160806 0.41687
vt 0.144371 0.408085
vt 0.144371 0.408085
vt 0.160806 0.41687
vt 0.144371 0.408085
vt 0.160806 0.41687
vt 0.215479 0.076453
vt 0.198882 0.0814877
vt 0.198882 0.0814877
vt 0.215479 0.076453
vt 0.198882 0.0814877
vt 0.215479 0.076453
vt 0.215479 0.076453
vt 0.198882 0.0814877
vt 0.198882 0.0814877
vt 0.215479 0.076453
vt 0.198882 0.0814877
vt 0.215479 0.076453
vt 0.198882 0.0814877
vt 0.182285 0.0865223
vt 0.182285 0.0865223
vt 0.198882 0.0814877
vt 0.182285 0.0865223
vt 0.198882 0.0814877
vt 0.355629 0.408086
vt 0.339194 0.41687
vt 0.339194 0.41687
vt 0.355629 0.408086
vt 0.339194 0.41687
vt 0.355629 0.408086
vt 0.355629 0.408086
vt 0.339194 0.41687
vt 0.339194 0.41687
vt 0.355629 0.408086
vt 0.339194 0.41687
vt 0.355629 0.408086
vt 0.339194 0.41687
vt 0.322759 0.425655
vt 0.322759 0.425655
vt 0.339194 0.41687
vt 0.322759 0.425655
vt 0.339194 0.41687
vt 0.144371 0.408085
vt 0.129965 0.396263
vt 0.129965 0.396263
vt 0.144371 0.408085
vt 0.129965 0.396263
vt 0.144371 0.408085
vt 0.144371 0.408085
vt 0.129965 0.396263
vt 0.129965 0.396263
vt 0.144371 0.408085
vt 0.129965 0.396263
vt 0.144371 0.408085
vt 0.129965 0.396263
vt 0.115559 0.384441
vt 0.115559 0.384441
vt 0.129965 0.396263
vt 0.115559 0.384441
vt 0.129965 0.396263
vt 0.25 0.0730531
vt 0.23274 0.0747531
vt 0.23274 0.0747531
vt 0.25 0.0730531
vt 0.23274 0.0747531
vt 0.25 0.0730531
vt 0.25 0.0730531
vt 0.23274 0.0747531
vt 0.23274 0.0747531
vt 0.25 0.0730531
vt 0.23274 0.0747531
vt 0.25 0.0730531
vt 0.23274 0.0747531
vt 0.215479 0.076453
vt 0.215479 0.076453
vt 0.23274 0.0747531
vt 0.215479 0.076453
vt 0.23274 0.0747531
vt 0.322759 0.425655
vt 0.304926 0.431065
vt 0.304926 0.431065
vt 0.322759 0.425655
vt 0.304926 0.431065
vt 0.322759 0.425655
vt 0.322759 0.425655
vt 0.304926 0.431065
vt 0.304926 0.431065
vt 0.322759 0.425655
vt 0.304926 0.431065
vt 0.322759 0.425655
vt 0.304926 0.431065
vt 0.287092 0.436474
vt 0.287092 0.436474
vt 0.304926 0.431065
vt 0.287092 0.436474
vt 0.304926 0.431065
vt 0.115559 0.384441
vt 0.103737 0.370035
vt 0.103737 0.370035
vt 0.115559 0.384441
vt 0.103737 0.370035
vt 0.115559 0.384441
vt 0.115559 0.384441
vt 0.103737 0.370035
vt 0.103737 0.370035
vt 0.115559 0.384441
vt 0.103737 0.370035
vt 0.115559 0.384441
vt 0.103737 0.370035
vt 0.0919145 0.355629
vt 0.0919145 0.355629
vt 0.103737 0.370035
vt 0.0919145 0.355629
vt 0.103737 0.370035
vt 0.284521 0.0764531
vt 0.26726 0.0747531
vt 0.26726 0.0747531
vt 0.284521 0.0764531
vt 0.26726 0.0747531
vt 0.284521 0.0764531
vt 0.284521 0.0764531
vt 0.26726 0.0747531
vt 0.26726 0.0747531
vt 0.284521 0.0764531
vt 0.26726 0.0747531
vt 0.284521 0.0764531
vt 0.26726 0.0747531
vt 0.25 0.0730531
vt 0.25 0.0730531
vt 0.26726 0.0747531
vt 0.25 0.0730531
vt 0.26726 0.0747531
vt 0.287092 0.436474
vt 0.268546 0.438301
vt 0.268546 0.438301
vt 0.287092 0.436474
vt 0.268546 0.438301
vt 0.287092 0.436474
vt 0.287092 0.436474
vt 0.268546 0.438301
vt 0.268546 0.438301
vt 0.287092 0.436474
vt 0.268546 0.438301
vt 0.287092 0.436474
vt 0.268546 0.438301
vt 0.25 0.440128
vt 0.25 0.440128
vt 0.268546 0.438301
vt 0.25 0.440128
vt 0.268546 0.438301
vt 0.0919145 0.355629
vt 0.0831297 0.339194
vt 0.0831297 0.339194
vt 0.0919145 0.355629
vt 0.0831297 0.339194
vt 0.0919145 0.355629
vt 0.0919145 0.355629
vt 0.0831297 0.339194
vt 0.0831297 0.339194
vt 0.0919145 0.355629
vt 0.0831297 0.339194
vt 0.0919145 0.355629
vt 0.0831297 0.339194
vt 0.0743448 0.322759
vt 0.0743448 0.322759
vt 0.0831297 0.339194
vt 0.0743448 0.322759
vt 0.0831297 0.339194
vt 0.317715 0.0865223
vt 0.301118 0.0814877
vt 0.301118 0.0814877
vt 0.317715 0.0865223
vt 0.301118 0.0814877
vt 0.317715 0.0865223
vt 0.317715 0.0865223
vt 0.301118 0.0814877
vt 0.301118 0.0814877
vt 0.317715 0.0865223
vt 0.301118 0.0814877
vt 0.317715 0.0865223
vt 0.301118 0.0814877
vt 0.284521 0.0764531
vt 0.284521 0.0764531
vt 0.301118 0.0814877
vt 0.284521 0.0764531
vt 0.301118 0.0814877
vt 0.0743448 0.322759
vt 0.0689351 0.304925
vt 0.0689351 0.304925
vt 0.0743448 0.322759
vt 0.0689351 0.304925
vt 0.0743448 0.322759
vt 0.0743448 0.322759
vt 0.0689351 0.304925
vt 0.0689351 0.304925
vt 0.0743448 0.322759
vt 0.0689351 0.304925
vt 0.0743448 0.322759
vt 0.0689351 0.304925
vt 0.0635255 0.287092
vt 0.0635255 0.287092
vt 0.0689351 0.304925
vt 0.0635255 0.287092
vt 0.0689351 0.304925
vt 0.348306 0.102874
vt 0.333011 0.0946981
vt 0.333011 0.0946981
vt 0.348306 0.102874
vt 0.333011 0.0946981
vt 0.348306 0.102874
vt 0.348306 0.102874
vt 0.333011 0.0946981
vt 0.333011 0.0946981
vt 0.348306 0.102874
vt 0.333011 0.0946981
vt 0.348306 0.102874
vt 0.333011 0.0946981
vt 0.317715 0.0865223
vt 0.317715 0.0865223
vt 0.333011 0.0946981
vt 0.317715 0.0865223
vt 0.333011 0.0946981
vt 0.0635255 0.287092
vt 0.0616989 0.268546
vt 0.0616989 0.268546
vt 0.0635255 0.287092
vt 0.0616989 0.268546
vt 0.0635255 0.287092
vt 0.0635255 0.287092
vt 0.0616989 0.268546
vt 0.0616989 0.268546
vt 0.0635255 0.287092
vt 0.0616989 0.268546
vt 0.0635255 0.287092
vt 0.0616989 0.268546
vt 0.0598723 0.25
vt 0.0598723 0.25
vt 0.0616989 0.268546
vt 0.0598723 0.25
vt 0.0616989 0.268546
vt 0.214193 0.430011
vt 0.232097 0.431774
vt 0.231454 0.438301
vt 0.214193 0.430011
vt 0.231454 0.438301
vt 0.212908 0.436474
vt 0.215479 0.423547
vt 0.23274 0.425247
vt 0.232097 0.431774
vt 0.215479 0.423547
vt 0.232097 0.431774
vt 0.214193 0.430011
vt 0.23274 0.425247
vt 0.25 0.426947
vt 0.25 0.433537
vt 0.23274 0.425247
vt 0.25 0.433537
vt 0.232097 0.431774
vt 0.179763 0.419566
vt 0.196978 0.424789
vt 0.195075 0.431065
vt 0.179763 0.419566
vt 0.195075 0.431065
vt 0.177241 0.425655
vt 0.182285 0.413478
vt 0.198882 0.418512
vt 0.196978 0.424789
vt 0.182285 0.413478
vt 0.196978 0.424789
vt 0.179763 0.419566
vt 0.198882 0.418512
vt 0.215479 0.423547
vt 0.214193 0.430011
vt 0.198882 0.418512
vt 0.214193 0.430011
vt 0.196978 0.424789
vt 0.148032 0.402606
vt 0.163898 0.411086
vt 0.160806 0.41687
vt 0.148032 0.402606
vt 0.160806 0.41687
vt 0.144371 0.408085
vt 0.151694 0.397126
vt 0.166989 0.405302
vt 0.163898 0.411086
vt 0.151694 0.397126
vt 0.163898 0.411086
vt 0.148032 0.402606
vt 0.166989 0.405302
vt 0.182285 0.413478
vt 0.179763 0.419566
vt 0.166989 0.405302
vt 0.179763 0.419566
vt 0.163898 0.411086
vt 0.120219 0.379781
vt 0.134126 0.391193
vt 0.129965 0.396263
vt 0.120219 0.379781
vt 0.129965 0.396263
vt 0.115559 0.384441
vt 0.12488 0.37512
vt 0.138287 0.386123
vt 0.134126 0.391193
vt 0.12488 0.37512
vt 0.134126 0.391193
vt 0.120219 0.379781
vt 0.138287 0.386123
vt 0.151694 0.397126
vt 0.148032 0.402606
vt 0.138287 0.386123
vt 0.148032 0.402606
vt 0.134126 0.391193
vt 0.0973942 0.351968
vt 0.108807 0.365874
vt 0.103737 0.370035
vt 0.0973942 0.351968
vt 0.103737 0.370035
vt 0.0919145 0.355629
vt 0.102874 0.348306
vt 0.113877 0.361713
vt 0.108807 0.365874
vt 0.102874 0.348306
vt 0.108807 0.365874
vt 0.0973942 0.351968
vt 0.113877 0.361713
vt 0.12488 0.37512
vt 0.120219 0.379781
vt 0.113877 0.361713
vt 0.120219 0.379781
vt 0.108807 0.365874
vt 0.0804336 0.320237
vt 0.0889139 0.336102
vt 0.0831297 0.339194
vt 0.0804336 0.320237
vt 0.0831297 0.339194
vt 0.0743448 0.322759
vt 0.0865223 0.317715
vt 0.0946981 0.333011
vt 0.0889139 0.336102
vt 0.0865223 0.317715
vt 0.0889139 0.336102
vt 0.0804336 0.320237
vt 0.0946981 0.333011
vt 0.102874 0.348306
vt 0.0973942 0.351968
vt 0.0946981 0.333011
vt 0.0973942 0.351968
vt 0.0889139 0.336102
vt 0.0699893 0.285806
vt 0.0752114 0.303022
vt 0.0689351 0.304925
vt 0.0699893 0.285806
vt 0.0689351 0.304925
vt 0.0635255 0.287092
vt 0.0764531 0.284521
vt 0.0814877 0.301118
vt 0.0752114 0.303022
vt 0.0764531 0.284521
vt 0.0752114 0.303022
vt 0.0699893 0.285806
vt 0.0814877 0.301118
vt 0.0865223 0.317715
vt 0.0804336 0.320237
vt 0.0814877 0.301118
vt 0.0804336 0.320237
vt 0.0752114 0.303022
vt 0.0664627 0.25
vt 0.068226 0.267903
vt 0.0616989 0.268546
vt 0.0664627 0.25
vt 0.0616989 0.268546
vt 0.0598723 0.25
vt 0.0730531 0.25
vt 0.0747531 0.26726
vt 0.068226 0.267903
vt 0.0730531 0.25
vt 0.068226 0.267903
vt 0.0664627 0.25
vt 0.0747531 0.26726
vt 0.0764531 0.284521
vt 0.0699893 0.285806
vt 0.0747531 0.26726
vt 0.0699893 0.285806
vt 0.068226 0.267903
vt 0.0699893 0.214194
vt 0.068226 0.232097
vt 0.0616989 0.231454
vt 0.0699893 0.214194
vt 0.0616989 0.231454
vt 0.0635255 0.212908
vt 0.0764531 0.215479
vt 0.0747531 0.23274
vt 0.068226 0.232097
vt 0.0764531 0.215479
vt 0.068226 0.232097
vt 0.0699893 0.214194
vt 0.0747531 0.23274
vt 0.0730531 0.25
vt 0.0664627 0.25
vt 0.0747531 0.23274
vt 0.0664627 0.25
vt 0.068226 0.232097
vt 0.0804336 0.179763
vt 0.0752114 0.196978
vt 0.0689352 0.195075
vt 0.0804336 0.179763
vt 0.0689352 0.195075
vt 0.0743448 0.177241
vt 0.0865223 0.182285
vt 0.0814877 0.198882
vt 0.0752114 0.196978
vt 0.0865223 0.182285
vt 0.0752114 0.196978
vt 0.0804336 0.179763
vt 0.0814877 0.198882
vt 0.0764531 0.215479
vt 0.0699893 0.214194
vt 0.0814877 0.198882
vt 0.0699893 0.214194
vt 0.0752114 0.196978
vt 0.0973942 0.148032
vt 0.0889139 0.163898
vt 0.0831297 0.160806
vt 0.0973942 0.148032
vt 0.0831297 0.160806
vt 0.0919145 0.144371
vt 0.102874 0.151694
vt 0.0946982 0.166989
vt 0.0889139 0.163898
vt 0.102874 0.151694
vt 0.0889139 0.163898
vt 0.0973942 0.148032
vt 0.0946982 0.166989
vt 0.0865223 0.182285
vt 0.0804336 0.179763
vt 0.0946982 0.166989
vt 0.0804336 0.179763
vt 0.0889139 0.163898
vt 0.120219 0.120219
vt 0.108807 0.134126
vt 0.103737 0.129965
vt 0.120219 0.120219
vt 0.103737 0.129965
vt 0.115559 0.115559
vt 0.12488 0.12488
vt 0.113877 0.138287
vt 0.108807 0.134126
vt 0.12488 0.12488
vt 0.108807 0.134126
vt 0.120219 0.120219
vt 0.113877 0.138287
vt 0.102874 0.151694
vt 0.0973942 0.148032
vt 0.113877 0.138287
vt 0.0973942 0.148032
vt 0.108807 0.134126
vt 0.148032 0.0973942
vt 0.134126 0.108807
vt 0.129965 0.103737
vt 0.148032 0.0973942
vt 0.129965 0.103737
vt 0.144371 0.0919145
vt 0.151694 0.102874
vt 0.138287 0.113877
vt 0.134126 0.108807
vt 0.151694 0.102874
vt 0.134126 0.108807
vt 0.148032 0.0973942
vt 0.138287 0.113877
vt 0.12488 0.12488
vt 0.120219 0.120219
vt 0.138287 0.113877
vt 0.120219 0.120219
vt 0.134126 0.108807
vt 0.179763 0.0804335
vt 0.163898 0.0889139
vt 0.160806 0.0831296
vt 0.179763 0.0804335
vt 0.160806 0.0831296
vt 0.177241 0.0743448
vt 0.182285 0.0865223
vt 0.166989 0.0946981
vt 0.163898 0.0889139
vt 0.182285 0.0865223
vt 0.163898 0.0889139
vt 0.179763 0.0804335
vt 0.166989 0.0946981
vt 0.151694 0.102874
vt 0.148032 0.0973942
vt 0.166989 0.0946981
vt 0.148032 0.0973942
vt 0.163898 0.0889139
vt 0.214193 0.0699892
vt 0.196978 0.0752114
vt 0.195075 0.0689351
vt 0.214193 0.0699892
vt 0.195075 0.0689351
vt 0.212908 0.0635255
vt 0.215479 0.076453
vt 0.198882 0.0814877
vt 0.196978 0.0752114
vt 0.215479 0.076453
vt 0.196978 0.0752114
vt 0.214193 0.0699892
vt 0.198882 0.0814877
vt 0.182285 0.0865223
vt 0.179763 0.0804335
vt 0.198882 0.0814877
vt 0.179763 0.0804335
vt 0.196978 0.0752114
vt 0.25 0.0664627
vt 0.232097 0.068226
vt 0.231454 0.0616989
vt 0.25 0.0664627
vt 0.231454 0.0616989
vt 0.25 0.0598723
vt 0.25 0.0730531
vt 0.23274 0.0747531
vt 0.232097 0.068226
vt 0.25 0.0730531
vt 0.232097 0.068226
vt 0.25 0.0664627
vt 0.23274 0.0747531
vt 0.215479 0.076453
vt 0.214193 0.0699892
vt 0.23274 0.0747531
vt 0.214193 0.0699892
vt 0.232097 0.068226
vt 0.285806 0.0699893
vt 0.267903 0.068226
vt 0.268546 0.0616989
vt 0.285806 0.0699893
vt 0.268546 0.0616989
vt 0.287092 0.0635255
vt 0.284521 0.0764531
vt 0.26726 0.0747531
vt 0.267903 0.068226
vt 0.284521 0.0764531
vt 0.267903 0.068226
vt 0.285806 0.0699893
vt 0.26726 0.0747531
vt 0.25 0.0730531
vt 0.25 0.0664627
vt 0.26726 0.0747531
vt 0.25 0.0664627
vt 0.267903 0.068226
vt 0.320237 0.0804336
vt 0.303022 0.0752114
vt 0.304926 0.0689351
vt 0.320237 0.0804336
vt 0.304926 0.0689351
vt 0.322759 0.0743448
vt 0.317715 0.0865223
vt 0.301118 0.0814877
vt 0.303022 0.0752114
vt 0.317715 0.0865223
vt 0.303022 0.0752114
vt 0.320237 0.0804336
vt 0.301118 0.0814877
vt 0.284521 0.0764531
vt 0.285806 0.0699893
vt 0.301118 0.0814877
vt 0.285806 0.0699893
vt 0.303022 0.0752114
vt 0.351968 0.0973942
vt 0.336102 0.0889139
vt 0.339194 0.0831296
vt 0.351968 0.0973942
vt 0.339194 0.0831296
vt 0.355629 0.0919145
vt 0.348306 0.102874
vt 0.333011 0.0946981
vt 0.336102 0.0889139
vt 0.348306 0.102874
vt 0.336102 0.0889139
vt 0.351968 0.0973942
vt 0.333011 0.0946981
vt 0.317715 0.0865223
vt 0.320237 0.0804336
vt 0.333011 0.0946981
vt 0.320237 0.0804336
vt 0.336102 0.0889139
vt 0.37978 0.120219
vt 0.365874 0.108807
vt 0.370035 0.103737
vt 0.37978 0.120219
vt 0.370035 0.103737
vt 0.384441 0.115559
vt 0.37512 0.124879
vt 0.361713 0.113877
vt 0.365874 0.108807
vt 0.37512 0.124879
vt 0.365874 0.108807
vt 0.37978 0.120219
vt 0.361713 0.113877
vt 0.348306 0.102874
vt 0.351968 0.0973942
vt 0.361713 0.113877
vt 0.351968 0.0973942
vt 0.365874 0.108807
vt 0.402605 0.148032
vt 0.391193 0.134126
vt 0.396263 0.129965
vt 0.402605 0.148032
vt 0.396263 0.129965
vt 0.408085 0.144371
vt 0.397126 0.151693
vt 0.386123 0.138286
vt 0.391193 0.134126
vt 0.397126 0.151693
vt 0.391193 0.134126
vt 0.402605 0.148032
vt 0.386123 0.138286
vt 0.37512 0.124879
vt 0.37978 0.120219
vt 0.386123 0.138286
vt 0.37978 0.120219
vt 0.391193 0.134126
vt 0.419566 0.179763
vt 0.411086 0.163898
vt 0.41687 0.160806
vt 0.419566 0.179763
vt 0.41687 0.160806
vt 0.425655 0.177241
vt 0.413478 0.182286
vt 0.405302 0.166989
vt 0.411086 0.163898
vt 0.413478 0.182286
vt 0.411086 0.163898
vt 0.419566 0.179763
vt 0.405302 0.166989
vt 0.397126 0.151693
vt 0.402605 0.148032
vt 0.405302 0.166989
vt 0.402605 0.148032
vt 0.411086 0.163898
vt 0.430011 0.214194
vt 0.424789 0.196979
vt 0.431065 0.195075
vt 0.430011 0.214194
vt 0.431065 0.195075
vt 0.436475 0.212908
vt 0.423547 0.21548
vt 0.418512 0.198883
vt 0.424789 0.196979
vt 0.423547 0.21548
vt 0.424789 0.196979
vt 0.430011 0.214194
vt 0.418512 0.198883
vt 0.413478 0.182286
vt 0.419566 0.179763
vt 0.418512 0.198883
vt 0.419566 0.179763
vt 0.424789 0.196979
vt 0.433537 0.25
vt 0.431774 0.232097
vt 0.438301 0.231454
vt 0.433537 0.25
vt 0.438301 0.231454
vt 0.440128 0.25
vt 0.426947 0.25
vt 0.425247 0.23274
vt 0.431774 0.232097
vt 0.426947 0.25
vt 0.431774 0.232097
vt 0.433537 0.25
vt 0.425247 0.23274
vt 0.423547 0.21548
vt 0.430011 0.214194
vt 0.425247 0.23274
vt 0.430011 0.214194
vt 0.431774 0.232097
vt 0.430011 0.285806
vt 0.431774 0.267903
vt 0.438301 0.268546
vt 0.430011 0.285806
vt 0.438301 0.268546
vt 0.436475 0.287092
vt 0.423547 0.28452
vt 0.425247 0.26726
vt 0.431774 0.267903
vt 0.423547 0.28452
vt 0.431774 0.267903
vt 0.430011 0.285806
vt 0.425247 0.26726
vt 0.426947 0.25
vt 0.433537 0.25
vt 0.425247 0.26726
vt 0.433537 0.25
vt 0.431774 0.267903
vt 0.419566 0.320237
vt 0.424789 0.303021
vt 0.431065 0.304925
vt 0.419566 0.320237
vt 0.431065 0.304925
vt 0.425655 0.322759
vt 0.413478 0.317714
vt 0.418512 0.301117
vt 0.424789 0.303021
vt 0.413478 0.317714
vt 0.424789 0.303021
vt 0.419566 0.320237
vt 0.418512 0.301117
vt 0.423547 0.28452
vt 0.430011 0.285806
vt 0.418512 0.301117
vt 0.430011 0.285806
vt 0.424789 0.303021
vt 0.402606 0.351968
vt 0.411086 0.336102
vt 0.41687 0.339194
vt 0.402606 0.351968
vt 0.41687 0.339194
vt 0.408085 0.35563
vt 0.397126 0.348307
vt 0.405302 0.333011
vt 0.411086 0.336102
vt 0.397126 0.348307
vt 0.411086 0.336102
vt 0.402606 0.351968
vt 0.405302 0.333011
vt 0.413478 0.317714
vt 0.419566 0.320237
vt 0.405302 0.333011
vt 0.419566 0.320237
vt 0.411086 0.336102
vt 0.37978 0.379781
vt 0.391193 0.365874
vt 0.396263 0.370035
vt 0.37978 0.379781
vt 0.396263 0.370035
vt 0.384441 0.384441
vt 0.37512 0.375121
vt 0.386123 0.361714
vt 0.391193 0.365874
vt 0.37512 0.375121
vt 0.391193 0.365874
vt 0.37978 0.379781
vt 0.386123 0.361714
vt 0.397126 0.348307
vt 0.402606 0.351968
vt 0.386123 0.361714
vt 0.402606 0.351968
vt 0.391193 0.365874
vt 0.351968 0.402606
vt 0.365874 0.391193
vt 0.370035 0.396263
vt 0.351968 0.402606
vt 0.370035 0.396263
vt 0.355629 0.408086
vt 0.348306 0.397126
vt 0.361713 0.386123
vt 0.365874 0.391193
vt 0.348306 0.397126
vt 0.365874 0.391193
vt 0.351968 0.402606
vt 0.361713 0.386123
vt 0.37512 0.375121
vt 0.37978 0.379781
vt 0.361713 0.386123
vt 0.37978 0.379781
vt 0.365874 0.391193
vt 0.320237 0.419566
vt 0.336102 0.411086
vt 0.339194 0.41687
vt 0.320237 0.419566
vt 0.339194 0.41687
vt 0.322759 0.425655
vt 0.317715 0.413478
vt 0.333011 0.405302
vt 0.336102 0.411086
vt 0.317715 0.413478
vt 0.336102 0.411086
vt 0.320237 0.419566
vt 0.333011 0.405302
vt 0.348306 0.397126
vt 0.351968 0.402606
vt 0.333011 0.405302
vt 0.351968 0.402606
vt 0.336102 0.411086
vt 0.285806 0.430011
vt 0.303022 0.424789
vt 0.304926 0.431065
vt 0.285806 0.430011
vt 0.304926 0.431065
vt 0.287092 0.436474
vt 0.284521 0.423547
vt 0.301118 0.418512
vt 0.303022 0.424789
vt 0.284521 0.423547
vt 0.303022 0.424789
vt 0.285806 0.430011
vt 0.301118 0.418512
vt 0.317715 0.413478
vt 0.320237 0.419566
vt 0.301118 0.418512
vt 0.320237 0.419566
vt 0.303022 0.424789
vt 0.25 0.433537
vt 0.267903 0.431774
vt 0.268546 0.438301
vt 0.25 0.433537
vt 0.268546 0.438301
vt 0.25 0.440128
vt 0.25 0.426947
vt 0.26726 0.425247
vt 0.267903 0.431774
vt 0.25 0.426947
vt 0.267903 0.431774
vt 0.25 0.433537
vt 0.26726 0.425247
vt 0.284521 0.423547
vt 0.285806 0.430011
vt 0.26726 0.425247
vt 0.285806 0.430011
vt 0.267903 0.431774
vt 0.384441 0.115559
vt 0.396263 0.129965
vt 0.396263 0.129965
vt 0.384441 0.115559
vt 0.396263 0.129965
vt 0.384441 0.115559
vt 0.384441 0.115559
vt 0.396263 0.129965
vt 0.396263 0.129965
vt 0.384441 0.115559
vt 0.396263 0.129965
vt 0.384441 0.115559
vt 0.396263 0.129965
vt 0.408085 0.144371
vt 0.408085 0.144371
vt 0.396263 0.129965
vt 0.408085 0.144371
vt 0.396263 0.129965
vt 0.0865223 0.317715
vt 0.0946981 0.333011
vt 0.0946981 0.333011
vt 0.0865223 0.317715
vt 0.0946981 0.333011
vt 0.0865223 0.317715
vt 0.0865223 0.317715
vt 0.0946981 0.333011
vt 0.0946981 0.333011
vt 0.0865223 0.317715
vt 0.0946981 0.333011
vt 0.0865223 0.317715
vt 0.0946981 0.333011
vt 0.102874 0.348306
vt 0.102874 0.348306
vt 0.0946981 0.333011
vt 0.102874 0.348306
vt 0.0946981 0.333011
vt 0.25 0.426947
vt 0.26726 0.425247
vt 0.26726 0.425247
vt 0.25 0.426947
vt 0.26726 0.425247
vt 0.25 0.426947
vt 0.25 0.426947
vt 0.26726 0.425247
vt 0.26726 0.425247
vt 0.25 0.426947
vt 0.26726 0.425247
vt 0.25 0.426947
vt 0.26726 0.425247
vt 0.284521 0.423547
vt 0.284521 0.423547
vt 0.26726 0.425247
vt 0.284521 0.423547
vt 0.26726 0.425247
vt 0.355629 0.0919145
vt 0.370035 0.103737
vt 0.370035 0.103737
vt 0.355629 0.0919145
vt 0.370035 0.103737
vt 0.355629 0.0919145
vt 0.355629 0.0919145
vt 0.370035 0.103737
vt 0.370035 0.103737
vt 0.355629 0.0919145
vt 0.370035 0.103737
vt 0.355629 0.0919145
vt 0.370035 0.103737
vt 0.384441 0.115559
vt 0.384441 0.115559
vt 0.370035 0.103737
vt 0.384441 0.115559
vt 0.370035 0.103737
vt 0.102874 0.348306
vt 0.113877 0.361713
vt 0.113877 0.361713
vt 0.102874 0.348306
vt 0.113877 0.361713
vt 0.102874 0.348306
vt 0.102874 0.348306
vt 0.113877 0.361713
vt 0.113877 0.361713
vt 0.102874 0.348306
vt 0.113877 0.361713
vt 0.102874 0.348306
vt 0.113877 0.361713
vt 0.12488 0.37512
vt 0.12488 0.37512
vt 0.113877 0.361713
vt 0.12488 0.37512
vt 0.113877 0.361713
vt 0.284521 0.423547
vt 0.301118 0.418512
vt 0.301118 0.418512
vt 0.284521 0.423547
vt 0.301118 0.418512
vt 0.284521 0.423547
vt 0.284521 0.423547
vt 0.301118 0.418512
vt 0.301118 0.418512
vt 0.284521 0.423547
vt 0.301118 0.418512
vt 0.284521 0.423547
vt 0.301118 0.418512
vt 0.317715 0.413478
vt 0.317715 0.413478
vt 0.301118 0.418512
vt 0.317715 0.413478
vt 0.301118 0.418512
vt 0.322759 0.0743448
vt 0.339194 0.0831296
vt 0.339194 0.0831296
vt 0.322759 0.0743448
vt 0.339194 0.0831296
vt 0.322759 0.0743448
vt 0.322759 0.0743448
vt 0.339194 0.0831296
vt 0.339194 0.0831296
vt 0.322759 0.0743448
vt 0.339194 0.0831296
vt 0.322759 0.0743448
vt 0.339194 0.0831296
vt 0.355629 0.0919145
vt 0.355629 0.0919145
vt 0.339194 0.0831296
vt 0.355629 0.0919145
vt 0.339194 0.0831296
vt 0.12488 0.37512
vt 0.138287 0.386123
vt 0.138287 0.386123
vt 0.12488 0.37512
vt 0.138287 0.386123
vt 0.12488 0.37512
vt 0.12488 0.37512
vt 0.138287 0.386123
vt 0.138287 0.386123
vt 0.12488 0.37512
vt 0.138287 0.386123
vt 0.12488 0.37512
vt 0.138287 0.386123
vt 0.151694 0.397126
vt 0.151694 0.397126
vt 0.138287 0.386123
vt 0.151694 0.397126
vt 0.138287 0.386123
vt 0.317715 0.413478
vt 0.333011 0.405302
vt 0.333011 0.405302
vt 0.317715 0.413478
vt 0.333011 0.405302
vt 0.317715 0.413478
vt 0.317715 0.413478
vt 0.333011 0.405302
vt 0.333011 0.405302
vt 0.317715 0.413478
vt 0.333011 0.405302
vt 0.317715 0.413478
vt 0.333011 0.405302
vt 0.348306 0.397126
vt 0.348306 0.397126
vt 0.333011 0.405302
vt 0.348306 0.397126
vt 0.333011 0.405302
vt 0.287092 0.0635255
vt 0.304926 0.0689351
vt 0.304926 0.0689351
vt 0.287092 0.0635255
vt 0.304926 0.0689351
vt 0.287092 0.0635255
vt 0.287092 0.0635255
vt 0.304926 0.0689351
vt 0.304926 0.0689351
vt 0.287092 0.0635255
vt 0.304926 0.0689351
vt 0.287092 0.0635255
vt 0.304926 0.0689351
vt 0.322759 0.0743448
vt 0.322759 0.0743448
vt 0.304926 0.0689351
vt 0.322759 0.0743448
vt 0.304926 0.0689351
vt 0.151694 0.397126
vt 0.166989 0.405302
vt 0.166989 0.405302
vt 0.151694 0.397126
vt 0.166989 0.405302
vt 0.151694 0.397126
vt 0.151694 0.397126
vt 0.166989 0.405302
vt 0.166989 0.405302
vt 0.151694 0.397126
vt 0.166989 0.405302
vt 0.151694 0.397126
vt 0.166989 0.405302
vt 0.182285 0.413478
vt 0.182285 0.413478
vt 0.166989 0.405302
vt 0.182285 0.413478
vt 0.166989 0.405302
vt 0.348306 0.397126
vt 0.361713 0.386123
vt 0.361713 0.386123
vt 0.348306 0.397126
vt 0.361713 0.386123
vt 0.348306 0.397126
vt 0.348306 0.397126
vt 0.361713 0.386123
vt 0.361713 0.386123
vt 0.348306 0.397126
vt 0.361713 0.386123
vt 0.348306 0.397126
vt 0.361713 0.386123
vt 0.37512 0.375121
vt 0.37512 0.375121
vt 0.361713 0.386123
vt 0.37512 0.375121
vt 0.361713 0.386123
vt 0.25 0.0598723
vt 0.268546 0.0616989
vt 0.268546 0.0616989
vt 0.25 0.0598723
vt 0.268546 0.0616989
vt 0.25 0.0598723
vt 0.25 0.0598723
vt 0.268546 0.0616989
vt 0.268546 0.0616989
vt 0.25 0.0598723
vt 0.268546 0.0616989
vt 0.25 0.0598723
vt 0.268546 0.0616989
vt 0.287092 0.0635255
vt 0.287092 0.0635255
vt 0.268546 0.0616989
vt 0.287092 0.0635255
vt 0.268546 0.0616989
vt 0.182285 0.413478
vt 0.198882 0.418512
vt 0.198882 0.418512
vt 0.182285 0.413478
vt 0.198882 0.418512
vt 0.182285 0.413478
vt 0.182285 0.413478
vt 0.198882 0.418512
vt 0.198882 0.418512
vt 0.182285 0.413478
vt 0.198882 0.418512
vt 0.182285 0.413478
vt 0.198882 0.418512
vt 0.215479 0.423547
vt 0.215479 0.423547
vt 0.198882 0.418512
vt 0.215479 0.423547
vt 0.198882 0.418512
vt 0.37512 0.375121
vt 0.386123 0.361714
vt 0.386123 0.361714
vt 0.37512 0.375121
vt 0.386123 0.361714
vt 0.37512 0.375121
vt 0.37512 0.375121
vt 0.386123 0.361714
vt 0.386123 0.361714
vt 0.37512 0.375121
vt 0.386123 0.361714
vt 0.37512 0.375121
vt 0.386123 0.361714
vt 0.397126 0.348307
vt 0.397126 0.348307
vt 0.386123 0.361714
vt 0.397126 0.348307
vt 0.386123 0.361714
vt 0.212908 0.0635255
vt 0.231454 0.0616989
vt 0.231454 0.0616989
vt 0.212908 0.0635255
vt 0.231454 0.0616989
vt 0.212908 0.0635255
vt 0.212908 0.0635255
vt 0.231454 0.0616989
vt 0.231454 0.0616989
vt 0.212908 0.0635255
vt 0.231454 0.0616989
vt 0.212908 0.0635255
vt 0.231454 0.0616989
vt 0.25 0.0598723
vt 0.25 0.0598723
vt 0.231454 0.0616989
vt 0.25 0.0598723
vt 0.231454 0.0616989
vt 0.215479 0.423547
vt 0.23274 0.425247
vt 0.23274 0.425247
vt 0.215479 0.423547
vt 0.23274 0.425247
vt 0.215479 0.423547
vt 0.215479 0.423547
vt 0.23274 0.425247
vt 0.23274 0.425247
vt 0.215479 0.423547
vt 0.23274 0.425247
vt 0.215479 0.423547
vt 0.23274 0.425247
vt 0.25 0.426947
vt 0.25 0.426947
vt 0.23274 0.425247
vt 0.25 0.426947
vt 0.23274 0.425247
vt 0.397126 0.348307
vt 0.405302 0.333011
vt 0.405302 0.333011
vt 0.397126 0.348307
vt 0.405302 0.333011
vt 0.397126 0.348307
vt 0.397126 0.348307
vt 0.405302 0.333011
vt 0.405302 0.333011
vt 0.397126 0.348307
vt 0.405302 0.333011
vt 0.397126 0.348307
vt 0.405302 0.333011
vt 0.413478 0.317714
vt 0.413478 0.317714
vt 0.405302 0.333011
vt 0.413478 0.317714
vt 0.405302 0.333011
vt 0.177241 0.0743448
vt 0.195075 0.0689351
vt 0.195075 0.0689351
vt 0.177241 0.0743448
vt 0.195075 0.0689351
vt 0.177241 0.0743448
vt 0.177241 0.0743448
vt 0.195075 0.0689351
vt 0.195075 0.0689351
vt 0.177241 0.0743448
vt 0.195075 0.0689351
vt 0.177241 0.0743448
vt 0.195075 0.0689351
vt 0.212908 0.0635255
vt 0.212908 0.0635255
vt 0.195075 0.0689351
vt 0.212908 0.0635255
vt 0.195075 0.0689351
vt 0.413478 0.317714
vt 0.418512 0.301117
vt 0.418512 0.301117
vt 0.413478 0.317714
vt 0.418512 0.301117
vt 0.413478 0.317714
vt 0.413478 0.317714
vt 0.418512 0.301117
vt 0.418512 0.301117
vt 0.413478 0.317714
vt 0.418512 0.301117
vt 0.413478 0.317714
vt 0.418512 0.301117
vt 0.423547 0.28452
vt 0.423547 0.28452
vt 0.418512 0.301117
vt 0.423547 0.28452
vt 0.418512 0.301117
vt 0.144371 0.0919145
vt 0.160806 0.0831296
vt 0.160806 0.0831296
vt 0.144371 0.0919145
vt 0.160806 0.0831296
vt 0.144371 0.0919145
vt 0.144371 0.0919145
vt 0.160806 0.0831296
vt 0.160806 0.0831296
vt 0.144371 0.0919145
vt 0.160806 0.0831296
vt 0.144371 0.0919145
vt 0.160806 0.0831296
vt 0.177241 0.0743448
vt 0.177241 0.0743448
vt 0.160806 0.0831296
vt 0.177241 0.0743448
vt 0.160806 0.0831296
vt 0.423547 0.28452
vt 0.425247 0.26726
vt 0.425247 0.26726
vt 0.423547 0.28452
vt 0.425247 0.26726
vt 0.423547 0.28452
vt 0.423547 0.28452
vt 0.425247 0.26726
vt 0.425247 0.26726
vt 0.423547 0.28452
vt 0.425247 0.26726
vt 0.423547 0.28452
vt 0.425247 0.26726
vt 0.426947 0.25
vt 0.426947 0.25
vt 0.425247 0.26726
vt 0.426947 0.25
vt 0.425247 0.26726
vt 0.115559 0.115559
vt 0.129965 0.103737
vt 0.129965 0.103737
vt 0.115559 0.115559
vt 0.129965 0.103737
vt 0.115559 0.115559
vt 0.115559 0.115559
vt 0.129965 0.103737
vt 0.129965 0.103737
vt 0.115559 0.115559
vt 0.129965 0.103737
vt 0.115559 0.115559
vt 0.129965 0.103737
vt 0.144371 0.0919145
vt 0.144371 0.0919145
vt 0.129965 0.103737
vt 0.144371 0.0919145
vt 0.129965 0.103737
vt 0.426947 0.25
vt 0.425247 0.23274
vt 0.425247 0.23274
vt 0.426947 0.25
vt 0.425247 0.23274
vt 0.426947 0.25
vt 0.426947 0.25
vt 0.425247 0.23274
vt 0.425247 0.23274
vt 0.426947 0.25
vt 0.425247 0.23274
vt 0.426947 0.25
vt 0.425247 0.23274
vt 0.423547 0.21548
vt 0.423547 0.21548
vt 0.425247 0.23274
vt 0.423547 0.21548
vt 0.425247 0.23274
vt 0.0919145 0.144371
vt 0.103737 0.129965
vt 0.103737 0.129965
vt 0.0919145 0.144371
vt 0.103737 0.129965
vt 0.0919145 0.144371
vt 0.0919145 0.144371
vt 0.103737 0.129965
vt 0.103737 0.129965
vt 0.0919145 0.144371
vt 0.103737 0.129965
vt 0.0919145 0.144371
vt 0.103737 0.129965
vt 0.115559 0.115559
vt 0.115559 0.115559
vt 0.103737 0.129965
vt 0.115559 0.115559
vt 0.103737 0.129965
vt 0.423547 0.21548
vt 0.418512 0.198883
vt 0.418512 0.198883
vt 0.423547 0.21548
vt 0.418512 0.198883
vt 0.423547 0.21548
vt 0.423547 0.21548
vt 0.418512 0.198883
vt 0.418512 0.198883
vt 0.423547 0.21548
vt 0.418512 0.198883
vt 0.423547 0.21548
vt 0.418512 0.198883
vt 0.413478 0.182286
vt 0.413478 0.182286
vt 0.418512 0.198883
vt 0.413478 0.182286
vt 0.418512 0.198883
vt 0.0743448 0.177241
vt 0.0831297 0.160806
vt 0.0831297 0.160806
vt 0.0743448 0.177241
vt 0.0831297 0.160806
vt 0.0743448 0.177241
vt 0.0743448 0.177241
vt 0.0831297 0.160806
vt 0.0831297 0.160806
vt 0.0743448 0.177241
vt 0.0831297 0.160806
vt 0.0743448 0.177241
vt 0.0831297 0.160806
vt 0.0919145 0.144371
vt 0.0919145 0.144371
vt 0.0831297 0.160806
vt 0.0919145 0.144371
vt 0.0831297 0.160806
vt 0.413478 0.182286
vt 0.405302 0.166989
vt 0.405302 0.166989
vt 0.413478 0.182286
vt 0.405302 0.166989
vt 0.413478 0.182286
vt 0.413478 0.182286
vt 0.405302 0.166989
vt 0.405302 0.166989
vt 0.413478 0.182286
vt 0.405302 0.166989
vt 0.413478 0.182286
vt 0.405302 0.166989
vt 0.397126 0.151693
vt 0.397126 0.151693
vt 0.405302 0.166989
vt 0.397126 0.151693
vt 0.405302 0.166989
vt 0.0635255 0.212908
vt 0.0689352 0.195075
vt 0.0689352 0.195075
vt 0.0635255 0.212908
vt 0.0689352 0.195075
vt 0.0635255 0.212908
vt 0.0635255 0.212908
vt 0.0689352 0.195075
vt 0.0689352 0.195075
vt 0.0635255 0.212908
vt 0.0689352 0.195075
vt 0.0635255 0.212908
vt 0.0689352 0.195075
vt 0.0743448 0.177241
vt 0.0743448 0.177241
vt 0.0689352 0.195075
vt 0.0743448 0.177241
vt 0.0689352 0.195075
vt 0.397126 0.151693
vt 0.386123 0.138286
vt 0.386123 0.138286
vt 0.397126 0.151693
vt 0.386123 0.138286
vt 0.397126 0.151693
vt 0.397126 0.151693
vt 0.386123 0.138286
vt 0.386123 0.138286
vt 0.397126 0.151693
vt 0.386123 0.138286
vt 0.397126 0.151693
vt 0.386123 0.138286
vt 0.37512 0.124879
vt 0.37512 0.124879
vt 0.386123 0.138286
vt 0.37512 0.124879
vt 0.386123 0.138286
vt 0.0598723 0.25
vt 0.0616989 0.231454
vt 0.0616989 0.231454
vt 0.0598723 0.25
vt 0.0616989 0.231454
vt 0.0598723 0.25
vt 0.0598723 0.25
vt 0.0616989 0.231454
vt 0.0616989 0.231454
vt 0.0598723 0.25
vt 0.0616989 0.231454
vt 0.0598723 0.25
vt 0.0616989 0.231454
vt 0.0635255 0.212908
vt 0.0635255 0.212908
vt 0.0616989 0.231454
vt 0.0635255 0.212908
vt 0.0616989 0.231454
vt 0.37512 0.124879
vt 0.361713 0.113877
vt 0.361713 0.113877
vt 0.37512 0.124879
vt 0.361713 0.113877
vt 0.37512 0.124879
vt 0.37512 0.124879
vt 0.361713 0.113877
vt 0.361713 0.113877
vt 0.37512 0.124879
vt 0.361713 0.113877
vt 0.37512 0.124879
vt 0.361713 0.113877
vt 0.348306 0.102874
vt 0.348306 0.102874
vt 0.361713 0.113877
vt 0.348306 0.102874
vt 0.361713 0.113877
vt 0.284521 0.423547
vt 0.301118 0.418512
vt 0.317715 0.413478
vt 0.284521 0.423547
vt 0.317715 0.413478
vt 0.333011 0.405302
vt 0.284521 0.423547
vt 0.333011 0.405302
vt 0.348306 0.397126
vt 0.284521 0.423547
vt 0.348306 0.397126
vt 0.361713 0.386123
vt 0.284521 0.423547
vt 0.361713 0.386123
vt 0.37512 0.375121
vt 0.284521 0.423547
vt 0.37512 0.375121
vt 0.386123 0.361714
vt 0.284521 0.423547
vt 0.386123 0.361714
vt 0.397126 0.348307
vt 0.284521 0.423547
vt 0.397126 0.348307
vt 0.405302 0.333011
vt 0.284521 0.423547
vt 0.405302 0.333011
vt 0.413478 0.317714
vt 0.284521 0.423547
vt 0.413478 0.317714
vt 0.418512 0.301117
vt 0.284521 0.423547
vt 0.418512 0.301117
vt 0.423547 0.28452
vt 0.284521 0.423547
vt 0.423547 0.28452
vt 0.425247 0.26726
vt 0.284521 0.423547
vt 0.425247 0.26726
vt 0.426947 0.25
vt 0.284521 0.423547
vt 0.426947 0.25
vt 0.425247 0.23274
vt 0.284521 0.423547
vt 0.425247 0.23274
vt 0.423547 0.21548
vt 0.284521 0.423547
vt 0.423547 0.21548
vt 0.418512 0.198883
vt 0.284521 0.423547
vt 0.418512 0.198883
vt 0.413478 0.182286
vt 0.284521 0.423547
vt 0.413478 0.182286
vt 0.405302 0.166989
vt 0.284521 0.423547
vt 0.405302 0.166989
vt 0.397126 0.151693
vt 0.284521 0.423547
vt 0.397126 0.151693
vt 0.386123 0.138286
vt 0.284521 0.423547
vt 0.386123 0.138286
vt 0.37512 0.124879
vt 0.284521 0.423547
vt 0.37512 0.124879
vt 0.361713 0.113877
vt 0.284521 0.423547
vt 0.361713 0.113877
vt 0.348306 0.102874
vt 0.284521 0.423547
vt 0.348306 0.102874
vt 0.333011 0.0946981
vt 0.284521 0.423547
vt 0.333011 0.0946981
vt 0.317715 0.0865223
vt 0.284521 0.423547
vt 0.317715 0.0865223
vt 0.301118 0.0814877
vt 0.284521 0.423547
vt 0.301118 0.0814877
vt 0.284521 0.0764531
vt 0.284521 0.423547
vt 0.284521 0.0764531
vt 0.26726 0.0747531
vt 0.284521 0.423547
vt 0.26726 0.0747531
vt 0.25 0.0730531
vt 0.284521 0.423547
vt 0.25 0.0730531
vt 0.23274 0.0747531
vt 0.284521 0.423547
vt 0.23274 0.0747531
vt 0.215479 0.076453
vt 0.284521 0.423547
vt 0.215479 0.076453
vt 0.198882 0.0814877
vt 0.284521 0.423547
vt 0.198882 0.0814877
vt 0.182285 0.0865223
vt 0.284521 0.423547
vt 0.182285 0.0865223
vt 0.166989 0.0946981
vt 0.284521 0.423547
vt 0.166989 0.0946981
vt 0.151694 0.102874
vt 0.284521 0.423547
vt 0.151694 0.102874
vt 0.138287 0.113877
vt 0.284521 0.423547
vt 0.138287 0.113877
vt 0.12488 0.12488
vt 0.284521 0.423547
vt 0.12488 0.12488
vt 0.113877 0.138287
vt 0.284521 0.423547
vt 0.113877 0.138287
vt 0.102874 0.151694
vt 0.284521 0.423547
vt 0.102874 0.151694
vt 0.0946982 0.166989
vt 0.284521 0.423547
vt 0.0946982 0.166989
vt 0.0865223 0.182285
vt 0.284521 0.423547
vt 0.0865223 0.182285
vt 0.0814877 0.198882
vt 0.284521 0.423547
vt 0.0814877 0.198882
vt 0.0764531 0.215479
vt 0.284521 0.423547
vt 0.0764531 0.215479
vt 0.0747531 0.23274
vt 0.284521 0.423547
vt 0.0747531 0.23274
vt 0.0730531 0.25
vt 0.284521 0.423547
vt 0.0730531 0.25
vt 0.0747531 0.26726
vt 0.284521 0.423547
vt 0.0747531 0.26726
vt 0.0764531 0.284521
vt 0.284521 0.423547
vt 0.0764531 0.284521
vt 0.0814877 0.301118
vt 0.284521 0.423547
vt 0.0814877 0.301118
vt 0.0865223 0.317715
vt 0.284521 0.423547
vt 0.0865223 0.317715
vt 0.0946981 0.333011
vt 0.284521 0.423547
vt 0.0946981 0.333011
vt 0.102874 0.348306
vt 0.284521 0.423547
vt 0.102874 0.348306
vt 0.113877 0.361713
vt 0.284521 0.423547
vt 0.113877 0.361713
vt 0.12488 0.37512
vt 0.284521 0.423547
vt 0.12488 0.37512
vt 0.138287 0.386123
vt 0.284521 0.423547
vt 0.138287 0.386123
vt 0.151694 0.397126
vt 0.284521 0.423547
vt 0.151694 0.397126
vt 0.166989 0.405302
vt 0.284521 0.423547
vt 0.166989 0.405302
vt 0.182285 0.413478
vt 0.284521 0.423547
vt 0.182285 0.413478
vt 0.198882 0.418512
vt 0.284521 0.423547
vt 0.198882 0.418512
vt 0.215479 0.423547
vt 0.284521 0.423547
vt 0.215479 0.423547
vt 0.23274 0.425247
vt 0.284521 0.423547
vt 0.23274 0.425247
vt 0.25 0.426947
vt 0.284521 0.423547
vt 0.25 0.426947
vt 0.26726 0.425247
vt 0.361713 0.113877
vt 0.361713 0.113877
vt 0.348306 0.102874
vt 0.361713 0.113877
vt 0.348306 0.102874
vt 0.348306 0.102874
vt 0.0616989 0.231454
vt 0.0616989 0.231454
vt 0.0635255 0.212908
vt 0.0616989 0.231454
vt 0.0635255 0.212908
vt 0.0635255 0.212908
vt 0.386123 0.138286
vt 0.386123 0.138286
vt 0.37512 0.124879
vt 0.386123 0.138286
vt 0.37512 0.124879
vt 0.37512 0.124879
vt 0.0689352 0.195075
vt 0.0689352 0.195075
vt 0.0743448 0.177241
vt 0.0689352 0.195075
vt 0.0743448 0.177241
vt 0.0743448 0.177241
vt 0.405302 0.166989
vt 0.405302 0.166989
vt 0.397126 0.151693
vt 0.405302 0.166989
vt 0.397126 0.151693
vt 0.397126 0.151693
vt 0.0831297 0.160806
vt 0.0831297 0.160806
vt 0.0919145 0.144371
vt 0.0831297 0.160806
vt 0.0919145 0.144371
vt 0.0919145 0.144371
vt 0.418512 0.198883
vt 0.418512 0.198883
vt 0.413478 0.182286
vt 0.418512 0.198883
vt 0.413478 0.182286
vt 0.413478 0.182286
vt 0.103737 0.129965
vt 0.103737 0.129965
vt 0.115559 0.115559
vt 0.103737 0.129965
vt 0.115559 0.115559
vt 0.115559 0.115559
vt 0.425247 0.23274
vt 0.425247 0.23274
vt 0.423547 0.21548
vt 0.425247 0.23274
vt 0.423547 0.21548
vt 0.423547 0.21548
vt 0.129965 0.103737
vt 0.129965 0.103737
vt 0.144371 0.0919145
vt 0.129965 0.103737
vt 0.144371 0.0919145
vt 0.144371 0.0919145
vt 0.425247 0.26726
vt 0.425247 0.26726
vt 0.426947 0.25
vt 0.425247 0.26726
vt 0.426947 0.25
vt 0.426947 0.25
vt 0.160806 0.0831296
vt 0.160806 0.0831296
vt 0.177241 0.0743448
vt 0.160806 0.0831296
vt 0.177241 0.0743448
vt 0.177241 0.0743448
vt 0.418512 0.301117
vt 0.418512 0.301117
vt 0.423547 0.28452
vt 0.418512 0.301117
vt 0.423547 0.28452
vt 0.423547 0.28452
vt 0.195075 0.0689351
vt 0.195075 0.0689351
vt 0.212908 0.0635255
vt 0.195075 0.0689351
vt 0.212908 0.0635255
vt 0.212908 0.0635255
vt 0.405302 0.333011
vt 0.405302 0.333011
vt 0.413478 0.317714
vt 0.405302 0.333011
vt 0.413478 0.317714
vt 0.413478 0.317714
vt 0.23274 0.425247
vt 0.23274 0.425247
vt 0.25 0.426947
vt 0.23274 0.425247
vt 0.25 0.426947
vt 0.25 0.426947
vt 0.231454 0.0616989
vt 0.231454 0.0616989
vt 0.25 0.0598723
vt 0.231454 0.0616989
vt 0.25 0.0598723
vt 0.25 0.0598723
vt 0.386123 0.361714
vt 0.386123 0.361714
vt 0.397126 0.348307
vt 0.386123 0.361714
vt 0.397126 0.348307
vt 0.397126 0.348307
vt 0.198882 0.418512
vt 0.198882 0.418512
vt 0.215479 0.423547
vt 0.198882 0.418512
vt 0.215479 0.423547
vt 0.215479 0.423547
vt 0.268546 0.0616989
vt 0.268546 0.0616989
vt 0.287092 0.0635255
vt 0.268546 0.0616989
vt 0.287092 0.0635255
vt 0.287092 0.0635255
vt 0.361713 0.386123
vt 0.361713 0.386123
vt 0.37512 0.375121
vt 0.361713 0.386123
vt 0.37512 0.375121
vt 0.37512 0.375121
vt 0.166989 0.405302
vt 0.166989 0.405302
vt 0.182285 0.413478
vt 0.166989 0.405302
vt 0.182285 0.413478
vt 0.182285 0.413478
vt 0.304926 0.0689351
vt 0.304926 0.0689351
vt 0.322759 0.0743448
vt 0.304926 0.0689351
vt 0.322759 0.0743448
vt 0.322759 0.0743448
vt 0.333011 0.405302
vt 0.333011 0.405302
vt 0.348306 0.397126
vt 0.333011 0.405302
vt 0.348306 0.397126
vt 0.348306 0.397126
vt 0.138287 0.386123
vt 0.138287 0.386123
vt 0.151694 0.397126
vt 0.138287 0.386123
vt 0.151694 0.397126
vt 0.151694 0.397126
vt 0.339194 0.0831296
vt 0.339194 0.0831296
vt 0.355629 0.0919145
vt 0.339194 0.0831296
vt 0.355629 0.0919145
vt 0.355629 0.0919145
vt 0.301118 0.418512
vt 0.301118 0.418512
vt 0.317715 0.413478
vt 0.301118 0.418512
vt 0.317715 0.413478
vt 0.317715 0.413478
vt 0.113877 0.361713
vt 0.113877 0.361713
vt 0.12488 0.37512
vt 0.113877 0.361713
vt 0.12488 0.37512
vt 0.12488 0.37512
vt 0.370035 0.103737
vt 0.370035 0.103737
vt 0.384441 0.115559
vt 0.370035 0.103737
vt 0.384441 0.115559
vt 0.384441 0.115559
vt 0.26726 0.425247
vt 0.26726 0.425247
vt 0.284521 0.423547
vt 0.26726 0.425247
vt 0.284521 0.423547
vt 0.284521 0.423547
vt 0.0946981 0.333011
vt 0.0946981 0.333011
vt 0.102874 0.348306
vt 0.0946981 0.333011
vt 0.102874 0.348306
vt 0.102874 0.348306
vt 0.396263 0.129965
vt 0.396263 0.129965
vt 0.408085 0.144371
vt 0.396263 0.129965
vt 0.408085 0.144371
vt 0.408085 0.144371
vt 0.267903 0.431774
vt 0.268546 0.438301
vt 0.287092 0.436474
vt 0.267903 0.431774
vt 0.287092 0.436474
vt 0.285806 0.430011
vt 0.303022 0.424789
vt 0.304926 0.431065
vt 0.322759 0.425655
vt 0.303022 0.424789
vt 0.322759 0.425655
vt 0.320237 0.419566
vt 0.336102 0.411086
vt 0.339194 0.41687
vt 0.355629 0.408086
vt 0.336102 0.411086
vt 0.355629 0.408086
vt 0.351968 0.402606
vt 0.365874 0.391193
vt 0.370035 0.396263
vt 0.384441 0.384441
vt 0.365874 0.391193
vt 0.384441 0.384441
vt 0.37978 0.379781
vt 0.391193 0.365874
vt 0.396263 0.370035
vt 0.408085 0.35563
vt 0.391193 0.365874
vt 0.408085 0.35563
vt 0.402606 0.351968
vt 0.411086 0.336102
vt 0.41687 0.339194
vt 0.425655 0.322759
vt 0.411086 0.336102
vt 0.425655 0.322759
vt 0.419566 0.320237
vt 0.424789 0.303021
vt 0.431065 0.304925
vt 0.436475 0.287092
vt 0.424789 0.303021
vt 0.436475 0.287092
vt 0.430011 0.285806
vt 0.431774 0.267903
vt 0.438301 0.268546
vt 0.440128 0.25
vt 0.431774 0.267903
vt 0.440128 0.25
vt 0.433537 0.25
vt 0.431774 0.232097
vt 0.438301 0.231454
vt 0.436475 0.212908
vt 0.431774 0.232097
vt 0.436475 0.212908
vt 0.430011 0.214194
vt 0.424789 0.196979
vt 0.431065 0.195075
vt 0.425655 0.177241
vt 0.424789 0.196979
vt 0.425655 0.177241
vt 0.419566 0.179763
vt 0.411086 0.163898
vt 0.41687 0.160806
vt 0.408085 0.144371
vt 0.411086 0.163898
vt 0.408085 0.144371
vt 0.402605 0.148032
vt 0.391193 0.134126
vt 0.396263 0.129965
vt 0.384441 0.115559
vt 0.391193 0.134126
vt 0.384441 0.115559
vt 0.37978 0.120219
vt 0.365874 0.108807
vt 0.370035 0.103737
vt 0.355629 0.0919145
vt 0.365874 0.108807
vt 0.355629 0.0919145
vt 0.351968 0.0973942
vt 0.336102 0.0889139
vt 0.339194 0.0831296
vt 0.322759 0.0743448
vt 0.336102 0.0889139
vt 0.322759 0.0743448
vt 0.320237 0.0804336
vt 0.303022 0.0752114
vt 0.304926 0.0689351
vt 0.287092 0.0635255
vt 0.303022 0.0752114
vt 0.287092 0.0635255
vt 0.285806 0.0699893
vt 0.267903 0.068226
vt 0.268546 0.0616989
vt 0.25 0.0598723
vt 0.267903 0.068226
vt 0.25 0.0598723
vt 0.25 0.0664627
vt 0.232097 0.068226
vt 0.231454 0.0616989
vt 0.212908 0.0635255
vt 0.232097 0.068226
vt 0.212908 0.0635255
vt 0.214193 0.0699892
vt 0.196978 0.0752114
vt 0.195075 0.0689351
vt 0.177241 0.0743448
vt 0.196978 0.0752114
vt 0.177241 0.0743448
vt 0.179763 0.0804335
vt 0.163898 0.0889139
vt 0.160806 0.0831296
vt 0.144371 0.0919145
vt 0.163898 0.0889139
vt 0.144371 0.0919145
vt 0.148032 0.0973942
vt 0.134126 0.108807
vt 0.129965 0.103737
vt 0.115559 0.115559
vt 0.134126 0.108807
vt 0.115559 0.115559
vt 0.120219 0.120219
vt 0.108807 0.134126
vt 0.103737 0.129965
vt 0.0919145 0.144371
vt 0.108807 0.134126
vt 0.0919145 0.144371
vt 0.0973942 0.148032
vt 0.0889139 0.163898
vt 0.0831297 0.160806
vt 0.0743448 0.177241
vt 0.0889139 0.163898
vt 0.0743448 0.177241
vt 0.0804336 0.179763
vt 0.0752114 0.196978
vt 0.0689352 0.195075
vt 0.0635255 0.212908
vt 0.0752114 0.196978
vt 0.0635255 0.212908
vt 0.0699893 0.214194
vt 0.068226 0.232097
vt 0.0616989 0.231454
vt 0.0598723 0.25
vt 0.068226 0.232097
vt 0.0598723 0.25
vt 0.0664627 0.25
vt 0.068226 0.267903
vt 0.0616989 0.268546
vt 0.0635255 0.287092
vt 0.068226 0.267903
vt 0.0635255 0.287092
vt 0.0699893 0.285806
vt 0.0752114 0.303022
vt 0.0689351 0.304925
vt 0.0743448 0.322759
vt 0.0752114 0.303022
vt 0.0743448 0.322759
vt 0.0804336 0.320237
vt 0.0889139 0.336102
vt 0.0831297 0.339194
vt 0.0919145 0.355629
vt 0.0889139 0.336102
vt 0.0919145 0.355629
vt 0.0973942 0.351968
vt 0.108807 0.365874
vt 0.103737 0.370035
vt 0.115559 0.384441
vt 0.108807 0.365874
vt 0.115559 0.384441
vt 0.120219 0.379781
vt 0.134126 0.391193
vt 0.129965 0.396263
vt 0.144371 0.408085
vt 0.134126 0.391193
vt 0.144371 0.408085
vt 0.148032 0.402606
vt 0.163898 0.411086
vt 0.160806 0.41687
vt 0.177241 0.425655
vt 0.163898 0.411086
vt 0.177241 0.425655
vt 0.179763 0.419566
vt 0.196978 0.424789
vt 0.195075 0.431065
vt 0.212908 0.436474
vt 0.196978 0.424789
vt 0.212908 0.436474
vt 0.214193 0.430011
vt 0.232097 0.431774
vt 0.231454 0.438301
vt 0.25 0.440128
vt 0.232097 0.431774
vt 0.25 0.440128
vt 0.25 0.433537
vt 0.0616989 0.268546
vt 0.0616989 0.268546
vt 0.0598723 0.25
vt 0.0616989 0.268546
vt 0.0598723 0.25
vt 0.0598723 0.25
vt 0.333011 0.0946981
vt 0.333011 0.0946981
vt 0.317715 0.0865223
vt 0.333011 0.0946981
vt 0.317715 0.0865223
vt 0.317715 0.0865223
vt 0.0689351 0.304925
vt 0.0689351 0.304925
vt 0.0635255 0.287092
vt 0.0689351 0.304925
vt 0.0635255 0.287092
vt 0.0635255 0.287092
vt 0.301118 0.0814877
vt 0.301118 0.0814877
vt 0.284521 0.0764531
vt 0.301118 0.0814877
vt 0.284521 0.0764531
vt 0.284521 0.0764531
vt 0.0831297 0.339194
vt 0.0831297 0.339194
vt 0.0743448 0.322759
vt 0.0831297 0.339194
vt 0.0743448 0.322759
vt 0.0743448 0.322759
vt 0.268546 0.438301
vt 0.268546 0.438301
vt 0.25 0.440128
vt 0.268546 0.438301
vt 0.25 0.440128
vt 0.25 0.440128
vt 0.26726 0.0747531
vt 0.26726 0.0747531
vt 0.25 0.0730531
vt 0.26726 0.0747531
vt 0.25 0.0730531
vt 0.25 0.0730531
vt 0.103737 0.370035
vt 0.103737 0.370035
vt 0.0919145 0.355629
vt 0.103737 0.370035
vt 0.0919145 0.355629
vt 0.0919145 0.355629
vt 0.304926 0.431065
vt 0.304926 0.431065
vt 0.287092 0.436474
vt 0.304926 0.431065
vt 0.287092 0.436474
vt 0.287092 0.436474
vt 0.23274 0.0747531
vt 0.23274 0.0747531
vt 0.215479 0.076453
vt 0.23274 0.0747531
vt 0.215479 0.076453
vt 0.215479 0.076453
vt 0.129965 0.396263
vt 0.129965 0.396263
vt 0.115559 0.384441
vt 0.129965 0.396263
vt 0.115559 0.384441
vt 0.115559 0.384441
vt 0.339194 0.41687
vt 0.339194 0.41687
vt 0.322759 0.425655
vt 0.339194 0.41687
vt 0.322759 0.425655
vt 0.322759 0.425655
vt 0.198882 0.0814877
vt 0.198882 0.0814877
vt 0.182285 0.0865223
vt 0.198882 0.0814877
vt 0.182285 0.0865223
vt 0.182285 0.0865223
vt 0.160806 0.41687
vt 0.160806 0.41687
vt 0.144371 0.408085
vt 0.160806 0.41687
vt 0.144371 0.408085
vt 0.144371 0.408085
vt 0.370035 0.396263
vt 0.370035 0.396263
vt 0.355629 0.408086
vt 0.370035 0.396263
vt 0.355629 0.408086
vt 0.355629 0.408086
vt 0.166989 0.0946981
vt 0.166989 0.0946981
vt 0.151694 0.102874
vt 0.166989 0.0946981
vt 0.151694 0.102874
vt 0.151694 0.102874
vt 0.195075 0.431065
vt 0.195075 0.431065
vt 0.177241 0.425655
vt 0.195075 0.431065
vt 0.177241 0.425655
vt 0.177241 0.425655
vt 0.396263 0.370035
vt 0.396263 0.370035
vt 0.384441 0.384441
vt 0.396263 0.370035
vt 0.384441 0.384441
vt 0.384441 0.384441
vt 0.138287 0.113877
vt 0.138287 0.113877
vt 0.12488 0.12488
vt 0.138287 0.113877
vt 0.12488 0.12488
vt 0.12488 0.12488
vt 0.231454 0.438301
vt 0.231454 0.438301
vt 0.212908 0.436474
vt 0.231454 0.438301
vt 0.212908 0.436474
vt 0.212908 0.436474
vt 0.41687 0.339194
vt 0.41687 0.339194
vt 0.408085 0.35563
vt 0.41687 0.339194
vt 0.408085 0.35563
vt 0.408085 0.35563
vt 0.113877 0.138287
vt 0.113877 0.138287
vt 0.102874 0.151694
vt 0.113877 0.138287
vt 0.102874 0.151694
vt 0.102874 0.151694
vt 0.431065 0.304925
vt 0.431065 0.304925
vt 0.425655 0.322759
vt 0.431065 0.304925
vt 0.425655 0.322759
vt 0.425655 0.322759
vt 0.0946982 0.166989
vt 0.0946982 0.166989
vt 0.0865223 0.182285
vt 0.0946982 0.166989
vt 0.0865223 0.182285
vt 0.0865223 0.182285
vt 0.438301 0.268546
vt 0.438301 0.268546
vt 0.436475 0.287092
vt 0.438301 0.268546
vt 0.436475 0.287092
vt 0.436475 0.287092
vt 0.0814877 0.198882
vt 0.0814877 0.198882
vt 0.0764531 0.215479
vt 0.0814877 0.198882
vt 0.0764531 0.215479
vt 0.0764531 0.215479
vt 0.438301 0.231454
vt 0.438301 0.231454
vt 0.440128 0.25
vt 0.438301 0.231454
vt 0.440128 0.25
vt 0.440128 0.25
vt 0.0747531 0.23274
vt 0.0747531 0.23274
vt 0.0730531 0.25
vt 0.0747531 0.23274
vt 0.0730531 0.25
vt 0.0730531 0.25
vt 0.431065 0.195075
vt 0.431065 0.195075
vt 0.436475 0.212908
vt 0.431065 0.195075
vt 0.436475 0.212908
vt 0.436475 0.212908
vt 0.0747531 0.26726
vt 0.0747531 0.26726
vt 0.0764531 0.284521
vt 0.0747531 0.26726
vt 0.0764531 0.284521
vt 0.0764531 0.284521
vt 0.41687 0.160806
vt 0.41687 0.160806
vt 0.425655 0.177241
vt 0.41687 0.160806
vt 0.425655 0.177241
vt 0.425655 0.177241
vt 0.0814877 0.301118
vt 0.0814877 0.301118
vt 0.0865223 0.317715
vt 0.0814877 0.301118
vt 0.0865223 0.317715
vt 0.0865223 0.317715
vt 0.0159075 0.710672
vt 0.000564963 0.710672
vt 0.00112993 0.921343
vt 0.0159075 0.710672
vt 0.00112993 0.921343
vt 0.01619 0.921343
vt 0.046875 0.710672
vt 0.03125 0.710672
vt 0.03125 0.921343
vt 0.046875 0.710672
vt 0.03125 0.921343
vt 0.046875 0.921343
vt 0.078125 0.710672
vt 0.0625 0.710672
vt 0.0625 0.921343
vt 0.078125 0.710672
vt 0.0625 0.921343
vt 0.078125 0.921343
vt 0.109375 0.710672
vt 0.09375 0.710672
vt 0.09375 0.921343
vt 0.109375 0.710672
vt 0.09375 0.921343
vt 0.109375 0.921343
vt 0.140625 0.710671
vt 0.125 0.710672
vt 0.125 0.921343
vt 0.140625 0.710671
vt 0.125 0.921343
vt 0.140625 0.921343
vt 0.171875 0.710671
vt 0.15625 0.710671
vt 0.15625 0.921343
vt 0.171875 0.710671
vt 0.15625 0.921343
vt 0.171875 0.921343
vt 0.203125 0.710672
vt 0.1875 0.710672
vt 0.1875 0.921343
vt 0.203125 0.710672
vt 0.1875 0.921343
vt 0.203125 0.921343
vt 0.234375 0.710672
vt 0.21875 0.710672
vt 0.21875 0.921343
vt 0.234375 0.710672
vt 0.21875 0.921343
vt 0.234375 0.921343
vt 0.265625 0.710672
vt 0.25 0.710672
vt 0.25 0.921343
vt 0.265625 0.710672
vt 0.25 0.921343
vt 0.265625 0.921343
vt 0.296875 0.710672
vt 0.28125 0.710672
vt 0.28125 0.921343
vt 0.296875 0.710672
vt 0.28125 0.921343
vt 0.296875 0.921343
vt 0.328125 0.710671
vt 0.3125 0.710672
vt 0.3125 0.921343
vt 0.328125 0.710671
vt 0.3125 0.921343
vt 0.328125 0.921343
vt 0.359375 0.710672
vt 0.34375 0.710671
vt 0.34375 0.921343
vt 0.359375 0.710672
vt 0.34375 0.921343
vt 0.359375 0.921343
vt 0.390625 0.710672
vt 0.375 0.710672
vt 0.375 0.921343
vt 0.390625 0.710672
vt 0.375 0.921343
vt 0.390625 0.921343
vt 0.421875 0.710672
vt 0.40625 0.710672
vt 0.40625 0.921343
vt 0.421875 0.710672
vt 0.40625 0.921343
vt 0.421875 0.921343
vt 0.453125 0.710672
vt 0.4375 0.710672
vt 0.4375 0.921343
vt 0.453125 0.710672
vt 0.4375 0.921343
vt 0.453125 0.921343
vt 0.484375 0.710672
vt 0.46875 0.710672
vt 0.46875 0.921343
vt 0.484375 0.710672
vt 0.46875 0.921343
vt 0.484375 0.921343
vt 0.515625 0.710672
vt 0.5 0.710672
vt 0.5 0.921343
vt 0.515625 0.710672
vt 0.5 0.921343
vt 0.515625 0.921343
vt 0.546875 0.710672
vt 0.53125 0.710672
vt 0.53125 0.921343
vt 0.546875 0.710672
vt 0.53125 0.921343
vt 0.546875 0.921343
vt 0.578125 0.710672
vt 0.5625 0.710672
vt 0.5625 0.921343
vt 0.578125 0.710672
vt 0.5625 0.921343
vt 0.578125 0.921343
vt 0.609375 0.710672
vt 0.59375 0.710672
vt 0.59375 0.921343
vt 0.609375 0.710672
vt 0.59375 0.921343
vt 0.609375 0.921343
vt 0.640625 0.710672
vt 0.625 0.710672
vt 0.625 0.921343
vt 0.640625 0.710672
vt 0.625 0.921343
vt 0.640625 0.921343
vt 0.671875 0.710672
vt 0.65625 0.710672
vt 0.65625 0.921343
vt 0.671875 0.710672
vt 0.65625 0.921343
vt 0.671875 0.921343
vt 0.703129 0.71071
vt 0.6875 0.710672
vt 0.6875 0.921343
vt 0.703129 0.71071
vt 0.6875 0.921343
vt 0.703133 0.921419
vt 0.734379 0.710638
vt 0.718758 0.710748
vt 0.718766 0.921496
vt 0.734379 0.710638
vt 0.718766 0.921496
vt 0.734383 0.921276
vt 0.765621 0.710638
vt 0.75 0.710528
vt 0.75 0.921056
vt 0.765621 0.710638
vt 0.75 0.921056
vt 0.765617 0.921276
vt 0.796871 0.71071
vt 0.781242 0.710748
vt 0.781234 0.921496
vt 0.796871 0.71071
vt 0.781234 0.921496
vt 0.796867 0.921419
vt 0.828125 0.710672
vt 0.8125 0.710672
vt 0.8125 0.921343
vt 0.828125 0.710672
vt 0.8125 0.921343
vt 0.828125 0.921343
vt 0.859375 0.710672
vt 0.84375 0.710672
vt 0.84375 0.921343
vt 0.859375 0.710672
vt 0.84375 0.921343
vt 0.859375 0.921343
vt 0.890625 0.710672
vt 0.875 0.710672
vt 0.875 0.921343
vt 0.890625 0.710672
vt 0.875 0.921343
vt 0.890625 0.921343
vt 0.921875 0.710672
vt 0.90625 0.710672
vt 0.90625 0.921343
vt 0.921875 0.710672
vt 0.90625 0.921343
vt 0.921875 0.921343
vt 0.953125 0.710672
vt 0.9375 0.710672
vt 0.9375 0.921343
vt 0.953125 0.710672
vt 0.9375 0.921343
vt 0.953125 0.921343
vt 0.984092 0.710672
vt 0.96875 0.710672
vt 0.96875 0.921343
vt 0.984092 0.710672
vt 0.96875 0.921343
vt 0.98381 0.921343
vt 0.984227 0.979358
vt 0.984375 1
vt 1 1
vt 0.984227 0.979358
vt 1 1
vt 0.999703 0.979358
vt 0.272598 0.479444
vt 0.271786 0.471193
vt 0.25 0.473339
vt 0.272598 0.479444
vt 0.25 0.473339
vt 0.25 0.48167
vt 0.270832 0.461515
vt 0.269879 0.451837
vt 0.25 0.453795
vt 0.270832 0.461515
vt 0.25 0.453795
vt 0.25 0.463567
vt 0.953125 0.979358
vt 0.953125 1
vt 0.96875 1
vt 0.953125 0.979358
vt 0.96875 1
vt 0.96875 0.979359
vt 0.316926 0.470626
vt 0.31452 0.462693
vt 0.293571 0.469048
vt 0.316926 0.470626
vt 0.293571 0.469048
vt 0.295197 0.477218
vt 0.311697 0.453387
vt 0.308874 0.444081
vt 0.289759 0.44988
vt 0.311697 0.453387
vt 0.289759 0.44988
vt 0.291665 0.459464
vt 0.921875 0.979358
vt 0.921875 1
vt 0.9375 1
vt 0.921875 0.979358
vt 0.9375 1
vt 0.9375 0.979358
vt 0.358682 0.453331
vt 0.354774 0.446019
vt 0.335468 0.456339
vt 0.358682 0.453331
vt 0.335468 0.456339
vt 0.338656 0.464035
vt 0.35019 0.437443
vt 0.345606 0.428866
vt 0.327989 0.438282
vt 0.35019 0.437443
vt 0.327989 0.438282
vt 0.331729 0.447311
vt 0.890625 0.979358
vt 0.890625 1
vt 0.90625 1
vt 0.890625 0.979358
vt 0.90625 1
vt 0.90625 0.979359
vt 0.396262 0.428221
vt 0.391003 0.421812
vt 0.374081 0.4357
vt 0.396262 0.428221
vt 0.374081 0.4357
vt 0.378709 0.442626
vt 0.384833 0.414295
vt 0.378664 0.406778
vt 0.363223 0.41945
vt 0.384833 0.414295
vt 0.363223 0.41945
vt 0.368652 0.427575
vt 0.859375 0.979358
vt 0.859375 1
vt 0.875 1
vt 0.859375 0.979358
vt 0.875 1
vt 0.875 0.979358
vt 0.428221 0.396262
vt 0.421812 0.391003
vt 0.407925 0.407925
vt 0.428221 0.396262
vt 0.407925 0.407925
vt 0.413815 0.413815
vt 0.414295 0.384833
vt 0.406777 0.378664
vt 0.394105 0.394105
vt 0.414295 0.384833
vt 0.394105 0.394105
vt 0.401015 0.401015
vt 0.828125 0.979358
vt 0.828125 1
vt 0.84375 1
vt 0.828125 0.979358
vt 0.84375 1
vt 0.84375 0.979359
vt 0.453331 0.358682
vt 0.446019 0.354774
vt 0.4357 0.374081
vt 0.453331 0.358682
vt 0.4357 0.374081
vt 0.442626 0.378709
vt 0.437443 0.35019
vt 0.428866 0.345606
vt 0.41945 0.363223
vt 0.437443 0.35019
vt 0.41945 0.363223
vt 0.427575 0.368652
vt 0.796873 0.979378
vt 0.796875 1
vt 0.8125 1
vt 0.796873 0.979378
vt 0.8125 1
vt 0.8125 0.979358
vt 0.470626 0.316926
vt 0.462693 0.31452
vt 0.456339 0.335468
vt 0.470626 0.316926
vt 0.456339 0.335468
vt 0.464035 0.338656
vt 0.453387 0.311697
vt 0.444081 0.308874
vt 0.438282 0.327989
vt 0.453387 0.311697
vt 0.438282 0.327989
vt 0.44731 0.331729
vt 0.765623 0.979239
vt 0.765625 1
vt 0.78125 1
vt 0.765623 0.979239
vt 0.78125 1
vt 0.781246 0.979398
vt 0.479447 0.272598
vt 0.471201 0.271786
vt 0.469048 0.293571
vt 0.479447 0.272598
vt 0.469048 0.293571
vt 0.477218 0.295196
vt 0.461519 0.270832
vt 0.451838 0.269879
vt 0.44988 0.289758
vt 0.461519 0.270832
vt 0.44988 0.289758
vt 0.459464 0.291665
vt 0.734377 0.979239
vt 0.734375 1
vt 0.75 1
vt 0.734377 0.979239
vt 0.75 1
vt 0.75 0.979079
vt 0.479447 0.227402
vt 0.471201 0.228214
vt 0.473354 0.25
vt 0.479447 0.227402
vt 0.473354 0.25
vt 0.481677 0.25
vt 0.461519 0.229168
vt 0.451838 0.230121
vt 0.453796 0.25
vt 0.461519 0.229168
vt 0.453796 0.25
vt 0.463575 0.25
vt 0.703127 0.979379
vt 0.703125 1
vt 0.71875 1
vt 0.703127 0.979379
vt 0.71875 1
vt 0.718754 0.979398
vt 0.470626 0.183074
vt 0.462693 0.18548
vt 0.469048 0.206429
vt 0.470626 0.183074
vt 0.469048 0.206429
vt 0.477218 0.204804
vt 0.453387 0.188303
vt 0.444081 0.191126
vt 0.44988 0.210242
vt 0.453387 0.188303
vt 0.44988 0.210242
vt 0.459464 0.208335
vt 0.671875 0.979359
vt 0.671875 1
vt 0.6875 1
vt 0.671875 0.979359
vt 0.6875 1
vt 0.6875 0.979359
vt 0.453331 0.141318
vt 0.446019 0.145226
vt 0.456339 0.164532
vt 0.453331 0.141318
vt 0.456339 0.164532
vt 0.464035 0.161344
vt 0.437443 0.14981
vt 0.428866 0.154394
vt 0.438282 0.172011
vt 0.437443 0.14981
vt 0.438282 0.172011
vt 0.447311 0.168271
vt 0.640625 0.979358
vt 0.640625 1
vt 0.65625 1
vt 0.640625 0.979358
vt 0.65625 1
vt 0.65625 0.979359
vt 0.428221 0.103738
vt 0.421812 0.108997
vt 0.4357 0.125919
vt 0.428221 0.103738
vt 0.4357 0.125919
vt 0.442626 0.121291
vt 0.414295 0.115167
vt 0.406777 0.121336
vt 0.41945 0.136777
vt 0.414295 0.115167
vt 0.41945 0.136777
vt 0.427575 0.131348
vt 0.609375 0.979358
vt 0.609375 1
vt 0.625 1
vt 0.609375 0.979358
vt 0.625 1
vt 0.625 0.979358
vt 0.396262 0.0717793
vt 0.391003 0.0781877
vt 0.407925 0.0920753
vt 0.396262 0.0717793
vt 0.407925 0.0920753
vt 0.413815 0.0861848
vt 0.384833 0.0857051
vt 0.378664 0.0932225
vt 0.394105 0.105895
vt 0.384833 0.0857051
vt 0.394105 0.105895
vt 0.401015 0.098985
vt 0.578125 0.979358
vt 0.578125 1
vt 0.59375 1
vt 0.578125 0.979358
vt 0.59375 1
vt 0.59375 0.979358
vt 0.358682 0.0466694
vt 0.354774 0.0539808
vt 0.374081 0.0643002
vt 0.358682 0.0466694
vt 0.374081 0.0643002
vt 0.378709 0.0573737
vt 0.35019 0.0625573
vt 0.345606 0.0711338
vt 0.363223 0.0805502
vt 0.35019 0.0625573
vt 0.363223 0.0805502
vt 0.368652 0.0724252
vt 0.546875 0.979358
vt 0.546875 1
vt 0.5625 1
vt 0.546875 0.979358
vt 0.5625 1
vt 0.5625 0.979358
vt 0.316926 0.0293735
vt 0.31452 0.0373068
vt 0.335468 0.0436614
vt 0.316926 0.0293735
vt 0.335468 0.0436614
vt 0.338656 0.0359652
vt 0.311697 0.0466129
vt 0.308874 0.0559189
vt 0.327989 0.0617175
vt 0.311697 0.0466129
vt 0.327989 0.0617175
vt 0.331729 0.0526895
vt 0.515625 0.979359
vt 0.515625 1
vt 0.53125 1
vt 0.515625 0.979359
vt 0.53125 1
vt 0.53125 0.979359
vt 0.272598 0.0205561
vt 0.271786 0.0288065
vt 0.293571 0.0309521
vt 0.272598 0.0205561
vt 0.293571 0.0309521
vt 0.295197 0.0227818
vt 0.270832 0.0384845
vt 0.269879 0.0481625
vt 0.289759 0.0501204
vt 0.270832 0.0384845
vt 0.289759 0.0501204
vt 0.291665 0.0405363
vt 0.484375 0.979359
vt 0.484375 1
vt 0.5 1
vt 0.484375 0.979359
vt 0.5 1
vt 0.5 0.979359
vt 0.227402 0.0205561
vt 0.228214 0.0288065
vt 0.25 0.0266608
vt 0.227402 0.0205561
vt 0.25 0.0266608
vt 0.25 0.0183304
vt 0.229167 0.0384844
vt 0.230121 0.0481624
vt 0.25 0.0462045
vt 0.229167 0.0384844
vt 0.25 0.0462045
vt 0.25 0.0364326
vt 0.453125 0.979359
vt 0.453125 1
vt 0.46875 1
vt 0.453125 0.979359
vt 0.46875 1
vt 0.46875 0.979359
vt 0.183074 0.0293735
vt 0.18548 0.0373068
vt 0.206429 0.0309521
vt 0.183074 0.0293735
vt 0.206429 0.0309521
vt 0.204803 0.0227818
vt 0.188303 0.0466128
vt 0.191126 0.0559189
vt 0.210241 0.0501204
vt 0.188303 0.0466128
vt 0.210241 0.0501204
vt 0.208335 0.0405363
vt 0.421875 0.979359
vt 0.421875 1
vt 0.4375 1
vt 0.421875 0.979359
vt 0.4375 1
vt 0.4375 0.979359
vt 0.141318 0.0466694
vt 0.145226 0.0539808
vt 0.164532 0.0436614
vt 0.141318 0.0466694
vt 0.164532 0.0436614
vt 0.161344 0.0359652
vt 0.14981 0.0625573
vt 0.154394 0.0711338
vt 0.172011 0.0617175
vt 0.14981 0.0625573
vt 0.172011 0.0617175
vt 0.168271 0.0526894
vt 0.390625 0.979359
vt 0.390625 1
vt 0.40625 1
vt 0.390625 0.979359
vt 0.40625 1
vt 0.40625 0.979359
vt 0.103738 0.0717793
vt 0.108997 0.0781877
vt 0.125919 0.0643002
vt 0.103738 0.0717793
vt 0.125919 0.0643002
vt 0.121291 0.0573737
vt 0.115167 0.0857051
vt 0.121336 0.0932225
vt 0.136777 0.0805502
vt 0.115167 0.0857051
vt 0.136777 0.0805502
vt 0.131348 0.0724252
vt 0.359375 0.979358
vt 0.359375 1
vt 0.375 1
vt 0.359375 0.979358
vt 0.375 1
vt 0.375 0.979359
vt 0.0717793 0.103738
vt 0.0781877 0.108997
vt 0.0920753 0.0920753
vt 0.0717793 0.103738
vt 0.0920753 0.0920753
vt 0.0861848 0.0861848
vt 0.0857051 0.115167
vt 0.0932225 0.121336
vt 0.105895 0.105895
vt 0.0857051 0.115167
vt 0.105895 0.105895
vt 0.0989851 0.098985
vt 0.328125 0.979358
vt 0.328125 1
vt 0.34375 1
vt 0.328125 0.979358
vt 0.34375 1
vt 0.34375 0.979358
vt 0.0466695 0.141318
vt 0.0539808 0.145226
vt 0.0643002 0.125919
vt 0.0466695 0.141318
vt 0.0643002 0.125919
vt 0.0573737 0.121291
vt 0.0625573 0.14981
vt 0.0711338 0.154394
vt 0.0805502 0.136777
vt 0.0625573 0.14981
vt 0.0805502 0.136777
vt 0.0724252 0.131348
vt 0.296875 0.979358
vt 0.296875 1
vt 0.3125 1
vt 0.296875 0.979358
vt 0.3125 1
vt 0.3125 0.979358
vt 0.0293735 0.183074
vt 0.0373068 0.18548
vt 0.0436614 0.164532
vt 0.0293735 0.183074
vt 0.0436614 0.164532
vt 0.0359652 0.161344
vt 0.0466129 0.188303
vt 0.0559189 0.191126
vt 0.0617175 0.172011
vt 0.0466129 0.188303
vt 0.0617175 0.172011
vt 0.0526895 0.168271
vt 0.265625 0.979359
vt 0.265625 1
vt 0.28125 1
vt 0.265625 0.979359
vt 0.28125 1
vt 0.28125 0.979359
vt 0.0205561 0.227402
vt 0.0288065 0.228214
vt 0.0309521 0.206429
vt 0.0205561 0.227402
vt 0.0309521 0.206429
vt 0.0227818 0.204803
vt 0.0384845 0.229168
vt 0.0481624 0.230121
vt 0.0501204 0.210241
vt 0.0384845 0.229168
vt 0.0501204 0.210241
vt 0.0405363 0.208335
vt 0.234375 0.979359
vt 0.234375 1
vt 0.25 1
vt 0.234375 0.979359
vt 0.25 1
vt 0.25 0.979359
vt 0.0205561 0.272598
vt 0.0288065 0.271786
vt 0.0266608 0.25
vt 0.0205561 0.272598
vt 0.0266608 0.25
vt 0.0183304 0.25
vt 0.0384845 0.270832
vt 0.0481624 0.269879
vt 0.0462045 0.25
vt 0.0384845 0.270832
vt 0.0462045 0.25
vt 0.0364327 0.25
vt 0.203125 0.979358
vt 0.203125 1
vt 0.21875 1
vt 0.203125 0.979358
vt 0.21875 1
vt 0.21875 0.979358
vt 0.0293735 0.316926
vt 0.0373068 0.31452
vt 0.0309521 0.293571
vt 0.0293735 0.316926
vt 0.0309521 0.293571
vt 0.0227818 0.295197
vt 0.0466128 0.311697
vt 0.0559189 0.308874
vt 0.0501204 0.289759
vt 0.0466128 0.311697
vt 0.0501204 0.289759
vt 0.0405363 0.291665
vt 0.171875 0.979358
vt 0.171875 1
vt 0.1875 1
vt 0.171875 0.979358
vt 0.1875 1
vt 0.1875 0.979359
vt 0.0466695 0.358682
vt 0.0539808 0.354774
vt 0.0436614 0.335468
vt 0.0466695 0.358682
vt 0.0436614 0.335468
vt 0.0359652 0.338656
vt 0.0625573 0.35019
vt 0.0711338 0.345606
vt 0.0617175 0.327989
vt 0.0625573 0.35019
vt 0.0617175 0.327989
vt 0.0526894 0.331729
vt 0.140625 0.979358
vt 0.140625 1
vt 0.15625 1
vt 0.140625 0.979358
vt 0.15625 1
vt 0.15625 0.979358
vt 0.0717793 0.396262
vt 0.0781877 0.391003
vt 0.0643002 0.374081
vt 0.0717793 0.396262
vt 0.0643002 0.374081
vt 0.0573737 0.378709
vt 0.0857051 0.384833
vt 0.0932225 0.378664
vt 0.0805502 0.363223
vt 0.0857051 0.384833
vt 0.0805502 0.363223
vt 0.0724252 0.368652
vt 0.109375 0.979359
vt 0.109375 1
vt 0.125 1
vt 0.109375 0.979359
vt 0.125 1
vt 0.125 0.979359
vt 0.103738 0.428221
vt 0.108997 0.421812
vt 0.0920753 0.407925
vt 0.103738 0.428221
vt 0.0920753 0.407925
vt 0.0861848 0.413815
vt 0.115167 0.414295
vt 0.121336 0.406777
vt 0.105895 0.394105
vt 0.115167 0.414295
vt 0.105895 0.394105
vt 0.0989851 0.401015
vt 0.078125 0.979359
vt 0.078125 1
vt 0.09375 1
vt 0.078125 0.979359
vt 0.09375 1
vt 0.09375 0.979359
vt 0.141318 0.453331
vt 0.145226 0.446019
vt 0.125919 0.4357
vt 0.141318 0.453331
vt 0.125919 0.4357
vt 0.121291 0.442626
vt 0.14981 0.437443
vt 0.154394 0.428866
vt 0.136777 0.41945
vt 0.14981 0.437443
vt 0.136777 0.41945
vt 0.131348 0.427575
vt 0.046875 0.979359
vt 0.046875 1
vt 0.0625 1
vt 0.046875 0.979359
vt 0.0625 1
vt 0.0625 0.979359
vt 0.183074 0.470626
vt 0.18548 0.462693
vt 0.164532 0.456339
vt 0.183074 0.470626
vt 0.164532 0.456339
vt 0.161344 0.464035
vt 0.188303 0.453387
vt 0.191126 0.444081
vt 0.172011 0.438282
vt 0.188303 0.453387
vt 0.172011 0.438282
vt 0.168271 0.447311
vt 0.0157733 0.979359
vt 0.015625 1
vt 0.03125 1
vt 0.0157733 0.979359
vt 0.03125 1
vt 0.03125 0.979359
vt 0.227402 0.479444
vt 0.228214 0.471194
vt 0.206429 0.469048
vt 0.227402 0.479444
vt 0.206429 0.469048
vt 0.204803 0.477218
vt 0.229167 0.461515
vt 0.230121 0.451837
vt 0.210241 0.44988
vt 0.229167 0.461515
vt 0.210241 0.44988
vt 0.208335 0.459464
vt 0.269213 0.445069
vt 0.269879 0.451837
vt 0.289759 0.44988
vt 0.269213 0.445069
vt 0.289759 0.44988
vt 0.288425 0.443177
vt 0.953125 0.94003
vt 0.9375 0.94003
vt 0.9375 0.958717
vt 0.953125 0.94003
vt 0.9375 0.958717
vt 0.953125 0.958717
vt 0.3069 0.437573
vt 0.308874 0.444081
vt 0.327989 0.438282
vt 0.3069 0.437573
vt 0.327989 0.438282
vt 0.325374 0.431969
vt 0.983944 0.94003
vt 0.96875 0.94003
vt 0.96875 0.958717
vt 0.983944 0.94003
vt 0.96875 0.958717
vt 0.984078 0.958717
vt 0.0160557 0.94003
vt 0.000861483 0.94003
vt 0.000593041 0.958717
vt 0.0160557 0.94003
vt 0.000593041 0.958717
vt 0.0159215 0.958717
vt 0.230787 0.445069
vt 0.230121 0.451837
vt 0.25 0.453795
vt 0.230787 0.445069
vt 0.25 0.453795
vt 0.25 0.446962
vt 0.921875 0.94003
vt 0.90625 0.94003
vt 0.90625 0.958717
vt 0.921875 0.94003
vt 0.90625 0.958717
vt 0.921875 0.958717
vt 0.3424 0.422868
vt 0.345606 0.428866
vt 0.363223 0.41945
vt 0.3424 0.422868
vt 0.363223 0.41945
vt 0.359426 0.413768
vt 0.890625 0.94003
vt 0.875 0.94003
vt 0.875 0.958717
vt 0.890625 0.94003
vt 0.875 0.958717
vt 0.890625 0.958717
vt 0.374349 0.40152
vt 0.378664 0.406778
vt 0.394105 0.394105
vt 0.374349 0.40152
vt 0.394105 0.394105
vt 0.389273 0.389273
vt 0.859375 0.94003
vt 0.84375 0.94003
vt 0.84375 0.958717
vt 0.859375 0.94003
vt 0.84375 0.958717
vt 0.859375 0.958717
vt 0.40152 0.37435
vt 0.406777 0.378664
vt 0.41945 0.363223
vt 0.40152 0.37435
vt 0.41945 0.363223
vt 0.413767 0.359426
vt 0.828125 0.94003
vt 0.8125 0.94003
vt 0.8125 0.958717
vt 0.828125 0.94003
vt 0.8125 0.958717
vt 0.828125 0.958717
vt 0.422868 0.3424
vt 0.428866 0.345606
vt 0.438282 0.327989
vt 0.422868 0.3424
vt 0.438282 0.327989
vt 0.431969 0.325374
vt 0.796869 0.940088
vt 0.781238 0.940146
vt 0.781242 0.958797
vt 0.796869 0.940088
vt 0.781242 0.958797
vt 0.796871 0.958757
vt 0.437573 0.306899
vt 0.444081 0.308874
vt 0.44988 0.289758
vt 0.437573 0.306899
vt 0.44988 0.289758
vt 0.443177 0.288425
vt 0.765619 0.939877
vt 0.75 0.939607
vt 0.75 0.958159
vt 0.765619 0.939877
vt 0.75 0.958159
vt 0.765621 0.958478
vt 0.445069 0.269213
vt 0.451838 0.269879
vt 0.453796 0.25
vt 0.445069 0.269213
vt 0.453796 0.25
vt 0.446962 0.25
vt 0.734381 0.939877
vt 0.718762 0.940146
vt 0.718758 0.958797
vt 0.734381 0.939877
vt 0.718758 0.958797
vt 0.734379 0.958478
vt 0.445069 0.230787
vt 0.451838 0.230121
vt 0.44988 0.210242
vt 0.445069 0.230787
vt 0.44988 0.210242
vt 0.443177 0.211575
vt 0.703131 0.940088
vt 0.6875 0.94003
vt 0.6875 0.958717
vt 0.703131 0.940088
vt 0.6875 0.958717
vt 0.703129 0.958757
vt 0.437573 0.1931
vt 0.444081 0.191126
vt 0.438282 0.172011
vt 0.437573 0.1931
vt 0.438282 0.172011
vt 0.431969 0.174626
vt 0.671875 0.94003
vt 0.65625 0.94003
vt 0.65625 0.958717
vt 0.671875 0.94003
vt 0.65625 0.958717
vt 0.671875 0.958717
vt 0.422868 0.1576
vt 0.428866 0.154394
vt 0.41945 0.136777
vt 0.422868 0.1576
vt 0.41945 0.136777
vt 0.413767 0.140574
vt 0.640625 0.94003
vt 0.625 0.94003
vt 0.625 0.958717
vt 0.640625 0.94003
vt 0.625 0.958717
vt 0.640625 0.958717
vt 0.40152 0.12565
vt 0.406777 0.121336
vt 0.394105 0.105895
vt 0.40152 0.12565
vt 0.394105 0.105895
vt 0.389273 0.110727
vt 0.609375 0.94003
vt 0.59375 0.94003
vt 0.59375 0.958717
vt 0.609375 0.94003
vt 0.59375 0.958717
vt 0.609375 0.958717
vt 0.374349 0.0984796
vt 0.378664 0.0932225
vt 0.363223 0.0805502
vt 0.374349 0.0984796
vt 0.363223 0.0805502
vt 0.359426 0.0862323
vt 0.578125 0.94003
vt 0.5625 0.94003
vt 0.5625 0.958717
vt 0.578125 0.94003
vt 0.5625 0.958717
vt 0.578125 0.958717
vt 0.3424 0.0771317
vt 0.345606 0.0711338
vt 0.327989 0.0617175
vt 0.3424 0.0771317
vt 0.327989 0.0617175
vt 0.325374 0.0680312
vt 0.546875 0.94003
vt 0.53125 0.94003
vt 0.53125 0.958717
vt 0.546875 0.94003
vt 0.53125 0.958717
vt 0.546875 0.958717
vt 0.3069 0.062427
vt 0.308874 0.0559189
vt 0.289759 0.0501204
vt 0.3069 0.062427
vt 0.289759 0.0501204
vt 0.288425 0.0568229
vt 0.515625 0.94003
vt 0.5 0.94003
vt 0.5 0.958717
vt 0.515625 0.94003
vt 0.5 0.958717
vt 0.515625 0.958717
vt 0.269213 0.0549307
vt 0.269879 0.0481625
vt 0.25 0.0462045
vt 0.269213 0.0549307
vt 0.25 0.0462045
vt 0.25 0.0530384
vt 0.484375 0.94003
vt 0.46875 0.94003
vt 0.46875 0.958717
vt 0.484375 0.94003
vt 0.46875 0.958717
vt 0.484375 0.958717
vt 0.230787 0.0549306
vt 0.230121 0.0481624
vt 0.210241 0.0501204
vt 0.230787 0.0549306
vt 0.210241 0.0501204
vt 0.211575 0.0568229
vt 0.453125 0.94003
vt 0.4375 0.94003
vt 0.4375 0.958717
vt 0.453125 0.94003
vt 0.4375 0.958717
vt 0.453125 0.958717
vt 0.1931 0.062427
vt 0.191126 0.0559189
vt 0.172011 0.0617175
vt 0.1931 0.062427
vt 0.172011 0.0617175
vt 0.174626 0.0680311
vt 0.421875 0.94003
vt 0.40625 0.94003
vt 0.40625 0.958717
vt 0.421875 0.94003
vt 0.40625 0.958717
vt 0.421875 0.958717
vt 0.1576 0.0771317
vt 0.154394 0.0711338
vt 0.136777 0.0805502
vt 0.1576 0.0771317
vt 0.136777 0.0805502
vt 0.140574 0.0862323
vt 0.390625 0.94003
vt 0.375 0.94003
vt 0.375 0.958717
vt 0.390625 0.94003
vt 0.375 0.958717
vt 0.390625 0.958717
vt 0.125651 0.0984797
vt 0.121336 0.0932225
vt 0.105895 0.105895
vt 0.125651 0.0984797
vt 0.105895 0.105895
vt 0.110727 0.110727
vt 0.359375 0.94003
vt 0.34375 0.94003
vt 0.34375 0.958717
vt 0.359375 0.94003
vt 0.34375 0.958717
vt 0.359375 0.958717
vt 0.0984797 0.125651
vt 0.0932225 0.121336
vt 0.0805502 0.136777
vt 0.0984797 0.125651
vt 0.0805502 0.136777
vt 0.0862323 0.140574
vt 0.328125 0.94003
vt 0.3125 0.94003
vt 0.3125 0.958717
vt 0.328125 0.94003
vt 0.3125 0.958717
vt 0.328125 0.958717
vt 0.0771317 0.1576
vt 0.0711338 0.154394
vt 0.0617175 0.172011
vt 0.0771317 0.1576
vt 0.0617175 0.172011
vt 0.0680312 0.174626
vt 0.296875 0.94003
vt 0.28125 0.94003
vt 0.28125 0.958717
vt 0.296875 0.94003
vt 0.28125 0.958717
vt 0.296875 0.958717
vt 0.062427 0.1931
vt 0.0559189 0.191126
vt 0.0501204 0.210241
vt 0.062427 0.1931
vt 0.0501204 0.210241
vt 0.0568229 0.211575
vt 0.265625 0.94003
vt 0.25 0.94003
vt 0.25 0.958717
vt 0.265625 0.94003
vt 0.25 0.958717
vt 0.265625 0.958717
vt 0.0549307 0.230787
vt 0.0481624 0.230121
vt 0.0462045 0.25
vt 0.0549307 0.230787
vt 0.0462045 0.25
vt 0.0530384 0.25
vt 0.234375 0.94003
vt 0.21875 0.94003
vt 0.21875 0.958717
vt 0.234375 0.94003
vt 0.21875 0.958717
vt 0.234375 0.958717
vt 0.0549307 0.269213
vt 0.0481624 0.269879
vt 0.0501204 0.289759
vt 0.0549307 0.269213
vt 0.0501204 0.289759
vt 0.0568229 0.288425
vt 0.203125 0.94003
vt 0.1875 0.94003
vt 0.1875 0.958717
vt 0.203125 0.94003
vt 0.1875 0.958717
vt 0.203125 0.958717
vt 0.062427 0.3069
vt 0.0559189 0.308874
vt 0.0617175 0.327989
vt 0.062427 0.3069
vt 0.0617175 0.327989
vt 0.0680311 0.325374
vt 0.171875 0.94003
vt 0.15625 0.94003
vt 0.15625 0.958717
vt 0.171875 0.94003
vt 0.15625 0.958717
vt 0.171875 0.958717
vt 0.0771317 0.3424
vt 0.0711338 0.345606
vt 0.0805502 0.363223
vt 0.0771317 0.3424
vt 0.0805502 0.363223
vt 0.0862323 0.359426
vt 0.140625 0.94003
vt 0.125 0.94003
vt 0.125 0.958717
vt 0.140625 0.94003
vt 0.125 0.958717
vt 0.140625 0.958717
vt 0.0984797 0.374349
vt 0.0932225 0.378664
vt 0.105895 0.394105
vt 0.0984797 0.374349
vt 0.105895 0.394105
vt 0.110727 0.389273
vt 0.109375 0.94003
vt 0.09375 0.94003
vt 0.09375 0.958717
vt 0.109375 0.94003
vt 0.09375 0.958717
vt 0.109375 0.958717
vt 0.125651 0.40152
vt 0.121336 0.406777
vt 0.136777 0.41945
vt 0.125651 0.40152
vt 0.136777 0.41945
vt 0.140574 0.413768
vt 0.078125 0.94003
vt 0.0625 0.94003
vt 0.0625 0.958717
vt 0.078125 0.94003
vt 0.0625 0.958717
vt 0.078125 0.958717
vt 0.1576 0.422868
vt 0.154394 0.428866
vt 0.172011 0.438282
vt 0.1576 0.422868
vt 0.172011 0.438282
vt 0.174626 0.431969
vt 0.046875 0.94003
vt 0.03125 0.94003
vt 0.03125 0.958717
vt 0.046875 0.94003
vt 0.03125 0.958717
vt 0.046875 0.958717
vt 0.1931 0.437573
vt 0.191126 0.444081
vt 0.210241 0.44988
vt 0.1931 0.437573
vt 0.210241 0.44988
vt 0.211575 0.443177
vt 0.174626 0.431969
vt 0.172011 0.438282
vt 0.191126 0.444081
vt 0.174626 0.431969
vt 0.191126 0.444081
vt 0.1931 0.437573
vt 0.177241 0.425655
vt 0.174626 0.431969
vt 0.1931 0.437573
vt 0.177241 0.425655
vt 0.1931 0.437573
vt 0.195075 0.431065
vt 0.195075 0.431065
vt 0.1931 0.437573
vt 0.211575 0.443177
vt 0.195075 0.431065
vt 0.211575 0.443177
vt 0.212908 0.436474
vt 0.046875 0.921343
vt 0.03125 0.921343
vt 0.03125 0.94003
vt 0.046875 0.921343
vt 0.03125 0.94003
vt 0.046875 0.94003
vt 0.0625 0.921343
vt 0.046875 0.921343
vt 0.046875 0.94003
vt 0.0625 0.921343
vt 0.046875 0.94003
vt 0.0625 0.94003
vt 0.0625 0.94003
vt 0.046875 0.94003
vt 0.046875 0.958717
vt 0.0625 0.94003
vt 0.046875 0.958717
vt 0.0625 0.958717
vt 0.140574 0.413768
vt 0.136777 0.41945
vt 0.154394 0.428866
vt 0.140574 0.413768
vt 0.154394 0.428866
vt 0.1576 0.422868
vt 0.144371 0.408085
vt 0.140574 0.413768
vt 0.1576 0.422868
vt 0.144371 0.408085
vt 0.1576 0.422868
vt 0.160806 0.41687
vt 0.160806 0.41687
vt 0.1576 0.422868
vt 0.174626 0.431969
vt 0.160806 0.41687
vt 0.174626 0.431969
vt 0.177241 0.425655
vt 0.078125 0.921343
vt 0.0625 0.921343
vt 0.0625 0.94003
vt 0.078125 0.921343
vt 0.0625 0.94003
vt 0.078125 0.94003
vt 0.09375 0.921343
vt 0.078125 0.921343
vt 0.078125 0.94003
vt 0.09375 0.921343
vt 0.078125 0.94003
vt 0.09375 0.94003
vt 0.09375 0.94003
vt 0.078125 0.94003
vt 0.078125 0.958717
vt 0.09375 0.94003
vt 0.078125 0.958717
vt 0.09375 0.958717
vt 0.110727 0.389273
vt 0.105895 0.394105
vt 0.121336 0.406777
vt 0.110727 0.389273
vt 0.121336 0.406777
vt 0.125651 0.40152
vt 0.115559 0.384441
vt 0.110727 0.389273
vt 0.125651 0.40152
vt 0.115559 0.384441
vt 0.125651 0.40152
vt 0.129965 0.396263
vt 0.129965 0.396263
vt 0.125651 0.40152
vt 0.140574 0.413768
vt 0.129965 0.396263
vt 0.140574 0.413768
vt 0.144371 0.408085
vt 0.109375 0.921343
vt 0.09375 0.921343
vt 0.09375 0.94003
vt 0.109375 0.921343
vt 0.09375 0.94003
vt 0.109375 0.94003
vt 0.125 0.921343
vt 0.109375 0.921343
vt 0.109375 0.94003
vt 0.125 0.921343
vt 0.109375 0.94003
vt 0.125 0.94003
vt 0.125 0.94003
vt 0.109375 0.94003
vt 0.109375 0.958717
vt 0.125 0.94003
vt 0.109375 0.958717
vt 0.125 0.958717
vt 0.0862323 0.359426
vt 0.0805502 0.363223
vt 0.0932225 0.378664
vt 0.0862323 0.359426
vt 0.0932225 0.378664
vt 0.0984797 0.374349
vt 0.0919145 0.355629
vt 0.0862323 0.359426
vt 0.0984797 0.374349
vt 0.0919145 0.355629
vt 0.0984797 0.374349
vt 0.103737 0.370035
vt 0.103737 0.370035
vt 0.0984797 0.374349
vt 0.110727 0.389273
vt 0.103737 0.370035
vt 0.110727 0.389273
vt 0.115559 0.384441
vt 0.140625 0.921343
vt 0.125 0.921343
vt 0.125 0.94003
vt 0.140625 0.921343
vt 0.125 0.94003
vt 0.140625 0.94003
vt 0.15625 0.921343
vt 0.140625 0.921343
vt 0.140625 0.94003
vt 0.15625 0.921343
vt 0.140625 0.94003
vt 0.15625 0.94003
vt 0.15625 0.94003
vt 0.140625 0.94003
vt 0.140625 0.958717
vt 0.15625 0.94003
vt 0.140625 0.958717
vt 0.15625 0.958717
vt 0.0680311 0.325374
vt 0.0617175 0.327989
vt 0.0711338 0.345606
vt 0.0680311 0.325374
vt 0.0711338 0.345606
vt 0.0771317 0.3424
vt 0.0743448 0.322759
vt 0.0680311 0.325374
vt 0.0771317 0.3424
vt 0.0743448 0.322759
vt 0.0771317 0.3424
vt 0.0831297 0.339194
vt 0.0831297 0.339194
vt 0.0771317 0.3424
vt 0.0862323 0.359426
vt 0.0831297 0.339194
vt 0.0862323 0.359426
vt 0.0919145 0.355629
vt 0.171875 0.921343
vt 0.15625 0.921343
vt 0.15625 0.94003
vt 0.171875 0.921343
vt 0.15625 0.94003
vt 0.171875 0.94003
vt 0.1875 0.921343
vt 0.171875 0.921343
vt 0.171875 0.94003
vt 0.1875 0.921343
vt 0.171875 0.94003
vt 0.1875 0.94003
vt 0.1875 0.94003
vt 0.171875 0.94003
vt 0.171875 0.958717
vt 0.1875 0.94003
vt 0.171875 0.958717
vt 0.1875 0.958717
vt 0.0568229 0.288425
vt 0.0501204 0.289759
vt 0.0559189 0.308874
vt 0.0568229 0.288425
vt 0.0559189 0.308874
vt 0.062427 0.3069
vt 0.0635255 0.287092
vt 0.0568229 0.288425
vt 0.062427 0.3069
vt 0.0635255 0.287092
vt 0.062427 0.3069
vt 0.0689351 0.304925
vt 0.0689351 0.304925
vt 0.062427 0.3069
vt 0.0680311 0.325374
vt 0.0689351 0.304925
vt 0.0680311 0.325374
vt 0.0743448 0.322759
vt 0.203125 0.921343
vt 0.1875 0.921343
vt 0.1875 0.94003
vt 0.203125 0.921343
vt 0.1875 0.94003
vt 0.203125 0.94003
vt 0.21875 0.921343
vt 0.203125 0.921343
vt 0.203125 0.94003
vt 0.21875 0.921343
vt 0.203125 0.94003
vt 0.21875 0.94003
vt 0.21875 0.94003
vt 0.203125 0.94003
vt 0.203125 0.958717
vt 0.21875 0.94003
vt 0.203125 0.958717
vt 0.21875 0.958717
vt 0.0530384 0.25
vt 0.0462045 0.25
vt 0.0481624 0.269879
vt 0.0530384 0.25
vt 0.0481624 0.269879
vt 0.0549307 0.269213
vt 0.0598723 0.25
vt 0.0530384 0.25
vt 0.0549307 0.269213
vt 0.0598723 0.25
vt 0.0549307 0.269213
vt 0.0616989 0.268546
vt 0.0616989 0.268546
vt 0.0549307 0.269213
vt 0.0568229 0.288425
vt 0.0616989 0.268546
vt 0.0568229 0.288425
vt 0.0635255 0.287092
vt 0.234375 0.921343
vt 0.21875 0.921343
vt 0.21875 0.94003
vt 0.234375 0.921343
vt 0.21875 0.94003
vt 0.234375 0.94003
vt 0.25 0.921343
vt 0.234375 0.921343
vt 0.234375 0.94003
vt 0.25 0.921343
vt 0.234375 0.94003
vt 0.25 0.94003
vt 0.25 0.94003
vt 0.234375 0.94003
vt 0.234375 0.958717
vt 0.25 0.94003
vt 0.234375 0.958717
vt 0.25 0.958717
vt 0.0568229 0.211575
vt 0.0501204 0.210241
vt 0.0481624 0.230121
vt 0.0568229 0.211575
vt 0.0481624 0.230121
vt 0.0549307 0.230787
vt 0.0635255 0.212908
vt 0.0568229 0.211575
vt 0.0549307 0.230787
vt 0.0635255 0.212908
vt 0.0549307 0.230787
vt 0.0616989 0.231454
vt 0.0616989 0.231454
vt 0.0549307 0.230787
vt 0.0530384 0.25
vt 0.0616989 0.231454
vt 0.0530384 0.25
vt 0.0598723 0.25
vt 0.265625 0.921343
vt 0.25 0.921343
vt 0.25 0.94003
vt 0.265625 0.921343
vt 0.25 0.94003
vt 0.265625 0.94003
vt 0.28125 0.921343
vt 0.265625 0.921343
vt 0.265625 0.94003
vt 0.28125 0.921343
vt 0.265625 0.94003
vt 0.28125 0.94003
vt 0.28125 0.94003
vt 0.265625 0.94003
vt 0.265625 0.958717
vt 0.28125 0.94003
vt 0.265625 0.958717
vt 0.28125 0.958717
vt 0.0680312 0.174626
vt 0.0617175 0.172011
vt 0.0559189 0.191126
vt 0.0680312 0.174626
vt 0.0559189 0.191126
vt 0.062427 0.1931
vt 0.0743448 0.177241
vt 0.0680312 0.174626
vt 0.062427 0.1931
vt 0.0743448 0.177241
vt 0.062427 0.1931
vt 0.0689352 0.195075
vt 0.0689352 0.195075
vt 0.062427 0.1931
vt 0.0568229 0.211575
vt 0.0689352 0.195075
vt 0.0568229 0.211575
vt 0.0635255 0.212908
vt 0.296875 0.921343
vt 0.28125 0.921343
vt 0.28125 0.94003
vt 0.296875 0.921343
vt 0.28125 0.94003
vt 0.296875 0.94003
vt 0.3125 0.921343
vt 0.296875 0.921343
vt 0.296875 0.94003
vt 0.3125 0.921343
vt 0.296875 0.94003
vt 0.3125 0.94003
vt 0.3125 0.94003
vt 0.296875 0.94003
vt 0.296875 0.958717
vt 0.3125 0.94003
vt 0.296875 0.958717
vt 0.3125 0.958717
vt 0.0862323 0.140574
vt 0.0805502 0.136777
vt 0.0711338 0.154394
vt 0.0862323 0.140574
vt 0.0711338 0.154394
vt 0.0771317 0.1576
vt 0.0919145 0.144371
vt 0.0862323 0.140574
vt 0.0771317 0.1576
vt 0.0919145 0.144371
vt 0.0771317 0.1576
vt 0.0831297 0.160806
vt 0.0831297 0.160806
vt 0.0771317 0.1576
vt 0.0680312 0.174626
vt 0.0831297 0.160806
vt 0.0680312 0.174626
vt 0.0743448 0.177241
vt 0.328125 0.921343
vt 0.3125 0.921343
vt 0.3125 0.94003
vt 0.328125 0.921343
vt 0.3125 0.94003
vt 0.328125 0.94003
vt 0.34375 0.921343
vt 0.328125 0.921343
vt 0.328125 0.94003
vt 0.34375 0.921343
vt 0.328125 0.94003
vt 0.34375 0.94003
vt 0.34375 0.94003
vt 0.328125 0.94003
vt 0.328125 0.958717
vt 0.34375 0.94003
vt 0.328125 0.958717
vt 0.34375 0.958717
vt 0.110727 0.110727
vt 0.105895 0.105895
vt 0.0932225 0.121336
vt 0.110727 0.110727
vt 0.0932225 0.121336
vt 0.0984797 0.125651
vt 0.115559 0.115559
vt 0.110727 0.110727
vt 0.0984797 0.125651
vt 0.115559 0.115559
vt 0.0984797 0.125651
vt 0.103737 0.129965
vt 0.103737 0.129965
vt 0.0984797 0.125651
vt 0.0862323 0.140574
vt 0.103737 0.129965
vt 0.0862323 0.140574
vt 0.0919145 0.144371
vt 0.359375 0.921343
vt 0.34375 0.921343
vt 0.34375 0.94003
vt 0.359375 0.921343
vt 0.34375 0.94003
vt 0.359375 0.94003
vt 0.375 0.921343
vt 0.359375 0.921343
vt 0.359375 0.94003
vt 0.375 0.921343
vt 0.359375 0.94003
vt 0.375 0.94003
vt 0.375 0.94003
vt 0.359375 0.94003
vt 0.359375 0.958717
vt 0.375 0.94003
vt 0.359375 0.958717
vt 0.375 0.958717
vt 0.140574 0.0862323
vt 0.136777 0.0805502
vt 0.121336 0.0932225
vt 0.140574 0.0862323
vt 0.121336 0.0932225
vt 0.125651 0.0984797
vt 0.144371 0.0919145
vt 0.140574 0.0862323
vt 0.125651 0.0984797
vt 0.144371 0.0919145
vt 0.125651 0.0984797
vt 0.129965 0.103737
vt 0.129965 0.103737
vt 0.125651 0.0984797
vt 0.110727 0.110727
vt 0.129965 0.103737
vt 0.110727 0.110727
vt 0.115559 0.115559
vt 0.390625 0.921343
vt 0.375 0.921343
vt 0.375 0.94003
vt 0.390625 0.921343
vt 0.375 0.94003
vt 0.390625 0.94003
vt 0.40625 0.921343
vt 0.390625 0.921343
vt 0.390625 0.94003
vt 0.40625 0.921343
vt 0.390625 0.94003
vt 0.40625 0.94003
vt 0.40625 0.94003
vt 0.390625 0.94003
vt 0.390625 0.958717
vt 0.40625 0.94003
vt 0.390625 0.958717
vt 0.40625 0.958717
vt 0.174626 0.0680311
vt 0.172011 0.0617175
vt 0.154394 0.0711338
vt 0.174626 0.0680311
vt 0.154394 0.0711338
vt 0.1576 0.0771317
vt 0.177241 0.0743448
vt 0.174626 0.0680311
vt 0.1576 0.0771317
vt 0.177241 0.0743448
vt 0.1576 0.0771317
vt 0.160806 0.0831296
vt 0.160806 0.0831296
vt 0.1576 0.0771317
vt 0.140574 0.0862323
vt 0.160806 0.0831296
vt 0.140574 0.0862323
vt 0.144371 0.0919145
vt 0.421875 0.921343
vt 0.40625 0.921343
vt 0.40625 0.94003
vt 0.421875 0.921343
vt 0.40625 0.94003
vt 0.421875 0.94003
vt 0.4375 0.921343
vt 0.421875 0.921343
vt 0.421875 0.94003
vt 0.4375 0.921343
vt 0.421875 0.94003
vt 0.4375 0.94003
vt 0.4375 0.94003
vt 0.421875 0.94003
vt 0.421875 0.958717
vt 0.4375 0.94003
vt 0.421875 0.958717
vt 0.4375 0.958717
vt 0.211575 0.0568229
vt 0.210241 0.0501204
vt 0.191126 0.0559189
vt 0.211575 0.0568229
vt 0.191126 0.0559189
vt 0.1931 0.062427
vt 0.212908 0.0635255
vt 0.211575 0.0568229
vt 0.1931 0.062427
vt 0.212908 0.0635255
vt 0.1931 0.062427
vt 0.195075 0.0689351
vt 0.195075 0.0689351
vt 0.1931 0.062427
vt 0.174626 0.0680311
vt 0.195075 0.0689351
vt 0.174626 0.0680311
vt 0.177241 0.0743448
vt 0.453125 0.921343
vt 0.4375 0.921343
vt 0.4375 0.94003
vt 0.453125 0.921343
vt 0.4375 0.94003
vt 0.453125 0.94003
vt 0.46875 0.921343
vt 0.453125 0.921343
vt 0.453125 0.94003
vt 0.46875 0.921343
vt 0.453125 0.94003
vt 0.46875 0.94003
vt 0.46875 0.94003
vt 0.453125 0.94003
vt 0.453125 0.958717
vt 0.46875 0.94003
vt 0.453125 0.958717
vt 0.46875 0.958717
vt 0.25 0.0530384
vt 0.25 0.0462045
vt 0.230121 0.0481624
vt 0.25 0.0530384
vt 0.230121 0.0481624
vt 0.230787 0.0549306
vt 0.25 0.0598723
vt 0.25 0.0530384
vt 0.230787 0.0549306
vt 0.25 0.0598723
vt 0.230787 0.0549306
vt 0.231454 0.0616989
vt 0.231454 0.0616989
vt 0.230787 0.0549306
vt 0.211575 0.0568229
vt 0.231454 0.0616989
vt 0.211575 0.0568229
vt 0.212908 0.0635255
vt 0.484375 0.921343
vt 0.46875 0.921343
vt 0.46875 0.94003
vt 0.484375 0.921343
vt 0.46875 0.94003
vt 0.484375 0.94003
vt 0.5 0.921343
vt 0.484375 0.921343
vt 0.484375 0.94003
vt 0.5 0.921343
vt 0.484375 0.94003
vt 0.5 0.94003
vt 0.5 0.94003
vt 0.484375 0.94003
vt 0.484375 0.958717
vt 0.5 0.94003
vt 0.484375 0.958717
vt 0.5 0.958717
vt 0.288425 0.0568229
vt 0.289759 0.0501204
vt 0.269879 0.0481625
vt 0.288425 0.0568229
vt 0.269879 0.0481625
vt 0.269213 0.0549307
vt 0.287092 0.0635255
vt 0.288425 0.0568229
vt 0.269213 0.0549307
vt 0.287092 0.0635255
vt 0.269213 0.0549307
vt 0.268546 0.0616989
vt 0.268546 0.0616989
vt 0.269213 0.0549307
vt 0.25 0.0530384
vt 0.268546 0.0616989
vt 0.25 0.0530384
vt 0.25 0.0598723
vt 0.515625 0.921343
vt 0.5 0.921343
vt 0.5 0.94003
vt 0.515625 0.921343
vt 0.5 0.94003
vt 0.515625 0.94003
vt 0.53125 0.921343
vt 0.515625 0.921343
vt 0.515625 0.94003
vt 0.53125 0.921343
vt 0.515625 0.94003
vt 0.53125 0.94003
vt 0.53125 0.94003
vt 0.515625 0.94003
vt 0.515625 0.958717
vt 0.53125 0.94003
vt 0.515625 0.958717
vt 0.53125 0.958717
vt 0.325374 0.0680312
vt 0.327989 0.0617175
vt 0.308874 0.0559189
vt 0.325374 0.0680312
vt 0.308874 0.0559189
vt 0.3069 0.062427
vt 0.322759 0.0743448
vt 0.325374 0.0680312
vt 0.3069 0.062427
vt 0.322759 0.0743448
vt 0.3069 0.062427
vt 0.304926 0.0689351
vt 0.304926 0.0689351
vt 0.3069 0.062427
vt 0.288425 0.0568229
vt 0.304926 0.0689351
vt 0.288425 0.0568229
vt 0.287092 0.0635255
vt 0.546875 0.921343
vt 0.53125 0.921343
vt 0.53125 0.94003
vt 0.546875 0.921343
vt 0.53125 0.94003
vt 0.546875 0.94003
vt 0.5625 0.921343
vt 0.546875 0.921343
vt 0.546875 0.94003
vt 0.5625 0.921343
vt 0.546875 0.94003
vt 0.5625 0.94003
vt 0.5625 0.94003
vt 0.546875 0.94003
vt 0.546875 0.958717
vt 0.5625 0.94003
vt 0.546875 0.958717
vt 0.5625 0.958717
vt 0.359426 0.0862323
vt 0.363223 0.0805502
vt 0.345606 0.0711338
vt 0.359426 0.0862323
vt 0.345606 0.0711338
vt 0.3424 0.0771317
vt 0.355629 0.0919145
vt 0.359426 0.0862323
vt 0.3424 0.0771317
vt 0.355629 0.0919145
vt 0.3424 0.0771317
vt 0.339194 0.0831296
vt 0.339194 0.0831296
vt 0.3424 0.0771317
vt 0.325374 0.0680312
vt 0.339194 0.0831296
vt 0.325374 0.0680312
vt 0.322759 0.0743448
vt 0.578125 0.921343
vt 0.5625 0.921343
vt 0.5625 0.94003
vt 0.578125 0.921343
vt 0.5625 0.94003
vt 0.578125 0.94003
vt 0.59375 0.921343
vt 0.578125 0.921343
vt 0.578125 0.94003
vt 0.59375 0.921343
vt 0.578125 0.94003
vt 0.59375 0.94003
vt 0.59375 0.94003
vt 0.578125 0.94003
vt 0.578125 0.958717
vt 0.59375 0.94003
vt 0.578125 0.958717
vt 0.59375 0.958717
vt 0.389273 0.110727
vt 0.394105 0.105895
vt 0.378664 0.0932225
vt 0.389273 0.110727
vt 0.378664 0.0932225
vt 0.374349 0.0984796
vt 0.384441 0.115559
vt 0.389273 0.110727
vt 0.374349 0.0984796
vt 0.384441 0.115559
vt 0.374349 0.0984796
vt 0.370035 0.103737
vt 0.370035 0.103737
vt 0.374349 0.0984796
vt 0.359426 0.0862323
vt 0.370035 0.103737
vt 0.359426 0.0862323
vt 0.355629 0.0919145
vt 0.609375 0.921343
vt 0.59375 0.921343
vt 0.59375 0.94003
vt 0.609375 0.921343
vt 0.59375 0.94003
vt 0.609375 0.94003
vt 0.625 0.921343
vt 0.609375 0.921343
vt 0.609375 0.94003
vt 0.625 0.921343
vt 0.609375 0.94003
vt 0.625 0.94003
vt 0.625 0.94003
vt 0.609375 0.94003
vt 0.609375 0.958717
vt 0.625 0.94003
vt 0.609375 0.958717
vt 0.625 0.958717
vt 0.413767 0.140574
vt 0.41945 0.136777
vt 0.406777 0.121336
vt 0.413767 0.140574
vt 0.406777 0.121336
vt 0.40152 0.12565
vt 0.408085 0.144371
vt 0.413767 0.140574
vt 0.40152 0.12565
vt 0.408085 0.144371
vt 0.40152 0.12565
vt 0.396263 0.129965
vt 0.396263 0.129965
vt 0.40152 0.12565
vt 0.389273 0.110727
vt 0.396263 0.129965
vt 0.389273 0.110727
vt 0.384441 0.115559
vt 0.640625 0.921343
vt 0.625 0.921343
vt 0.625 0.94003
vt 0.640625 0.921343
vt 0.625 0.94003
vt 0.640625 0.94003
vt 0.65625 0.921343
vt 0.640625 0.921343
vt 0.640625 0.94003
vt 0.65625 0.921343
vt 0.640625 0.94003
vt 0.65625 0.94003
vt 0.65625 0.94003
vt 0.640625 0.94003
vt 0.640625 0.958717
vt 0.65625 0.94003
vt 0.640625 0.958717
vt 0.65625 0.958717
vt 0.431969 0.174626
vt 0.438282 0.172011
vt 0.428866 0.154394
vt 0.431969 0.174626
vt 0.428866 0.154394
vt 0.422868 0.1576
vt 0.425655 0.177241
vt 0.431969 0.174626
vt 0.422868 0.1576
vt 0.425655 0.177241
vt 0.422868 0.1576
vt 0.41687 0.160806
vt 0.41687 0.160806
vt 0.422868 0.1576
vt 0.413767 0.140574
vt 0.41687 0.160806
vt 0.413767 0.140574
vt 0.408085 0.144371
vt 0.671875 0.921343
vt 0.65625 0.921343
vt 0.65625 0.94003
vt 0.671875 0.921343
vt 0.65625 0.94003
vt 0.671875 0.94003
vt 0.6875 0.921343
vt 0.671875 0.921343
vt 0.671875 0.94003
vt 0.6875 0.921343
vt 0.671875 0.94003
vt 0.6875 0.94003
vt 0.6875 0.94003
vt 0.671875 0.94003
vt 0.671875 0.958717
vt 0.6875 0.94003
vt 0.671875 0.958717
vt 0.6875 0.958717
vt 0.443177 0.211575
vt 0.44988 0.210242
vt 0.444081 0.191126
vt 0.443177 0.211575
vt 0.444081 0.191126
vt 0.437573 0.1931
vt 0.436475 0.212908
vt 0.443177 0.211575
vt 0.437573 0.1931
vt 0.436475 0.212908
vt 0.437573 0.1931
vt 0.431065 0.195075
vt 0.431065 0.195075
vt 0.437573 0.1931
vt 0.431969 0.174626
vt 0.431065 0.195075
vt 0.431969 0.174626
vt 0.425655 0.177241
vt 0.703133 0.921419
vt 0.6875 0.921343
vt 0.6875 0.94003
vt 0.703133 0.921419
vt 0.6875 0.94003
vt 0.703131 0.940088
vt 0.718766 0.921496
vt 0.703133 0.921419
vt 0.703131 0.940088
vt 0.718766 0.921496
vt 0.703131 0.940088
vt 0.718762 0.940146
vt 0.718762 0.940146
vt 0.703131 0.940088
vt 0.703129 0.958757
vt 0.718762 0.940146
vt 0.703129 0.958757
vt 0.718758 0.958797
vt 0.446962 0.25
vt 0.453796 0.25
vt 0.451838 0.230121
vt 0.446962 0.25
vt 0.451838 0.230121
vt 0.445069 0.230787
vt 0.440128 0.25
vt 0.446962 0.25
vt 0.445069 0.230787
vt 0.440128 0.25
vt 0.445069 0.230787
vt 0.438301 0.231454
vt 0.438301 0.231454
vt 0.445069 0.230787
vt 0.443177 0.211575
vt 0.438301 0.231454
vt 0.443177 0.211575
vt 0.436475 0.212908
vt 0.734383 0.921276
vt 0.718766 0.921496
vt 0.718762 0.940146
vt 0.734383 0.921276
vt 0.718762 0.940146
vt 0.734381 0.939877
vt 0.75 0.921056
vt 0.734383 0.921276
vt 0.734381 0.939877
vt 0.75 0.921056
vt 0.734381 0.939877
vt 0.75 0.939607
vt 0.75 0.939607
vt 0.734381 0.939877
vt 0.734379 0.958478
vt 0.75 0.939607
vt 0.734379 0.958478
vt 0.75 0.958159
vt 0.443177 0.288425
vt 0.44988 0.289758
vt 0.451838 0.269879
vt 0.443177 0.288425
vt 0.451838 0.269879
vt 0.445069 0.269213
vt 0.436475 0.287092
vt 0.443177 0.288425
vt 0.445069 0.269213
vt 0.436475 0.287092
vt 0.445069 0.269213
vt 0.438301 0.268546
vt 0.438301 0.268546
vt 0.445069 0.269213
vt 0.446962 0.25
vt 0.438301 0.268546
vt 0.446962 0.25
vt 0.440128 0.25
vt 0.765617 0.921276
vt 0.75 0.921056
vt 0.75 0.939607
vt 0.765617 0.921276
vt 0.75 0.939607
vt 0.765619 0.939877
vt 0.781234 0.921496
vt 0.765617 0.921276
vt 0.765619 0.939877
vt 0.781234 0.921496
vt 0.765619 0.939877
vt 0.781238 0.940146
vt 0.781238 0.940146
vt 0.765619 0.939877
vt 0.765621 0.958478
vt 0.781238 0.940146
vt 0.765621 0.958478
vt 0.781242 0.958797
vt 0.431969 0.325374
vt 0.438282 0.327989
vt 0.444081 0.308874
vt 0.431969 0.325374
vt 0.444081 0.308874
vt 0.437573 0.306899
vt 0.425655 0.322759
vt 0.431969 0.325374
vt 0.437573 0.306899
vt 0.425655 0.322759
vt 0.437573 0.306899
vt 0.431065 0.304925
vt 0.431065 0.304925
vt 0.437573 0.306899
vt 0.443177 0.288425
vt 0.431065 0.304925
vt 0.443177 0.288425
vt 0.436475 0.287092
vt 0.796867 0.921419
vt 0.781234 0.921496
vt 0.781238 0.940146
vt 0.796867 0.921419
vt 0.781238 0.940146
vt 0.796869 0.940088
vt 0.8125 0.921343
vt 0.796867 0.921419
vt 0.796869 0.940088
vt 0.8125 0.921343
vt 0.796869 0.940088
vt 0.8125 0.94003
vt 0.8125 0.94003
vt 0.796869 0.940088
vt 0.796871 0.958757
vt 0.8125 0.94003
vt 0.796871 0.958757
vt 0.8125 0.958717
vt 0.413767 0.359426
vt 0.41945 0.363223
vt 0.428866 0.345606
vt 0.413767 0.359426
vt 0.428866 0.345606
vt 0.422868 0.3424
vt 0.408085 0.35563
vt 0.413767 0.359426
vt 0.422868 0.3424
vt 0.408085 0.35563
vt 0.422868 0.3424
vt 0.41687 0.339194
vt 0.41687 0.339194
vt 0.422868 0.3424
vt 0.431969 0.325374
vt 0.41687 0.339194
vt 0.431969 0.325374
vt 0.425655 0.322759
vt 0.828125 0.921343
vt 0.8125 0.921343
vt 0.8125 0.94003
vt 0.828125 0.921343
vt 0.8125 0.94003
vt 0.828125 0.94003
vt 0.84375 0.921343
vt 0.828125 0.921343
vt 0.828125 0.94003
vt 0.84375 0.921343
vt 0.828125 0.94003
vt 0.84375 0.94003
vt 0.84375 0.94003
vt 0.828125 0.94003
vt 0.828125 0.958717
vt 0.84375 0.94003
vt 0.828125 0.958717
vt 0.84375 0.958717
vt 0.389273 0.389273
vt 0.394105 0.394105
vt 0.406777 0.378664
vt 0.389273 0.389273
vt 0.406777 0.378664
vt 0.40152 0.37435
vt 0.384441 0.384441
vt 0.389273 0.389273
vt 0.40152 0.37435
vt 0.384441 0.384441
vt 0.40152 0.37435
vt 0.396263 0.370035
vt 0.396263 0.370035
vt 0.40152 0.37435
vt 0.413767 0.359426
vt 0.396263 0.370035
vt 0.413767 0.359426
vt 0.408085 0.35563
vt 0.859375 0.921343
vt 0.84375 0.921343
vt 0.84375 0.94003
vt 0.859375 0.921343
vt 0.84375 0.94003
vt 0.859375 0.94003
vt 0.875 0.921343
vt 0.859375 0.921343
vt 0.859375 0.94003
vt 0.875 0.921343
vt 0.859375 0.94003
vt 0.875 0.94003
vt 0.875 0.94003
vt 0.859375 0.94003
vt 0.859375 0.958717
vt 0.875 0.94003
vt 0.859375 0.958717
vt 0.875 0.958717
vt 0.359426 0.413768
vt 0.363223 0.41945
vt 0.378664 0.406778
vt 0.359426 0.413768
vt 0.378664 0.406778
vt 0.374349 0.40152
vt 0.355629 0.408086
vt 0.359426 0.413768
vt 0.374349 0.40152
vt 0.355629 0.408086
vt 0.374349 0.40152
vt 0.370035 0.396263
vt 0.370035 0.396263
vt 0.374349 0.40152
vt 0.389273 0.389273
vt 0.370035 0.396263
vt 0.389273 0.389273
vt 0.384441 0.384441
vt 0.890625 0.921343
vt 0.875 0.921343
vt 0.875 0.94003
vt 0.890625 0.921343
vt 0.875 0.94003
vt 0.890625 0.94003
vt 0.90625 0.921343
vt 0.890625 0.921343
vt 0.890625 0.94003
vt 0.90625 0.921343
vt 0.890625 0.94003
vt 0.90625 0.94003
vt 0.90625 0.94003
vt 0.890625 0.94003
vt 0.890625 0.958717
vt 0.90625 0.94003
vt 0.890625 0.958717
vt 0.90625 0.958717
vt 0.325374 0.431969
vt 0.327989 0.438282
vt 0.345606 0.428866
vt 0.325374 0.431969
vt 0.345606 0.428866
vt 0.3424 0.422868
vt 0.322759 0.425655
vt 0.325374 0.431969
vt 0.3424 0.422868
vt 0.322759 0.425655
vt 0.3424 0.422868
vt 0.339194 0.41687
vt 0.339194 0.41687
vt 0.3424 0.422868
vt 0.359426 0.413768
vt 0.339194 0.41687
vt 0.359426 0.413768
vt 0.355629 0.408086
vt 0.921875 0.921343
vt 0.90625 0.921343
vt 0.90625 0.94003
vt 0.921875 0.921343
vt 0.90625 0.94003
vt 0.921875 0.94003
vt 0.9375 0.921343
vt 0.921875 0.921343
vt 0.921875 0.94003
vt 0.9375 0.921343
vt 0.921875 0.94003
vt 0.9375 0.94003
vt 0.9375 0.94003
vt 0.921875 0.94003
vt 0.921875 0.958717
vt 0.9375 0.94003
vt 0.921875 0.958717
vt 0.9375 0.958717
vt 0.211575 0.443177
vt 0.210241 0.44988
vt 0.230121 0.451837
vt 0.211575 0.443177
vt 0.230121 0.451837
vt 0.230787 0.445069
vt 0.212908 0.436474
vt 0.211575 0.443177
vt 0.230787 0.445069
vt 0.212908 0.436474
vt 0.230787 0.445069
vt 0.231454 0.438301
vt 0.231454 0.438301
vt 0.230787 0.445069
vt 0.25 0.446962
vt 0.231454 0.438301
vt 0.25 0.446962
vt 0.25 0.440128
vt 0.01619 0.921343
vt 0.00112993 0.921343
vt 0.000861483 0.94003
vt 0.01619 0.921343
vt 0.000861483 0.94003
vt 0.0160557 0.94003
vt 0.03125 0.921343
vt 0.01619 0.921343
vt 0.0160557 0.94003
vt 0.03125 0.921343
vt 0.0160557 0.94003
vt 0.03125 0.94003
vt 0.03125 0.94003
vt 0.0160557 0.94003
vt 0.0159215 0.958717
vt 0.03125 0.94003
vt 0.0159215 0.958717
vt 0.03125 0.958717
vt 0.98381 0.921343
vt 0.96875 0.921343
vt 0.96875 0.94003
vt 0.98381 0.921343
vt 0.96875 0.94003
vt 0.983944 0.94003
vt 0.99887 0.921343
vt 0.98381 0.921343
vt 0.983944 0.94003
vt 0.99887 0.921343
vt 0.983944 0.94003
vt 0.999138 0.94003
vt 0.999138 0.94003
vt 0.983944 0.94003
vt 0.984078 0.958717
vt 0.999138 0.94003
vt 0.984078 0.958717
vt 0.999407 0.958717
vt 0.288425 0.443177
vt 0.289759 0.44988
vt 0.308874 0.444081
vt 0.288425 0.443177
vt 0.308874 0.444081
vt 0.3069 0.437573
vt 0.287092 0.436474
vt 0.288425 0.443177
vt 0.3069 0.437573
vt 0.287092 0.436474
vt 0.3069 0.437573
vt 0.304926 0.431065
vt 0.304926 0.431065
vt 0.3069 0.437573
vt 0.325374 0.431969
vt 0.304926 0.431065
vt 0.325374 0.431969
vt 0.322759 0.425655
vt 0.953125 0.921343
vt 0.9375 0.921343
vt 0.9375 0.94003
vt 0.953125 0.921343
vt 0.9375 0.94003
vt 0.953125 0.94003
vt 0.96875 0.921343
vt 0.953125 0.921343
vt 0.953125 0.94003
vt 0.96875 0.921343
vt 0.953125 0.94003
vt 0.96875 0.94003
vt 0.96875 0.94003
vt 0.953125 0.94003
vt 0.953125 0.958717
vt 0.96875 0.94003
vt 0.953125 0.958717
vt 0.96875 0.958717
vt 0.25 0.446962
vt 0.25 0.453795
vt 0.269879 0.451837
vt 0.25 0.446962
vt 0.269879 0.451837
vt 0.269213 0.445069
vt 0.25 0.440128
vt 0.25 0.446962
vt 0.269213 0.445069
vt 0.25 0.440128
vt 0.269213 0.445069
vt 0.268546 0.438301
vt 0.268546 0.438301
vt 0.269213 0.445069
vt 0.288425 0.443177
vt 0.268546 0.438301
vt 0.288425 0.443177
vt 0.287092 0.436474
vt 0.25 0.463567
vt 0.25 0.453795
vt 0.230121 0.451837
vt 0.25 0.463567
vt 0.230121 0.451837
vt 0.229167 0.461515
vt 0.25 0.473339
vt 0.25 0.463567
vt 0.229167 0.461515
vt 0.25 0.473339
vt 0.229167 0.461515
vt 0.228214 0.471194
vt 0.228214 0.471194
vt 0.229167 0.461515
vt 0.208335 0.459464
vt 0.228214 0.471194
vt 0.208335 0.459464
vt 0.206429 0.469048
vt 0.25 0.48167
vt 0.25 0.473339
vt 0.228214 0.471194
vt 0.25 0.48167
vt 0.228214 0.471194
vt 0.227402 0.479444
vt 0.25 0.49
vt 0.25 0.48167
vt 0.227402 0.479444
vt 0.25 0.49
vt 0.227402 0.479444
vt 0.226589 0.487694
vt 0.226589 0.487694
vt 0.227402 0.479444
vt 0.204803 0.477218
vt 0.226589 0.487694
vt 0.204803 0.477218
vt 0.203178 0.485388
vt 0.000296521 0.979359
vt 0 1
vt 0.015625 1
vt 0.000296521 0.979359
vt 0.015625 1
vt 0.0157733 0.979359
vt 0.000593041 0.958717
vt 0.000296521 0.979359
vt 0.0157733 0.979359
vt 0.000593041 0.958717
vt 0.0157733 0.979359
vt 0.0159215 0.958717
vt 0.0159215 0.958717
vt 0.0157733 0.979359
vt 0.03125 0.979359
vt 0.0159215 0.958717
vt 0.03125 0.979359
vt 0.03125 0.958717
vt 0.208335 0.459464
vt 0.210241 0.44988
vt 0.191126 0.444081
vt 0.208335 0.459464
vt 0.191126 0.444081
vt 0.188303 0.453387
vt 0.206429 0.469048
vt 0.208335 0.459464
vt 0.188303 0.453387
vt 0.206429 0.469048
vt 0.188303 0.453387
vt 0.18548 0.462693
vt 0.18548 0.462693
vt 0.188303 0.453387
vt 0.168271 0.447311
vt 0.18548 0.462693
vt 0.168271 0.447311
vt 0.164532 0.456339
vt 0.204803 0.477218
vt 0.206429 0.469048
vt 0.18548 0.462693
vt 0.204803 0.477218
vt 0.18548 0.462693
vt 0.183074 0.470626
vt 0.203178 0.485388
vt 0.204803 0.477218
vt 0.183074 0.470626
vt 0.203178 0.485388
vt 0.183074 0.470626
vt 0.180667 0.47856
vt 0.180667 0.47856
vt 0.183074 0.470626
vt 0.161344 0.464035
vt 0.180667 0.47856
vt 0.161344 0.464035
vt 0.158156 0.471731
vt 0.03125 0.979359
vt 0.03125 1
vt 0.046875 1
vt 0.03125 0.979359
vt 0.046875 1
vt 0.046875 0.979359
vt 0.03125 0.958717
vt 0.03125 0.979359
vt 0.046875 0.979359
vt 0.03125 0.958717
vt 0.046875 0.979359
vt 0.046875 0.958717
vt 0.046875 0.958717
vt 0.046875 0.979359
vt 0.0625 0.979359
vt 0.046875 0.958717
vt 0.0625 0.979359
vt 0.0625 0.958717
vt 0.168271 0.447311
vt 0.172011 0.438282
vt 0.154394 0.428866
vt 0.168271 0.447311
vt 0.154394 0.428866
vt 0.14981 0.437443
vt 0.164532 0.456339
vt 0.168271 0.447311
vt 0.14981 0.437443
vt 0.164532 0.456339
vt 0.14981 0.437443
vt 0.145226 0.446019
vt 0.145226 0.446019
vt 0.14981 0.437443
vt 0.131348 0.427575
vt 0.145226 0.446019
vt 0.131348 0.427575
vt 0.125919 0.4357
vt 0.161344 0.464035
vt 0.164532 0.456339
vt 0.145226 0.446019
vt 0.161344 0.464035
vt 0.145226 0.446019
vt 0.141318 0.453331
vt 0.158156 0.471731
vt 0.161344 0.464035
vt 0.141318 0.453331
vt 0.158156 0.471731
vt 0.141318 0.453331
vt 0.13741 0.460642
vt 0.13741 0.460642
vt 0.141318 0.453331
vt 0.121291 0.442626
vt 0.13741 0.460642
vt 0.121291 0.442626
vt 0.116663 0.449553
vt 0.0625 0.979359
vt 0.0625 1
vt 0.078125 1
vt 0.0625 0.979359
vt 0.078125 1
vt 0.078125 0.979359
vt 0.0625 0.958717
vt 0.0625 0.979359
vt 0.078125 0.979359
vt 0.0625 0.958717
vt 0.078125 0.979359
vt 0.078125 0.958717
vt 0.078125 0.958717
vt 0.078125 0.979359
vt 0.09375 0.979359
vt 0.078125 0.958717
vt 0.09375 0.979359
vt 0.09375 0.958717
vt 0.131348 0.427575
vt 0.136777 0.41945
vt 0.121336 0.406777
vt 0.131348 0.427575
vt 0.121336 0.406777
vt 0.115167 0.414295
vt 0.125919 0.4357
vt 0.131348 0.427575
vt 0.115167 0.414295
vt 0.125919 0.4357
vt 0.115167 0.414295
vt 0.108997 0.421812
vt 0.108997 0.421812
vt 0.115167 0.414295
vt 0.0989851 0.401015
vt 0.108997 0.421812
vt 0.0989851 0.401015
vt 0.0920753 0.407925
vt 0.121291 0.442626
vt 0.125919 0.4357
vt 0.108997 0.421812
vt 0.121291 0.442626
vt 0.108997 0.421812
vt 0.103738 0.428221
vt 0.116663 0.449553
vt 0.121291 0.442626
vt 0.103738 0.428221
vt 0.116663 0.449553
vt 0.103738 0.428221
vt 0.0984788 0.434629
vt 0.0984788 0.434629
vt 0.103738 0.428221
vt 0.0861848 0.413815
vt 0.0984788 0.434629
vt 0.0861848 0.413815
vt 0.0802944 0.419706
vt 0.09375 0.979359
vt 0.09375 1
vt 0.109375 1
vt 0.09375 0.979359
vt 0.109375 1
vt 0.109375 0.979359
vt 0.09375 0.958717
vt 0.09375 0.979359
vt 0.109375 0.979359
vt 0.09375 0.958717
vt 0.109375 0.979359
vt 0.109375 0.958717
vt 0.109375 0.958717
vt 0.109375 0.979359
vt 0.125 0.979359
vt 0.109375 0.958717
vt 0.125 0.979359
vt 0.125 0.958717
vt 0.0989851 0.401015
vt 0.105895 0.394105
vt 0.0932225 0.378664
vt 0.0989851 0.401015
vt 0.0932225 0.378664
vt 0.0857051 0.384833
vt 0.0920753 0.407925
vt 0.0989851 0.401015
vt 0.0857051 0.384833
vt 0.0920753 0.407925
vt 0.0857051 0.384833
vt 0.0781877 0.391003
vt 0.0781877 0.391003
vt 0.0857051 0.384833
vt 0.0724252 0.368652
vt 0.0781877 0.391003
vt 0.0724252 0.368652
vt 0.0643002 0.374081
vt 0.0861848 0.413815
vt 0.0920753 0.407925
vt 0.0781877 0.391003
vt 0.0861848 0.413815
vt 0.0781877 0.391003
vt 0.0717793 0.396262
vt 0.0802944 0.419706
vt 0.0861848 0.413815
vt 0.0717793 0.396262
vt 0.0802944 0.419706
vt 0.0717793 0.396262
vt 0.0653708 0.401521
vt 0.0653708 0.401521
vt 0.0717793 0.396262
vt 0.0573737 0.378709
vt 0.0653708 0.401521
vt 0.0573737 0.378709
vt 0.0504473 0.383337
vt 0.125 0.979359
vt 0.125 1
vt 0.140625 1
vt 0.125 0.979359
vt 0.140625 1
vt 0.140625 0.979358
vt 0.125 0.958717
vt 0.125 0.979359
vt 0.140625 0.979358
vt 0.125 0.958717
vt 0.140625 0.979358
vt 0.140625 0.958717
vt 0.140625 0.958717
vt 0.140625 0.979358
vt 0.15625 0.979358
vt 0.140625 0.958717
vt 0.15625 0.979358
vt 0.15625 0.958717
vt 0.0724252 0.368652
vt 0.0805502 0.363223
vt 0.0711338 0.345606
vt 0.0724252 0.368652
vt 0.0711338 0.345606
vt 0.0625573 0.35019
vt 0.0643002 0.374081
vt 0.0724252 0.368652
vt 0.0625573 0.35019
vt 0.0643002 0.374081
vt 0.0625573 0.35019
vt 0.0539808 0.354774
vt 0.0539808 0.354774
vt 0.0625573 0.35019
vt 0.0526894 0.331729
vt 0.0539808 0.354774
vt 0.0526894 0.331729
vt 0.0436614 0.335468
vt 0.0573737 0.378709
vt 0.0643002 0.374081
vt 0.0539808 0.354774
vt 0.0573737 0.378709
vt 0.0539808 0.354774
vt 0.0466695 0.358682
vt 0.0504473 0.383337
vt 0.0573737 0.378709
vt 0.0466695 0.358682
vt 0.0504473 0.383337
vt 0.0466695 0.358682
vt 0.0393581 0.36259
vt 0.0393581 0.36259
vt 0.0466695 0.358682
vt 0.0359652 0.338656
vt 0.0393581 0.36259
vt 0.0359652 0.338656
vt 0.0282689 0.341844
vt 0.15625 0.979358
vt 0.15625 1
vt 0.171875 1
vt 0.15625 0.979358
vt 0.171875 1
vt 0.171875 0.979358
vt 0.15625 0.958717
vt 0.15625 0.979358
vt 0.171875 0.979358
vt 0.15625 0.958717
vt 0.171875 0.979358
vt 0.171875 0.958717
vt 0.171875 0.958717
vt 0.171875 0.979358
vt 0.1875 0.979359
vt 0.171875 0.958717
vt 0.1875 0.979359
vt 0.1875 0.958717
vt 0.0526894 0.331729
vt 0.0617175 0.327989
vt 0.0559189 0.308874
vt 0.0526894 0.331729
vt 0.0559189 0.308874
vt 0.0466128 0.311697
vt 0.0436614 0.335468
vt 0.0526894 0.331729
vt 0.0466128 0.311697
vt 0.0436614 0.335468
vt 0.0466128 0.311697
vt 0.0373068 0.31452
vt 0.0373068 0.31452
vt 0.0466128 0.311697
vt 0.0405363 0.291665
vt 0.0373068 0.31452
vt 0.0405363 0.291665
vt 0.0309521 0.293571
vt 0.0359652 0.338656
vt 0.0436614 0.335468
vt 0.0373068 0.31452
vt 0.0359652 0.338656
vt 0.0373068 0.31452
vt 0.0293735 0.316926
vt 0.0282689 0.341844
vt 0.0359652 0.338656
vt 0.0293735 0.316926
vt 0.0282689 0.341844
vt 0.0293735 0.316926
vt 0.0214402 0.319333
vt 0.0214402 0.319333
vt 0.0293735 0.316926
vt 0.0227818 0.295197
vt 0.0214402 0.319333
vt 0.0227818 0.295197
vt 0.0146115 0.296822
vt 0.1875 0.979359
vt 0.1875 1
vt 0.203125 1
vt 0.1875 0.979359
vt 0.203125 1
vt 0.203125 0.979358
vt 0.1875 0.958717
vt 0.1875 0.979359
vt 0.203125 0.979358
vt 0.1875 0.958717
vt 0.203125 0.979358
vt 0.203125 0.958717
vt 0.203125 0.958717
vt 0.203125 0.979358
vt 0.21875 0.979358
vt 0.203125 0.958717
vt 0.21875 0.979358
vt 0.21875 0.958717
vt 0.0405363 0.291665
vt 0.0501204 0.289759
vt 0.0481624 0.269879
vt 0.0405363 0.291665
vt 0.0481624 0.269879
vt 0.0384845 0.270832
vt 0.0309521 0.293571
vt 0.0405363 0.291665
vt 0.0384845 0.270832
vt 0.0309521 0.293571
vt 0.0384845 0.270832
vt 0.0288065 0.271786
vt 0.0288065 0.271786
vt 0.0384845 0.270832
vt 0.0364327 0.25
vt 0.0288065 0.271786
vt 0.0364327 0.25
vt 0.0266608 0.25
vt 0.0227818 0.295197
vt 0.0309521 0.293571
vt 0.0288065 0.271786
vt 0.0227818 0.295197
vt 0.0288065 0.271786
vt 0.0205561 0.272598
vt 0.0146115 0.296822
vt 0.0227818 0.295197
vt 0.0205561 0.272598
vt 0.0146115 0.296822
vt 0.0205561 0.272598
vt 0.0123058 0.273411
vt 0.0123058 0.273411
vt 0.0205561 0.272598
vt 0.0183304 0.25
vt 0.0123058 0.273411
vt 0.0183304 0.25
vt 0.01 0.25
vt 0.21875 0.979358
vt 0.21875 1
vt 0.234375 1
vt 0.21875 0.979358
vt 0.234375 1
vt 0.234375 0.979359
vt 0.21875 0.958717
vt 0.21875 0.979358
vt 0.234375 0.979359
vt 0.21875 0.958717
vt 0.234375 0.979359
vt 0.234375 0.958717
vt 0.234375 0.958717
vt 0.234375 0.979359
vt 0.25 0.979359
vt 0.234375 0.958717
vt 0.25 0.979359
vt 0.25 0.958717
vt 0.0364327 0.25
vt 0.0462045 0.25
vt 0.0481624 0.230121
vt 0.0364327 0.25
vt 0.0481624 0.230121
vt 0.0384845 0.229168
vt 0.0266608 0.25
vt 0.0364327 0.25
vt 0.0384845 0.229168
vt 0.0266608 0.25
vt 0.0384845 0.229168
vt 0.0288065 0.228214
vt 0.0288065 0.228214
vt 0.0384845 0.229168
vt 0.0405363 0.208335
vt 0.0288065 0.228214
vt 0.0405363 0.208335
vt 0.0309521 0.206429
vt 0.0183304 0.25
vt 0.0266608 0.25
vt 0.0288065 0.228214
vt 0.0183304 0.25
vt 0.0288065 0.228214
vt 0.0205561 0.227402
vt 0.01 0.25
vt 0.0183304 0.25
vt 0.0205561 0.227402
vt 0.01 0.25
vt 0.0205561 0.227402
vt 0.0123058 0.226589
vt 0.0123058 0.226589
vt 0.0205561 0.227402
vt 0.0227818 0.204803
vt 0.0123058 0.226589
vt 0.0227818 0.204803
vt 0.0146115 0.203178
vt 0.25 0.979359
vt 0.25 1
vt 0.265625 1
vt 0.25 0.979359
vt 0.265625 1
vt 0.265625 0.979359
vt 0.25 0.958717
vt 0.25 0.979359
vt 0.265625 0.979359
vt 0.25 0.958717
vt 0.265625 0.979359
vt 0.265625 0.958717
vt 0.265625 0.958717
vt 0.265625 0.979359
vt 0.28125 0.979359
vt 0.265625 0.958717
vt 0.28125 0.979359
vt 0.28125 0.958717
vt 0.0405363 0.208335
vt 0.0501204 0.210241
vt 0.0559189 0.191126
vt 0.0405363 0.208335
vt 0.0559189 0.191126
vt 0.0466129 0.188303
vt 0.0309521 0.206429
vt 0.0405363 0.208335
vt 0.0466129 0.188303
vt 0.0309521 0.206429
vt 0.0466129 0.188303
vt 0.0373068 0.18548
vt 0.0373068 0.18548
vt 0.0466129 0.188303
vt 0.0526895 0.168271
vt 0.0373068 0.18548
vt 0.0526895 0.168271
vt 0.0436614 0.164532
vt 0.0227818 0.204803
vt 0.0309521 0.206429
vt 0.0373068 0.18548
vt 0.0227818 0.204803
vt 0.0373068 0.18548
vt 0.0293735 0.183074
vt 0.0146115 0.203178
vt 0.0227818 0.204803
vt 0.0293735 0.183074
vt 0.0146115 0.203178
vt 0.0293735 0.183074
vt 0.0214402 0.180667
vt 0.0214402 0.180667
vt 0.0293735 0.183074
vt 0.0359652 0.161344
vt 0.0214402 0.180667
vt 0.0359652 0.161344
vt 0.0282689 0.158156
vt 0.28125 0.979359
vt 0.28125 1
vt 0.296875 1
vt 0.28125 0.979359
vt 0.296875 1
vt 0.296875 0.979358
vt 0.28125 0.958717
vt 0.28125 0.979359
vt 0.296875 0.979358
vt 0.28125 0.958717
vt 0.296875 0.979358
vt 0.296875 0.958717
vt 0.296875 0.958717
vt 0.296875 0.979358
vt 0.3125 0.979358
vt 0.296875 0.958717
vt 0.3125 0.979358
vt 0.3125 0.958717
vt 0.0526895 0.168271
vt 0.0617175 0.172011
vt 0.0711338 0.154394
vt 0.0526895 0.168271
vt 0.0711338 0.154394
vt 0.0625573 0.14981
vt 0.0436614 0.164532
vt 0.0526895 0.168271
vt 0.0625573 0.14981
vt 0.0436614 0.164532
vt 0.0625573 0.14981
vt 0.0539808 0.145226
vt 0.0539808 0.145226
vt 0.0625573 0.14981
vt 0.0724252 0.131348
vt 0.0539808 0.145226
vt 0.0724252 0.131348
vt 0.0643002 0.125919
vt 0.0359652 0.161344
vt 0.0436614 0.164532
vt 0.0539808 0.145226
vt 0.0359652 0.161344
vt 0.0539808 0.145226
vt 0.0466695 0.141318
vt 0.0282689 0.158156
vt 0.0359652 0.161344
vt 0.0466695 0.141318
vt 0.0282689 0.158156
vt 0.0466695 0.141318
vt 0.0393581 0.13741
vt 0.0393581 0.13741
vt 0.0466695 0.141318
vt 0.0573737 0.121291
vt 0.0393581 0.13741
vt 0.0573737 0.121291
vt 0.0504473 0.116663
vt 0.3125 0.979358
vt 0.3125 1
vt 0.328125 1
vt 0.3125 0.979358
vt 0.328125 1
vt 0.328125 0.979358
vt 0.3125 0.958717
vt 0.3125 0.979358
vt 0.328125 0.979358
vt 0.3125 0.958717
vt 0.328125 0.979358
vt 0.328125 0.958717
vt 0.328125 0.958717
vt 0.328125 0.979358
vt 0.34375 0.979358
vt 0.328125 0.958717
vt 0.34375 0.979358
vt 0.34375 0.958717
vt 0.0724252 0.131348
vt 0.0805502 0.136777
vt 0.0932225 0.121336
vt 0.0724252 0.131348
vt 0.0932225 0.121336
vt 0.0857051 0.115167
vt 0.0643002 0.125919
vt 0.0724252 0.131348
vt 0.0857051 0.115167
vt 0.0643002 0.125919
vt 0.0857051 0.115167
vt 0.0781877 0.108997
vt 0.0781877 0.108997
vt 0.0857051 0.115167
vt 0.0989851 0.098985
vt 0.0781877 0.108997
vt 0.0989851 0.098985
vt 0.0920753 0.0920753
vt 0.0573737 0.121291
vt 0.0643002 0.125919
vt 0.0781877 0.108997
vt 0.0573737 0.121291
vt 0.0781877 0.108997
vt 0.0717793 0.103738
vt 0.0504473 0.116663
vt 0.0573737 0.121291
vt 0.0717793 0.103738
vt 0.0504473 0.116663
vt 0.0717793 0.103738
vt 0.0653708 0.0984788
vt 0.0653708 0.0984788
vt 0.0717793 0.103738
vt 0.0861848 0.0861848
vt 0.0653708 0.0984788
vt 0.0861848 0.0861848
vt 0.0802944 0.0802944
vt 0.34375 0.979358
vt 0.34375 1
vt 0.359375 1
vt 0.34375 0.979358
vt 0.359375 1
vt 0.359375 0.979358
vt 0.34375 0.958717
vt 0.34375 0.979358
vt 0.359375 0.979358
vt 0.34375 0.958717
vt 0.359375 0.979358
vt 0.359375 0.958717
vt 0.359375 0.958717
vt 0.359375 0.979358
vt 0.375 0.979359
vt 0.359375 0.958717
vt 0.375 0.979359
vt 0.375 0.958717
vt 0.0989851 0.098985
vt 0.105895 0.105895
vt 0.121336 0.0932225
vt 0.0989851 0.098985
vt 0.121336 0.0932225
vt 0.115167 0.0857051
vt 0.0920753 0.0920753
vt 0.0989851 0.098985
vt 0.115167 0.0857051
vt 0.0920753 0.0920753
vt 0.115167 0.0857051
vt 0.108997 0.0781877
vt 0.108997 0.0781877
vt 0.115167 0.0857051
vt 0.131348 0.0724252
vt 0.108997 0.0781877
vt 0.131348 0.0724252
vt 0.125919 0.0643002
vt 0.0861848 0.0861848
vt 0.0920753 0.0920753
vt 0.108997 0.0781877
vt 0.0861848 0.0861848
vt 0.108997 0.0781877
vt 0.103738 0.0717793
vt 0.0802944 0.0802944
vt 0.0861848 0.0861848
vt 0.103738 0.0717793
vt 0.0802944 0.0802944
vt 0.103738 0.0717793
vt 0.0984788 0.0653708
vt 0.0984788 0.0653708
vt 0.103738 0.0717793
vt 0.121291 0.0573737
vt 0.0984788 0.0653708
vt 0.121291 0.0573737
vt 0.116663 0.0504473
vt 0.375 0.979359
vt 0.375 1
vt 0.390625 1
vt 0.375 0.979359
vt 0.390625 1
vt 0.390625 0.979359
vt 0.375 0.958717
vt 0.375 0.979359
vt 0.390625 0.979359
vt 0.375 0.958717
vt 0.390625 0.979359
vt 0.390625 0.958717
vt 0.390625 0.958717
vt 0.390625 0.979359
vt 0.40625 0.979359
vt 0.390625 0.958717
vt 0.40625 0.979359
vt 0.40625 0.958717
vt 0.131348 0.0724252
vt 0.136777 0.0805502
vt 0.154394 0.0711338
vt 0.131348 0.0724252
vt 0.154394 0.0711338
vt 0.14981 0.0625573
vt 0.125919 0.0643002
vt 0.131348 0.0724252
vt 0.14981 0.0625573
vt 0.125919 0.0643002
vt 0.14981 0.0625573
vt 0.145226 0.0539808
vt 0.145226 0.0539808
vt 0.14981 0.0625573
vt 0.168271 0.0526894
vt 0.145226 0.0539808
vt 0.168271 0.0526894
vt 0.164532 0.0436614
vt 0.121291 0.0573737
vt 0.125919 0.0643002
vt 0.145226 0.0539808
vt 0.121291 0.0573737
vt 0.145226 0.0539808
vt 0.141318 0.0466694
vt 0.116663 0.0504473
vt 0.121291 0.0573737
vt 0.141318 0.0466694
vt 0.116663 0.0504473
vt 0.141318 0.0466694
vt 0.13741 0.0393581
vt 0.13741 0.0393581
vt 0.141318 0.0466694
vt 0.161344 0.0359652
vt 0.13741 0.0393581
vt 0.161344 0.0359652
vt 0.158156 0.0282689
vt 0.40625 0.979359
vt 0.40625 1
vt 0.421875 1
vt 0.40625 0.979359
vt 0.421875 1
vt 0.421875 0.979359
vt 0.40625 0.958717
vt 0.40625 0.979359
vt 0.421875 0.979359
vt 0.40625 0.958717
vt 0.421875 0.979359
vt 0.421875 0.958717
vt 0.421875 0.958717
vt 0.421875 0.979359
vt 0.4375 0.979359
vt 0.421875 0.958717
vt 0.4375 0.979359
vt 0.4375 0.958717
vt 0.168271 0.0526894
vt 0.172011 0.0617175
vt 0.191126 0.0559189
vt 0.168271 0.0526894
vt 0.191126 0.0559189
vt 0.188303 0.0466128
vt 0.164532 0.0436614
vt 0.168271 0.0526894
vt 0.188303 0.0466128
vt 0.164532 0.0436614
vt 0.188303 0.0466128
vt 0.18548 0.0373068
vt 0.18548 0.0373068
vt 0.188303 0.0466128
vt 0.208335 0.0405363
vt 0.18548 0.0373068
vt 0.208335 0.0405363
vt 0.206429 0.0309521
vt 0.161344 0.0359652
vt 0.164532 0.0436614
vt 0.18548 0.0373068
vt 0.161344 0.0359652
vt 0.18548 0.0373068
vt 0.183074 0.0293735
vt 0.158156 0.0282689
vt 0.161344 0.0359652
vt 0.183074 0.0293735
vt 0.158156 0.0282689
vt 0.183074 0.0293735
vt 0.180667 0.0214402
vt 0.180667 0.0214402
vt 0.183074 0.0293735
vt 0.204803 0.0227818
vt 0.180667 0.0214402
vt 0.204803 0.0227818
vt 0.203178 0.0146115
vt 0.4375 0.979359
vt 0.4375 1
vt 0.453125 1
vt 0.4375 0.979359
vt 0.453125 1
vt 0.453125 0.979359
vt 0.4375 0.958717
vt 0.4375 0.979359
vt 0.453125 0.979359
vt 0.4375 0.958717
vt 0.453125 0.979359
vt 0.453125 0.958717
vt 0.453125 0.958717
vt 0.453125 0.979359
vt 0.46875 0.979359
vt 0.453125 0.958717
vt 0.46875 0.979359
vt 0.46875 0.958717
vt 0.208335 0.0405363
vt 0.210241 0.0501204
vt 0.230121 0.0481624
vt 0.208335 0.0405363
vt 0.230121 0.0481624
vt 0.229167 0.0384844
vt 0.206429 0.0309521
vt 0.208335 0.0405363
vt 0.229167 0.0384844
vt 0.206429 0.0309521
vt 0.229167 0.0384844
vt 0.228214 0.0288065
vt 0.228214 0.0288065
vt 0.229167 0.0384844
vt 0.25 0.0364326
vt 0.228214 0.0288065
vt 0.25 0.0364326
vt 0.25 0.0266608
vt 0.204803 0.0227818
vt 0.206429 0.0309521
vt 0.228214 0.0288065
vt 0.204803 0.0227818
vt 0.228214 0.0288065
vt 0.227402 0.0205561
vt 0.203178 0.0146115
vt 0.204803 0.0227818
vt 0.227402 0.0205561
vt 0.203178 0.0146115
vt 0.227402 0.0205561
vt 0.226589 0.0123058
vt 0.226589 0.0123058
vt 0.227402 0.0205561
vt 0.25 0.0183304
vt 0.226589 0.0123058
vt 0.25 0.0183304
vt 0.25 0.01
vt 0.46875 0.979359
vt 0.46875 1
vt 0.484375 1
vt 0.46875 0.979359
vt 0.484375 1
vt 0.484375 0.979359
vt 0.46875 0.958717
vt 0.46875 0.979359
vt 0.484375 0.979359
vt 0.46875 0.958717
vt 0.484375 0.979359
vt 0.484375 0.958717
vt 0.484375 0.958717
vt 0.484375 0.979359
vt 0.5 0.979359
vt 0.484375 0.958717
vt 0.5 0.979359
vt 0.5 0.958717
vt 0.25 0.0364326
vt 0.25 0.0462045
vt 0.269879 0.0481625
vt 0.25 0.0364326
vt 0.269879 0.0481625
vt 0.270832 0.0384845
vt 0.25 0.0266608
vt 0.25 0.0364326
vt 0.270832 0.0384845
vt 0.25 0.0266608
vt 0.270832 0.0384845
vt 0.271786 0.0288065
vt 0.271786 0.0288065
vt 0.270832 0.0384845
vt 0.291665 0.0405363
vt 0.271786 0.0288065
vt 0.291665 0.0405363
vt 0.293571 0.0309521
vt 0.25 0.0183304
vt 0.25 0.0266608
vt 0.271786 0.0288065
vt 0.25 0.0183304
vt 0.271786 0.0288065
vt 0.272598 0.0205561
vt 0.25 0.01
vt 0.25 0.0183304
vt 0.272598 0.0205561
vt 0.25 0.01
vt 0.272598 0.0205561
vt 0.273411 0.0123058
vt 0.273411 0.0123058
vt 0.272598 0.0205561
vt 0.295197 0.0227818
vt 0.273411 0.0123058
vt 0.295197 0.0227818
vt 0.296822 0.0146115
vt 0.5 0.979359
vt 0.5 1
vt 0.515625 1
vt 0.5 0.979359
vt 0.515625 1
vt 0.515625 0.979359
vt 0.5 0.958717
vt 0.5 0.979359
vt 0.515625 0.979359
vt 0.5 0.958717
vt 0.515625 0.979359
vt 0.515625 0.958717
vt 0.515625 0.958717
vt 0.515625 0.979359
vt 0.53125 0.979359
vt 0.515625 0.958717
vt 0.53125 0.979359
vt 0.53125 0.958717
vt 0.291665 0.0405363
vt 0.289759 0.0501204
vt 0.308874 0.0559189
vt 0.291665 0.0405363
vt 0.308874 0.0559189
vt 0.311697 0.0466129
vt 0.293571 0.0309521
vt 0.291665 0.0405363
vt 0.311697 0.0466129
vt 0.293571 0.0309521
vt 0.311697 0.0466129
vt 0.31452 0.0373068
vt 0.31452 0.0373068
vt 0.311697 0.0466129
vt 0.331729 0.0526895
vt 0.31452 0.0373068
vt 0.331729 0.0526895
vt 0.335468 0.0436614
vt 0.295197 0.0227818
vt 0.293571 0.0309521
vt 0.31452 0.0373068
vt 0.295197 0.0227818
vt 0.31452 0.0373068
vt 0.316926 0.0293735
vt 0.296822 0.0146115
vt 0.295197 0.0227818
vt 0.316926 0.0293735
vt 0.296822 0.0146115
vt 0.316926 0.0293735
vt 0.319333 0.0214402
vt 0.319333 0.0214402
vt 0.316926 0.0293735
vt 0.338656 0.0359652
vt 0.319333 0.0214402
vt 0.338656 0.0359652
vt 0.341844 0.0282689
vt 0.53125 0.979359
vt 0.53125 1
vt 0.546875 1
vt 0.53125 0.979359
vt 0.546875 1
vt 0.546875 0.979358
vt 0.53125 0.958717
vt 0.53125 0.979359
vt 0.546875 0.979358
vt 0.53125 0.958717
vt 0.546875 0.979358
vt 0.546875 0.958717
vt 0.546875 0.958717
vt 0.546875 0.979358
vt 0.5625 0.979358
vt 0.546875 0.958717
vt 0.5625 0.979358
vt 0.5625 0.958717
vt 0.331729 0.0526895
vt 0.327989 0.0617175
vt 0.345606 0.0711338
vt 0.331729 0.0526895
vt 0.345606 0.0711338
vt 0.35019 0.0625573
vt 0.335468 0.0436614
vt 0.331729 0.0526895
vt 0.35019 0.0625573
vt 0.335468 0.0436614
vt 0.35019 0.0625573
vt 0.354774 0.0539808
vt 0.354774 0.0539808
vt 0.35019 0.0625573
vt 0.368652 0.0724252
vt 0.354774 0.0539808
vt 0.368652 0.0724252
vt 0.374081 0.0643002
vt 0.338656 0.0359652
vt 0.335468 0.0436614
vt 0.354774 0.0539808
vt 0.338656 0.0359652
vt 0.354774 0.0539808
vt 0.358682 0.0466694
vt 0.341844 0.0282689
vt 0.338656 0.0359652
vt 0.358682 0.0466694
vt 0.341844 0.0282689
vt 0.358682 0.0466694
vt 0.36259 0.0393581
vt 0.36259 0.0393581
vt 0.358682 0.0466694
vt 0.378709 0.0573737
vt 0.36259 0.0393581
vt 0.378709 0.0573737
vt 0.383337 0.0504473
vt 0.5625 0.979358
vt 0.5625 1
vt 0.578125 1
vt 0.5625 0.979358
vt 0.578125 1
vt 0.578125 0.979358
vt 0.5625 0.958717
vt 0.5625 0.979358
vt 0.578125 0.979358
vt 0.5625 0.958717
vt 0.578125 0.979358
vt 0.578125 0.958717
vt 0.578125 0.958717
vt 0.578125 0.979358
vt 0.59375 0.979358
vt 0.578125 0.958717
vt 0.59375 0.979358
vt 0.59375 0.958717
vt 0.368652 0.0724252
vt 0.363223 0.0805502
vt 0.378664 0.0932225
vt 0.368652 0.0724252
vt 0.378664 0.0932225
vt 0.384833 0.0857051
vt 0.374081 0.0643002
vt 0.368652 0.0724252
vt 0.384833 0.0857051
vt 0.374081 0.0643002
vt 0.384833 0.0857051
vt 0.391003 0.0781877
vt 0.391003 0.0781877
vt 0.384833 0.0857051
vt 0.401015 0.098985
vt 0.391003 0.0781877
vt 0.401015 0.098985
vt 0.407925 0.0920753
vt 0.378709 0.0573737
vt 0.374081 0.0643002
vt 0.391003 0.0781877
vt 0.378709 0.0573737
vt 0.391003 0.0781877
vt 0.396262 0.0717793
vt 0.383337 0.0504473
vt 0.378709 0.0573737
vt 0.396262 0.0717793
vt 0.383337 0.0504473
vt 0.396262 0.0717793
vt 0.401521 0.0653708
vt 0.401521 0.0653708
vt 0.396262 0.0717793
vt 0.413815 0.0861848
vt 0.401521 0.0653708
vt 0.413815 0.0861848
vt 0.419706 0.0802944
vt 0.59375 0.979358
vt 0.59375 1
vt 0.609375 1
vt 0.59375 0.979358
vt 0.609375 1
vt 0.609375 0.979358
vt 0.59375 0.958717
vt 0.59375 0.979358
vt 0.609375 0.979358
vt 0.59375 0.958717
vt 0.609375 0.979358
vt 0.609375 0.958717
vt 0.609375 0.958717
vt 0.609375 0.979358
vt 0.625 0.979358
vt 0.609375 0.958717
vt 0.625 0.979358
vt 0.625 0.958717
vt 0.401015 0.098985
vt 0.394105 0.105895
vt 0.406777 0.121336
vt 0.401015 0.098985
vt 0.406777 0.121336
vt 0.414295 0.115167
vt 0.407925 0.0920753
vt 0.401015 0.098985
vt 0.414295 0.115167
vt 0.407925 0.0920753
vt 0.414295 0.115167
vt 0.421812 0.108997
vt 0.421812 0.108997
vt 0.414295 0.115167
vt 0.427575 0.131348
vt 0.421812 0.108997
vt 0.427575 0.131348
vt 0.4357 0.125919
vt 0.413815 0.0861848
vt 0.407925 0.0920753
vt 0.421812 0.108997
vt 0.413815 0.0861848
vt 0.421812 0.108997
vt 0.428221 0.103738
vt 0.419706 0.0802944
vt 0.413815 0.0861848
vt 0.428221 0.103738
vt 0.419706 0.0802944
vt 0.428221 0.103738
vt 0.434629 0.0984788
vt 0.434629 0.0984788
vt 0.428221 0.103738
vt 0.442626 0.121291
vt 0.434629 0.0984788
vt 0.442626 0.121291
vt 0.449553 0.116663
vt 0.625 0.979358
vt 0.625 1
vt 0.640625 1
vt 0.625 0.979358
vt 0.640625 1
vt 0.640625 0.979358
vt 0.625 0.958717
vt 0.625 0.979358
vt 0.640625 0.979358
vt 0.625 0.958717
vt 0.640625 0.979358
vt 0.640625 0.958717
vt 0.640625 0.958717
vt 0.640625 0.979358
vt 0.65625 0.979359
vt 0.640625 0.958717
vt 0.65625 0.979359
vt 0.65625 0.958717
vt 0.427575 0.131348
vt 0.41945 0.136777
vt 0.428866 0.154394
vt 0.427575 0.131348
vt 0.428866 0.154394
vt 0.437443 0.14981
vt 0.4357 0.125919
vt 0.427575 0.131348
vt 0.437443 0.14981
vt 0.4357 0.125919
vt 0.437443 0.14981
vt 0.446019 0.145226
vt 0.446019 0.145226
vt 0.437443 0.14981
vt 0.447311 0.168271
vt 0.446019 0.145226
vt 0.447311 0.168271
vt 0.456339 0.164532
vt 0.442626 0.121291
vt 0.4357 0.125919
vt 0.446019 0.145226
vt 0.442626 0.121291
vt 0.446019 0.145226
vt 0.453331 0.141318
vt 0.449553 0.116663
vt 0.442626 0.121291
vt 0.453331 0.141318
vt 0.449553 0.116663
vt 0.453331 0.141318
vt 0.460642 0.13741
vt 0.460642 0.13741
vt 0.453331 0.141318
vt 0.464035 0.161344
vt 0.460642 0.13741
vt 0.464035 0.161344
vt 0.471731 0.158156
vt 0.65625 0.979359
vt 0.65625 1
vt 0.671875 1
vt 0.65625 0.979359
vt 0.671875 1
vt 0.671875 0.979359
vt 0.65625 0.958717
vt 0.65625 0.979359
vt 0.671875 0.979359
vt 0.65625 0.958717
vt 0.671875 0.979359
vt 0.671875 0.958717
vt 0.671875 0.958717
vt 0.671875 0.979359
vt 0.6875 0.979359
vt 0.671875 0.958717
vt 0.6875 0.979359
vt 0.6875 0.958717
vt 0.447311 0.168271
vt 0.438282 0.172011
vt 0.444081 0.191126
vt 0.447311 0.168271
vt 0.444081 0.191126
vt 0.453387 0.188303
vt 0.456339 0.164532
vt 0.447311 0.168271
vt 0.453387 0.188303
vt 0.456339 0.164532
vt 0.453387 0.188303
vt 0.462693 0.18548
vt 0.462693 0.18548
vt 0.453387 0.188303
vt 0.459464 0.208335
vt 0.462693 0.18548
vt 0.459464 0.208335
vt 0.469048 0.206429
vt 0.464035 0.161344
vt 0.456339 0.164532
vt 0.462693 0.18548
vt 0.464035 0.161344
vt 0.462693 0.18548
vt 0.470626 0.183074
vt 0.471731 0.158156
vt 0.464035 0.161344
vt 0.470626 0.183074
vt 0.471731 0.158156
vt 0.470626 0.183074
vt 0.47856 0.180667
vt 0.47856 0.180667
vt 0.470626 0.183074
vt 0.477218 0.204804
vt 0.47856 0.180667
vt 0.477218 0.204804
vt 0.485388 0.203178
vt 0.6875 0.979359
vt 0.6875 1
vt 0.703125 1
vt 0.6875 0.979359
vt 0.703125 1
vt 0.703127 0.979379
vt 0.6875 0.958717
vt 0.6875 0.979359
vt 0.703127 0.979379
vt 0.6875 0.958717
vt 0.703127 0.979379
vt 0.703129 0.958757
vt 0.703129 0.958757
vt 0.703127 0.979379
vt 0.718754 0.979398
vt 0.703129 0.958757
vt 0.718754 0.979398
vt 0.718758 0.958797
vt 0.459464 0.208335
vt 0.44988 0.210242
vt 0.451838 0.230121
vt 0.459464 0.208335
vt 0.451838 0.230121
vt 0.461519 0.229168
vt 0.469048 0.206429
vt 0.459464 0.208335
vt 0.461519 0.229168
vt 0.469048 0.206429
vt 0.461519 0.229168
vt 0.471201 0.228214
vt 0.471201 0.228214
vt 0.461519 0.229168
vt 0.463575 0.25
vt 0.471201 0.228214
vt 0.463575 0.25
vt 0.473354 0.25
vt 0.477218 0.204804
vt 0.469048 0.206429
vt 0.471201 0.228214
vt 0.477218 0.204804
vt 0.471201 0.228214
vt 0.479447 0.227402
vt 0.485388 0.203178
vt 0.477218 0.204804
vt 0.479447 0.227402
vt 0.485388 0.203178
vt 0.479447 0.227402
vt 0.487694 0.226589
vt 0.487694 0.226589
vt 0.479447 0.227402
vt 0.481677 0.25
vt 0.487694 0.226589
vt 0.481677 0.25
vt 0.49 0.25
vt 0.718754 0.979398
vt 0.71875 1
vt 0.734375 1
vt 0.718754 0.979398
vt 0.734375 1
vt 0.734377 0.979239
vt 0.718758 0.958797
vt 0.718754 0.979398
vt 0.734377 0.979239
vt 0.718758 0.958797
vt 0.734377 0.979239
vt 0.734379 0.958478
vt 0.734379 0.958478
vt 0.734377 0.979239
vt 0.75 0.979079
vt 0.734379 0.958478
vt 0.75 0.979079
vt 0.75 0.958159
vt 0.463575 0.25
vt 0.453796 0.25
vt 0.451838 0.269879
vt 0.463575 0.25
vt 0.451838 0.269879
vt 0.461519 0.270832
vt 0.473354 0.25
vt 0.463575 0.25
vt 0.461519 0.270832
vt 0.473354 0.25
vt 0.461519 0.270832
vt 0.471201 0.271786
vt 0.471201 0.271786
vt 0.461519 0.270832
vt 0.459464 0.291665
vt 0.471201 0.271786
vt 0.459464 0.291665
vt 0.469048 0.293571
vt 0.481677 0.25
vt 0.473354 0.25
vt 0.471201 0.271786
vt 0.481677 0.25
vt 0.471201 0.271786
vt 0.479447 0.272598
vt 0.49 0.25
vt 0.481677 0.25
vt 0.479447 0.272598
vt 0.49 0.25
vt 0.479447 0.272598
vt 0.487694 0.273411
vt 0.487694 0.273411
vt 0.479447 0.272598
vt 0.477218 0.295196
vt 0.487694 0.273411
vt 0.477218 0.295196
vt 0.485388 0.296822
vt 0.75 0.979079
vt 0.75 1
vt 0.765625 1
vt 0.75 0.979079
vt 0.765625 1
vt 0.765623 0.979239
vt 0.75 0.958159
vt 0.75 0.979079
vt 0.765623 0.979239
vt 0.75 0.958159
vt 0.765623 0.979239
vt 0.765621 0.958478
vt 0.765621 0.958478
vt 0.765623 0.979239
vt 0.781246 0.979398
vt 0.765621 0.958478
vt 0.781246 0.979398
vt 0.781242 0.958797
vt 0.459464 0.291665
vt 0.44988 0.289758
vt 0.444081 0.308874
vt 0.459464 0.291665
vt 0.444081 0.308874
vt 0.453387 0.311697
vt 0.469048 0.293571
vt 0.459464 0.291665
vt 0.453387 0.311697
vt 0.469048 0.293571
vt 0.453387 0.311697
vt 0.462693 0.31452
vt 0.462693 0.31452
vt 0.453387 0.311697
vt 0.44731 0.331729
vt 0.462693 0.31452
vt 0.44731 0.331729
vt 0.456339 0.335468
vt 0.477218 0.295196
vt 0.469048 0.293571
vt 0.462693 0.31452
vt 0.477218 0.295196
vt 0.462693 0.31452
vt 0.470626 0.316926
vt 0.485388 0.296822
vt 0.477218 0.295196
vt 0.470626 0.316926
vt 0.485388 0.296822
vt 0.470626 0.316926
vt 0.47856 0.319333
vt 0.47856 0.319333
vt 0.470626 0.316926
vt 0.464035 0.338656
vt 0.47856 0.319333
vt 0.464035 0.338656
vt 0.471731 0.341844
vt 0.781246 0.979398
vt 0.78125 1
vt 0.796875 1
vt 0.781246 0.979398
vt 0.796875 1
vt 0.796873 0.979378
vt 0.781242 0.958797
vt 0.781246 0.979398
vt 0.796873 0.979378
vt 0.781242 0.958797
vt 0.796873 0.979378
vt 0.796871 0.958757
vt 0.796871 0.958757
vt 0.796873 0.979378
vt 0.8125 0.979358
vt 0.796871 0.958757
vt 0.8125 0.979358
vt 0.8125 0.958717
vt 0.44731 0.331729
vt 0.438282 0.327989
vt 0.428866 0.345606
vt 0.44731 0.331729
vt 0.428866 0.345606
vt 0.437443 0.35019
vt 0.456339 0.335468
vt 0.44731 0.331729
vt 0.437443 0.35019
vt 0.456339 0.335468
vt 0.437443 0.35019
vt 0.446019 0.354774
vt 0.446019 0.354774
vt 0.437443 0.35019
vt 0.427575 0.368652
vt 0.446019 0.354774
vt 0.427575 0.368652
vt 0.4357 0.374081
vt 0.464035 0.338656
vt 0.456339 0.335468
vt 0.446019 0.354774
vt 0.464035 0.338656
vt 0.446019 0.354774
vt 0.453331 0.358682
vt 0.471731 0.341844
vt 0.464035 0.338656
vt 0.453331 0.358682
vt 0.471731 0.341844
vt 0.453331 0.358682
vt 0.460642 0.36259
vt 0.460642 0.36259
vt 0.453331 0.358682
vt 0.442626 0.378709
vt 0.460642 0.36259
vt 0.442626 0.378709
vt 0.449553 0.383337
vt 0.8125 0.979358
vt 0.8125 1
vt 0.828125 1
vt 0.8125 0.979358
vt 0.828125 1
vt 0.828125 0.979358
vt 0.8125 0.958717
vt 0.8125 0.979358
vt 0.828125 0.979358
vt 0.8125 0.958717
vt 0.828125 0.979358
vt 0.828125 0.958717
vt 0.828125 0.958717
vt 0.828125 0.979358
vt 0.84375 0.979359
vt 0.828125 0.958717
vt 0.84375 0.979359
vt 0.84375 0.958717
vt 0.427575 0.368652
vt 0.41945 0.363223
vt 0.406777 0.378664
vt 0.427575 0.368652
vt 0.406777 0.378664
vt 0.414295 0.384833
vt 0.4357 0.374081
vt 0.427575 0.368652
vt 0.414295 0.384833
vt 0.4357 0.374081
vt 0.414295 0.384833
vt 0.421812 0.391003
vt 0.421812 0.391003
vt 0.414295 0.384833
vt 0.401015 0.401015
vt 0.421812 0.391003
vt 0.401015 0.401015
vt 0.407925 0.407925
vt 0.442626 0.378709
vt 0.4357 0.374081
vt 0.421812 0.391003
vt 0.442626 0.378709
vt 0.421812 0.391003
vt 0.428221 0.396262
vt 0.449553 0.383337
vt 0.442626 0.378709
vt 0.428221 0.396262
vt 0.449553 0.383337
vt 0.428221 0.396262
vt 0.434629 0.401521
vt 0.434629 0.401521
vt 0.428221 0.396262
vt 0.413815 0.413815
vt 0.434629 0.401521
vt 0.413815 0.413815
vt 0.419706 0.419706
vt 0.84375 0.979359
vt 0.84375 1
vt 0.859375 1
vt 0.84375 0.979359
vt 0.859375 1
vt 0.859375 0.979358
vt 0.84375 0.958717
vt 0.84375 0.979359
vt 0.859375 0.979358
vt 0.84375 0.958717
vt 0.859375 0.979358
vt 0.859375 0.958717
vt 0.859375 0.958717
vt 0.859375 0.979358
vt 0.875 0.979358
vt 0.859375 0.958717
vt 0.875 0.979358
vt 0.875 0.958717
vt 0.401015 0.401015
vt 0.394105 0.394105
vt 0.378664 0.406778
vt 0.401015 0.401015
vt 0.378664 0.406778
vt 0.384833 0.414295
vt 0.407925 0.407925
vt 0.401015 0.401015
vt 0.384833 0.414295
vt 0.407925 0.407925
vt 0.384833 0.414295
vt 0.391003 0.421812
vt 0.391003 0.421812
vt 0.384833 0.414295
vt 0.368652 0.427575
vt 0.391003 0.421812
vt 0.368652 0.427575
vt 0.374081 0.4357
vt 0.413815 0.413815
vt 0.407925 0.407925
vt 0.391003 0.421812
vt 0.413815 0.413815
vt 0.391003 0.421812
vt 0.396262 0.428221
vt 0.419706 0.419706
vt 0.413815 0.413815
vt 0.396262 0.428221
vt 0.419706 0.419706
vt 0.396262 0.428221
vt 0.401521 0.434629
vt 0.401521 0.434629
vt 0.396262 0.428221
vt 0.378709 0.442626
vt 0.401521 0.434629
vt 0.378709 0.442626
vt 0.383337 0.449553
vt 0.875 0.979358
vt 0.875 1
vt 0.890625 1
vt 0.875 0.979358
vt 0.890625 1
vt 0.890625 0.979358
vt 0.875 0.958717
vt 0.875 0.979358
vt 0.890625 0.979358
vt 0.875 0.958717
vt 0.890625 0.979358
vt 0.890625 0.958717
vt 0.890625 0.958717
vt 0.890625 0.979358
vt 0.90625 0.979359
vt 0.890625 0.958717
vt 0.90625 0.979359
vt 0.90625 0.958717
vt 0.368652 0.427575
vt 0.363223 0.41945
vt 0.345606 0.428866
vt 0.368652 0.427575
vt 0.345606 0.428866
vt 0.35019 0.437443
vt 0.374081 0.4357
vt 0.368652 0.427575
vt 0.35019 0.437443
vt 0.374081 0.4357
vt 0.35019 0.437443
vt 0.354774 0.446019
vt 0.354774 0.446019
vt 0.35019 0.437443
vt 0.331729 0.447311
vt 0.354774 0.446019
vt 0.331729 0.447311
vt 0.335468 0.456339
vt 0.378709 0.442626
vt 0.374081 0.4357
vt 0.354774 0.446019
vt 0.378709 0.442626
vt 0.354774 0.446019
vt 0.358682 0.453331
vt 0.383337 0.449553
vt 0.378709 0.442626
vt 0.358682 0.453331
vt 0.383337 0.449553
vt 0.358682 0.453331
vt 0.36259 0.460642
vt 0.36259 0.460642
vt 0.358682 0.453331
vt 0.338656 0.464035
vt 0.36259 0.460642
vt 0.338656 0.464035
vt 0.341844 0.471731
vt 0.90625 0.979359
vt 0.90625 1
vt 0.921875 1
vt 0.90625 0.979359
vt 0.921875 1
vt 0.921875 0.979358
vt 0.90625 0.958717
vt 0.90625 0.979359
vt 0.921875 0.979358
vt 0.90625 0.958717
vt 0.921875 0.979358
vt 0.921875 0.958717
vt 0.921875 0.958717
vt 0.921875 0.979358
vt 0.9375 0.979358
vt 0.921875 0.958717
vt 0.9375 0.979358
vt 0.9375 0.958717
vt 0.331729 0.447311
vt 0.327989 0.438282
vt 0.308874 0.444081
vt 0.331729 0.447311
vt 0.308874 0.444081
vt 0.311697 0.453387
vt 0.335468 0.456339
vt 0.331729 0.447311
vt 0.311697 0.453387
vt 0.335468 0.456339
vt 0.311697 0.453387
vt 0.31452 0.462693
vt 0.31452 0.462693
vt 0.311697 0.453387
vt 0.291665 0.459464
vt 0.31452 0.462693
vt 0.291665 0.459464
vt 0.293571 0.469048
vt 0.338656 0.464035
vt 0.335468 0.456339
vt 0.31452 0.462693
vt 0.338656 0.464035
vt 0.31452 0.462693
vt 0.316926 0.470626
vt 0.341844 0.471731
vt 0.338656 0.464035
vt 0.316926 0.470626
vt 0.341844 0.471731
vt 0.316926 0.470626
vt 0.319333 0.47856
vt 0.319333 0.47856
vt 0.316926 0.470626
vt 0.295197 0.477218
vt 0.319333 0.47856
vt 0.295197 0.477218
vt 0.296822 0.485388
vt 0.9375 0.979358
vt 0.9375 1
vt 0.953125 1
vt 0.9375 0.979358
vt 0.953125 1
vt 0.953125 0.979358
vt 0.9375 0.958717
vt 0.9375 0.979358
vt 0.953125 0.979358
vt 0.9375 0.958717
vt 0.953125 0.979358
vt 0.953125 0.958717
vt 0.953125 0.958717
vt 0.953125 0.979358
vt 0.96875 0.979359
vt 0.953125 0.958717
vt 0.96875 0.979359
vt 0.96875 0.958717
vt 0.291665 0.459464
vt 0.289759 0.44988
vt 0.269879 0.451837
vt 0.291665 0.459464
vt 0.269879 0.451837
vt 0.270832 0.461515
vt 0.293571 0.469048
vt 0.291665 0.459464
vt 0.270832 0.461515
vt 0.293571 0.469048
vt 0.270832 0.461515
vt 0.271786 0.471193
vt 0.271786 0.471193
vt 0.270832 0.461515
vt 0.25 0.463567
vt 0.271786 0.471193
vt 0.25 0.463567
vt 0.25 0.473339
vt 0.295197 0.477218
vt 0.293571 0.469048
vt 0.271786 0.471193
vt 0.295197 0.477218
vt 0.271786 0.471193
vt 0.272598 0.479444
vt 0.296822 0.485388
vt 0.295197 0.477218
vt 0.272598 0.479444
vt 0.296822 0.485388
vt 0.272598 0.479444
vt 0.273411 0.487694
vt 0.273411 0.487694
vt 0.272598 0.479444
vt 0.25 0.48167
vt 0.273411 0.487694
vt 0.25 0.48167
vt 0.25 0.49
vt 0.96875 0.979359
vt 0.96875 1
vt 0.984375 1
vt 0.96875 0.979359
vt 0.984375 1
vt 0.984227 0.979358
vt 0.96875 0.958717
vt 0.96875 0.979359
vt 0.984227 0.979358
vt 0.96875 0.958717
vt 0.984227 0.979358
vt 0.984078 0.958717
vt 0.984078 0.958717
vt 0.984227 0.979358
vt 0.999703 0.979358
vt 0.984078 0.958717
vt 0.999703 0.979358
vt 0.999407 0.958717
vt 0.984375 0.5
vt 0.96875 0.5
vt 0.96875 0.710672
vt 0.984375 0.5
vt 0.96875 0.710672
vt 0.984092 0.710672
vt 1 0.5
vt 0.984375 0.5
vt 0.984092 0.710672
vt 1 0.5
vt 0.984092 0.710672
vt 0.999435 0.710672
vt 0.999435 0.710672
vt 0.984092 0.710672
vt 0.98381 0.921343
vt 0.999435 0.710672
vt 0.98381 0.921343
vt 0.99887 0.921343
vt 0.953125 0.5
vt 0.9375 0.5
vt 0.9375 0.710672
vt 0.953125 0.5
vt 0.9375 0.710672
vt 0.953125 0.710672
vt 0.96875 0.5
vt 0.953125 0.5
vt 0.953125 0.710672
vt 0.96875 0.5
vt 0.953125 0.710672
vt 0.96875 0.710672
vt 0.96875 0.710672
vt 0.953125 0.710672
vt 0.953125 0.921343
vt 0.96875 0.710672
vt 0.953125 0.921343
vt 0.96875 0.921343
vt 0.921875 0.5
vt 0.90625 0.5
vt 0.90625 0.710672
vt 0.921875 0.5
vt 0.90625 0.710672
vt 0.921875 0.710672
vt 0.9375 0.5
vt 0.921875 0.5
vt 0.921875 0.710672
vt 0.9375 0.5
vt 0.921875 0.710672
vt 0.9375 0.710672
vt 0.9375 0.710672
vt 0.921875 0.710672
vt 0.921875 0.921343
vt 0.9375 0.710672
vt 0.921875 0.921343
vt 0.9375 0.921343
vt 0.890625 0.5
vt 0.875 0.5
vt 0.875 0.710672
vt 0.890625 0.5
vt 0.875 0.710672
vt 0.890625 0.710672
vt 0.90625 0.5
vt 0.890625 0.5
vt 0.890625 0.710672
vt 0.90625 0.5
vt 0.890625 0.710672
vt 0.90625 0.710672
vt 0.90625 0.710672
vt 0.890625 0.710672
vt 0.890625 0.921343
vt 0.90625 0.710672
vt 0.890625 0.921343
vt 0.90625 0.921343
vt 0.859375 0.5
vt 0.84375 0.5
vt 0.84375 0.710672
vt 0.859375 0.5
vt 0.84375 0.710672
vt 0.859375 0.710672
vt 0.875 0.5
vt 0.859375 0.5
vt 0.859375 0.710672
vt 0.875 0.5
vt 0.859375 0.710672
vt 0.875 0.710672
vt 0.875 0.710672
vt 0.859375 0.710672
vt 0.859375 0.921343
vt 0.875 0.710672
vt 0.859375 0.921343
vt 0.875 0.921343
vt 0.828125 0.5
vt 0.8125 0.5
vt 0.8125 0.710672
vt 0.828125 0.5
vt 0.8125 0.710672
vt 0.828125 0.710672
vt 0.84375 0.5
vt 0.828125 0.5
vt 0.828125 0.710672
vt 0.84375 0.5
vt 0.828125 0.710672
vt 0.84375 0.710672
vt 0.84375 0.710672
vt 0.828125 0.710672
vt 0.828125 0.921343
vt 0.84375 0.710672
vt 0.828125 0.921343
vt 0.84375 0.921343
vt 0.796875 0.5
vt 0.78125 0.5
vt 0.781242 0.710748
vt 0.796875 0.5
vt 0.781242 0.710748
vt 0.796871 0.71071
vt 0.8125 0.5
vt 0.796875 0.5
vt 0.796871 0.71071
vt 0.8125 0.5
vt 0.796871 0.71071
vt 0.8125 0.710672
vt 0.8125 0.710672
vt 0.796871 0.71071
vt 0.796867 0.921419
vt 0.8125 0.710672
vt 0.796867 0.921419
vt 0.8125 0.921343
vt 0.765625 0.5
vt 0.75 0.5
vt 0.75 0.710528
vt 0.765625 0.5
vt 0.75 0.710528
vt 0.765621 0.710638
vt 0.78125 0.5
vt 0.765625 0.5
vt 0.765621 0.710638
vt 0.78125 0.5
vt 0.765621 0.710638
vt 0.781242 0.710748
vt 0.781242 0.710748
vt 0.765621 0.710638
vt 0.765617 0.921276
vt 0.781242 0.710748
vt 0.765617 0.921276
vt 0.781234 0.921496
vt 0.734375 0.5
vt 0.71875 0.5
vt 0.718758 0.710748
vt 0.734375 0.5
vt 0.718758 0.710748
vt 0.734379 0.710638
vt 0.75 0.5
vt 0.734375 0.5
vt 0.734379 0.710638
vt 0.75 0.5
vt 0.734379 0.710638
vt 0.75 0.710528
vt 0.75 0.710528
vt 0.734379 0.710638
vt 0.734383 0.921276
vt 0.75 0.710528
vt 0.734383 0.921276
vt 0.75 0.921056
vt 0.703125 0.5
vt 0.6875 0.5
vt 0.6875 0.710672
vt 0.703125 0.5
vt 0.6875 0.710672
vt 0.703129 0.71071
vt 0.71875 0.5
vt 0.703125 0.5
vt 0.703129 0.71071
vt 0.71875 0.5
vt 0.703129 0.71071
vt 0.718758 0.710748
vt 0.718758 0.710748
vt 0.703129 0.71071
vt 0.703133 0.921419
vt 0.718758 0.710748
vt 0.703133 0.921419
vt 0.718766 0.921496
vt 0.671875 0.5
vt 0.65625 0.5
vt 0.65625 0.710672
vt 0.671875 0.5
vt 0.65625 0.710672
vt 0.671875 0.710672
vt 0.6875 0.5
vt 0.671875 0.5
vt 0.671875 0.710672
vt 0.6875 0.5
vt 0.671875 0.710672
vt 0.6875 0.710672
vt 0.6875 0.710672
vt 0.671875 0.710672
vt 0.671875 0.921343
vt 0.6875 0.710672
vt 0.671875 0.921343
vt 0.6875 0.921343
vt 0.640625 0.5
vt 0.625 0.5
vt 0.625 0.710672
vt 0.640625 0.5
vt 0.625 0.710672
vt 0.640625 0.710672
vt 0.65625 0.5
vt 0.640625 0.5
vt 0.640625 0.710672
vt 0.65625 0.5
vt 0.640625 0.710672
vt 0.65625 0.710672
vt 0.65625 0.710672
vt 0.640625 0.710672
vt 0.640625 0.921343
vt 0.65625 0.710672
vt 0.640625 0.921343
vt 0.65625 0.921343
vt 0.609375 0.5
vt 0.59375 0.5
vt 0.59375 0.710672
vt 0.609375 0.5
vt 0.59375 0.710672
vt 0.609375 0.710672
vt 0.625 0.5
vt 0.609375 0.5
vt 0.609375 0.710672
vt 0.625 0.5
vt 0.609375 0.710672
vt 0.625 0.710672
vt 0.625 0.710672
vt 0.609375 0.710672
vt 0.609375 0.921343
vt 0.625 0.710672
vt 0.609375 0.921343
vt 0.625 0.921343
vt 0.578125 0.5
vt 0.5625 0.5
vt 0.5625 0.710672
vt 0.578125 0.5
vt 0.5625 0.710672
vt 0.578125 0.710672
vt 0.59375 0.5
vt 0.578125 0.5
vt 0.578125 0.710672
vt 0.59375 0.5
vt 0.578125 0.710672
vt 0.59375 0.710672
vt 0.59375 0.710672
vt 0.578125 0.710672
vt 0.578125 0.921343
vt 0.59375 0.710672
vt 0.578125 0.921343
vt 0.59375 0.921343
vt 0.546875 0.5
vt 0.53125 0.5
vt 0.53125 0.710672
vt 0.546875 0.5
vt 0.53125 0.710672
vt 0.546875 0.710672
vt 0.5625 0.5
vt 0.546875 0.5
vt 0.546875 0.710672
vt 0.5625 0.5
vt 0.546875 0.710672
vt 0.5625 0.710672
vt 0.5625 0.710672
vt 0.546875 0.710672
vt 0.546875 0.921343
vt 0.5625 0.710672
vt 0.546875 0.921343
vt 0.5625 0.921343
vt 0.515625 0.5
vt 0.5 0.5
vt 0.5 0.710672
vt 0.515625 0.5
vt 0.5 0.710672
vt 0.515625 0.710672
vt 0.53125 0.5
vt 0.515625 0.5
vt 0.515625 0.710672
vt 0.53125 0.5
vt 0.515625 0.710672
vt 0.53125 0.710672
vt 0.53125 0.710672
vt 0.515625 0.710672
vt 0.515625 0.921343
vt 0.53125 0.710672
vt 0.515625 0.921343
vt 0.53125 0.921343
vt 0.484375 0.5
vt 0.46875 0.5
vt 0.46875 0.710672
vt 0.484375 0.5
vt 0.46875 0.710672
vt 0.484375 0.710672
vt 0.5 0.5
vt 0.484375 0.5
vt 0.484375 0.710672
vt 0.5 0.5
vt 0.484375 0.710672
vt 0.5 0.710672
vt 0.5 0.710672
vt 0.484375 0.710672
vt 0.484375 0.921343
vt 0.5 0.710672
vt 0.484375 0.921343
vt 0.5 0.921343
vt 0.453125 0.5
vt 0.4375 0.5
vt 0.4375 0.710672
vt 0.453125 0.5
vt 0.4375 0.710672
vt 0.453125 0.710672
vt 0.46875 0.5
vt 0.453125 0.5
vt 0.453125 0.710672
vt 0.46875 0.5
vt 0.453125 0.710672
vt 0.46875 0.710672
vt 0.46875 0.710672
vt 0.453125 0.710672
vt 0.453125 0.921343
vt 0.46875 0.710672
vt 0.453125 0.921343
vt 0.46875 0.921343
vt 0.421875 0.5
vt 0.40625 0.5
vt 0.40625 0.710672
vt 0.421875 0.5
vt 0.40625 0.710672
vt 0.421875 0.710672
vt 0.4375 0.5
vt 0.421875 0.5
vt 0.421875 0.710672
vt 0.4375 0.5
vt 0.421875 0.710672
vt 0.4375 0.710672
vt 0.4375 0.710672
vt 0.421875 0.710672
vt 0.421875 0.921343
vt 0.4375 0.710672
vt 0.421875 0.921343
vt 0.4375 0.921343
vt 0.390625 0.5
vt 0.375 0.5
vt 0.375 0.710672
vt 0.390625 0.5
vt 0.375 0.710672
vt 0.390625 0.710672
vt 0.40625 0.5
vt 0.390625 0.5
vt 0.390625 0.710672
vt 0.40625 0.5
vt 0.390625 0.710672
vt 0.40625 0.710672
vt 0.40625 0.710672
vt 0.390625 0.710672
vt 0.390625 0.921343
vt 0.40625 0.710672
vt 0.390625 0.921343
vt 0.40625 0.921343
vt 0.359375 0.5
vt 0.34375 0.5
vt 0.34375 0.710671
vt 0.359375 0.5
vt 0.34375 0.710671
vt 0.359375 0.710672
vt 0.375 0.5
vt 0.359375 0.5
vt 0.359375 0.710672
vt 0.375 0.5
vt 0.359375 0.710672
vt 0.375 0.710672
vt 0.375 0.710672
vt 0.359375 0.710672
vt 0.359375 0.921343
vt 0.375 0.710672
vt 0.359375 0.921343
vt 0.375 0.921343
vt 0.328125 0.5
vt 0.3125 0.5
vt 0.3125 0.710672
vt 0.328125 0.5
vt 0.3125 0.710672
vt 0.328125 0.710671
vt 0.34375 0.5
vt 0.328125 0.5
vt 0.328125 0.710671
vt 0.34375 0.5
vt 0.328125 0.710671
vt 0.34375 0.710671
vt 0.34375 0.710671
vt 0.328125 0.710671
vt 0.328125 0.921343
vt 0.34375 0.710671
vt 0.328125 0.921343
vt 0.34375 0.921343
vt 0.296875 0.5
vt 0.28125 0.5
vt 0.28125 0.710672
vt 0.296875 0.5
vt 0.28125 0.710672
vt 0.296875 0.710672
vt 0.3125 0.5
vt 0.296875 0.5
vt 0.296875 0.710672
vt 0.3125 0.5
vt 0.296875 0.710672
vt 0.3125 0.710672
vt 0.3125 0.710672
vt 0.296875 0.710672
vt 0.296875 0.921343
vt 0.3125 0.710672
vt 0.296875 0.921343
vt 0.3125 0.921343
vt 0.265625 0.5
vt 0.25 0.5
vt 0.25 0.710672
vt 0.265625 0.5
vt 0.25 0.710672
vt 0.265625 0.710672
vt 0.28125 0.5
vt 0.265625 0.5
vt 0.265625 0.710672
vt 0.28125 0.5
vt 0.265625 0.710672
vt 0.28125 0.710672
vt 0.28125 0.710672
vt 0.265625 0.710672
vt 0.265625 0.921343
vt 0.28125 0.710672
vt 0.265625 0.921343
vt 0.28125 0.921343
vt 0.234375 0.5
vt 0.21875 0.5
vt 0.21875 0.710672
vt 0.234375 0.5
vt 0.21875 0.710672
vt 0.234375 0.710672
vt 0.25 0.5
vt 0.234375 0.5
vt 0.234375 0.710672
vt 0.25 0.5
vt 0.234375 0.710672
vt 0.25 0.710672
vt 0.25 0.710672
vt 0.234375 0.710672
vt 0.234375 0.921343
vt 0.25 0.710672
vt 0.234375 0.921343
vt 0.25 0.921343
vt 0.203125 0.5
vt 0.1875 0.5
vt 0.1875 0.710672
vt 0.203125 0.5
vt 0.1875 0.710672
vt 0.203125 0.710672
vt 0.21875 0.5
vt 0.203125 0.5
vt 0.203125 0.710672
vt 0.21875 0.5
vt 0.203125 0.710672
vt 0.21875 0.710672
vt 0.21875 0.710672
vt 0.203125 0.710672
vt 0.203125 0.921343
vt 0.21875 0.710672
vt 0.203125 0.921343
vt 0.21875 0.921343
vt 0.171875 0.5
vt 0.15625 0.5
vt 0.15625 0.710671
vt 0.171875 0.5
vt 0.15625 0.710671
vt 0.171875 0.710671
vt 0.1875 0.5
vt 0.171875 0.5
vt 0.171875 0.710671
vt 0.1875 0.5
vt 0.171875 0.710671
vt 0.1875 0.710672
vt 0.1875 0.710672
vt 0.171875 0.710671
vt 0.171875 0.921343
vt 0.1875 0.710672
vt 0.171875 0.921343
vt 0.1875 0.921343
vt 0.140625 0.5
vt 0.125 0.5
vt 0.125 0.710672
vt 0.140625 0.5
vt 0.125 0.710672
vt 0.140625 0.710671
vt 0.15625 0.5
vt 0.140625 0.5
vt 0.140625 0.710671
vt 0.15625 0.5
vt 0.140625 0.710671
vt 0.15625 0.710671
vt 0.15625 0.710671
vt 0.140625 0.710671
vt 0.140625 0.921343
vt 0.15625 0.710671
vt 0.140625 0.921343
vt 0.15625 0.921343
vt 0.109375 0.5
vt 0.09375 0.5
vt 0.09375 0.710672
vt 0.109375 0.5
vt 0.09375 0.710672
vt 0.109375 0.710672
vt 0.125 0.5
vt 0.109375 0.5
vt 0.109375 0.710672
vt 0.125 0.5
vt 0.109375 0.710672
vt 0.125 0.710672
vt 0.125 0.710672
vt 0.109375 0.710672
vt 0.109375 0.921343
vt 0.125 0.710672
vt 0.109375 0.921343
vt 0.125 0.921343
vt 0.078125 0.5
vt 0.0625 0.5
vt 0.0625 0.710672
vt 0.078125 0.5
vt 0.0625 0.710672
vt 0.078125 0.710672
vt 0.09375 0.5
vt 0.078125 0.5
vt 0.078125 0.710672
vt 0.09375 0.5
vt 0.078125 0.710672
vt 0.09375 0.710672
vt 0.09375 0.710672
vt 0.078125 0.710672
vt 0.078125 0.921343
vt 0.09375 0.710672
vt 0.078125 0.921343
vt 0.09375 0.921343
vt 0.046875 0.5
vt 0.03125 0.5
vt 0.03125 0.710672
vt 0.046875 0.5
vt 0.03125 0.710672
vt 0.046875 0.710672
vt 0.0625 0.5
vt 0.046875 0.5
vt 0.046875 0.710672
vt 0.0625 0.5
vt 0.046875 0.710672
vt 0.0625 0.710672
vt 0.0625 0.710672
vt 0.046875 0.710672
vt 0.046875 0.921343
vt 0.0625 0.710672
vt 0.046875 0.921343
vt 0.0625 0.921343
vt 0.015625 0.5
vt 0 0.5
vt 0.000564963 0.710672
vt 0.015625 0.5
vt 0.000564963 0.710672
vt 0.0159075 0.710672
vt 0.03125 0.5
vt 0.015625 0.5
vt 0.0159075 0.710672
vt 0.03125 0.5
vt 0.0159075 0.710672
vt 0.03125 0.710672
vt 0.03125 0.710672
vt 0.0159075 0.710672
vt 0.01619 0.921343
vt 0.03125 0.710672
vt 0.01619 0.921343
vt 0.03125 0.921343
vt 0.0764531 0.284521
vt 0.0764531 0.284521
vt 0.0814877 0.301118
vt 0.0764531 0.284521
vt 0.0814877 0.301118
vt 0.0814877 0.301118
vt 0.0764531 0.284521
vt 0.0764531 0.284521
vt 0.0814877 0.301118
vt 0.0764531 0.284521
vt 0.0814877 0.301118
vt 0.0814877 0.301118
vt 0.0814877 0.301118
vt 0.0814877 0.301118
vt 0.0865223 0.317715
vt 0.0814877 0.301118
vt 0.0865223 0.317715
vt 0.0865223 0.317715
vt 0.408085 0.144371
vt 0.408085 0.144371
vt 0.41687 0.160806
vt 0.408085 0.144371
vt 0.41687 0.160806
vt 0.41687 0.160806
vt 0.408085 0.144371
vt 0.408085 0.144371
vt 0.41687 0.160806
vt 0.408085 0.144371
vt 0.41687 0.160806
vt 0.41687 0.160806
vt 0.41687 0.160806
vt 0.41687 0.160806
vt 0.425655 0.177241
vt 0.41687 0.160806
vt 0.425655 0.177241
vt 0.425655 0.177241
vt 0.0730531 0.25
vt 0.0730531 0.25
vt 0.0747531 0.26726
vt 0.0730531 0.25
vt 0.0747531 0.26726
vt 0.0747531 0.26726
vt 0.0730531 0.25
vt 0.0730531 0.25
vt 0.0747531 0.26726
vt 0.0730531 0.25
vt 0.0747531 0.26726
vt 0.0747531 0.26726
vt 0.0747531 0.26726
vt 0.0747531 0.26726
vt 0.0764531 0.284521
vt 0.0747531 0.26726
vt 0.0764531 0.284521
vt 0.0764531 0.284521
vt 0.425655 0.177241
vt 0.425655 0.177241
vt 0.431065 0.195075
vt 0.425655 0.177241
vt 0.431065 0.195075
vt 0.431065 0.195075
vt 0.425655 0.177241
vt 0.425655 0.177241
vt 0.431065 0.195075
vt 0.425655 0.177241
vt 0.431065 0.195075
vt 0.431065 0.195075
vt 0.431065 0.195075
vt 0.431065 0.195075
vt 0.436475 0.212908
vt 0.431065 0.195075
vt 0.436475 0.212908
vt 0.436475 0.212908
vt 0.0764531 0.215479
vt 0.0764531 0.215479
vt 0.0747531 0.23274
vt 0.0764531 0.215479
vt 0.0747531 0.23274
vt 0.0747531 0.23274
vt 0.0764531 0.215479
vt 0.0764531 0.215479
vt 0.0747531 0.23274
vt 0.0764531 0.215479
vt 0.0747531 0.23274
vt 0.0747531 0.23274
vt 0.0747531 0.23274
vt 0.0747531 0.23274
vt 0.0730531 0.25
vt 0.0747531 0.23274
vt 0.0730531 0.25
vt 0.0730531 0.25
vt 0.436475 0.212908
vt 0.436475 0.212908
vt 0.438301 0.231454
vt 0.436475 0.212908
vt 0.438301 0.231454
vt 0.438301 0.231454
vt 0.436475 0.212908
vt 0.436475 0.212908
vt 0.438301 0.231454
vt 0.436475 0.212908
vt 0.438301 0.231454
vt 0.438301 0.231454
vt 0.438301 0.231454
vt 0.438301 0.231454
vt 0.440128 0.25
vt 0.438301 0.231454
vt 0.440128 0.25
vt 0.440128 0.25
vt 0.0865223 0.182285
vt 0.0865223 0.182285
vt 0.0814877 0.198882
vt 0.0865223 0.182285
vt 0.0814877 0.198882
vt 0.0814877 0.198882
vt 0.0865223 0.182285
vt 0.0865223 0.182285
vt 0.0814877 0.198882
vt 0.0865223 0.182285
vt 0.0814877 0.198882
vt 0.0814877 0.198882
vt 0.0814877 0.198882
vt 0.0814877 0.198882
vt 0.0764531 0.215479
vt 0.0814877 0.198882
vt 0.0764531 0.215479
vt 0.0764531 0.215479
vt 0.440128 0.25
vt 0.440128 0.25
vt 0.438301 0.268546
vt 0.440128 0.25
vt 0.438301 0.268546
vt 0.438301 0.268546
vt 0.440128 0.25
vt 0.440128 0.25
vt 0.438301 0.268546
vt 0.440128 0.25
vt 0.438301 0.268546
vt 0.438301 0.268546
vt 0.438301 0.268546
vt 0.438301 0.268546
vt 0.436475 0.287092
vt 0.438301 0.268546
vt 0.436475 0.287092
vt 0.436475 0.287092
vt 0.102874 0.151694
vt 0.102874 0.151694
vt 0.0946982 0.166989
vt 0.102874 0.151694
vt 0.0946982 0.166989
vt 0.0946982 0.166989
vt 0.102874 0.151694
vt 0.102874 0.151694
vt 0.0946982 0.166989
vt 0.102874 0.151694
vt 0.0946982 0.166989
vt 0.0946982 0.166989
vt 0.0946982 0.166989
vt 0.0946982 0.166989
vt 0.0865223 0.182285
vt 0.0946982 0.166989
vt 0.0865223 0.182285
vt 0.0865223 0.182285
vt 0.436475 0.287092
vt 0.436475 0.287092
vt 0.431065 0.304925
vt 0.436475 0.287092
vt 0.431065 0.304925
vt 0.431065 0.304925
vt 0.436475 0.287092
vt 0.436475 0.287092
vt 0.431065 0.304925
vt 0.436475 0.287092
vt 0.431065 0.304925
vt 0.431065 0.304925
vt 0.431065 0.304925
vt 0.431065 0.304925
vt 0.425655 0.322759
vt 0.431065 0.304925
vt 0.425655 0.322759
vt 0.425655 0.322759
vt 0.12488 0.12488
vt 0.12488 0.12488
vt 0.113877 0.138287
vt 0.12488 0.12488
vt 0.113877 0.138287
vt 0.113877 0.138287
vt 0.12488 0.12488
vt 0.12488 0.12488
vt 0.113877 0.138287
vt 0.12488 0.12488
vt 0.113877 0.138287
vt 0.113877 0.138287
vt 0.113877 0.138287
vt 0.113877 0.138287
vt 0.102874 0.151694
vt 0.113877 0.138287
vt 0.102874 0.151694
vt 0.102874 0.151694
vt 0.425655 0.322759
vt 0.425655 0.322759
vt 0.41687 0.339194
vt 0.425655 0.322759
vt 0.41687 0.339194
vt 0.41687 0.339194
vt 0.425655 0.322759
vt 0.425655 0.322759
vt 0.41687 0.339194
vt 0.425655 0.322759
vt 0.41687 0.339194
vt 0.41687 0.339194
vt 0.41687 0.339194
vt 0.41687 0.339194
vt 0.408085 0.35563
vt 0.41687 0.339194
vt 0.408085 0.35563
vt 0.408085 0.35563
vt 0.25 0.440128
vt 0.25 0.440128
vt 0.231454 0.438301
vt 0.25 0.440128
vt 0.231454 0.438301
vt 0.231454 0.438301
vt 0.25 0.440128
vt 0.25 0.440128
vt 0.231454 0.438301
vt 0.25 0.440128
vt 0.231454 0.438301
vt 0.231454 0.438301
vt 0.231454 0.438301
vt 0.231454 0.438301
vt 0.212908 0.436474
vt 0.231454 0.438301
vt 0.212908 0.436474
vt 0.212908 0.436474
vt 0.151694 0.102874
vt 0.151694 0.102874
vt 0.138287 0.113877
vt 0.151694 0.102874
vt 0.138287 0.113877
vt 0.138287 0.113877
vt 0.151694 0.102874
vt 0.151694 0.102874
vt 0.138287 0.113877
vt 0.151694 0.102874
vt 0.138287 0.113877
vt 0.138287 0.113877
vt 0.138287 0.113877
vt 0.138287 0.113877
vt 0.12488 0.12488
vt 0.138287 0.113877
vt 0.12488 0.12488
vt 0.12488 0.12488
vt 0.408085 0.35563
vt 0.408085 0.35563
vt 0.396263 0.370035
vt 0.408085 0.35563
vt 0.396263 0.370035
vt 0.396263 0.370035
vt 0.408085 0.35563
vt 0.408085 0.35563
vt 0.396263 0.370035
vt 0.408085 0.35563
vt 0.396263 0.370035
vt 0.396263 0.370035
vt 0.396263 0.370035
vt 0.396263 0.370035
vt 0.384441 0.384441
vt 0.396263 0.370035
vt 0.384441 0.384441
vt 0.384441 0.384441
vt 0.212908 0.436474
vt 0.212908 0.436474
vt 0.195075 0.431065
vt 0.212908 0.436474
vt 0.195075 0.431065
vt 0.195075 0.431065
vt 0.212908 0.436474
vt 0.212908 0.436474
vt 0.195075 0.431065
vt 0.212908 0.436474
vt 0.195075 0.431065
vt 0.195075 0.431065
vt 0.195075 0.431065
vt 0.195075 0.431065
vt 0.177241 0.425655
vt 0.195075 0.431065
vt 0.177241 0.425655
vt 0.177241 0.425655
vt 0.182285 0.0865223
vt 0.182285 0.0865223
vt 0.166989 0.0946981
vt 0.182285 0.0865223
vt 0.166989 0.0946981
vt 0.166989 0.0946981
vt 0.182285 0.0865223
vt 0.182285 0.0865223
vt 0.166989 0.0946981
vt 0.182285 0.0865223
vt 0.166989 0.0946981
vt 0.166989 0.0946981
vt 0.166989 0.0946981
vt 0.166989 0.0946981
vt 0.151694 0.102874
vt 0.166989 0.0946981
vt 0.151694 0.102874
vt 0.151694 0.102874
vt 0.384441 0.384441
vt 0.384441 0.384441
vt 0.370035 0.396263
vt 0.384441 0.384441
vt 0.370035 0.396263
vt 0.370035 0.396263
vt 0.384441 0.384441
vt 0.384441 0.384441
vt 0.370035 0.396263
vt 0.384441 0.384441
vt 0.370035 0.396263
vt 0.370035 0.396263
vt 0.370035 0.396263
vt 0.370035 0.396263
vt 0.355629 0.408086
vt 0.370035 0.396263
vt 0.355629 0.408086
vt 0.355629 0.408086
vt 0.177241 0.425655
vt 0.177241 0.425655
vt 0.160806 0.41687
vt 0.177241 0.425655
vt 0.160806 0.41687
vt 0.160806 0.41687
vt 0.177241 0.425655
vt 0.177241 0.425655
vt 0.160806 0.41687
vt 0.177241 0.425655
vt 0.160806 0.41687
vt 0.160806 0.41687
vt 0.160806 0.41687
vt 0.160806 0.41687
vt 0.144371 0.408085
vt 0.160806 0.41687
vt 0.144371 0.408085
vt 0.144371 0.408085
vt 0.215479 0.076453
vt 0.215479 0.076453
vt 0.198882 0.0814877
vt 0.215479 0.076453
vt 0.198882 0.0814877
vt 0.198882 0.0814877
vt 0.215479 0.076453
vt 0.215479 0.076453
vt 0.198882 0.0814877
vt 0.215479 0.076453
vt 0.198882 0.0814877
vt 0.198882 0.0814877
vt 0.198882 0.0814877
vt 0.198882 0.0814877
vt 0.182285 0.0865223
vt 0.198882 0.0814877
vt 0.182285 0.0865223
vt 0.182285 0.0865223
vt 0.355629 0.408086
vt 0.355629 0.408086
vt 0.339194 0.41687
vt 0.355629 0.408086
vt 0.339194 0.41687
vt 0.339194 0.41687
vt 0.355629 0.408086
vt 0.355629 0.408086
vt 0.339194 0.41687
vt 0.355629 0.408086
vt 0.339194 0.41687
vt 0.339194 0.41687
vt 0.339194 0.41687
vt 0.339194 0.41687
vt 0.322759 0.425655
vt 0.339194 0.41687
vt 0.322759 0.425655
vt 0.322759 0.425655
vt 0.144371 0.408085
vt 0.144371 0.408085
vt 0.129965 0.396263
vt 0.144371 0.408085
vt 0.129965 0.396263
vt 0.129965 0.396263
vt 0.144371 0.408085
vt 0.144371 0.408085
vt 0.129965 0.396263
vt 0.144371 0.408085
vt 0.129965 0.396263
vt 0.129965 0.396263
vt 0.129965 0.396263
vt 0.129965 0.396263
vt 0.115559 0.384441
vt 0.129965 0.396263
vt 0.115559 0.384441
vt 0.115559 0.384441
vt 0.25 0.0730531
vt 0.25 0.0730531
vt 0.23274 0.0747531
vt 0.25 0.0730531
vt 0.23274 0.0747531
vt 0.23274 0.0747531
vt 0.25 0.0730531
vt 0.25 0.0730531
vt 0.23274 0.0747531
vt 0.25 0.0730531
vt 0.23274 0.0747531
vt 0.23274 0.0747531
vt 0.23274 0.0747531
vt 0.23274 0.0747531
vt 0.215479 0.076453
vt 0.23274 0.0747531
vt 0.215479 0.076453
vt 0.215479 0.076453
vt 0.322759 0.425655
vt 0.322759 0.425655
vt 0.304926 0.431065
vt 0.322759 0.425655
vt 0.304926 0.431065
vt 0.304926 0.431065
vt 0.322759 0.425655
vt 0.322759 0.425655
vt 0.304926 0.431065
vt 0.322759 0.425655
vt 0.304926 0.431065
vt 0.304926 0.431065
vt 0.304926 0.431065
vt 0.304926 0.431065
vt 0.287092 0.436474
vt 0.304926 0.431065
vt 0.287092 0.436474
vt 0.287092 0.436474
vt 0.115559 0.384441
vt 0.115559 0.384441
vt 0.103737 0.370035
vt 0.115559 0.384441
vt 0.103737 0.370035
vt 0.103737 0.370035
vt 0.115559 0.384441
vt 0.115559 0.384441
vt 0.103737 0.370035
vt 0.115559 0.384441
vt 0.103737 0.370035
vt 0.103737 0.370035
vt 0.103737 0.370035
vt 0.103737 0.370035
vt 0.0919145 0.355629
vt 0.103737 0.370035
vt 0.0919145 0.355629
vt 0.0919145 0.355629
vt 0.284521 0.0764531
vt 0.284521 0.0764531
vt 0.26726 0.0747531
vt 0.284521 0.0764531
vt 0.26726 0.0747531
vt 0.26726 0.0747531
vt 0.284521 0.0764531
vt 0.284521 0.0764531
vt 0.26726 0.0747531
vt 0.284521 0.0764531
vt 0.26726 0.0747531
vt 0.26726 0.0747531
vt 0.26726 0.0747531
vt 0.26726 0.0747531
vt 0.25 0.0730531
vt 0.26726 0.0747531
vt 0.25 0.0730531
vt 0.25 0.0730531
vt 0.287092 0.436474
vt 0.287092 0.436474
vt 0.268546 0.438301
vt 0.287092 0.436474
vt 0.268546 0.438301
vt 0.268546 0.438301
vt 0.287092 0.436474
vt 0.287092 0.436474
vt 0.268546 0.438301
vt 0.287092 0.436474
vt 0.268546 0.438301
vt 0.268546 0.438301
vt 0.268546 0.438301
vt 0.268546 0.438301
vt 0.25 0.440128
vt 0.268546 0.438301
vt 0.25 0.440128
vt 0.25 0.440128
vt 0.0919145 0.355629
vt 0.0919145 0.355629
vt 0.0831297 0.339194
vt 0.0919145 0.355629
vt 0.0831297 0.339194
vt 0.0831297 0.339194
vt 0.0919145 0.355629
vt 0.0919145 0.355629
vt 0.0831297 0.339194
vt 0.0919145 0.355629
vt 0.0831297 0.339194
vt 0.0831297 0.339194
vt 0.0831297 0.339194
vt 0.0831297 0.339194
vt 0.0743448 0.322759
vt 0.0831297 0.339194
vt 0.0743448 0.322759
vt 0.0743448 0.322759
vt 0.317715 0.0865223
vt 0.317715 0.0865223
vt 0.301118 0.0814877
vt 0.317715 0.0865223
vt 0.301118 0.0814877
vt 0.301118 0.0814877
vt 0.317715 0.0865223
vt 0.317715 0.0865223
vt 0.301118 0.0814877
vt 0.317715 0.0865223
vt 0.301118 0.0814877
vt 0.301118 0.0814877
vt 0.301118 0.0814877
vt 0.301118 0.0814877
vt 0.284521 0.0764531
vt 0.301118 0.0814877
vt 0.284521 0.0764531
vt 0.284521 0.0764531
vt 0.0743448 0.322759
vt 0.0743448 0.322759
vt 0.0689351 0.304925
vt 0.0743448 0.322759
vt 0.0689351 0.304925
vt 0.0689351 0.304925
vt 0.0743448 0.322759
vt 0.0743448 0.322759
vt 0.0689351 0.304925
vt 0.0743448 0.322759
vt 0.0689351 0.304925
vt 0.0689351 0.304925
vt 0.0689351 0.304925
vt 0.0689351 0.304925
vt 0.0635255 0.287092
vt 0.0689351 0.304925
vt 0.0635255 0.287092
vt 0.0635255 0.287092
vt 0.348306 0.102874
vt 0.348306 0.102874
vt 0.333011 0.0946981
vt 0.348306 0.102874
vt 0.333011 0.0946981
vt 0.333011 0.0946981
vt 0.348306 0.102874
vt 0.348306 0.102874
vt 0.333011 0.0946981
vt 0.348306 0.102874
vt 0.333011 0.0946981
vt 0.333011 0.0946981
vt 0.333011 0.0946981
vt 0.333011 0.0946981
vt 0.317715 0.0865223
vt 0.333011 0.0946981
vt 0.317715 0.0865223
vt 0.317715 0.0865223
vt 0.0635255 0.287092
vt 0.0635255 0.287092
vt 0.0616989 0.268546
vt 0.0635255 0.287092
vt 0.0616989 0.268546
vt 0.0616989 0.268546
vt 0.0635255 0.287092
vt 0.0635255 0.287092
vt 0.0616989 0.268546
vt 0.0635255 0.287092
vt 0.0616989 0.268546
vt 0.0616989 0.268546
vt 0.0616989 0.268546
vt 0.0616989 0.268546
vt 0.0598723 0.25
vt 0.0616989 0.268546
vt 0.0598723 0.25
vt 0.0598723 0.25
vt 0.214193 0.430011
vt 0.212908 0.436474
vt 0.231454 0.438301
vt 0.214193 0.430011
vt 0.231454 0.438301
vt 0.232097 0.431774
vt 0.215479 0.423547
vt 0.214193 0.430011
vt 0.232097 0.431774
vt 0.215479 0.423547
vt 0.232097 0.431774
vt 0.23274 0.425247
vt 0.23274 0.425247
vt 0.232097 0.431774
vt 0.25 0.433537
vt 0.23274 0.425247
vt 0.25 0.433537
vt 0.25 0.426947
vt 0.179763 0.419566
vt 0.177241 0.425655
vt 0.195075 0.431065
vt 0.179763 0.419566
vt 0.195075 0.431065
vt 0.196978 0.424789
vt 0.182285 0.413478
vt 0.179763 0.419566
vt 0.196978 0.424789
vt 0.182285 0.413478
vt 0.196978 0.424789
vt 0.198882 0.418512
vt 0.198882 0.418512
vt 0.196978 0.424789
vt 0.214193 0.430011
vt 0.198882 0.418512
vt 0.214193 0.430011
vt 0.215479 0.423547
vt 0.148032 0.402606
vt 0.144371 0.408085
vt 0.160806 0.41687
vt 0.148032 0.402606
vt 0.160806 0.41687
vt 0.163898 0.411086
vt 0.151694 0.397126
vt 0.148032 0.402606
vt 0.163898 0.411086
vt 0.151694 0.397126
vt 0.163898 0.411086
vt 0.166989 0.405302
vt 0.166989 0.405302
vt 0.163898 0.411086
vt 0.179763 0.419566
vt 0.166989 0.405302
vt 0.179763 0.419566
vt 0.182285 0.413478
vt 0.120219 0.379781
vt 0.115559 0.384441
vt 0.129965 0.396263
vt 0.120219 0.379781
vt 0.129965 0.396263
vt 0.134126 0.391193
vt 0.12488 0.37512
vt 0.120219 0.379781
vt 0.134126 0.391193
vt 0.12488 0.37512
vt 0.134126 0.391193
vt 0.138287 0.386123
vt 0.138287 0.386123
vt 0.134126 0.391193
vt 0.148032 0.402606
vt 0.138287 0.386123
vt 0.148032 0.402606
vt 0.151694 0.397126
vt 0.0973942 0.351968
vt 0.0919145 0.355629
vt 0.103737 0.370035
vt 0.0973942 0.351968
vt 0.103737 0.370035
vt 0.108807 0.365874
vt 0.102874 0.348306
vt 0.0973942 0.351968
vt 0.108807 0.365874
vt 0.102874 0.348306
vt 0.108807 0.365874
vt 0.113877 0.361713
vt 0.113877 0.361713
vt 0.108807 0.365874
vt 0.120219 0.379781
vt 0.113877 0.361713
vt 0.120219 0.379781
vt 0.12488 0.37512
vt 0.0804336 0.320237
vt 0.0743448 0.322759
vt 0.0831297 0.339194
vt 0.0804336 0.320237
vt 0.0831297 0.339194
vt 0.0889139 0.336102
vt 0.0865223 0.317715
vt 0.0804336 0.320237
vt 0.0889139 0.336102
vt 0.0865223 0.317715
vt 0.0889139 0.336102
vt 0.0946981 0.333011
vt 0.0946981 0.333011
vt 0.0889139 0.336102
vt 0.0973942 0.351968
vt 0.0946981 0.333011
vt 0.0973942 0.351968
vt 0.102874 0.348306
vt 0.0699893 0.285806
vt 0.0635255 0.287092
vt 0.0689351 0.304925
vt 0.0699893 0.285806
vt 0.0689351 0.304925
vt 0.0752114 0.303022
vt 0.0764531 0.284521
vt 0.0699893 0.285806
vt 0.0752114 0.303022
vt 0.0764531 0.284521
vt 0.0752114 0.303022
vt 0.0814877 0.301118
vt 0.0814877 0.301118
vt 0.0752114 0.303022
vt 0.0804336 0.320237
vt 0.0814877 0.301118
vt 0.0804336 0.320237
vt 0.0865223 0.317715
vt 0.0664627 0.25
vt 0.0598723 0.25
vt 0.0616989 0.268546
vt 0.0664627 0.25
vt 0.0616989 0.268546
vt 0.068226 0.267903
vt 0.0730531 0.25
vt 0.0664627 0.25
vt 0.068226 0.267903
vt 0.0730531 0.25
vt 0.068226 0.267903
vt 0.0747531 0.26726
vt 0.0747531 0.26726
vt 0.068226 0.267903
vt 0.0699893 0.285806
vt 0.0747531 0.26726
vt 0.0699893 0.285806
vt 0.0764531 0.284521
vt 0.0699893 0.214194
vt 0.0635255 0.212908
vt 0.0616989 0.231454
vt 0.0699893 0.214194
vt 0.0616989 0.231454
vt 0.068226 0.232097
vt 0.0764531 0.215479
vt 0.0699893 0.214194
vt 0.068226 0.232097
vt 0.0764531 0.215479
vt 0.068226 0.232097
vt 0.0747531 0.23274
vt 0.0747531 0.23274
vt 0.068226 0.232097
vt 0.0664627 0.25
vt 0.0747531 0.23274
vt 0.0664627 0.25
vt 0.0730531 0.25
vt 0.0804336 0.179763
vt 0.0743448 0.177241
vt 0.0689352 0.195075
vt 0.0804336 0.179763
vt 0.0689352 0.195075
vt 0.0752114 0.196978
vt 0.0865223 0.182285
vt 0.0804336 0.179763
vt 0.0752114 0.196978
vt 0.0865223 0.182285
vt 0.0752114 0.196978
vt 0.0814877 0.198882
vt 0.0814877 0.198882
vt 0.0752114 0.196978
vt 0.0699893 0.214194
vt 0.0814877 0.198882
vt 0.0699893 0.214194
vt 0.0764531 0.215479
vt 0.0973942 0.148032
vt 0.0919145 0.144371
vt 0.0831297 0.160806
vt 0.0973942 0.148032
vt 0.0831297 0.160806
vt 0.0889139 0.163898
vt 0.102874 0.151694
vt 0.0973942 0.148032
vt 0.0889139 0.163898
vt 0.102874 0.151694
vt 0.0889139 0.163898
vt 0.0946982 0.166989
vt 0.0946982 0.166989
vt 0.0889139 0.163898
vt 0.0804336 0.179763
vt 0.0946982 0.166989
vt 0.0804336 0.179763
vt 0.0865223 0.182285
vt 0.120219 0.120219
vt 0.115559 0.115559
vt 0.103737 0.129965
vt 0.120219 0.120219
vt 0.103737 0.129965
vt 0.108807 0.134126
vt 0.12488 0.12488
vt 0.120219 0.120219
vt 0.108807 0.134126
vt 0.12488 0.12488
vt 0.108807 0.134126
vt 0.113877 0.138287
vt 0.113877 0.138287
vt 0.108807 0.134126
vt 0.0973942 0.148032
vt 0.113877 0.138287
vt 0.0973942 0.148032
vt 0.102874 0.151694
vt 0.148032 0.0973942
vt 0.144371 0.0919145
vt 0.129965 0.103737
vt 0.148032 0.0973942
vt 0.129965 0.103737
vt 0.134126 0.108807
vt 0.151694 0.102874
vt 0.148032 0.0973942
vt 0.134126 0.108807
vt 0.151694 0.102874
vt 0.134126 0.108807
vt 0.138287 0.113877
vt 0.138287 0.113877
vt 0.134126 0.108807
vt 0.120219 0.120219
vt 0.138287 0.113877
vt 0.120219 0.120219
vt 0.12488 0.12488
vt 0.179763 0.0804335
vt 0.177241 0.0743448
vt 0.160806 0.0831296
vt 0.179763 0.0804335
vt 0.160806 0.0831296
vt 0.163898 0.0889139
vt 0.182285 0.0865223
vt 0.179763 0.0804335
vt 0.163898 0.0889139
vt 0.182285 0.0865223
vt 0.163898 0.0889139
vt 0.166989 0.0946981
vt 0.166989 0.0946981
vt 0.163898 0.0889139
vt 0.148032 0.0973942
vt 0.166989 0.0946981
vt 0.148032 0.0973942
vt 0.151694 0.102874
vt 0.214193 0.0699892
vt 0.212908 0.0635255
vt 0.195075 0.0689351
vt 0.214193 0.0699892
vt 0.195075 0.0689351
vt 0.196978 0.0752114
vt 0.215479 0.076453
vt 0.214193 0.0699892
vt 0.196978 0.0752114
vt 0.215479 0.076453
vt 0.196978 0.0752114
vt 0.198882 0.0814877
vt 0.198882 0.0814877
vt 0.196978 0.0752114
vt 0.179763 0.0804335
vt 0.198882 0.0814877
vt 0.179763 0.0804335
vt 0.182285 0.0865223
vt 0.25 0.0664627
vt 0.25 0.0598723
vt 0.231454 0.0616989
vt 0.25 0.0664627
vt 0.231454 0.0616989
vt 0.232097 0.068226
vt 0.25 0.0730531
vt 0.25 0.0664627
vt 0.232097 0.068226
vt 0.25 0.0730531
vt 0.232097 0.068226
vt 0.23274 0.0747531
vt 0.23274 0.0747531
vt 0.232097 0.068226
vt 0.214193 0.0699892
vt 0.23274 0.0747531
vt 0.214193 0.0699892
vt 0.215479 0.076453
vt 0.285806 0.0699893
vt 0.287092 0.0635255
vt 0.268546 0.0616989
vt 0.285806 0.0699893
vt 0.268546 0.0616989
vt 0.267903 0.068226
vt 0.284521 0.0764531
vt 0.285806 0.0699893
vt 0.267903 0.068226
vt 0.284521 0.0764531
vt 0.267903 0.068226
vt 0.26726 0.0747531
vt 0.26726 0.0747531
vt 0.267903 0.068226
vt 0.25 0.0664627
vt 0.26726 0.0747531
vt 0.25 0.0664627
vt 0.25 0.0730531
vt 0.320237 0.0804336
vt 0.322759 0.0743448
vt 0.304926 0.0689351
vt 0.320237 0.0804336
vt 0.304926 0.0689351
vt 0.303022 0.0752114
vt 0.317715 0.0865223
vt 0.320237 0.0804336
vt 0.303022 0.0752114
vt 0.317715 0.0865223
vt 0.303022 0.0752114
vt 0.301118 0.0814877
vt 0.301118 0.0814877
vt 0.303022 0.0752114
vt 0.285806 0.0699893
vt 0.301118 0.0814877
vt 0.285806 0.0699893
vt 0.284521 0.0764531
vt 0.351968 0.0973942
vt 0.355629 0.0919145
vt 0.339194 0.0831296
vt 0.351968 0.0973942
vt 0.339194 0.0831296
vt 0.336102 0.0889139
vt 0.348306 0.102874
vt 0.351968 0.0973942
vt 0.336102 0.0889139
vt 0.348306 0.102874
vt 0.336102 0.0889139
vt 0.333011 0.0946981
vt 0.333011 0.0946981
vt 0.336102 0.0889139
vt 0.320237 0.0804336
vt 0.333011 0.0946981
vt 0.320237 0.0804336
vt 0.317715 0.0865223
vt 0.37978 0.120219
vt 0.384441 0.115559
vt 0.370035 0.103737
vt 0.37978 0.120219
vt 0.370035 0.103737
vt 0.365874 0.108807
vt 0.37512 0.124879
vt 0.37978 0.120219
vt 0.365874 0.108807
vt 0.37512 0.124879
vt 0.365874 0.108807
vt 0.361713 0.113877
vt 0.361713 0.113877
vt 0.365874 0.108807
vt 0.351968 0.0973942
vt 0.361713 0.113877
vt 0.351968 0.0973942
vt 0.348306 0.102874
vt 0.402605 0.148032
vt 0.408085 0.144371
vt 0.396263 0.129965
vt 0.402605 0.148032
vt 0.396263 0.129965
vt 0.391193 0.134126
vt 0.397126 0.151693
vt 0.402605 0.148032
vt 0.391193 0.134126
vt 0.397126 0.151693
vt 0.391193 0.134126
vt 0.386123 0.138286
vt 0.386123 0.138286
vt 0.391193 0.134126
vt 0.37978 0.120219
vt 0.386123 0.138286
vt 0.37978 0.120219
vt 0.37512 0.124879
vt 0.419566 0.179763
vt 0.425655 0.177241
vt 0.41687 0.160806
vt 0.419566 0.179763
vt 0.41687 0.160806
vt 0.411086 0.163898
vt 0.413478 0.182286
vt 0.419566 0.179763
vt 0.411086 0.163898
vt 0.413478 0.182286
vt 0.411086 0.163898
vt 0.405302 0.166989
vt 0.405302 0.166989
vt 0.411086 0.163898
vt 0.402605 0.148032
vt 0.405302 0.166989
vt 0.402605 0.148032
vt 0.397126 0.151693
vt 0.430011 0.214194
vt 0.436475 0.212908
vt 0.431065 0.195075
vt 0.430011 0.214194
vt 0.431065 0.195075
vt 0.424789 0.196979
vt 0.423547 0.21548
vt 0.430011 0.214194
vt 0.424789 0.196979
vt 0.423547 0.21548
vt 0.424789 0.196979
vt 0.418512 0.198883
vt 0.418512 0.198883
vt 0.424789 0.196979
vt 0.419566 0.179763
vt 0.418512 0.198883
vt 0.419566 0.179763
vt 0.413478 0.182286
vt 0.433537 0.25
vt 0.440128 0.25
vt 0.438301 0.231454
vt 0.433537 0.25
vt 0.438301 0.231454
vt 0.431774 0.232097
vt 0.426947 0.25
vt 0.433537 0.25
vt 0.431774 0.232097
vt 0.426947 0.25
vt 0.431774 0.232097
vt 0.425247 0.23274
vt 0.425247 0.23274
vt 0.431774 0.232097
vt 0.430011 0.214194
vt 0.425247 0.23274
vt 0.430011 0.214194
vt 0.423547 0.21548
vt 0.430011 0.285806
vt 0.436475 0.287092
vt 0.438301 0.268546
vt 0.430011 0.285806
vt 0.438301 0.268546
vt 0.431774 0.267903
vt 0.423547 0.28452
vt 0.430011 0.285806
vt 0.431774 0.267903
vt 0.423547 0.28452
vt 0.431774 0.267903
vt 0.425247 0.26726
vt 0.425247 0.26726
vt 0.431774 0.267903
vt 0.433537 0.25
vt 0.425247 0.26726
vt 0.433537 0.25
vt 0.426947 0.25
vt 0.419566 0.320237
vt 0.425655 0.322759
vt 0.431065 0.304925
vt 0.419566 0.320237
vt 0.431065 0.304925
vt 0.424789 0.303021
vt 0.413478 0.317714
vt 0.419566 0.320237
vt 0.424789 0.303021
vt 0.413478 0.317714
vt 0.424789 0.303021
vt 0.418512 0.301117
vt 0.418512 0.301117
vt 0.424789 0.303021
vt 0.430011 0.285806
vt 0.418512 0.301117
vt 0.430011 0.285806
vt 0.423547 0.28452
vt 0.402606 0.351968
vt 0.408085 0.35563
vt 0.41687 0.339194
vt 0.402606 0.351968
vt 0.41687 0.339194
vt 0.411086 0.336102
vt 0.397126 0.348307
vt 0.402606 0.351968
vt 0.411086 0.336102
vt 0.397126 0.348307
vt 0.411086 0.336102
vt 0.405302 0.333011
vt 0.405302 0.333011
vt 0.411086 0.336102
vt 0.419566 0.320237
vt 0.405302 0.333011
vt 0.419566 0.320237
vt 0.413478 0.317714
vt 0.37978 0.379781
vt 0.384441 0.384441
vt 0.396263 0.370035
vt 0.37978 0.379781
vt 0.396263 0.370035
vt 0.391193 0.365874
vt 0.37512 0.375121
vt 0.37978 0.379781
vt 0.391193 0.365874
vt 0.37512 0.375121
vt 0.391193 0.365874
vt 0.386123 0.361714
vt 0.386123 0.361714
vt 0.391193 0.365874
vt 0.402606 0.351968
vt 0.386123 0.361714
vt 0.402606 0.351968
vt 0.397126 0.348307
vt 0.351968 0.402606
vt 0.355629 0.408086
vt 0.370035 0.396263
vt 0.351968 0.402606
vt 0.370035 0.396263
vt 0.365874 0.391193
vt 0.348306 0.397126
vt 0.351968 0.402606
vt 0.365874 0.391193
vt 0.348306 0.397126
vt 0.365874 0.391193
vt 0.361713 0.386123
vt 0.361713 0.386123
vt 0.365874 0.391193
vt 0.37978 0.379781
vt 0.361713 0.386123
vt 0.37978 0.379781
vt 0.37512 0.375121
vt 0.320237 0.419566
vt 0.322759 0.425655
vt 0.339194 0.41687
vt 0.320237 0.419566
vt 0.339194 0.41687
vt 0.336102 0.411086
vt 0.317715 0.413478
vt 0.320237 0.419566
vt 0.336102 0.411086
vt 0.317715 0.413478
vt 0.336102 0.411086
vt 0.333011 0.405302
vt 0.333011 0.405302
vt 0.336102 0.411086
vt 0.351968 0.402606
vt 0.333011 0.405302
vt 0.351968 0.402606
vt 0.348306 0.397126
vt 0.285806 0.430011
vt 0.287092 0.436474
vt 0.304926 0.431065
vt 0.285806 0.430011
vt 0.304926 0.431065
vt 0.303022 0.424789
vt 0.284521 0.423547
vt 0.285806 0.430011
vt 0.303022 0.424789
vt 0.284521 0.423547
vt 0.303022 0.424789
vt 0.301118 0.418512
vt 0.301118 0.418512
vt 0.303022 0.424789
vt 0.320237 0.419566
vt 0.301118 0.418512
vt 0.320237 0.419566
vt 0.317715 0.413478
vt 0.25 0.433537
vt 0.25 0.440128
vt 0.268546 0.438301
vt 0.25 0.433537
vt 0.268546 0.438301
vt 0.267903 0.431774
vt 0.25 0.426947
vt 0.25 0.433537
vt 0.267903 0.431774
vt 0.25 0.426947
vt 0.267903 0.431774
vt 0.26726 0.425247
vt 0.26726 0.425247
vt 0.267903 0.431774
vt 0.285806 0.430011
vt 0.26726 0.425247
vt 0.285806 0.430011
vt 0.284521 0.423547
vt 0.384441 0.115559
vt 0.384441 0.115559
vt 0.396263 0.129965
vt 0.384441 0.115559
vt 0.396263 0.129965
vt 0.396263 0.129965
vt 0.384441 0.115559
vt 0.384441 0.115559
vt 0.396263 0.129965
vt 0.384441 0.115559
vt 0.396263 0.129965
vt 0.396263 0.129965
vt 0.396263 0.129965
vt 0.396263 0.129965
vt 0.408085 0.144371
vt 0.396263 0.129965
vt 0.408085 0.144371
vt 0.408085 0.144371
vt 0.0865223 0.317715
vt 0.0865223 0.317715
vt 0.0946981 0.333011
vt 0.0865223 0.317715
vt 0.0946981 0.333011
vt 0.0946981 0.333011
vt 0.0865223 0.317715
vt 0.0865223 0.317715
vt 0.0946981 0.333011
vt 0.0865223 0.317715
vt 0.0946981 0.333011
vt 0.0946981 0.333011
vt 0.0946981 0.333011
vt 0.0946981 0.333011
vt 0.102874 0.348306
vt 0.0946981 0.333011
vt 0.102874 0.348306
vt 0.102874 0.348306
vt 0.25 0.426947
vt 0.25 0.426947
vt 0.26726 0.425247
vt 0.25 0.426947
vt 0.26726 0.425247
vt 0.26726 0.425247
vt 0.25 0.426947
vt 0.25 0.426947
vt 0.26726 0.425247
vt 0.25 0.426947
vt 0.26726 0.425247
vt 0.26726 0.425247
vt 0.26726 0.425247
vt 0.26726 0.425247
vt 0.284521 0.423547
vt 0.26726 0.425247
vt 0.284521 0.423547
vt 0.284521 0.423547
vt 0.355629 0.0919145
vt 0.355629 0.0919145
vt 0.370035 0.103737
vt 0.355629 0.0919145
vt 0.370035 0.103737
vt 0.370035 0.103737
vt 0.355629 0.0919145
vt 0.355629 0.0919145
vt 0.370035 0.103737
vt 0.355629 0.0919145
vt 0.370035 0.103737
vt 0.370035 0.103737
vt 0.370035 0.103737
vt 0.370035 0.103737
vt 0.384441 0.115559
vt 0.370035 0.103737
vt 0.384441 0.115559
vt 0.384441 0.115559
vt 0.102874 0.348306
vt 0.102874 0.348306
vt 0.113877 0.361713
vt 0.102874 0.348306
vt 0.113877 0.361713
vt 0.113877 0.361713
vt 0.102874 0.348306
vt 0.102874 0.348306
vt 0.113877 0.361713
vt 0.102874 0.348306
vt 0.113877 0.361713
vt 0.113877 0.361713
vt 0.113877 0.361713
vt 0.113877 0.361713
vt 0.12488 0.37512
vt 0.113877 0.361713
vt 0.12488 0.37512
vt 0.12488 0.37512
vt 0.284521 0.423547
vt 0.284521 0.423547
vt 0.301118 0.418512
vt 0.284521 0.423547
vt 0.301118 0.418512
vt 0.301118 0.418512
vt 0.284521 0.423547
vt 0.284521 0.423547
vt 0.301118 0.418512
vt 0.284521 0.423547
vt 0.301118 0.418512
vt 0.301118 0.418512
vt 0.301118 0.418512
vt 0.301118 0.418512
vt 0.317715 0.413478
vt 0.301118 0.418512
vt 0.317715 0.413478
vt 0.317715 0.413478
vt 0.322759 0.0743448
vt 0.322759 0.0743448
vt 0.339194 0.0831296
vt 0.322759 0.0743448
vt 0.339194 0.0831296
vt 0.339194 0.0831296
vt 0.322759 0.0743448
vt 0.322759 0.0743448
vt 0.339194 0.0831296
vt 0.322759 0.0743448
vt 0.339194 0.0831296
vt 0.339194 0.0831296
vt 0.339194 0.0831296
vt 0.339194 0.0831296
vt 0.355629 0.0919145
vt 0.339194 0.0831296
vt 0.355629 0.0919145
vt 0.355629 0.0919145
vt 0.12488 0.37512
vt 0.12488 0.37512
vt 0.138287 0.386123
vt 0.12488 0.37512
vt 0.138287 0.386123
vt 0.138287 0.386123
vt 0.12488 0.37512
vt 0.12488 0.37512
vt 0.138287 0.386123
vt 0.12488 0.37512
vt 0.138287 0.386123
vt 0.138287 0.386123
vt 0.138287 0.386123
vt 0.138287 0.386123
vt 0.151694 0.397126
vt 0.138287 0.386123
vt 0.151694 0.397126
vt 0.151694 0.397126
vt 0.317715 0.413478
vt 0.317715 0.413478
vt 0.333011 0.405302
vt 0.317715 0.413478
vt 0.333011 0.405302
vt 0.333011 0.405302
vt 0.317715 0.413478
vt 0.317715 0.413478
vt 0.333011 0.405302
vt 0.317715 0.413478
vt 0.333011 0.405302
vt 0.333011 0.405302
vt 0.333011 0.405302
vt 0.333011 0.405302
vt 0.348306 0.397126
vt 0.333011 0.405302
vt 0.348306 0.397126
vt 0.348306 0.397126
vt 0.287092 0.0635255
vt 0.287092 0.0635255
vt 0.304926 0.0689351
vt 0.287092 0.0635255
vt 0.304926 0.0689351
vt 0.304926 0.0689351
vt 0.287092 0.0635255
vt 0.287092 0.0635255
vt 0.304926 0.0689351
vt 0.287092 0.0635255
vt 0.304926 0.0689351
vt 0.304926 0.0689351
vt 0.304926 0.0689351
vt 0.304926 0.0689351
vt 0.322759 0.0743448
vt 0.304926 0.0689351
vt 0.322759 0.0743448
vt 0.322759 0.0743448
vt 0.151694 0.397126
vt 0.151694 0.397126
vt 0.166989 0.405302
vt 0.151694 0.397126
vt 0.166989 0.405302
vt 0.166989 0.405302
vt 0.151694 0.397126
vt 0.151694 0.397126
vt 0.166989 0.405302
vt 0.151694 0.397126
vt 0.166989 0.405302
vt 0.166989 0.405302
vt 0.166989 0.405302
vt 0.166989 0.405302
vt 0.182285 0.413478
vt 0.166989 0.405302
vt 0.182285 0.413478
vt 0.182285 0.413478
vt 0.348306 0.397126
vt 0.348306 0.397126
vt 0.361713 0.386123
vt 0.348306 0.397126
vt 0.361713 0.386123
vt 0.361713 0.386123
vt 0.348306 0.397126
vt 0.348306 0.397126
vt 0.361713 0.386123
vt 0.348306 0.397126
vt 0.361713 0.386123
vt 0.361713 0.386123
vt 0.361713 0.386123
vt 0.361713 0.386123
vt 0.37512 0.375121
vt 0.361713 0.386123
vt 0.37512 0.375121
vt 0.37512 0.375121
vt 0.25 0.0598723
vt 0.25 0.0598723
vt 0.268546 0.0616989
vt 0.25 0.0598723
vt 0.268546 0.0616989
vt 0.268546 0.0616989
vt 0.25 0.0598723
vt 0.25 0.0598723
vt 0.268546 0.0616989
vt 0.25 0.0598723
vt 0.268546 0.0616989
vt 0.268546 0.0616989
vt 0.268546 0.0616989
vt 0.268546 0.0616989
vt 0.287092 0.0635255
vt 0.268546 0.0616989
vt 0.287092 0.0635255
vt 0.287092 0.0635255
vt 0.182285 0.413478
vt 0.182285 0.413478
vt 0.198882 0.418512
vt 0.182285 0.413478
vt 0.198882 0.418512
vt 0.198882 0.418512
vt 0.182285 0.413478
vt 0.182285 0.413478
vt 0.198882 0.418512
vt 0.182285 0.413478
vt 0.198882 0.418512
vt 0.198882 0.418512
vt 0.198882 0.418512
vt 0.198882 0.418512
vt 0.215479 0.423547
vt 0.198882 0.418512
vt 0.215479 0.423547
vt 0.215479 0.423547
vt 0.37512 0.375121
vt 0.37512 0.375121
vt 0.386123 0.361714
vt 0.37512 0.375121
vt 0.386123 0.361714
vt 0.386123 0.361714
vt 0.37512 0.375121
vt 0.37512 0.375121
vt 0.386123 0.361714
vt 0.37512 0.375121
vt 0.386123 0.361714
vt 0.386123 0.361714
vt 0.386123 0.361714
vt 0.386123 0.361714
vt 0.397126 0.348307
vt 0.386123 0.361714
vt 0.397126 0.348307
vt 0.397126 0.348307
vt 0.212908 0.0635255
vt 0.212908 0.0635255
vt 0.231454 0.0616989
vt 0.212908 0.0635255
vt 0.231454 0.0616989
vt 0.231454 0.0616989
vt 0.212908 0.0635255
vt 0.212908 0.0635255
vt 0.231454 0.0616989
vt 0.212908 0.0635255
vt 0.231454 0.0616989
vt 0.231454 0.0616989
vt 0.231454 0.0616989
vt 0.231454 0.0616989
vt 0.25 0.0598723
vt 0.231454 0.0616989
vt 0.25 0.0598723
vt 0.25 0.0598723
vt 0.215479 0.423547
vt 0.215479 0.423547
vt 0.23274 0.425247
vt 0.215479 0.423547
vt 0.23274 0.425247
vt 0.23274 0.425247
vt 0.215479 0.423547
vt 0.215479 0.423547
vt 0.23274 0.425247
vt 0.215479 0.423547
vt 0.23274 0.425247
vt 0.23274 0.425247
vt 0.23274 0.425247
vt 0.23274 0.425247
vt 0.25 0.426947
vt 0.23274 0.425247
vt 0.25 0.426947
vt 0.25 0.426947
vt 0.397126 0.348307
vt 0.397126 0.348307
vt 0.405302 0.333011
vt 0.397126 0.348307
vt 0.405302 0.333011
vt 0.405302 0.333011
vt 0.397126 0.348307
vt 0.397126 0.348307
vt 0.405302 0.333011
vt 0.397126 0.348307
vt 0.405302 0.333011
vt 0.405302 0.333011
vt 0.405302 0.333011
vt 0.405302 0.333011
vt 0.413478 0.317714
vt 0.405302 0.333011
vt 0.413478 0.317714
vt 0.413478 0.317714
vt 0.177241 0.0743448
vt 0.177241 0.0743448
vt 0.195075 0.0689351
vt 0.177241 0.0743448
vt 0.195075 0.0689351
vt 0.195075 0.0689351
vt 0.177241 0.0743448
vt 0.177241 0.0743448
vt 0.195075 0.0689351
vt 0.177241 0.0743448
vt 0.195075 0.0689351
vt 0.195075 0.0689351
vt 0.195075 0.0689351
vt 0.195075 0.0689351
vt 0.212908 0.0635255
vt 0.195075 0.0689351
vt 0.212908 0.0635255
vt 0.212908 0.0635255
vt 0.413478 0.317714
vt 0.413478 0.317714
vt 0.418512 0.301117
vt 0.413478 0.317714
vt 0.418512 0.301117
vt 0.418512 0.301117
vt 0.413478 0.317714
vt 0.413478 0.317714
vt 0.418512 0.301117
vt 0.413478 0.317714
vt 0.418512 0.301117
vt 0.418512 0.301117
vt 0.418512 0.301117
vt 0.418512 0.301117
vt 0.423547 0.28452
vt 0.418512 0.301117
vt 0.423547 0.28452
vt 0.423547 0.28452
vt 0.144371 0.0919145
vt 0.144371 0.0919145
vt 0.160806 0.0831296
vt 0.144371 0.0919145
vt 0.160806 0.0831296
vt 0.160806 0.0831296
vt 0.144371 0.0919145
vt 0.144371 0.0919145
vt 0.160806 0.0831296
vt 0.144371 0.0919145
vt 0.160806 0.0831296
vt 0.160806 0.0831296
vt 0.160806 0.0831296
vt 0.160806 0.0831296
vt 0.177241 0.0743448
vt 0.160806 0.0831296
vt 0.177241 0.0743448
vt 0.177241 0.0743448
vt 0.423547 0.28452
vt 0.423547 0.28452
vt 0.425247 0.26726
vt 0.423547 0.28452
vt 0.425247 0.26726
vt 0.425247 0.26726
vt 0.423547 0.28452
vt 0.423547 0.28452
vt 0.425247 0.26726
vt 0.423547 0.28452
vt 0.425247 0.26726
vt 0.425247 0.26726
vt 0.425247 0.26726
vt 0.425247 0.26726
vt 0.426947 0.25
vt 0.425247 0.26726
vt 0.426947 0.25
vt 0.426947 0.25
vt 0.115559 0.115559
vt 0.115559 0.115559
vt 0.129965 0.103737
vt 0.115559 0.115559
vt 0.129965 0.103737
vt 0.129965 0.103737
vt 0.115559 0.115559
vt 0.115559 0.115559
vt 0.129965 0.103737
vt 0.115559 0.115559
vt 0.129965 0.103737
vt 0.129965 0.103737
vt 0.129965 0.103737
vt 0.129965 0.103737
vt 0.144371 0.0919145
vt 0.129965 0.103737
vt 0.144371 0.0919145
vt 0.144371 0.0919145
vt 0.426947 0.25
vt 0.426947 0.25
vt 0.425247 0.23274
vt 0.426947 0.25
vt 0.425247 0.23274
vt 0.425247 0.23274
vt 0.426947 0.25
vt 0.426947 0.25
vt 0.425247 0.23274
vt 0.426947 0.25
vt 0.425247 0.23274
vt 0.425247 0.23274
vt 0.425247 0.23274
vt 0.425247 0.23274
vt 0.423547 0.21548
vt 0.425247 0.23274
vt 0.423547 0.21548
vt 0.423547 0.21548
vt 0.0919145 0.144371
vt 0.0919145 0.144371
vt 0.103737 0.129965
vt 0.0919145 0.144371
vt 0.103737 0.129965
vt 0.103737 0.129965
vt 0.0919145 0.144371
vt 0.0919145 0.144371
vt 0.103737 0.129965
vt 0.0919145 0.144371
vt 0.103737 0.129965
vt 0.103737 0.129965
vt 0.103737 0.129965
vt 0.103737 0.129965
vt 0.115559 0.115559
vt 0.103737 0.129965
vt 0.115559 0.115559
vt 0.115559 0.115559
vt 0.423547 0.21548
vt 0.423547 0.21548
vt 0.418512 0.198883
vt 0.423547 0.21548
vt 0.418512 0.198883
vt 0.418512 0.198883
vt 0.423547 0.21548
vt 0.423547 0.21548
vt 0.418512 0.198883
vt 0.423547 0.21548
vt 0.418512 0.198883
vt 0.418512 0.198883
vt 0.418512 0.198883
vt 0.418512 0.198883
vt 0.413478 0.182286
vt 0.418512 0.198883
vt 0.413478 0.182286
vt 0.413478 0.182286
vt 0.0743448 0.177241
vt 0.0743448 0.177241
vt 0.0831297 0.160806
vt 0.0743448 0.177241
vt 0.0831297 0.160806
vt 0.0831297 0.160806
vt 0.0743448 0.177241
vt 0.0743448 0.177241
vt 0.0831297 0.160806
vt 0.0743448 0.177241
vt 0.0831297 0.160806
vt 0.0831297 0.160806
vt 0.0831297 0.160806
vt 0.0831297 0.160806
vt 0.0919145 0.144371
vt 0.0831297 0.160806
vt 0.0919145 0.144371
vt 0.0919145 0.144371
vt 0.413478 0.182286
vt 0.413478 0.182286
vt 0.405302 0.166989
vt 0.413478 0.182286
vt 0.405302 0.166989
vt 0.405302 0.166989
vt 0.413478 0.182286
vt 0.413478 0.182286
vt 0.405302 0.166989
vt 0.413478 0.182286
vt 0.405302 0.166989
vt 0.405302 0.166989
vt 0.405302 0.166989
vt 0.405302 0.166989
vt 0.397126 0.151693
vt 0.405302 0.166989
vt 0.397126 0.151693
vt 0.397126 0.151693
vt 0.0635255 0.212908
vt 0.0635255 0.212908
vt 0.0689352 0.195075
vt 0.0635255 0.212908
vt 0.0689352 0.195075
vt 0.0689352 0.195075
vt 0.0635255 0.212908
vt 0.0635255 0.212908
vt 0.0689352 0.195075
vt 0.0635255 0.212908
vt 0.0689352 0.195075
vt 0.0689352 0.195075
vt 0.0689352 0.195075
vt 0.0689352 0.195075
vt 0.0743448 0.177241
vt 0.0689352 0.195075
vt 0.0743448 0.177241
vt 0.0743448 0.177241
vt 0.397126 0.151693
vt 0.397126 0.151693
vt 0.386123 0.138286
vt 0.397126 0.151693
vt 0.386123 0.138286
vt 0.386123 0.138286
vt 0.397126 0.151693
vt 0.397126 0.151693
vt 0.386123 0.138286
vt 0.397126 0.151693
vt 0.386123 0.138286
vt 0.386123 0.138286
vt 0.386123 0.138286
vt 0.386123 0.138286
vt 0.37512 0.124879
vt 0.386123 0.138286
vt 0.37512 0.124879
vt 0.37512 0.124879
vt 0.0598723 0.25
vt 0.0598723 0.25
vt 0.0616989 0.231454
vt 0.0598723 0.25
vt 0.0616989 0.231454
vt 0.0616989 0.231454
vt 0.0598723 0.25
vt 0.0598723 0.25
vt 0.0616989 0.231454
vt 0.0598723 0.25
vt 0.0616989 0.231454
vt 0.0616989 0.231454
vt 0.0616989 0.231454
vt 0.0616989 0.231454
vt 0.0635255 0.212908
vt 0.0616989 0.231454
vt 0.0635255 0.212908
vt 0.0635255 0.212908
vt 0.37512 0.124879
vt 0.37512 0.124879
vt 0.361713 0.113877
vt 0.37512 0.124879
vt 0.361713 0.113877
vt 0.361713 0.113877
vt 0.37512 0.124879
vt 0.37512 0.124879
vt 0.361713 0.113877
vt 0.37512 0.124879
vt 0.361713 0.113877
vt 0.361713 0.113877
vt 0.361713 0.113877
vt 0.361713 0.113877
vt 0.348306 0.102874
vt 0.361713 0.113877
vt 0.348306 0.102874
vt 0.348306 0.102874
vt 0.984375 0.5
vt 0.96875 0.5
vt 0.96875 0.5
vt 0.984375 0.5
vt 0.96875 0.5
vt 0.984375 0.5
vt 0.953125 0.5
vt 0.9375 0.5
vt 0.9375 0.5
vt 0.953125 0.5
vt 0.9375 0.5
vt 0.953125 0.5
vt 0.921875 0.5
vt 0.90625 0.5
vt 0.90625 0.5
vt 0.921875 0.5
vt 0.90625 0.5
vt 0.921875 0.5
vt 0.890625 0.5
vt 0.875 0.5
vt 0.875 0.5
vt 0.890625 0.5
vt 0.875 0.5
vt 0.890625 0.5
vt 0.859375 0.5
vt 0.84375 0.5
vt 0.84375 0.5
vt 0.859375 0.5
vt 0.84375 0.5
vt 0.859375 0.5
vt 0.828125 0.5
vt 0.8125 0.5
vt 0.8125 0.5
vt 0.828125 0.5
vt 0.8125 0.5
vt 0.828125 0.5
vt 0.796875 0.5
vt 0.78125 0.5
vt 0.78125 0.5
vt 0.796875 0.5
vt 0.78125 0.5
vt 0.796875 0.5
vt 0.765625 0.5
vt 0.75 0.5
vt 0.75 0.5
vt 0.765625 0.5
vt 0.75 0.5
vt 0.765625 0.5
vt 0.734375 0.5
vt 0.71875 0.5
vt 0.71875 0.5
vt 0.734375 0.5
vt 0.71875 0.5
vt 0.734375 0.5
vt 0.703125 0.5
vt 0.6875 0.5
vt 0.6875 0.5
vt 0.703125 0.5
vt 0.6875 0.5
vt 0.703125 0.5
vt 0.671875 0.5
vt 0.65625 0.5
vt 0.65625 0.5
vt 0.671875 0.5
vt 0.65625 0.5
vt 0.671875 0.5
vt 0.640625 0.5
vt 0.625 0.5
vt 0.625 0.5
vt 0.640625 0.5
vt 0.625 0.5
vt 0.640625 0.5
vt 0.609375 0.5
vt 0.59375 0.5
vt 0.59375 0.5
vt 0.609375 0.5
vt 0.59375 0.5
vt 0.609375 0.5
vt 0.578125 0.5
vt 0.5625 0.5
vt 0.5625 0.5
vt 0.578125 0.5
vt 0.5625 0.5
vt 0.578125 0.5
vt 0.546875 0.5
vt 0.53125 0.5
vt 0.53125 0.5
vt 0.546875 0.5
vt 0.53125 0.5
vt 0.546875 0.5
vt 0.515625 0.5
vt 0.5 0.5
vt 0.5 0.5
vt 0.515625 0.5
vt 0.5 0.5
vt 0.515625 0.5
vt 0.484375 0.5
vt 0.46875 0.5
vt 0.46875 0.5
vt 0.484375 0.5
vt 0.46875 0.5
vt 0.484375 0.5
vt 0.453125 0.5
vt 0.4375 0.5
vt 0.4375 0.5
vt 0.453125 0.5
vt 0.4375 0.5
vt 0.453125 0.5
vt 0.421875 0.5
vt 0.40625 0.5
vt 0.40625 0.5
vt 0.421875 0.5
vt 0.40625 0.5
vt 0.421875 0.5
vt 0.390625 0.5
vt 0.375 0.5
vt 0.375 0.5
vt 0.390625 0.5
vt 0.375 0.5
vt 0.390625 0.5
vt 0.359375 0.5
vt 0.34375 0.5
vt 0.34375 0.5
vt 0.359375 0.5
vt 0.34375 0.5
vt 0.359375 0.5
vt 0.328125 0.5
vt 0.3125 0.5
vt 0.3125 0.5
vt 0.328125 0.5
vt 0.3125 0.5
vt 0.328125 0.5
vt 0.296875 0.5
vt 0.28125 0.5
vt 0.28125 0.5
vt 0.296875 0.5
vt 0.28125 0.5
vt 0.296875 0.5
vt 0.265625 0.5
vt 0.25 0.5
vt 0.25 0.5
vt 0.265625 0.5
vt 0.25 0.5
vt 0.265625 0.5
vt 0.234375 0.5
vt 0.21875 0.5
vt 0.21875 0.5
vt 0.234375 0.5
vt 0.21875 0.5
vt 0.234375 0.5
vt 0.203125 0.5
vt 0.1875 0.5
vt 0.1875 0.5
vt 0.203125 0.5
vt 0.1875 0.5
vt 0.203125 0.5
vt 0.171875 0.5
vt 0.15625 0.5
vt 0.15625 0.5
vt 0.171875 0.5
vt 0.15625 0.5
vt 0.171875 0.5
vt 0.140625 0.5
vt 0.125 0.5
vt 0.125 0.5
vt 0.140625 0.5
vt 0.125 0.5
vt 0.140625 0.5
vt 0.109375 0.5
vt 0.09375 0.5
vt 0.09375 0.5
vt 0.109375 0.5
vt 0.09375 0.5
vt 0.109375 0.5
vt 0.078125 0.5
vt 0.0625 0.5
vt 0.0625 0.5
vt 0.078125 0.5
vt 0.0625 0.5
vt 0.078125 0.5
vt 0.046875 0.5
vt 0.03125 0.5
vt 0.03125 0.5
vt 0.046875 0.5
vt 0.03125 0.5
vt 0.046875 0.5
vt 0.015625 0.5
vt 0 0.5
vt 0 0.5
vt 0.015625 0.5
vt 0 0.5
vt 0.015625 0.5
vt 1 0.5
vt 0.984375 0.5
vt 0.984375 0.5
vt 1 0.5
vt 0.984375 0.5
vt 1 0.5
vt 0.96875 0.5
vt 0.953125 0.5
vt 0.953125 0.5
vt 0.96875 0.5
vt 0.953125 0.5
vt 0.96875 0.5
vt 0.9375 0.5
vt 0.921875 0.5
vt 0.921875 0.5
vt 0.9375 0.5
vt 0.921875 0.5
vt 0.9375 0.5
vt 0.90625 0.5
vt 0.890625 0.5
vt 0.890625 0.5
vt 0.90625 0.5
vt 0.890625 0.5
vt 0.90625 0.5
vt 0.875 0.5
vt 0.859375 0.5
vt 0.859375 0.5
vt 0.875 0.5
vt 0.859375 0.5
vt 0.875 0.5
vt 0.84375 0.5
vt 0.828125 0.5
vt 0.828125 0.5
vt 0.84375 0.5
vt 0.828125 0.5
vt 0.84375 0.5
vt 0.8125 0.5
vt 0.796875 0.5
vt 0.796875 0.5
vt 0.8125 0.5
vt 0.796875 0.5
vt 0.8125 0.5
vt 0.78125 0.5
vt 0.765625 0.5
vt 0.765625 0.5
vt 0.78125 0.5
vt 0.765625 0.5
vt 0.78125 0.5
vt 0.75 0.5
vt 0.734375 0.5
vt 0.734375 0.5
vt 0.75 0.5
vt 0.734375 0.5
vt 0.75 0.5
vt 0.71875 0.5
vt 0.703125 0.5
vt 0.703125 0.5
vt 0.71875 0.5
vt 0.703125 0.5
vt 0.71875 0.5
vt 0.6875 0.5
vt 0.671875 0.5
vt 0.671875 0.5
vt 0.6875 0.5
vt 0.671875 0.5
vt 0.6875 0.5
vt 0.65625 0.5
vt 0.640625 0.5
vt 0.640625 0.5
vt 0.65625 0.5
vt 0.640625 0.5
vt 0.65625 0.5
vt 0.625 0.5
vt 0.609375 0.5
vt 0.609375 0.5
vt 0.625 0.5
vt 0.609375 0.5
vt 0.625 0.5
vt 0.59375 0.5
vt 0.578125 0.5
vt 0.578125 0.5
vt 0.59375 0.5
vt 0.578125 0.5
vt 0.59375 0.5
vt 0.5625 0.5
vt 0.546875 0.5
vt 0.546875 0.5
vt 0.5625 0.5
vt 0.546875 0.5
vt 0.5625 0.5
vt 0.53125 0.5
vt 0.515625 0.5
vt 0.515625 0.5
vt 0.53125 0.5
vt 0.515625 0.5
vt 0.53125 0.5
vt 0.5 0.5
vt 0.484375 0.5
vt 0.484375 0.5
vt 0.5 0.5
vt 0.484375 0.5
vt 0.5 0.5
vt 0.46875 0.5
vt 0.453125 0.5
vt 0.453125 0.5
vt 0.46875 0.5
vt 0.453125 0.5
vt 0.46875 0.5
vt 0.4375 0.5
vt 0.421875 0.5
vt 0.421875 0.5
vt 0.4375 0.5
vt 0.421875 0.5
vt 0.4375 0.5
vt 0.40625 0.5
vt 0.390625 0.5
vt 0.390625 0.5
vt 0.40625 0.5
vt 0.390625 0.5
vt 0.40625 0.5
vt 0.375 0.5
vt 0.359375 0.5
vt 0.359375 0.5
vt 0.375 0.5
vt 0.359375 0.5
vt 0.375 0.5
vt 0.34375 0.5
vt 0.328125 0.5
vt 0.328125 0.5
vt 0.34375 0.5
vt 0.328125 0.5
vt 0.34375 0.5
vt 0.3125 0.5
vt 0.296875 0.5
vt 0.296875 0.5
vt 0.3125 0.5
vt 0.296875 0.5
vt 0.3125 0.5
vt 0.28125 0.5
vt 0.265625 0.5
vt 0.265625 0.5
vt 0.28125 0.5
vt 0.265625 0.5
vt 0.28125 0.5
vt 0.25 0.5
vt 0.234375 0.5
vt 0.234375 0.5
vt 0.25 0.5
vt 0.234375 0.5
vt 0.25 0.5
vt 0.21875 0.5
vt 0.203125 0.5
vt 0.203125 0.5
vt 0.21875 0.5
vt 0.203125 0.5
vt 0.21875 0.5
vt 0.1875 0.5
vt 0.171875 0.5
vt 0.171875 0.5
vt 0.1875 0.5
vt 0.171875 0.5
vt 0.1875 0.5
vt 0.15625 0.5
vt 0.140625 0.5
vt 0.140625 0.5
vt 0.15625 0.5
vt 0.140625 0.5
vt 0.15625 0.5
vt 0.125 0.5
vt 0.109375 0.5
vt 0.109375 0.5
vt 0.125 0.5
vt 0.109375 0.5
vt 0.125 0.5
vt 0.09375 0.5
vt 0.078125 0.5
vt 0.078125 0.5
vt 0.09375 0.5
vt 0.078125 0.5
vt 0.09375 0.5
vt 0.0625 0.5
vt 0.046875 0.5
vt 0.046875 0.5
vt 0.0625 0.5
vt 0.046875 0.5
vt 0.0625 0.5
vt 0.03125 0.5
vt 0.015625 0.5
vt 0.015625 0.5
vt 0.03125 0.5
vt 0.015625 0.5
vt 0.03125 0.5
f 4/1 416/2 2/3
f 4/4 2/5 447/6
f 4/7 447/8 64/9
f 4/10 64/11 446/12
f 4/13 446/14 62/15
f 4/16 62/17 445/18
f 4/19 445/20 60/21
f 4/22 60/23 444/24
f 4/25 444/26 58/27
f 4/28 58/29 443/30
f 4/31 443/32 56/33
f 4/34 56/35 442/36
f 4/37 442/38 54/39
f 4/40 54/41 441/42
f 4/43 441/44 52/45
f 4/46 52/47 440/48
f 4/49 440/50 50/51
f 4/52 50/53 439/54
f 4/55 439/56 48/57
f 4/58 48/59 438/60
f 4/61 438/62 46/63
f 4/64 46/65 437/66
f 4/67 437/68 44/69
f 4/70 44/71 436/72
f 4/73 436/74 42/75
f 4/76 42/77 435/78
f 4/79 435/80 40/81
f 4/82 40/83 434/84
f 4/85 434/86 38/87
f 4/88 38/89 433/90
f 4/91 433/92 36/93
f 4/94 36/95 432/96
f 4/97 432/98 34/99
f 4/100 34/101 431/102
f 4/103 431/104 32/105
f 4/106 32/107 430/108
f 4/109 430/110 30/111
f 4/112 30/113 429/114
f 4/115 429/116 28/117
f 4/118 28/119 428/120
f 4/121 428/122 26/123
f 4/124 26/125 427/126
f 4/127 427/128 24/129
f 4/130 24/131 426/132
f 4/133 426/134 22/135
f 4/136 22/137 425/138
f 4/139 425/140 20/141
f 4/142 20/143 424/144
f 4/145 424/146 18/147
f 4/148 18/149 423/150
f 4/151 423/152 16/153
f 4/154 16/155 422/156
f 4/157 422/158 14/159
f 4/160 14/161 421/162
f 4/163 421/164 12/165
f 4/166 12/167 420/168
f 4/169 420/170 10/171
f 4/172 10/173 419/174
f 4/175 419/176 8/177
f 4/178 8/179 418/180
f 4/181 418/182 6/183
f 4/184 6/185 417/186
f 1216/187 577/188 142/189
f 1216/190 142/191 524/192
f 1215/193 449/194 120/195
f 1215/196 120/197 503/198
f 1214/199 448/200 141/201
f 1214/202 141/203 523/204
f 1213/205 451/206 119/207
f 1213/208 119/209 502/210
f 1212/211 450/212 140/213
f 1212/214 140/215 522/216
f 1211/217 453/218 118/219
f 1211/220 118/221 501/222
f 1210/223 452/224 139/225
f 1210/226 139/227 521/228
f 1209/229 455/230 117/231
f 1209/232 117/233 500/234
f 1208/235 454/236 138/237
f 1208/238 138/239 520/240
f 1207/241 457/242 116/243
f 1207/244 116/245 499/246
f 1206/247 456/248 137/249
f 1206/250 137/251 519/252
f 1205/253 459/254 115/255
f 1205/256 115/257 498/258
f 1204/259 458/260 136/261
f 1204/262 136/263 518/264
f 1203/265 461/266 114/267
f 1203/268 114/269 497/270
f 1202/271 460/272 135/273
f 1202/274 135/275 517/276
f 1201/277 474/278 130/279
f 1201/280 130/281 543/282
f 1200/283 464/284 113/285
f 1200/286 113/287 496/288
f 1199/289 462/290 134/291
f 1199/292 134/293 516/294
f 1198/295 463/296 160/297
f 1198/298 160/299 542/300
f 1197/301 467/302 112/303
f 1197/304 112/305 495/306
f 1196/307 465/308 133/309
f 1196/310 133/311 515/312
f 1195/313 466/314 159/315
f 1195/316 159/317 541/318
f 1194/319 470/320 111/321
f 1194/322 111/323 494/324
f 1193/325 468/326 132/327
f 1193/328 132/329 514/330
f 1192/331 469/332 158/333
f 1192/334 158/335 540/336
f 1191/337 473/338 110/339
f 1191/340 110/341 493/342
f 1190/343 471/344 131/345
f 1190/346 131/347 513/348
f 1189/349 472/350 157/351
f 1189/352 157/353 539/354
f 1188/355 478/356 109/357
f 1188/358 109/359 492/360
f 1187/361 475/362 129/363
f 1187/364 129/365 512/366
f 1186/367 477/368 156/369
f 1186/370 156/371 538/372
f 1185/373 479/374 108/375
f 1185/376 108/377 491/378
f 1184/379 545/380 97/381
f 1184/382 97/383 480/384
f 1183/385 546/386 99/387
f 1183/388 99/389 481/390
f 1182/391 547/392 100/393
f 1182/394 100/395 482/396
f 1181/397 548/398 101/399
f 1181/400 101/401 483/402
f 1180/403 549/404 102/405
f 1180/406 102/407 484/408
f 1179/409 550/410 103/411
f 1179/412 103/413 485/414
f 1178/415 551/416 104/417
f 1178/418 104/419 486/420
f 1177/421 552/422 105/423
f 1177/424 105/425 487/426
f 1176/427 553/428 106/429
f 1176/430 106/431 488/432
f 1175/433 554/434 107/435
f 1175/436 107/437 489/438
f 1174/439 555/440 108/441
f 1174/442 108/443 490/444
f 1173/445 556/446 109/447
f 1173/448 109/449 491/450
f 1172/451 557/452 110/453
f 1172/454 110/455 492/456
f 1171/457 558/458 111/459
f 1171/460 111/461 493/462
f 1170/463 559/464 112/465
f 1170/466 112/467 494/468
f 1169/469 560/470 113/471
f 1169/472 113/473 495/474
f 1168/475 561/476 114/477
f 1168/478 114/479 496/480
f 1167/481 562/482 115/483
f 1167/484 115/485 497/486
f 1166/487 563/488 116/489
f 1166/490 116/491 498/492
f 1165/493 564/494 117/495
f 1165/496 117/497 499/498
f 1164/499 565/500 118/501
f 1164/502 118/503 500/504
f 1163/505 566/506 119/507
f 1163/508 119/509 501/510
f 1162/511 567/512 120/513
f 1162/514 120/515 502/516
f 1161/517 568/518 121/519
f 1161/520 121/521 503/522
f 1160/523 569/524 122/525
f 1160/526 122/527 504/528
f 1159/529 570/530 123/531
f 1159/532 123/533 505/534
f 1158/535 571/536 124/537
f 1158/538 124/539 506/540
f 1157/541 572/542 125/543
f 1157/544 125/545 507/546
f 1156/547 573/548 126/549
f 1156/550 126/551 508/552
f 1155/553 574/554 127/555
f 1155/556 127/557 509/558
f 1154/559 575/560 128/561
f 1154/562 128/563 510/564
f 1153/565 544/566 98/567
f 1153/568 98/569 511/570
f 1152/571 576/572 121/573
f 1152/574 121/575 504/576
f 1151/577 579/578 143/579
f 1151/580 143/581 525/582
f 1150/583 578/584 122/585
f 1150/586 122/587 505/588
f 1149/589 581/590 144/591
f 1149/592 144/593 526/594
f 1148/595 580/596 123/597
f 1148/598 123/599 506/600
f 1147/601 583/602 98/603
f 1147/604 98/605 480/606
f 1146/607 585/608 145/609
f 1146/610 145/611 527/612
f 1145/613 582/614 124/615
f 1145/616 124/617 507/618
f 1144/619 584/620 97/621
f 1144/622 97/623 481/624
f 1143/625 588/626 146/627
f 1143/628 146/629 528/630
f 1142/631 586/632 125/633
f 1142/634 125/635 508/636
f 1141/637 587/638 99/639
f 1141/640 99/641 482/642
f 1140/643 591/644 147/645
f 1140/646 147/647 529/648
f 1139/649 589/650 126/651
f 1139/652 126/653 509/654
f 1138/655 590/656 100/657
f 1138/658 100/659 483/660
f 1137/661 594/662 148/663
f 1137/664 148/665 530/666
f 1136/667 592/668 127/669
f 1136/670 127/671 510/672
f 1135/673 593/674 101/675
f 1135/676 101/677 484/678
f 1134/679 597/680 149/681
f 1134/682 149/683 531/684
f 1133/685 595/686 128/687
f 1133/688 128/689 511/690
f 1132/691 596/692 102/693
f 1132/694 102/695 485/696
f 1131/697 599/698 150/699
f 1131/700 150/701 532/702
f 1130/703 598/704 103/705
f 1130/706 103/707 486/708
f 1129/709 601/710 151/711
f 1129/712 151/713 533/714
f 1128/715 600/716 104/717
f 1128/718 104/719 487/720
f 1127/721 603/722 152/723
f 1127/724 152/725 534/726
f 1126/727 602/728 105/729
f 1126/730 105/731 488/732
f 1125/733 605/734 153/735
f 1125/736 153/737 535/738
f 1124/739 604/740 106/741
f 1124/742 106/743 489/744
f 1123/745 607/746 154/747
f 1123/748 154/749 536/750
f 1122/751 606/752 107/753
f 1122/754 107/755 490/756
f 1121/757 476/758 155/759
f 1121/760 155/761 537/762
f 1120/763 609/764 161/765
f 1120/766 161/767 608/768
f 1119/769 610/770 192/771
f 1119/772 192/773 382/774
f 1118/775 611/776 191/777
f 1118/778 191/779 380/780
f 1117/781 612/782 190/783
f 1117/784 190/785 378/786
f 1116/787 613/788 189/789
f 1116/790 189/791 376/792
f 1115/793 614/794 188/795
f 1115/796 188/797 374/798
f 1114/799 615/800 187/801
f 1114/802 187/803 372/804
f 1113/805 616/806 186/807
f 1113/808 186/809 370/810
f 1112/811 617/812 185/813
f 1112/814 185/815 368/816
f 1111/817 618/818 184/819
f 1111/820 184/821 366/822
f 1110/823 619/824 183/825
f 1110/826 183/827 364/828
f 1109/829 620/830 182/831
f 1109/832 182/833 362/834
f 1108/835 621/836 181/837
f 1108/838 181/839 360/840
f 1107/841 622/842 180/843
f 1107/844 180/845 358/846
f 1106/847 623/848 179/849
f 1106/850 179/851 356/852
f 1105/853 624/854 178/855
f 1105/856 178/857 354/858
f 1104/859 625/860 177/861
f 1104/862 177/863 352/864
f 1103/865 626/866 176/867
f 1103/868 176/869 350/870
f 1102/871 627/872 175/873
f 1102/874 175/875 348/876
f 1101/877 628/878 174/879
f 1101/880 174/881 346/882
f 1100/883 629/884 173/885
f 1100/886 173/887 344/888
f 1099/889 630/890 172/891
f 1099/892 172/893 342/894
f 1098/895 631/896 171/897
f 1098/898 171/899 340/900
f 1097/901 632/902 170/903
f 1097/904 170/905 338/906
f 1096/907 633/908 169/909
f 1096/910 169/911 336/912
f 1095/913 634/914 168/915
f 1095/916 168/917 334/918
f 1094/919 635/920 167/921
f 1094/922 167/923 332/924
f 1093/925 636/926 166/927
f 1093/928 166/929 330/930
f 1092/931 637/932 165/933
f 1092/934 165/935 328/936
f 1091/937 638/938 164/939
f 1091/940 164/941 326/942
f 1090/943 639/944 163/945
f 1090/946 163/947 324/948
f 1089/949 640/950 162/951
f 1089/952 162/953 322/954
f 1088/955 643/956 199/957
f 1088/958 199/959 644/960
f 1087/961 646/962 200/963
f 1087/964 200/965 647/966
f 1086/967 649/968 198/969
f 1086/970 198/971 650/972
f 1085/973 641/974 196/975
f 1085/976 196/977 653/978
f 1084/979 645/980 195/981
f 1084/982 195/983 655/984
f 1083/985 648/986 193/987
f 1083/988 193/989 657/990
f 1082/991 651/992 204/993
f 1082/994 204/995 660/996
f 1081/997 654/998 203/999
f 1081/1000 203/1001 662/1002
f 1080/1003 656/1004 201/1005
f 1080/1006 201/1007 664/1008
f 1079/1009 658/1010 208/1011
f 1079/1012 208/1013 667/1014
f 1078/1015 661/1016 207/1017
f 1078/1018 207/1019 669/1020
f 1077/1021 663/1022 205/1023
f 1077/1024 205/1025 671/1026
f 1076/1027 665/1028 212/1029
f 1076/1030 212/1031 674/1032
f 1075/1033 668/1034 211/1035
f 1075/1036 211/1037 676/1038
f 1074/1039 670/1040 209/1041
f 1074/1042 209/1043 678/1044
f 1073/1045 672/1046 216/1047
f 1073/1048 216/1049 681/1050
f 1072/1051 675/1052 215/1053
f 1072/1054 215/1055 683/1056
f 1071/1057 677/1058 213/1059
f 1071/1060 213/1061 685/1062
f 1070/1063 679/1064 220/1065
f 1070/1066 220/1067 688/1068
f 1069/1069 682/1070 219/1071
f 1069/1072 219/1073 690/1074
f 1068/1075 684/1076 217/1077
f 1068/1078 217/1079 692/1080
f 1067/1081 686/1082 224/1083
f 1067/1084 224/1085 695/1086
f 1066/1087 689/1088 223/1089
f 1066/1090 223/1091 697/1092
f 1065/1093 691/1094 221/1095
f 1065/1096 221/1097 699/1098
f 1064/1099 693/1100 228/1101
f 1064/1102 228/1103 702/1104
f 1063/1105 696/1106 227/1107
f 1063/1108 227/1109 704/1110
f 1062/1111 698/1112 225/1113
f 1062/1114 225/1115 706/1116
f 1061/1117 700/1118 232/1119
f 1061/1120 232/1121 709/1122
f 1060/1123 703/1124 231/1125
f 1060/1126 231/1127 711/1128
f 1059/1129 705/1130 229/1131
f 1059/1132 229/1133 713/1134
f 1058/1135 707/1136 236/1137
f 1058/1138 236/1139 716/1140
f 1057/1141 710/1142 235/1143
f 1057/1144 235/1145 718/1146
f 1056/1147 712/1148 233/1149
f 1056/1150 233/1151 720/1152
f 1055/1153 714/1154 240/1155
f 1055/1156 240/1157 723/1158
f 1054/1159 717/1160 239/1161
f 1054/1162 239/1163 725/1164
f 1053/1165 719/1166 237/1167
f 1053/1168 237/1169 727/1170
f 1052/1171 721/1172 244/1173
f 1052/1174 244/1175 730/1176
f 1051/1177 724/1178 243/1179
f 1051/1180 243/1181 732/1182
f 1050/1183 726/1184 241/1185
f 1050/1186 241/1187 734/1188
f 1049/1189 728/1190 248/1191
f 1049/1192 248/1193 737/1194
f 1048/1195 731/1196 247/1197
f 1048/1198 247/1199 739/1200
f 1047/1201 733/1202 245/1203
f 1047/1204 245/1205 741/1206
f 1046/1207 735/1208 252/1209
f 1046/1210 252/1211 744/1212
f 1045/1213 738/1214 251/1215
f 1045/1216 251/1217 746/1218
f 1044/1219 740/1220 249/1221
f 1044/1222 249/1223 748/1224
f 1043/1225 742/1226 256/1227
f 1043/1228 256/1229 751/1230
f 1042/1231 745/1232 255/1233
f 1042/1234 255/1235 753/1236
f 1041/1237 747/1238 253/1239
f 1041/1240 253/1241 755/1242
f 1040/1243 749/1244 260/1245
f 1040/1246 260/1247 758/1248
f 1039/1249 752/1250 259/1251
f 1039/1252 259/1253 760/1254
f 1038/1255 754/1256 257/1257
f 1038/1258 257/1259 762/1260
f 1037/1261 756/1262 264/1263
f 1037/1264 264/1265 765/1266
f 1036/1267 759/1268 263/1269
f 1036/1270 263/1271 767/1272
f 1035/1273 761/1274 261/1275
f 1035/1276 261/1277 769/1278
f 1034/1279 763/1280 268/1281
f 1034/1282 268/1283 772/1284
f 1033/1285 766/1286 267/1287
f 1033/1288 267/1289 774/1290
f 1032/1291 768/1292 265/1293
f 1032/1294 265/1295 776/1296
f 1031/1297 770/1298 272/1299
f 1031/1300 272/1301 779/1302
f 1030/1303 773/1304 271/1305
f 1030/1306 271/1307 781/1308
f 1029/1309 775/1310 269/1311
f 1029/1312 269/1313 783/1314
f 1028/1315 777/1316 276/1317
f 1028/1318 276/1319 786/1320
f 1027/1321 780/1322 275/1323
f 1027/1324 275/1325 788/1326
f 1026/1327 782/1328 273/1329
f 1026/1330 273/1331 790/1332
f 1025/1333 784/1334 280/1335
f 1025/1336 280/1337 793/1338
f 1024/1339 787/1340 279/1341
f 1024/1342 279/1343 795/1344
f 1023/1345 789/1346 277/1347
f 1023/1348 277/1349 797/1350
f 1022/1351 791/1352 284/1353
f 1022/1354 284/1355 800/1356
f 1021/1357 794/1358 283/1359
f 1021/1360 283/1361 802/1362
f 1020/1363 796/1364 281/1365
f 1020/1366 281/1367 804/1368
f 1019/1369 798/1370 288/1371
f 1019/1372 288/1373 807/1374
f 1018/1375 801/1376 287/1377
f 1018/1378 287/1379 809/1380
f 1017/1381 803/1382 285/1383
f 1017/1384 285/1385 811/1386
f 1016/1387 805/1388 292/1389
f 1016/1390 292/1391 814/1392
f 1015/1393 808/1394 291/1395
f 1015/1396 291/1397 816/1398
f 1014/1399 810/1400 289/1401
f 1014/1402 289/1403 818/1404
f 1013/1405 812/1406 296/1407
f 1013/1408 296/1409 821/1410
f 1012/1411 815/1412 295/1413
f 1012/1414 295/1415 823/1416
f 1011/1417 817/1418 293/1419
f 1011/1420 293/1421 825/1422
f 1010/1423 819/1424 300/1425
f 1010/1426 300/1427 828/1428
f 1009/1429 822/1430 299/1431
f 1009/1432 299/1433 830/1434
f 1008/1435 824/1436 297/1437
f 1008/1438 297/1439 832/1440
f 1007/1441 826/1442 304/1443
f 1007/1444 304/1445 835/1446
f 1006/1447 829/1448 303/1449
f 1006/1450 303/1451 837/1452
f 1005/1453 831/1454 301/1455
f 1005/1456 301/1457 839/1458
f 1004/1459 833/1460 308/1461
f 1004/1462 308/1463 842/1464
f 1003/1465 836/1466 307/1467
f 1003/1468 307/1469 844/1470
f 1002/1471 838/1472 305/1473
f 1002/1474 305/1475 846/1476
f 1001/1477 840/1478 312/1479
f 1001/1480 312/1481 849/1482
f 1000/1483 843/1484 311/1485
f 1000/1486 311/1487 851/1488
f 999/1489 845/1490 309/1491
f 999/1492 309/1493 853/1494
f 998/1495 847/1496 316/1497
f 998/1498 316/1499 856/1500
f 997/1501 850/1502 315/1503
f 997/1504 315/1505 858/1506
f 996/1507 852/1508 313/1509
f 996/1510 313/1511 860/1512
f 995/1513 854/1514 320/1515
f 995/1516 320/1517 862/1518
f 994/1519 857/1520 319/1521
f 994/1522 319/1523 863/1524
f 993/1525 859/1526 317/1527
f 993/1528 317/1529 864/1530
f 992/1531 866/1532 193/1533
f 992/1534 193/1535 650/1536
f 991/1537 652/1538 202/1539
f 991/1540 202/1541 868/1542
f 990/1543 869/1544 201/1545
f 990/1546 201/1547 657/1548
f 989/1549 642/1550 194/1551
f 989/1552 194/1553 867/1554
f 988/1555 861/1556 197/1557
f 988/1558 197/1559 870/1560
f 987/1561 865/1562 198/1563
f 987/1564 198/1565 864/1566
f 986/1567 659/1568 206/1569
f 986/1570 206/1571 873/1572
f 985/1573 874/1574 205/1575
f 985/1576 205/1577 664/1578
f 984/1579 666/1580 210/1581
f 984/1582 210/1583 875/1584
f 983/1585 876/1586 209/1587
f 983/1588 209/1589 671/1590
f 982/1591 673/1592 214/1593
f 982/1594 214/1595 877/1596
f 981/1597 878/1598 213/1599
f 981/1600 213/1601 678/1602
f 980/1603 680/1604 218/1605
f 980/1606 218/1607 879/1608
f 979/1609 880/1610 217/1611
f 979/1612 217/1613 685/1614
f 978/1615 687/1616 222/1617
f 978/1618 222/1619 881/1620
f 977/1621 882/1622 221/1623
f 977/1624 221/1625 692/1626
f 976/1627 694/1628 226/1629
f 976/1630 226/1631 883/1632
f 975/1633 884/1634 225/1635
f 975/1636 225/1637 699/1638
f 974/1639 701/1640 230/1641
f 974/1642 230/1643 885/1644
f 973/1645 886/1646 229/1647
f 973/1648 229/1649 706/1650
f 972/1651 708/1652 234/1653
f 972/1654 234/1655 887/1656
f 971/1657 888/1658 233/1659
f 971/1660 233/1661 713/1662
f 970/1663 715/1664 238/1665
f 970/1666 238/1667 889/1668
f 969/1669 890/1670 237/1671
f 969/1672 237/1673 720/1674
f 968/1675 722/1676 242/1677
f 968/1678 242/1679 891/1680
f 967/1681 892/1682 241/1683
f 967/1684 241/1685 727/1686
f 966/1687 729/1688 246/1689
f 966/1690 246/1691 893/1692
f 965/1693 894/1694 245/1695
f 965/1696 245/1697 734/1698
f 964/1699 736/1700 250/1701
f 964/1702 250/1703 895/1704
f 963/1705 896/1706 249/1707
f 963/1708 249/1709 741/1710
f 962/1711 743/1712 254/1713
f 962/1714 254/1715 897/1716
f 961/1717 898/1718 253/1719
f 961/1720 253/1721 748/1722
f 960/1723 750/1724 258/1725
f 960/1726 258/1727 899/1728
f 959/1729 900/1730 257/1731
f 959/1732 257/1733 755/1734
f 958/1735 757/1736 262/1737
f 958/1738 262/1739 901/1740
f 957/1741 902/1742 261/1743
f 957/1744 261/1745 762/1746
f 956/1747 764/1748 266/1749
f 956/1750 266/1751 903/1752
f 955/1753 904/1754 265/1755
f 955/1756 265/1757 769/1758
f 954/1759 771/1760 270/1761
f 954/1762 270/1763 905/1764
f 953/1765 906/1766 269/1767
f 953/1768 269/1769 776/1770
f 952/1771 778/1772 274/1773
f 952/1774 274/1775 907/1776
f 951/1777 908/1778 273/1779
f 951/1780 273/1781 783/1782
f 950/1783 785/1784 278/1785
f 950/1786 278/1787 909/1788
f 949/1789 910/1790 277/1791
f 949/1792 277/1793 790/1794
f 948/1795 792/1796 282/1797
f 948/1798 282/1799 911/1800
f 947/1801 912/1802 281/1803
f 947/1804 281/1805 797/1806
f 946/1807 799/1808 286/1809
f 946/1810 286/1811 913/1812
f 945/1813 914/1814 285/1815
f 945/1816 285/1817 804/1818
f 944/1819 806/1820 290/1821
f 944/1822 290/1823 915/1824
f 943/1825 916/1826 289/1827
f 943/1828 289/1829 811/1830
f 942/1831 813/1832 294/1833
f 942/1834 294/1835 917/1836
f 941/1837 918/1838 293/1839
f 941/1840 293/1841 818/1842
f 940/1843 820/1844 298/1845
f 940/1846 298/1847 919/1848
f 939/1849 920/1850 297/1851
f 939/1852 297/1853 825/1854
f 938/1855 827/1856 302/1857
f 938/1858 302/1859 921/1860
f 937/1861 922/1862 301/1863
f 937/1864 301/1865 832/1866
f 936/1867 834/1868 306/1869
f 936/1870 306/1871 923/1872
f 935/1873 924/1874 305/1875
f 935/1876 305/1877 839/1878
f 934/1879 841/1880 310/1881
f 934/1882 310/1883 925/1884
f 933/1885 926/1886 309/1887
f 933/1888 309/1889 846/1890
f 932/1891 848/1892 314/1893
f 932/1894 314/1895 927/1896
f 931/1897 928/1898 313/1899
f 931/1900 313/1901 853/1902
f 930/1903 855/1904 318/1905
f 930/1906 318/1907 871/1908
f 929/1909 872/1910 317/1911
f 929/1912 317/1913 860/1914
f 928/1915 929/1916 860/1917
f 928/1918 860/1919 313/1920
f 95/1921 414/1922 929/1923
f 95/1924 929/1925 928/1926
f 414/1927 96/1928 872/1929
f 414/1930 872/1931 929/1932
f 610/1933 930/1934 871/1935
f 610/1936 871/1937 192/1938
f 191/1939 927/1940 930/1941
f 191/1942 930/1943 610/1944
f 927/1945 314/1946 855/1947
f 927/1948 855/1949 930/1950
f 926/1951 931/1952 853/1953
f 926/1954 853/1955 309/1956
f 94/1957 413/1958 931/1959
f 94/1960 931/1961 926/1962
f 413/1963 95/1964 928/1965
f 413/1966 928/1967 931/1968
f 611/1969 932/1970 927/1971
f 611/1972 927/1973 191/1974
f 190/1975 925/1976 932/1977
f 190/1978 932/1979 611/1980
f 925/1981 310/1982 848/1983
f 925/1984 848/1985 932/1986
f 924/1987 933/1988 846/1989
f 924/1990 846/1991 305/1992
f 93/1993 412/1994 933/1995
f 93/1996 933/1997 924/1998
f 412/1999 94/2000 926/2001
f 412/2002 926/2003 933/2004
f 612/2005 934/2006 925/2007
f 612/2008 925/2009 190/2010
f 189/2011 923/2012 934/2013
f 189/2014 934/2015 612/2016
f 923/2017 306/2018 841/2019
f 923/2020 841/2021 934/2022
f 922/2023 935/2024 839/2025
f 922/2026 839/2027 301/2028
f 92/2029 411/2030 935/2031
f 92/2032 935/2033 922/2034
f 411/2035 93/2036 924/2037
f 411/2038 924/2039 935/2040
f 613/2041 936/2042 923/2043
f 613/2044 923/2045 189/2046
f 188/2047 921/2048 936/2049
f 188/2050 936/2051 613/2052
f 921/2053 302/2054 834/2055
f 921/2056 834/2057 936/2058
f 920/2059 937/2060 832/2061
f 920/2062 832/2063 297/2064
f 91/2065 410/2066 937/2067
f 91/2068 937/2069 920/2070
f 410/2071 92/2072 922/2073
f 410/2074 922/2075 937/2076
f 614/2077 938/2078 921/2079
f 614/2080 921/2081 188/2082
f 187/2083 919/2084 938/2085
f 187/2086 938/2087 614/2088
f 919/2089 298/2090 827/2091
f 919/2092 827/2093 938/2094
f 918/2095 939/2096 825/2097
f 918/2098 825/2099 293/2100
f 90/2101 409/2102 939/2103
f 90/2104 939/2105 918/2106
f 409/2107 91/2108 920/2109
f 409/2110 920/2111 939/2112
f 615/2113 940/2114 919/2115
f 615/2116 919/2117 187/2118
f 186/2119 917/2120 940/2121
f 186/2122 940/2123 615/2124
f 917/2125 294/2126 820/2127
f 917/2128 820/2129 940/2130
f 916/2131 941/2132 818/2133
f 916/2134 818/2135 289/2136
f 89/2137 408/2138 941/2139
f 89/2140 941/2141 916/2142
f 408/2143 90/2144 918/2145
f 408/2146 918/2147 941/2148
f 616/2149 942/2150 917/2151
f 616/2152 917/2153 186/2154
f 185/2155 915/2156 942/2157
f 185/2158 942/2159 616/2160
f 915/2161 290/2162 813/2163
f 915/2164 813/2165 942/2166
f 914/2167 943/2168 811/2169
f 914/2170 811/2171 285/2172
f 88/2173 407/2174 943/2175
f 88/2176 943/2177 914/2178
f 407/2179 89/2180 916/2181
f 407/2182 916/2183 943/2184
f 617/2185 944/2186 915/2187
f 617/2188 915/2189 185/2190
f 184/2191 913/2192 944/2193
f 184/2194 944/2195 617/2196
f 913/2197 286/2198 806/2199
f 913/2200 806/2201 944/2202
f 912/2203 945/2204 804/2205
f 912/2206 804/2207 281/2208
f 87/2209 406/2210 945/2211
f 87/2212 945/2213 912/2214
f 406/2215 88/2216 914/2217
f 406/2218 914/2219 945/2220
f 618/2221 946/2222 913/2223
f 618/2224 913/2225 184/2226
f 183/2227 911/2228 946/2229
f 183/2230 946/2231 618/2232
f 911/2233 282/2234 799/2235
f 911/2236 799/2237 946/2238
f 910/2239 947/2240 797/2241
f 910/2242 797/2243 277/2244
f 86/2245 405/2246 947/2247
f 86/2248 947/2249 910/2250
f 405/2251 87/2252 912/2253
f 405/2254 912/2255 947/2256
f 619/2257 948/2258 911/2259
f 619/2260 911/2261 183/2262
f 182/2263 909/2264 948/2265
f 182/2266 948/2267 619/2268
f 909/2269 278/2270 792/2271
f 909/2272 792/2273 948/2274
f 908/2275 949/2276 790/2277
f 908/2278 790/2279 273/2280
f 85/2281 404/2282 949/2283
f 85/2284 949/2285 908/2286
f 404/2287 86/2288 910/2289
f 404/2290 910/2291 949/2292
f 620/2293 950/2294 909/2295
f 620/2296 909/2297 182/2298
f 181/2299 907/2300 950/2301
f 181/2302 950/2303 620/2304
f 907/2305 274/2306 785/2307
f 907/2308 785/2309 950/2310
f 906/2311 951/2312 783/2313
f 906/2314 783/2315 269/2316
f 84/2317 403/2318 951/2319
f 84/2320 951/2321 906/2322
f 403/2323 85/2324 908/2325
f 403/2326 908/2327 951/2328
f 621/2329 952/2330 907/2331
f 621/2332 907/2333 181/2334
f 180/2335 905/2336 952/2337
f 180/2338 952/2339 621/2340
f 905/2341 270/2342 778/2343
f 905/2344 778/2345 952/2346
f 904/2347 953/2348 776/2349
f 904/2350 776/2351 265/2352
f 83/2353 402/2354 953/2355
f 83/2356 953/2357 904/2358
f 402/2359 84/2360 906/2361
f 402/2362 906/2363 953/2364
f 622/2365 954/2366 905/2367
f 622/2368 905/2369 180/2370
f 179/2371 903/2372 954/2373
f 179/2374 954/2375 622/2376
f 903/2377 266/2378 771/2379
f 903/2380 771/2381 954/2382
f 902/2383 955/2384 769/2385
f 902/2386 769/2387 261/2388
f 82/2389 401/2390 955/2391
f 82/2392 955/2393 902/2394
f 401/2395 83/2396 904/2397
f 401/2398 904/2399 955/2400
f 623/2401 956/2402 903/2403
f 623/2404 903/2405 179/2406
f 178/2407 901/2408 956/2409
f 178/2410 956/2411 623/2412
f 901/2413 262/2414 764/2415
f 901/2416 764/2417 956/2418
f 900/2419 957/2420 762/2421
f 900/2422 762/2423 257/2424
f 81/2425 400/2426 957/2427
f 81/2428 957/2429 900/2430
f 400/2431 82/2432 902/2433
f 400/2434 902/2435 957/2436
f 624/2437 958/2438 901/2439
f 624/2440 901/2441 178/2442
f 177/2443 899/2444 958/2445
f 177/2446 958/2447 624/2448
f 899/2449 258/2450 757/2451
f 899/2452 757/2453 958/2454
f 898/2455 959/2456 755/2457
f 898/2458 755/2459 253/2460
f 80/2461 399/2462 959/2463
f 80/2464 959/2465 898/2466
f 399/2467 81/2468 900/2469
f 399/2470 900/2471 959/2472
f 625/2473 960/2474 899/2475
f 625/2476 899/2477 177/2478
f 176/2479 897/2480 960/2481
f 176/2482 960/2483 625/2484
f 897/2485 254/2486 750/2487
f 897/2488 750/2489 960/2490
f 896/2491 961/2492 748/2493
f 896/2494 748/2495 249/2496
f 79/2497 398/2498 961/2499
f 79/2500 961/2501 896/2502
f 398/2503 80/2504 898/2505
f 398/2506 898/2507 961/2508
f 626/2509 962/2510 897/2511
f 626/2512 897/2513 176/2514
f 175/2515 895/2516 962/2517
f 175/2518 962/2519 626/2520
f 895/2521 250/2522 743/2523
f 895/2524 743/2525 962/2526
f 894/2527 963/2528 741/2529
f 894/2530 741/2531 245/2532
f 78/2533 397/2534 963/2535
f 78/2536 963/2537 894/2538
f 397/2539 79/2540 896/2541
f 397/2542 896/2543 963/2544
f 627/2545 964/2546 895/2547
f 627/2548 895/2549 175/2550
f 174/2551 893/2552 964/2553
f 174/2554 964/2555 627/2556
f 893/2557 246/2558 736/2559
f 893/2560 736/2561 964/2562
f 892/2563 965/2564 734/2565
f 892/2566 734/2567 241/2568
f 77/2569 396/2570 965/2571
f 77/2572 965/2573 892/2574
f 396/2575 78/2576 894/2577
f 396/2578 894/2579 965/2580
f 628/2581 966/2582 893/2583
f 628/2584 893/2585 174/2586
f 173/2587 891/2588 966/2589
f 173/2590 966/2591 628/2592
f 891/2593 242/2594 729/2595
f 891/2596 729/2597 966/2598
f 890/2599 967/2600 727/2601
f 890/2602 727/2603 237/2604
f 76/2605 395/2606 967/2607
f 76/2608 967/2609 890/2610
f 395/2611 77/2612 892/2613
f 395/2614 892/2615 967/2616
f 629/2617 968/2618 891/2619
f 629/2620 891/2621 173/2622
f 172/2623 889/2624 968/2625
f 172/2626 968/2627 629/2628
f 889/2629 238/2630 722/2631
f 889/2632 722/2633 968/2634
f 888/2635 969/2636 720/2637
f 888/2638 720/2639 233/2640
f 75/2641 394/2642 969/2643
f 75/2644 969/2645 888/2646
f 394/2647 76/2648 890/2649
f 394/2650 890/2651 969/2652
f 630/2653 970/2654 889/2655
f 630/2656 889/2657 172/2658
f 171/2659 887/2660 970/2661
f 171/2662 970/2663 630/2664
f 887/2665 234/2666 715/2667
f 887/2668 715/2669 970/2670
f 886/2671 971/2672 713/2673
f 886/2674 713/2675 229/2676
f 74/2677 393/2678 971/2679
f 74/2680 971/2681 886/2682
f 393/2683 75/2684 888/2685
f 393/2686 888/2687 971/2688
f 631/2689 972/2690 887/2691
f 631/2692 887/2693 171/2694
f 170/2695 885/2696 972/2697
f 170/2698 972/2699 631/2700
f 885/2701 230/2702 708/2703
f 885/2704 708/2705 972/2706
f 884/2707 973/2708 706/2709
f 884/2710 706/2711 225/2712
f 73/2713 392/2714 973/2715
f 73/2716 973/2717 884/2718
f 392/2719 74/2720 886/2721
f 392/2722 886/2723 973/2724
f 632/2725 974/2726 885/2727
f 632/2728 885/2729 170/2730
f 169/2731 883/2732 974/2733
f 169/2734 974/2735 632/2736
f 883/2737 226/2738 701/2739
f 883/2740 701/2741 974/2742
f 882/2743 975/2744 699/2745
f 882/2746 699/2747 221/2748
f 72/2749 391/2750 975/2751
f 72/2752 975/2753 882/2754
f 391/2755 73/2756 884/2757
f 391/2758 884/2759 975/2760
f 633/2761 976/2762 883/2763
f 633/2764 883/2765 169/2766
f 168/2767 881/2768 976/2769
f 168/2770 976/2771 633/2772
f 881/2773 222/2774 694/2775
f 881/2776 694/2777 976/2778
f 880/2779 977/2780 692/2781
f 880/2782 692/2783 217/2784
f 71/2785 390/2786 977/2787
f 71/2788 977/2789 880/2790
f 390/2791 72/2792 882/2793
f 390/2794 882/2795 977/2796
f 634/2797 978/2798 881/2799
f 634/2800 881/2801 168/2802
f 167/2803 879/2804 978/2805
f 167/2806 978/2807 634/2808
f 879/2809 218/2810 687/2811
f 879/2812 687/2813 978/2814
f 878/2815 979/2816 685/2817
f 878/2818 685/2819 213/2820
f 70/2821 389/2822 979/2823
f 70/2824 979/2825 878/2826
f 389/2827 71/2828 880/2829
f 389/2830 880/2831 979/2832
f 635/2833 980/2834 879/2835
f 635/2836 879/2837 167/2838
f 166/2839 877/2840 980/2841
f 166/2842 980/2843 635/2844
f 877/2845 214/2846 680/2847
f 877/2848 680/2849 980/2850
f 876/2851 981/2852 678/2853
f 876/2854 678/2855 209/2856
f 69/2857 388/2858 981/2859
f 69/2860 981/2861 876/2862
f 388/2863 70/2864 878/2865
f 388/2866 878/2867 981/2868
f 636/2869 982/2870 877/2871
f 636/2872 877/2873 166/2874
f 165/2875 875/2876 982/2877
f 165/2878 982/2879 636/2880
f 875/2881 210/2882 673/2883
f 875/2884 673/2885 982/2886
f 874/2887 983/2888 671/2889
f 874/2890 671/2891 205/2892
f 68/2893 387/2894 983/2895
f 68/2896 983/2897 874/2898
f 387/2899 69/2900 876/2901
f 387/2902 876/2903 983/2904
f 637/2905 984/2906 875/2907
f 637/2908 875/2909 165/2910
f 164/2911 873/2912 984/2913
f 164/2914 984/2915 637/2916
f 873/2917 206/2918 666/2919
f 873/2920 666/2921 984/2922
f 869/2923 985/2924 664/2925
f 869/2926 664/2927 201/2928
f 67/2929 386/2930 985/2931
f 67/2932 985/2933 869/2934
f 386/2935 68/2936 874/2937
f 386/2938 874/2939 985/2940
f 638/2941 986/2942 873/2943
f 638/2944 873/2945 164/2946
f 163/2947 868/2948 986/2949
f 163/2950 986/2951 638/2952
f 868/2953 202/2954 659/2955
f 868/2956 659/2957 986/2958
f 872/2959 987/2960 864/2961
f 872/2962 864/2963 317/2964
f 96/2965 415/2966 987/2967
f 96/2968 987/2969 872/2970
f 415/2971 66/2972 865/2973
f 415/2974 865/2975 987/2976
f 609/2977 988/2978 870/2979
f 609/2980 870/2981 161/2982
f 192/2983 871/2984 988/2985
f 192/2986 988/2987 609/2988
f 871/2989 318/2990 861/2991
f 871/2992 861/2993 988/2994
f 640/2995 989/2996 867/2997
f 640/2998 867/2999 162/3000
f 161/3001 870/3002 989/3003
f 161/3004 989/3005 640/3006
f 870/3007 197/3008 642/3009
f 870/3010 642/3011 989/3012
f 866/3013 990/3014 657/3015
f 866/3016 657/3017 193/3018
f 65/3019 385/3020 990/3021
f 65/3022 990/3023 866/3024
f 385/3025 67/3026 869/3027
f 385/3028 869/3029 990/3030
f 639/3031 991/3032 868/3033
f 639/3034 868/3035 163/3036
f 162/3037 867/3038 991/3039
f 162/3040 991/3041 639/3042
f 867/3043 194/3044 652/3045
f 867/3046 652/3047 991/3048
f 865/3049 992/3050 650/3051
f 865/3052 650/3053 198/3054
f 66/3055 384/3056 992/3057
f 66/3058 992/3059 865/3060
f 384/3061 65/3062 866/3063
f 384/3064 866/3065 992/3066
f 649/3067 993/3068 864/3069
f 649/3070 864/3071 198/3072
f 200/3073 863/3074 993/3075
f 200/3076 993/3077 649/3078
f 863/3079 319/3080 859/3081
f 863/3082 859/3083 993/3084
f 646/3085 994/3086 863/3087
f 646/3088 863/3089 200/3090
f 199/3091 862/3092 994/3093
f 199/3094 994/3095 646/3096
f 862/3097 320/3098 857/3099
f 862/3100 857/3101 994/3102
f 643/3103 995/3104 862/3105
f 643/3106 862/3107 199/3108
f 197/3109 861/3110 995/3111
f 197/3112 995/3113 643/3114
f 861/3115 318/3116 854/3117
f 861/3118 854/3119 995/3120
f 859/3121 996/3122 860/3123
f 859/3124 860/3125 317/3126
f 319/3127 858/3128 996/3129
f 319/3130 996/3131 859/3132
f 858/3133 315/3134 852/3135
f 858/3136 852/3137 996/3138
f 857/3139 997/3140 858/3141
f 857/3142 858/3143 319/3144
f 320/3145 856/3146 997/3147
f 320/3148 997/3149 857/3150
f 856/3151 316/3152 850/3153
f 856/3154 850/3155 997/3156
f 854/3157 998/3158 856/3159
f 854/3160 856/3161 320/3162
f 318/3163 855/3164 998/3165
f 318/3166 998/3167 854/3168
f 855/3169 314/3170 847/3171
f 855/3172 847/3173 998/3174
f 852/3175 999/3176 853/3177
f 852/3178 853/3179 313/3180
f 315/3181 851/3182 999/3183
f 315/3184 999/3185 852/3186
f 851/3187 311/3188 845/3189
f 851/3190 845/3191 999/3192
f 850/3193 1000/3194 851/3195
f 850/3196 851/3197 315/3198
f 316/3199 849/3200 1000/3201
f 316/3202 1000/3203 850/3204
f 849/3205 312/3206 843/3207
f 849/3208 843/3209 1000/3210
f 847/3211 1001/3212 849/3213
f 847/3214 849/3215 316/3216
f 314/3217 848/3218 1001/3219
f 314/3220 1001/3221 847/3222
f 848/3223 310/3224 840/3225
f 848/3226 840/3227 1001/3228
f 845/3229 1002/3230 846/3231
f 845/3232 846/3233 309/3234
f 311/3235 844/3236 1002/3237
f 311/3238 1002/3239 845/3240
f 844/3241 307/3242 838/3243
f 844/3244 838/3245 1002/3246
f 843/3247 1003/3248 844/3249
f 843/3250 844/3251 311/3252
f 312/3253 842/3254 1003/3255
f 312/3256 1003/3257 843/3258
f 842/3259 308/3260 836/3261
f 842/3262 836/3263 1003/3264
f 840/3265 1004/3266 842/3267
f 840/3268 842/3269 312/3270
f 310/3271 841/3272 1004/3273
f 310/3274 1004/3275 840/3276
f 841/3277 306/3278 833/3279
f 841/3280 833/3281 1004/3282
f 838/3283 1005/3284 839/3285
f 838/3286 839/3287 305/3288
f 307/3289 837/3290 1005/3291
f 307/3292 1005/3293 838/3294
f 837/3295 303/3296 831/3297
f 837/3298 831/3299 1005/3300
f 836/3301 1006/3302 837/3303
f 836/3304 837/3305 307/3306
f 308/3307 835/3308 1006/3309
f 308/3310 1006/3311 836/3312
f 835/3313 304/3314 829/3315
f 835/3316 829/3317 1006/3318
f 833/3319 1007/3320 835/3321
f 833/3322 835/3323 308/3324
f 306/3325 834/3326 1007/3327
f 306/3328 1007/3329 833/3330
f 834/3331 302/3332 826/3333
f 834/3334 826/3335 1007/3336
f 831/3337 1008/3338 832/3339
f 831/3340 832/3341 301/3342
f 303/3343 830/3344 1008/3345
f 303/3346 1008/3347 831/3348
f 830/3349 299/3350 824/3351
f 830/3352 824/3353 1008/3354
f 829/3355 1009/3356 830/3357
f 829/3358 830/3359 303/3360
f 304/3361 828/3362 1009/3363
f 304/3364 1009/3365 829/3366
f 828/3367 300/3368 822/3369
f 828/3370 822/3371 1009/3372
f 826/3373 1010/3374 828/3375
f 826/3376 828/3377 304/3378
f 302/3379 827/3380 1010/3381
f 302/3382 1010/3383 826/3384
f 827/3385 298/3386 819/3387
f 827/3388 819/3389 1010/3390
f 824/3391 1011/3392 825/3393
f 824/3394 825/3395 297/3396
f 299/3397 823/3398 1011/3399
f 299/3400 1011/3401 824/3402
f 823/3403 295/3404 817/3405
f 823/3406 817/3407 1011/3408
f 822/3409 1012/3410 823/3411
f 822/3412 823/3413 299/3414
f 300/3415 821/3416 1012/3417
f 300/3418 1012/3419 822/3420
f 821/3421 296/3422 815/3423
f 821/3424 815/3425 1012/3426
f 819/3427 1013/3428 821/3429
f 819/3430 821/3431 300/3432
f 298/3433 820/3434 1013/3435
f 298/3436 1013/3437 819/3438
f 820/3439 294/3440 812/3441
f 820/3442 812/3443 1013/3444
f 817/3445 1014/3446 818/3447
f 817/3448 818/3449 293/3450
f 295/3451 816/3452 1014/3453
f 295/3454 1014/3455 817/3456
f 816/3457 291/3458 810/3459
f 816/3460 810/3461 1014/3462
f 815/3463 1015/3464 816/3465
f 815/3466 816/3467 295/3468
f 296/3469 814/3470 1015/3471
f 296/3472 1015/3473 815/3474
f 814/3475 292/3476 808/3477
f 814/3478 808/3479 1015/3480
f 812/3481 1016/3482 814/3483
f 812/3484 814/3485 296/3486
f 294/3487 813/3488 1016/3489
f 294/3490 1016/3491 812/3492
f 813/3493 290/3494 805/3495
f 813/3496 805/3497 1016/3498
f 810/3499 1017/3500 811/3501
f 810/3502 811/3503 289/3504
f 291/3505 809/3506 1017/3507
f 291/3508 1017/3509 810/3510
f 809/3511 287/3512 803/3513
f 809/3514 803/3515 1017/3516
f 808/3517 1018/3518 809/3519
f 808/3520 809/3521 291/3522
f 292/3523 807/3524 1018/3525
f 292/3526 1018/3527 808/3528
f 807/3529 288/3530 801/3531
f 807/3532 801/3533 1018/3534
f 805/3535 1019/3536 807/3537
f 805/3538 807/3539 292/3540
f 290/3541 806/3542 1019/3543
f 290/3544 1019/3545 805/3546
f 806/3547 286/3548 798/3549
f 806/3550 798/3551 1019/3552
f 803/3553 1020/3554 804/3555
f 803/3556 804/3557 285/3558
f 287/3559 802/3560 1020/3561
f 287/3562 1020/3563 803/3564
f 802/3565 283/3566 796/3567
f 802/3568 796/3569 1020/3570
f 801/3571 1021/3572 802/3573
f 801/3574 802/3575 287/3576
f 288/3577 800/3578 1021/3579
f 288/3580 1021/3581 801/3582
f 800/3583 284/3584 794/3585
f 800/3586 794/3587 1021/3588
f 798/3589 1022/3590 800/3591
f 798/3592 800/3593 288/3594
f 286/3595 799/3596 1022/3597
f 286/3598 1022/3599 798/3600
f 799/3601 282/3602 791/3603
f 799/3604 791/3605 1022/3606
f 796/3607 1023/3608 797/3609
f 796/3610 797/3611 281/3612
f 283/3613 795/3614 1023/3615
f 283/3616 1023/3617 796/3618
f 795/3619 279/3620 789/3621
f 795/3622 789/3623 1023/3624
f 794/3625 1024/3626 795/3627
f 794/3628 795/3629 283/3630
f 284/3631 793/3632 1024/3633
f 284/3634 1024/3635 794/3636
f 793/3637 280/3638 787/3639
f 793/3640 787/3641 1024/3642
f 791/3643 1025/3644 793/3645
f 791/3646 793/3647 284/3648
f 282/3649 792/3650 1025/3651
f 282/3652 1025/3653 791/3654
f 792/3655 278/3656 784/3657
f 792/3658 784/3659 1025/3660
f 789/3661 1026/3662 790/3663
f 789/3664 790/3665 277/3666
f 279/3667 788/3668 1026/3669
f 279/3670 1026/3671 789/3672
f 788/3673 275/3674 782/3675
f 788/3676 782/3677 1026/3678
f 787/3679 1027/3680 788/3681
f 787/3682 788/3683 279/3684
f 280/3685 786/3686 1027/3687
f 280/3688 1027/3689 787/3690
f 786/3691 276/3692 780/3693
f 786/3694 780/3695 1027/3696
f 784/3697 1028/3698 786/3699
f 784/3700 786/3701 280/3702
f 278/3703 785/3704 1028/3705
f 278/3706 1028/3707 784/3708
f 785/3709 274/3710 777/3711
f 785/3712 777/3713 1028/3714
f 782/3715 1029/3716 783/3717
f 782/3718 783/3719 273/3720
f 275/3721 781/3722 1029/3723
f 275/3724 1029/3725 782/3726
f 781/3727 271/3728 775/3729
f 781/3730 775/3731 1029/3732
f 780/3733 1030/3734 781/3735
f 780/3736 781/3737 275/3738
f 276/3739 779/3740 1030/3741
f 276/3742 1030/3743 780/3744
f 779/3745 272/3746 773/3747
f 779/3748 773/3749 1030/3750
f 777/3751 1031/3752 779/3753
f 777/3754 779/3755 276/3756
f 274/3757 778/3758 1031/3759
f 274/3760 1031/3761 777/3762
f 778/3763 270/3764 770/3765
f 778/3766 770/3767 1031/3768
f 775/3769 1032/3770 776/3771
f 775/3772 776/3773 269/3774
f 271/3775 774/3776 1032/3777
f 271/3778 1032/3779 775/3780
f 774/3781 267/3782 768/3783
f 774/3784 768/3785 1032/3786
f 773/3787 1033/3788 774/3789
f 773/3790 774/3791 271/3792
f 272/3793 772/3794 1033/3795
f 272/3796 1033/3797 773/3798
f 772/3799 268/3800 766/3801
f 772/3802 766/3803 1033/3804
f 770/3805 1034/3806 772/3807
f 770/3808 772/3809 272/3810
f 270/3811 771/3812 1034/3813
f 270/3814 1034/3815 770/3816
f 771/3817 266/3818 763/3819
f 771/3820 763/3821 1034/3822
f 768/3823 1035/3824 769/3825
f 768/3826 769/3827 265/3828
f 267/3829 767/3830 1035/3831
f 267/3832 1035/3833 768/3834
f 767/3835 263/3836 761/3837
f 767/3838 761/3839 1035/3840
f 766/3841 1036/3842 767/3843
f 766/3844 767/3845 267/3846
f 268/3847 765/3848 1036/3849
f 268/3850 1036/3851 766/3852
f 765/3853 264/3854 759/3855
f 765/3856 759/3857 1036/3858
f 763/3859 1037/3860 765/3861
f 763/3862 765/3863 268/3864
f 266/3865 764/3866 1037/3867
f 266/3868 1037/3869 763/3870
f 764/3871 262/3872 756/3873
f 764/3874 756/3875 1037/3876
f 761/3877 1038/3878 762/3879
f 761/3880 762/3881 261/3882
f 263/3883 760/3884 1038/3885
f 263/3886 1038/3887 761/3888
f 760/3889 259/3890 754/3891
f 760/3892 754/3893 1038/3894
f 759/3895 1039/3896 760/3897
f 759/3898 760/3899 263/3900
f 264/3901 758/3902 1039/3903
f 264/3904 1039/3905 759/3906
f 758/3907 260/3908 752/3909
f 758/3910 752/3911 1039/3912
f 756/3913 1040/3914 758/3915
f 756/3916 758/3917 264/3918
f 262/3919 757/3920 1040/3921
f 262/3922 1040/3923 756/3924
f 757/3925 258/3926 749/3927
f 757/3928 749/3929 1040/3930
f 754/3931 1041/3932 755/3933
f 754/3934 755/3935 257/3936
f 259/3937 753/3938 1041/3939
f 259/3940 1041/3941 754/3942
f 753/3943 255/3944 747/3945
f 753/3946 747/3947 1041/3948
f 752/3949 1042/3950 753/3951
f 752/3952 753/3953 259/3954
f 260/3955 751/3956 1042/3957
f 260/3958 1042/3959 752/3960
f 751/3961 256/3962 745/3963
f 751/3964 745/3965 1042/3966
f 749/3967 1043/3968 751/3969
f 749/3970 751/3971 260/3972
f 258/3973 750/3974 1043/3975
f 258/3976 1043/3977 749/3978
f 750/3979 254/3980 742/3981
f 750/3982 742/3983 1043/3984
f 747/3985 1044/3986 748/3987
f 747/3988 748/3989 253/3990
f 255/3991 746/3992 1044/3993
f 255/3994 1044/3995 747/3996
f 746/3997 251/3998 740/3999
f 746/4000 740/4001 1044/4002
f 745/4003 1045/4004 746/4005
f 745/4006 746/4007 255/4008
f 256/4009 744/4010 1045/4011
f 256/4012 1045/4013 745/4014
f 744/4015 252/4016 738/4017
f 744/4018 738/4019 1045/4020
f 742/4021 1046/4022 744/4023
f 742/4024 744/4025 256/4026
f 254/4027 743/4028 1046/4029
f 254/4030 1046/4031 742/4032
f 743/4033 250/4034 735/4035
f 743/4036 735/4037 1046/4038
f 740/4039 1047/4040 741/4041
f 740/4042 741/4043 249/4044
f 251/4045 739/4046 1047/4047
f 251/4048 1047/4049 740/4050
f 739/4051 247/4052 733/4053
f 739/4054 733/4055 1047/4056
f 738/4057 1048/4058 739/4059
f 738/4060 739/4061 251/4062
f 252/4063 737/4064 1048/4065
f 252/4066 1048/4067 738/4068
f 737/4069 248/4070 731/4071
f 737/4072 731/4073 1048/4074
f 735/4075 1049/4076 737/4077
f 735/4078 737/4079 252/4080
f 250/4081 736/4082 1049/4083
f 250/4084 1049/4085 735/4086
f 736/4087 246/4088 728/4089
f 736/4090 728/4091 1049/4092
f 733/4093 1050/4094 734/4095
f 733/4096 734/4097 245/4098
f 247/4099 732/4100 1050/4101
f 247/4102 1050/4103 733/4104
f 732/4105 243/4106 726/4107
f 732/4108 726/4109 1050/4110
f 731/4111 1051/4112 732/4113
f 731/4114 732/4115 247/4116
f 248/4117 730/4118 1051/4119
f 248/4120 1051/4121 731/4122
f 730/4123 244/4124 724/4125
f 730/4126 724/4127 1051/4128
f 728/4129 1052/4130 730/4131
f 728/4132 730/4133 248/4134
f 246/4135 729/4136 1052/4137
f 246/4138 1052/4139 728/4140
f 729/4141 242/4142 721/4143
f 729/4144 721/4145 1052/4146
f 726/4147 1053/4148 727/4149
f 726/4150 727/4151 241/4152
f 243/4153 725/4154 1053/4155
f 243/4156 1053/4157 726/4158
f 725/4159 239/4160 719/4161
f 725/4162 719/4163 1053/4164
f 724/4165 1054/4166 725/4167
f 724/4168 725/4169 243/4170
f 244/4171 723/4172 1054/4173
f 244/4174 1054/4175 724/4176
f 723/4177 240/4178 717/4179
f 723/4180 717/4181 1054/4182
f 721/4183 1055/4184 723/4185
f 721/4186 723/4187 244/4188
f 242/4189 722/4190 1055/4191
f 242/4192 1055/4193 721/4194
f 722/4195 238/4196 714/4197
f 722/4198 714/4199 1055/4200
f 719/4201 1056/4202 720/4203
f 719/4204 720/4205 237/4206
f 239/4207 718/4208 1056/4209
f 239/4210 1056/4211 719/4212
f 718/4213 235/4214 712/4215
f 718/4216 712/4217 1056/4218
f 717/4219 1057/4220 718/4221
f 717/4222 718/4223 239/4224
f 240/4225 716/4226 1057/4227
f 240/4228 1057/4229 717/4230
f 716/4231 236/4232 710/4233
f 716/4234 710/4235 1057/4236
f 714/4237 1058/4238 716/4239
f 714/4240 716/4241 240/4242
f 238/4243 715/4244 1058/4245
f 238/4246 1058/4247 714/4248
f 715/4249 234/4250 707/4251
f 715/4252 707/4253 1058/4254
f 712/4255 1059/4256 713/4257
f 712/4258 713/4259 233/4260
f 235/4261 711/4262 1059/4263
f 235/4264 1059/4265 712/4266
f 711/4267 231/4268 705/4269
f 711/4270 705/4271 1059/4272
f 710/4273 1060/4274 711/4275
f 710/4276 711/4277 235/4278
f 236/4279 709/4280 1060/4281
f 236/4282 1060/4283 710/4284
f 709/4285 232/4286 703/4287
f 709/4288 703/4289 1060/4290
f 707/4291 1061/4292 709/4293
f 707/4294 709/4295 236/4296
f 234/4297 708/4298 1061/4299
f 234/4300 1061/4301 707/4302
f 708/4303 230/4304 700/4305
f 708/4306 700/4307 1061/4308
f 705/4309 1062/4310 706/4311
f 705/4312 706/4313 229/4314
f 231/4315 704/4316 1062/4317
f 231/4318 1062/4319 705/4320
f 704/4321 227/4322 698/4323
f 704/4324 698/4325 1062/4326
f 703/4327 1063/4328 704/4329
f 703/4330 704/4331 231/4332
f 232/4333 702/4334 1063/4335
f 232/4336 1063/4337 703/4338
f 702/4339 228/4340 696/4341
f 702/4342 696/4343 1063/4344
f 700/4345 1064/4346 702/4347
f 700/4348 702/4349 232/4350
f 230/4351 701/4352 1064/4353
f 230/4354 1064/4355 700/4356
f 701/4357 226/4358 693/4359
f 701/4360 693/4361 1064/4362
f 698/4363 1065/4364 699/4365
f 698/4366 699/4367 225/4368
f 227/4369 697/4370 1065/4371
f 227/4372 1065/4373 698/4374
f 697/4375 223/4376 691/4377
f 697/4378 691/4379 1065/4380
f 696/4381 1066/4382 697/4383
f 696/4384 697/4385 227/4386
f 228/4387 695/4388 1066/4389
f 228/4390 1066/4391 696/4392
f 695/4393 224/4394 689/4395
f 695/4396 689/4397 1066/4398
f 693/4399 1067/4400 695/4401
f 693/4402 695/4403 228/4404
f 226/4405 694/4406 1067/4407
f 226/4408 1067/4409 693/4410
f 694/4411 222/4412 686/4413
f 694/4414 686/4415 1067/4416
f 691/4417 1068/4418 692/4419
f 691/4420 692/4421 221/4422
f 223/4423 690/4424 1068/4425
f 223/4426 1068/4427 691/4428
f 690/4429 219/4430 684/4431
f 690/4432 684/4433 1068/4434
f 689/4435 1069/4436 690/4437
f 689/4438 690/4439 223/4440
f 224/4441 688/4442 1069/4443
f 224/4444 1069/4445 689/4446
f 688/4447 220/4448 682/4449
f 688/4450 682/4451 1069/4452
f 686/4453 1070/4454 688/4455
f 686/4456 688/4457 224/4458
f 222/4459 687/4460 1070/4461
f 222/4462 1070/4463 686/4464
f 687/4465 218/4466 679/4467
f 687/4468 679/4469 1070/4470
f 684/4471 1071/4472 685/4473
f 684/4474 685/4475 217/4476
f 219/4477 683/4478 1071/4479
f 219/4480 1071/4481 684/4482
f 683/4483 215/4484 677/4485
f 683/4486 677/4487 1071/4488
f 682/4489 1072/4490 683/4491
f 682/4492 683/4493 219/4494
f 220/4495 681/4496 1072/4497
f 220/4498 1072/4499 682/4500
f 681/4501 216/4502 675/4503
f 681/4504 675/4505 1072/4506
f 679/4507 1073/4508 681/4509
f 679/4510 681/4511 220/4512
f 218/4513 680/4514 1073/4515
f 218/4516 1073/4517 679/4518
f 680/4519 214/4520 672/4521
f 680/4522 672/4523 1073/4524
f 677/4525 1074/4526 678/4527
f 677/4528 678/4529 213/4530
f 215/4531 676/4532 1074/4533
f 215/4534 1074/4535 677/4536
f 676/4537 211/4538 670/4539
f 676/4540 670/4541 1074/4542
f 675/4543 1075/4544 676/4545
f 675/4546 676/4547 215/4548
f 216/4549 674/4550 1075/4551
f 216/4552 1075/4553 675/4554
f 674/4555 212/4556 668/4557
f 674/4558 668/4559 1075/4560
f 672/4561 1076/4562 674/4563
f 672/4564 674/4565 216/4566
f 214/4567 673/4568 1076/4569
f 214/4570 1076/4571 672/4572
f 673/4573 210/4574 665/4575
f 673/4576 665/4577 1076/4578
f 670/4579 1077/4580 671/4581
f 670/4582 671/4583 209/4584
f 211/4585 669/4586 1077/4587
f 211/4588 1077/4589 670/4590
f 669/4591 207/4592 663/4593
f 669/4594 663/4595 1077/4596
f 668/4597 1078/4598 669/4599
f 668/4600 669/4601 211/4602
f 212/4603 667/4604 1078/4605
f 212/4606 1078/4607 668/4608
f 667/4609 208/4610 661/4611
f 667/4612 661/4613 1078/4614
f 665/4615 1079/4616 667/4617
f 665/4618 667/4619 212/4620
f 210/4621 666/4622 1079/4623
f 210/4624 1079/4625 665/4626
f 666/4627 206/4628 658/4629
f 666/4630 658/4631 1079/4632
f 663/4633 1080/4634 664/4635
f 663/4636 664/4637 205/4638
f 207/4639 662/4640 1080/4641
f 207/4642 1080/4643 663/4644
f 662/4645 203/4646 656/4647
f 662/4648 656/4649 1080/4650
f 661/4651 1081/4652 662/4653
f 661/4654 662/4655 207/4656
f 208/4657 660/4658 1081/4659
f 208/4660 1081/4661 661/4662
f 660/4663 204/4664 654/4665
f 660/4666 654/4667 1081/4668
f 658/4669 1082/4670 660/4671
f 658/4672 660/4673 208/4674
f 206/4675 659/4676 1082/4677
f 206/4678 1082/4679 658/4680
f 659/4681 202/4682 651/4683
f 659/4684 651/4685 1082/4686
f 656/4687 1083/4688 657/4689
f 656/4690 657/4691 201/4692
f 203/4693 655/4694 1083/4695
f 203/4696 1083/4697 656/4698
f 655/4699 195/4700 648/4701
f 655/4702 648/4703 1083/4704
f 654/4705 1084/4706 655/4707
f 654/4708 655/4709 203/4710
f 204/4711 653/4712 1084/4713
f 204/4714 1084/4715 654/4716
f 653/4717 196/4718 645/4719
f 653/4720 645/4721 1084/4722
f 651/4723 1085/4724 653/4725
f 651/4726 653/4727 204/4728
f 202/4729 652/4730 1085/4731
f 202/4732 1085/4733 651/4734
f 652/4735 194/4736 641/4737
f 652/4738 641/4739 1085/4740
f 648/4741 1086/4742 650/4743
f 648/4744 650/4745 193/4746
f 195/4747 647/4748 1086/4749
f 195/4750 1086/4751 648/4752
f 647/4753 200/4754 649/4755
f 647/4756 649/4757 1086/4758
f 645/4759 1087/4760 647/4761
f 645/4762 647/4763 195/4764
f 196/4765 644/4766 1087/4767
f 196/4768 1087/4769 645/4770
f 644/4771 199/4772 646/4773
f 644/4774 646/4775 1087/4776
f 641/4777 1088/4778 644/4779
f 641/4780 644/4781 196/4782
f 194/4783 642/4784 1088/4785
f 194/4786 1088/4787 641/4788
f 642/4789 197/4790 643/4791
f 642/4792 643/4793 1088/4794
f 321/4795 1089/4796 322/4797
f 321/4798 322/4799 3/4800
f 1/4801 608/4802 1089/4803
f 1/4804 1089/4805 321/4806
f 608/4807 161/4808 640/4809
f 608/4810 640/4811 1089/4812
f 323/4813 1090/4814 324/4815
f 323/4816 324/4817 5/4818
f 3/4819 322/4820 1090/4821
f 3/4822 1090/4823 323/4824
f 322/4825 162/4826 639/4827
f 322/4828 639/4829 1090/4830
f 325/4831 1091/4832 326/4833
f 325/4834 326/4835 7/4836
f 5/4837 324/4838 1091/4839
f 5/4840 1091/4841 325/4842
f 324/4843 163/4844 638/4845
f 324/4846 638/4847 1091/4848
f 327/4849 1092/4850 328/4851
f 327/4852 328/4853 9/4854
f 7/4855 326/4856 1092/4857
f 7/4858 1092/4859 327/4860
f 326/4861 164/4862 637/4863
f 326/4864 637/4865 1092/4866
f 329/4867 1093/4868 330/4869
f 329/4870 330/4871 11/4872
f 9/4873 328/4874 1093/4875
f 9/4876 1093/4877 329/4878
f 328/4879 165/4880 636/4881
f 328/4882 636/4883 1093/4884
f 331/4885 1094/4886 332/4887
f 331/4888 332/4889 13/4890
f 11/4891 330/4892 1094/4893
f 11/4894 1094/4895 331/4896
f 330/4897 166/4898 635/4899
f 330/4900 635/4901 1094/4902
f 333/4903 1095/4904 334/4905
f 333/4906 334/4907 15/4908
f 13/4909 332/4910 1095/4911
f 13/4912 1095/4913 333/4914
f 332/4915 167/4916 634/4917
f 332/4918 634/4919 1095/4920
f 335/4921 1096/4922 336/4923
f 335/4924 336/4925 17/4926
f 15/4927 334/4928 1096/4929
f 15/4930 1096/4931 335/4932
f 334/4933 168/4934 633/4935
f 334/4936 633/4937 1096/4938
f 337/4939 1097/4940 338/4941
f 337/4942 338/4943 19/4944
f 17/4945 336/4946 1097/4947
f 17/4948 1097/4949 337/4950
f 336/4951 169/4952 632/4953
f 336/4954 632/4955 1097/4956
f 339/4957 1098/4958 340/4959
f 339/4960 340/4961 21/4962
f 19/4963 338/4964 1098/4965
f 19/4966 1098/4967 339/4968
f 338/4969 170/4970 631/4971
f 338/4972 631/4973 1098/4974
f 341/4975 1099/4976 342/4977
f 341/4978 342/4979 23/4980
f 21/4981 340/4982 1099/4983
f 21/4984 1099/4985 341/4986
f 340/4987 171/4988 630/4989
f 340/4990 630/4991 1099/4992
f 343/4993 1100/4994 344/4995
f 343/4996 344/4997 25/4998
f 23/4999 342/5000 1100/5001
f 23/5002 1100/5003 343/5004
f 342/5005 172/5006 629/5007
f 342/5008 629/5009 1100/5010
f 345/5011 1101/5012 346/5013
f 345/5014 346/5015 27/5016
f 25/5017 344/5018 1101/5019
f 25/5020 1101/5021 345/5022
f 344/5023 173/5024 628/5025
f 344/5026 628/5027 1101/5028
f 347/5029 1102/5030 348/5031
f 347/5032 348/5033 29/5034
f 27/5035 346/5036 1102/5037
f 27/5038 1102/5039 347/5040
f 346/5041 174/5042 627/5043
f 346/5044 627/5045 1102/5046
f 349/5047 1103/5048 350/5049
f 349/5050 350/5051 31/5052
f 29/5053 348/5054 1103/5055
f 29/5056 1103/5057 349/5058
f 348/5059 175/5060 626/5061
f 348/5062 626/5063 1103/5064
f 351/5065 1104/5066 352/5067
f 351/5068 352/5069 33/5070
f 31/5071 350/5072 1104/5073
f 31/5074 1104/5075 351/5076
f 350/5077 176/5078 625/5079
f 350/5080 625/5081 1104/5082
f 353/5083 1105/5084 354/5085
f 353/5086 354/5087 35/5088
f 33/5089 352/5090 1105/5091
f 33/5092 1105/5093 353/5094
f 352/5095 177/5096 624/5097
f 352/5098 624/5099 1105/5100
f 355/5101 1106/5102 356/5103
f 355/5104 356/5105 37/5106
f 35/5107 354/5108 1106/5109
f 35/5110 1106/5111 355/5112
f 354/5113 178/5114 623/5115
f 354/5116 623/5117 1106/5118
f 357/5119 1107/5120 358/5121
f 357/5122 358/5123 39/5124
f 37/5125 356/5126 1107/5127
f 37/5128 1107/5129 357/5130
f 356/5131 179/5132 622/5133
f 356/5134 622/5135 1107/5136
f 359/5137 1108/5138 360/5139
f 359/5140 360/5141 41/5142
f 39/5143 358/5144 1108/5145
f 39/5146 1108/5147 359/5148
f 358/5149 180/5150 621/5151
f 358/5152 621/5153 1108/5154
f 361/5155 1109/5156 362/5157
f 361/5158 362/5159 43/5160
f 41/5161 360/5162 1109/5163
f 41/5164 1109/5165 361/5166
f 360/5167 181/5168 620/5169
f 360/5170 620/5171 1109/5172
f 363/5173 1110/5174 364/5175
f 363/5176 364/5177 45/5178
f 43/5179 362/5180 1110/5181
f 43/5182 1110/5183 363/5184
f 362/5185 182/5186 619/5187
f 362/5188 619/5189 1110/5190
f 365/5191 1111/5192 366/5193
f 365/5194 366/5195 47/5196
f 45/5197 364/5198 1111/5199
f 45/5200 1111/5201 365/5202
f 364/5203 183/5204 618/5205
f 364/5206 618/5207 1111/5208
f 367/5209 1112/5210 368/5211
f 367/5212 368/5213 49/5214
f 47/5215 366/5216 1112/5217
f 47/5218 1112/5219 367/5220
f 366/5221 184/5222 617/5223
f 366/5224 617/5225 1112/5226
f 369/5227 1113/5228 370/5229
f 369/5230 370/5231 51/5232
f 49/5233 368/5234 1113/5235
f 49/5236 1113/5237 369/5238
f 368/5239 185/5240 616/5241
f 368/5242 616/5243 1113/5244
f 371/5245 1114/5246 372/5247
f 371/5248 372/5249 53/5250
f 51/5251 370/5252 1114/5253
f 51/5254 1114/5255 371/5256
f 370/5257 186/5258 615/5259
f 370/5260 615/5261 1114/5262
f 373/5263 1115/5264 374/5265
f 373/5266 374/5267 55/5268
f 53/5269 372/5270 1115/5271
f 53/5272 1115/5273 373/5274
f 372/5275 187/5276 614/5277
f 372/5278 614/5279 1115/5280
f 375/5281 1116/5282 376/5283
f 375/5284 376/5285 57/5286
f 55/5287 374/5288 1116/5289
f 55/5290 1116/5291 375/5292
f 374/5293 188/5294 613/5295
f 374/5296 613/5297 1116/5298
f 377/5299 1117/5300 378/5301
f 377/5302 378/5303 59/5304
f 57/5305 376/5306 1117/5307
f 57/5308 1117/5309 377/5310
f 376/5311 189/5312 612/5313
f 376/5314 612/5315 1117/5316
f 379/5317 1118/5318 380/5319
f 379/5320 380/5321 61/5322
f 59/5323 378/5324 1118/5325
f 59/5326 1118/5327 379/5328
f 378/5329 190/5330 611/5331
f 378/5332 611/5333 1118/5334
f 381/5335 1119/5336 382/5337
f 381/5338 382/5339 63/5340
f 61/5341 380/5342 1119/5343
f 61/5344 1119/5345 381/5346
f 380/5347 191/5348 610/5349
f 380/5350 610/5351 1119/5352
f 383/5353 1120/5354 608/5355
f 383/5356 608/5357 1/5358
f 63/5359 382/5360 1120/5361
f 63/5362 1120/5363 383/5364
f 382/5365 192/5366 609/5367
f 382/5368 609/5369 1120/5370
f 607/5371 1121/5372 537/5373
f 607/5374 537/5375 154/5376
f 52/5377 441/5378 1121/5379
f 52/5380 1121/5381 607/5382
f 441/5383 54/5384 476/5385
f 441/5386 476/5387 1121/5388
f 479/5389 1122/5390 490/5391
f 479/5392 490/5393 108/5394
f 76/5395 394/5396 1122/5397
f 76/5398 1122/5399 479/5400
f 394/5401 75/5402 606/5403
f 394/5404 606/5405 1122/5406
f 605/5407 1123/5408 536/5409
f 605/5410 536/5411 153/5412
f 50/5413 440/5414 1123/5415
f 50/5416 1123/5417 605/5418
f 440/5419 52/5420 607/5421
f 440/5422 607/5423 1123/5424
f 606/5425 1124/5426 489/5427
f 606/5428 489/5429 107/5430
f 75/5431 393/5432 1124/5433
f 75/5434 1124/5435 606/5436
f 393/5437 74/5438 604/5439
f 393/5440 604/5441 1124/5442
f 603/5443 1125/5444 535/5445
f 603/5446 535/5447 152/5448
f 48/5449 439/5450 1125/5451
f 48/5452 1125/5453 603/5454
f 439/5455 50/5456 605/5457
f 439/5458 605/5459 1125/5460
f 604/5461 1126/5462 488/5463
f 604/5464 488/5465 106/5466
f 74/5467 392/5468 1126/5469
f 74/5470 1126/5471 604/5472
f 392/5473 73/5474 602/5475
f 392/5476 602/5477 1126/5478
f 601/5479 1127/5480 534/5481
f 601/5482 534/5483 151/5484
f 46/5485 438/5486 1127/5487
f 46/5488 1127/5489 601/5490
f 438/5491 48/5492 603/5493
f 438/5494 603/5495 1127/5496
f 602/5497 1128/5498 487/5499
f 602/5500 487/5501 105/5502
f 73/5503 391/5504 1128/5505
f 73/5506 1128/5507 602/5508
f 391/5509 72/5510 600/5511
f 391/5512 600/5513 1128/5514
f 599/5515 1129/5516 533/5517
f 599/5518 533/5519 150/5520
f 44/5521 437/5522 1129/5523
f 44/5524 1129/5525 599/5526
f 437/5527 46/5528 601/5529
f 437/5530 601/5531 1129/5532
f 600/5533 1130/5534 486/5535
f 600/5536 486/5537 104/5538
f 72/5539 390/5540 1130/5541
f 72/5542 1130/5543 600/5544
f 390/5545 71/5546 598/5547
f 390/5548 598/5549 1130/5550
f 597/5551 1131/5552 532/5553
f 597/5554 532/5555 149/5556
f 42/5557 436/5558 1131/5559
f 42/5560 1131/5561 597/5562
f 436/5563 44/5564 599/5565
f 436/5566 599/5567 1131/5568
f 598/5569 1132/5570 485/5571
f 598/5572 485/5573 103/5574
f 71/5575 389/5576 1132/5577
f 71/5578 1132/5579 598/5580
f 389/5581 70/5582 596/5583
f 389/5584 596/5585 1132/5586
f 583/5587 1133/5588 511/5589
f 583/5590 511/5591 98/5592
f 66/5593 415/5594 1133/5595
f 66/5596 1133/5597 583/5598
f 415/5599 96/5600 595/5601
f 415/5602 595/5603 1133/5604
f 594/5605 1134/5606 531/5607
f 594/5608 531/5609 148/5610
f 40/5611 435/5612 1134/5613
f 40/5614 1134/5615 594/5616
f 435/5617 42/5618 597/5619
f 435/5620 597/5621 1134/5622
f 596/5623 1135/5624 484/5625
f 596/5626 484/5627 102/5628
f 70/5629 388/5630 1135/5631
f 70/5632 1135/5633 596/5634
f 388/5635 69/5636 593/5637
f 388/5638 593/5639 1135/5640
f 595/5641 1136/5642 510/5643
f 595/5644 510/5645 128/5646
f 96/5647 414/5648 1136/5649
f 96/5650 1136/5651 595/5652
f 414/5653 95/5654 592/5655
f 414/5656 592/5657 1136/5658
f 591/5659 1137/5660 530/5661
f 591/5662 530/5663 147/5664
f 38/5665 434/5666 1137/5667
f 38/5668 1137/5669 591/5670
f 434/5671 40/5672 594/5673
f 434/5674 594/5675 1137/5676
f 593/5677 1138/5678 483/5679
f 593/5680 483/5681 101/5682
f 69/5683 387/5684 1138/5685
f 69/5686 1138/5687 593/5688
f 387/5689 68/5690 590/5691
f 387/5692 590/5693 1138/5694
f 592/5695 1139/5696 509/5697
f 592/5698 509/5699 127/5700
f 95/5701 413/5702 1139/5703
f 95/5704 1139/5705 592/5706
f 413/5707 94/5708 589/5709
f 413/5710 589/5711 1139/5712
f 588/5713 1140/5714 529/5715
f 588/5716 529/5717 146/5718
f 36/5719 433/5720 1140/5721
f 36/5722 1140/5723 588/5724
f 433/5725 38/5726 591/5727
f 433/5728 591/5729 1140/5730
f 590/5731 1141/5732 482/5733
f 590/5734 482/5735 100/5736
f 68/5737 386/5738 1141/5739
f 68/5740 1141/5741 590/5742
f 386/5743 67/5744 587/5745
f 386/5746 587/5747 1141/5748
f 589/5749 1142/5750 508/5751
f 589/5752 508/5753 126/5754
f 94/5755 412/5756 1142/5757
f 94/5758 1142/5759 589/5760
f 412/5761 93/5762 586/5763
f 412/5764 586/5765 1142/5766
f 585/5767 1143/5768 528/5769
f 585/5770 528/5771 145/5772
f 34/5773 432/5774 1143/5775
f 34/5776 1143/5777 585/5778
f 432/5779 36/5780 588/5781
f 432/5782 588/5783 1143/5784
f 587/5785 1144/5786 481/5787
f 587/5788 481/5789 99/5790
f 67/5791 385/5792 1144/5793
f 67/5794 1144/5795 587/5796
f 385/5797 65/5798 584/5799
f 385/5800 584/5801 1144/5802
f 586/5803 1145/5804 507/5805
f 586/5806 507/5807 125/5808
f 93/5809 411/5810 1145/5811
f 93/5812 1145/5813 586/5814
f 411/5815 92/5816 582/5817
f 411/5818 582/5819 1145/5820
f 581/5821 1146/5822 527/5823
f 581/5824 527/5825 144/5826
f 32/5827 431/5828 1146/5829
f 32/5830 1146/5831 581/5832
f 431/5833 34/5834 585/5835
f 431/5836 585/5837 1146/5838
f 584/5839 1147/5840 480/5841
f 584/5842 480/5843 97/5844
f 65/5845 384/5846 1147/5847
f 65/5848 1147/5849 584/5850
f 384/5851 66/5852 583/5853
f 384/5854 583/5855 1147/5856
f 582/5857 1148/5858 506/5859
f 582/5860 506/5861 124/5862
f 92/5863 410/5864 1148/5865
f 92/5866 1148/5867 582/5868
f 410/5869 91/5870 580/5871
f 410/5872 580/5873 1148/5874
f 579/5875 1149/5876 526/5877
f 579/5878 526/5879 143/5880
f 30/5881 430/5882 1149/5883
f 30/5884 1149/5885 579/5886
f 430/5887 32/5888 581/5889
f 430/5890 581/5891 1149/5892
f 580/5893 1150/5894 505/5895
f 580/5896 505/5897 123/5898
f 91/5899 409/5900 1150/5901
f 91/5902 1150/5903 580/5904
f 409/5905 90/5906 578/5907
f 409/5908 578/5909 1150/5910
f 577/5911 1151/5912 525/5913
f 577/5914 525/5915 142/5916
f 28/5917 429/5918 1151/5919
f 28/5920 1151/5921 577/5922
f 429/5923 30/5924 579/5925
f 429/5926 579/5927 1151/5928
f 578/5929 1152/5930 504/5931
f 578/5932 504/5933 122/5934
f 90/5935 408/5936 1152/5937
f 90/5938 1152/5939 578/5940
f 408/5941 89/5942 576/5943
f 408/5944 576/5945 1152/5946
f 575/5947 1153/5948 511/5949
f 575/5950 511/5951 128/5952
f 160/5953 543/5954 1153/5955
f 160/5956 1153/5957 575/5958
f 543/5959 130/5960 544/5961
f 543/5962 544/5963 1153/5964
f 574/5965 1154/5966 510/5967
f 574/5968 510/5969 127/5970
f 159/5971 542/5972 1154/5973
f 159/5974 1154/5975 574/5976
f 542/5977 160/5978 575/5979
f 542/5980 575/5981 1154/5982
f 573/5983 1155/5984 509/5985
f 573/5986 509/5987 126/5988
f 158/5989 541/5990 1155/5991
f 158/5992 1155/5993 573/5994
f 541/5995 159/5996 574/5997
f 541/5998 574/5999 1155/6000
f 572/6001 1156/6002 508/6003
f 572/6004 508/6005 125/6006
f 157/6007 540/6008 1156/6009
f 157/6010 1156/6011 572/6012
f 540/6013 158/6014 573/6015
f 540/6016 573/6017 1156/6018
f 571/6019 1157/6020 507/6021
f 571/6022 507/6023 124/6024
f 156/6025 539/6026 1157/6027
f 156/6028 1157/6029 571/6030
f 539/6031 157/6032 572/6033
f 539/6034 572/6035 1157/6036
f 570/6037 1158/6038 506/6039
f 570/6040 506/6041 123/6042
f 155/6043 538/6044 1158/6045
f 155/6046 1158/6047 570/6048
f 538/6049 156/6050 571/6051
f 538/6052 571/6053 1158/6054
f 569/6055 1159/6056 505/6057
f 569/6058 505/6059 122/6060
f 154/6061 537/6062 1159/6063
f 154/6064 1159/6065 569/6066
f 537/6067 155/6068 570/6069
f 537/6070 570/6071 1159/6072
f 568/6073 1160/6074 504/6075
f 568/6076 504/6077 121/6078
f 153/6079 536/6080 1160/6081
f 153/6082 1160/6083 568/6084
f 536/6085 154/6086 569/6087
f 536/6088 569/6089 1160/6090
f 567/6091 1161/6092 503/6093
f 567/6094 503/6095 120/6096
f 152/6097 535/6098 1161/6099
f 152/6100 1161/6101 567/6102
f 535/6103 153/6104 568/6105
f 535/6106 568/6107 1161/6108
f 566/6109 1162/6110 502/6111
f 566/6112 502/6113 119/6114
f 151/6115 534/6116 1162/6117
f 151/6118 1162/6119 566/6120
f 534/6121 152/6122 567/6123
f 534/6124 567/6125 1162/6126
f 565/6127 1163/6128 501/6129
f 565/6130 501/6131 118/6132
f 150/6133 533/6134 1163/6135
f 150/6136 1163/6137 565/6138
f 533/6139 151/6140 566/6141
f 533/6142 566/6143 1163/6144
f 564/6145 1164/6146 500/6147
f 564/6148 500/6149 117/6150
f 149/6151 532/6152 1164/6153
f 149/6154 1164/6155 564/6156
f 532/6157 150/6158 565/6159
f 532/6160 565/6161 1164/6162
f 563/6163 1165/6164 499/6165
f 563/6166 499/6167 116/6168
f 148/6169 531/6170 1165/6171
f 148/6172 1165/6173 563/6174
f 531/6175 149/6176 564/6177
f 531/6178 564/6179 1165/6180
f 562/6181 1166/6182 498/6183
f 562/6184 498/6185 115/6186
f 147/6187 530/6188 1166/6189
f 147/6190 1166/6191 562/6192
f 530/6193 148/6194 563/6195
f 530/6196 563/6197 1166/6198
f 561/6199 1167/6200 497/6201
f 561/6202 497/6203 114/6204
f 146/6205 529/6206 1167/6207
f 146/6208 1167/6209 561/6210
f 529/6211 147/6212 562/6213
f 529/6214 562/6215 1167/6216
f 560/6217 1168/6218 496/6219
f 560/6220 496/6221 113/6222
f 145/6223 528/6224 1168/6225
f 145/6226 1168/6227 560/6228
f 528/6229 146/6230 561/6231
f 528/6232 561/6233 1168/6234
f 559/6235 1169/6236 495/6237
f 559/6238 495/6239 112/6240
f 144/6241 527/6242 1169/6243
f 144/6244 1169/6245 559/6246
f 527/6247 145/6248 560/6249
f 527/6250 560/6251 1169/6252
f 558/6253 1170/6254 494/6255
f 558/6256 494/6257 111/6258
f 143/6259 526/6260 1170/6261
f 143/6262 1170/6263 558/6264
f 526/6265 144/6266 559/6267
f 526/6268 559/6269 1170/6270
f 557/6271 1171/6272 493/6273
f 557/6274 493/6275 110/6276
f 142/6277 525/6278 1171/6279
f 142/6280 1171/6281 557/6282
f 525/6283 143/6284 558/6285
f 525/6286 558/6287 1171/6288
f 556/6289 1172/6290 492/6291
f 556/6292 492/6293 109/6294
f 141/6295 524/6296 1172/6297
f 141/6298 1172/6299 556/6300
f 524/6301 142/6302 557/6303
f 524/6304 557/6305 1172/6306
f 555/6307 1173/6308 491/6309
f 555/6310 491/6311 108/6312
f 140/6313 523/6314 1173/6315
f 140/6316 1173/6317 555/6318
f 523/6319 141/6320 556/6321
f 523/6322 556/6323 1173/6324
f 554/6325 1174/6326 490/6327
f 554/6328 490/6329 107/6330
f 139/6331 522/6332 1174/6333
f 139/6334 1174/6335 554/6336
f 522/6337 140/6338 555/6339
f 522/6340 555/6341 1174/6342
f 553/6343 1175/6344 489/6345
f 553/6346 489/6347 106/6348
f 138/6349 521/6350 1175/6351
f 138/6352 1175/6353 553/6354
f 521/6355 139/6356 554/6357
f 521/6358 554/6359 1175/6360
f 552/6361 1176/6362 488/6363
f 552/6364 488/6365 105/6366
f 137/6367 520/6368 1176/6369
f 137/6370 1176/6371 552/6372
f 520/6373 138/6374 553/6375
f 520/6376 553/6377 1176/6378
f 551/6379 1177/6380 487/6381
f 551/6382 487/6383 104/6384
f 136/6385 519/6386 1177/6387
f 136/6388 1177/6389 551/6390
f 519/6391 137/6392 552/6393
f 519/6394 552/6395 1177/6396
f 550/6397 1178/6398 486/6399
f 550/6400 486/6401 103/6402
f 135/6403 518/6404 1178/6405
f 135/6406 1178/6407 550/6408
f 518/6409 136/6410 551/6411
f 518/6412 551/6413 1178/6414
f 549/6415 1179/6416 485/6417
f 549/6418 485/6419 102/6420
f 134/6421 517/6422 1179/6423
f 134/6424 1179/6425 549/6426
f 517/6427 135/6428 550/6429
f 517/6430 550/6431 1179/6432
f 548/6433 1180/6434 484/6435
f 548/6436 484/6437 101/6438
f 133/6439 516/6440 1180/6441
f 133/6442 1180/6443 548/6444
f 516/6445 134/6446 549/6447
f 516/6448 549/6449 1180/6450
f 547/6451 1181/6452 483/6453
f 547/6454 483/6455 100/6456
f 132/6457 515/6458 1181/6459
f 132/6460 1181/6461 547/6462
f 515/6463 133/6464 548/6465
f 515/6466 548/6467 1181/6468
f 546/6469 1182/6470 482/6471
f 546/6472 482/6473 99/6474
f 131/6475 514/6476 1182/6477
f 131/6478 1182/6479 546/6480
f 514/6481 132/6482 547/6483
f 514/6484 547/6485 1182/6486
f 545/6487 1183/6488 481/6489
f 545/6490 481/6491 97/6492
f 129/6493 513/6494 1183/6495
f 129/6496 1183/6497 545/6498
f 513/6499 131/6500 546/6501
f 513/6502 546/6503 1183/6504
f 544/6505 1184/6506 480/6507
f 544/6508 480/6509 98/6510
f 130/6511 512/6512 1184/6513
f 130/6514 1184/6515 544/6516
f 512/6517 129/6518 545/6519
f 512/6520 545/6521 1184/6522
f 478/6523 1185/6524 491/6525
f 478/6526 491/6527 109/6528
f 77/6529 395/6530 1185/6531
f 77/6532 1185/6533 478/6534
f 395/6535 76/6536 479/6537
f 395/6538 479/6539 1185/6540
f 476/6541 1186/6542 538/6543
f 476/6544 538/6545 155/6546
f 54/6547 442/6548 1186/6549
f 54/6550 1186/6551 476/6552
f 442/6553 56/6554 477/6555
f 442/6556 477/6557 1186/6558
f 474/6559 1187/6560 512/6561
f 474/6562 512/6563 130/6564
f 2/6565 416/6566 1187/6567
f 2/6568 1187/6569 474/6570
f 416/6571 4/6572 475/6573
f 416/6574 475/6575 1187/6576
f 473/6577 1188/6578 492/6579
f 473/6580 492/6581 110/6582
f 78/6583 396/6584 1188/6585
f 78/6586 1188/6587 473/6588
f 396/6589 77/6590 478/6591
f 396/6592 478/6593 1188/6594
f 477/6595 1189/6596 539/6597
f 477/6598 539/6599 156/6600
f 56/6601 443/6602 1189/6603
f 56/6604 1189/6605 477/6606
f 443/6607 58/6608 472/6609
f 443/6610 472/6611 1189/6612
f 475/6613 1190/6614 513/6615
f 475/6616 513/6617 129/6618
f 4/6619 417/6620 1190/6621
f 4/6622 1190/6623 475/6624
f 417/6625 6/6626 471/6627
f 417/6628 471/6629 1190/6630
f 470/6631 1191/6632 493/6633
f 470/6634 493/6635 111/6636
f 79/6637 397/6638 1191/6639
f 79/6640 1191/6641 470/6642
f 397/6643 78/6644 473/6645
f 397/6646 473/6647 1191/6648
f 472/6649 1192/6650 540/6651
f 472/6652 540/6653 157/6654
f 58/6655 444/6656 1192/6657
f 58/6658 1192/6659 472/6660
f 444/6661 60/6662 469/6663
f 444/6664 469/6665 1192/6666
f 471/6667 1193/6668 514/6669
f 471/6670 514/6671 131/6672
f 6/6673 418/6674 1193/6675
f 6/6676 1193/6677 471/6678
f 418/6679 8/6680 468/6681
f 418/6682 468/6683 1193/6684
f 467/6685 1194/6686 494/6687
f 467/6688 494/6689 112/6690
f 80/6691 398/6692 1194/6693
f 80/6694 1194/6695 467/6696
f 398/6697 79/6698 470/6699
f 398/6700 470/6701 1194/6702
f 469/6703 1195/6704 541/6705
f 469/6706 541/6707 158/6708
f 60/6709 445/6710 1195/6711
f 60/6712 1195/6713 469/6714
f 445/6715 62/6716 466/6717
f 445/6718 466/6719 1195/6720
f 468/6721 1196/6722 515/6723
f 468/6724 515/6725 132/6726
f 8/6727 419/6728 1196/6729
f 8/6730 1196/6731 468/6732
f 419/6733 10/6734 465/6735
f 419/6736 465/6737 1196/6738
f 464/6739 1197/6740 495/6741
f 464/6742 495/6743 113/6744
f 81/6745 399/6746 1197/6747
f 81/6748 1197/6749 464/6750
f 399/6751 80/6752 467/6753
f 399/6754 467/6755 1197/6756
f 466/6757 1198/6758 542/6759
f 466/6760 542/6761 159/6762
f 62/6763 446/6764 1198/6765
f 62/6766 1198/6767 466/6768
f 446/6769 64/6770 463/6771
f 446/6772 463/6773 1198/6774
f 465/6775 1199/6776 516/6777
f 465/6778 516/6779 133/6780
f 10/6781 420/6782 1199/6783
f 10/6784 1199/6785 465/6786
f 420/6787 12/6788 462/6789
f 420/6790 462/6791 1199/6792
f 461/6793 1200/6794 496/6795
f 461/6796 496/6797 114/6798
f 82/6799 400/6800 1200/6801
f 82/6802 1200/6803 461/6804
f 400/6805 81/6806 464/6807
f 400/6808 464/6809 1200/6810
f 463/6811 1201/6812 543/6813
f 463/6814 543/6815 160/6816
f 64/6817 447/6818 1201/6819
f 64/6820 1201/6821 463/6822
f 447/6823 2/6824 474/6825
f 447/6826 474/6827 1201/6828
f 462/6829 1202/6830 517/6831
f 462/6832 517/6833 134/6834
f 12/6835 421/6836 1202/6837
f 12/6838 1202/6839 462/6840
f 421/6841 14/6842 460/6843
f 421/6844 460/6845 1202/6846
f 459/6847 1203/6848 497/6849
f 459/6850 497/6851 115/6852
f 83/6853 401/6854 1203/6855
f 83/6856 1203/6857 459/6858
f 401/6859 82/6860 461/6861
f 401/6862 461/6863 1203/6864
f 460/6865 1204/6866 518/6867
f 460/6868 518/6869 135/6870
f 14/6871 422/6872 1204/6873
f 14/6874 1204/6875 460/6876
f 422/6877 16/6878 458/6879
f 422/6880 458/6881 1204/6882
f 457/6883 1205/6884 498/6885
f 457/6886 498/6887 116/6888
f 84/6889 402/6890 1205/6891
f 84/6892 1205/6893 457/6894
f 402/6895 83/6896 459/6897
f 402/6898 459/6899 1205/6900
f 458/6901 1206/6902 519/6903
f 458/6904 519/6905 136/6906
f 16/6907 423/6908 1206/6909
f 16/6910 1206/6911 458/6912
f 423/6913 18/6914 456/6915
f 423/6916 456/6917 1206/6918
f 455/6919 1207/6920 499/6921
f 455/6922 499/6923 117/6924
f 85/6925 403/6926 1207/6927
f 85/6928 1207/6929 455/6930
f 403/6931 84/6932 457/6933
f 403/6934 457/6935 1207/6936
f 456/6937 1208/6938 520/6939
f 456/6940 520/6941 137/6942
f 18/6943 424/6944 1208/6945
f 18/6946 1208/6947 456/6948
f 424/6949 20/6950 454/6951
f 424/6952 454/6953 1208/6954
f 453/6955 1209/6956 500/6957
f 453/6958 500/6959 118/6960
f 86/6961 404/6962 1209/6963
f 86/6964 1209/6965 453/6966
f 404/6967 85/6968 455/6969
f 404/6970 455/6971 1209/6972
f 454/6973 1210/6974 521/6975
f 454/6976 521/6977 138/6978
f 20/6979 425/6980 1210/6981
f 20/6982 1210/6983 454/6984
f 425/6985 22/6986 452/6987
f 425/6988 452/6989 1210/6990
f 451/6991 1211/6992 501/6993
f 451/6994 501/6995 119/6996
f 87/6997 405/6998 1211/6999
f 87/7000 1211/7001 451/7002
f 405/7003 86/7004 453/7005
f 405/7006 453/7007 1211/7008
f 452/7009 1212/7010 522/7011
f 452/7012 522/7013 139/7014
f 22/7015 426/7016 1212/7017
f 22/7018 1212/7019 452/7020
f 426/7021 24/7022 450/7023
f 426/7024 450/7025 1212/7026
f 449/7027 1213/7028 502/7029
f 449/7030 502/7031 120/7032
f 88/7033 406/7034 1213/7035
f 88/7036 1213/7037 449/7038
f 406/7039 87/7040 451/7041
f 406/7042 451/7043 1213/7044
f 450/7045 1214/7046 523/7047
f 450/7048 523/7049 140/7050
f 24/7051 427/7052 1214/7053
f 24/7054 1214/7055 450/7056
f 427/7057 26/7058 448/7059
f 427/7060 448/7061 1214/7062
f 576/7063 1215/7064 503/7065
f 576/7066 503/7067 121/7068
f 89/7069 407/7070 1215/7071
f 89/7072 1215/7073 576/7074
f 407/7075 88/7076 449/7077
f 407/7078 449/7079 1215/7080
f 448/7081 1216/7082 524/7083
f 448/7084 524/7085 141/7086
f 26/7087 428/7088 1216/7089
f 26/7090 1216/7091 448/7092
f 428/7093 28/7094 577/7095
f 428/7096 577/7097 1216/7098
f 1220/7099 1633/7100 1222/7101
f 1220/7102 1222/7103 1634/7104
f 1220/7105 1634/7106 1224/7107
f 1220/7108 1224/7109 1635/7110
f 1220/7111 1635/7112 1226/7113
f 1220/7114 1226/7115 1636/7116
f 1220/7117 1636/7118 1228/7119
f 1220/7120 1228/7121 1637/7122
f 1220/7123 1637/7124 1230/7125
f 1220/7126 1230/7127 1638/7128
f 1220/7129 1638/7130 1232/7131
f 1220/7132 1232/7133 1639/7134
f 1220/7135 1639/7136 1234/7137
f 1220/7138 1234/7139 1640/7140
f 1220/7141 1640/7142 1236/7143
f 1220/7144 1236/7145 1641/7146
f 1220/7147 1641/7148 1238/7149
f 1220/7150 1238/7151 1642/7152
f 1220/7153 1642/7154 1240/7155
f 1220/7156 1240/7157 1643/7158
f 1220/7159 1643/7160 1242/7161
f 1220/7162 1242/7163 1644/7164
f 1220/7165 1644/7166 1244/7167
f 1220/7168 1244/7169 1645/7170
f 1220/7171 1645/7172 1246/7173
f 1220/7174 1246/7175 1646/7176
f 1220/7177 1646/7178 1248/7179
f 1220/7180 1248/7181 1647/7182
f 1220/7183 1647/7184 1250/7185
f 1220/7186 1250/7187 1648/7188
f 1220/7189 1648/7190 1252/7191
f 1220/7192 1252/7193 1649/7194
f 1220/7195 1649/7196 1254/7197
f 1220/7198 1254/7199 1650/7200
f 1220/7201 1650/7202 1256/7203
f 1220/7204 1256/7205 1651/7206
f 1220/7207 1651/7208 1258/7209
f 1220/7210 1258/7211 1652/7212
f 1220/7213 1652/7214 1260/7215
f 1220/7216 1260/7217 1653/7218
f 1220/7219 1653/7220 1262/7221
f 1220/7222 1262/7223 1654/7224
f 1220/7225 1654/7226 1264/7227
f 1220/7228 1264/7229 1655/7230
f 1220/7231 1655/7232 1266/7233
f 1220/7234 1266/7235 1656/7236
f 1220/7237 1656/7238 1268/7239
f 1220/7240 1268/7241 1657/7242
f 1220/7243 1657/7244 1270/7245
f 1220/7246 1270/7247 1658/7248
f 1220/7249 1658/7250 1272/7251
f 1220/7252 1272/7253 1659/7254
f 1220/7255 1659/7256 1274/7257
f 1220/7258 1274/7259 1660/7260
f 1220/7261 1660/7262 1276/7263
f 1220/7264 1276/7265 1661/7266
f 1220/7267 1661/7268 1278/7269
f 1220/7270 1278/7271 1662/7272
f 1220/7273 1662/7274 1280/7275
f 1220/7276 1280/7277 1663/7278
f 1220/7279 1663/7280 1218/7281
f 1220/7282 1218/7283 1632/7284
f 2432/7285 1740/7286 1358/7287
f 2432/7288 1358/7289 1793/7290
f 2431/7291 1719/7292 1336/7293
f 2431/7294 1336/7295 1665/7296
f 2430/7297 1739/7298 1357/7299
f 2430/7300 1357/7301 1664/7302
f 2429/7303 1718/7304 1335/7305
f 2429/7306 1335/7307 1667/7308
f 2428/7309 1738/7310 1356/7311
f 2428/7312 1356/7313 1666/7314
f 2427/7315 1717/7316 1334/7317
f 2427/7318 1334/7319 1669/7320
f 2426/7321 1737/7322 1355/7323
f 2426/7324 1355/7325 1668/7326
f 2425/7327 1716/7328 1333/7329
f 2425/7330 1333/7331 1671/7332
f 2424/7333 1736/7334 1354/7335
f 2424/7336 1354/7337 1670/7338
f 2423/7339 1715/7340 1332/7341
f 2423/7342 1332/7343 1673/7344
f 2422/7345 1735/7346 1353/7347
f 2422/7348 1353/7349 1672/7350
f 2421/7351 1714/7352 1331/7353
f 2421/7354 1331/7355 1675/7356
f 2420/7357 1734/7358 1352/7359
f 2420/7360 1352/7361 1674/7362
f 2419/7363 1713/7364 1330/7365
f 2419/7366 1330/7367 1677/7368
f 2418/7369 1733/7370 1351/7371
f 2418/7372 1351/7373 1676/7374
f 2417/7375 1759/7376 1346/7377
f 2417/7378 1346/7379 1690/7380
f 2416/7381 1712/7382 1329/7383
f 2416/7384 1329/7385 1680/7386
f 2415/7387 1732/7388 1350/7389
f 2415/7390 1350/7391 1678/7392
f 2414/7393 1758/7394 1376/7395
f 2414/7396 1376/7397 1679/7398
f 2413/7399 1711/7400 1328/7401
f 2413/7402 1328/7403 1683/7404
f 2412/7405 1731/7406 1349/7407
f 2412/7408 1349/7409 1681/7410
f 2411/7411 1757/7412 1375/7413
f 2411/7414 1375/7415 1682/7416
f 2410/7417 1710/7418 1327/7419
f 2410/7420 1327/7421 1686/7422
f 2409/7423 1730/7424 1348/7425
f 2409/7426 1348/7427 1684/7428
f 2408/7429 1756/7430 1374/7431
f 2408/7432 1374/7433 1685/7434
f 2407/7435 1709/7436 1326/7437
f 2407/7438 1326/7439 1689/7440
f 2406/7441 1729/7442 1347/7443
f 2406/7444 1347/7445 1687/7446
f 2405/7447 1755/7448 1373/7449
f 2405/7450 1373/7451 1688/7452
f 2404/7453 1708/7454 1325/7455
f 2404/7456 1325/7457 1694/7458
f 2403/7459 1728/7460 1345/7461
f 2403/7462 1345/7463 1691/7464
f 2402/7465 1754/7466 1372/7467
f 2402/7468 1372/7469 1693/7470
f 2401/7471 1707/7472 1324/7473
f 2401/7474 1324/7475 1695/7476
f 2400/7477 1696/7478 1313/7479
f 2400/7480 1313/7481 1761/7482
f 2399/7483 1697/7484 1315/7485
f 2399/7486 1315/7487 1762/7488
f 2398/7489 1698/7490 1316/7491
f 2398/7492 1316/7493 1763/7494
f 2397/7495 1699/7496 1317/7497
f 2397/7498 1317/7499 1764/7500
f 2396/7501 1700/7502 1318/7503
f 2396/7504 1318/7505 1765/7506
f 2395/7507 1701/7508 1319/7509
f 2395/7510 1319/7511 1766/7512
f 2394/7513 1702/7514 1320/7515
f 2394/7516 1320/7517 1767/7518
f 2393/7519 1703/7520 1321/7521
f 2393/7522 1321/7523 1768/7524
f 2392/7525 1704/7526 1322/7527
f 2392/7528 1322/7529 1769/7530
f 2391/7531 1705/7532 1323/7533
f 2391/7534 1323/7535 1770/7536
f 2390/7537 1706/7538 1324/7539
f 2390/7540 1324/7541 1771/7542
f 2389/7543 1707/7544 1325/7545
f 2389/7546 1325/7547 1772/7548
f 2388/7549 1708/7550 1326/7551
f 2388/7552 1326/7553 1773/7554
f 2387/7555 1709/7556 1327/7557
f 2387/7558 1327/7559 1774/7560
f 2386/7561 1710/7562 1328/7563
f 2386/7564 1328/7565 1775/7566
f 2385/7567 1711/7568 1329/7569
f 2385/7570 1329/7571 1776/7572
f 2384/7573 1712/7574 1330/7575
f 2384/7576 1330/7577 1777/7578
f 2383/7579 1713/7580 1331/7581
f 2383/7582 1331/7583 1778/7584
f 2382/7585 1714/7586 1332/7587
f 2382/7588 1332/7589 1779/7590
f 2381/7591 1715/7592 1333/7593
f 2381/7594 1333/7595 1780/7596
f 2380/7597 1716/7598 1334/7599
f 2380/7600 1334/7601 1781/7602
f 2379/7603 1717/7604 1335/7605
f 2379/7606 1335/7607 1782/7608
f 2378/7609 1718/7610 1336/7611
f 2378/7612 1336/7613 1783/7614
f 2377/7615 1719/7616 1337/7617
f 2377/7618 1337/7619 1784/7620
f 2376/7621 1720/7622 1338/7623
f 2376/7624 1338/7625 1785/7626
f 2375/7627 1721/7628 1339/7629
f 2375/7630 1339/7631 1786/7632
f 2374/7633 1722/7634 1340/7635
f 2374/7636 1340/7637 1787/7638
f 2373/7639 1723/7640 1341/7641
f 2373/7642 1341/7643 1788/7644
f 2372/7645 1724/7646 1342/7647
f 2372/7648 1342/7649 1789/7650
f 2371/7651 1725/7652 1343/7653
f 2371/7654 1343/7655 1790/7656
f 2370/7657 1726/7658 1344/7659
f 2370/7660 1344/7661 1791/7662
f 2369/7663 1727/7664 1314/7665
f 2369/7666 1314/7667 1760/7668
f 2368/7669 1720/7670 1337/7671
f 2368/7672 1337/7673 1792/7674
f 2367/7675 1741/7676 1359/7677
f 2367/7678 1359/7679 1795/7680
f 2366/7681 1721/7682 1338/7683
f 2366/7684 1338/7685 1794/7686
f 2365/7687 1742/7688 1360/7689
f 2365/7690 1360/7691 1797/7692
f 2364/7693 1722/7694 1339/7695
f 2364/7696 1339/7697 1796/7698
f 2363/7699 1696/7700 1314/7701
f 2363/7702 1314/7703 1799/7704
f 2362/7705 1743/7706 1361/7707
f 2362/7708 1361/7709 1801/7710
f 2361/7711 1723/7712 1340/7713
f 2361/7714 1340/7715 1798/7716
f 2360/7717 1697/7718 1313/7719
f 2360/7720 1313/7721 1800/7722
f 2359/7723 1744/7724 1362/7725
f 2359/7726 1362/7727 1804/7728
f 2358/7729 1724/7730 1341/7731
f 2358/7732 1341/7733 1802/7734
f 2357/7735 1698/7736 1315/7737
f 2357/7738 1315/7739 1803/7740
f 2356/7741 1745/7742 1363/7743
f 2356/7744 1363/7745 1807/7746
f 2355/7747 1725/7748 1342/7749
f 2355/7750 1342/7751 1805/7752
f 2354/7753 1699/7754 1316/7755
f 2354/7756 1316/7757 1806/7758
f 2353/7759 1746/7760 1364/7761
f 2353/7762 1364/7763 1810/7764
f 2352/7765 1726/7766 1343/7767
f 2352/7768 1343/7769 1808/7770
f 2351/7771 1700/7772 1317/7773
f 2351/7774 1317/7775 1809/7776
f 2350/7777 1747/7778 1365/7779
f 2350/7780 1365/7781 1813/7782
f 2349/7783 1727/7784 1344/7785
f 2349/7786 1344/7787 1811/7788
f 2348/7789 1701/7790 1318/7791
f 2348/7792 1318/7793 1812/7794
f 2347/7795 1748/7796 1366/7797
f 2347/7798 1366/7799 1815/7800
f 2346/7801 1702/7802 1319/7803
f 2346/7804 1319/7805 1814/7806
f 2345/7807 1749/7808 1367/7809
f 2345/7810 1367/7811 1817/7812
f 2344/7813 1703/7814 1320/7815
f 2344/7816 1320/7817 1816/7818
f 2343/7819 1750/7820 1368/7821
f 2343/7822 1368/7823 1819/7824
f 2342/7825 1704/7826 1321/7827
f 2342/7828 1321/7829 1818/7830
f 2341/7831 1751/7832 1369/7833
f 2341/7834 1369/7835 1821/7836
f 2340/7837 1705/7838 1322/7839
f 2340/7840 1322/7841 1820/7842
f 2339/7843 1752/7844 1370/7845
f 2339/7846 1370/7847 1823/7848
f 2338/7849 1706/7850 1323/7851
f 2338/7852 1323/7853 1822/7854
f 2337/7855 1753/7856 1371/7857
f 2337/7858 1371/7859 1692/7860
f 2336/7861 1824/7862 1377/7863
f 2336/7864 1377/7865 1825/7866
f 2335/7867 1598/7868 1408/7869
f 2335/7870 1408/7871 1826/7872
f 2334/7873 1596/7874 1407/7875
f 2334/7876 1407/7877 1827/7878
f 2333/7879 1594/7880 1406/7881
f 2333/7882 1406/7883 1828/7884
f 2332/7885 1592/7886 1405/7887
f 2332/7888 1405/7889 1829/7890
f 2331/7891 1590/7892 1404/7893
f 2331/7894 1404/7895 1830/7896
f 2330/7897 1588/7898 1403/7899
f 2330/7900 1403/7901 1831/7902
f 2329/7903 1586/7904 1402/7905
f 2329/7906 1402/7907 1832/7908
f 2328/7909 1584/7910 1401/7911
f 2328/7912 1401/7913 1833/7914
f 2327/7915 1582/7916 1400/7917
f 2327/7918 1400/7919 1834/7920
f 2326/7921 1580/7922 1399/7923
f 2326/7924 1399/7925 1835/7926
f 2325/7927 1578/7928 1398/7929
f 2325/7930 1398/7931 1836/7932
f 2324/7933 1576/7934 1397/7935
f 2324/7936 1397/7937 1837/7938
f 2323/7939 1574/7940 1396/7941
f 2323/7942 1396/7943 1838/7944
f 2322/7945 1572/7946 1395/7947
f 2322/7948 1395/7949 1839/7950
f 2321/7951 1570/7952 1394/7953
f 2321/7954 1394/7955 1840/7956
f 2320/7957 1568/7958 1393/7959
f 2320/7960 1393/7961 1841/7962
f 2319/7963 1566/7964 1392/7965
f 2319/7966 1392/7967 1842/7968
f 2318/7969 1564/7970 1391/7971
f 2318/7972 1391/7973 1843/7974
f 2317/7975 1562/7976 1390/7977
f 2317/7978 1390/7979 1844/7980
f 2316/7981 1560/7982 1389/7983
f 2316/7984 1389/7985 1845/7986
f 2315/7987 1558/7988 1388/7989
f 2315/7990 1388/7991 1846/7992
f 2314/7993 1556/7994 1387/7995
f 2314/7996 1387/7997 1847/7998
f 2313/7999 1554/8000 1386/8001
f 2313/8002 1386/8003 1848/8004
f 2312/8005 1552/8006 1385/8007
f 2312/8008 1385/8009 1849/8010
f 2311/8011 1550/8012 1384/8013
f 2311/8014 1384/8015 1850/8016
f 2310/8017 1548/8018 1383/8019
f 2310/8020 1383/8021 1851/8022
f 2309/8023 1546/8024 1382/8025
f 2309/8026 1382/8027 1852/8028
f 2308/8029 1544/8030 1381/8031
f 2308/8032 1381/8033 1853/8034
f 2307/8035 1542/8036 1380/8037
f 2307/8038 1380/8039 1854/8040
f 2306/8041 1540/8042 1379/8043
f 2306/8044 1379/8045 1855/8046
f 2305/8047 1538/8048 1378/8049
f 2305/8050 1378/8051 1856/8052
f 2304/8053 1860/8054 1415/8055
f 2304/8056 1415/8057 1859/8058
f 2303/8059 1863/8060 1416/8061
f 2303/8062 1416/8063 1862/8064
f 2302/8065 1866/8066 1414/8067
f 2302/8068 1414/8069 1865/8070
f 2301/8071 1869/8072 1412/8073
f 2301/8074 1412/8075 1857/8076
f 2300/8077 1871/8078 1411/8079
f 2300/8080 1411/8081 1861/8082
f 2299/8083 1873/8084 1409/8085
f 2299/8086 1409/8087 1864/8088
f 2298/8089 1876/8090 1420/8091
f 2298/8092 1420/8093 1867/8094
f 2297/8095 1878/8096 1419/8097
f 2297/8098 1419/8099 1870/8100
f 2296/8101 1880/8102 1417/8103
f 2296/8104 1417/8105 1872/8106
f 2295/8107 1883/8108 1424/8109
f 2295/8110 1424/8111 1874/8112
f 2294/8113 1885/8114 1423/8115
f 2294/8116 1423/8117 1877/8118
f 2293/8119 1887/8120 1421/8121
f 2293/8122 1421/8123 1879/8124
f 2292/8125 1890/8126 1428/8127
f 2292/8128 1428/8129 1881/8130
f 2291/8131 1892/8132 1427/8133
f 2291/8134 1427/8135 1884/8136
f 2290/8137 1894/8138 1425/8139
f 2290/8140 1425/8141 1886/8142
f 2289/8143 1897/8144 1432/8145
f 2289/8146 1432/8147 1888/8148
f 2288/8149 1899/8150 1431/8151
f 2288/8152 1431/8153 1891/8154
f 2287/8155 1901/8156 1429/8157
f 2287/8158 1429/8159 1893/8160
f 2286/8161 1904/8162 1436/8163
f 2286/8164 1436/8165 1895/8166
f 2285/8167 1906/8168 1435/8169
f 2285/8170 1435/8171 1898/8172
f 2284/8173 1908/8174 1433/8175
f 2284/8176 1433/8177 1900/8178
f 2283/8179 1911/8180 1440/8181
f 2283/8182 1440/8183 1902/8184
f 2282/8185 1913/8186 1439/8187
f 2282/8188 1439/8189 1905/8190
f 2281/8191 1915/8192 1437/8193
f 2281/8194 1437/8195 1907/8196
f 2280/8197 1918/8198 1444/8199
f 2280/8200 1444/8201 1909/8202
f 2279/8203 1920/8204 1443/8205
f 2279/8206 1443/8207 1912/8208
f 2278/8209 1922/8210 1441/8211
f 2278/8212 1441/8213 1914/8214
f 2277/8215 1925/8216 1448/8217
f 2277/8218 1448/8219 1916/8220
f 2276/8221 1927/8222 1447/8223
f 2276/8224 1447/8225 1919/8226
f 2275/8227 1929/8228 1445/8229
f 2275/8230 1445/8231 1921/8232
f 2274/8233 1932/8234 1452/8235
f 2274/8236 1452/8237 1923/8238
f 2273/8239 1934/8240 1451/8241
f 2273/8242 1451/8243 1926/8244
f 2272/8245 1936/8246 1449/8247
f 2272/8248 1449/8249 1928/8250
f 2271/8251 1939/8252 1456/8253
f 2271/8254 1456/8255 1930/8256
f 2270/8257 1941/8258 1455/8259
f 2270/8260 1455/8261 1933/8262
f 2269/8263 1943/8264 1453/8265
f 2269/8266 1453/8267 1935/8268
f 2268/8269 1946/8270 1460/8271
f 2268/8272 1460/8273 1937/8274
f 2267/8275 1948/8276 1459/8277
f 2267/8278 1459/8279 1940/8280
f 2266/8281 1950/8282 1457/8283
f 2266/8284 1457/8285 1942/8286
f 2265/8287 1953/8288 1464/8289
f 2265/8290 1464/8291 1944/8292
f 2264/8293 1955/8294 1463/8295
f 2264/8296 1463/8297 1947/8298
f 2263/8299 1957/8300 1461/8301
f 2263/8302 1461/8303 1949/8304
f 2262/8305 1960/8306 1468/8307
f 2262/8308 1468/8309 1951/8310
f 2261/8311 1962/8312 1467/8313
f 2261/8314 1467/8315 1954/8316
f 2260/8317 1964/8318 1465/8319
f 2260/8320 1465/8321 1956/8322
f 2259/8323 1967/8324 1472/8325
f 2259/8326 1472/8327 1958/8328
f 2258/8329 1969/8330 1471/8331
f 2258/8332 1471/8333 1961/8334
f 2257/8335 1971/8336 1469/8337
f 2257/8338 1469/8339 1963/8340
f 2256/8341 1974/8342 1476/8343
f 2256/8344 1476/8345 1965/8346
f 2255/8347 1976/8348 1475/8349
f 2255/8350 1475/8351 1968/8352
f 2254/8353 1978/8354 1473/8355
f 2254/8356 1473/8357 1970/8358
f 2253/8359 1981/8360 1480/8361
f 2253/8362 1480/8363 1972/8364
f 2252/8365 1983/8366 1479/8367
f 2252/8368 1479/8369 1975/8370
f 2251/8371 1985/8372 1477/8373
f 2251/8374 1477/8375 1977/8376
f 2250/8377 1988/8378 1484/8379
f 2250/8380 1484/8381 1979/8382
f 2249/8383 1990/8384 1483/8385
f 2249/8386 1483/8387 1982/8388
f 2248/8389 1992/8390 1481/8391
f 2248/8392 1481/8393 1984/8394
f 2247/8395 1995/8396 1488/8397
f 2247/8398 1488/8399 1986/8400
f 2246/8401 1997/8402 1487/8403
f 2246/8404 1487/8405 1989/8406
f 2245/8407 1999/8408 1485/8409
f 2245/8410 1485/8411 1991/8412
f 2244/8413 2002/8414 1492/8415
f 2244/8416 1492/8417 1993/8418
f 2243/8419 2004/8420 1491/8421
f 2243/8422 1491/8423 1996/8424
f 2242/8425 2006/8426 1489/8427
f 2242/8428 1489/8429 1998/8430
f 2241/8431 2009/8432 1496/8433
f 2241/8434 1496/8435 2000/8436
f 2240/8437 2011/8438 1495/8439
f 2240/8440 1495/8441 2003/8442
f 2239/8443 2013/8444 1493/8445
f 2239/8446 1493/8447 2005/8448
f 2238/8449 2016/8450 1500/8451
f 2238/8452 1500/8453 2007/8454
f 2237/8455 2018/8456 1499/8457
f 2237/8458 1499/8459 2010/8460
f 2236/8461 2020/8462 1497/8463
f 2236/8464 1497/8465 2012/8466
f 2235/8467 2023/8468 1504/8469
f 2235/8470 1504/8471 2014/8472
f 2234/8473 2025/8474 1503/8475
f 2234/8476 1503/8477 2017/8478
f 2233/8479 2027/8480 1501/8481
f 2233/8482 1501/8483 2019/8484
f 2232/8485 2030/8486 1508/8487
f 2232/8488 1508/8489 2021/8490
f 2231/8491 2032/8492 1507/8493
f 2231/8494 1507/8495 2024/8496
f 2230/8497 2034/8498 1505/8499
f 2230/8500 1505/8501 2026/8502
f 2229/8503 2037/8504 1512/8505
f 2229/8506 1512/8507 2028/8508
f 2228/8509 2039/8510 1511/8511
f 2228/8512 1511/8513 2031/8514
f 2227/8515 2041/8516 1509/8517
f 2227/8518 1509/8519 2033/8520
f 2226/8521 2044/8522 1516/8523
f 2226/8524 1516/8525 2035/8526
f 2225/8527 2046/8528 1515/8529
f 2225/8530 1515/8531 2038/8532
f 2224/8533 2048/8534 1513/8535
f 2224/8536 1513/8537 2040/8538
f 2223/8539 2051/8540 1520/8541
f 2223/8542 1520/8543 2042/8544
f 2222/8545 2053/8546 1519/8547
f 2222/8548 1519/8549 2045/8550
f 2221/8551 2055/8552 1517/8553
f 2221/8554 1517/8555 2047/8556
f 2220/8557 2058/8558 1524/8559
f 2220/8560 1524/8561 2049/8562
f 2219/8563 2060/8564 1523/8565
f 2219/8566 1523/8567 2052/8568
f 2218/8569 2062/8570 1521/8571
f 2218/8572 1521/8573 2054/8574
f 2217/8575 2065/8576 1528/8577
f 2217/8578 1528/8579 2056/8580
f 2216/8581 2067/8582 1527/8583
f 2216/8584 1527/8585 2059/8586
f 2215/8587 2069/8588 1525/8589
f 2215/8590 1525/8591 2061/8592
f 2214/8593 2072/8594 1532/8595
f 2214/8596 1532/8597 2063/8598
f 2213/8599 2074/8600 1531/8601
f 2213/8602 1531/8603 2066/8604
f 2212/8605 2076/8606 1529/8607
f 2212/8608 1529/8609 2068/8610
f 2211/8611 2078/8612 1536/8613
f 2211/8614 1536/8615 2070/8616
f 2210/8617 2079/8618 1535/8619
f 2210/8620 1535/8621 2073/8622
f 2209/8623 2080/8624 1533/8625
f 2209/8626 1533/8627 2075/8628
f 2208/8629 1866/8630 1409/8631
f 2208/8632 1409/8633 2082/8634
f 2207/8635 2084/8636 1418/8637
f 2207/8638 1418/8639 1868/8640
f 2206/8641 1873/8642 1417/8643
f 2206/8644 1417/8645 2085/8646
f 2205/8647 2083/8648 1410/8649
f 2205/8650 1410/8651 1858/8652
f 2204/8653 2086/8654 1413/8655
f 2204/8656 1413/8657 2077/8658
f 2203/8659 2080/8660 1414/8661
f 2203/8662 1414/8663 2081/8664
f 2202/8665 2089/8666 1422/8667
f 2202/8668 1422/8669 1875/8670
f 2201/8671 1880/8672 1421/8673
f 2201/8674 1421/8675 2090/8676
f 2200/8677 2091/8678 1426/8679
f 2200/8680 1426/8681 1882/8682
f 2199/8683 1887/8684 1425/8685
f 2199/8686 1425/8687 2092/8688
f 2198/8689 2093/8690 1430/8691
f 2198/8692 1430/8693 1889/8694
f 2197/8695 1894/8696 1429/8697
f 2197/8698 1429/8699 2094/8700
f 2196/8701 2095/8702 1434/8703
f 2196/8704 1434/8705 1896/8706
f 2195/8707 1901/8708 1433/8709
f 2195/8710 1433/8711 2096/8712
f 2194/8713 2097/8714 1438/8715
f 2194/8716 1438/8717 1903/8718
f 2193/8719 1908/8720 1437/8721
f 2193/8722 1437/8723 2098/8724
f 2192/8725 2099/8726 1442/8727
f 2192/8728 1442/8729 1910/8730
f 2191/8731 1915/8732 1441/8733
f 2191/8734 1441/8735 2100/8736
f 2190/8737 2101/8738 1446/8739
f 2190/8740 1446/8741 1917/8742
f 2189/8743 1922/8744 1445/8745
f 2189/8746 1445/8747 2102/8748
f 2188/8749 2103/8750 1450/8751
f 2188/8752 1450/8753 1924/8754
f 2187/8755 1929/8756 1449/8757
f 2187/8758 1449/8759 2104/8760
f 2186/8761 2105/8762 1454/8763
f 2186/8764 1454/8765 1931/8766
f 2185/8767 1936/8768 1453/8769
f 2185/8770 1453/8771 2106/8772
f 2184/8773 2107/8774 1458/8775
f 2184/8776 1458/8777 1938/8778
f 2183/8779 1943/8780 1457/8781
f 2183/8782 1457/8783 2108/8784
f 2182/8785 2109/8786 1462/8787
f 2182/8788 1462/8789 1945/8790
f 2181/8791 1950/8792 1461/8793
f 2181/8794 1461/8795 2110/8796
f 2180/8797 2111/8798 1466/8799
f 2180/8800 1466/8801 1952/8802
f 2179/8803 1957/8804 1465/8805
f 2179/8806 1465/8807 2112/8808
f 2178/8809 2113/8810 1470/8811
f 2178/8812 1470/8813 1959/8814
f 2177/8815 1964/8816 1469/8817
f 2177/8818 1469/8819 2114/8820
f 2176/8821 2115/8822 1474/8823
f 2176/8824 1474/8825 1966/8826
f 2175/8827 1971/8828 1473/8829
f 2175/8830 1473/8831 2116/8832
f 2174/8833 2117/8834 1478/8835
f 2174/8836 1478/8837 1973/8838
f 2173/8839 1978/8840 1477/8841
f 2173/8842 1477/8843 2118/8844
f 2172/8845 2119/8846 1482/8847
f 2172/8848 1482/8849 1980/8850
f 2171/8851 1985/8852 1481/8853
f 2171/8854 1481/8855 2120/8856
f 2170/8857 2121/8858 1486/8859
f 2170/8860 1486/8861 1987/8862
f 2169/8863 1992/8864 1485/8865
f 2169/8866 1485/8867 2122/8868
f 2168/8869 2123/8870 1490/8871
f 2168/8872 1490/8873 1994/8874
f 2167/8875 1999/8876 1489/8877
f 2167/8878 1489/8879 2124/8880
f 2166/8881 2125/8882 1494/8883
f 2166/8884 1494/8885 2001/8886
f 2165/8887 2006/8888 1493/8889
f 2165/8890 1493/8891 2126/8892
f 2164/8893 2127/8894 1498/8895
f 2164/8896 1498/8897 2008/8898
f 2163/8899 2013/8900 1497/8901
f 2163/8902 1497/8903 2128/8904
f 2162/8905 2129/8906 1502/8907
f 2162/8908 1502/8909 2015/8910
f 2161/8911 2020/8912 1501/8913
f 2161/8914 1501/8915 2130/8916
f 2160/8917 2131/8918 1506/8919
f 2160/8920 1506/8921 2022/8922
f 2159/8923 2027/8924 1505/8925
f 2159/8926 1505/8927 2132/8928
f 2158/8929 2133/8930 1510/8931
f 2158/8932 1510/8933 2029/8934
f 2157/8935 2034/8936 1509/8937
f 2157/8938 1509/8939 2134/8940
f 2156/8941 2135/8942 1514/8943
f 2156/8944 1514/8945 2036/8946
f 2155/8947 2041/8948 1513/8949
f 2155/8950 1513/8951 2136/8952
f 2154/8953 2137/8954 1518/8955
f 2154/8956 1518/8957 2043/8958
f 2153/8959 2048/8960 1517/8961
f 2153/8962 1517/8963 2138/8964
f 2152/8965 2139/8966 1522/8967
f 2152/8968 1522/8969 2050/8970
f 2151/8971 2055/8972 1521/8973
f 2151/8974 1521/8975 2140/8976
f 2150/8977 2141/8978 1526/8979
f 2150/8980 1526/8981 2057/8982
f 2149/8983 2062/8984 1525/8985
f 2149/8986 1525/8987 2142/8988
f 2148/8989 2143/8990 1530/8991
f 2148/8992 1530/8993 2064/8994
f 2147/8995 2069/8996 1529/8997
f 2147/8998 1529/8999 2144/9000
f 2146/9001 2087/9002 1534/9003
f 2146/9004 1534/9005 2071/9006
f 2145/9007 2076/9008 1533/9009
f 2145/9010 1533/9011 2088/9012
f 2144/9013 1529/9014 2076/9015
f 2144/9016 2076/9017 2145/9018
f 1311/9019 2144/9020 2145/9021
f 1311/9022 2145/9023 1630/9024
f 1630/9025 2145/9026 2088/9027
f 1630/9028 2088/9029 1312/9030
f 1826/9031 1408/9032 2087/9033
f 1826/9034 2087/9035 2146/9036
f 1407/9037 1826/9038 2146/9039
f 1407/9040 2146/9041 2143/9042
f 2143/9043 2146/9044 2071/9045
f 2143/9046 2071/9047 1530/9048
f 2142/9049 1525/9050 2069/9051
f 2142/9052 2069/9053 2147/9054
f 1310/9055 2142/9056 2147/9057
f 1310/9058 2147/9059 1629/9060
f 1629/9061 2147/9062 2144/9063
f 1629/9064 2144/9065 1311/9066
f 1827/9067 1407/9068 2143/9069
f 1827/9070 2143/9071 2148/9072
f 1406/9073 1827/9074 2148/9075
f 1406/9076 2148/9077 2141/9078
f 2141/9079 2148/9080 2064/9081
f 2141/9082 2064/9083 1526/9084
f 2140/9085 1521/9086 2062/9087
f 2140/9088 2062/9089 2149/9090
f 1309/9091 2140/9092 2149/9093
f 1309/9094 2149/9095 1628/9096
f 1628/9097 2149/9098 2142/9099
f 1628/9100 2142/9101 1310/9102
f 1828/9103 1406/9104 2141/9105
f 1828/9106 2141/9107 2150/9108
f 1405/9109 1828/9110 2150/9111
f 1405/9112 2150/9113 2139/9114
f 2139/9115 2150/9116 2057/9117
f 2139/9118 2057/9119 1522/9120
f 2138/9121 1517/9122 2055/9123
f 2138/9124 2055/9125 2151/9126
f 1308/9127 2138/9128 2151/9129
f 1308/9130 2151/9131 1627/9132
f 1627/9133 2151/9134 2140/9135
f 1627/9136 2140/9137 1309/9138
f 1829/9139 1405/9140 2139/9141
f 1829/9142 2139/9143 2152/9144
f 1404/9145 1829/9146 2152/9147
f 1404/9148 2152/9149 2137/9150
f 2137/9151 2152/9152 2050/9153
f 2137/9154 2050/9155 1518/9156
f 2136/9157 1513/9158 2048/9159
f 2136/9160 2048/9161 2153/9162
f 1307/9163 2136/9164 2153/9165
f 1307/9166 2153/9167 1626/9168
f 1626/9169 2153/9170 2138/9171
f 1626/9172 2138/9173 1308/9174
f 1830/9175 1404/9176 2137/9177
f 1830/9178 2137/9179 2154/9180
f 1403/9181 1830/9182 2154/9183
f 1403/9184 2154/9185 2135/9186
f 2135/9187 2154/9188 2043/9189
f 2135/9190 2043/9191 1514/9192
f 2134/9193 1509/9194 2041/9195
f 2134/9196 2041/9197 2155/9198
f 1306/9199 2134/9200 2155/9201
f 1306/9202 2155/9203 1625/9204
f 1625/9205 2155/9206 2136/9207
f 1625/9208 2136/9209 1307/9210
f 1831/9211 1403/9212 2135/9213
f 1831/9214 2135/9215 2156/9216
f 1402/9217 1831/9218 2156/9219
f 1402/9220 2156/9221 2133/9222
f 2133/9223 2156/9224 2036/9225
f 2133/9226 2036/9227 1510/9228
f 2132/9229 1505/9230 2034/9231
f 2132/9232 2034/9233 2157/9234
f 1305/9235 2132/9236 2157/9237
f 1305/9238 2157/9239 1624/9240
f 1624/9241 2157/9242 2134/9243
f 1624/9244 2134/9245 1306/9246
f 1832/9247 1402/9248 2133/9249
f 1832/9250 2133/9251 2158/9252
f 1401/9253 1832/9254 2158/9255
f 1401/9256 2158/9257 2131/9258
f 2131/9259 2158/9260 2029/9261
f 2131/9262 2029/9263 1506/9264
f 2130/9265 1501/9266 2027/9267
f 2130/9268 2027/9269 2159/9270
f 1304/9271 2130/9272 2159/9273
f 1304/9274 2159/9275 1623/9276
f 1623/9277 2159/9278 2132/9279
f 1623/9280 2132/9281 1305/9282
f 1833/9283 1401/9284 2131/9285
f 1833/9286 2131/9287 2160/9288
f 1400/9289 1833/9290 2160/9291
f 1400/9292 2160/9293 2129/9294
f 2129/9295 2160/9296 2022/9297
f 2129/9298 2022/9299 1502/9300
f 2128/9301 1497/9302 2020/9303
f 2128/9304 2020/9305 2161/9306
f 1303/9307 2128/9308 2161/9309
f 1303/9310 2161/9311 1622/9312
f 1622/9313 2161/9314 2130/9315
f 1622/9316 2130/9317 1304/9318
f 1834/9319 1400/9320 2129/9321
f 1834/9322 2129/9323 2162/9324
f 1399/9325 1834/9326 2162/9327
f 1399/9328 2162/9329 2127/9330
f 2127/9331 2162/9332 2015/9333
f 2127/9334 2015/9335 1498/9336
f 2126/9337 1493/9338 2013/9339
f 2126/9340 2013/9341 2163/9342
f 1302/9343 2126/9344 2163/9345
f 1302/9346 2163/9347 1621/9348
f 1621/9349 2163/9350 2128/9351
f 1621/9352 2128/9353 1303/9354
f 1835/9355 1399/9356 2127/9357
f 1835/9358 2127/9359 2164/9360
f 1398/9361 1835/9362 2164/9363
f 1398/9364 2164/9365 2125/9366
f 2125/9367 2164/9368 2008/9369
f 2125/9370 2008/9371 1494/9372
f 2124/9373 1489/9374 2006/9375
f 2124/9376 2006/9377 2165/9378
f 1301/9379 2124/9380 2165/9381
f 1301/9382 2165/9383 1620/9384
f 1620/9385 2165/9386 2126/9387
f 1620/9388 2126/9389 1302/9390
f 1836/9391 1398/9392 2125/9393
f 1836/9394 2125/9395 2166/9396
f 1397/9397 1836/9398 2166/9399
f 1397/9400 2166/9401 2123/9402
f 2123/9403 2166/9404 2001/9405
f 2123/9406 2001/9407 1490/9408
f 2122/9409 1485/9410 1999/9411
f 2122/9412 1999/9413 2167/9414
f 1300/9415 2122/9416 2167/9417
f 1300/9418 2167/9419 1619/9420
f 1619/9421 2167/9422 2124/9423
f 1619/9424 2124/9425 1301/9426
f 1837/9427 1397/9428 2123/9429
f 1837/9430 2123/9431 2168/9432
f 1396/9433 1837/9434 2168/9435
f 1396/9436 2168/9437 2121/9438
f 2121/9439 2168/9440 1994/9441
f 2121/9442 1994/9443 1486/9444
f 2120/9445 1481/9446 1992/9447
f 2120/9448 1992/9449 2169/9450
f 1299/9451 2120/9452 2169/9453
f 1299/9454 2169/9455 1618/9456
f 1618/9457 2169/9458 2122/9459
f 1618/9460 2122/9461 1300/9462
f 1838/9463 1396/9464 2121/9465
f 1838/9466 2121/9467 2170/9468
f 1395/9469 1838/9470 2170/9471
f 1395/9472 2170/9473 2119/9474
f 2119/9475 2170/9476 1987/9477
f 2119/9478 1987/9479 1482/9480
f 2118/9481 1477/9482 1985/9483
f 2118/9484 1985/9485 2171/9486
f 1298/9487 2118/9488 2171/9489
f 1298/9490 2171/9491 1617/9492
f 1617/9493 2171/9494 2120/9495
f 1617/9496 2120/9497 1299/9498
f 1839/9499 1395/9500 2119/9501
f 1839/9502 2119/9503 2172/9504
f 1394/9505 1839/9506 2172/9507
f 1394/9508 2172/9509 2117/9510
f 2117/9511 2172/9512 1980/9513
f 2117/9514 1980/9515 1478/9516
f 2116/9517 1473/9518 1978/9519
f 2116/9520 1978/9521 2173/9522
f 1297/9523 2116/9524 2173/9525
f 1297/9526 2173/9527 1616/9528
f 1616/9529 2173/9530 2118/9531
f 1616/9532 2118/9533 1298/9534
f 1840/9535 1394/9536 2117/9537
f 1840/9538 2117/9539 2174/9540
f 1393/9541 1840/9542 2174/9543
f 1393/9544 2174/9545 2115/9546
f 2115/9547 2174/9548 1973/9549
f 2115/9550 1973/9551 1474/9552
f 2114/9553 1469/9554 1971/9555
f 2114/9556 1971/9557 2175/9558
f 1296/9559 2114/9560 2175/9561
f 1296/9562 2175/9563 1615/9564
f 1615/9565 2175/9566 2116/9567
f 1615/9568 2116/9569 1297/9570
f 1841/9571 1393/9572 2115/9573
f 1841/9574 2115/9575 2176/9576
f 1392/9577 1841/9578 2176/9579
f 1392/9580 2176/9581 2113/9582
f 2113/9583 2176/9584 1966/9585
f 2113/9586 1966/9587 1470/9588
f 2112/9589 1465/9590 1964/9591
f 2112/9592 1964/9593 2177/9594
f 1295/9595 2112/9596 2177/9597
f 1295/9598 2177/9599 1614/9600
f 1614/9601 2177/9602 2114/9603
f 1614/9604 2114/9605 1296/9606
f 1842/9607 1392/9608 2113/9609
f 1842/9610 2113/9611 2178/9612
f 1391/9613 1842/9614 2178/9615
f 1391/9616 2178/9617 2111/9618
f 2111/9619 2178/9620 1959/9621
f 2111/9622 1959/9623 1466/9624
f 2110/9625 1461/9626 1957/9627
f 2110/9628 1957/9629 2179/9630
f 1294/9631 2110/9632 2179/9633
f 1294/9634 2179/9635 1613/9636
f 1613/9637 2179/9638 2112/9639
f 1613/9640 2112/9641 1295/9642
f 1843/9643 1391/9644 2111/9645
f 1843/9646 2111/9647 2180/9648
f 1390/9649 1843/9650 2180/9651
f 1390/9652 2180/9653 2109/9654
f 2109/9655 2180/9656 1952/9657
f 2109/9658 1952/9659 1462/9660
f 2108/9661 1457/9662 1950/9663
f 2108/9664 1950/9665 2181/9666
f 1293/9667 2108/9668 2181/9669
f 1293/9670 2181/9671 1612/9672
f 1612/9673 2181/9674 2110/9675
f 1612/9676 2110/9677 1294/9678
f 1844/9679 1390/9680 2109/9681
f 1844/9682 2109/9683 2182/9684
f 1389/9685 1844/9686 2182/9687
f 1389/9688 2182/9689 2107/9690
f 2107/9691 2182/9692 1945/9693
f 2107/9694 1945/9695 1458/9696
f 2106/9697 1453/9698 1943/9699
f 2106/9700 1943/9701 2183/9702
f 1292/9703 2106/9704 2183/9705
f 1292/9706 2183/9707 1611/9708
f 1611/9709 2183/9710 2108/9711
f 1611/9712 2108/9713 1293/9714
f 1845/9715 1389/9716 2107/9717
f 1845/9718 2107/9719 2184/9720
f 1388/9721 1845/9722 2184/9723
f 1388/9724 2184/9725 2105/9726
f 2105/9727 2184/9728 1938/9729
f 2105/9730 1938/9731 1454/9732
f 2104/9733 1449/9734 1936/9735
f 2104/9736 1936/9737 2185/9738
f 1291/9739 2104/9740 2185/9741
f 1291/9742 2185/9743 1610/9744
f 1610/9745 2185/9746 2106/9747
f 1610/9748 2106/9749 1292/9750
f 1846/9751 1388/9752 2105/9753
f 1846/9754 2105/9755 2186/9756
f 1387/9757 1846/9758 2186/9759
f 1387/9760 2186/9761 2103/9762
f 2103/9763 2186/9764 1931/9765
f 2103/9766 1931/9767 1450/9768
f 2102/9769 1445/9770 1929/9771
f 2102/9772 1929/9773 2187/9774
f 1290/9775 2102/9776 2187/9777
f 1290/9778 2187/9779 1609/9780
f 1609/9781 2187/9782 2104/9783
f 1609/9784 2104/9785 1291/9786
f 1847/9787 1387/9788 2103/9789
f 1847/9790 2103/9791 2188/9792
f 1386/9793 1847/9794 2188/9795
f 1386/9796 2188/9797 2101/9798
f 2101/9799 2188/9800 1924/9801
f 2101/9802 1924/9803 1446/9804
f 2100/9805 1441/9806 1922/9807
f 2100/9808 1922/9809 2189/9810
f 1289/9811 2100/9812 2189/9813
f 1289/9814 2189/9815 1608/9816
f 1608/9817 2189/9818 2102/9819
f 1608/9820 2102/9821 1290/9822
f 1848/9823 1386/9824 2101/9825
f 1848/9826 2101/9827 2190/9828
f 1385/9829 1848/9830 2190/9831
f 1385/9832 2190/9833 2099/9834
f 2099/9835 2190/9836 1917/9837
f 2099/9838 1917/9839 1442/9840
f 2098/9841 1437/9842 1915/9843
f 2098/9844 1915/9845 2191/9846
f 1288/9847 2098/9848 2191/9849
f 1288/9850 2191/9851 1607/9852
f 1607/9853 2191/9854 2100/9855
f 1607/9856 2100/9857 1289/9858
f 1849/9859 1385/9860 2099/9861
f 1849/9862 2099/9863 2192/9864
f 1384/9865 1849/9866 2192/9867
f 1384/9868 2192/9869 2097/9870
f 2097/9871 2192/9872 1910/9873
f 2097/9874 1910/9875 1438/9876
f 2096/9877 1433/9878 1908/9879
f 2096/9880 1908/9881 2193/9882
f 1287/9883 2096/9884 2193/9885
f 1287/9886 2193/9887 1606/9888
f 1606/9889 2193/9890 2098/9891
f 1606/9892 2098/9893 1288/9894
f 1850/9895 1384/9896 2097/9897
f 1850/9898 2097/9899 2194/9900
f 1383/9901 1850/9902 2194/9903
f 1383/9904 2194/9905 2095/9906
f 2095/9907 2194/9908 1903/9909
f 2095/9910 1903/9911 1434/9912
f 2094/9913 1429/9914 1901/9915
f 2094/9916 1901/9917 2195/9918
f 1286/9919 2094/9920 2195/9921
f 1286/9922 2195/9923 1605/9924
f 1605/9925 2195/9926 2096/9927
f 1605/9928 2096/9929 1287/9930
f 1851/9931 1383/9932 2095/9933
f 1851/9934 2095/9935 2196/9936
f 1382/9937 1851/9938 2196/9939
f 1382/9940 2196/9941 2093/9942
f 2093/9943 2196/9944 1896/9945
f 2093/9946 1896/9947 1430/9948
f 2092/9949 1425/9950 1894/9951
f 2092/9952 1894/9953 2197/9954
f 1285/9955 2092/9956 2197/9957
f 1285/9958 2197/9959 1604/9960
f 1604/9961 2197/9962 2094/9963
f 1604/9964 2094/9965 1286/9966
f 1852/9967 1382/9968 2093/9969
f 1852/9970 2093/9971 2198/9972
f 1381/9973 1852/9974 2198/9975
f 1381/9976 2198/9977 2091/9978
f 2091/9979 2198/9980 1889/9981
f 2091/9982 1889/9983 1426/9984
f 2090/9985 1421/9986 1887/9987
f 2090/9988 1887/9989 2199/9990
f 1284/9991 2090/9992 2199/9993
f 1284/9994 2199/9995 1603/9996
f 1603/9997 2199/9998 2092/9999
f 1603/10000 2092/10001 1285/10002
f 1853/10003 1381/10004 2091/10005
f 1853/10006 2091/10007 2200/10008
f 1380/10009 1853/10010 2200/10011
f 1380/10012 2200/10013 2089/10014
f 2089/10015 2200/10016 1882/10017
f 2089/10018 1882/10019 1422/10020
f 2085/10021 1417/10022 1880/10023
f 2085/10024 1880/10025 2201/10026
f 1283/10027 2085/10028 2201/10029
f 1283/10030 2201/10031 1602/10032
f 1602/10033 2201/10034 2090/10035
f 1602/10036 2090/10037 1284/10038
f 1854/10039 1380/10040 2089/10041
f 1854/10042 2089/10043 2202/10044
f 1379/10045 1854/10046 2202/10047
f 1379/10048 2202/10049 2084/10050
f 2084/10051 2202/10052 1875/10053
f 2084/10054 1875/10055 1418/10056
f 2088/10057 1533/10058 2080/10059
f 2088/10060 2080/10061 2203/10062
f 1312/10063 2088/10064 2203/10065
f 1312/10066 2203/10067 1631/10068
f 1631/10069 2203/10070 2081/10071
f 1631/10072 2081/10073 1282/10074
f 1825/10075 1377/10076 2086/10077
f 1825/10078 2086/10079 2204/10080
f 1408/10081 1825/10082 2204/10083
f 1408/10084 2204/10085 2087/10086
f 2087/10087 2204/10088 2077/10089
f 2087/10090 2077/10091 1534/10092
f 1856/10093 1378/10094 2083/10095
f 1856/10096 2083/10097 2205/10098
f 1377/10099 1856/10100 2205/10101
f 1377/10102 2205/10103 2086/10104
f 2086/10105 2205/10106 1858/10107
f 2086/10108 1858/10109 1413/10110
f 2082/10111 1409/10112 1873/10113
f 2082/10114 1873/10115 2206/10116
f 1281/10117 2082/10118 2206/10119
f 1281/10120 2206/10121 1601/10122
f 1601/10123 2206/10124 2085/10125
f 1601/10126 2085/10127 1283/10128
f 1855/10129 1379/10130 2084/10131
f 1855/10132 2084/10133 2207/10134
f 1378/10135 1855/10136 2207/10137
f 1378/10138 2207/10139 2083/10140
f 2083/10141 2207/10142 1868/10143
f 2083/10144 1868/10145 1410/10146
f 2081/10147 1414/10148 1866/10149
f 2081/10150 1866/10151 2208/10152
f 1282/10153 2081/10154 2208/10155
f 1282/10156 2208/10157 1600/10158
f 1600/10159 2208/10160 2082/10161
f 1600/10162 2082/10163 1281/10164
f 1865/10165 1414/10166 2080/10167
f 1865/10168 2080/10169 2209/10170
f 1416/10171 1865/10172 2209/10173
f 1416/10174 2209/10175 2079/10176
f 2079/10177 2209/10178 2075/10179
f 2079/10180 2075/10181 1535/10182
f 1862/10183 1416/10184 2079/10185
f 1862/10186 2079/10187 2210/10188
f 1415/10189 1862/10190 2210/10191
f 1415/10192 2210/10193 2078/10194
f 2078/10195 2210/10196 2073/10197
f 2078/10198 2073/10199 1536/10200
f 1859/10201 1415/10202 2078/10203
f 1859/10204 2078/10205 2211/10206
f 1413/10207 1859/10208 2211/10209
f 1413/10210 2211/10211 2077/10212
f 2077/10213 2211/10214 2070/10215
f 2077/10216 2070/10217 1534/10218
f 2075/10219 1533/10220 2076/10221
f 2075/10222 2076/10223 2212/10224
f 1535/10225 2075/10226 2212/10227
f 1535/10228 2212/10229 2074/10230
f 2074/10231 2212/10232 2068/10233
f 2074/10234 2068/10235 1531/10236
f 2073/10237 1535/10238 2074/10239
f 2073/10240 2074/10241 2213/10242
f 1536/10243 2073/10244 2213/10245
f 1536/10246 2213/10247 2072/10248
f 2072/10249 2213/10250 2066/10251
f 2072/10252 2066/10253 1532/10254
f 2070/10255 1536/10256 2072/10257
f 2070/10258 2072/10259 2214/10260
f 1534/10261 2070/10262 2214/10263
f 1534/10264 2214/10265 2071/10266
f 2071/10267 2214/10268 2063/10269
f 2071/10270 2063/10271 1530/10272
f 2068/10273 1529/10274 2069/10275
f 2068/10276 2069/10277 2215/10278
f 1531/10279 2068/10280 2215/10281
f 1531/10282 2215/10283 2067/10284
f 2067/10285 2215/10286 2061/10287
f 2067/10288 2061/10289 1527/10290
f 2066/10291 1531/10292 2067/10293
f 2066/10294 2067/10295 2216/10296
f 1532/10297 2066/10298 2216/10299
f 1532/10300 2216/10301 2065/10302
f 2065/10303 2216/10304 2059/10305
f 2065/10306 2059/10307 1528/10308
f 2063/10309 1532/10310 2065/10311
f 2063/10312 2065/10313 2217/10314
f 1530/10315 2063/10316 2217/10317
f 1530/10318 2217/10319 2064/10320
f 2064/10321 2217/10322 2056/10323
f 2064/10324 2056/10325 1526/10326
f 2061/10327 1525/10328 2062/10329
f 2061/10330 2062/10331 2218/10332
f 1527/10333 2061/10334 2218/10335
f 1527/10336 2218/10337 2060/10338
f 2060/10339 2218/10340 2054/10341
f 2060/10342 2054/10343 1523/10344
f 2059/10345 1527/10346 2060/10347
f 2059/10348 2060/10349 2219/10350
f 1528/10351 2059/10352 2219/10353
f 1528/10354 2219/10355 2058/10356
f 2058/10357 2219/10358 2052/10359
f 2058/10360 2052/10361 1524/10362
f 2056/10363 1528/10364 2058/10365
f 2056/10366 2058/10367 2220/10368
f 1526/10369 2056/10370 2220/10371
f 1526/10372 2220/10373 2057/10374
f 2057/10375 2220/10376 2049/10377
f 2057/10378 2049/10379 1522/10380
f 2054/10381 1521/10382 2055/10383
f 2054/10384 2055/10385 2221/10386
f 1523/10387 2054/10388 2221/10389
f 1523/10390 2221/10391 2053/10392
f 2053/10393 2221/10394 2047/10395
f 2053/10396 2047/10397 1519/10398
f 2052/10399 1523/10400 2053/10401
f 2052/10402 2053/10403 2222/10404
f 1524/10405 2052/10406 2222/10407
f 1524/10408 2222/10409 2051/10410
f 2051/10411 2222/10412 2045/10413
f 2051/10414 2045/10415 1520/10416
f 2049/10417 1524/10418 2051/10419
f 2049/10420 2051/10421 2223/10422
f 1522/10423 2049/10424 2223/10425
f 1522/10426 2223/10427 2050/10428
f 2050/10429 2223/10430 2042/10431
f 2050/10432 2042/10433 1518/10434
f 2047/10435 1517/10436 2048/10437
f 2047/10438 2048/10439 2224/10440
f 1519/10441 2047/10442 2224/10443
f 1519/10444 2224/10445 2046/10446
f 2046/10447 2224/10448 2040/10449
f 2046/10450 2040/10451 1515/10452
f 2045/10453 1519/10454 2046/10455
f 2045/10456 2046/10457 2225/10458
f 1520/10459 2045/10460 2225/10461
f 1520/10462 2225/10463 2044/10464
f 2044/10465 2225/10466 2038/10467
f 2044/10468 2038/10469 1516/10470
f 2042/10471 1520/10472 2044/10473
f 2042/10474 2044/10475 2226/10476
f 1518/10477 2042/10478 2226/10479
f 1518/10480 2226/10481 2043/10482
f 2043/10483 2226/10484 2035/10485
f 2043/10486 2035/10487 1514/10488
f 2040/10489 1513/10490 2041/10491
f 2040/10492 2041/10493 2227/10494
f 1515/10495 2040/10496 2227/10497
f 1515/10498 2227/10499 2039/10500
f 2039/10501 2227/10502 2033/10503
f 2039/10504 2033/10505 1511/10506
f 2038/10507 1515/10508 2039/10509
f 2038/10510 2039/10511 2228/10512
f 1516/10513 2038/10514 2228/10515
f 1516/10516 2228/10517 2037/10518
f 2037/10519 2228/10520 2031/10521
f 2037/10522 2031/10523 1512/10524
f 2035/10525 1516/10526 2037/10527
f 2035/10528 2037/10529 2229/10530
f 1514/10531 2035/10532 2229/10533
f 1514/10534 2229/10535 2036/10536
f 2036/10537 2229/10538 2028/10539
f 2036/10540 2028/10541 1510/10542
f 2033/10543 1509/10544 2034/10545
f 2033/10546 2034/10547 2230/10548
f 1511/10549 2033/10550 2230/10551
f 1511/10552 2230/10553 2032/10554
f 2032/10555 2230/10556 2026/10557
f 2032/10558 2026/10559 1507/10560
f 2031/10561 1511/10562 2032/10563
f 2031/10564 2032/10565 2231/10566
f 1512/10567 2031/10568 2231/10569
f 1512/10570 2231/10571 2030/10572
f 2030/10573 2231/10574 2024/10575
f 2030/10576 2024/10577 1508/10578
f 2028/10579 1512/10580 2030/10581
f 2028/10582 2030/10583 2232/10584
f 1510/10585 2028/10586 2232/10587
f 1510/10588 2232/10589 2029/10590
f 2029/10591 2232/10592 2021/10593
f 2029/10594 2021/10595 1506/10596
f 2026/10597 1505/10598 2027/10599
f 2026/10600 2027/10601 2233/10602
f 1507/10603 2026/10604 2233/10605
f 1507/10606 2233/10607 2025/10608
f 2025/10609 2233/10610 2019/10611
f 2025/10612 2019/10613 1503/10614
f 2024/10615 1507/10616 2025/10617
f 2024/10618 2025/10619 2234/10620
f 1508/10621 2024/10622 2234/10623
f 1508/10624 2234/10625 2023/10626
f 2023/10627 2234/10628 2017/10629
f 2023/10630 2017/10631 1504/10632
f 2021/10633 1508/10634 2023/10635
f 2021/10636 2023/10637 2235/10638
f 1506/10639 2021/10640 2235/10641
f 1506/10642 2235/10643 2022/10644
f 2022/10645 2235/10646 2014/10647
f 2022/10648 2014/10649 1502/10650
f 2019/10651 1501/10652 2020/10653
f 2019/10654 2020/10655 2236/10656
f 1503/10657 2019/10658 2236/10659
f 1503/10660 2236/10661 2018/10662
f 2018/10663 2236/10664 2012/10665
f 2018/10666 2012/10667 1499/10668
f 2017/10669 1503/10670 2018/10671
f 2017/10672 2018/10673 2237/10674
f 1504/10675 2017/10676 2237/10677
f 1504/10678 2237/10679 2016/10680
f 2016/10681 2237/10682 2010/10683
f 2016/10684 2010/10685 1500/10686
f 2014/10687 1504/10688 2016/10689
f 2014/10690 2016/10691 2238/10692
f 1502/10693 2014/10694 2238/10695
f 1502/10696 2238/10697 2015/10698
f 2015/10699 2238/10700 2007/10701
f 2015/10702 2007/10703 1498/10704
f 2012/10705 1497/10706 2013/10707
f 2012/10708 2013/10709 2239/10710
f 1499/10711 2012/10712 2239/10713
f 1499/10714 2239/10715 2011/10716
f 2011/10717 2239/10718 2005/10719
f 2011/10720 2005/10721 1495/10722
f 2010/10723 1499/10724 2011/10725
f 2010/10726 2011/10727 2240/10728
f 1500/10729 2010/10730 2240/10731
f 1500/10732 2240/10733 2009/10734
f 2009/10735 2240/10736 2003/10737
f 2009/10738 2003/10739 1496/10740
f 2007/10741 1500/10742 2009/10743
f 2007/10744 2009/10745 2241/10746
f 1498/10747 2007/10748 2241/10749
f 1498/10750 2241/10751 2008/10752
f 2008/10753 2241/10754 2000/10755
f 2008/10756 2000/10757 1494/10758
f 2005/10759 1493/10760 2006/10761
f 2005/10762 2006/10763 2242/10764
f 1495/10765 2005/10766 2242/10767
f 1495/10768 2242/10769 2004/10770
f 2004/10771 2242/10772 1998/10773
f 2004/10774 1998/10775 1491/10776
f 2003/10777 1495/10778 2004/10779
f 2003/10780 2004/10781 2243/10782
f 1496/10783 2003/10784 2243/10785
f 1496/10786 2243/10787 2002/10788
f 2002/10789 2243/10790 1996/10791
f 2002/10792 1996/10793 1492/10794
f 2000/10795 1496/10796 2002/10797
f 2000/10798 2002/10799 2244/10800
f 1494/10801 2000/10802 2244/10803
f 1494/10804 2244/10805 2001/10806
f 2001/10807 2244/10808 1993/10809
f 2001/10810 1993/10811 1490/10812
f 1998/10813 1489/10814 1999/10815
f 1998/10816 1999/10817 2245/10818
f 1491/10819 1998/10820 2245/10821
f 1491/10822 2245/10823 1997/10824
f 1997/10825 2245/10826 1991/10827
f 1997/10828 1991/10829 1487/10830
f 1996/10831 1491/10832 1997/10833
f 1996/10834 1997/10835 2246/10836
f 1492/10837 1996/10838 2246/10839
f 1492/10840 2246/10841 1995/10842
f 1995/10843 2246/10844 1989/10845
f 1995/10846 1989/10847 1488/10848
f 1993/10849 1492/10850 1995/10851
f 1993/10852 1995/10853 2247/10854
f 1490/10855 1993/10856 2247/10857
f 1490/10858 2247/10859 1994/10860
f 1994/10861 2247/10862 1986/10863
f 1994/10864 1986/10865 1486/10866
f 1991/10867 1485/10868 1992/10869
f 1991/10870 1992/10871 2248/10872
f 1487/10873 1991/10874 2248/10875
f 1487/10876 2248/10877 1990/10878
f 1990/10879 2248/10880 1984/10881
f 1990/10882 1984/10883 1483/10884
f 1989/10885 1487/10886 1990/10887
f 1989/10888 1990/10889 2249/10890
f 1488/10891 1989/10892 2249/10893
f 1488/10894 2249/10895 1988/10896
f 1988/10897 2249/10898 1982/10899
f 1988/10900 1982/10901 1484/10902
f 1986/10903 1488/10904 1988/10905
f 1986/10906 1988/10907 2250/10908
f 1486/10909 1986/10910 2250/10911
f 1486/10912 2250/10913 1987/10914
f 1987/10915 2250/10916 1979/10917
f 1987/10918 1979/10919 1482/10920
f 1984/10921 1481/10922 1985/10923
f 1984/10924 1985/10925 2251/10926
f 1483/10927 1984/10928 2251/10929
f 1483/10930 2251/10931 1983/10932
f 1983/10933 2251/10934 1977/10935
f 1983/10936 1977/10937 1479/10938
f 1982/10939 1483/10940 1983/10941
f 1982/10942 1983/10943 2252/10944
f 1484/10945 1982/10946 2252/10947
f 1484/10948 2252/10949 1981/10950
f 1981/10951 2252/10952 1975/10953
f 1981/10954 1975/10955 1480/10956
f 1979/10957 1484/10958 1981/10959
f 1979/10960 1981/10961 2253/10962
f 1482/10963 1979/10964 2253/10965
f 1482/10966 2253/10967 1980/10968
f 1980/10969 2253/10970 1972/10971
f 1980/10972 1972/10973 1478/10974
f 1977/10975 1477/10976 1978/10977
f 1977/10978 1978/10979 2254/10980
f 1479/10981 1977/10982 2254/10983
f 1479/10984 2254/10985 1976/10986
f 1976/10987 2254/10988 1970/10989
f 1976/10990 1970/10991 1475/10992
f 1975/10993 1479/10994 1976/10995
f 1975/10996 1976/10997 2255/10998
f 1480/10999 1975/11000 2255/11001
f 1480/11002 2255/11003 1974/11004
f 1974/11005 2255/11006 1968/11007
f 1974/11008 1968/11009 1476/11010
f 1972/11011 1480/11012 1974/11013
f 1972/11014 1974/11015 2256/11016
f 1478/11017 1972/11018 2256/11019
f 1478/11020 2256/11021 1973/11022
f 1973/11023 2256/11024 1965/11025
f 1973/11026 1965/11027 1474/11028
f 1970/11029 1473/11030 1971/11031
f 1970/11032 1971/11033 2257/11034
f 1475/11035 1970/11036 2257/11037
f 1475/11038 2257/11039 1969/11040
f 1969/11041 2257/11042 1963/11043
f 1969/11044 1963/11045 1471/11046
f 1968/11047 1475/11048 1969/11049
f 1968/11050 1969/11051 2258/11052
f 1476/11053 1968/11054 2258/11055
f 1476/11056 2258/11057 1967/11058
f 1967/11059 2258/11060 1961/11061
f 1967/11062 1961/11063 1472/11064
f 1965/11065 1476/11066 1967/11067
f 1965/11068 1967/11069 2259/11070
f 1474/11071 1965/11072 2259/11073
f 1474/11074 2259/11075 1966/11076
f 1966/11077 2259/11078 1958/11079
f 1966/11080 1958/11081 1470/11082
f 1963/11083 1469/11084 1964/11085
f 1963/11086 1964/11087 2260/11088
f 1471/11089 1963/11090 2260/11091
f 1471/11092 2260/11093 1962/11094
f 1962/11095 2260/11096 1956/11097
f 1962/11098 1956/11099 1467/11100
f 1961/11101 1471/11102 1962/11103
f 1961/11104 1962/11105 2261/11106
f 1472/11107 1961/11108 2261/11109
f 1472/11110 2261/11111 1960/11112
f 1960/11113 2261/11114 1954/11115
f 1960/11116 1954/11117 1468/11118
f 1958/11119 1472/11120 1960/11121
f 1958/11122 1960/11123 2262/11124
f 1470/11125 1958/11126 2262/11127
f 1470/11128 2262/11129 1959/11130
f 1959/11131 2262/11132 1951/11133
f 1959/11134 1951/11135 1466/11136
f 1956/11137 1465/11138 1957/11139
f 1956/11140 1957/11141 2263/11142
f 1467/11143 1956/11144 2263/11145
f 1467/11146 2263/11147 1955/11148
f 1955/11149 2263/11150 1949/11151
f 1955/11152 1949/11153 1463/11154
f 1954/11155 1467/11156 1955/11157
f 1954/11158 1955/11159 2264/11160
f 1468/11161 1954/11162 2264/11163
f 1468/11164 2264/11165 1953/11166
f 1953/11167 2264/11168 1947/11169
f 1953/11170 1947/11171 1464/11172
f 1951/11173 1468/11174 1953/11175
f 1951/11176 1953/11177 2265/11178
f 1466/11179 1951/11180 2265/11181
f 1466/11182 2265/11183 1952/11184
f 1952/11185 2265/11186 1944/11187
f 1952/11188 1944/11189 1462/11190
f 1949/11191 1461/11192 1950/11193
f 1949/11194 1950/11195 2266/11196
f 1463/11197 1949/11198 2266/11199
f 1463/11200 2266/11201 1948/11202
f 1948/11203 2266/11204 1942/11205
f 1948/11206 1942/11207 1459/11208
f 1947/11209 1463/11210 1948/11211
f 1947/11212 1948/11213 2267/11214
f 1464/11215 1947/11216 2267/11217
f 1464/11218 2267/11219 1946/11220
f 1946/11221 2267/11222 1940/11223
f 1946/11224 1940/11225 1460/11226
f 1944/11227 1464/11228 1946/11229
f 1944/11230 1946/11231 2268/11232
f 1462/11233 1944/11234 2268/11235
f 1462/11236 2268/11237 1945/11238
f 1945/11239 2268/11240 1937/11241
f 1945/11242 1937/11243 1458/11244
f 1942/11245 1457/11246 1943/11247
f 1942/11248 1943/11249 2269/11250
f 1459/11251 1942/11252 2269/11253
f 1459/11254 2269/11255 1941/11256
f 1941/11257 2269/11258 1935/11259
f 1941/11260 1935/11261 1455/11262
f 1940/11263 1459/11264 1941/11265
f 1940/11266 1941/11267 2270/11268
f 1460/11269 1940/11270 2270/11271
f 1460/11272 2270/11273 1939/11274
f 1939/11275 2270/11276 1933/11277
f 1939/11278 1933/11279 1456/11280
f 1937/11281 1460/11282 1939/11283
f 1937/11284 1939/11285 2271/11286
f 1458/11287 1937/11288 2271/11289
f 1458/11290 2271/11291 1938/11292
f 1938/11293 2271/11294 1930/11295
f 1938/11296 1930/11297 1454/11298
f 1935/11299 1453/11300 1936/11301
f 1935/11302 1936/11303 2272/11304
f 1455/11305 1935/11306 2272/11307
f 1455/11308 2272/11309 1934/11310
f 1934/11311 2272/11312 1928/11313
f 1934/11314 1928/11315 1451/11316
f 1933/11317 1455/11318 1934/11319
f 1933/11320 1934/11321 2273/11322
f 1456/11323 1933/11324 2273/11325
f 1456/11326 2273/11327 1932/11328
f 1932/11329 2273/11330 1926/11331
f 1932/11332 1926/11333 1452/11334
f 1930/11335 1456/11336 1932/11337
f 1930/11338 1932/11339 2274/11340
f 1454/11341 1930/11342 2274/11343
f 1454/11344 2274/11345 1931/11346
f 1931/11347 2274/11348 1923/11349
f 1931/11350 1923/11351 1450/11352
f 1928/11353 1449/11354 1929/11355
f 1928/11356 1929/11357 2275/11358
f 1451/11359 1928/11360 2275/11361
f 1451/11362 2275/11363 1927/11364
f 1927/11365 2275/11366 1921/11367
f 1927/11368 1921/11369 1447/11370
f 1926/11371 1451/11372 1927/11373
f 1926/11374 1927/11375 2276/11376
f 1452/11377 1926/11378 2276/11379
f 1452/11380 2276/11381 1925/11382
f 1925/11383 2276/11384 1919/11385
f 1925/11386 1919/11387 1448/11388
f 1923/11389 1452/11390 1925/11391
f 1923/11392 1925/11393 2277/11394
f 1450/11395 1923/11396 2277/11397
f 1450/11398 2277/11399 1924/11400
f 1924/11401 2277/11402 1916/11403
f 1924/11404 1916/11405 1446/11406
f 1921/11407 1445/11408 1922/11409
f 1921/11410 1922/11411 2278/11412
f 1447/11413 1921/11414 2278/11415
f 1447/11416 2278/11417 1920/11418
f 1920/11419 2278/11420 1914/11421
f 1920/11422 1914/11423 1443/11424
f 1919/11425 1447/11426 1920/11427
f 1919/11428 1920/11429 2279/11430
f 1448/11431 1919/11432 2279/11433
f 1448/11434 2279/11435 1918/11436
f 1918/11437 2279/11438 1912/11439
f 1918/11440 1912/11441 1444/11442
f 1916/11443 1448/11444 1918/11445
f 1916/11446 1918/11447 2280/11448
f 1446/11449 1916/11450 2280/11451
f 1446/11452 2280/11453 1917/11454
f 1917/11455 2280/11456 1909/11457
f 1917/11458 1909/11459 1442/11460
f 1914/11461 1441/11462 1915/11463
f 1914/11464 1915/11465 2281/11466
f 1443/11467 1914/11468 2281/11469
f 1443/11470 2281/11471 1913/11472
f 1913/11473 2281/11474 1907/11475
f 1913/11476 1907/11477 1439/11478
f 1912/11479 1443/11480 1913/11481
f 1912/11482 1913/11483 2282/11484
f 1444/11485 1912/11486 2282/11487
f 1444/11488 2282/11489 1911/11490
f 1911/11491 2282/11492 1905/11493
f 1911/11494 1905/11495 1440/11496
f 1909/11497 1444/11498 1911/11499
f 1909/11500 1911/11501 2283/11502
f 1442/11503 1909/11504 2283/11505
f 1442/11506 2283/11507 1910/11508
f 1910/11509 2283/11510 1902/11511
f 1910/11512 1902/11513 1438/11514
f 1907/11515 1437/11516 1908/11517
f 1907/11518 1908/11519 2284/11520
f 1439/11521 1907/11522 2284/11523
f 1439/11524 2284/11525 1906/11526
f 1906/11527 2284/11528 1900/11529
f 1906/11530 1900/11531 1435/11532
f 1905/11533 1439/11534 1906/11535
f 1905/11536 1906/11537 2285/11538
f 1440/11539 1905/11540 2285/11541
f 1440/11542 2285/11543 1904/11544
f 1904/11545 2285/11546 1898/11547
f 1904/11548 1898/11549 1436/11550
f 1902/11551 1440/11552 1904/11553
f 1902/11554 1904/11555 2286/11556
f 1438/11557 1902/11558 2286/11559
f 1438/11560 2286/11561 1903/11562
f 1903/11563 2286/11564 1895/11565
f 1903/11566 1895/11567 1434/11568
f 1900/11569 1433/11570 1901/11571
f 1900/11572 1901/11573 2287/11574
f 1435/11575 1900/11576 2287/11577
f 1435/11578 2287/11579 1899/11580
f 1899/11581 2287/11582 1893/11583
f 1899/11584 1893/11585 1431/11586
f 1898/11587 1435/11588 1899/11589
f 1898/11590 1899/11591 2288/11592
f 1436/11593 1898/11594 2288/11595
f 1436/11596 2288/11597 1897/11598
f 1897/11599 2288/11600 1891/11601
f 1897/11602 1891/11603 1432/11604
f 1895/11605 1436/11606 1897/11607
f 1895/11608 1897/11609 2289/11610
f 1434/11611 1895/11612 2289/11613
f 1434/11614 2289/11615 1896/11616
f 1896/11617 2289/11618 1888/11619
f 1896/11620 1888/11621 1430/11622
f 1893/11623 1429/11624 1894/11625
f 1893/11626 1894/11627 2290/11628
f 1431/11629 1893/11630 2290/11631
f 1431/11632 2290/11633 1892/11634
f 1892/11635 2290/11636 1886/11637
f 1892/11638 1886/11639 1427/11640
f 1891/11641 1431/11642 1892/11643
f 1891/11644 1892/11645 2291/11646
f 1432/11647 1891/11648 2291/11649
f 1432/11650 2291/11651 1890/11652
f 1890/11653 2291/11654 1884/11655
f 1890/11656 1884/11657 1428/11658
f 1888/11659 1432/11660 1890/11661
f 1888/11662 1890/11663 2292/11664
f 1430/11665 1888/11666 2292/11667
f 1430/11668 2292/11669 1889/11670
f 1889/11671 2292/11672 1881/11673
f 1889/11674 1881/11675 1426/11676
f 1886/11677 1425/11678 1887/11679
f 1886/11680 1887/11681 2293/11682
f 1427/11683 1886/11684 2293/11685
f 1427/11686 2293/11687 1885/11688
f 1885/11689 2293/11690 1879/11691
f 1885/11692 1879/11693 1423/11694
f 1884/11695 1427/11696 1885/11697
f 1884/11698 1885/11699 2294/11700
f 1428/11701 1884/11702 2294/11703
f 1428/11704 2294/11705 1883/11706
f 1883/11707 2294/11708 1877/11709
f 1883/11710 1877/11711 1424/11712
f 1881/11713 1428/11714 1883/11715
f 1881/11716 1883/11717 2295/11718
f 1426/11719 1881/11720 2295/11721
f 1426/11722 2295/11723 1882/11724
f 1882/11725 2295/11726 1874/11727
f 1882/11728 1874/11729 1422/11730
f 1879/11731 1421/11732 1880/11733
f 1879/11734 1880/11735 2296/11736
f 1423/11737 1879/11738 2296/11739
f 1423/11740 2296/11741 1878/11742
f 1878/11743 2296/11744 1872/11745
f 1878/11746 1872/11747 1419/11748
f 1877/11749 1423/11750 1878/11751
f 1877/11752 1878/11753 2297/11754
f 1424/11755 1877/11756 2297/11757
f 1424/11758 2297/11759 1876/11760
f 1876/11761 2297/11762 1870/11763
f 1876/11764 1870/11765 1420/11766
f 1874/11767 1424/11768 1876/11769
f 1874/11770 1876/11771 2298/11772
f 1422/11773 1874/11774 2298/11775
f 1422/11776 2298/11777 1875/11778
f 1875/11779 2298/11780 1867/11781
f 1875/11782 1867/11783 1418/11784
f 1872/11785 1417/11786 1873/11787
f 1872/11788 1873/11789 2299/11790
f 1419/11791 1872/11792 2299/11793
f 1419/11794 2299/11795 1871/11796
f 1871/11797 2299/11798 1864/11799
f 1871/11800 1864/11801 1411/11802
f 1870/11803 1419/11804 1871/11805
f 1870/11806 1871/11807 2300/11808
f 1420/11809 1870/11810 2300/11811
f 1420/11812 2300/11813 1869/11814
f 1869/11815 2300/11816 1861/11817
f 1869/11818 1861/11819 1412/11820
f 1867/11821 1420/11822 1869/11823
f 1867/11824 1869/11825 2301/11826
f 1418/11827 1867/11828 2301/11829
f 1418/11830 2301/11831 1868/11832
f 1868/11833 2301/11834 1857/11835
f 1868/11836 1857/11837 1410/11838
f 1864/11839 1409/11840 1866/11841
f 1864/11842 1866/11843 2302/11844
f 1411/11845 1864/11846 2302/11847
f 1411/11848 2302/11849 1863/11850
f 1863/11851 2302/11852 1865/11853
f 1863/11854 1865/11855 1416/11856
f 1861/11857 1411/11858 1863/11859
f 1861/11860 1863/11861 2303/11862
f 1412/11863 1861/11864 2303/11865
f 1412/11866 2303/11867 1860/11868
f 1860/11869 2303/11870 1862/11871
f 1860/11872 1862/11873 1415/11874
f 1857/11875 1412/11876 1860/11877
f 1857/11878 1860/11879 2304/11880
f 1410/11881 1857/11882 2304/11883
f 1410/11884 2304/11885 1858/11886
f 1858/11887 2304/11888 1859/11889
f 1858/11890 1859/11891 1413/11892
f 1537/11893 1219/11894 1538/11895
f 1537/11896 1538/11897 2305/11898
f 1217/11899 1537/11900 2305/11901
f 1217/11902 2305/11903 1824/11904
f 1824/11905 2305/11906 1856/11907
f 1824/11908 1856/11909 1377/11910
f 1539/11911 1221/11912 1540/11913
f 1539/11914 1540/11915 2306/11916
f 1219/11917 1539/11918 2306/11919
f 1219/11920 2306/11921 1538/11922
f 1538/11923 2306/11924 1855/11925
f 1538/11926 1855/11927 1378/11928
f 1541/11929 1223/11930 1542/11931
f 1541/11932 1542/11933 2307/11934
f 1221/11935 1541/11936 2307/11937
f 1221/11938 2307/11939 1540/11940
f 1540/11941 2307/11942 1854/11943
f 1540/11944 1854/11945 1379/11946
f 1543/11947 1225/11948 1544/11949
f 1543/11950 1544/11951 2308/11952
f 1223/11953 1543/11954 2308/11955
f 1223/11956 2308/11957 1542/11958
f 1542/11959 2308/11960 1853/11961
f 1542/11962 1853/11963 1380/11964
f 1545/11965 1227/11966 1546/11967
f 1545/11968 1546/11969 2309/11970
f 1225/11971 1545/11972 2309/11973
f 1225/11974 2309/11975 1544/11976
f 1544/11977 2309/11978 1852/11979
f 1544/11980 1852/11981 1381/11982
f 1547/11983 1229/11984 1548/11985
f 1547/11986 1548/11987 2310/11988
f 1227/11989 1547/11990 2310/11991
f 1227/11992 2310/11993 1546/11994
f 1546/11995 2310/11996 1851/11997
f 1546/11998 1851/11999 1382/12000
f 1549/12001 1231/12002 1550/12003
f 1549/12004 1550/12005 2311/12006
f 1229/12007 1549/12008 2311/12009
f 1229/12010 2311/12011 1548/12012
f 1548/12013 2311/12014 1850/12015
f 1548/12016 1850/12017 1383/12018
f 1551/12019 1233/12020 1552/12021
f 1551/12022 1552/12023 2312/12024
f 1231/12025 1551/12026 2312/12027
f 1231/12028 2312/12029 1550/12030
f 1550/12031 2312/12032 1849/12033
f 1550/12034 1849/12035 1384/12036
f 1553/12037 1235/12038 1554/12039
f 1553/12040 1554/12041 2313/12042
f 1233/12043 1553/12044 2313/12045
f 1233/12046 2313/12047 1552/12048
f 1552/12049 2313/12050 1848/12051
f 1552/12052 1848/12053 1385/12054
f 1555/12055 1237/12056 1556/12057
f 1555/12058 1556/12059 2314/12060
f 1235/12061 1555/12062 2314/12063
f 1235/12064 2314/12065 1554/12066
f 1554/12067 2314/12068 1847/12069
f 1554/12070 1847/12071 1386/12072
f 1557/12073 1239/12074 1558/12075
f 1557/12076 1558/12077 2315/12078
f 1237/12079 1557/12080 2315/12081
f 1237/12082 2315/12083 1556/12084
f 1556/12085 2315/12086 1846/12087
f 1556/12088 1846/12089 1387/12090
f 1559/12091 1241/12092 1560/12093
f 1559/12094 1560/12095 2316/12096
f 1239/12097 1559/12098 2316/12099
f 1239/12100 2316/12101 1558/12102
f 1558/12103 2316/12104 1845/12105
f 1558/12106 1845/12107 1388/12108
f 1561/12109 1243/12110 1562/12111
f 1561/12112 1562/12113 2317/12114
f 1241/12115 1561/12116 2317/12117
f 1241/12118 2317/12119 1560/12120
f 1560/12121 2317/12122 1844/12123
f 1560/12124 1844/12125 1389/12126
f 1563/12127 1245/12128 1564/12129
f 1563/12130 1564/12131 2318/12132
f 1243/12133 1563/12134 2318/12135
f 1243/12136 2318/12137 1562/12138
f 1562/12139 2318/12140 1843/12141
f 1562/12142 1843/12143 1390/12144
f 1565/12145 1247/12146 1566/12147
f 1565/12148 1566/12149 2319/12150
f 1245/12151 1565/12152 2319/12153
f 1245/12154 2319/12155 1564/12156
f 1564/12157 2319/12158 1842/12159
f 1564/12160 1842/12161 1391/12162
f 1567/12163 1249/12164 1568/12165
f 1567/12166 1568/12167 2320/12168
f 1247/12169 1567/12170 2320/12171
f 1247/12172 2320/12173 1566/12174
f 1566/12175 2320/12176 1841/12177
f 1566/12178 1841/12179 1392/12180
f 1569/12181 1251/12182 1570/12183
f 1569/12184 1570/12185 2321/12186
f 1249/12187 1569/12188 2321/12189
f 1249/12190 2321/12191 1568/12192
f 1568/12193 2321/12194 1840/12195
f 1568/12196 1840/12197 1393/12198
f 1571/12199 1253/12200 1572/12201
f 1571/12202 1572/12203 2322/12204
f 1251/12205 1571/12206 2322/12207
f 1251/12208 2322/12209 1570/12210
f 1570/12211 2322/12212 1839/12213
f 1570/12214 1839/12215 1394/12216
f 1573/12217 1255/12218 1574/12219
f 1573/12220 1574/12221 2323/12222
f 1253/12223 1573/12224 2323/12225
f 1253/12226 2323/12227 1572/12228
f 1572/12229 2323/12230 1838/12231
f 1572/12232 1838/12233 1395/12234
f 1575/12235 1257/12236 1576/12237
f 1575/12238 1576/12239 2324/12240
f 1255/12241 1575/12242 2324/12243
f 1255/12244 2324/12245 1574/12246
f 1574/12247 2324/12248 1837/12249
f 1574/12250 1837/12251 1396/12252
f 1577/12253 1259/12254 1578/12255
f 1577/12256 1578/12257 2325/12258
f 1257/12259 1577/12260 2325/12261
f 1257/12262 2325/12263 1576/12264
f 1576/12265 2325/12266 1836/12267
f 1576/12268 1836/12269 1397/12270
f 1579/12271 1261/12272 1580/12273
f 1579/12274 1580/12275 2326/12276
f 1259/12277 1579/12278 2326/12279
f 1259/12280 2326/12281 1578/12282
f 1578/12283 2326/12284 1835/12285
f 1578/12286 1835/12287 1398/12288
f 1581/12289 1263/12290 1582/12291
f 1581/12292 1582/12293 2327/12294
f 1261/12295 1581/12296 2327/12297
f 1261/12298 2327/12299 1580/12300
f 1580/12301 2327/12302 1834/12303
f 1580/12304 1834/12305 1399/12306
f 1583/12307 1265/12308 1584/12309
f 1583/12310 1584/12311 2328/12312
f 1263/12313 1583/12314 2328/12315
f 1263/12316 2328/12317 1582/12318
f 1582/12319 2328/12320 1833/12321
f 1582/12322 1833/12323 1400/12324
f 1585/12325 1267/12326 1586/12327
f 1585/12328 1586/12329 2329/12330
f 1265/12331 1585/12332 2329/12333
f 1265/12334 2329/12335 1584/12336
f 1584/12337 2329/12338 1832/12339
f 1584/12340 1832/12341 1401/12342
f 1587/12343 1269/12344 1588/12345
f 1587/12346 1588/12347 2330/12348
f 1267/12349 1587/12350 2330/12351
f 1267/12352 2330/12353 1586/12354
f 1586/12355 2330/12356 1831/12357
f 1586/12358 1831/12359 1402/12360
f 1589/12361 1271/12362 1590/12363
f 1589/12364 1590/12365 2331/12366
f 1269/12367 1589/12368 2331/12369
f 1269/12370 2331/12371 1588/12372
f 1588/12373 2331/12374 1830/12375
f 1588/12376 1830/12377 1403/12378
f 1591/12379 1273/12380 1592/12381
f 1591/12382 1592/12383 2332/12384
f 1271/12385 1591/12386 2332/12387
f 1271/12388 2332/12389 1590/12390
f 1590/12391 2332/12392 1829/12393
f 1590/12394 1829/12395 1404/12396
f 1593/12397 1275/12398 1594/12399
f 1593/12400 1594/12401 2333/12402
f 1273/12403 1593/12404 2333/12405
f 1273/12406 2333/12407 1592/12408
f 1592/12409 2333/12410 1828/12411
f 1592/12412 1828/12413 1405/12414
f 1595/12415 1277/12416 1596/12417
f 1595/12418 1596/12419 2334/12420
f 1275/12421 1595/12422 2334/12423
f 1275/12424 2334/12425 1594/12426
f 1594/12427 2334/12428 1827/12429
f 1594/12430 1827/12431 1406/12432
f 1597/12433 1279/12434 1598/12435
f 1597/12436 1598/12437 2335/12438
f 1277/12439 1597/12440 2335/12441
f 1277/12442 2335/12443 1596/12444
f 1596/12445 2335/12446 1826/12447
f 1596/12448 1826/12449 1407/12450
f 1599/12451 1217/12452 1824/12453
f 1599/12454 1824/12455 2336/12456
f 1279/12457 1599/12458 2336/12459
f 1279/12460 2336/12461 1598/12462
f 1598/12463 2336/12464 1825/12465
f 1598/12466 1825/12467 1408/12468
f 1823/12469 1370/12470 1753/12471
f 1823/12472 1753/12473 2337/12474
f 1268/12475 1823/12476 2337/12477
f 1268/12478 2337/12479 1657/12480
f 1657/12481 2337/12482 1692/12483
f 1657/12484 1692/12485 1270/12486
f 1695/12487 1324/12488 1706/12489
f 1695/12490 1706/12491 2338/12492
f 1292/12493 1695/12494 2338/12495
f 1292/12496 2338/12497 1610/12498
f 1610/12499 2338/12500 1822/12501
f 1610/12502 1822/12503 1291/12504
f 1821/12505 1369/12506 1752/12507
f 1821/12508 1752/12509 2339/12510
f 1266/12511 1821/12512 2339/12513
f 1266/12514 2339/12515 1656/12516
f 1656/12517 2339/12518 1823/12519
f 1656/12520 1823/12521 1268/12522
f 1822/12523 1323/12524 1705/12525
f 1822/12526 1705/12527 2340/12528
f 1291/12529 1822/12530 2340/12531
f 1291/12532 2340/12533 1609/12534
f 1609/12535 2340/12536 1820/12537
f 1609/12538 1820/12539 1290/12540
f 1819/12541 1368/12542 1751/12543
f 1819/12544 1751/12545 2341/12546
f 1264/12547 1819/12548 2341/12549
f 1264/12550 2341/12551 1655/12552
f 1655/12553 2341/12554 1821/12555
f 1655/12556 1821/12557 1266/12558
f 1820/12559 1322/12560 1704/12561
f 1820/12562 1704/12563 2342/12564
f 1290/12565 1820/12566 2342/12567
f 1290/12568 2342/12569 1608/12570
f 1608/12571 2342/12572 1818/12573
f 1608/12574 1818/12575 1289/12576
f 1817/12577 1367/12578 1750/12579
f 1817/12580 1750/12581 2343/12582
f 1262/12583 1817/12584 2343/12585
f 1262/12586 2343/12587 1654/12588
f 1654/12589 2343/12590 1819/12591
f 1654/12592 1819/12593 1264/12594
f 1818/12595 1321/12596 1703/12597
f 1818/12598 1703/12599 2344/12600
f 1289/12601 1818/12602 2344/12603
f 1289/12604 2344/12605 1607/12606
f 1607/12607 2344/12608 1816/12609
f 1607/12610 1816/12611 1288/12612
f 1815/12613 1366/12614 1749/12615
f 1815/12616 1749/12617 2345/12618
f 1260/12619 1815/12620 2345/12621
f 1260/12622 2345/12623 1653/12624
f 1653/12625 2345/12626 1817/12627
f 1653/12628 1817/12629 1262/12630
f 1816/12631 1320/12632 1702/12633
f 1816/12634 1702/12635 2346/12636
f 1288/12637 1816/12638 2346/12639
f 1288/12640 2346/12641 1606/12642
f 1606/12643 2346/12644 1814/12645
f 1606/12646 1814/12647 1287/12648
f 1813/12649 1365/12650 1748/12651
f 1813/12652 1748/12653 2347/12654
f 1258/12655 1813/12656 2347/12657
f 1258/12658 2347/12659 1652/12660
f 1652/12661 2347/12662 1815/12663
f 1652/12664 1815/12665 1260/12666
f 1814/12667 1319/12668 1701/12669
f 1814/12670 1701/12671 2348/12672
f 1287/12673 1814/12674 2348/12675
f 1287/12676 2348/12677 1605/12678
f 1605/12679 2348/12680 1812/12681
f 1605/12682 1812/12683 1286/12684
f 1799/12685 1314/12686 1727/12687
f 1799/12688 1727/12689 2349/12690
f 1282/12691 1799/12692 2349/12693
f 1282/12694 2349/12695 1631/12696
f 1631/12697 2349/12698 1811/12699
f 1631/12700 1811/12701 1312/12702
f 1810/12703 1364/12704 1747/12705
f 1810/12706 1747/12707 2350/12708
f 1256/12709 1810/12710 2350/12711
f 1256/12712 2350/12713 1651/12714
f 1651/12715 2350/12716 1813/12717
f 1651/12718 1813/12719 1258/12720
f 1812/12721 1318/12722 1700/12723
f 1812/12724 1700/12725 2351/12726
f 1286/12727 1812/12728 2351/12729
f 1286/12730 2351/12731 1604/12732
f 1604/12733 2351/12734 1809/12735
f 1604/12736 1809/12737 1285/12738
f 1811/12739 1344/12740 1726/12741
f 1811/12742 1726/12743 2352/12744
f 1312/12745 1811/12746 2352/12747
f 1312/12748 2352/12749 1630/12750
f 1630/12751 2352/12752 1808/12753
f 1630/12754 1808/12755 1311/12756
f 1807/12757 1363/12758 1746/12759
f 1807/12760 1746/12761 2353/12762
f 1254/12763 1807/12764 2353/12765
f 1254/12766 2353/12767 1650/12768
f 1650/12769 2353/12770 1810/12771
f 1650/12772 1810/12773 1256/12774
f 1809/12775 1317/12776 1699/12777
f 1809/12778 1699/12779 2354/12780
f 1285/12781 1809/12782 2354/12783
f 1285/12784 2354/12785 1603/12786
f 1603/12787 2354/12788 1806/12789
f 1603/12790 1806/12791 1284/12792
f 1808/12793 1343/12794 1725/12795
f 1808/12796 1725/12797 2355/12798
f 1311/12799 1808/12800 2355/12801
f 1311/12802 2355/12803 1629/12804
f 1629/12805 2355/12806 1805/12807
f 1629/12808 1805/12809 1310/12810
f 1804/12811 1362/12812 1745/12813
f 1804/12814 1745/12815 2356/12816
f 1252/12817 1804/12818 2356/12819
f 1252/12820 2356/12821 1649/12822
f 1649/12823 2356/12824 1807/12825
f 1649/12826 1807/12827 1254/12828
f 1806/12829 1316/12830 1698/12831
f 1806/12832 1698/12833 2357/12834
f 1284/12835 1806/12836 2357/12837
f 1284/12838 2357/12839 1602/12840
f 1602/12841 2357/12842 1803/12843
f 1602/12844 1803/12845 1283/12846
f 1805/12847 1342/12848 1724/12849
f 1805/12850 1724/12851 2358/12852
f 1310/12853 1805/12854 2358/12855
f 1310/12856 2358/12857 1628/12858
f 1628/12859 2358/12860 1802/12861
f 1628/12862 1802/12863 1309/12864
f 1801/12865 1361/12866 1744/12867
f 1801/12868 1744/12869 2359/12870
f 1250/12871 1801/12872 2359/12873
f 1250/12874 2359/12875 1648/12876
f 1648/12877 2359/12878 1804/12879
f 1648/12880 1804/12881 1252/12882
f 1803/12883 1315/12884 1697/12885
f 1803/12886 1697/12887 2360/12888
f 1283/12889 1803/12890 2360/12891
f 1283/12892 2360/12893 1601/12894
f 1601/12895 2360/12896 1800/12897
f 1601/12898 1800/12899 1281/12900
f 1802/12901 1341/12902 1723/12903
f 1802/12904 1723/12905 2361/12906
f 1309/12907 1802/12908 2361/12909
f 1309/12910 2361/12911 1627/12912
f 1627/12913 2361/12914 1798/12915
f 1627/12916 1798/12917 1308/12918
f 1797/12919 1360/12920 1743/12921
f 1797/12922 1743/12923 2362/12924
f 1248/12925 1797/12926 2362/12927
f 1248/12928 2362/12929 1647/12930
f 1647/12931 2362/12932 1801/12933
f 1647/12934 1801/12935 1250/12936
f 1800/12937 1313/12938 1696/12939
f 1800/12940 1696/12941 2363/12942
f 1281/12943 1800/12944 2363/12945
f 1281/12946 2363/12947 1600/12948
f 1600/12949 2363/12950 1799/12951
f 1600/12952 1799/12953 1282/12954
f 1798/12955 1340/12956 1722/12957
f 1798/12958 1722/12959 2364/12960
f 1308/12961 1798/12962 2364/12963
f 1308/12964 2364/12965 1626/12966
f 1626/12967 2364/12968 1796/12969
f 1626/12970 1796/12971 1307/12972
f 1795/12973 1359/12974 1742/12975
f 1795/12976 1742/12977 2365/12978
f 1246/12979 1795/12980 2365/12981
f 1246/12982 2365/12983 1646/12984
f 1646/12985 2365/12986 1797/12987
f 1646/12988 1797/12989 1248/12990
f 1796/12991 1339/12992 1721/12993
f 1796/12994 1721/12995 2366/12996
f 1307/12997 1796/12998 2366/12999
f 1307/13000 2366/13001 1625/13002
f 1625/13003 2366/13004 1794/13005
f 1625/13006 1794/13007 1306/13008
f 1793/13009 1358/13010 1741/13011
f 1793/13012 1741/13013 2367/13014
f 1244/13015 1793/13016 2367/13017
f 1244/13018 2367/13019 1645/13020
f 1645/13021 2367/13022 1795/13023
f 1645/13024 1795/13025 1246/13026
f 1794/13027 1338/13028 1720/13029
f 1794/13030 1720/13031 2368/13032
f 1306/13033 1794/13034 2368/13035
f 1306/13036 2368/13037 1624/13038
f 1624/13039 2368/13040 1792/13041
f 1624/13042 1792/13043 1305/13044
f 1791/13045 1344/13046 1727/13047
f 1791/13048 1727/13049 2369/13050
f 1376/13051 1791/13052 2369/13053
f 1376/13054 2369/13055 1759/13056
f 1759/13057 2369/13058 1760/13059
f 1759/13060 1760/13061 1346/13062
f 1790/13063 1343/13064 1726/13065
f 1790/13066 1726/13067 2370/13068
f 1375/13069 1790/13070 2370/13071
f 1375/13072 2370/13073 1758/13074
f 1758/13075 2370/13076 1791/13077
f 1758/13078 1791/13079 1376/13080
f 1789/13081 1342/13082 1725/13083
f 1789/13084 1725/13085 2371/13086
f 1374/13087 1789/13088 2371/13089
f 1374/13090 2371/13091 1757/13092
f 1757/13093 2371/13094 1790/13095
f 1757/13096 1790/13097 1375/13098
f 1788/13099 1341/13100 1724/13101
f 1788/13102 1724/13103 2372/13104
f 1373/13105 1788/13106 2372/13107
f 1373/13108 2372/13109 1756/13110
f 1756/13111 2372/13112 1789/13113
f 1756/13114 1789/13115 1374/13116
f 1787/13117 1340/13118 1723/13119
f 1787/13120 1723/13121 2373/13122
f 1372/13123 1787/13124 2373/13125
f 1372/13126 2373/13127 1755/13128
f 1755/13129 2373/13130 1788/13131
f 1755/13132 1788/13133 1373/13134
f 1786/13135 1339/13136 1722/13137
f 1786/13138 1722/13139 2374/13140
f 1371/13141 1786/13142 2374/13143
f 1371/13144 2374/13145 1754/13146
f 1754/13147 2374/13148 1787/13149
f 1754/13150 1787/13151 1372/13152
f 1785/13153 1338/13154 1721/13155
f 1785/13156 1721/13157 2375/13158
f 1370/13159 1785/13160 2375/13161
f 1370/13162 2375/13163 1753/13164
f 1753/13165 2375/13166 1786/13167
f 1753/13168 1786/13169 1371/13170
f 1784/13171 1337/13172 1720/13173
f 1784/13174 1720/13175 2376/13176
f 1369/13177 1784/13178 2376/13179
f 1369/13180 2376/13181 1752/13182
f 1752/13183 2376/13184 1785/13185
f 1752/13186 1785/13187 1370/13188
f 1783/13189 1336/13190 1719/13191
f 1783/13192 1719/13193 2377/13194
f 1368/13195 1783/13196 2377/13197
f 1368/13198 2377/13199 1751/13200
f 1751/13201 2377/13202 1784/13203
f 1751/13204 1784/13205 1369/13206
f 1782/13207 1335/13208 1718/13209
f 1782/13210 1718/13211 2378/13212
f 1367/13213 1782/13214 2378/13215
f 1367/13216 2378/13217 1750/13218
f 1750/13219 2378/13220 1783/13221
f 1750/13222 1783/13223 1368/13224
f 1781/13225 1334/13226 1717/13227
f 1781/13228 1717/13229 2379/13230
f 1366/13231 1781/13232 2379/13233
f 1366/13234 2379/13235 1749/13236
f 1749/13237 2379/13238 1782/13239
f 1749/13240 1782/13241 1367/13242
f 1780/13243 1333/13244 1716/13245
f 1780/13246 1716/13247 2380/13248
f 1365/13249 1780/13250 2380/13251
f 1365/13252 2380/13253 1748/13254
f 1748/13255 2380/13256 1781/13257
f 1748/13258 1781/13259 1366/13260
f 1779/13261 1332/13262 1715/13263
f 1779/13264 1715/13265 2381/13266
f 1364/13267 1779/13268 2381/13269
f 1364/13270 2381/13271 1747/13272
f 1747/13273 2381/13274 1780/13275
f 1747/13276 1780/13277 1365/13278
f 1778/13279 1331/13280 1714/13281
f 1778/13282 1714/13283 2382/13284
f 1363/13285 1778/13286 2382/13287
f 1363/13288 2382/13289 1746/13290
f 1746/13291 2382/13292 1779/13293
f 1746/13294 1779/13295 1364/13296
f 1777/13297 1330/13298 1713/13299
f 1777/13300 1713/13301 2383/13302
f 1362/13303 1777/13304 2383/13305
f 1362/13306 2383/13307 1745/13308
f 1745/13309 2383/13310 1778/13311
f 1745/13312 1778/13313 1363/13314
f 1776/13315 1329/13316 1712/13317
f 1776/13318 1712/13319 2384/13320
f 1361/13321 1776/13322 2384/13323
f 1361/13324 2384/13325 1744/13326
f 1744/13327 2384/13328 1777/13329
f 1744/13330 1777/13331 1362/13332
f 1775/13333 1328/13334 1711/13335
f 1775/13336 1711/13337 2385/13338
f 1360/13339 1775/13340 2385/13341
f 1360/13342 2385/13343 1743/13344
f 1743/13345 2385/13346 1776/13347
f 1743/13348 1776/13349 1361/13350
f 1774/13351 1327/13352 1710/13353
f 1774/13354 1710/13355 2386/13356
f 1359/13357 1774/13358 2386/13359
f 1359/13360 2386/13361 1742/13362
f 1742/13363 2386/13364 1775/13365
f 1742/13366 1775/13367 1360/13368
f 1773/13369 1326/13370 1709/13371
f 1773/13372 1709/13373 2387/13374
f 1358/13375 1773/13376 2387/13377
f 1358/13378 2387/13379 1741/13380
f 1741/13381 2387/13382 1774/13383
f 1741/13384 1774/13385 1359/13386
f 1772/13387 1325/13388 1708/13389
f 1772/13390 1708/13391 2388/13392
f 1357/13393 1772/13394 2388/13395
f 1357/13396 2388/13397 1740/13398
f 1740/13399 2388/13400 1773/13401
f 1740/13402 1773/13403 1358/13404
f 1771/13405 1324/13406 1707/13407
f 1771/13408 1707/13409 2389/13410
f 1356/13411 1771/13412 2389/13413
f 1356/13414 2389/13415 1739/13416
f 1739/13417 2389/13418 1772/13419
f 1739/13420 1772/13421 1357/13422
f 1770/13423 1323/13424 1706/13425
f 1770/13426 1706/13427 2390/13428
f 1355/13429 1770/13430 2390/13431
f 1355/13432 2390/13433 1738/13434
f 1738/13435 2390/13436 1771/13437
f 1738/13438 1771/13439 1356/13440
f 1769/13441 1322/13442 1705/13443
f 1769/13444 1705/13445 2391/13446
f 1354/13447 1769/13448 2391/13449
f 1354/13450 2391/13451 1737/13452
f 1737/13453 2391/13454 1770/13455
f 1737/13456 1770/13457 1355/13458
f 1768/13459 1321/13460 1704/13461
f 1768/13462 1704/13463 2392/13464
f 1353/13465 1768/13466 2392/13467
f 1353/13468 2392/13469 1736/13470
f 1736/13471 2392/13472 1769/13473
f 1736/13474 1769/13475 1354/13476
f 1767/13477 1320/13478 1703/13479
f 1767/13480 1703/13481 2393/13482
f 1352/13483 1767/13484 2393/13485
f 1352/13486 2393/13487 1735/13488
f 1735/13489 2393/13490 1768/13491
f 1735/13492 1768/13493 1353/13494
f 1766/13495 1319/13496 1702/13497
f 1766/13498 1702/13499 2394/13500
f 1351/13501 1766/13502 2394/13503
f 1351/13504 2394/13505 1734/13506
f 1734/13507 2394/13508 1767/13509
f 1734/13510 1767/13511 1352/13512
f 1765/13513 1318/13514 1701/13515
f 1765/13516 1701/13517 2395/13518
f 1350/13519 1765/13520 2395/13521
f 1350/13522 2395/13523 1733/13524
f 1733/13525 2395/13526 1766/13527
f 1733/13528 1766/13529 1351/13530
f 1764/13531 1317/13532 1700/13533
f 1764/13534 1700/13535 2396/13536
f 1349/13537 1764/13538 2396/13539
f 1349/13540 2396/13541 1732/13542
f 1732/13543 2396/13544 1765/13545
f 1732/13546 1765/13547 1350/13548
f 1763/13549 1316/13550 1699/13551
f 1763/13552 1699/13553 2397/13554
f 1348/13555 1763/13556 2397/13557
f 1348/13558 2397/13559 1731/13560
f 1731/13561 2397/13562 1764/13563
f 1731/13564 1764/13565 1349/13566
f 1762/13567 1315/13568 1698/13569
f 1762/13570 1698/13571 2398/13572
f 1347/13573 1762/13574 2398/13575
f 1347/13576 2398/13577 1730/13578
f 1730/13579 2398/13580 1763/13581
f 1730/13582 1763/13583 1348/13584
f 1761/13585 1313/13586 1697/13587
f 1761/13588 1697/13589 2399/13590
f 1345/13591 1761/13592 2399/13593
f 1345/13594 2399/13595 1729/13596
f 1729/13597 2399/13598 1762/13599
f 1729/13600 1762/13601 1347/13602
f 1760/13603 1314/13604 1696/13605
f 1760/13606 1696/13607 2400/13608
f 1346/13609 1760/13610 2400/13611
f 1346/13612 2400/13613 1728/13614
f 1728/13615 2400/13616 1761/13617
f 1728/13618 1761/13619 1345/13620
f 1694/13621 1325/13622 1707/13623
f 1694/13624 1707/13625 2401/13626
f 1293/13627 1694/13628 2401/13629
f 1293/13630 2401/13631 1611/13632
f 1611/13633 2401/13634 1695/13635
f 1611/13636 1695/13637 1292/13638
f 1692/13639 1371/13640 1754/13641
f 1692/13642 1754/13643 2402/13644
f 1270/13645 1692/13646 2402/13647
f 1270/13648 2402/13649 1658/13650
f 1658/13651 2402/13652 1693/13653
f 1658/13654 1693/13655 1272/13656
f 1690/13657 1346/13658 1728/13659
f 1690/13660 1728/13661 2403/13662
f 1218/13663 1690/13664 2403/13665
f 1218/13666 2403/13667 1632/13668
f 1632/13669 2403/13670 1691/13671
f 1632/13672 1691/13673 1220/13674
f 1689/13675 1326/13676 1708/13677
f 1689/13678 1708/13679 2404/13680
f 1294/13681 1689/13682 2404/13683
f 1294/13684 2404/13685 1612/13686
f 1612/13687 2404/13688 1694/13689
f 1612/13690 1694/13691 1293/13692
f 1693/13693 1372/13694 1755/13695
f 1693/13696 1755/13697 2405/13698
f 1272/13699 1693/13700 2405/13701
f 1272/13702 2405/13703 1659/13704
f 1659/13705 2405/13706 1688/13707
f 1659/13708 1688/13709 1274/13710
f 1691/13711 1345/13712 1729/13713
f 1691/13714 1729/13715 2406/13716
f 1220/13717 1691/13718 2406/13719
f 1220/13720 2406/13721 1633/13722
f 1633/13723 2406/13724 1687/13725
f 1633/13726 1687/13727 1222/13728
f 1686/13729 1327/13730 1709/13731
f 1686/13732 1709/13733 2407/13734
f 1295/13735 1686/13736 2407/13737
f 1295/13738 2407/13739 1613/13740
f 1613/13741 2407/13742 1689/13743
f 1613/13744 1689/13745 1294/13746
f 1688/13747 1373/13748 1756/13749
f 1688/13750 1756/13751 2408/13752
f 1274/13753 1688/13754 2408/13755
f 1274/13756 2408/13757 1660/13758
f 1660/13759 2408/13760 1685/13761
f 1660/13762 1685/13763 1276/13764
f 1687/13765 1347/13766 1730/13767
f 1687/13768 1730/13769 2409/13770
f 1222/13771 1687/13772 2409/13773
f 1222/13774 2409/13775 1634/13776
f 1634/13777 2409/13778 1684/13779
f 1634/13780 1684/13781 1224/13782
f 1683/13783 1328/13784 1710/13785
f 1683/13786 1710/13787 2410/13788
f 1296/13789 1683/13790 2410/13791
f 1296/13792 2410/13793 1614/13794
f 1614/13795 2410/13796 1686/13797
f 1614/13798 1686/13799 1295/13800
f 1685/13801 1374/13802 1757/13803
f 1685/13804 1757/13805 2411/13806
f 1276/13807 1685/13808 2411/13809
f 1276/13810 2411/13811 1661/13812
f 1661/13813 2411/13814 1682/13815
f 1661/13816 1682/13817 1278/13818
f 1684/13819 1348/13820 1731/13821
f 1684/13822 1731/13823 2412/13824
f 1224/13825 1684/13826 2412/13827
f 1224/13828 2412/13829 1635/13830
f 1635/13831 2412/13832 1681/13833
f 1635/13834 1681/13835 1226/13836
f 1680/13837 1329/13838 1711/13839
f 1680/13840 1711/13841 2413/13842
f 1297/13843 1680/13844 2413/13845
f 1297/13846 2413/13847 1615/13848
f 1615/13849 2413/13850 1683/13851
f 1615/13852 1683/13853 1296/13854
f 1682/13855 1375/13856 1758/13857
f 1682/13858 1758/13859 2414/13860
f 1278/13861 1682/13862 2414/13863
f 1278/13864 2414/13865 1662/13866
f 1662/13867 2414/13868 1679/13869
f 1662/13870 1679/13871 1280/13872
f 1681/13873 1349/13874 1732/13875
f 1681/13876 1732/13877 2415/13878
f 1226/13879 1681/13880 2415/13881
f 1226/13882 2415/13883 1636/13884
f 1636/13885 2415/13886 1678/13887
f 1636/13888 1678/13889 1228/13890
f 1677/13891 1330/13892 1712/13893
f 1677/13894 1712/13895 2416/13896
f 1298/13897 1677/13898 2416/13899
f 1298/13900 2416/13901 1616/13902
f 1616/13903 2416/13904 1680/13905
f 1616/13906 1680/13907 1297/13908
f 1679/13909 1376/13910 1759/13911
f 1679/13912 1759/13913 2417/13914
f 1280/13915 1679/13916 2417/13917
f 1280/13918 2417/13919 1663/13920
f 1663/13921 2417/13922 1690/13923
f 1663/13924 1690/13925 1218/13926
f 1678/13927 1350/13928 1733/13929
f 1678/13930 1733/13931 2418/13932
f 1228/13933 1678/13934 2418/13935
f 1228/13936 2418/13937 1637/13938
f 1637/13939 2418/13940 1676/13941
f 1637/13942 1676/13943 1230/13944
f 1675/13945 1331/13946 1713/13947
f 1675/13948 1713/13949 2419/13950
f 1299/13951 1675/13952 2419/13953
f 1299/13954 2419/13955 1617/13956
f 1617/13957 2419/13958 1677/13959
f 1617/13960 1677/13961 1298/13962
f 1676/13963 1351/13964 1734/13965
f 1676/13966 1734/13967 2420/13968
f 1230/13969 1676/13970 2420/13971
f 1230/13972 2420/13973 1638/13974
f 1638/13975 2420/13976 1674/13977
f 1638/13978 1674/13979 1232/13980
f 1673/13981 1332/13982 1714/13983
f 1673/13984 1714/13985 2421/13986
f 1300/13987 1673/13988 2421/13989
f 1300/13990 2421/13991 1618/13992
f 1618/13993 2421/13994 1675/13995
f 1618/13996 1675/13997 1299/13998
f 1674/13999 1352/14000 1735/14001
f 1674/14002 1735/14003 2422/14004
f 1232/14005 1674/14006 2422/14007
f 1232/14008 2422/14009 1639/14010
f 1639/14011 2422/14012 1672/14013
f 1639/14014 1672/14015 1234/14016
f 1671/14017 1333/14018 1715/14019
f 1671/14020 1715/14021 2423/14022
f 1301/14023 1671/14024 2423/14025
f 1301/14026 2423/14027 1619/14028
f 1619/14029 2423/14030 1673/14031
f 1619/14032 1673/14033 1300/14034
f 1672/14035 1353/14036 1736/14037
f 1672/14038 1736/14039 2424/14040
f 1234/14041 1672/14042 2424/14043
f 1234/14044 2424/14045 1640/14046
f 1640/14047 2424/14048 1670/14049
f 1640/14050 1670/14051 1236/14052
f 1669/14053 1334/14054 1716/14055
f 1669/14056 1716/14057 2425/14058
f 1302/14059 1669/14060 2425/14061
f 1302/14062 2425/14063 1620/14064
f 1620/14065 2425/14066 1671/14067
f 1620/14068 1671/14069 1301/14070
f 1670/14071 1354/14072 1737/14073
f 1670/14074 1737/14075 2426/14076
f 1236/14077 1670/14078 2426/14079
f 1236/14080 2426/14081 1641/14082
f 1641/14083 2426/14084 1668/14085
f 1641/14086 1668/14087 1238/14088
f 1667/14089 1335/14090 1717/14091
f 1667/14092 1717/14093 2427/14094
f 1303/14095 1667/14096 2427/14097
f 1303/14098 2427/14099 1621/14100
f 1621/14101 2427/14102 1669/14103
f 1621/14104 1669/14105 1302/14106
f 1668/14107 1355/14108 1738/14109
f 1668/14110 1738/14111 2428/14112
f 1238/14113 1668/14114 2428/14115
f 1238/14116 2428/14117 1642/14118
f 1642/14119 2428/14120 1666/14121
f 1642/14122 1666/14123 1240/14124
f 1665/14125 1336/14126 1718/14127
f 1665/14128 1718/14129 2429/14130
f 1304/14131 1665/14132 2429/14133
f 1304/14134 2429/14135 1622/14136
f 1622/14137 2429/14138 1667/14139
f 1622/14140 1667/14141 1303/14142
f 1666/14143 1356/14144 1739/14145
f 1666/14146 1739/14147 2430/14148
f 1240/14149 1666/14150 2430/14151
f 1240/14152 2430/14153 1643/14154
f 1643/14155 2430/14156 1664/14157
f 1643/14158 1664/14159 1242/14160
f 1792/14161 1337/14162 1719/14163
f 1792/14164 1719/14165 2431/14166
f 1305/14167 1792/14168 2431/14169
f 1305/14170 2431/14171 1623/14172
f 1623/14173 2431/14174 1665/14175
f 1623/14176 1665/14177 1304/14178
f 1664/14179 1357/14180 1740/14181
f 1664/14182 1740/14183 2432/14184
f 1242/14185 1664/14186 2432/14187
f 1242/14188 2432/14189 1644/14190
f 1644/14191 2432/14192 1793/14193
f 1644/14194 1793/14195 1244/14196
f 321/14197 3/14198 1219/14199
f 321/14200 1219/14201 1537/14202
f 323/14203 5/14204 1221/14205
f 323/14206 1221/14207 1539/14208
f 325/14209 7/14210 1223/14211
f 325/14212 1223/14213 1541/14214
f 327/14215 9/14216 1225/14217
f 327/14218 1225/14219 1543/14220
f 329/14221 11/14222 1227/14223
f 329/14224 1227/14225 1545/14226
f 331/14227 13/14228 1229/14229
f 331/14230 1229/14231 1547/14232
f 333/14233 15/14234 1231/14235
f 333/14236 1231/14237 1549/14238
f 335/14239 17/14240 1233/14241
f 335/14242 1233/14243 1551/14244
f 337/14245 19/14246 1235/14247
f 337/14248 1235/14249 1553/14250
f 339/14251 21/14252 1237/14253
f 339/14254 1237/14255 1555/14256
f 341/14257 23/14258 1239/14259
f 341/14260 1239/14261 1557/14262
f 343/14263 25/14264 1241/14265
f 343/14266 1241/14267 1559/14268
f 345/14269 27/14270 1243/14271
f 345/14272 1243/14273 1561/14274
f 347/14275 29/14276 1245/14277
f 347/14278 1245/14279 1563/14280
f 349/14281 31/14282 1247/14283
f 349/14284 1247/14285 1565/14286
f 351/14287 33/14288 1249/14289
f 351/14290 1249/14291 1567/14292
f 353/14293 35/14294 1251/14295
f 353/14296 1251/14297 1569/14298
f 355/14299 37/14300 1253/14301
f 355/14302 1253/14303 1571/14304
f 357/14305 39/14306 1255/14307
f 357/14308 1255/14309 1573/14310
f 359/14311 41/14312 1257/14313
f 359/14314 1257/14315 1575/14316
f 361/14317 43/14318 1259/14319
f 361/14320 1259/14321 1577/14322
f 363/14323 45/14324 1261/14325
f 363/14326 1261/14327 1579/14328
f 365/14329 47/14330 1263/14331
f 365/14332 1263/14333 1581/14334
f 367/14335 49/14336 1265/14337
f 367/14338 1265/14339 1583/14340
f 369/14341 51/14342 1267/14343
f 369/14344 1267/14345 1585/14346
f 371/14347 53/14348 1269/14349
f 371/14350 1269/14351 1587/14352
f 373/14353 55/14354 1271/14355
f 373/14356 1271/14357 1589/14358
f 375/14359 57/14360 1273/14361
f 375/14362 1273/14363 1591/14364
f 377/14365 59/14366 1275/14367
f 377/14368 1275/14369 1593/14370
f 379/14371 61/14372 1277/14373
f 379/14374 1277/14375 1595/14376
f 381/14377 63/14378 1279/14379
f 381/14380 1279/14381 1597/14382
f 383/14383 1/14384 1217/14385
f 383/14386 1217/14387 1599/14388
f 1/14389 321/14390 1537/14391
f 1/14392 1537/14393 1217/14394
f 3/14395 323/14396 1539/14397
f 3/14398 1539/14399 1219/14400
f 5/14401 325/14402 1541/14403
f 5/14404 1541/14405 1221/14406
f 7/14407 327/14408 1543/14409
f 7/14410 1543/14411 1223/14412
f 9/14413 329/14414 1545/14415
f 9/14416 1545/14417 1225/14418
f 11/14419 331/14420 1547/14421
f 11/14422 1547/14423 1227/14424
f 13/14425 333/14426 1549/14427
f 13/14428 1549/14429 1229/14430
f 15/14431 335/14432 1551/14433
f 15/14434 1551/14435 1231/14436
f 17/14437 337/14438 1553/14439
f 17/14440 1553/14441 1233/14442
f 19/14443 339/14444 1555/14445
f 19/14446 1555/14447 1235/14448
f 21/14449 341/14450 1557/14451
f 21/14452 1557/14453 1237/14454
f 23/14455 343/14456 1559/14457
f 23/14458 1559/14459 1239/14460
f 25/14461 345/14462 1561/14463
f 25/14464 1561/14465 1241/14466
f 27/14467 347/14468 1563/14469
f 27/14470 1563/14471 1243/14472
f 29/14473 349/14474 1565/14475
f 29/14476 1565/14477 1245/14478
f 31/14479 351/14480 1567/14481
f 31/14482 1567/14483 1247/14484
f 33/14485 353/14486 1569/14487
f 33/14488 1569/14489 1249/14490
f 35/14491 355/14492 1571/14493
f 35/14494 1571/14495 1251/14496
f 37/14497 357/14498 1573/14499
f 37/14500 1573/14501 1253/14502
f 39/14503 359/14504 1575/14505
f 39/14506 1575/14507 1255/14508
f 41/14509 361/14510 1577/14511
f 41/14512 1577/14513 1257/14514
f 43/14515 363/14516 1579/14517
f 43/14518 1579/14519 1259/14520
f 45/14521 365/14522 1581/14523
f 45/14524 1581/14525 1261/14526
f 47/14527 367/14528 1583/14529
f 47/14530 1583/14531 1263/14532
f 49/14533 369/14534 1585/14535
f 49/14536 1585/14537 1265/14538
f 51/14539 371/14540 1587/14541
f 51/14542 1587/14543 1267/14544
f 53/14545 373/14546 1589/14547
f 53/14548 1589/14549 1269/14550
f 55/14551 375/14552 1591/14553
f 55/14554 1591/14555 1271/14556
f 57/14557 377/14558 1593/14559
f 57/14560 1593/14561 1273/14562
f 59/14563 379/14564 1595/14565
f 59/14566 1595/14567 1275/14568
f 61/14569 381/14570 1597/14571
f 61/14572 1597/14573 1277/14574
f 63/14575 383/14576 1599/14577
f 63/14578 1599/14579 1279/14580
