# Exported from robot_room_v2.usdc, material /root/_materials/Mat3d66_1141745_6_2506
v 0.98713 6.53267 1.08498
v 0.98413 7.02667 1.08798
v 0.98713 6.52967 1.10698
v 0.98413 7.02667 1.10698
v 2.18113 6.53267 1.08498
v 2.18113 7.02967 1.08798
v 2.18113 6.52967 1.10698
v 2.18113 7.02667 1.10998
v 0.98713 6.52967 1.08798
v 0.98413 6.53267 1.08798
v 0.98713 7.02967 1.08798
v 0.98713 7.02667 1.08498
v 0.98713 6.53267 1.10998
v 0.98413 6.53267 1.10698
v 0.98713 7.02667 1.10998
v 0.98713 7.02967 1.10698
v 2.18413 6.53267 1.08798
v 2.18113 6.52967 1.08798
v 2.18413 7.02667 1.08798
v 2.18113 7.02667 1.08498
v 2.18413 6.53267 1.10698
v 2.18113 6.53267 1.10998
v 2.18413 7.02667 1.10698
v 2.18113 7.02967 1.10698
v 0.98713 6.53 1.08631
v 0.98713 6.531 1.08531
v 0.984464 6.531 1.08798
v 0.985464 6.53 1.08798
v 0.985464 6.53267 1.08531
v 0.984464 6.53267 1.08631
v 0.985464 7.02934 1.08798
v 0.984464 7.02834 1.08798
v 0.98713 7.02834 1.08531
v 0.98713 7.02934 1.08631
v 0.984464 7.02667 1.08631
v 0.985464 7.02667 1.08531
v 0.98713 6.531 1.10965
v 0.98713 6.53 1.10865
v 0.984464 6.53267 1.10865
v 0.985464 6.53267 1.10965
v 0.985464 6.53 1.10698
v 0.984464 6.531 1.10698
v 0.985464 7.02667 1.10965
v 0.984464 7.02667 1.10865
v 0.98713 7.02934 1.10865
v 0.98713 7.02834 1.10965
v 0.984464 7.02834 1.10698
v 0.985464 7.02934 1.10698
v 2.1838 6.53267 1.08631
v 2.1828 6.53267 1.08531
v 2.1828 6.53 1.08798
v 2.1838 6.531 1.08798
v 2.18113 6.531 1.08531
v 2.18113 6.53 1.08631
v 2.1838 7.02834 1.08798
v 2.1828 7.02934 1.08798
v 2.1828 7.02667 1.08531
v 2.1838 7.02667 1.08631
v 2.18113 7.02934 1.08631
v 2.18113 7.02834 1.08531
v 2.1838 6.531 1.10698
v 2.1828 6.53 1.10698
v 2.1828 6.53267 1.10965
v 2.1838 6.53267 1.10865
v 2.18113 6.53 1.10865
v 2.18113 6.531 1.10965
v 2.1838 7.02667 1.10865
v 2.1828 7.02667 1.10965
v 2.1828 7.02934 1.10698
v 2.1838 7.02834 1.10698
v 2.18113 7.02834 1.10965
v 2.18113 7.02934 1.10865
v 0.985649 6.5303 1.08631
v 0.986204 6.53119 1.08531
v 0.98476 6.53119 1.08631
v 0.985649 6.53174 1.08531
v 0.985464 7.02904 1.0865
v 0.984464 7.02815 1.08705
v 0.985464 7.02815 1.08561
v 0.984464 7.0276 1.0865
v 0.985649 6.531 1.10935
v 0.986204 6.53 1.10846
v 0.98476 6.531 1.10846
v 0.985649 6.53 1.10791
v 0.985464 7.02815 1.10935
v 0.984464 7.0276 1.10846
v 0.985464 7.02904 1.10846
v 0.984464 7.02815 1.10791
v 2.1835 6.53119 1.08631
v 2.18261 6.53174 1.08531
v 2.18261 6.5303 1.08631
v 2.18206 6.53119 1.08531
v 2.1835 7.02834 1.0865
v 2.18261 7.02934 1.08705
v 2.18261 7.02834 1.08561
v 2.18206 7.02934 1.0865
v 2.1835 6.531 1.10846
v 2.18261 6.53 1.10791
v 2.18261 6.531 1.10935
v 2.18206 6.53 1.10846
v 2.1835 7.02815 1.10865
v 2.18261 7.0276 1.10965
v 2.18261 7.02904 1.10865
v 2.18206 7.02815 1.10965
v 1.02612 6.65709 0.599666
v 2.14274 6.66009 0.602666
v 1.02312 6.65709 0.938014
v 2.14274 6.66009 0.938014
v 1.02612 6.64509 0.599666
v 2.14574 6.64509 0.602666
v 1.02312 6.64509 0.938014
v 2.14274 6.64509 0.941014
v 1.02312 6.65709 0.602666
v 1.02612 6.66009 0.602666
v 2.14574 6.65709 0.602666
v 2.14274 6.65709 0.599666
v 1.02612 6.65709 0.941014
v 1.02612 6.66009 0.938014
v 2.14274 6.65709 0.941014
v 2.14574 6.65709 0.938014
v 1.02612 6.64209 0.602666
v 1.02312 6.64509 0.602666
v 2.14274 6.64209 0.602666
v 2.14274 6.64509 0.599666
v 1.02612 6.64209 0.938014
v 1.02612 6.64509 0.941014
v 2.14274 6.64209 0.938014
v 2.14574 6.64509 0.938014
v 1.02345 6.65709 0.600999
v 1.02445 6.65709 0.599999
v 1.02445 6.65976 0.602666
v 1.02345 6.65876 0.602666
v 1.02612 6.65876 0.599999
v 1.02612 6.65976 0.600999
v 2.14541 6.65876 0.602666
v 2.14441 6.65976 0.602666
v 2.14441 6.65709 0.599999
v 2.14541 6.65709 0.600999
v 2.14274 6.65976 0.600999
v 2.14274 6.65876 0.599999
v 1.02445 6.65709 0.940681
v 1.02345 6.65709 0.939681
v 1.02612 6.65976 0.939681
v 1.02612 6.65876 0.940681
v 1.02345 6.65876 0.938014
v 1.02445 6.65976 0.938014
v 2.14274 6.65876 0.940681
v 2.14274 6.65976 0.939681
v 2.14541 6.65709 0.939681
v 2.14441 6.65709 0.940681
v 2.14441 6.65976 0.938014
v 2.14541 6.65876 0.938014
v 1.02612 6.64242 0.600999
v 1.02612 6.64342 0.599999
v 1.02345 6.64342 0.602666
v 1.02445 6.64242 0.602666
v 1.02445 6.64509 0.599999
v 1.02345 6.64509 0.600999
v 2.14441 6.64242 0.602666
v 2.14541 6.64342 0.602666
v 2.14274 6.64342 0.599999
v 2.14274 6.64242 0.600999
v 2.14541 6.64509 0.600999
v 2.14441 6.64509 0.599999
v 1.02445 6.64242 0.938014
v 1.02345 6.64342 0.938014
v 1.02612 6.64342 0.940681
v 1.02612 6.64242 0.939681
v 1.02345 6.64509 0.939681
v 1.02445 6.64509 0.940681
v 2.14274 6.64242 0.939681
v 2.14274 6.64342 0.940681
v 2.14541 6.64342 0.938014
v 2.14441 6.64242 0.938014
v 2.14441 6.64509 0.940681
v 2.14541 6.64509 0.939681
v 1.02375 6.65857 0.600999
v 1.02464 6.65802 0.599999
v 1.02464 6.65946 0.600999
v 1.02519 6.65857 0.599999
v 2.14511 6.65876 0.601184
v 2.14422 6.65976 0.60174
v 2.14422 6.65876 0.600295
v 2.14367 6.65976 0.601184
v 1.02445 6.65857 0.940385
v 1.02345 6.65802 0.939496
v 1.02445 6.65946 0.939496
v 1.02345 6.65857 0.93894
v 2.14422 6.65876 0.940385
v 2.14367 6.65976 0.939496
v 2.14511 6.65876 0.939496
v 2.14422 6.65976 0.93894
v 1.02464 6.64272 0.600999
v 1.02519 6.64361 0.599999
v 1.02375 6.64361 0.600999
v 1.02464 6.64416 0.599999
v 2.14441 6.64272 0.601184
v 2.14541 6.64361 0.60174
v 2.14441 6.64361 0.600295
v 2.14541 6.64416 0.601184
v 1.02445 6.64272 0.939496
v 1.02345 6.64361 0.93894
v 1.02445 6.64361 0.940385
v 1.02345 6.64416 0.939496
v 2.14422 6.64272 0.939681
v 2.14367 6.64361 0.940681
v 2.14511 6.64361 0.939681
v 2.14422 6.64416 0.940681
v 5.14112 6.65709 0.599666
v 6.25775 6.66009 0.602666
v 5.13812 6.65709 0.938014
v 6.25775 6.66009 0.938014
v 5.14112 6.64509 0.599666
v 6.26075 6.64509 0.602666
v 5.13812 6.64509 0.938014
v 6.25775 6.64509 0.941014
v 5.13812 6.65709 0.602666
v 5.14112 6.66009 0.602666
v 6.26075 6.65709 0.602666
v 6.25775 6.65709 0.599666
v 5.14112 6.65709 0.941014
v 5.14112 6.66009 0.938014
v 6.25775 6.65709 0.941014
v 6.26075 6.65709 0.938014
v 5.14112 6.64209 0.602666
v 5.13812 6.64509 0.602666
v 6.25775 6.64209 0.602666
v 6.25775 6.64509 0.599666
v 5.14112 6.64209 0.938014
v 5.14112 6.64509 0.941014
v 6.25775 6.64209 0.938014
v 6.26075 6.64509 0.938014
v 5.13846 6.65709 0.600999
v 5.13946 6.65709 0.599999
v 5.13946 6.65976 0.602666
v 5.13846 6.65876 0.602666
v 5.14112 6.65876 0.599999
v 5.14112 6.65976 0.600999
v 6.26042 6.65876 0.602666
v 6.25942 6.65976 0.602666
v 6.25942 6.65709 0.599999
v 6.26042 6.65709 0.600999
v 6.25775 6.65976 0.600999
v 6.25775 6.65876 0.599999
v 5.13946 6.65709 0.940681
v 5.13846 6.65709 0.939681
v 5.14112 6.65976 0.939681
v 5.14112 6.65876 0.940681
v 5.13846 6.65876 0.938014
v 5.13946 6.65976 0.938014
v 6.25775 6.65876 0.940681
v 6.25775 6.65976 0.939681
v 6.26042 6.65709 0.939681
v 6.25942 6.65709 0.940681
v 6.25942 6.65976 0.938014
v 6.26042 6.65876 0.938014
v 5.14112 6.64242 0.600999
v 5.14112 6.64342 0.599999
v 5.13846 6.64342 0.602666
v 5.13946 6.64242 0.602666
v 5.13946 6.64509 0.599999
v 5.13846 6.64509 0.600999
v 6.25942 6.64242 0.602666
v 6.26042 6.64342 0.602666
v 6.25775 6.64342 0.599999
v 6.25775 6.64242 0.600999
v 6.26042 6.64509 0.600999
v 6.25942 6.64509 0.599999
v 5.13946 6.64242 0.938014
v 5.13846 6.64342 0.938014
v 5.14112 6.64342 0.940681
v 5.14112 6.64242 0.939681
v 5.13846 6.64509 0.939681
v 5.13946 6.64509 0.940681
v 6.25775 6.64242 0.939681
v 6.25775 6.64342 0.940681
v 6.26042 6.64342 0.938014
v 6.25942 6.64242 0.938014
v 6.25942 6.64509 0.940681
v 6.26042 6.64509 0.939681
v 5.13875 6.65857 0.600999
v 5.13964 6.65802 0.599999
v 5.13964 6.65946 0.600999
v 5.1402 6.65857 0.599999
v 6.26012 6.65876 0.601184
v 6.25923 6.65976 0.60174
v 6.25923 6.65876 0.600295
v 6.25867 6.65976 0.601184
v 5.13946 6.65857 0.940385
v 5.13846 6.65802 0.939496
v 5.13946 6.65946 0.939496
v 5.13846 6.65857 0.93894
v 6.25923 6.65876 0.940385
v 6.25867 6.65976 0.939496
v 6.26012 6.65876 0.939496
v 6.25923 6.65976 0.93894
v 5.13964 6.64272 0.600999
v 5.1402 6.64361 0.599999
v 5.13875 6.64361 0.600999
v 5.13964 6.64416 0.599999
v 6.25942 6.64272 0.601184
v 6.26042 6.64361 0.60174
v 6.25942 6.64361 0.600295
v 6.26042 6.64416 0.601184
v 5.13946 6.64272 0.939496
v 5.13846 6.64361 0.93894
v 5.13946 6.64361 0.940385
v 5.13846 6.64416 0.939496
v 6.25923 6.64272 0.939681
v 6.25867 6.64361 0.940681
v 6.26012 6.64361 0.939681
v 6.25923 6.64416 0.940681
v 5.10224 6.53267 1.08498
v 5.09924 7.02667 1.08798
v 5.10224 6.52967 1.10698
v 5.09924 7.02667 1.10698
v 6.29624 6.53267 1.08498
v 6.29624 7.02967 1.08798
v 6.29624 6.52967 1.10698
v 6.29624 7.02667 1.10998
v 5.10224 6.52967 1.08798
v 5.09924 6.53267 1.08798
v 5.10224 7.02967 1.08798
v 5.10224 7.02667 1.08498
v 5.10224 6.53267 1.10998
v 5.09924 6.53267 1.10698
v 5.10224 7.02667 1.10998
v 5.10224 7.02967 1.10698
v 6.29924 6.53267 1.08798
v 6.29624 6.52967 1.08798
v 6.29924 7.02667 1.08798
v 6.29624 7.02667 1.08498
v 6.29924 6.53267 1.10698
v 6.29624 6.53267 1.10998
v 6.29924 7.02667 1.10698
v 6.29624 7.02967 1.10698
v 5.10224 6.53 1.08631
v 5.10224 6.531 1.08531
v 5.09957 6.531 1.08798
v 5.10057 6.53 1.08798
v 5.10057 6.53267 1.08531
v 5.09957 6.53267 1.08631
v 5.10057 7.02934 1.08798
v 5.09957 7.02834 1.08798
v 5.10224 7.02834 1.08531
v 5.10224 7.02934 1.08631
v 5.09957 7.02667 1.08631
v 5.10057 7.02667 1.08531
v 5.10224 6.531 1.10965
v 5.10224 6.53 1.10865
v 5.09957 6.53267 1.10865
v 5.10057 6.53267 1.10965
v 5.10057 6.53 1.10698
v 5.09957 6.531 1.10698
v 5.10057 7.02667 1.10965
v 5.09957 7.02667 1.10865
v 5.10224 7.02934 1.10865
v 5.10224 7.02834 1.10965
v 5.09957 7.02834 1.10698
v 5.10057 7.02934 1.10698
v 6.2989 6.53267 1.08631
v 6.2979 6.53267 1.08531
v 6.2979 6.53 1.08798
v 6.2989 6.531 1.08798
v 6.29624 6.531 1.08531
v 6.29624 6.53 1.08631
v 6.2989 7.02834 1.08798
v 6.2979 7.02934 1.08798
v 6.2979 7.02667 1.08531
v 6.2989 7.02667 1.08631
v 6.29624 7.02934 1.08631
v 6.29624 7.02834 1.08531
v 6.2989 6.531 1.10698
v 6.2979 6.53 1.10698
v 6.2979 6.53267 1.10965
v 6.2989 6.53267 1.10865
v 6.29624 6.53 1.10865
v 6.29624 6.531 1.10965
v 6.2989 7.02667 1.10865
v 6.2979 7.02667 1.10965
v 6.2979 7.02934 1.10698
v 6.2989 7.02834 1.10698
v 6.29624 7.02834 1.10965
v 6.29624 7.02934 1.10865
v 5.10075 6.5303 1.08631
v 5.10131 6.53119 1.08531
v 5.09987 6.53119 1.08631
v 5.10075 6.53174 1.08531
v 5.10057 7.02904 1.0865
v 5.09957 7.02815 1.08705
v 5.10057 7.02815 1.08561
v 5.09957 7.0276 1.0865
v 5.10075 6.531 1.10935
v 5.10131 6.53 1.10846
v 5.09987 6.531 1.10846
v 5.10075 6.53 1.10791
v 5.10057 7.02815 1.10935
v 5.09957 7.0276 1.10846
v 5.10057 7.02904 1.10846
v 5.09957 7.02815 1.10791
v 6.29861 6.53119 1.08631
v 6.29772 6.53174 1.08531
v 6.29772 6.5303 1.08631
v 6.29716 6.53119 1.08531
v 6.29861 7.02834 1.0865
v 6.29772 7.02934 1.08705
v 6.29772 7.02834 1.08561
v 6.29716 7.02934 1.0865
v 6.29861 6.531 1.10846
v 6.29772 6.53 1.10791
v 6.29772 6.531 1.10935
v 6.29716 6.53 1.10846
v 6.29861 7.02815 1.10865
v 6.29772 7.0276 1.10965
v 6.29772 7.02904 1.10865
v 6.29716 7.02815 1.10965
v 4.86343 -3.28807 1.08498
v 4.86643 -3.78207 1.08798
v 4.86343 -3.28507 1.10698
v 4.86643 -3.78207 1.10698
v 3.66943 -3.28807 1.08498
v 3.66943 -3.78507 1.08798
v 3.66943 -3.28507 1.10698
v 3.66943 -3.78207 1.10998
v 4.86343 -3.28507 1.08798
v 4.86643 -3.28807 1.08798
v 4.86343 -3.78507 1.08798
v 4.86343 -3.78207 1.08498
v 4.86343 -3.28807 1.10998
v 4.86643 -3.28807 1.10698
v 4.86343 -3.78207 1.10998
v 4.86343 -3.78507 1.10698
v 3.66643 -3.28807 1.08798
v 3.66943 -3.28507 1.08798
v 3.66643 -3.78207 1.08798
v 3.66943 -3.78207 1.08498
v 3.66643 -3.28807 1.10698
v 3.66943 -3.28807 1.10998
v 3.66643 -3.78207 1.10698
v 3.66943 -3.78507 1.10698
v 4.86343 -3.2854 1.08631
v 4.86343 -3.2864 1.08531
v 4.8661 -3.2864 1.08798
v 4.8651 -3.2854 1.08798
v 4.8651 -3.28807 1.08531
v 4.8661 -3.28807 1.08631
v 4.8651 -3.78474 1.08798
v 4.8661 -3.78374 1.08798
v 4.86343 -3.78374 1.08531
v 4.86343 -3.78474 1.08631
v 4.8661 -3.78207 1.08631
v 4.8651 -3.78207 1.08531
v 4.86343 -3.2864 1.10965
v 4.86343 -3.2854 1.10865
v 4.8661 -3.28807 1.10865
v 4.8651 -3.28807 1.10965
v 4.8651 -3.2854 1.10698
v 4.8661 -3.2864 1.10698
v 4.8651 -3.78207 1.10965
v 4.8661 -3.78207 1.10865
v 4.86343 -3.78474 1.10865
v 4.86343 -3.78374 1.10965
v 4.8661 -3.78374 1.10698
v 4.8651 -3.78474 1.10698
v 3.66676 -3.28807 1.08631
v 3.66776 -3.28807 1.08531
v 3.66776 -3.2854 1.08798
v 3.66676 -3.2864 1.08798
v 3.66943 -3.2864 1.08531
v 3.66943 -3.2854 1.08631
v 3.66676 -3.78374 1.08798
v 3.66776 -3.78474 1.08798
v 3.66776 -3.78207 1.08531
v 3.66676 -3.78207 1.08631
v 3.66943 -3.78474 1.08631
v 3.66943 -3.78374 1.08531
v 3.66676 -3.2864 1.10698
v 3.66776 -3.2854 1.10698
v 3.66776 -3.28807 1.10965
v 3.66676 -3.28807 1.10865
v 3.66943 -3.2854 1.10865
v 3.66943 -3.2864 1.10965
v 3.66676 -3.78207 1.10865
v 3.66776 -3.78207 1.10965
v 3.66776 -3.78474 1.10698
v 3.66676 -3.78374 1.10698
v 3.66943 -3.78374 1.10965
v 3.66943 -3.78474 1.10865
v 4.86491 -3.2857 1.08631
v 4.86436 -3.28659 1.08531
v 4.8658 -3.28659 1.08631
v 4.86491 -3.28714 1.08531
v 4.8651 -3.78444 1.0865
v 4.8661 -3.78355 1.08705
v 4.8651 -3.78355 1.08561
v 4.8661 -3.783 1.0865
v 4.86491 -3.2864 1.10935
v 4.86436 -3.2854 1.10846
v 4.8658 -3.2864 1.10846
v 4.86491 -3.2854 1.10791
v 4.8651 -3.78355 1.10935
v 4.8661 -3.783 1.10846
v 4.8651 -3.78444 1.10846
v 4.8661 -3.78355 1.10791
v 3.66706 -3.28659 1.08631
v 3.66795 -3.28714 1.08531
v 3.66795 -3.2857 1.08631
v 3.6685 -3.28659 1.08531
v 3.66706 -3.78374 1.0865
v 3.66795 -3.78474 1.08705
v 3.66795 -3.78374 1.08561
v 3.6685 -3.78474 1.0865
v 3.66706 -3.2864 1.10846
v 3.66795 -3.2854 1.10791
v 3.66795 -3.2864 1.10935
v 3.6685 -3.2854 1.10846
v 3.66706 -3.78355 1.10865
v 3.66795 -3.783 1.10965
v 3.66795 -3.78444 1.10865
v 3.6685 -3.78355 1.10965
v 4.82454 -3.41249 0.599666
v 3.70792 -3.41549 0.602666
v 4.82754 -3.41249 0.938014
v 3.70792 -3.41549 0.938014
v 4.82454 -3.40049 0.599666
v 3.70492 -3.40049 0.602666
v 4.82754 -3.40049 0.938014
v 3.70792 -3.40049 0.941014
v 4.82754 -3.41249 0.602666
v 4.82454 -3.41549 0.602666
v 3.70492 -3.41249 0.602666
v 3.70792 -3.41249 0.599666
v 4.82454 -3.41249 0.941014
v 4.82454 -3.41549 0.938014
v 3.70792 -3.41249 0.941014
v 3.70492 -3.41249 0.938014
v 4.82454 -3.39749 0.602666
v 4.82754 -3.40049 0.602666
v 3.70792 -3.39749 0.602666
v 3.70792 -3.40049 0.599666
v 4.82454 -3.39749 0.938014
v 4.82454 -3.40049 0.941014
v 3.70792 -3.39749 0.938014
v 3.70492 -3.40049 0.938014
v 4.82721 -3.41249 0.600999
v 4.82621 -3.41249 0.599999
v 4.82621 -3.41516 0.602666
v 4.82721 -3.41416 0.602666
v 4.82454 -3.41416 0.599999
v 4.82454 -3.41516 0.600999
v 3.70525 -3.41416 0.602666
v 3.70625 -3.41516 0.602666
v 3.70625 -3.41249 0.599999
v 3.70525 -3.41249 0.600999
v 3.70792 -3.41516 0.600999
v 3.70792 -3.41416 0.599999
v 4.82621 -3.41249 0.940681
v 4.82721 -3.41249 0.939681
v 4.82454 -3.41516 0.939681
v 4.82454 -3.41416 0.940681
v 4.82721 -3.41416 0.938014
v 4.82621 -3.41516 0.938014
v 3.70792 -3.41416 0.940681
v 3.70792 -3.41516 0.939681
v 3.70525 -3.41249 0.939681
v 3.70625 -3.41249 0.940681
v 3.70625 -3.41516 0.938014
v 3.70525 -3.41416 0.938014
v 4.82454 -3.39782 0.600999
v 4.82454 -3.39882 0.599999
v 4.82721 -3.39882 0.602666
v 4.82621 -3.39782 0.602666
v 4.82621 -3.40049 0.599999
v 4.82721 -3.40049 0.600999
v 3.70625 -3.39782 0.602666
v 3.70525 -3.39882 0.602666
v 3.70792 -3.39882 0.599999
v 3.70792 -3.39782 0.600999
v 3.70525 -3.40049 0.600999
v 3.70625 -3.40049 0.599999
v 4.82621 -3.39782 0.938014
v 4.82721 -3.39882 0.938014
v 4.82454 -3.39882 0.940681
v 4.82454 -3.39782 0.939681
v 4.82721 -3.40049 0.939681
v 4.82621 -3.40049 0.940681
v 3.70792 -3.39782 0.939681
v 3.70792 -3.39882 0.940681
v 3.70525 -3.39882 0.938014
v 3.70625 -3.39782 0.938014
v 3.70625 -3.40049 0.940681
v 3.70525 -3.40049 0.939681
v 4.82691 -3.41397 0.600999
v 4.82603 -3.41342 0.599999
v 4.82603 -3.41486 0.600999
v 4.82547 -3.41397 0.599999
v 3.70555 -3.41416 0.601184
v 3.70644 -3.41516 0.60174
v 3.70644 -3.41416 0.600295
v 3.70699 -3.41516 0.601184
v 4.82621 -3.41397 0.940385
v 4.82721 -3.41342 0.939496
v 4.82621 -3.41486 0.939496
v 4.82721 -3.41397 0.93894
v 3.70644 -3.41416 0.940385
v 3.70699 -3.41516 0.939496
v 3.70555 -3.41416 0.939496
v 3.70644 -3.41516 0.93894
v 4.82603 -3.39812 0.600999
v 4.82547 -3.39901 0.599999
v 4.82691 -3.39901 0.600999
v 4.82603 -3.39956 0.599999
v 3.70625 -3.39812 0.601184
v 3.70525 -3.39901 0.60174
v 3.70625 -3.39901 0.600295
v 3.70525 -3.39956 0.601184
v 4.82621 -3.39812 0.939496
v 4.82721 -3.39901 0.93894
v 4.82621 -3.39901 0.940385
v 4.82721 -3.39956 0.939496
v 3.70644 -3.39812 0.939681
v 3.70699 -3.39901 0.940681
v 3.70555 -3.39901 0.939681
v 3.70644 -3.39956 0.940681
vt 0.994 0.481
vt 0.994 0.519
vt 0.00600004 0.519
vt 0.994 0.481
vt 0.00600004 0.519
vt 0.00600004 0.481
vt 0.00600004 0.481
vt 0.994 0.481
vt 0.994 0.519
vt 0.00600004 0.481
vt 0.994 0.519
vt 0.00600004 0.519
vt 0.00600004 -0.694
vt 0.994 -0.694
vt 0.994 1.694
vt 0.00600004 -0.694
vt 0.994 1.694
vt 0.00600004 1.694
vt 0.481 -0.694
vt 0.519 -0.694
vt 0.519 1.694
vt 0.481 -0.694
vt 0.519 1.694
vt 0.481 1.694
vt 0.00600004 -0.694
vt 0.994 -0.694
vt 0.994 1.694
vt 0.00600004 -0.694
vt 0.994 1.694
vt 0.00600004 1.694
vt 0.481 -0.694
vt 0.519 -0.694
vt 0.519 1.694
vt 0.481 -0.694
vt 0.519 1.694
vt 0.481 1.694
vt 0.00600004 -0.694
vt 0.00414824 -0.696963
vt 0.00600004 -0.697333
vt 0.00600004 0.481
vt 0.00414813 0.478037
vt 0.00600004 0.477667
vt 0.481 -0.694
vt 0.479148 -0.696963
vt 0.481 -0.697333
vt 0.00600004 0.519
vt 0.0030371 0.520852
vt 0.00266671 0.519
vt 0.00600004 1.694
vt 0.00303707 1.69585
vt 0.00266668 1.694
vt 0.481 1.694
vt 0.478037 1.69585
vt 0.477667 1.694
vt 0.481 1.694
vt 0.478037 1.69585
vt 0.477667 1.694
vt 0.00600004 1.694
vt 0.0030371 1.69585
vt 0.00266671 1.694
vt 0.994 0.481
vt 0.997333 0.481
vt 0.997333 0.519
vt 0.994 0.481
vt 0.997333 0.519
vt 0.994 0.519
vt 0.994 0.519
vt 0.994 0.522334
vt 0.00600004 0.522333
vt 0.994 0.519
vt 0.00600004 0.522333
vt 0.00600004 0.519
vt 0.00600004 0.519
vt 0.00266671 0.519
vt 0.00266671 0.481
vt 0.00600004 0.519
vt 0.00266671 0.481
vt 0.00600004 0.481
vt 0.00600004 0.481
vt 0.00600004 0.477667
vt 0.994 0.477667
vt 0.00600004 0.481
vt 0.994 0.477667
vt 0.994 0.481
vt 0.00600004 0.481
vt 0.00600004 0.477667
vt 0.994 0.477667
vt 0.00600004 0.481
vt 0.994 0.477667
vt 0.994 0.481
vt 0.994 0.481
vt 0.997333 0.481
vt 0.997333 0.519
vt 0.994 0.481
vt 0.997333 0.519
vt 0.994 0.519
vt 0.994 0.519
vt 0.994 0.522333
vt 0.00600004 0.522333
vt 0.994 0.519
vt 0.00600004 0.522333
vt 0.00600004 0.519
vt 0.00600004 0.519
vt 0.00266668 0.519
vt 0.00266668 0.481
vt 0.00600004 0.519
vt 0.00266668 0.481
vt 0.00600004 0.481
vt 0.994 -0.694
vt 0.997333 -0.694
vt 0.997333 1.694
vt 0.994 -0.694
vt 0.997333 1.694
vt 0.994 1.694
vt 0.00600004 1.694
vt 0.00266668 1.694
vt 0.00266668 -0.694
vt 0.00600004 1.694
vt 0.00266668 -0.694
vt 0.00600004 -0.694
vt 0.519 -0.694
vt 0.522333 -0.694
vt 0.522333 1.694
vt 0.519 -0.694
vt 0.522333 1.694
vt 0.519 1.694
vt 0.994 -0.694
vt 0.997333 -0.694
vt 0.997333 1.694
vt 0.994 -0.694
vt 0.997333 1.694
vt 0.994 1.694
vt 0.00600004 -0.694
vt 0.00266668 -0.694
vt 0.00303715 -0.695852
vt 0.00266668 -0.694
vt 0.000666678 -0.694
vt 0.00125942 -0.696963
vt 0.00266668 -0.694
vt 0.00125942 -0.696963
vt 0.00303715 -0.695852
vt 0.522333 -0.694
vt 0.519 -0.694
vt 0.519 -0.697333
vt 0.522333 -0.694
vt 0.519 -0.697333
vt 0.522333 -0.696963
vt 0.00600004 -0.694
vt 0.00303715 -0.695852
vt 0.00414824 -0.696963
vt 0.00303715 -0.695852
vt 0.00125942 -0.696963
vt 0.00303718 -0.698741
vt 0.00303715 -0.695852
vt 0.00303718 -0.698741
vt 0.00414824 -0.696963
vt 0.522333 -0.696963
vt 0.519 -0.697333
vt 0.519 -0.699333
vt 0.522333 -0.696963
vt 0.519 -0.699333
vt 0.522333 -0.698741
vt 0.00414824 -0.696963
vt 0.00303718 -0.698741
vt 0.00600004 -0.699333
vt 0.00414824 -0.696963
vt 0.00600004 -0.699333
vt 0.00600004 -0.697333
vt 0.996963 0.477667
vt 0.997333 0.481
vt 0.994 0.481
vt 0.996963 0.477667
vt 0.994 0.481
vt 0.994 0.477667
vt 0.00600004 0.481
vt 0.00266671 0.481
vt 0.0030371 0.479148
vt 0.481 -0.699333
vt 0.481 -0.697333
vt 0.478037 -0.697333
vt 0.481 -0.699333
vt 0.478037 -0.697333
vt 0.479148 -0.699333
vt 0.481 -0.697333
vt 0.481 -0.694
vt 0.477667 -0.694
vt 0.481 -0.697333
vt 0.477667 -0.694
vt 0.478037 -0.697333
vt 0.00600004 0.481
vt 0.0030371 0.479148
vt 0.00414813 0.478037
vt 0.0030371 0.479148
vt 0.00125927 0.478037
vt 0.0030371 0.476259
vt 0.0030371 0.479148
vt 0.0030371 0.476259
vt 0.00414813 0.478037
vt 0.478037 -0.697333
vt 0.477667 -0.694
vt 0.475667 -0.694
vt 0.478037 -0.697333
vt 0.475667 -0.694
vt 0.476259 -0.697333
vt 0.995852 -0.699333
vt 0.996963 -0.697333
vt 0.994 -0.697333
vt 0.995852 -0.699333
vt 0.994 -0.697333
vt 0.994 -0.699333
vt 0.996963 -0.697333
vt 0.997333 -0.694
vt 0.994 -0.694
vt 0.996963 -0.697333
vt 0.994 -0.694
vt 0.994 -0.697333
vt 0.481 -0.694
vt 0.477667 -0.694
vt 0.478037 -0.695852
vt 0.999333 -0.694
vt 0.997333 -0.694
vt 0.997333 -0.696963
vt 0.999333 -0.694
vt 0.997333 -0.696963
vt 0.999333 -0.695852
vt 0.997333 -0.694
vt 0.994 -0.694
vt 0.994 -0.697333
vt 0.997333 -0.694
vt 0.994 -0.697333
vt 0.997333 -0.696963
vt 0.481 -0.694
vt 0.478037 -0.695852
vt 0.479148 -0.696963
vt 0.478037 -0.695852
vt 0.476259 -0.696963
vt 0.478037 -0.698741
vt 0.478037 -0.695852
vt 0.478037 -0.698741
vt 0.479148 -0.696963
vt 0.997333 0.523741
vt 0.994 0.524334
vt 0.994 0.522334
vt 0.997333 0.523741
vt 0.994 0.522334
vt 0.997333 0.521963
vt 0.999333 0.520852
vt 0.997333 0.521963
vt 0.997333 0.519
vt 0.999333 0.520852
vt 0.997333 0.519
vt 0.999333 0.519
vt 0.997333 0.521963
vt 0.994 0.522334
vt 0.994 0.519
vt 0.997333 0.521963
vt 0.994 0.519
vt 0.997333 0.519
vt 0.00600004 0.519
vt 0.00600004 0.522333
vt 0.00414813 0.521963
vt 0.00600004 -0.699333
vt 0.00600004 -0.697333
vt 0.0030371 -0.697333
vt 0.00600004 -0.699333
vt 0.0030371 -0.697333
vt 0.00414813 -0.699333
vt 0.00600004 -0.697333
vt 0.00600004 -0.694
vt 0.00266671 -0.694
vt 0.00600004 -0.697333
vt 0.00266671 -0.694
vt 0.0030371 -0.697333
vt 0.00600004 0.519
vt 0.00414813 0.521963
vt 0.0030371 0.520852
vt 0.00414813 0.521963
vt 0.0030371 0.523741
vt 0.00125927 0.521963
vt 0.00414813 0.521963
vt 0.00125927 0.521963
vt 0.0030371 0.520852
vt 0.523741 -0.697333
vt 0.524333 -0.694
vt 0.522333 -0.694
vt 0.523741 -0.697333
vt 0.522333 -0.694
vt 0.521963 -0.697333
vt 0.520852 -0.699333
vt 0.521963 -0.697333
vt 0.519 -0.697333
vt 0.520852 -0.699333
vt 0.519 -0.697333
vt 0.519 -0.699333
vt 0.521963 -0.697333
vt 0.522333 -0.694
vt 0.519 -0.694
vt 0.521963 -0.697333
vt 0.519 -0.694
vt 0.519 -0.697333
vt 0.00600004 1.694
vt 0.00600004 1.69733
vt 0.00414816 1.69696
vt 0.00600004 1.69733
vt 0.00600004 1.69933
vt 0.00303707 1.69874
vt 0.00600004 1.69733
vt 0.00303707 1.69874
vt 0.00414816 1.69696
vt 0.00600004 0.477667
vt 0.00600004 0.481
vt 0.00266668 0.481
vt 0.00600004 0.477667
vt 0.00266668 0.481
vt 0.00303707 0.477667
vt 0.00600004 1.694
vt 0.00414816 1.69696
vt 0.00303707 1.69585
vt 0.00414816 1.69696
vt 0.00303707 1.69874
vt 0.00125927 1.69696
vt 0.00414816 1.69696
vt 0.00125927 1.69696
vt 0.00303707 1.69585
vt 0.522333 1.69874
vt 0.519 1.69933
vt 0.519 1.69733
vt 0.522333 1.69874
vt 0.519 1.69733
vt 0.522333 1.69696
vt 0.524333 1.69585
vt 0.522333 1.69696
vt 0.522333 1.694
vt 0.524333 1.69585
vt 0.522333 1.694
vt 0.524333 1.694
vt 0.522333 1.69696
vt 0.519 1.69733
vt 0.519 1.694
vt 0.522333 1.69696
vt 0.519 1.694
vt 0.522333 1.694
vt 0.481 1.694
vt 0.481 1.69733
vt 0.479148 1.69696
vt 0.481 1.69733
vt 0.481 1.69933
vt 0.478037 1.69874
vt 0.481 1.69733
vt 0.478037 1.69874
vt 0.479148 1.69696
vt 0.997333 0.481
vt 0.994 0.481
vt 0.994 0.477667
vt 0.997333 0.481
vt 0.994 0.477667
vt 0.997333 0.478037
vt 0.481 1.694
vt 0.479148 1.69696
vt 0.478037 1.69585
vt 0.479148 1.69696
vt 0.478037 1.69874
vt 0.476259 1.69696
vt 0.479148 1.69696
vt 0.476259 1.69696
vt 0.478037 1.69585
vt 0.997333 1.69874
vt 0.994 1.69933
vt 0.994 1.69733
vt 0.997333 1.69874
vt 0.994 1.69733
vt 0.997333 1.69696
vt 0.999333 1.69585
vt 0.997333 1.69696
vt 0.997333 1.694
vt 0.999333 1.69585
vt 0.997333 1.694
vt 0.999333 1.694
vt 0.997333 1.69696
vt 0.994 1.69733
vt 0.994 1.694
vt 0.997333 1.69696
vt 0.994 1.694
vt 0.997333 1.694
vt 0.481 1.694
vt 0.481 1.69733
vt 0.479148 1.69696
vt 0.481 1.69733
vt 0.481 1.69933
vt 0.478037 1.69874
vt 0.481 1.69733
vt 0.478037 1.69874
vt 0.479148 1.69696
vt 0.00266668 0.519
vt 0.00600004 0.519
vt 0.00600004 0.522333
vt 0.00266668 0.519
vt 0.00600004 0.522333
vt 0.00266668 0.521963
vt 0.481 1.694
vt 0.479148 1.69696
vt 0.478037 1.69585
vt 0.479148 1.69696
vt 0.478037 1.69874
vt 0.476259 1.69696
vt 0.479148 1.69696
vt 0.476259 1.69696
vt 0.478037 1.69585
vt 0.997333 1.69874
vt 0.994 1.69933
vt 0.994 1.69733
vt 0.997333 1.69874
vt 0.994 1.69733
vt 0.997333 1.69696
vt 0.999333 1.69585
vt 0.997333 1.69696
vt 0.997333 1.694
vt 0.999333 1.69585
vt 0.997333 1.694
vt 0.999333 1.694
vt 0.997333 1.69696
vt 0.994 1.69733
vt 0.994 1.694
vt 0.997333 1.69696
vt 0.994 1.694
vt 0.997333 1.694
vt 0.00600004 1.694
vt 0.00600004 1.69733
vt 0.00414813 1.69696
vt 0.00600004 1.69733
vt 0.00600004 1.69933
vt 0.0030371 1.69874
vt 0.00600004 1.69733
vt 0.0030371 1.69874
vt 0.00414813 1.69696
vt 0.994 0.522333
vt 0.994 0.519
vt 0.997333 0.519
vt 0.994 0.522333
vt 0.997333 0.519
vt 0.996963 0.522333
vt 0.00600004 1.694
vt 0.00414813 1.69696
vt 0.0030371 1.69585
vt 0.00414813 1.69696
vt 0.0030371 1.69874
vt 0.00125927 1.69696
vt 0.00414813 1.69696
vt 0.00125927 1.69696
vt 0.0030371 1.69585
vt 0.522333 1.69874
vt 0.519 1.69933
vt 0.519 1.69733
vt 0.522333 1.69874
vt 0.519 1.69733
vt 0.522333 1.69696
vt 0.524333 1.69585
vt 0.522333 1.69696
vt 0.522333 1.694
vt 0.524333 1.69585
vt 0.522333 1.694
vt 0.524333 1.694
vt 0.522333 1.69696
vt 0.519 1.69733
vt 0.519 1.694
vt 0.522333 1.69696
vt 0.519 1.694
vt 0.522333 1.694
vt 0.997333 0.481
vt 0.999333 0.481
vt 0.999333 0.519
vt 0.997333 0.481
vt 0.999333 0.519
vt 0.997333 0.519
vt 0.519 -0.697333
vt 0.519 -0.694
vt 0.481 -0.694
vt 0.519 -0.697333
vt 0.481 -0.694
vt 0.481 -0.697333
vt 0.994 0.522334
vt 0.994 0.524334
vt 0.00600004 0.524333
vt 0.994 0.522334
vt 0.00600004 0.524333
vt 0.00600004 0.522333
vt 0.994 -0.697333
vt 0.994 -0.694
vt 0.00600004 -0.694
vt 0.994 -0.697333
vt 0.00600004 -0.694
vt 0.00600004 -0.697333
vt 0.519 -0.699333
vt 0.519 -0.697333
vt 0.481 -0.697333
vt 0.519 -0.699333
vt 0.481 -0.697333
vt 0.481 -0.699333
vt 0.519 -0.697333
vt 0.519 -0.694
vt 0.481 -0.694
vt 0.519 -0.697333
vt 0.481 -0.694
vt 0.481 -0.697333
vt 0.00600004 0.477667
vt 0.00600004 0.475667
vt 0.994 0.475667
vt 0.00600004 0.477667
vt 0.994 0.475667
vt 0.994 0.477667
vt 0.994 -0.697333
vt 0.994 -0.694
vt 0.00600004 -0.694
vt 0.994 -0.697333
vt 0.00600004 -0.694
vt 0.00600004 -0.697333
vt 0.00600004 1.69933
vt 0.00600004 1.69733
vt 0.994 1.69733
vt 0.00600004 1.69933
vt 0.994 1.69733
vt 0.994 1.69933
vt 0.00600004 1.69733
vt 0.00600004 1.694
vt 0.994 1.694
vt 0.00600004 1.69733
vt 0.994 1.694
vt 0.994 1.69733
vt 0.481 1.69933
vt 0.481 1.69733
vt 0.519 1.69733
vt 0.481 1.69933
vt 0.519 1.69733
vt 0.519 1.69933
vt 0.481 1.69733
vt 0.481 1.694
vt 0.519 1.694
vt 0.481 1.69733
vt 0.519 1.694
vt 0.519 1.69733
vt 0.00600004 1.69933
vt 0.00600004 1.69733
vt 0.994 1.69733
vt 0.00600004 1.69933
vt 0.994 1.69733
vt 0.994 1.69933
vt 0.00600004 1.69733
vt 0.00600004 1.694
vt 0.994 1.694
vt 0.00600004 1.69733
vt 0.994 1.694
vt 0.994 1.69733
vt 0.481 1.69933
vt 0.481 1.69733
vt 0.519 1.69733
vt 0.481 1.69933
vt 0.519 1.69733
vt 0.519 1.69933
vt 0.481 1.69733
vt 0.481 1.694
vt 0.519 1.694
vt 0.481 1.69733
vt 0.519 1.694
vt 0.519 1.69733
vt 0.997333 -0.694
vt 0.999333 -0.694
vt 0.999333 1.694
vt 0.997333 -0.694
vt 0.999333 1.694
vt 0.997333 1.694
vt 0.477667 -0.694
vt 0.481 -0.694
vt 0.481 1.694
vt 0.477667 -0.694
vt 0.481 1.694
vt 0.477667 1.694
vt 0.524333 1.694
vt 0.522333 1.694
vt 0.522333 -0.694
vt 0.524333 1.694
vt 0.522333 -0.694
vt 0.524333 -0.694
vt 0.522333 1.694
vt 0.519 1.694
vt 0.519 -0.694
vt 0.522333 1.694
vt 0.519 -0.694
vt 0.522333 -0.694
vt 0.522333 -0.694
vt 0.524333 -0.694
vt 0.524333 1.694
vt 0.522333 -0.694
vt 0.524333 1.694
vt 0.522333 1.694
vt 0.00266671 -0.694
vt 0.00600004 -0.694
vt 0.00600004 1.694
vt 0.00266671 -0.694
vt 0.00600004 1.694
vt 0.00266671 1.694
vt 0.997333 -0.694
vt 0.999333 -0.694
vt 0.999333 1.694
vt 0.997333 -0.694
vt 0.999333 1.694
vt 0.997333 1.694
vt 0.477667 -0.694
vt 0.481 -0.694
vt 0.481 1.694
vt 0.477667 -0.694
vt 0.481 1.694
vt 0.477667 1.694
vt 0.835348 1.61663
vt 0.164651 1.61662
vt 0.164652 -0.616625
vt 0.835348 1.61663
vt 0.164652 -0.616625
vt 0.835349 -0.616625
vt 0.164652 1.61663
vt 0.164651 -0.616625
vt 0.835348 -0.616625
vt 0.164652 1.61663
vt 0.835348 -0.616625
vt 0.835349 1.61662
vt 0.488 1.61663
vt 0.488 -0.616625
vt 0.512 -0.616625
vt 0.488 1.61663
vt 0.512 -0.616625
vt 0.512 1.61663
vt 0.512 0.164651
vt 0.512 0.835348
vt 0.488 0.835348
vt 0.512 0.164651
vt 0.488 0.835348
vt 0.488 0.164651
vt 0.512 -0.616625
vt 0.512 1.61662
vt 0.488 1.61662
vt 0.512 -0.616625
vt 0.488 1.61662
vt 0.488 -0.616625
vt 0.488 0.835349
vt 0.488 0.164652
vt 0.512 0.164652
vt 0.488 0.835349
vt 0.512 0.164652
vt 0.512 0.835349
vt 0.488 1.61663
vt 0.485037 1.61848
vt 0.484667 1.61663
vt 0.835349 -0.616625
vt 0.838312 -0.618477
vt 0.838682 -0.616625
vt 0.488 0.835349
vt 0.485037 0.837201
vt 0.484667 0.835349
vt 0.164652 -0.616625
vt 0.1628 -0.619588
vt 0.164652 -0.619958
vt 0.512 1.61663
vt 0.513853 1.61959
vt 0.512 1.61996
vt 0.488 0.164651
vt 0.486148 0.161688
vt 0.488 0.161318
vt 0.512 0.835349
vt 0.513852 0.838312
vt 0.512 0.838682
vt 0.488 -0.616625
vt 0.486147 -0.619588
vt 0.488 -0.619958
vt 0.835348 1.61663
vt 0.835348 1.61996
vt 0.164651 1.61996
vt 0.835348 1.61663
vt 0.164651 1.61996
vt 0.164651 1.61662
vt 0.164651 1.61662
vt 0.161318 1.61662
vt 0.161318 -0.616625
vt 0.164651 1.61662
vt 0.161318 -0.616625
vt 0.164652 -0.616625
vt 0.164652 -0.616625
vt 0.164652 -0.619958
vt 0.835349 -0.619958
vt 0.164652 -0.616625
vt 0.835349 -0.619958
vt 0.835349 -0.616625
vt 0.835349 -0.616625
vt 0.838682 -0.616625
vt 0.838682 1.61663
vt 0.835349 -0.616625
vt 0.838682 1.61663
vt 0.835348 1.61663
vt 0.164652 1.61663
vt 0.161318 1.61663
vt 0.161318 -0.616625
vt 0.164652 1.61663
vt 0.161318 -0.616625
vt 0.164651 -0.616625
vt 0.164651 -0.616625
vt 0.164651 -0.619958
vt 0.835348 -0.619958
vt 0.164651 -0.616625
vt 0.835348 -0.619958
vt 0.835348 -0.616625
vt 0.835348 -0.616625
vt 0.838682 -0.616625
vt 0.838682 1.61662
vt 0.835348 -0.616625
vt 0.838682 1.61662
vt 0.835349 1.61662
vt 0.835349 1.61662
vt 0.835349 1.61996
vt 0.164652 1.61996
vt 0.835349 1.61662
vt 0.164652 1.61996
vt 0.164652 1.61663
vt 0.488 -0.616625
vt 0.488 -0.619958
vt 0.512 -0.619958
vt 0.488 -0.616625
vt 0.512 -0.619958
vt 0.512 -0.616625
vt 0.512 1.61663
vt 0.512 1.61996
vt 0.488 1.61996
vt 0.512 1.61663
vt 0.488 1.61996
vt 0.488 1.61663
vt 0.512 0.835348
vt 0.512 0.838682
vt 0.488 0.838682
vt 0.512 0.835348
vt 0.488 0.838682
vt 0.488 0.835348
vt 0.512 1.61662
vt 0.512 1.61996
vt 0.488 1.61996
vt 0.512 1.61662
vt 0.488 1.61996
vt 0.488 1.61662
vt 0.488 1.61663
vt 0.488 1.61996
vt 0.486148 1.61959
vt 0.488 0.159318
vt 0.488 0.161318
vt 0.485037 0.161318
vt 0.488 0.159318
vt 0.485037 0.161318
vt 0.486148 0.159318
vt 0.488 0.161318
vt 0.488 0.164652
vt 0.484667 0.164652
vt 0.488 0.161318
vt 0.484667 0.164652
vt 0.485037 0.161318
vt 0.488 1.61663
vt 0.486148 1.61959
vt 0.485037 1.61848
vt 0.486148 1.61959
vt 0.485037 1.62137
vt 0.483259 1.61959
vt 0.486148 1.61959
vt 0.483259 1.61959
vt 0.485037 1.61848
vt 0.485037 0.161318
vt 0.484667 0.164652
vt 0.482667 0.164652
vt 0.485037 0.161318
vt 0.482667 0.164652
vt 0.483259 0.161318
vt 0.840682 1.61848
vt 0.838682 1.61959
vt 0.838682 1.61663
vt 0.840682 1.61848
vt 0.838682 1.61663
vt 0.840682 1.61663
vt 0.838682 1.61959
vt 0.835348 1.61996
vt 0.835348 1.61663
vt 0.838682 1.61959
vt 0.835348 1.61663
vt 0.838682 1.61663
vt 0.835349 -0.616625
vt 0.835349 -0.619958
vt 0.837201 -0.619588
vt 0.517333 0.164651
vt 0.515333 0.164651
vt 0.515333 0.161688
vt 0.517333 0.164651
vt 0.515333 0.161688
vt 0.517333 0.162799
vt 0.515333 0.164651
vt 0.512 0.164651
vt 0.512 0.161318
vt 0.515333 0.164651
vt 0.512 0.161318
vt 0.515333 0.161688
vt 0.835349 -0.616625
vt 0.837201 -0.619588
vt 0.838312 -0.618477
vt 0.837201 -0.619588
vt 0.838312 -0.621366
vt 0.84009 -0.619588
vt 0.837201 -0.619588
vt 0.84009 -0.619588
vt 0.838312 -0.618477
vt 0.515333 0.161688
vt 0.512 0.161318
vt 0.512 0.159318
vt 0.515333 0.161688
vt 0.512 0.159318
vt 0.515333 0.15991
vt 0.482667 -0.618477
vt 0.484667 -0.619588
vt 0.484667 -0.616625
vt 0.482667 -0.618477
vt 0.484667 -0.616625
vt 0.482667 -0.616625
vt 0.484667 -0.619588
vt 0.488 -0.619958
vt 0.488 -0.616625
vt 0.484667 -0.619588
vt 0.488 -0.616625
vt 0.484667 -0.616625
vt 0.488 0.835349
vt 0.488 0.838682
vt 0.486148 0.838312
vt 0.512 1.62196
vt 0.512 1.61996
vt 0.514963 1.61996
vt 0.512 1.62196
vt 0.514963 1.61996
vt 0.513852 1.62196
vt 0.512 1.61996
vt 0.512 1.61662
vt 0.515333 1.61662
vt 0.512 1.61996
vt 0.515333 1.61662
vt 0.514963 1.61996
vt 0.488 0.835349
vt 0.486148 0.838312
vt 0.485037 0.837201
vt 0.486148 0.838312
vt 0.485037 0.84009
vt 0.483259 0.838312
vt 0.486148 0.838312
vt 0.483259 0.838312
vt 0.485037 0.837201
vt 0.514963 1.61996
vt 0.515333 1.61662
vt 0.517333 1.61662
vt 0.514963 1.61996
vt 0.517333 1.61662
vt 0.516741 1.61996
vt 0.162799 1.62196
vt 0.161688 1.61996
vt 0.164651 1.61996
vt 0.162799 1.62196
vt 0.164651 1.61996
vt 0.164651 1.62196
vt 0.161688 1.61996
vt 0.161318 1.61662
vt 0.164651 1.61662
vt 0.161688 1.61996
vt 0.164651 1.61662
vt 0.164651 1.61996
vt 0.164652 -0.616625
vt 0.161318 -0.616625
vt 0.161689 -0.618477
vt 0.161318 -0.616625
vt 0.159318 -0.616625
vt 0.159911 -0.619588
vt 0.161318 -0.616625
vt 0.159911 -0.619588
vt 0.161689 -0.618477
vt 0.515333 -0.616625
vt 0.512 -0.616625
vt 0.512 -0.619958
vt 0.515333 -0.616625
vt 0.512 -0.619958
vt 0.515333 -0.619588
vt 0.164652 -0.616625
vt 0.161689 -0.618477
vt 0.1628 -0.619588
vt 0.161689 -0.618477
vt 0.159911 -0.619588
vt 0.161689 -0.621366
vt 0.161689 -0.618477
vt 0.161689 -0.621366
vt 0.1628 -0.619588
vt 0.515333 0.840089
vt 0.512 0.840682
vt 0.512 0.838682
vt 0.515333 0.840089
vt 0.512 0.838682
vt 0.515333 0.838311
vt 0.517333 0.8372
vt 0.515333 0.838311
vt 0.515333 0.835348
vt 0.517333 0.8372
vt 0.515333 0.835348
vt 0.517333 0.835348
vt 0.515333 0.838311
vt 0.512 0.838682
vt 0.512 0.835348
vt 0.515333 0.838311
vt 0.512 0.835348
vt 0.515333 0.835348
vt 0.512 1.61663
vt 0.515333 1.61663
vt 0.514964 1.61848
vt 0.159318 1.61663
vt 0.161318 1.61663
vt 0.161318 1.61959
vt 0.159318 1.61663
vt 0.161318 1.61959
vt 0.159318 1.61848
vt 0.161318 1.61663
vt 0.164652 1.61663
vt 0.164652 1.61996
vt 0.161318 1.61663
vt 0.164652 1.61996
vt 0.161318 1.61959
vt 0.512 1.61663
vt 0.514964 1.61848
vt 0.513853 1.61959
vt 0.514964 1.61848
vt 0.516743 1.61959
vt 0.514965 1.62137
vt 0.514964 1.61848
vt 0.514965 1.62137
vt 0.513853 1.61959
vt 0.516743 0.161318
vt 0.517336 0.164652
vt 0.515336 0.164652
vt 0.516743 0.161318
vt 0.515336 0.164652
vt 0.514965 0.161318
vt 0.513853 0.159318
vt 0.514965 0.161318
vt 0.512 0.161318
vt 0.513853 0.159318
vt 0.512 0.161318
vt 0.512 0.159318
vt 0.514965 0.161318
vt 0.515336 0.164652
vt 0.512 0.164652
vt 0.514965 0.161318
vt 0.512 0.164652
vt 0.512 0.161318
vt 0.488 0.164651
vt 0.484667 0.164651
vt 0.485037 0.162799
vt 0.164651 -0.621958
vt 0.164651 -0.619958
vt 0.161688 -0.619958
vt 0.164651 -0.621958
vt 0.161688 -0.619958
vt 0.162799 -0.621958
vt 0.164651 -0.619958
vt 0.164651 -0.616625
vt 0.161318 -0.616625
vt 0.164651 -0.619958
vt 0.161318 -0.616625
vt 0.161688 -0.619958
vt 0.488 0.164651
vt 0.485037 0.162799
vt 0.486148 0.161688
vt 0.485037 0.162799
vt 0.483259 0.161688
vt 0.485037 0.15991
vt 0.485037 0.162799
vt 0.485037 0.15991
vt 0.486148 0.161688
vt 0.516741 -0.619958
vt 0.517334 -0.616625
vt 0.515334 -0.616625
vt 0.516741 -0.619958
vt 0.515334 -0.616625
vt 0.514963 -0.619958
vt 0.513852 -0.621958
vt 0.514963 -0.619958
vt 0.512 -0.619958
vt 0.513852 -0.621958
vt 0.512 -0.619958
vt 0.512 -0.621958
vt 0.514963 -0.619958
vt 0.515334 -0.616625
vt 0.512 -0.616625
vt 0.514963 -0.619958
vt 0.512 -0.616625
vt 0.512 -0.619958
vt 0.512 0.835349
vt 0.515333 0.835349
vt 0.514963 0.837201
vt 0.835349 1.62196
vt 0.835349 1.61996
vt 0.838312 1.61996
vt 0.835349 1.62196
vt 0.838312 1.61996
vt 0.837201 1.62196
vt 0.835349 1.61996
vt 0.835349 1.61662
vt 0.838682 1.61662
vt 0.835349 1.61996
vt 0.838682 1.61662
vt 0.838312 1.61996
vt 0.512 0.835349
vt 0.514963 0.837201
vt 0.513852 0.838312
vt 0.514963 0.837201
vt 0.516741 0.838312
vt 0.514963 0.84009
vt 0.514963 0.837201
vt 0.514963 0.84009
vt 0.513852 0.838312
vt 0.483259 1.61996
vt 0.482666 1.61662
vt 0.484666 1.61662
vt 0.483259 1.61996
vt 0.484666 1.61662
vt 0.485037 1.61996
vt 0.486148 1.62196
vt 0.485037 1.61996
vt 0.488 1.61996
vt 0.486148 1.62196
vt 0.488 1.61996
vt 0.488 1.62196
vt 0.485037 1.61996
vt 0.484666 1.61662
vt 0.488 1.61662
vt 0.485037 1.61996
vt 0.488 1.61662
vt 0.488 1.61996
vt 0.488 -0.616625
vt 0.484667 -0.616625
vt 0.485036 -0.618477
vt 0.840682 -0.616625
vt 0.838682 -0.616625
vt 0.838682 -0.619588
vt 0.840682 -0.616625
vt 0.838682 -0.619588
vt 0.840682 -0.618477
vt 0.838682 -0.616625
vt 0.835348 -0.616625
vt 0.835348 -0.619958
vt 0.838682 -0.616625
vt 0.835348 -0.619958
vt 0.838682 -0.619588
vt 0.488 -0.616625
vt 0.485036 -0.618477
vt 0.486147 -0.619588
vt 0.485036 -0.618477
vt 0.483257 -0.619588
vt 0.485035 -0.621366
vt 0.485036 -0.618477
vt 0.485035 -0.621366
vt 0.486147 -0.619588
vt 0.483257 0.838682
vt 0.482664 0.835348
vt 0.484664 0.835348
vt 0.483257 0.838682
vt 0.484664 0.835348
vt 0.485035 0.838682
vt 0.486147 0.840682
vt 0.485035 0.838682
vt 0.488 0.838682
vt 0.486147 0.840682
vt 0.488 0.838682
vt 0.488 0.840682
vt 0.485035 0.838682
vt 0.484664 0.835348
vt 0.488 0.835348
vt 0.485035 0.838682
vt 0.488 0.835348
vt 0.488 0.838682
vt 0.835348 1.61996
vt 0.835348 1.62196
vt 0.164651 1.62196
vt 0.835348 1.61996
vt 0.164651 1.62196
vt 0.164651 1.61996
vt 0.484667 0.164652
vt 0.488 0.164652
vt 0.488 0.835349
vt 0.484667 0.164652
vt 0.488 0.835349
vt 0.484667 0.835349
vt 0.161318 1.61662
vt 0.159318 1.61662
vt 0.159318 -0.616625
vt 0.161318 1.61662
vt 0.159318 -0.616625
vt 0.161318 -0.616625
vt 0.515333 1.61662
vt 0.512 1.61662
vt 0.512 -0.616625
vt 0.515333 1.61662
vt 0.512 -0.616625
vt 0.515333 -0.616625
vt 0.164652 -0.619958
vt 0.164652 -0.621958
vt 0.835349 -0.621958
vt 0.164652 -0.619958
vt 0.835349 -0.621958
vt 0.835349 -0.619958
vt 0.515333 0.835348
vt 0.512 0.835348
vt 0.512 0.164651
vt 0.515333 0.835348
vt 0.512 0.164651
vt 0.515333 0.164651
vt 0.838682 -0.616625
vt 0.840682 -0.616625
vt 0.840682 1.61663
vt 0.838682 -0.616625
vt 0.840682 1.61663
vt 0.838682 1.61663
vt 0.484667 -0.616625
vt 0.488 -0.616625
vt 0.488 1.61663
vt 0.484667 -0.616625
vt 0.488 1.61663
vt 0.484667 1.61663
vt 0.161318 1.61663
vt 0.159318 1.61663
vt 0.159318 -0.616625
vt 0.161318 1.61663
vt 0.159318 -0.616625
vt 0.161318 -0.616625
vt 0.515333 1.61663
vt 0.512 1.61663
vt 0.512 -0.616625
vt 0.515333 1.61663
vt 0.512 -0.616625
vt 0.515334 -0.616625
vt 0.164651 -0.619958
vt 0.164651 -0.621958
vt 0.835348 -0.621958
vt 0.164651 -0.619958
vt 0.835348 -0.621958
vt 0.835348 -0.619958
vt 0.484667 0.164651
vt 0.488 0.164651
vt 0.488 0.835348
vt 0.484667 0.164651
vt 0.488 0.835348
vt 0.484664 0.835348
vt 0.838682 -0.616625
vt 0.840682 -0.616625
vt 0.840682 1.61662
vt 0.838682 -0.616625
vt 0.840682 1.61662
vt 0.838682 1.61662
vt 0.484667 -0.616625
vt 0.488 -0.616625
vt 0.488 1.61662
vt 0.484667 -0.616625
vt 0.488 1.61662
vt 0.484666 1.61662
vt 0.835349 1.61996
vt 0.835349 1.62196
vt 0.164652 1.62196
vt 0.835349 1.61996
vt 0.164652 1.62196
vt 0.164652 1.61996
vt 0.515333 0.835349
vt 0.512 0.835349
vt 0.512 0.164652
vt 0.515333 0.835349
vt 0.512 0.164652
vt 0.515336 0.164652
vt 0.488 -0.619958
vt 0.488 -0.621958
vt 0.512 -0.621958
vt 0.488 -0.619958
vt 0.512 -0.621958
vt 0.512 -0.619958
vt 0.512 0.161318
vt 0.512 0.164651
vt 0.488 0.164651
vt 0.512 0.161318
vt 0.488 0.164651
vt 0.488 0.161318
vt 0.512 0.159318
vt 0.512 0.161318
vt 0.488 0.161318
vt 0.512 0.159318
vt 0.488 0.161318
vt 0.488 0.159318
vt 0.512 0.161318
vt 0.512 0.164652
vt 0.488 0.164652
vt 0.512 0.161318
vt 0.488 0.164652
vt 0.488 0.161318
vt 0.512 0.838682
vt 0.512 0.840682
vt 0.488 0.840682
vt 0.512 0.838682
vt 0.488 0.840682
vt 0.488 0.838682
vt 0.512 -0.619958
vt 0.512 -0.616625
vt 0.488 -0.616625
vt 0.512 -0.619958
vt 0.488 -0.616625
vt 0.488 -0.619958
vt 0.512 1.61996
vt 0.512 1.62196
vt 0.488 1.62196
vt 0.512 1.61996
vt 0.488 1.62196
vt 0.488 1.61996
vt 0.488 0.838682
vt 0.488 0.835349
vt 0.512 0.835349
vt 0.488 0.838682
vt 0.512 0.835349
vt 0.512 0.838682
vt 0.835348 1.61663
vt 0.164651 1.61662
vt 0.164652 -0.616625
vt 0.835348 1.61663
vt 0.164652 -0.616625
vt 0.835349 -0.616625
vt 0.164652 1.61663
vt 0.164651 -0.616625
vt 0.835348 -0.616625
vt 0.164652 1.61663
vt 0.835348 -0.616625
vt 0.835349 1.61662
vt 0.488 1.61663
vt 0.488 -0.616625
vt 0.512 -0.616625
vt 0.488 1.61663
vt 0.512 -0.616625
vt 0.512 1.61663
vt 0.512 0.164651
vt 0.512 0.835348
vt 0.488 0.835348
vt 0.512 0.164651
vt 0.488 0.835348
vt 0.488 0.164651
vt 0.512 -0.616625
vt 0.512 1.61662
vt 0.488 1.61662
vt 0.512 -0.616625
vt 0.488 1.61662
vt 0.488 -0.616625
vt 0.488 0.835349
vt 0.488 0.164652
vt 0.512 0.164652
vt 0.488 0.835349
vt 0.512 0.164652
vt 0.512 0.835349
vt 0.488 1.61663
vt 0.485037 1.61848
vt 0.484667 1.61663
vt 0.835349 -0.616625
vt 0.838312 -0.618477
vt 0.838682 -0.616625
vt 0.488 0.835349
vt 0.485037 0.837201
vt 0.484667 0.835349
vt 0.164652 -0.616625
vt 0.1628 -0.619588
vt 0.164652 -0.619958
vt 0.512 1.61663
vt 0.513853 1.61959
vt 0.512 1.61996
vt 0.488 0.164651
vt 0.486148 0.161688
vt 0.488 0.161318
vt 0.512 0.835349
vt 0.513852 0.838312
vt 0.512 0.838682
vt 0.488 -0.616625
vt 0.486147 -0.619588
vt 0.488 -0.619958
vt 0.835348 1.61663
vt 0.835348 1.61996
vt 0.164651 1.61996
vt 0.835348 1.61663
vt 0.164651 1.61996
vt 0.164651 1.61662
vt 0.164651 1.61662
vt 0.161318 1.61662
vt 0.161318 -0.616625
vt 0.164651 1.61662
vt 0.161318 -0.616625
vt 0.164652 -0.616625
vt 0.164652 -0.616625
vt 0.164652 -0.619958
vt 0.835349 -0.619958
vt 0.164652 -0.616625
vt 0.835349 -0.619958
vt 0.835349 -0.616625
vt 0.835349 -0.616625
vt 0.838682 -0.616625
vt 0.838682 1.61663
vt 0.835349 -0.616625
vt 0.838682 1.61663
vt 0.835348 1.61663
vt 0.164652 1.61663
vt 0.161318 1.61663
vt 0.161318 -0.616625
vt 0.164652 1.61663
vt 0.161318 -0.616625
vt 0.164651 -0.616625
vt 0.164651 -0.616625
vt 0.164651 -0.619958
vt 0.835348 -0.619958
vt 0.164651 -0.616625
vt 0.835348 -0.619958
vt 0.835348 -0.616625
vt 0.835348 -0.616625
vt 0.838682 -0.616625
vt 0.838682 1.61662
vt 0.835348 -0.616625
vt 0.838682 1.61662
vt 0.835349 1.61662
vt 0.835349 1.61662
vt 0.835349 1.61996
vt 0.164652 1.61996
vt 0.835349 1.61662
vt 0.164652 1.61996
vt 0.164652 1.61663
vt 0.488 -0.616625
vt 0.488 -0.619958
vt 0.512 -0.619958
vt 0.488 -0.616625
vt 0.512 -0.619958
vt 0.512 -0.616625
vt 0.512 1.61663
vt 0.512 1.61996
vt 0.488 1.61996
vt 0.512 1.61663
vt 0.488 1.61996
vt 0.488 1.61663
vt 0.512 0.835348
vt 0.512 0.838682
vt 0.488 0.838682
vt 0.512 0.835348
vt 0.488 0.838682
vt 0.488 0.835348
vt 0.512 1.61662
vt 0.512 1.61996
vt 0.488 1.61996
vt 0.512 1.61662
vt 0.488 1.61996
vt 0.488 1.61662
vt 0.488 1.61663
vt 0.488 1.61996
vt 0.486148 1.61959
vt 0.488 0.159318
vt 0.488 0.161318
vt 0.485037 0.161318
vt 0.488 0.159318
vt 0.485037 0.161318
vt 0.486148 0.159318
vt 0.488 0.161318
vt 0.488 0.164652
vt 0.484667 0.164652
vt 0.488 0.161318
vt 0.484667 0.164652
vt 0.485037 0.161318
vt 0.488 1.61663
vt 0.486148 1.61959
vt 0.485037 1.61848
vt 0.486148 1.61959
vt 0.485037 1.62137
vt 0.483259 1.61959
vt 0.486148 1.61959
vt 0.483259 1.61959
vt 0.485037 1.61848
vt 0.485037 0.161318
vt 0.484667 0.164652
vt 0.482667 0.164652
vt 0.485037 0.161318
vt 0.482667 0.164652
vt 0.483259 0.161318
vt 0.840682 1.61848
vt 0.838682 1.61959
vt 0.838682 1.61663
vt 0.840682 1.61848
vt 0.838682 1.61663
vt 0.840682 1.61663
vt 0.838682 1.61959
vt 0.835348 1.61996
vt 0.835348 1.61663
vt 0.838682 1.61959
vt 0.835348 1.61663
vt 0.838682 1.61663
vt 0.835349 -0.616625
vt 0.835349 -0.619958
vt 0.837201 -0.619588
vt 0.517333 0.164651
vt 0.515333 0.164651
vt 0.515333 0.161688
vt 0.517333 0.164651
vt 0.515333 0.161688
vt 0.517333 0.162799
vt 0.515333 0.164651
vt 0.512 0.164651
vt 0.512 0.161318
vt 0.515333 0.164651
vt 0.512 0.161318
vt 0.515333 0.161688
vt 0.835349 -0.616625
vt 0.837201 -0.619588
vt 0.838312 -0.618477
vt 0.837201 -0.619588
vt 0.838312 -0.621366
vt 0.84009 -0.619588
vt 0.837201 -0.619588
vt 0.84009 -0.619588
vt 0.838312 -0.618477
vt 0.515333 0.161688
vt 0.512 0.161318
vt 0.512 0.159318
vt 0.515333 0.161688
vt 0.512 0.159318
vt 0.515333 0.15991
vt 0.482667 -0.618477
vt 0.484667 -0.619588
vt 0.484667 -0.616625
vt 0.482667 -0.618477
vt 0.484667 -0.616625
vt 0.482667 -0.616625
vt 0.484667 -0.619588
vt 0.488 -0.619958
vt 0.488 -0.616625
vt 0.484667 -0.619588
vt 0.488 -0.616625
vt 0.484667 -0.616625
vt 0.488 0.835349
vt 0.488 0.838682
vt 0.486148 0.838312
vt 0.512 1.62196
vt 0.512 1.61996
vt 0.514963 1.61996
vt 0.512 1.62196
vt 0.514963 1.61996
vt 0.513852 1.62196
vt 0.512 1.61996
vt 0.512 1.61662
vt 0.515333 1.61662
vt 0.512 1.61996
vt 0.515333 1.61662
vt 0.514963 1.61996
vt 0.488 0.835349
vt 0.486148 0.838312
vt 0.485037 0.837201
vt 0.486148 0.838312
vt 0.485037 0.84009
vt 0.483259 0.838312
vt 0.486148 0.838312
vt 0.483259 0.838312
vt 0.485037 0.837201
vt 0.514963 1.61996
vt 0.515333 1.61662
vt 0.517333 1.61662
vt 0.514963 1.61996
vt 0.517333 1.61662
vt 0.516741 1.61996
vt 0.162799 1.62196
vt 0.161688 1.61996
vt 0.164651 1.61996
vt 0.162799 1.62196
vt 0.164651 1.61996
vt 0.164651 1.62196
vt 0.161688 1.61996
vt 0.161318 1.61662
vt 0.164651 1.61662
vt 0.161688 1.61996
vt 0.164651 1.61662
vt 0.164651 1.61996
vt 0.164652 -0.616625
vt 0.161318 -0.616625
vt 0.161689 -0.618477
vt 0.161318 -0.616625
vt 0.159318 -0.616625
vt 0.159911 -0.619588
vt 0.161318 -0.616625
vt 0.159911 -0.619588
vt 0.161689 -0.618477
vt 0.515333 -0.616625
vt 0.512 -0.616625
vt 0.512 -0.619958
vt 0.515333 -0.616625
vt 0.512 -0.619958
vt 0.515333 -0.619588
vt 0.164652 -0.616625
vt 0.161689 -0.618477
vt 0.1628 -0.619588
vt 0.161689 -0.618477
vt 0.159911 -0.619588
vt 0.161689 -0.621366
vt 0.161689 -0.618477
vt 0.161689 -0.621366
vt 0.1628 -0.619588
vt 0.515333 0.840089
vt 0.512 0.840682
vt 0.512 0.838682
vt 0.515333 0.840089
vt 0.512 0.838682
vt 0.515333 0.838311
vt 0.517333 0.8372
vt 0.515333 0.838311
vt 0.515333 0.835348
vt 0.517333 0.8372
vt 0.515333 0.835348
vt 0.517333 0.835348
vt 0.515333 0.838311
vt 0.512 0.838682
vt 0.512 0.835348
vt 0.515333 0.838311
vt 0.512 0.835348
vt 0.515333 0.835348
vt 0.512 1.61663
vt 0.515333 1.61663
vt 0.514964 1.61848
vt 0.159318 1.61663
vt 0.161318 1.61663
vt 0.161318 1.61959
vt 0.159318 1.61663
vt 0.161318 1.61959
vt 0.159318 1.61848
vt 0.161318 1.61663
vt 0.164652 1.61663
vt 0.164652 1.61996
vt 0.161318 1.61663
vt 0.164652 1.61996
vt 0.161318 1.61959
vt 0.512 1.61663
vt 0.514964 1.61848
vt 0.513853 1.61959
vt 0.514964 1.61848
vt 0.516743 1.61959
vt 0.514965 1.62137
vt 0.514964 1.61848
vt 0.514965 1.62137
vt 0.513853 1.61959
vt 0.516743 0.161318
vt 0.517336 0.164652
vt 0.515336 0.164652
vt 0.516743 0.161318
vt 0.515336 0.164652
vt 0.514965 0.161318
vt 0.513853 0.159318
vt 0.514965 0.161318
vt 0.512 0.161318
vt 0.513853 0.159318
vt 0.512 0.161318
vt 0.512 0.159318
vt 0.514965 0.161318
vt 0.515336 0.164652
vt 0.512 0.164652
vt 0.514965 0.161318
vt 0.512 0.164652
vt 0.512 0.161318
vt 0.488 0.164651
vt 0.484667 0.164651
vt 0.485037 0.162799
vt 0.164651 -0.621958
vt 0.164651 -0.619958
vt 0.161688 -0.619958
vt 0.164651 -0.621958
vt 0.161688 -0.619958
vt 0.162799 -0.621958
vt 0.164651 -0.619958
vt 0.164651 -0.616625
vt 0.161318 -0.616625
vt 0.164651 -0.619958
vt 0.161318 -0.616625
vt 0.161688 -0.619958
vt 0.488 0.164651
vt 0.485037 0.162799
vt 0.486148 0.161688
vt 0.485037 0.162799
vt 0.483259 0.161688
vt 0.485037 0.15991
vt 0.485037 0.162799
vt 0.485037 0.15991
vt 0.486148 0.161688
vt 0.516741 -0.619958
vt 0.517334 -0.616625
vt 0.515334 -0.616625
vt 0.516741 -0.619958
vt 0.515334 -0.616625
vt 0.514963 -0.619958
vt 0.513852 -0.621958
vt 0.514963 -0.619958
vt 0.512 -0.619958
vt 0.513852 -0.621958
vt 0.512 -0.619958
vt 0.512 -0.621958
vt 0.514963 -0.619958
vt 0.515334 -0.616625
vt 0.512 -0.616625
vt 0.514963 -0.619958
vt 0.512 -0.616625
vt 0.512 -0.619958
vt 0.512 0.835349
vt 0.515333 0.835349
vt 0.514963 0.837201
vt 0.835349 1.62196
vt 0.835349 1.61996
vt 0.838312 1.61996
vt 0.835349 1.62196
vt 0.838312 1.61996
vt 0.837201 1.62196
vt 0.835349 1.61996
vt 0.835349 1.61662
vt 0.838682 1.61662
vt 0.835349 1.61996
vt 0.838682 1.61662
vt 0.838312 1.61996
vt 0.512 0.835349
vt 0.514963 0.837201
vt 0.513852 0.838312
vt 0.514963 0.837201
vt 0.516741 0.838312
vt 0.514963 0.84009
vt 0.514963 0.837201
vt 0.514963 0.84009
vt 0.513852 0.838312
vt 0.483259 1.61996
vt 0.482666 1.61662
vt 0.484666 1.61662
vt 0.483259 1.61996
vt 0.484666 1.61662
vt 0.485037 1.61996
vt 0.486148 1.62196
vt 0.485037 1.61996
vt 0.488 1.61996
vt 0.486148 1.62196
vt 0.488 1.61996
vt 0.488 1.62196
vt 0.485037 1.61996
vt 0.484666 1.61662
vt 0.488 1.61662
vt 0.485037 1.61996
vt 0.488 1.61662
vt 0.488 1.61996
vt 0.488 -0.616625
vt 0.484667 -0.616625
vt 0.485036 -0.618477
vt 0.840682 -0.616625
vt 0.838682 -0.616625
vt 0.838682 -0.619588
vt 0.840682 -0.616625
vt 0.838682 -0.619588
vt 0.840682 -0.618477
vt 0.838682 -0.616625
vt 0.835348 -0.616625
vt 0.835348 -0.619958
vt 0.838682 -0.616625
vt 0.835348 -0.619958
vt 0.838682 -0.619588
vt 0.488 -0.616625
vt 0.485036 -0.618477
vt 0.486147 -0.619588
vt 0.485036 -0.618477
vt 0.483257 -0.619588
vt 0.485035 -0.621366
vt 0.485036 -0.618477
vt 0.485035 -0.621366
vt 0.486147 -0.619588
vt 0.483257 0.838682
vt 0.482664 0.835348
vt 0.484664 0.835348
vt 0.483257 0.838682
vt 0.484664 0.835348
vt 0.485035 0.838682
vt 0.486147 0.840682
vt 0.485035 0.838682
vt 0.488 0.838682
vt 0.486147 0.840682
vt 0.488 0.838682
vt 0.488 0.840682
vt 0.485035 0.838682
vt 0.484664 0.835348
vt 0.488 0.835348
vt 0.485035 0.838682
vt 0.488 0.835348
vt 0.488 0.838682
vt 0.835348 1.61996
vt 0.835348 1.62196
vt 0.164651 1.62196
vt 0.835348 1.61996
vt 0.164651 1.62196
vt 0.164651 1.61996
vt 0.484667 0.164652
vt 0.488 0.164652
vt 0.488 0.835349
vt 0.484667 0.164652
vt 0.488 0.835349
vt 0.484667 0.835349
vt 0.161318 1.61662
vt 0.159318 1.61662
vt 0.159318 -0.616625
vt 0.161318 1.61662
vt 0.159318 -0.616625
vt 0.161318 -0.616625
vt 0.515333 1.61662
vt 0.512 1.61662
vt 0.512 -0.616625
vt 0.515333 1.61662
vt 0.512 -0.616625
vt 0.515333 -0.616625
vt 0.164652 -0.619958
vt 0.164652 -0.621958
vt 0.835349 -0.621958
vt 0.164652 -0.619958
vt 0.835349 -0.621958
vt 0.835349 -0.619958
vt 0.515333 0.835348
vt 0.512 0.835348
vt 0.512 0.164651
vt 0.515333 0.835348
vt 0.512 0.164651
vt 0.515333 0.164651
vt 0.838682 -0.616625
vt 0.840682 -0.616625
vt 0.840682 1.61663
vt 0.838682 -0.616625
vt 0.840682 1.61663
vt 0.838682 1.61663
vt 0.484667 -0.616625
vt 0.488 -0.616625
vt 0.488 1.61663
vt 0.484667 -0.616625
vt 0.488 1.61663
vt 0.484667 1.61663
vt 0.161318 1.61663
vt 0.159318 1.61663
vt 0.159318 -0.616625
vt 0.161318 1.61663
vt 0.159318 -0.616625
vt 0.161318 -0.616625
vt 0.515333 1.61663
vt 0.512 1.61663
vt 0.512 -0.616625
vt 0.515333 1.61663
vt 0.512 -0.616625
vt 0.515334 -0.616625
vt 0.164651 -0.619958
vt 0.164651 -0.621958
vt 0.835348 -0.621958
vt 0.164651 -0.619958
vt 0.835348 -0.621958
vt 0.835348 -0.619958
vt 0.484667 0.164651
vt 0.488 0.164651
vt 0.488 0.835348
vt 0.484667 0.164651
vt 0.488 0.835348
vt 0.484664 0.835348
vt 0.838682 -0.616625
vt 0.840682 -0.616625
vt 0.840682 1.61662
vt 0.838682 -0.616625
vt 0.840682 1.61662
vt 0.838682 1.61662
vt 0.484667 -0.616625
vt 0.488 -0.616625
vt 0.488 1.61662
vt 0.484667 -0.616625
vt 0.488 1.61662
vt 0.484666 1.61662
vt 0.835349 1.61996
vt 0.835349 1.62196
vt 0.164652 1.62196
vt 0.835349 1.61996
vt 0.164652 1.62196
vt 0.164652 1.61996
vt 0.515333 0.835349
vt 0.512 0.835349
vt 0.512 0.164652
vt 0.515333 0.835349
vt 0.512 0.164652
vt 0.515336 0.164652
vt 0.488 -0.619958
vt 0.488 -0.621958
vt 0.512 -0.621958
vt 0.488 -0.619958
vt 0.512 -0.621958
vt 0.512 -0.619958
vt 0.512 0.161318
vt 0.512 0.164651
vt 0.488 0.164651
vt 0.512 0.161318
vt 0.488 0.164651
vt 0.488 0.161318
vt 0.512 0.159318
vt 0.512 0.161318
vt 0.488 0.161318
vt 0.512 0.159318
vt 0.488 0.161318
vt 0.488 0.159318
vt 0.512 0.161318
vt 0.512 0.164652
vt 0.488 0.164652
vt 0.512 0.161318
vt 0.488 0.164652
vt 0.488 0.161318
vt 0.512 0.838682
vt 0.512 0.840682
vt 0.488 0.840682
vt 0.512 0.838682
vt 0.488 0.840682
vt 0.488 0.838682
vt 0.512 -0.619958
vt 0.512 -0.616625
vt 0.488 -0.616625
vt 0.512 -0.619958
vt 0.488 -0.616625
vt 0.488 -0.619958
vt 0.512 1.61996
vt 0.512 1.62196
vt 0.488 1.62196
vt 0.512 1.61996
vt 0.488 1.62196
vt 0.488 1.61996
vt 0.488 0.838682
vt 0.488 0.835349
vt 0.512 0.835349
vt 0.488 0.838682
vt 0.512 0.835349
vt 0.512 0.838682
vt 0.994 0.481
vt 0.994 0.519
vt 0.00600004 0.519
vt 0.994 0.481
vt 0.00600004 0.519
vt 0.00600004 0.481
vt 0.00600004 0.481
vt 0.994 0.481
vt 0.994 0.519
vt 0.00600004 0.481
vt 0.994 0.519
vt 0.00600004 0.519
vt 0.00600004 -0.694
vt 0.994 -0.694
vt 0.994 1.694
vt 0.00600004 -0.694
vt 0.994 1.694
vt 0.00600004 1.694
vt 0.481 -0.694
vt 0.519 -0.694
vt 0.519 1.694
vt 0.481 -0.694
vt 0.519 1.694
vt 0.481 1.694
vt 0.00600004 -0.694
vt 0.994 -0.694
vt 0.994 1.694
vt 0.00600004 -0.694
vt 0.994 1.694
vt 0.00600004 1.694
vt 0.481 -0.694
vt 0.519 -0.694
vt 0.519 1.694
vt 0.481 -0.694
vt 0.519 1.694
vt 0.481 1.694
vt 0.00600004 -0.694
vt 0.00414824 -0.696963
vt 0.00600004 -0.697333
vt 0.00600004 0.481
vt 0.00414813 0.478037
vt 0.00600004 0.477667
vt 0.481 -0.694
vt 0.479148 -0.696963
vt 0.481 -0.697333
vt 0.00600004 0.519
vt 0.0030371 0.520852
vt 0.00266671 0.519
vt 0.00600004 1.694
vt 0.00303707 1.69585
vt 0.00266668 1.694
vt 0.481 1.694
vt 0.478037 1.69585
vt 0.477667 1.694
vt 0.481 1.694
vt 0.478037 1.69585
vt 0.477667 1.694
vt 0.00600004 1.694
vt 0.0030371 1.69585
vt 0.00266671 1.694
vt 0.994 0.481
vt 0.997333 0.481
vt 0.997333 0.519
vt 0.994 0.481
vt 0.997333 0.519
vt 0.994 0.519
vt 0.994 0.519
vt 0.994 0.522334
vt 0.00600004 0.522333
vt 0.994 0.519
vt 0.00600004 0.522333
vt 0.00600004 0.519
vt 0.00600004 0.519
vt 0.00266671 0.519
vt 0.00266671 0.481
vt 0.00600004 0.519
vt 0.00266671 0.481
vt 0.00600004 0.481
vt 0.00600004 0.481
vt 0.00600004 0.477667
vt 0.994 0.477667
vt 0.00600004 0.481
vt 0.994 0.477667
vt 0.994 0.481
vt 0.00600004 0.481
vt 0.00600004 0.477667
vt 0.994 0.477667
vt 0.00600004 0.481
vt 0.994 0.477667
vt 0.994 0.481
vt 0.994 0.481
vt 0.997333 0.481
vt 0.997333 0.519
vt 0.994 0.481
vt 0.997333 0.519
vt 0.994 0.519
vt 0.994 0.519
vt 0.994 0.522333
vt 0.00600004 0.522333
vt 0.994 0.519
vt 0.00600004 0.522333
vt 0.00600004 0.519
vt 0.00600004 0.519
vt 0.00266668 0.519
vt 0.00266668 0.481
vt 0.00600004 0.519
vt 0.00266668 0.481
vt 0.00600004 0.481
vt 0.994 -0.694
vt 0.997333 -0.694
vt 0.997333 1.694
vt 0.994 -0.694
vt 0.997333 1.694
vt 0.994 1.694
vt 0.00600004 1.694
vt 0.00266668 1.694
vt 0.00266668 -0.694
vt 0.00600004 1.694
vt 0.00266668 -0.694
vt 0.00600004 -0.694
vt 0.519 -0.694
vt 0.522333 -0.694
vt 0.522333 1.694
vt 0.519 -0.694
vt 0.522333 1.694
vt 0.519 1.694
vt 0.994 -0.694
vt 0.997333 -0.694
vt 0.997333 1.694
vt 0.994 -0.694
vt 0.997333 1.694
vt 0.994 1.694
vt 0.00600004 -0.694
vt 0.00266668 -0.694
vt 0.00303715 -0.695852
vt 0.00266668 -0.694
vt 0.000666678 -0.694
vt 0.00125942 -0.696963
vt 0.00266668 -0.694
vt 0.00125942 -0.696963
vt 0.00303715 -0.695852
vt 0.522333 -0.694
vt 0.519 -0.694
vt 0.519 -0.697333
vt 0.522333 -0.694
vt 0.519 -0.697333
vt 0.522333 -0.696963
vt 0.00600004 -0.694
vt 0.00303715 -0.695852
vt 0.00414824 -0.696963
vt 0.00303715 -0.695852
vt 0.00125942 -0.696963
vt 0.00303718 -0.698741
vt 0.00303715 -0.695852
vt 0.00303718 -0.698741
vt 0.00414824 -0.696963
vt 0.522333 -0.696963
vt 0.519 -0.697333
vt 0.519 -0.699333
vt 0.522333 -0.696963
vt 0.519 -0.699333
vt 0.522333 -0.698741
vt 0.00414824 -0.696963
vt 0.00303718 -0.698741
vt 0.00600004 -0.699333
vt 0.00414824 -0.696963
vt 0.00600004 -0.699333
vt 0.00600004 -0.697333
vt 0.996963 0.477667
vt 0.997333 0.481
vt 0.994 0.481
vt 0.996963 0.477667
vt 0.994 0.481
vt 0.994 0.477667
vt 0.00600004 0.481
vt 0.00266671 0.481
vt 0.0030371 0.479148
vt 0.481 -0.699333
vt 0.481 -0.697333
vt 0.478037 -0.697333
vt 0.481 -0.699333
vt 0.478037 -0.697333
vt 0.479148 -0.699333
vt 0.481 -0.697333
vt 0.481 -0.694
vt 0.477667 -0.694
vt 0.481 -0.697333
vt 0.477667 -0.694
vt 0.478037 -0.697333
vt 0.00600004 0.481
vt 0.0030371 0.479148
vt 0.00414813 0.478037
vt 0.0030371 0.479148
vt 0.00125927 0.478037
vt 0.0030371 0.476259
vt 0.0030371 0.479148
vt 0.0030371 0.476259
vt 0.00414813 0.478037
vt 0.478037 -0.697333
vt 0.477667 -0.694
vt 0.475667 -0.694
vt 0.478037 -0.697333
vt 0.475667 -0.694
vt 0.476259 -0.697333
vt 0.995852 -0.699333
vt 0.996963 -0.697333
vt 0.994 -0.697333
vt 0.995852 -0.699333
vt 0.994 -0.697333
vt 0.994 -0.699333
vt 0.996963 -0.697333
vt 0.997333 -0.694
vt 0.994 -0.694
vt 0.996963 -0.697333
vt 0.994 -0.694
vt 0.994 -0.697333
vt 0.481 -0.694
vt 0.477667 -0.694
vt 0.478037 -0.695852
vt 0.999333 -0.694
vt 0.997333 -0.694
vt 0.997333 -0.696963
vt 0.999333 -0.694
vt 0.997333 -0.696963
vt 0.999333 -0.695852
vt 0.997333 -0.694
vt 0.994 -0.694
vt 0.994 -0.697333
vt 0.997333 -0.694
vt 0.994 -0.697333
vt 0.997333 -0.696963
vt 0.481 -0.694
vt 0.478037 -0.695852
vt 0.479148 -0.696963
vt 0.478037 -0.695852
vt 0.476259 -0.696963
vt 0.478037 -0.698741
vt 0.478037 -0.695852
vt 0.478037 -0.698741
vt 0.479148 -0.696963
vt 0.997333 0.523741
vt 0.994 0.524334
vt 0.994 0.522334
vt 0.997333 0.523741
vt 0.994 0.522334
vt 0.997333 0.521963
vt 0.999333 0.520852
vt 0.997333 0.521963
vt 0.997333 0.519
vt 0.999333 0.520852
vt 0.997333 0.519
vt 0.999333 0.519
vt 0.997333 0.521963
vt 0.994 0.522334
vt 0.994 0.519
vt 0.997333 0.521963
vt 0.994 0.519
vt 0.997333 0.519
vt 0.00600004 0.519
vt 0.00600004 0.522333
vt 0.00414813 0.521963
vt 0.00600004 -0.699333
vt 0.00600004 -0.697333
vt 0.0030371 -0.697333
vt 0.00600004 -0.699333
vt 0.0030371 -0.697333
vt 0.00414813 -0.699333
vt 0.00600004 -0.697333
vt 0.00600004 -0.694
vt 0.00266671 -0.694
vt 0.00600004 -0.697333
vt 0.00266671 -0.694
vt 0.0030371 -0.697333
vt 0.00600004 0.519
vt 0.00414813 0.521963
vt 0.0030371 0.520852
vt 0.00414813 0.521963
vt 0.0030371 0.523741
vt 0.00125927 0.521963
vt 0.00414813 0.521963
vt 0.00125927 0.521963
vt 0.0030371 0.520852
vt 0.523741 -0.697333
vt 0.524333 -0.694
vt 0.522333 -0.694
vt 0.523741 -0.697333
vt 0.522333 -0.694
vt 0.521963 -0.697333
vt 0.520852 -0.699333
vt 0.521963 -0.697333
vt 0.519 -0.697333
vt 0.520852 -0.699333
vt 0.519 -0.697333
vt 0.519 -0.699333
vt 0.521963 -0.697333
vt 0.522333 -0.694
vt 0.519 -0.694
vt 0.521963 -0.697333
vt 0.519 -0.694
vt 0.519 -0.697333
vt 0.00600004 1.694
vt 0.00600004 1.69733
vt 0.00414816 1.69696
vt 0.00600004 1.69733
vt 0.00600004 1.69933
vt 0.00303707 1.69874
vt 0.00600004 1.69733
vt 0.00303707 1.69874
vt 0.00414816 1.69696
vt 0.00600004 0.477667
vt 0.00600004 0.481
vt 0.00266668 0.481
vt 0.00600004 0.477667
vt 0.00266668 0.481
vt 0.00303707 0.477667
vt 0.00600004 1.694
vt 0.00414816 1.69696
vt 0.00303707 1.69585
vt 0.00414816 1.69696
vt 0.00303707 1.69874
vt 0.00125927 1.69696
vt 0.00414816 1.69696
vt 0.00125927 1.69696
vt 0.00303707 1.69585
vt 0.522333 1.69874
vt 0.519 1.69933
vt 0.519 1.69733
vt 0.522333 1.69874
vt 0.519 1.69733
vt 0.522333 1.69696
vt 0.524333 1.69585
vt 0.522333 1.69696
vt 0.522333 1.694
vt 0.524333 1.69585
vt 0.522333 1.694
vt 0.524333 1.694
vt 0.522333 1.69696
vt 0.519 1.69733
vt 0.519 1.694
vt 0.522333 1.69696
vt 0.519 1.694
vt 0.522333 1.694
vt 0.481 1.694
vt 0.481 1.69733
vt 0.479148 1.69696
vt 0.481 1.69733
vt 0.481 1.69933
vt 0.478037 1.69874
vt 0.481 1.69733
vt 0.478037 1.69874
vt 0.479148 1.69696
vt 0.997333 0.481
vt 0.994 0.481
vt 0.994 0.477667
vt 0.997333 0.481
vt 0.994 0.477667
vt 0.997333 0.478037
vt 0.481 1.694
vt 0.479148 1.69696
vt 0.478037 1.69585
vt 0.479148 1.69696
vt 0.478037 1.69874
vt 0.476259 1.69696
vt 0.479148 1.69696
vt 0.476259 1.69696
vt 0.478037 1.69585
vt 0.997333 1.69874
vt 0.994 1.69933
vt 0.994 1.69733
vt 0.997333 1.69874
vt 0.994 1.69733
vt 0.997333 1.69696
vt 0.999333 1.69585
vt 0.997333 1.69696
vt 0.997333 1.694
vt 0.999333 1.69585
vt 0.997333 1.694
vt 0.999333 1.694
vt 0.997333 1.69696
vt 0.994 1.69733
vt 0.994 1.694
vt 0.997333 1.69696
vt 0.994 1.694
vt 0.997333 1.694
vt 0.481 1.694
vt 0.481 1.69733
vt 0.479148 1.69696
vt 0.481 1.69733
vt 0.481 1.69933
vt 0.478037 1.69874
vt 0.481 1.69733
vt 0.478037 1.69874
vt 0.479148 1.69696
vt 0.00266668 0.519
vt 0.00600004 0.519
vt 0.00600004 0.522333
vt 0.00266668 0.519
vt 0.00600004 0.522333
vt 0.00266668 0.521963
vt 0.481 1.694
vt 0.479148 1.69696
vt 0.478037 1.69585
vt 0.479148 1.69696
vt 0.478037 1.69874
vt 0.476259 1.69696
vt 0.479148 1.69696
vt 0.476259 1.69696
vt 0.478037 1.69585
vt 0.997333 1.69874
vt 0.994 1.69933
vt 0.994 1.69733
vt 0.997333 1.69874
vt 0.994 1.69733
vt 0.997333 1.69696
vt 0.999333 1.69585
vt 0.997333 1.69696
vt 0.997333 1.694
vt 0.999333 1.69585
vt 0.997333 1.694
vt 0.999333 1.694
vt 0.997333 1.69696
vt 0.994 1.69733
vt 0.994 1.694
vt 0.997333 1.69696
vt 0.994 1.694
vt 0.997333 1.694
vt 0.00600004 1.694
vt 0.00600004 1.69733
vt 0.00414813 1.69696
vt 0.00600004 1.69733
vt 0.00600004 1.69933
vt 0.0030371 1.69874
vt 0.00600004 1.69733
vt 0.0030371 1.69874
vt 0.00414813 1.69696
vt 0.994 0.522333
vt 0.994 0.519
vt 0.997333 0.519
vt 0.994 0.522333
vt 0.997333 0.519
vt 0.996963 0.522333
vt 0.00600004 1.694
vt 0.00414813 1.69696
vt 0.0030371 1.69585
vt 0.00414813 1.69696
vt 0.0030371 1.69874
vt 0.00125927 1.69696
vt 0.00414813 1.69696
vt 0.00125927 1.69696
vt 0.0030371 1.69585
vt 0.522333 1.69874
vt 0.519 1.69933
vt 0.519 1.69733
vt 0.522333 1.69874
vt 0.519 1.69733
vt 0.522333 1.69696
vt 0.524333 1.69585
vt 0.522333 1.69696
vt 0.522333 1.694
vt 0.524333 1.69585
vt 0.522333 1.694
vt 0.524333 1.694
vt 0.522333 1.69696
vt 0.519 1.69733
vt 0.519 1.694
vt 0.522333 1.69696
vt 0.519 1.694
vt 0.522333 1.694
vt 0.997333 0.481
vt 0.999333 0.481
vt 0.999333 0.519
vt 0.997333 0.481
vt 0.999333 0.519
vt 0.997333 0.519
vt 0.519 -0.697333
vt 0.519 -0.694
vt 0.481 -0.694
vt 0.519 -0.697333
vt 0.481 -0.694
vt 0.481 -0.697333
vt 0.994 0.522334
vt 0.994 0.524334
vt 0.00600004 0.524333
vt 0.994 0.522334
vt 0.00600004 0.524333
vt 0.00600004 0.522333
vt 0.994 -0.697333
vt 0.994 -0.694
vt 0.00600004 -0.694
vt 0.994 -0.697333
vt 0.00600004 -0.694
vt 0.00600004 -0.697333
vt 0.519 -0.699333
vt 0.519 -0.697333
vt 0.481 -0.697333
vt 0.519 -0.699333
vt 0.481 -0.697333
vt 0.481 -0.699333
vt 0.519 -0.697333
vt 0.519 -0.694
vt 0.481 -0.694
vt 0.519 -0.697333
vt 0.481 -0.694
vt 0.481 -0.697333
vt 0.00600004 0.477667
vt 0.00600004 0.475667
vt 0.994 0.475667
vt 0.00600004 0.477667
vt 0.994 0.475667
vt 0.994 0.477667
vt 0.994 -0.697333
vt 0.994 -0.694
vt 0.00600004 -0.694
vt 0.994 -0.697333
vt 0.00600004 -0.694
vt 0.00600004 -0.697333
vt 0.00600004 1.69933
vt 0.00600004 1.69733
vt 0.994 1.69733
vt 0.00600004 1.69933
vt 0.994 1.69733
vt 0.994 1.69933
vt 0.00600004 1.69733
vt 0.00600004 1.694
vt 0.994 1.694
vt 0.00600004 1.69733
vt 0.994 1.694
vt 0.994 1.69733
vt 0.481 1.69933
vt 0.481 1.69733
vt 0.519 1.69733
vt 0.481 1.69933
vt 0.519 1.69733
vt 0.519 1.69933
vt 0.481 1.69733
vt 0.481 1.694
vt 0.519 1.694
vt 0.481 1.69733
vt 0.519 1.694
vt 0.519 1.69733
vt 0.00600004 1.69933
vt 0.00600004 1.69733
vt 0.994 1.69733
vt 0.00600004 1.69933
vt 0.994 1.69733
vt 0.994 1.69933
vt 0.00600004 1.69733
vt 0.00600004 1.694
vt 0.994 1.694
vt 0.00600004 1.69733
vt 0.994 1.694
vt 0.994 1.69733
vt 0.481 1.69933
vt 0.481 1.69733
vt 0.519 1.69733
vt 0.481 1.69933
vt 0.519 1.69733
vt 0.519 1.69933
vt 0.481 1.69733
vt 0.481 1.694
vt 0.519 1.694
vt 0.481 1.69733
vt 0.519 1.694
vt 0.519 1.69733
vt 0.997333 -0.694
vt 0.999333 -0.694
vt 0.999333 1.694
vt 0.997333 -0.694
vt 0.999333 1.694
vt 0.997333 1.694
vt 0.477667 -0.694
vt 0.481 -0.694
vt 0.481 1.694
vt 0.477667 -0.694
vt 0.481 1.694
vt 0.477667 1.694
vt 0.524333 1.694
vt 0.522333 1.694
vt 0.522333 -0.694
vt 0.524333 1.694
vt 0.522333 -0.694
vt 0.524333 -0.694
vt 0.522333 1.694
vt 0.519 1.694
vt 0.519 -0.694
vt 0.522333 1.694
vt 0.519 -0.694
vt 0.522333 -0.694
vt 0.522333 -0.694
vt 0.524333 -0.694
vt 0.524333 1.694
vt 0.522333 -0.694
vt 0.524333 1.694
vt 0.522333 1.694
vt 0.00266671 -0.694
vt 0.00600004 -0.694
vt 0.00600004 1.694
vt 0.00266671 -0.694
vt 0.00600004 1.694
vt 0.00266671 1.694
vt 0.997333 -0.694
vt 0.999333 -0.694
vt 0.999333 1.694
vt 0.997333 -0.694
vt 0.999333 1.694
vt 0.997333 1.694
vt 0.477667 -0.694
vt 0.481 -0.694
vt 0.481 1.694
vt 0.477667 -0.694
vt 0.481 1.694
vt 0.477667 1.694
vt 0.994 0.481
vt 0.994 0.519
vt 0.00600004 0.519
vt 0.994 0.481
vt 0.00600004 0.519
vt 0.00600004 0.481
vt 0.00600004 0.481
vt 0.994 0.481
vt 0.994 0.519
vt 0.00600004 0.481
vt 0.994 0.519
vt 0.00600004 0.519
vt 0.00600004 -0.694
vt 0.994 -0.694
vt 0.994 1.694
vt 0.00600004 -0.694
vt 0.994 1.694
vt 0.00600004 1.694
vt 0.481 -0.694
vt 0.519 -0.694
vt 0.519 1.694
vt 0.481 -0.694
vt 0.519 1.694
vt 0.481 1.694
vt 0.00600004 -0.694
vt 0.994 -0.694
vt 0.994 1.694
vt 0.00600004 -0.694
vt 0.994 1.694
vt 0.00600004 1.694
vt 0.481 -0.694
vt 0.519 -0.694
vt 0.519 1.694
vt 0.481 -0.694
vt 0.519 1.694
vt 0.481 1.694
vt 0.00600004 -0.694
vt 0.00414824 -0.696963
vt 0.00600004 -0.697333
vt 0.00600004 0.481
vt 0.00414813 0.478037
vt 0.00600004 0.477667
vt 0.481 -0.694
vt 0.479148 -0.696963
vt 0.481 -0.697333
vt 0.00600004 0.519
vt 0.0030371 0.520852
vt 0.00266671 0.519
vt 0.00600004 1.694
vt 0.00303707 1.69585
vt 0.00266668 1.694
vt 0.481 1.694
vt 0.478037 1.69585
vt 0.477667 1.694
vt 0.481 1.694
vt 0.478037 1.69585
vt 0.477667 1.694
vt 0.00600004 1.694
vt 0.0030371 1.69585
vt 0.00266671 1.694
vt 0.994 0.481
vt 0.997333 0.481
vt 0.997333 0.519
vt 0.994 0.481
vt 0.997333 0.519
vt 0.994 0.519
vt 0.994 0.519
vt 0.994 0.522334
vt 0.00600004 0.522333
vt 0.994 0.519
vt 0.00600004 0.522333
vt 0.00600004 0.519
vt 0.00600004 0.519
vt 0.00266671 0.519
vt 0.00266671 0.481
vt 0.00600004 0.519
vt 0.00266671 0.481
vt 0.00600004 0.481
vt 0.00600004 0.481
vt 0.00600004 0.477667
vt 0.994 0.477667
vt 0.00600004 0.481
vt 0.994 0.477667
vt 0.994 0.481
vt 0.00600004 0.481
vt 0.00600004 0.477667
vt 0.994 0.477667
vt 0.00600004 0.481
vt 0.994 0.477667
vt 0.994 0.481
vt 0.994 0.481
vt 0.997333 0.481
vt 0.997333 0.519
vt 0.994 0.481
vt 0.997333 0.519
vt 0.994 0.519
vt 0.994 0.519
vt 0.994 0.522333
vt 0.00600004 0.522333
vt 0.994 0.519
vt 0.00600004 0.522333
vt 0.00600004 0.519
vt 0.00600004 0.519
vt 0.00266668 0.519
vt 0.00266668 0.481
vt 0.00600004 0.519
vt 0.00266668 0.481
vt 0.00600004 0.481
vt 0.994 -0.694
vt 0.997333 -0.694
vt 0.997333 1.694
vt 0.994 -0.694
vt 0.997333 1.694
vt 0.994 1.694
vt 0.00600004 1.694
vt 0.00266668 1.694
vt 0.00266668 -0.694
vt 0.00600004 1.694
vt 0.00266668 -0.694
vt 0.00600004 -0.694
vt 0.519 -0.694
vt 0.522333 -0.694
vt 0.522333 1.694
vt 0.519 -0.694
vt 0.522333 1.694
vt 0.519 1.694
vt 0.994 -0.694
vt 0.997333 -0.694
vt 0.997333 1.694
vt 0.994 -0.694
vt 0.997333 1.694
vt 0.994 1.694
vt 0.00600004 -0.694
vt 0.00266668 -0.694
vt 0.00303715 -0.695852
vt 0.00266668 -0.694
vt 0.000666678 -0.694
vt 0.00125942 -0.696963
vt 0.00266668 -0.694
vt 0.00125942 -0.696963
vt 0.00303715 -0.695852
vt 0.522333 -0.694
vt 0.519 -0.694
vt 0.519 -0.697333
vt 0.522333 -0.694
vt 0.519 -0.697333
vt 0.522333 -0.696963
vt 0.00600004 -0.694
vt 0.00303715 -0.695852
vt 0.00414824 -0.696963
vt 0.00303715 -0.695852
vt 0.00125942 -0.696963
vt 0.00303718 -0.698741
vt 0.00303715 -0.695852
vt 0.00303718 -0.698741
vt 0.00414824 -0.696963
vt 0.522333 -0.696963
vt 0.519 -0.697333
vt 0.519 -0.699333
vt 0.522333 -0.696963
vt 0.519 -0.699333
vt 0.522333 -0.698741
vt 0.00414824 -0.696963
vt 0.00303718 -0.698741
vt 0.00600004 -0.699333
vt 0.00414824 -0.696963
vt 0.00600004 -0.699333
vt 0.00600004 -0.697333
vt 0.996963 0.477667
vt 0.997333 0.481
vt 0.994 0.481
vt 0.996963 0.477667
vt 0.994 0.481
vt 0.994 0.477667
vt 0.00600004 0.481
vt 0.00266671 0.481
vt 0.0030371 0.479148
vt 0.481 -0.699333
vt 0.481 -0.697333
vt 0.478037 -0.697333
vt 0.481 -0.699333
vt 0.478037 -0.697333
vt 0.479148 -0.699333
vt 0.481 -0.697333
vt 0.481 -0.694
vt 0.477667 -0.694
vt 0.481 -0.697333
vt 0.477667 -0.694
vt 0.478037 -0.697333
vt 0.00600004 0.481
vt 0.0030371 0.479148
vt 0.00414813 0.478037
vt 0.0030371 0.479148
vt 0.00125927 0.478037
vt 0.0030371 0.476259
vt 0.0030371 0.479148
vt 0.0030371 0.476259
vt 0.00414813 0.478037
vt 0.478037 -0.697333
vt 0.477667 -0.694
vt 0.475667 -0.694
vt 0.478037 -0.697333
vt 0.475667 -0.694
vt 0.476259 -0.697333
vt 0.995852 -0.699333
vt 0.996963 -0.697333
vt 0.994 -0.697333
vt 0.995852 -0.699333
vt 0.994 -0.697333
vt 0.994 -0.699333
vt 0.996963 -0.697333
vt 0.997333 -0.694
vt 0.994 -0.694
vt 0.996963 -0.697333
vt 0.994 -0.694
vt 0.994 -0.697333
vt 0.481 -0.694
vt 0.477667 -0.694
vt 0.478037 -0.695852
vt 0.999333 -0.694
vt 0.997333 -0.694
vt 0.997333 -0.696963
vt 0.999333 -0.694
vt 0.997333 -0.696963
vt 0.999333 -0.695852
vt 0.997333 -0.694
vt 0.994 -0.694
vt 0.994 -0.697333
vt 0.997333 -0.694
vt 0.994 -0.697333
vt 0.997333 -0.696963
vt 0.481 -0.694
vt 0.478037 -0.695852
vt 0.479148 -0.696963
vt 0.478037 -0.695852
vt 0.476259 -0.696963
vt 0.478037 -0.698741
vt 0.478037 -0.695852
vt 0.478037 -0.698741
vt 0.479148 -0.696963
vt 0.997333 0.523741
vt 0.994 0.524334
vt 0.994 0.522334
vt 0.997333 0.523741
vt 0.994 0.522334
vt 0.997333 0.521963
vt 0.999333 0.520852
vt 0.997333 0.521963
vt 0.997333 0.519
vt 0.999333 0.520852
vt 0.997333 0.519
vt 0.999333 0.519
vt 0.997333 0.521963
vt 0.994 0.522334
vt 0.994 0.519
vt 0.997333 0.521963
vt 0.994 0.519
vt 0.997333 0.519
vt 0.00600004 0.519
vt 0.00600004 0.522333
vt 0.00414813 0.521963
vt 0.00600004 -0.699333
vt 0.00600004 -0.697333
vt 0.0030371 -0.697333
vt 0.00600004 -0.699333
vt 0.0030371 -0.697333
vt 0.00414813 -0.699333
vt 0.00600004 -0.697333
vt 0.00600004 -0.694
vt 0.00266671 -0.694
vt 0.00600004 -0.697333
vt 0.00266671 -0.694
vt 0.0030371 -0.697333
vt 0.00600004 0.519
vt 0.00414813 0.521963
vt 0.0030371 0.520852
vt 0.00414813 0.521963
vt 0.0030371 0.523741
vt 0.00125927 0.521963
vt 0.00414813 0.521963
vt 0.00125927 0.521963
vt 0.0030371 0.520852
vt 0.523741 -0.697333
vt 0.524333 -0.694
vt 0.522333 -0.694
vt 0.523741 -0.697333
vt 0.522333 -0.694
vt 0.521963 -0.697333
vt 0.520852 -0.699333
vt 0.521963 -0.697333
vt 0.519 -0.697333
vt 0.520852 -0.699333
vt 0.519 -0.697333
vt 0.519 -0.699333
vt 0.521963 -0.697333
vt 0.522333 -0.694
vt 0.519 -0.694
vt 0.521963 -0.697333
vt 0.519 -0.694
vt 0.519 -0.697333
vt 0.00600004 1.694
vt 0.00600004 1.69733
vt 0.00414816 1.69696
vt 0.00600004 1.69733
vt 0.00600004 1.69933
vt 0.00303707 1.69874
vt 0.00600004 1.69733
vt 0.00303707 1.69874
vt 0.00414816 1.69696
vt 0.00600004 0.477667
vt 0.00600004 0.481
vt 0.00266668 0.481
vt 0.00600004 0.477667
vt 0.00266668 0.481
vt 0.00303707 0.477667
vt 0.00600004 1.694
vt 0.00414816 1.69696
vt 0.00303707 1.69585
vt 0.00414816 1.69696
vt 0.00303707 1.69874
vt 0.00125927 1.69696
vt 0.00414816 1.69696
vt 0.00125927 1.69696
vt 0.00303707 1.69585
vt 0.522333 1.69874
vt 0.519 1.69933
vt 0.519 1.69733
vt 0.522333 1.69874
vt 0.519 1.69733
vt 0.522333 1.69696
vt 0.524333 1.69585
vt 0.522333 1.69696
vt 0.522333 1.694
vt 0.524333 1.69585
vt 0.522333 1.694
vt 0.524333 1.694
vt 0.522333 1.69696
vt 0.519 1.69733
vt 0.519 1.694
vt 0.522333 1.69696
vt 0.519 1.694
vt 0.522333 1.694
vt 0.481 1.694
vt 0.481 1.69733
vt 0.479148 1.69696
vt 0.481 1.69733
vt 0.481 1.69933
vt 0.478037 1.69874
vt 0.481 1.69733
vt 0.478037 1.69874
vt 0.479148 1.69696
vt 0.997333 0.481
vt 0.994 0.481
vt 0.994 0.477667
vt 0.997333 0.481
vt 0.994 0.477667
vt 0.997333 0.478037
vt 0.481 1.694
vt 0.479148 1.69696
vt 0.478037 1.69585
vt 0.479148 1.69696
vt 0.478037 1.69874
vt 0.476259 1.69696
vt 0.479148 1.69696
vt 0.476259 1.69696
vt 0.478037 1.69585
vt 0.997333 1.69874
vt 0.994 1.69933
vt 0.994 1.69733
vt 0.997333 1.69874
vt 0.994 1.69733
vt 0.997333 1.69696
vt 0.999333 1.69585
vt 0.997333 1.69696
vt 0.997333 1.694
vt 0.999333 1.69585
vt 0.997333 1.694
vt 0.999333 1.694
vt 0.997333 1.69696
vt 0.994 1.69733
vt 0.994 1.694
vt 0.997333 1.69696
vt 0.994 1.694
vt 0.997333 1.694
vt 0.481 1.694
vt 0.481 1.69733
vt 0.479148 1.69696
vt 0.481 1.69733
vt 0.481 1.69933
vt 0.478037 1.69874
vt 0.481 1.69733
vt 0.478037 1.69874
vt 0.479148 1.69696
vt 0.00266668 0.519
vt 0.00600004 0.519
vt 0.00600004 0.522333
vt 0.00266668 0.519
vt 0.00600004 0.522333
vt 0.00266668 0.521963
vt 0.481 1.694
vt 0.479148 1.69696
vt 0.478037 1.69585
vt 0.479148 1.69696
vt 0.478037 1.69874
vt 0.476259 1.69696
vt 0.479148 1.69696
vt 0.476259 1.69696
vt 0.478037 1.69585
vt 0.997333 1.69874
vt 0.994 1.69933
vt 0.994 1.69733
vt 0.997333 1.69874
vt 0.994 1.69733
vt 0.997333 1.69696
vt 0.999333 1.69585
vt 0.997333 1.69696
vt 0.997333 1.694
vt 0.999333 1.69585
vt 0.997333 1.694
vt 0.999333 1.694
vt 0.997333 1.69696
vt 0.994 1.69733
vt 0.994 1.694
vt 0.997333 1.69696
vt 0.994 1.694
vt 0.997333 1.694
vt 0.00600004 1.694
vt 0.00600004 1.69733
vt 0.00414813 1.69696
vt 0.00600004 1.69733
vt 0.00600004 1.69933
vt 0.0030371 1.69874
vt 0.00600004 1.69733
vt 0.0030371 1.69874
vt 0.00414813 1.69696
vt 0.994 0.522333
vt 0.994 0.519
vt 0.997333 0.519
vt 0.994 0.522333
vt 0.997333 0.519
vt 0.996963 0.522333
vt 0.00600004 1.694
vt 0.00414813 1.69696
vt 0.0030371 1.69585
vt 0.00414813 1.69696
vt 0.0030371 1.69874
vt 0.00125927 1.69696
vt 0.00414813 1.69696
vt 0.00125927 1.69696
vt 0.0030371 1.69585
vt 0.522333 1.69874
vt 0.519 1.69933
vt 0.519 1.69733
vt 0.522333 1.69874
vt 0.519 1.69733
vt 0.522333 1.69696
vt 0.524333 1.69585
vt 0.522333 1.69696
vt 0.522333 1.694
vt 0.524333 1.69585
vt 0.522333 1.694
vt 0.524333 1.694
vt 0.522333 1.69696
vt 0.519 1.69733
vt 0.519 1.694
vt 0.522333 1.69696
vt 0.519 1.694
vt 0.522333 1.694
vt 0.997333 0.481
vt 0.999333 0.481
vt 0.999333 0.519
vt 0.997333 0.481
vt 0.999333 0.519
vt 0.997333 0.519
vt 0.519 -0.697333
vt 0.519 -0.694
vt 0.481 -0.694
vt 0.519 -0.697333
vt 0.481 -0.694
vt 0.481 -0.697333
vt 0.994 0.522334
vt 0.994 0.524334
vt 0.00600004 0.524333
vt 0.994 0.522334
vt 0.00600004 0.524333
vt 0.00600004 0.522333
vt 0.994 -0.697333
vt 0.994 -0.694
vt 0.00600004 -0.694
vt 0.994 -0.697333
vt 0.00600004 -0.694
vt 0.00600004 -0.697333
vt 0.519 -0.699333
vt 0.519 -0.697333
vt 0.481 -0.697333
vt 0.519 -0.699333
vt 0.481 -0.697333
vt 0.481 -0.699333
vt 0.519 -0.697333
vt 0.519 -0.694
vt 0.481 -0.694
vt 0.519 -0.697333
vt 0.481 -0.694
vt 0.481 -0.697333
vt 0.00600004 0.477667
vt 0.00600004 0.475667
vt 0.994 0.475667
vt 0.00600004 0.477667
vt 0.994 0.475667
vt 0.994 0.477667
vt 0.994 -0.697333
vt 0.994 -0.694
vt 0.00600004 -0.694
vt 0.994 -0.697333
vt 0.00600004 -0.694
vt 0.00600004 -0.697333
vt 0.00600004 1.69933
vt 0.00600004 1.69733
vt 0.994 1.69733
vt 0.00600004 1.69933
vt 0.994 1.69733
vt 0.994 1.69933
vt 0.00600004 1.69733
vt 0.00600004 1.694
vt 0.994 1.694
vt 0.00600004 1.69733
vt 0.994 1.694
vt 0.994 1.69733
vt 0.481 1.69933
vt 0.481 1.69733
vt 0.519 1.69733
vt 0.481 1.69933
vt 0.519 1.69733
vt 0.519 1.69933
vt 0.481 1.69733
vt 0.481 1.694
vt 0.519 1.694
vt 0.481 1.69733
vt 0.519 1.694
vt 0.519 1.69733
vt 0.00600004 1.69933
vt 0.00600004 1.69733
vt 0.994 1.69733
vt 0.00600004 1.69933
vt 0.994 1.69733
vt 0.994 1.69933
vt 0.00600004 1.69733
vt 0.00600004 1.694
vt 0.994 1.694
vt 0.00600004 1.69733
vt 0.994 1.694
vt 0.994 1.69733
vt 0.481 1.69933
vt 0.481 1.69733
vt 0.519 1.69733
vt 0.481 1.69933
vt 0.519 1.69733
vt 0.519 1.69933
vt 0.481 1.69733
vt 0.481 1.694
vt 0.519 1.694
vt 0.481 1.69733
vt 0.519 1.694
vt 0.519 1.69733
vt 0.997333 -0.694
vt 0.999333 -0.694
vt 0.999333 1.694
vt 0.997333 -0.694
vt 0.999333 1.694
vt 0.997333 1.694
vt 0.477667 -0.694
vt 0.481 -0.694
vt 0.481 1.694
vt 0.477667 -0.694
vt 0.481 1.694
vt 0.477667 1.694
vt 0.524333 1.694
vt 0.522333 1.694
vt 0.522333 -0.694
vt 0.524333 1.694
vt 0.522333 -0.694
vt 0.524333 -0.694
vt 0.522333 1.694
vt 0.519 1.694
vt 0.519 -0.694
vt 0.522333 1.694
vt 0.519 -0.694
vt 0.522333 -0.694
vt 0.522333 -0.694
vt 0.524333 -0.694
vt 0.524333 1.694
vt 0.522333 -0.694
vt 0.524333 1.694
vt 0.522333 1.694
vt 0.00266671 -0.694
vt 0.00600004 -0.694
vt 0.00600004 1.694
vt 0.00266671 -0.694
vt 0.00600004 1.694
vt 0.00266671 1.694
vt 0.997333 -0.694
vt 0.999333 -0.694
vt 0.999333 1.694
vt 0.997333 -0.694
vt 0.999333 1.694
vt 0.997333 1.694
vt 0.477667 -0.694
vt 0.481 -0.694
vt 0.481 1.694
vt 0.477667 -0.694
vt 0.481 1.694
vt 0.477667 1.694
vt 0.835348 1.61663
vt 0.164651 1.61662
vt 0.164652 -0.616625
vt 0.835348 1.61663
vt 0.164652 -0.616625
vt 0.835349 -0.616625
vt 0.164652 1.61663
vt 0.164651 -0.616625
vt 0.835348 -0.616625
vt 0.164652 1.61663
vt 0.835348 -0.616625
vt 0.835349 1.61662
vt 0.488 1.61663
vt 0.488 -0.616625
vt 0.512 -0.616625
vt 0.488 1.61663
vt 0.512 -0.616625
vt 0.512 1.61663
vt 0.512 0.164651
vt 0.512 0.835348
vt 0.488 0.835348
vt 0.512 0.164651
vt 0.488 0.835348
vt 0.488 0.164651
vt 0.512 -0.616625
vt 0.512 1.61662
vt 0.488 1.61662
vt 0.512 -0.616625
vt 0.488 1.61662
vt 0.488 -0.616625
vt 0.488 0.835349
vt 0.488 0.164652
vt 0.512 0.164652
vt 0.488 0.835349
vt 0.512 0.164652
vt 0.512 0.835349
vt 0.488 1.61663
vt 0.485037 1.61848
vt 0.484667 1.61663
vt 0.835349 -0.616625
vt 0.838312 -0.618477
vt 0.838682 -0.616625
vt 0.488 0.835349
vt 0.485037 0.837201
vt 0.484667 0.835349
vt 0.164652 -0.616625
vt 0.1628 -0.619588
vt 0.164652 -0.619958
vt 0.512 1.61663
vt 0.513853 1.61959
vt 0.512 1.61996
vt 0.488 0.164651
vt 0.486148 0.161688
vt 0.488 0.161318
vt 0.512 0.835349
vt 0.513852 0.838312
vt 0.512 0.838682
vt 0.488 -0.616625
vt 0.486147 -0.619588
vt 0.488 -0.619958
vt 0.835348 1.61663
vt 0.835348 1.61996
vt 0.164651 1.61996
vt 0.835348 1.61663
vt 0.164651 1.61996
vt 0.164651 1.61662
vt 0.164651 1.61662
vt 0.161318 1.61662
vt 0.161318 -0.616625
vt 0.164651 1.61662
vt 0.161318 -0.616625
vt 0.164652 -0.616625
vt 0.164652 -0.616625
vt 0.164652 -0.619958
vt 0.835349 -0.619958
vt 0.164652 -0.616625
vt 0.835349 -0.619958
vt 0.835349 -0.616625
vt 0.835349 -0.616625
vt 0.838682 -0.616625
vt 0.838682 1.61663
vt 0.835349 -0.616625
vt 0.838682 1.61663
vt 0.835348 1.61663
vt 0.164652 1.61663
vt 0.161318 1.61663
vt 0.161318 -0.616625
vt 0.164652 1.61663
vt 0.161318 -0.616625
vt 0.164651 -0.616625
vt 0.164651 -0.616625
vt 0.164651 -0.619958
vt 0.835348 -0.619958
vt 0.164651 -0.616625
vt 0.835348 -0.619958
vt 0.835348 -0.616625
vt 0.835348 -0.616625
vt 0.838682 -0.616625
vt 0.838682 1.61662
vt 0.835348 -0.616625
vt 0.838682 1.61662
vt 0.835349 1.61662
vt 0.835349 1.61662
vt 0.835349 1.61996
vt 0.164652 1.61996
vt 0.835349 1.61662
vt 0.164652 1.61996
vt 0.164652 1.61663
vt 0.488 -0.616625
vt 0.488 -0.619958
vt 0.512 -0.619958
vt 0.488 -0.616625
vt 0.512 -0.619958
vt 0.512 -0.616625
vt 0.512 1.61663
vt 0.512 1.61996
vt 0.488 1.61996
vt 0.512 1.61663
vt 0.488 1.61996
vt 0.488 1.61663
vt 0.512 0.835348
vt 0.512 0.838682
vt 0.488 0.838682
vt 0.512 0.835348
vt 0.488 0.838682
vt 0.488 0.835348
vt 0.512 1.61662
vt 0.512 1.61996
vt 0.488 1.61996
vt 0.512 1.61662
vt 0.488 1.61996
vt 0.488 1.61662
vt 0.488 1.61663
vt 0.488 1.61996
vt 0.486148 1.61959
vt 0.488 0.159318
vt 0.488 0.161318
vt 0.485037 0.161318
vt 0.488 0.159318
vt 0.485037 0.161318
vt 0.486148 0.159318
vt 0.488 0.161318
vt 0.488 0.164652
vt 0.484667 0.164652
vt 0.488 0.161318
vt 0.484667 0.164652
vt 0.485037 0.161318
vt 0.488 1.61663
vt 0.486148 1.61959
vt 0.485037 1.61848
vt 0.486148 1.61959
vt 0.485037 1.62137
vt 0.483259 1.61959
vt 0.486148 1.61959
vt 0.483259 1.61959
vt 0.485037 1.61848
vt 0.485037 0.161318
vt 0.484667 0.164652
vt 0.482667 0.164652
vt 0.485037 0.161318
vt 0.482667 0.164652
vt 0.483259 0.161318
vt 0.840682 1.61848
vt 0.838682 1.61959
vt 0.838682 1.61663
vt 0.840682 1.61848
vt 0.838682 1.61663
vt 0.840682 1.61663
vt 0.838682 1.61959
vt 0.835348 1.61996
vt 0.835348 1.61663
vt 0.838682 1.61959
vt 0.835348 1.61663
vt 0.838682 1.61663
vt 0.835349 -0.616625
vt 0.835349 -0.619958
vt 0.837201 -0.619588
vt 0.517333 0.164651
vt 0.515333 0.164651
vt 0.515333 0.161688
vt 0.517333 0.164651
vt 0.515333 0.161688
vt 0.517333 0.162799
vt 0.515333 0.164651
vt 0.512 0.164651
vt 0.512 0.161318
vt 0.515333 0.164651
vt 0.512 0.161318
vt 0.515333 0.161688
vt 0.835349 -0.616625
vt 0.837201 -0.619588
vt 0.838312 -0.618477
vt 0.837201 -0.619588
vt 0.838312 -0.621366
vt 0.84009 -0.619588
vt 0.837201 -0.619588
vt 0.84009 -0.619588
vt 0.838312 -0.618477
vt 0.515333 0.161688
vt 0.512 0.161318
vt 0.512 0.159318
vt 0.515333 0.161688
vt 0.512 0.159318
vt 0.515333 0.15991
vt 0.482667 -0.618477
vt 0.484667 -0.619588
vt 0.484667 -0.616625
vt 0.482667 -0.618477
vt 0.484667 -0.616625
vt 0.482667 -0.616625
vt 0.484667 -0.619588
vt 0.488 -0.619958
vt 0.488 -0.616625
vt 0.484667 -0.619588
vt 0.488 -0.616625
vt 0.484667 -0.616625
vt 0.488 0.835349
vt 0.488 0.838682
vt 0.486148 0.838312
vt 0.512 1.62196
vt 0.512 1.61996
vt 0.514963 1.61996
vt 0.512 1.62196
vt 0.514963 1.61996
vt 0.513852 1.62196
vt 0.512 1.61996
vt 0.512 1.61662
vt 0.515333 1.61662
vt 0.512 1.61996
vt 0.515333 1.61662
vt 0.514963 1.61996
vt 0.488 0.835349
vt 0.486148 0.838312
vt 0.485037 0.837201
vt 0.486148 0.838312
vt 0.485037 0.84009
vt 0.483259 0.838312
vt 0.486148 0.838312
vt 0.483259 0.838312
vt 0.485037 0.837201
vt 0.514963 1.61996
vt 0.515333 1.61662
vt 0.517333 1.61662
vt 0.514963 1.61996
vt 0.517333 1.61662
vt 0.516741 1.61996
vt 0.162799 1.62196
vt 0.161688 1.61996
vt 0.164651 1.61996
vt 0.162799 1.62196
vt 0.164651 1.61996
vt 0.164651 1.62196
vt 0.161688 1.61996
vt 0.161318 1.61662
vt 0.164651 1.61662
vt 0.161688 1.61996
vt 0.164651 1.61662
vt 0.164651 1.61996
vt 0.164652 -0.616625
vt 0.161318 -0.616625
vt 0.161689 -0.618477
vt 0.161318 -0.616625
vt 0.159318 -0.616625
vt 0.159911 -0.619588
vt 0.161318 -0.616625
vt 0.159911 -0.619588
vt 0.161689 -0.618477
vt 0.515333 -0.616625
vt 0.512 -0.616625
vt 0.512 -0.619958
vt 0.515333 -0.616625
vt 0.512 -0.619958
vt 0.515333 -0.619588
vt 0.164652 -0.616625
vt 0.161689 -0.618477
vt 0.1628 -0.619588
vt 0.161689 -0.618477
vt 0.159911 -0.619588
vt 0.161689 -0.621366
vt 0.161689 -0.618477
vt 0.161689 -0.621366
vt 0.1628 -0.619588
vt 0.515333 0.840089
vt 0.512 0.840682
vt 0.512 0.838682
vt 0.515333 0.840089
vt 0.512 0.838682
vt 0.515333 0.838311
vt 0.517333 0.8372
vt 0.515333 0.838311
vt 0.515333 0.835348
vt 0.517333 0.8372
vt 0.515333 0.835348
vt 0.517333 0.835348
vt 0.515333 0.838311
vt 0.512 0.838682
vt 0.512 0.835348
vt 0.515333 0.838311
vt 0.512 0.835348
vt 0.515333 0.835348
vt 0.512 1.61663
vt 0.515333 1.61663
vt 0.514964 1.61848
vt 0.159318 1.61663
vt 0.161318 1.61663
vt 0.161318 1.61959
vt 0.159318 1.61663
vt 0.161318 1.61959
vt 0.159318 1.61848
vt 0.161318 1.61663
vt 0.164652 1.61663
vt 0.164652 1.61996
vt 0.161318 1.61663
vt 0.164652 1.61996
vt 0.161318 1.61959
vt 0.512 1.61663
vt 0.514964 1.61848
vt 0.513853 1.61959
vt 0.514964 1.61848
vt 0.516743 1.61959
vt 0.514965 1.62137
vt 0.514964 1.61848
vt 0.514965 1.62137
vt 0.513853 1.61959
vt 0.516743 0.161318
vt 0.517336 0.164652
vt 0.515336 0.164652
vt 0.516743 0.161318
vt 0.515336 0.164652
vt 0.514965 0.161318
vt 0.513853 0.159318
vt 0.514965 0.161318
vt 0.512 0.161318
vt 0.513853 0.159318
vt 0.512 0.161318
vt 0.512 0.159318
vt 0.514965 0.161318
vt 0.515336 0.164652
vt 0.512 0.164652
vt 0.514965 0.161318
vt 0.512 0.164652
vt 0.512 0.161318
vt 0.488 0.164651
vt 0.484667 0.164651
vt 0.485037 0.162799
vt 0.164651 -0.621958
vt 0.164651 -0.619958
vt 0.161688 -0.619958
vt 0.164651 -0.621958
vt 0.161688 -0.619958
vt 0.162799 -0.621958
vt 0.164651 -0.619958
vt 0.164651 -0.616625
vt 0.161318 -0.616625
vt 0.164651 -0.619958
vt 0.161318 -0.616625
vt 0.161688 -0.619958
vt 0.488 0.164651
vt 0.485037 0.162799
vt 0.486148 0.161688
vt 0.485037 0.162799
vt 0.483259 0.161688
vt 0.485037 0.15991
vt 0.485037 0.162799
vt 0.485037 0.15991
vt 0.486148 0.161688
vt 0.516741 -0.619958
vt 0.517334 -0.616625
vt 0.515334 -0.616625
vt 0.516741 -0.619958
vt 0.515334 -0.616625
vt 0.514963 -0.619958
vt 0.513852 -0.621958
vt 0.514963 -0.619958
vt 0.512 -0.619958
vt 0.513852 -0.621958
vt 0.512 -0.619958
vt 0.512 -0.621958
vt 0.514963 -0.619958
vt 0.515334 -0.616625
vt 0.512 -0.616625
vt 0.514963 -0.619958
vt 0.512 -0.616625
vt 0.512 -0.619958
vt 0.512 0.835349
vt 0.515333 0.835349
vt 0.514963 0.837201
vt 0.835349 1.62196
vt 0.835349 1.61996
vt 0.838312 1.61996
vt 0.835349 1.62196
vt 0.838312 1.61996
vt 0.837201 1.62196
vt 0.835349 1.61996
vt 0.835349 1.61662
vt 0.838682 1.61662
vt 0.835349 1.61996
vt 0.838682 1.61662
vt 0.838312 1.61996
vt 0.512 0.835349
vt 0.514963 0.837201
vt 0.513852 0.838312
vt 0.514963 0.837201
vt 0.516741 0.838312
vt 0.514963 0.84009
vt 0.514963 0.837201
vt 0.514963 0.84009
vt 0.513852 0.838312
vt 0.483259 1.61996
vt 0.482666 1.61662
vt 0.484666 1.61662
vt 0.483259 1.61996
vt 0.484666 1.61662
vt 0.485037 1.61996
vt 0.486148 1.62196
vt 0.485037 1.61996
vt 0.488 1.61996
vt 0.486148 1.62196
vt 0.488 1.61996
vt 0.488 1.62196
vt 0.485037 1.61996
vt 0.484666 1.61662
vt 0.488 1.61662
vt 0.485037 1.61996
vt 0.488 1.61662
vt 0.488 1.61996
vt 0.488 -0.616625
vt 0.484667 -0.616625
vt 0.485036 -0.618477
vt 0.840682 -0.616625
vt 0.838682 -0.616625
vt 0.838682 -0.619588
vt 0.840682 -0.616625
vt 0.838682 -0.619588
vt 0.840682 -0.618477
vt 0.838682 -0.616625
vt 0.835348 -0.616625
vt 0.835348 -0.619958
vt 0.838682 -0.616625
vt 0.835348 -0.619958
vt 0.838682 -0.619588
vt 0.488 -0.616625
vt 0.485036 -0.618477
vt 0.486147 -0.619588
vt 0.485036 -0.618477
vt 0.483257 -0.619588
vt 0.485035 -0.621366
vt 0.485036 -0.618477
vt 0.485035 -0.621366
vt 0.486147 -0.619588
vt 0.483257 0.838682
vt 0.482664 0.835348
vt 0.484664 0.835348
vt 0.483257 0.838682
vt 0.484664 0.835348
vt 0.485035 0.838682
vt 0.486147 0.840682
vt 0.485035 0.838682
vt 0.488 0.838682
vt 0.486147 0.840682
vt 0.488 0.838682
vt 0.488 0.840682
vt 0.485035 0.838682
vt 0.484664 0.835348
vt 0.488 0.835348
vt 0.485035 0.838682
vt 0.488 0.835348
vt 0.488 0.838682
vt 0.835348 1.61996
vt 0.835348 1.62196
vt 0.164651 1.62196
vt 0.835348 1.61996
vt 0.164651 1.62196
vt 0.164651 1.61996
vt 0.484667 0.164652
vt 0.488 0.164652
vt 0.488 0.835349
vt 0.484667 0.164652
vt 0.488 0.835349
vt 0.484667 0.835349
vt 0.161318 1.61662
vt 0.159318 1.61662
vt 0.159318 -0.616625
vt 0.161318 1.61662
vt 0.159318 -0.616625
vt 0.161318 -0.616625
vt 0.515333 1.61662
vt 0.512 1.61662
vt 0.512 -0.616625
vt 0.515333 1.61662
vt 0.512 -0.616625
vt 0.515333 -0.616625
vt 0.164652 -0.619958
vt 0.164652 -0.621958
vt 0.835349 -0.621958
vt 0.164652 -0.619958
vt 0.835349 -0.621958
vt 0.835349 -0.619958
vt 0.515333 0.835348
vt 0.512 0.835348
vt 0.512 0.164651
vt 0.515333 0.835348
vt 0.512 0.164651
vt 0.515333 0.164651
vt 0.838682 -0.616625
vt 0.840682 -0.616625
vt 0.840682 1.61663
vt 0.838682 -0.616625
vt 0.840682 1.61663
vt 0.838682 1.61663
vt 0.484667 -0.616625
vt 0.488 -0.616625
vt 0.488 1.61663
vt 0.484667 -0.616625
vt 0.488 1.61663
vt 0.484667 1.61663
vt 0.161318 1.61663
vt 0.159318 1.61663
vt 0.159318 -0.616625
vt 0.161318 1.61663
vt 0.159318 -0.616625
vt 0.161318 -0.616625
vt 0.515333 1.61663
vt 0.512 1.61663
vt 0.512 -0.616625
vt 0.515333 1.61663
vt 0.512 -0.616625
vt 0.515334 -0.616625
vt 0.164651 -0.619958
vt 0.164651 -0.621958
vt 0.835348 -0.621958
vt 0.164651 -0.619958
vt 0.835348 -0.621958
vt 0.835348 -0.619958
vt 0.484667 0.164651
vt 0.488 0.164651
vt 0.488 0.835348
vt 0.484667 0.164651
vt 0.488 0.835348
vt 0.484664 0.835348
vt 0.838682 -0.616625
vt 0.840682 -0.616625
vt 0.840682 1.61662
vt 0.838682 -0.616625
vt 0.840682 1.61662
vt 0.838682 1.61662
vt 0.484667 -0.616625
vt 0.488 -0.616625
vt 0.488 1.61662
vt 0.484667 -0.616625
vt 0.488 1.61662
vt 0.484666 1.61662
vt 0.835349 1.61996
vt 0.835349 1.62196
vt 0.164652 1.62196
vt 0.835349 1.61996
vt 0.164652 1.62196
vt 0.164652 1.61996
vt 0.515333 0.835349
vt 0.512 0.835349
vt 0.512 0.164652
vt 0.515333 0.835349
vt 0.512 0.164652
vt 0.515336 0.164652
vt 0.488 -0.619958
vt 0.488 -0.621958
vt 0.512 -0.621958
vt 0.488 -0.619958
vt 0.512 -0.621958
vt 0.512 -0.619958
vt 0.512 0.161318
vt 0.512 0.164651
vt 0.488 0.164651
vt 0.512 0.161318
vt 0.488 0.164651
vt 0.488 0.161318
vt 0.512 0.159318
vt 0.512 0.161318
vt 0.488 0.161318
vt 0.512 0.159318
vt 0.488 0.161318
vt 0.488 0.159318
vt 0.512 0.161318
vt 0.512 0.164652
vt 0.488 0.164652
vt 0.512 0.161318
vt 0.488 0.164652
vt 0.488 0.161318
vt 0.512 0.838682
vt 0.512 0.840682
vt 0.488 0.840682
vt 0.512 0.838682
vt 0.488 0.840682
vt 0.488 0.838682
vt 0.512 -0.619958
vt 0.512 -0.616625
vt 0.488 -0.616625
vt 0.512 -0.619958
vt 0.488 -0.616625
vt 0.488 -0.619958
vt 0.512 1.61996
vt 0.512 1.62196
vt 0.488 1.62196
vt 0.512 1.61996
vt 0.488 1.62196
vt 0.488 1.61996
vt 0.488 0.838682
vt 0.488 0.835349
vt 0.512 0.835349
vt 0.488 0.838682
vt 0.512 0.835349
vt 0.512 0.838682
f 10/1 14/2 4/3
f 10/4 4/5 2/6
f 17/7 19/8 23/9
f 17/10 23/11 21/12
f 1/13 12/14 20/15
f 1/16 20/17 5/18
f 11/19 16/20 24/21
f 11/22 24/23 6/24
f 15/25 13/26 22/27
f 15/28 22/29 8/30
f 3/31 9/32 18/33
f 3/34 18/35 7/36
f 1/37 76/38 29/39
f 2/40 80/41 35/42
f 3/43 84/44 41/45
f 4/46 88/47 47/48
f 5/49 92/50 53/51
f 6/52 96/53 59/54
f 7/55 100/56 65/57
f 8/58 104/59 71/60
f 10/61 27/62 42/63
f 10/64 42/65 14/66
f 14/67 39/68 44/69
f 14/70 44/71 4/72
f 4/73 47/74 32/75
f 4/76 32/77 2/78
f 2/79 35/80 30/81
f 2/82 30/83 10/84
f 17/85 49/86 58/87
f 17/88 58/89 19/90
f 19/91 55/92 70/93
f 19/94 70/95 23/96
f 23/97 67/98 64/99
f 23/100 64/101 21/102
f 21/103 61/104 52/105
f 21/106 52/107 17/108
f 12/109 33/110 60/111
f 12/112 60/113 20/114
f 5/115 53/116 26/117
f 5/118 26/119 1/120
f 16/121 45/122 72/123
f 16/124 72/125 24/126
f 13/127 37/128 66/129
f 13/130 66/131 22/132
f 1/133 26/134 74/135
f 26/136 25/137 73/138
f 26/139 73/140 74/141
f 25/142 9/143 28/144
f 25/145 28/146 73/147
f 1/148 74/149 76/150
f 74/151 73/152 75/153
f 74/154 75/155 76/156
f 73/157 28/158 27/159
f 73/160 27/161 75/162
f 76/163 75/164 30/165
f 76/166 30/167 29/168
f 75/169 27/170 10/171
f 75/172 10/173 30/174
f 2/175 32/176 78/177
f 32/178 31/179 77/180
f 32/181 77/182 78/183
f 31/184 11/185 34/186
f 31/187 34/188 77/189
f 2/190 78/191 80/192
f 78/193 77/194 79/195
f 78/196 79/197 80/198
f 77/199 34/200 33/201
f 77/202 33/203 79/204
f 80/205 79/206 36/207
f 80/208 36/209 35/210
f 79/211 33/212 12/213
f 79/214 12/215 36/216
f 3/217 38/218 82/219
f 38/220 37/221 81/222
f 38/223 81/224 82/225
f 37/226 13/227 40/228
f 37/229 40/230 81/231
f 3/232 82/233 84/234
f 82/235 81/236 83/237
f 82/238 83/239 84/240
f 81/241 40/242 39/243
f 81/244 39/245 83/246
f 84/247 83/248 42/249
f 84/250 42/251 41/252
f 83/253 39/254 14/255
f 83/256 14/257 42/258
f 4/259 44/260 86/261
f 44/262 43/263 85/264
f 44/265 85/266 86/267
f 43/268 15/269 46/270
f 43/271 46/272 85/273
f 4/274 86/275 88/276
f 86/277 85/278 87/279
f 86/280 87/281 88/282
f 85/283 46/284 45/285
f 85/286 45/287 87/288
f 88/289 87/290 48/291
f 88/292 48/293 47/294
f 87/295 45/296 16/297
f 87/298 16/299 48/300
f 5/301 50/302 90/303
f 50/304 49/305 89/306
f 50/307 89/308 90/309
f 49/310 17/311 52/312
f 49/313 52/314 89/315
f 5/316 90/317 92/318
f 90/319 89/320 91/321
f 90/322 91/323 92/324
f 89/325 52/326 51/327
f 89/328 51/329 91/330
f 92/331 91/332 54/333
f 92/334 54/335 53/336
f 91/337 51/338 18/339
f 91/340 18/341 54/342
f 6/343 56/344 94/345
f 56/346 55/347 93/348
f 56/349 93/350 94/351
f 55/352 19/353 58/354
f 55/355 58/356 93/357
f 6/358 94/359 96/360
f 94/361 93/362 95/363
f 94/364 95/365 96/366
f 93/367 58/368 57/369
f 93/370 57/371 95/372
f 96/373 95/374 60/375
f 96/376 60/377 59/378
f 95/379 57/380 20/381
f 95/382 20/383 60/384
f 7/385 62/386 98/387
f 62/388 61/389 97/390
f 62/391 97/392 98/393
f 61/394 21/395 64/396
f 61/397 64/398 97/399
f 7/400 98/401 100/402
f 98/403 97/404 99/405
f 98/406 99/407 100/408
f 97/409 64/410 63/411
f 97/412 63/413 99/414
f 100/415 99/416 66/417
f 100/418 66/419 65/420
f 99/421 63/422 22/423
f 99/424 22/425 66/426
f 8/427 68/428 102/429
f 68/430 67/431 101/432
f 68/433 101/434 102/435
f 67/436 23/437 70/438
f 67/439 70/440 101/441
f 8/442 102/443 104/444
f 102/445 101/446 103/447
f 102/448 103/449 104/450
f 101/451 70/452 69/453
f 101/454 69/455 103/456
f 104/457 103/458 72/459
f 104/460 72/461 71/462
f 103/463 69/464 24/465
f 103/466 24/467 72/468
f 27/469 28/470 41/471
f 27/472 41/473 42/474
f 28/475 9/476 3/477
f 28/478 3/479 41/480
f 39/481 40/482 43/483
f 39/484 43/485 44/486
f 40/487 13/488 15/489
f 40/490 15/491 43/492
f 47/493 48/494 31/495
f 47/496 31/497 32/498
f 48/499 16/500 11/501
f 48/502 11/503 31/504
f 35/505 36/506 29/507
f 35/508 29/509 30/510
f 36/511 12/512 1/513
f 36/514 1/515 29/516
f 49/517 50/518 57/519
f 49/520 57/521 58/522
f 50/523 5/524 20/525
f 50/526 20/527 57/528
f 55/529 56/530 69/531
f 55/532 69/533 70/534
f 56/535 6/536 24/537
f 56/538 24/539 69/540
f 67/541 68/542 63/543
f 67/544 63/545 64/546
f 68/547 8/548 22/549
f 68/550 22/551 63/552
f 61/553 62/554 51/555
f 61/556 51/557 52/558
f 62/559 7/560 18/561
f 62/562 18/563 51/564
f 33/565 34/566 59/567
f 33/568 59/569 60/570
f 34/571 11/572 6/573
f 34/574 6/575 59/576
f 53/577 54/578 25/579
f 53/580 25/581 26/582
f 54/583 18/584 9/585
f 54/586 9/587 25/588
f 45/589 46/590 71/591
f 45/592 71/593 72/594
f 46/595 15/596 8/597
f 46/598 8/599 71/600
f 37/601 38/602 65/603
f 37/604 65/605 66/606
f 38/607 3/608 7/609
f 38/610 7/611 65/612
f 114/613 118/614 108/615
f 114/616 108/617 106/618
f 121/619 123/620 127/621
f 121/622 127/623 125/624
f 105/625 116/626 124/627
f 105/628 124/629 109/630
f 115/631 120/632 128/633
f 115/634 128/635 110/636
f 119/637 117/638 126/639
f 119/640 126/641 112/642
f 107/643 113/644 122/645
f 107/646 122/647 111/648
f 105/649 180/650 133/651
f 106/652 184/653 139/654
f 107/655 188/656 145/657
f 108/658 192/659 151/660
f 109/661 196/662 157/663
f 110/664 200/665 163/666
f 111/667 204/668 169/669
f 112/670 208/671 175/672
f 114/673 131/674 146/675
f 114/676 146/677 118/678
f 118/679 143/680 148/681
f 118/682 148/683 108/684
f 108/685 151/686 136/687
f 108/688 136/689 106/690
f 106/691 139/692 134/693
f 106/694 134/695 114/696
f 121/697 153/698 162/699
f 121/700 162/701 123/702
f 123/703 159/704 174/705
f 123/706 174/707 127/708
f 127/709 171/710 168/711
f 127/712 168/713 125/714
f 125/715 165/716 156/717
f 125/718 156/719 121/720
f 116/721 137/722 164/723
f 116/724 164/725 124/726
f 109/727 157/728 130/729
f 109/730 130/731 105/732
f 120/733 149/734 176/735
f 120/736 176/737 128/738
f 117/739 141/740 170/741
f 117/742 170/743 126/744
f 105/745 130/746 178/747
f 130/748 129/749 177/750
f 130/751 177/752 178/753
f 129/754 113/755 132/756
f 129/757 132/758 177/759
f 105/760 178/761 180/762
f 178/763 177/764 179/765
f 178/766 179/767 180/768
f 177/769 132/770 131/771
f 177/772 131/773 179/774
f 180/775 179/776 134/777
f 180/778 134/779 133/780
f 179/781 131/782 114/783
f 179/784 114/785 134/786
f 106/787 136/788 182/789
f 136/790 135/791 181/792
f 136/793 181/794 182/795
f 135/796 115/797 138/798
f 135/799 138/800 181/801
f 106/802 182/803 184/804
f 182/805 181/806 183/807
f 182/808 183/809 184/810
f 181/811 138/812 137/813
f 181/814 137/815 183/816
f 184/817 183/818 140/819
f 184/820 140/821 139/822
f 183/823 137/824 116/825
f 183/826 116/827 140/828
f 107/829 142/830 186/831
f 142/832 141/833 185/834
f 142/835 185/836 186/837
f 141/838 117/839 144/840
f 141/841 144/842 185/843
f 107/844 186/845 188/846
f 186/847 185/848 187/849
f 186/850 187/851 188/852
f 185/853 144/854 143/855
f 185/856 143/857 187/858
f 188/859 187/860 146/861
f 188/862 146/863 145/864
f 187/865 143/866 118/867
f 187/868 118/869 146/870
f 108/871 148/872 190/873
f 148/874 147/875 189/876
f 148/877 189/878 190/879
f 147/880 119/881 150/882
f 147/883 150/884 189/885
f 108/886 190/887 192/888
f 190/889 189/890 191/891
f 190/892 191/893 192/894
f 189/895 150/896 149/897
f 189/898 149/899 191/900
f 192/901 191/902 152/903
f 192/904 152/905 151/906
f 191/907 149/908 120/909
f 191/910 120/911 152/912
f 109/913 154/914 194/915
f 154/916 153/917 193/918
f 154/919 193/920 194/921
f 153/922 121/923 156/924
f 153/925 156/926 193/927
f 109/928 194/929 196/930
f 194/931 193/932 195/933
f 194/934 195/935 196/936
f 193/937 156/938 155/939
f 193/940 155/941 195/942
f 196/943 195/944 158/945
f 196/946 158/947 157/948
f 195/949 155/950 122/951
f 195/952 122/953 158/954
f 110/955 160/956 198/957
f 160/958 159/959 197/960
f 160/961 197/962 198/963
f 159/964 123/965 162/966
f 159/967 162/968 197/969
f 110/970 198/971 200/972
f 198/973 197/974 199/975
f 198/976 199/977 200/978
f 197/979 162/980 161/981
f 197/982 161/983 199/984
f 200/985 199/986 164/987
f 200/988 164/989 163/990
f 199/991 161/992 124/993
f 199/994 124/995 164/996
f 111/997 166/998 202/999
f 166/1000 165/1001 201/1002
f 166/1003 201/1004 202/1005
f 165/1006 125/1007 168/1008
f 165/1009 168/1010 201/1011
f 111/1012 202/1013 204/1014
f 202/1015 201/1016 203/1017
f 202/1018 203/1019 204/1020
f 201/1021 168/1022 167/1023
f 201/1024 167/1025 203/1026
f 204/1027 203/1028 170/1029
f 204/1030 170/1031 169/1032
f 203/1033 167/1034 126/1035
f 203/1036 126/1037 170/1038
f 112/1039 172/1040 206/1041
f 172/1042 171/1043 205/1044
f 172/1045 205/1046 206/1047
f 171/1048 127/1049 174/1050
f 171/1051 174/1052 205/1053
f 112/1054 206/1055 208/1056
f 206/1057 205/1058 207/1059
f 206/1060 207/1061 208/1062
f 205/1063 174/1064 173/1065
f 205/1066 173/1067 207/1068
f 208/1069 207/1070 176/1071
f 208/1072 176/1073 175/1074
f 207/1075 173/1076 128/1077
f 207/1078 128/1079 176/1080
f 131/1081 132/1082 145/1083
f 131/1084 145/1085 146/1086
f 132/1087 113/1088 107/1089
f 132/1090 107/1091 145/1092
f 143/1093 144/1094 147/1095
f 143/1096 147/1097 148/1098
f 144/1099 117/1100 119/1101
f 144/1102 119/1103 147/1104
f 151/1105 152/1106 135/1107
f 151/1108 135/1109 136/1110
f 152/1111 120/1112 115/1113
f 152/1114 115/1115 135/1116
f 139/1117 140/1118 133/1119
f 139/1120 133/1121 134/1122
f 140/1123 116/1124 105/1125
f 140/1126 105/1127 133/1128
f 153/1129 154/1130 161/1131
f 153/1132 161/1133 162/1134
f 154/1135 109/1136 124/1137
f 154/1138 124/1139 161/1140
f 159/1141 160/1142 173/1143
f 159/1144 173/1145 174/1146
f 160/1147 110/1148 128/1149
f 160/1150 128/1151 173/1152
f 171/1153 172/1154 167/1155
f 171/1156 167/1157 168/1158
f 172/1159 112/1160 126/1161
f 172/1162 126/1163 167/1164
f 165/1165 166/1166 155/1167
f 165/1168 155/1169 156/1170
f 166/1171 111/1172 122/1173
f 166/1174 122/1175 155/1176
f 137/1177 138/1178 163/1179
f 137/1180 163/1181 164/1182
f 138/1183 115/1184 110/1185
f 138/1186 110/1187 163/1188
f 157/1189 158/1190 129/1191
f 157/1192 129/1193 130/1194
f 158/1195 122/1196 113/1197
f 158/1198 113/1199 129/1200
f 149/1201 150/1202 175/1203
f 149/1204 175/1205 176/1206
f 150/1207 119/1208 112/1209
f 150/1210 112/1211 175/1212
f 141/1213 142/1214 169/1215
f 141/1216 169/1217 170/1218
f 142/1219 107/1220 111/1221
f 142/1222 111/1223 169/1224
f 218/1225 222/1226 212/1227
f 218/1228 212/1229 210/1230
f 225/1231 227/1232 231/1233
f 225/1234 231/1235 229/1236
f 209/1237 220/1238 228/1239
f 209/1240 228/1241 213/1242
f 219/1243 224/1244 232/1245
f 219/1246 232/1247 214/1248
f 223/1249 221/1250 230/1251
f 223/1252 230/1253 216/1254
f 211/1255 217/1256 226/1257
f 211/1258 226/1259 215/1260
f 209/1261 284/1262 237/1263
f 210/1264 288/1265 243/1266
f 211/1267 292/1268 249/1269
f 212/1270 296/1271 255/1272
f 213/1273 300/1274 261/1275
f 214/1276 304/1277 267/1278
f 215/1279 308/1280 273/1281
f 216/1282 312/1283 279/1284
f 218/1285 235/1286 250/1287
f 218/1288 250/1289 222/1290
f 222/1291 247/1292 252/1293
f 222/1294 252/1295 212/1296
f 212/1297 255/1298 240/1299
f 212/1300 240/1301 210/1302
f 210/1303 243/1304 238/1305
f 210/1306 238/1307 218/1308
f 225/1309 257/1310 266/1311
f 225/1312 266/1313 227/1314
f 227/1315 263/1316 278/1317
f 227/1318 278/1319 231/1320
f 231/1321 275/1322 272/1323
f 231/1324 272/1325 229/1326
f 229/1327 269/1328 260/1329
f 229/1330 260/1331 225/1332
f 220/1333 241/1334 268/1335
f 220/1336 268/1337 228/1338
f 213/1339 261/1340 234/1341
f 213/1342 234/1343 209/1344
f 224/1345 253/1346 280/1347
f 224/1348 280/1349 232/1350
f 221/1351 245/1352 274/1353
f 221/1354 274/1355 230/1356
f 209/1357 234/1358 282/1359
f 234/1360 233/1361 281/1362
f 234/1363 281/1364 282/1365
f 233/1366 217/1367 236/1368
f 233/1369 236/1370 281/1371
f 209/1372 282/1373 284/1374
f 282/1375 281/1376 283/1377
f 282/1378 283/1379 284/1380
f 281/1381 236/1382 235/1383
f 281/1384 235/1385 283/1386
f 284/1387 283/1388 238/1389
f 284/1390 238/1391 237/1392
f 283/1393 235/1394 218/1395
f 283/1396 218/1397 238/1398
f 210/1399 240/1400 286/1401
f 240/1402 239/1403 285/1404
f 240/1405 285/1406 286/1407
f 239/1408 219/1409 242/1410
f 239/1411 242/1412 285/1413
f 210/1414 286/1415 288/1416
f 286/1417 285/1418 287/1419
f 286/1420 287/1421 288/1422
f 285/1423 242/1424 241/1425
f 285/1426 241/1427 287/1428
f 288/1429 287/1430 244/1431
f 288/1432 244/1433 243/1434
f 287/1435 241/1436 220/1437
f 287/1438 220/1439 244/1440
f 211/1441 246/1442 290/1443
f 246/1444 245/1445 289/1446
f 246/1447 289/1448 290/1449
f 245/1450 221/1451 248/1452
f 245/1453 248/1454 289/1455
f 211/1456 290/1457 292/1458
f 290/1459 289/1460 291/1461
f 290/1462 291/1463 292/1464
f 289/1465 248/1466 247/1467
f 289/1468 247/1469 291/1470
f 292/1471 291/1472 250/1473
f 292/1474 250/1475 249/1476
f 291/1477 247/1478 222/1479
f 291/1480 222/1481 250/1482
f 212/1483 252/1484 294/1485
f 252/1486 251/1487 293/1488
f 252/1489 293/1490 294/1491
f 251/1492 223/1493 254/1494
f 251/1495 254/1496 293/1497
f 212/1498 294/1499 296/1500
f 294/1501 293/1502 295/1503
f 294/1504 295/1505 296/1506
f 293/1507 254/1508 253/1509
f 293/1510 253/1511 295/1512
f 296/1513 295/1514 256/1515
f 296/1516 256/1517 255/1518
f 295/1519 253/1520 224/1521
f 295/1522 224/1523 256/1524
f 213/1525 258/1526 298/1527
f 258/1528 257/1529 297/1530
f 258/1531 297/1532 298/1533
f 257/1534 225/1535 260/1536
f 257/1537 260/1538 297/1539
f 213/1540 298/1541 300/1542
f 298/1543 297/1544 299/1545
f 298/1546 299/1547 300/1548
f 297/1549 260/1550 259/1551
f 297/1552 259/1553 299/1554
f 300/1555 299/1556 262/1557
f 300/1558 262/1559 261/1560
f 299/1561 259/1562 226/1563
f 299/1564 226/1565 262/1566
f 214/1567 264/1568 302/1569
f 264/1570 263/1571 301/1572
f 264/1573 301/1574 302/1575
f 263/1576 227/1577 266/1578
f 263/1579 266/1580 301/1581
f 214/1582 302/1583 304/1584
f 302/1585 301/1586 303/1587
f 302/1588 303/1589 304/1590
f 301/1591 266/1592 265/1593
f 301/1594 265/1595 303/1596
f 304/1597 303/1598 268/1599
f 304/1600 268/1601 267/1602
f 303/1603 265/1604 228/1605
f 303/1606 228/1607 268/1608
f 215/1609 270/1610 306/1611
f 270/1612 269/1613 305/1614
f 270/1615 305/1616 306/1617
f 269/1618 229/1619 272/1620
f 269/1621 272/1622 305/1623
f 215/1624 306/1625 308/1626
f 306/1627 305/1628 307/1629
f 306/1630 307/1631 308/1632
f 305/1633 272/1634 271/1635
f 305/1636 271/1637 307/1638
f 308/1639 307/1640 274/1641
f 308/1642 274/1643 273/1644
f 307/1645 271/1646 230/1647
f 307/1648 230/1649 274/1650
f 216/1651 276/1652 310/1653
f 276/1654 275/1655 309/1656
f 276/1657 309/1658 310/1659
f 275/1660 231/1661 278/1662
f 275/1663 278/1664 309/1665
f 216/1666 310/1667 312/1668
f 310/1669 309/1670 311/1671
f 310/1672 311/1673 312/1674
f 309/1675 278/1676 277/1677
f 309/1678 277/1679 311/1680
f 312/1681 311/1682 280/1683
f 312/1684 280/1685 279/1686
f 311/1687 277/1688 232/1689
f 311/1690 232/1691 280/1692
f 235/1693 236/1694 249/1695
f 235/1696 249/1697 250/1698
f 236/1699 217/1700 211/1701
f 236/1702 211/1703 249/1704
f 247/1705 248/1706 251/1707
f 247/1708 251/1709 252/1710
f 248/1711 221/1712 223/1713
f 248/1714 223/1715 251/1716
f 255/1717 256/1718 239/1719
f 255/1720 239/1721 240/1722
f 256/1723 224/1724 219/1725
f 256/1726 219/1727 239/1728
f 243/1729 244/1730 237/1731
f 243/1732 237/1733 238/1734
f 244/1735 220/1736 209/1737
f 244/1738 209/1739 237/1740
f 257/1741 258/1742 265/1743
f 257/1744 265/1745 266/1746
f 258/1747 213/1748 228/1749
f 258/1750 228/1751 265/1752
f 263/1753 264/1754 277/1755
f 263/1756 277/1757 278/1758
f 264/1759 214/1760 232/1761
f 264/1762 232/1763 277/1764
f 275/1765 276/1766 271/1767
f 275/1768 271/1769 272/1770
f 276/1771 216/1772 230/1773
f 276/1774 230/1775 271/1776
f 269/1777 270/1778 259/1779
f 269/1780 259/1781 260/1782
f 270/1783 215/1784 226/1785
f 270/1786 226/1787 259/1788
f 241/1789 242/1790 267/1791
f 241/1792 267/1793 268/1794
f 242/1795 219/1796 214/1797
f 242/1798 214/1799 267/1800
f 261/1801 262/1802 233/1803
f 261/1804 233/1805 234/1806
f 262/1807 226/1808 217/1809
f 262/1810 217/1811 233/1812
f 253/1813 254/1814 279/1815
f 253/1816 279/1817 280/1818
f 254/1819 223/1820 216/1821
f 254/1822 216/1823 279/1824
f 245/1825 246/1826 273/1827
f 245/1828 273/1829 274/1830
f 246/1831 211/1832 215/1833
f 246/1834 215/1835 273/1836
f 322/1837 326/1838 316/1839
f 322/1840 316/1841 314/1842
f 329/1843 331/1844 335/1845
f 329/1846 335/1847 333/1848
f 313/1849 324/1850 332/1851
f 313/1852 332/1853 317/1854
f 323/1855 328/1856 336/1857
f 323/1858 336/1859 318/1860
f 327/1861 325/1862 334/1863
f 327/1864 334/1865 320/1866
f 315/1867 321/1868 330/1869
f 315/1870 330/1871 319/1872
f 313/1873 388/1874 341/1875
f 314/1876 392/1877 347/1878
f 315/1879 396/1880 353/1881
f 316/1882 400/1883 359/1884
f 317/1885 404/1886 365/1887
f 318/1888 408/1889 371/1890
f 319/1891 412/1892 377/1893
f 320/1894 416/1895 383/1896
f 322/1897 339/1898 354/1899
f 322/1900 354/1901 326/1902
f 326/1903 351/1904 356/1905
f 326/1906 356/1907 316/1908
f 316/1909 359/1910 344/1911
f 316/1912 344/1913 314/1914
f 314/1915 347/1916 342/1917
f 314/1918 342/1919 322/1920
f 329/1921 361/1922 370/1923
f 329/1924 370/1925 331/1926
f 331/1927 367/1928 382/1929
f 331/1930 382/1931 335/1932
f 335/1933 379/1934 376/1935
f 335/1936 376/1937 333/1938
f 333/1939 373/1940 364/1941
f 333/1942 364/1943 329/1944
f 324/1945 345/1946 372/1947
f 324/1948 372/1949 332/1950
f 317/1951 365/1952 338/1953
f 317/1954 338/1955 313/1956
f 328/1957 357/1958 384/1959
f 328/1960 384/1961 336/1962
f 325/1963 349/1964 378/1965
f 325/1966 378/1967 334/1968
f 313/1969 338/1970 386/1971
f 338/1972 337/1973 385/1974
f 338/1975 385/1976 386/1977
f 337/1978 321/1979 340/1980
f 337/1981 340/1982 385/1983
f 313/1984 386/1985 388/1986
f 386/1987 385/1988 387/1989
f 386/1990 387/1991 388/1992
f 385/1993 340/1994 339/1995
f 385/1996 339/1997 387/1998
f 388/1999 387/2000 342/2001
f 388/2002 342/2003 341/2004
f 387/2005 339/2006 322/2007
f 387/2008 322/2009 342/2010
f 314/2011 344/2012 390/2013
f 344/2014 343/2015 389/2016
f 344/2017 389/2018 390/2019
f 343/2020 323/2021 346/2022
f 343/2023 346/2024 389/2025
f 314/2026 390/2027 392/2028
f 390/2029 389/2030 391/2031
f 390/2032 391/2033 392/2034
f 389/2035 346/2036 345/2037
f 389/2038 345/2039 391/2040
f 392/2041 391/2042 348/2043
f 392/2044 348/2045 347/2046
f 391/2047 345/2048 324/2049
f 391/2050 324/2051 348/2052
f 315/2053 350/2054 394/2055
f 350/2056 349/2057 393/2058
f 350/2059 393/2060 394/2061
f 349/2062 325/2063 352/2064
f 349/2065 352/2066 393/2067
f 315/2068 394/2069 396/2070
f 394/2071 393/2072 395/2073
f 394/2074 395/2075 396/2076
f 393/2077 352/2078 351/2079
f 393/2080 351/2081 395/2082
f 396/2083 395/2084 354/2085
f 396/2086 354/2087 353/2088
f 395/2089 351/2090 326/2091
f 395/2092 326/2093 354/2094
f 316/2095 356/2096 398/2097
f 356/2098 355/2099 397/2100
f 356/2101 397/2102 398/2103
f 355/2104 327/2105 358/2106
f 355/2107 358/2108 397/2109
f 316/2110 398/2111 400/2112
f 398/2113 397/2114 399/2115
f 398/2116 399/2117 400/2118
f 397/2119 358/2120 357/2121
f 397/2122 357/2123 399/2124
f 400/2125 399/2126 360/2127
f 400/2128 360/2129 359/2130
f 399/2131 357/2132 328/2133
f 399/2134 328/2135 360/2136
f 317/2137 362/2138 402/2139
f 362/2140 361/2141 401/2142
f 362/2143 401/2144 402/2145
f 361/2146 329/2147 364/2148
f 361/2149 364/2150 401/2151
f 317/2152 402/2153 404/2154
f 402/2155 401/2156 403/2157
f 402/2158 403/2159 404/2160
f 401/2161 364/2162 363/2163
f 401/2164 363/2165 403/2166
f 404/2167 403/2168 366/2169
f 404/2170 366/2171 365/2172
f 403/2173 363/2174 330/2175
f 403/2176 330/2177 366/2178
f 318/2179 368/2180 406/2181
f 368/2182 367/2183 405/2184
f 368/2185 405/2186 406/2187
f 367/2188 331/2189 370/2190
f 367/2191 370/2192 405/2193
f 318/2194 406/2195 408/2196
f 406/2197 405/2198 407/2199
f 406/2200 407/2201 408/2202
f 405/2203 370/2204 369/2205
f 405/2206 369/2207 407/2208
f 408/2209 407/2210 372/2211
f 408/2212 372/2213 371/2214
f 407/2215 369/2216 332/2217
f 407/2218 332/2219 372/2220
f 319/2221 374/2222 410/2223
f 374/2224 373/2225 409/2226
f 374/2227 409/2228 410/2229
f 373/2230 333/2231 376/2232
f 373/2233 376/2234 409/2235
f 319/2236 410/2237 412/2238
f 410/2239 409/2240 411/2241
f 410/2242 411/2243 412/2244
f 409/2245 376/2246 375/2247
f 409/2248 375/2249 411/2250
f 412/2251 411/2252 378/2253
f 412/2254 378/2255 377/2256
f 411/2257 375/2258 334/2259
f 411/2260 334/2261 378/2262
f 320/2263 380/2264 414/2265
f 380/2266 379/2267 413/2268
f 380/2269 413/2270 414/2271
f 379/2272 335/2273 382/2274
f 379/2275 382/2276 413/2277
f 320/2278 414/2279 416/2280
f 414/2281 413/2282 415/2283
f 414/2284 415/2285 416/2286
f 413/2287 382/2288 381/2289
f 413/2290 381/2291 415/2292
f 416/2293 415/2294 384/2295
f 416/2296 384/2297 383/2298
f 415/2299 381/2300 336/2301
f 415/2302 336/2303 384/2304
f 339/2305 340/2306 353/2307
f 339/2308 353/2309 354/2310
f 340/2311 321/2312 315/2313
f 340/2314 315/2315 353/2316
f 351/2317 352/2318 355/2319
f 351/2320 355/2321 356/2322
f 352/2323 325/2324 327/2325
f 352/2326 327/2327 355/2328
f 359/2329 360/2330 343/2331
f 359/2332 343/2333 344/2334
f 360/2335 328/2336 323/2337
f 360/2338 323/2339 343/2340
f 347/2341 348/2342 341/2343
f 347/2344 341/2345 342/2346
f 348/2347 324/2348 313/2349
f 348/2350 313/2351 341/2352
f 361/2353 362/2354 369/2355
f 361/2356 369/2357 370/2358
f 362/2359 317/2360 332/2361
f 362/2362 332/2363 369/2364
f 367/2365 368/2366 381/2367
f 367/2368 381/2369 382/2370
f 368/2371 318/2372 336/2373
f 368/2374 336/2375 381/2376
f 379/2377 380/2378 375/2379
f 379/2380 375/2381 376/2382
f 380/2383 320/2384 334/2385
f 380/2386 334/2387 375/2388
f 373/2389 374/2390 363/2391
f 373/2392 363/2393 364/2394
f 374/2395 319/2396 330/2397
f 374/2398 330/2399 363/2400
f 345/2401 346/2402 371/2403
f 345/2404 371/2405 372/2406
f 346/2407 323/2408 318/2409
f 346/2410 318/2411 371/2412
f 365/2413 366/2414 337/2415
f 365/2416 337/2417 338/2418
f 366/2419 330/2420 321/2421
f 366/2422 321/2423 337/2424
f 357/2425 358/2426 383/2427
f 357/2428 383/2429 384/2430
f 358/2431 327/2432 320/2433
f 358/2434 320/2435 383/2436
f 349/2437 350/2438 377/2439
f 349/2440 377/2441 378/2442
f 350/2443 315/2444 319/2445
f 350/2446 319/2447 377/2448
f 426/2449 430/2450 420/2451
f 426/2452 420/2453 418/2454
f 433/2455 435/2456 439/2457
f 433/2458 439/2459 437/2460
f 417/2461 428/2462 436/2463
f 417/2464 436/2465 421/2466
f 427/2467 432/2468 440/2469
f 427/2470 440/2471 422/2472
f 431/2473 429/2474 438/2475
f 431/2476 438/2477 424/2478
f 419/2479 425/2480 434/2481
f 419/2482 434/2483 423/2484
f 417/2485 492/2486 445/2487
f 418/2488 496/2489 451/2490
f 419/2491 500/2492 457/2493
f 420/2494 504/2495 463/2496
f 421/2497 508/2498 469/2499
f 422/2500 512/2501 475/2502
f 423/2503 516/2504 481/2505
f 424/2506 520/2507 487/2508
f 426/2509 443/2510 458/2511
f 426/2512 458/2513 430/2514
f 430/2515 455/2516 460/2517
f 430/2518 460/2519 420/2520
f 420/2521 463/2522 448/2523
f 420/2524 448/2525 418/2526
f 418/2527 451/2528 446/2529
f 418/2530 446/2531 426/2532
f 433/2533 465/2534 474/2535
f 433/2536 474/2537 435/2538
f 435/2539 471/2540 486/2541
f 435/2542 486/2543 439/2544
f 439/2545 483/2546 480/2547
f 439/2548 480/2549 437/2550
f 437/2551 477/2552 468/2553
f 437/2554 468/2555 433/2556
f 428/2557 449/2558 476/2559
f 428/2560 476/2561 436/2562
f 421/2563 469/2564 442/2565
f 421/2566 442/2567 417/2568
f 432/2569 461/2570 488/2571
f 432/2572 488/2573 440/2574
f 429/2575 453/2576 482/2577
f 429/2578 482/2579 438/2580
f 417/2581 442/2582 490/2583
f 442/2584 441/2585 489/2586
f 442/2587 489/2588 490/2589
f 441/2590 425/2591 444/2592
f 441/2593 444/2594 489/2595
f 417/2596 490/2597 492/2598
f 490/2599 489/2600 491/2601
f 490/2602 491/2603 492/2604
f 489/2605 444/2606 443/2607
f 489/2608 443/2609 491/2610
f 492/2611 491/2612 446/2613
f 492/2614 446/2615 445/2616
f 491/2617 443/2618 426/2619
f 491/2620 426/2621 446/2622
f 418/2623 448/2624 494/2625
f 448/2626 447/2627 493/2628
f 448/2629 493/2630 494/2631
f 447/2632 427/2633 450/2634
f 447/2635 450/2636 493/2637
f 418/2638 494/2639 496/2640
f 494/2641 493/2642 495/2643
f 494/2644 495/2645 496/2646
f 493/2647 450/2648 449/2649
f 493/2650 449/2651 495/2652
f 496/2653 495/2654 452/2655
f 496/2656 452/2657 451/2658
f 495/2659 449/2660 428/2661
f 495/2662 428/2663 452/2664
f 419/2665 454/2666 498/2667
f 454/2668 453/2669 497/2670
f 454/2671 497/2672 498/2673
f 453/2674 429/2675 456/2676
f 453/2677 456/2678 497/2679
f 419/2680 498/2681 500/2682
f 498/2683 497/2684 499/2685
f 498/2686 499/2687 500/2688
f 497/2689 456/2690 455/2691
f 497/2692 455/2693 499/2694
f 500/2695 499/2696 458/2697
f 500/2698 458/2699 457/2700
f 499/2701 455/2702 430/2703
f 499/2704 430/2705 458/2706
f 420/2707 460/2708 502/2709
f 460/2710 459/2711 501/2712
f 460/2713 501/2714 502/2715
f 459/2716 431/2717 462/2718
f 459/2719 462/2720 501/2721
f 420/2722 502/2723 504/2724
f 502/2725 501/2726 503/2727
f 502/2728 503/2729 504/2730
f 501/2731 462/2732 461/2733
f 501/2734 461/2735 503/2736
f 504/2737 503/2738 464/2739
f 504/2740 464/2741 463/2742
f 503/2743 461/2744 432/2745
f 503/2746 432/2747 464/2748
f 421/2749 466/2750 506/2751
f 466/2752 465/2753 505/2754
f 466/2755 505/2756 506/2757
f 465/2758 433/2759 468/2760
f 465/2761 468/2762 505/2763
f 421/2764 506/2765 508/2766
f 506/2767 505/2768 507/2769
f 506/2770 507/2771 508/2772
f 505/2773 468/2774 467/2775
f 505/2776 467/2777 507/2778
f 508/2779 507/2780 470/2781
f 508/2782 470/2783 469/2784
f 507/2785 467/2786 434/2787
f 507/2788 434/2789 470/2790
f 422/2791 472/2792 510/2793
f 472/2794 471/2795 509/2796
f 472/2797 509/2798 510/2799
f 471/2800 435/2801 474/2802
f 471/2803 474/2804 509/2805
f 422/2806 510/2807 512/2808
f 510/2809 509/2810 511/2811
f 510/2812 511/2813 512/2814
f 509/2815 474/2816 473/2817
f 509/2818 473/2819 511/2820
f 512/2821 511/2822 476/2823
f 512/2824 476/2825 475/2826
f 511/2827 473/2828 436/2829
f 511/2830 436/2831 476/2832
f 423/2833 478/2834 514/2835
f 478/2836 477/2837 513/2838
f 478/2839 513/2840 514/2841
f 477/2842 437/2843 480/2844
f 477/2845 480/2846 513/2847
f 423/2848 514/2849 516/2850
f 514/2851 513/2852 515/2853
f 514/2854 515/2855 516/2856
f 513/2857 480/2858 479/2859
f 513/2860 479/2861 515/2862
f 516/2863 515/2864 482/2865
f 516/2866 482/2867 481/2868
f 515/2869 479/2870 438/2871
f 515/2872 438/2873 482/2874
f 424/2875 484/2876 518/2877
f 484/2878 483/2879 517/2880
f 484/2881 517/2882 518/2883
f 483/2884 439/2885 486/2886
f 483/2887 486/2888 517/2889
f 424/2890 518/2891 520/2892
f 518/2893 517/2894 519/2895
f 518/2896 519/2897 520/2898
f 517/2899 486/2900 485/2901
f 517/2902 485/2903 519/2904
f 520/2905 519/2906 488/2907
f 520/2908 488/2909 487/2910
f 519/2911 485/2912 440/2913
f 519/2914 440/2915 488/2916
f 443/2917 444/2918 457/2919
f 443/2920 457/2921 458/2922
f 444/2923 425/2924 419/2925
f 444/2926 419/2927 457/2928
f 455/2929 456/2930 459/2931
f 455/2932 459/2933 460/2934
f 456/2935 429/2936 431/2937
f 456/2938 431/2939 459/2940
f 463/2941 464/2942 447/2943
f 463/2944 447/2945 448/2946
f 464/2947 432/2948 427/2949
f 464/2950 427/2951 447/2952
f 451/2953 452/2954 445/2955
f 451/2956 445/2957 446/2958
f 452/2959 428/2960 417/2961
f 452/2962 417/2963 445/2964
f 465/2965 466/2966 473/2967
f 465/2968 473/2969 474/2970
f 466/2971 421/2972 436/2973
f 466/2974 436/2975 473/2976
f 471/2977 472/2978 485/2979
f 471/2980 485/2981 486/2982
f 472/2983 422/2984 440/2985
f 472/2986 440/2987 485/2988
f 483/2989 484/2990 479/2991
f 483/2992 479/2993 480/2994
f 484/2995 424/2996 438/2997
f 484/2998 438/2999 479/3000
f 477/3001 478/3002 467/3003
f 477/3004 467/3005 468/3006
f 478/3007 423/3008 434/3009
f 478/3010 434/3011 467/3012
f 449/3013 450/3014 475/3015
f 449/3016 475/3017 476/3018
f 450/3019 427/3020 422/3021
f 450/3022 422/3023 475/3024
f 469/3025 470/3026 441/3027
f 469/3028 441/3029 442/3030
f 470/3031 434/3032 425/3033
f 470/3034 425/3035 441/3036
f 461/3037 462/3038 487/3039
f 461/3040 487/3041 488/3042
f 462/3043 431/3044 424/3045
f 462/3046 424/3047 487/3048
f 453/3049 454/3050 481/3051
f 453/3052 481/3053 482/3054
f 454/3055 419/3056 423/3057
f 454/3058 423/3059 481/3060
f 530/3061 534/3062 524/3063
f 530/3064 524/3065 522/3066
f 537/3067 539/3068 543/3069
f 537/3070 543/3071 541/3072
f 521/3073 532/3074 540/3075
f 521/3076 540/3077 525/3078
f 531/3079 536/3080 544/3081
f 531/3082 544/3083 526/3084
f 535/3085 533/3086 542/3087
f 535/3088 542/3089 528/3090
f 523/3091 529/3092 538/3093
f 523/3094 538/3095 527/3096
f 521/3097 596/3098 549/3099
f 522/3100 600/3101 555/3102
f 523/3103 604/3104 561/3105
f 524/3106 608/3107 567/3108
f 525/3109 612/3110 573/3111
f 526/3112 616/3113 579/3114
f 527/3115 620/3116 585/3117
f 528/3118 624/3119 591/3120
f 530/3121 547/3122 562/3123
f 530/3124 562/3125 534/3126
f 534/3127 559/3128 564/3129
f 534/3130 564/3131 524/3132
f 524/3133 567/3134 552/3135
f 524/3136 552/3137 522/3138
f 522/3139 555/3140 550/3141
f 522/3142 550/3143 530/3144
f 537/3145 569/3146 578/3147
f 537/3148 578/3149 539/3150
f 539/3151 575/3152 590/3153
f 539/3154 590/3155 543/3156
f 543/3157 587/3158 584/3159
f 543/3160 584/3161 541/3162
f 541/3163 581/3164 572/3165
f 541/3166 572/3167 537/3168
f 532/3169 553/3170 580/3171
f 532/3172 580/3173 540/3174
f 525/3175 573/3176 546/3177
f 525/3178 546/3179 521/3180
f 536/3181 565/3182 592/3183
f 536/3184 592/3185 544/3186
f 533/3187 557/3188 586/3189
f 533/3190 586/3191 542/3192
f 521/3193 546/3194 594/3195
f 546/3196 545/3197 593/3198
f 546/3199 593/3200 594/3201
f 545/3202 529/3203 548/3204
f 545/3205 548/3206 593/3207
f 521/3208 594/3209 596/3210
f 594/3211 593/3212 595/3213
f 594/3214 595/3215 596/3216
f 593/3217 548/3218 547/3219
f 593/3220 547/3221 595/3222
f 596/3223 595/3224 550/3225
f 596/3226 550/3227 549/3228
f 595/3229 547/3230 530/3231
f 595/3232 530/3233 550/3234
f 522/3235 552/3236 598/3237
f 552/3238 551/3239 597/3240
f 552/3241 597/3242 598/3243
f 551/3244 531/3245 554/3246
f 551/3247 554/3248 597/3249
f 522/3250 598/3251 600/3252
f 598/3253 597/3254 599/3255
f 598/3256 599/3257 600/3258
f 597/3259 554/3260 553/3261
f 597/3262 553/3263 599/3264
f 600/3265 599/3266 556/3267
f 600/3268 556/3269 555/3270
f 599/3271 553/3272 532/3273
f 599/3274 532/3275 556/3276
f 523/3277 558/3278 602/3279
f 558/3280 557/3281 601/3282
f 558/3283 601/3284 602/3285
f 557/3286 533/3287 560/3288
f 557/3289 560/3290 601/3291
f 523/3292 602/3293 604/3294
f 602/3295 601/3296 603/3297
f 602/3298 603/3299 604/3300
f 601/3301 560/3302 559/3303
f 601/3304 559/3305 603/3306
f 604/3307 603/3308 562/3309
f 604/3310 562/3311 561/3312
f 603/3313 559/3314 534/3315
f 603/3316 534/3317 562/3318
f 524/3319 564/3320 606/3321
f 564/3322 563/3323 605/3324
f 564/3325 605/3326 606/3327
f 563/3328 535/3329 566/3330
f 563/3331 566/3332 605/3333
f 524/3334 606/3335 608/3336
f 606/3337 605/3338 607/3339
f 606/3340 607/3341 608/3342
f 605/3343 566/3344 565/3345
f 605/3346 565/3347 607/3348
f 608/3349 607/3350 568/3351
f 608/3352 568/3353 567/3354
f 607/3355 565/3356 536/3357
f 607/3358 536/3359 568/3360
f 525/3361 570/3362 610/3363
f 570/3364 569/3365 609/3366
f 570/3367 609/3368 610/3369
f 569/3370 537/3371 572/3372
f 569/3373 572/3374 609/3375
f 525/3376 610/3377 612/3378
f 610/3379 609/3380 611/3381
f 610/3382 611/3383 612/3384
f 609/3385 572/3386 571/3387
f 609/3388 571/3389 611/3390
f 612/3391 611/3392 574/3393
f 612/3394 574/3395 573/3396
f 611/3397 571/3398 538/3399
f 611/3400 538/3401 574/3402
f 526/3403 576/3404 614/3405
f 576/3406 575/3407 613/3408
f 576/3409 613/3410 614/3411
f 575/3412 539/3413 578/3414
f 575/3415 578/3416 613/3417
f 526/3418 614/3419 616/3420
f 614/3421 613/3422 615/3423
f 614/3424 615/3425 616/3426
f 613/3427 578/3428 577/3429
f 613/3430 577/3431 615/3432
f 616/3433 615/3434 580/3435
f 616/3436 580/3437 579/3438
f 615/3439 577/3440 540/3441
f 615/3442 540/3443 580/3444
f 527/3445 582/3446 618/3447
f 582/3448 581/3449 617/3450
f 582/3451 617/3452 618/3453
f 581/3454 541/3455 584/3456
f 581/3457 584/3458 617/3459
f 527/3460 618/3461 620/3462
f 618/3463 617/3464 619/3465
f 618/3466 619/3467 620/3468
f 617/3469 584/3470 583/3471
f 617/3472 583/3473 619/3474
f 620/3475 619/3476 586/3477
f 620/3478 586/3479 585/3480
f 619/3481 583/3482 542/3483
f 619/3484 542/3485 586/3486
f 528/3487 588/3488 622/3489
f 588/3490 587/3491 621/3492
f 588/3493 621/3494 622/3495
f 587/3496 543/3497 590/3498
f 587/3499 590/3500 621/3501
f 528/3502 622/3503 624/3504
f 622/3505 621/3506 623/3507
f 622/3508 623/3509 624/3510
f 621/3511 590/3512 589/3513
f 621/3514 589/3515 623/3516
f 624/3517 623/3518 592/3519
f 624/3520 592/3521 591/3522
f 623/3523 589/3524 544/3525
f 623/3526 544/3527 592/3528
f 547/3529 548/3530 561/3531
f 547/3532 561/3533 562/3534
f 548/3535 529/3536 523/3537
f 548/3538 523/3539 561/3540
f 559/3541 560/3542 563/3543
f 559/3544 563/3545 564/3546
f 560/3547 533/3548 535/3549
f 560/3550 535/3551 563/3552
f 567/3553 568/3554 551/3555
f 567/3556 551/3557 552/3558
f 568/3559 536/3560 531/3561
f 568/3562 531/3563 551/3564
f 555/3565 556/3566 549/3567
f 555/3568 549/3569 550/3570
f 556/3571 532/3572 521/3573
f 556/3574 521/3575 549/3576
f 569/3577 570/3578 577/3579
f 569/3580 577/3581 578/3582
f 570/3583 525/3584 540/3585
f 570/3586 540/3587 577/3588
f 575/3589 576/3590 589/3591
f 575/3592 589/3593 590/3594
f 576/3595 526/3596 544/3597
f 576/3598 544/3599 589/3600
f 587/3601 588/3602 583/3603
f 587/3604 583/3605 584/3606
f 588/3607 528/3608 542/3609
f 588/3610 542/3611 583/3612
f 581/3613 582/3614 571/3615
f 581/3616 571/3617 572/3618
f 582/3619 527/3620 538/3621
f 582/3622 538/3623 571/3624
f 553/3625 554/3626 579/3627
f 553/3628 579/3629 580/3630
f 554/3631 531/3632 526/3633
f 554/3634 526/3635 579/3636
f 573/3637 574/3638 545/3639
f 573/3640 545/3641 546/3642
f 574/3643 538/3644 529/3645
f 574/3646 529/3647 545/3648
f 565/3649 566/3650 591/3651
f 565/3652 591/3653 592/3654
f 566/3655 535/3656 528/3657
f 566/3658 528/3659 591/3660
f 557/3661 558/3662 585/3663
f 557/3664 585/3665 586/3666
f 558/3667 523/3668 527/3669
f 558/3670 527/3671 585/3672
