# Exported from robot_room_v2.usdc, material /root/plate2/Looks/OmniPBR
v -0.660114 -0.147156 1.12207
v -0.660114 -0.144993 1.12207
v -0.64244 -0.148897 1.12207
v -0.642018 -0.146775 1.12207
v -0.625445 -0.154052 1.12207
v -0.624617 -0.152054 1.12207
v -0.609782 -0.162424 1.12207
v -0.60858 -0.160626 1.12207
v -0.596053 -0.173691 1.12207
v -0.594524 -0.172161 1.12207
v -0.584787 -0.18742 1.12207
v -0.582988 -0.186218 1.12207
v -0.576415 -0.203082 1.12207
v -0.574416 -0.202255 1.12207
v -0.571259 -0.220078 1.12207
v -0.569137 -0.219656 1.12207
v -0.569518 -0.237752 1.12207
v -0.567355 -0.237752 1.12207
v -0.571259 -0.255426 1.12207
v -0.569137 -0.255848 1.12207
v -0.576415 -0.272421 1.12207
v -0.574416 -0.273249 1.12207
v -0.584787 -0.288084 1.12207
v -0.582988 -0.289286 1.12207
v -0.596053 -0.301813 1.12207
v -0.594524 -0.303343 1.12207
v -0.609782 -0.31308 1.12207
v -0.60858 -0.314878 1.12207
v -0.625445 -0.321452 1.12207
v -0.624617 -0.32345 1.12207
v -0.64244 -0.326607 1.12207
v -0.642018 -0.328729 1.12207
v -0.660114 -0.328348 1.12207
v -0.660114 -0.330511 1.12207
v -0.677789 -0.326607 1.12207
v -0.678211 -0.328729 1.12207
v -0.694784 -0.321452 1.12207
v -0.695612 -0.32345 1.12207
v -0.710447 -0.31308 1.12207
v -0.711648 -0.314878 1.12207
v -0.724175 -0.301813 1.12207
v -0.725705 -0.303343 1.12207
v -0.735442 -0.288084 1.12207
v -0.737241 -0.289286 1.12207
v -0.743814 -0.272421 1.12207
v -0.745813 -0.273249 1.12207
v -0.748969 -0.255426 1.12207
v -0.751091 -0.255848 1.12207
v -0.75071 -0.237752 1.12207
v -0.752873 -0.237752 1.12207
v -0.748969 -0.220078 1.12207
v -0.751091 -0.219656 1.12207
v -0.743814 -0.203082 1.12207
v -0.745813 -0.202255 1.12207
v -0.735442 -0.18742 1.12207
v -0.737241 -0.186218 1.12207
v -0.724175 -0.173691 1.12207
v -0.725705 -0.172161 1.12207
v -0.710447 -0.162424 1.12207
v -0.711648 -0.160626 1.12207
v -0.694784 -0.154052 1.12207
v -0.695612 -0.152054 1.12207
v -0.677789 -0.148897 1.12207
v -0.678211 -0.146775 1.12207
v -0.660114 -0.163625 1.1001
v -0.660114 -0.161615 1.10211
v -0.660114 -0.15128 1.10573
v -0.660114 -0.153037 1.10676
v -0.660114 -0.155769 1.10347
v -0.660114 -0.154589 1.10175
v -0.645653 -0.165049 1.1001
v -0.645261 -0.163078 1.10211
v -0.643245 -0.152942 1.10573
v -0.643587 -0.154665 1.10676
v -0.64389 -0.156187 1.10175
v -0.64412 -0.157344 1.10347
v -0.631747 -0.169267 1.1001
v -0.630978 -0.16741 1.10211
v -0.627023 -0.157863 1.10573
v -0.627695 -0.159486 1.10676
v -0.628289 -0.160919 1.10175
v -0.628741 -0.16201 1.10347
v -0.618931 -0.176117 1.1001
v -0.617815 -0.174446 1.10211
v -0.612073 -0.165854 1.10573
v -0.613049 -0.167314 1.10676
v -0.613911 -0.168604 1.10175
v -0.614567 -0.169586 1.10347
v -0.607698 -0.185336 1.1001
v -0.606277 -0.183915 1.10211
v -0.59897 -0.176607 1.10573
v -0.600212 -0.17785 1.10676
v -0.601309 -0.178947 1.10175
v -0.602144 -0.179781 1.10347
v -0.59848 -0.196569 1.1001
v -0.596808 -0.195452 1.10211
v -0.588216 -0.189711 1.10573
v -0.589676 -0.190687 1.10676
v -0.590967 -0.191549 1.10175
v -0.591948 -0.192205 1.10347
v -0.59163 -0.209385 1.1001
v -0.589773 -0.208616 1.10211
v -0.580225 -0.204661 1.10573
v -0.581848 -0.205333 1.10676
v -0.583282 -0.205927 1.10175
v -0.584372 -0.206378 1.10347
v -0.587411 -0.22329 1.1001
v -0.58544 -0.222898 1.10211
v -0.575304 -0.220882 1.10573
v -0.577027 -0.221225 1.10676
v -0.578549 -0.221528 1.10175
v -0.579707 -0.221758 1.10347
v -0.585987 -0.237752 1.1001
v -0.583977 -0.237752 1.10211
v -0.573643 -0.237752 1.10573
v -0.575399 -0.237752 1.10676
v -0.576951 -0.237752 1.10175
v -0.578131 -0.237752 1.10347
v -0.587411 -0.252213 1.1001
v -0.58544 -0.252606 1.10211
v -0.575304 -0.254622 1.10573
v -0.577027 -0.254279 1.10676
v -0.578549 -0.253976 1.10175
v -0.579707 -0.253746 1.10347
v -0.59163 -0.266119 1.1001
v -0.589773 -0.266888 1.10211
v -0.580225 -0.270843 1.10573
v -0.581848 -0.270171 1.10676
v -0.583282 -0.269577 1.10175
v -0.584372 -0.269125 1.10347
v -0.59848 -0.278935 1.1001
v -0.596808 -0.280051 1.10211
v -0.588216 -0.285793 1.10573
v -0.589676 -0.284817 1.10676
v -0.590967 -0.283955 1.10175
v -0.591948 -0.283299 1.10347
v -0.607698 -0.290168 1.1001
v -0.606277 -0.291589 1.10211
v -0.59897 -0.298897 1.10573
v -0.600212 -0.297654 1.10676
v -0.601309 -0.296557 1.10175
v -0.602144 -0.295723 1.10347
v -0.618931 -0.299386 1.1001
v -0.617815 -0.301058 1.10211
v -0.612073 -0.30965 1.10573
v -0.613049 -0.30819 1.10676
v -0.613911 -0.3069 1.10175
v -0.614567 -0.305918 1.10347
v -0.631747 -0.306237 1.1001
v -0.630978 -0.308094 1.10211
v -0.627023 -0.317641 1.10573
v -0.627695 -0.316018 1.10676
v -0.628289 -0.314585 1.10175
v -0.628741 -0.313494 1.10347
v -0.645653 -0.310455 1.1001
v -0.645261 -0.312426 1.10211
v -0.643245 -0.322562 1.10573
v -0.643587 -0.320839 1.10676
v -0.64389 -0.319317 1.10175
v -0.64412 -0.31816 1.10347
v -0.660114 -0.311879 1.1001
v -0.660114 -0.313889 1.10211
v -0.660114 -0.324223 1.10573
v -0.660114 -0.322467 1.10676
v -0.660114 -0.320915 1.10175
v -0.660114 -0.319735 1.10347
v -0.674576 -0.310455 1.1001
v -0.674968 -0.312426 1.10211
v -0.676984 -0.322562 1.10573
v -0.676641 -0.320839 1.10676
v -0.676339 -0.319317 1.10175
v -0.676108 -0.31816 1.10347
v -0.688482 -0.306237 1.1001
v -0.689251 -0.308094 1.10211
v -0.693205 -0.317641 1.10573
v -0.692533 -0.316018 1.10676
v -0.691939 -0.314585 1.10175
v -0.691488 -0.313494 1.10347
v -0.701297 -0.299386 1.1001
v -0.702414 -0.301058 1.10211
v -0.708155 -0.30965 1.10573
v -0.707179 -0.30819 1.10676
v -0.706317 -0.3069 1.10175
v -0.705661 -0.305918 1.10347
v -0.71253 -0.290168 1.1001
v -0.713951 -0.291589 1.10211
v -0.721259 -0.298897 1.10573
v -0.720017 -0.297654 1.10676
v -0.71892 -0.296557 1.10175
v -0.718085 -0.295723 1.10347
v -0.721749 -0.278935 1.1001
v -0.72342 -0.280051 1.10211
v -0.732013 -0.285793 1.10573
v -0.730552 -0.284817 1.10676
v -0.729262 -0.283955 1.10175
v -0.72828 -0.283299 1.10347
v -0.728599 -0.266119 1.1001
v -0.730456 -0.266888 1.10211
v -0.740003 -0.270843 1.10573
v -0.738381 -0.270171 1.10676
v -0.736947 -0.269577 1.10175
v -0.735857 -0.269125 1.10347
v -0.732817 -0.252213 1.1001
v -0.734789 -0.252606 1.10211
v -0.744924 -0.254622 1.10573
v -0.743201 -0.254279 1.10676
v -0.74168 -0.253976 1.10175
v -0.740522 -0.253746 1.10347
v -0.734241 -0.237752 1.1001
v -0.736251 -0.237752 1.10211
v -0.746586 -0.237752 1.10573
v -0.744829 -0.237752 1.10676
v -0.743277 -0.237752 1.10175
v -0.742097 -0.237752 1.10347
v -0.732817 -0.22329 1.1001
v -0.734789 -0.222898 1.10211
v -0.744924 -0.220882 1.10573
v -0.743201 -0.221225 1.10676
v -0.74168 -0.221528 1.10175
v -0.740522 -0.221758 1.10347
v -0.728599 -0.209385 1.1001
v -0.730456 -0.208616 1.10211
v -0.740003 -0.204661 1.10573
v -0.738381 -0.205333 1.10676
v -0.736947 -0.205927 1.10175
v -0.735857 -0.206379 1.10347
v -0.721749 -0.196569 1.1001
v -0.72342 -0.195452 1.10211
v -0.732013 -0.189711 1.10573
v -0.730552 -0.190687 1.10676
v -0.729262 -0.191549 1.10175
v -0.72828 -0.192205 1.10347
v -0.71253 -0.185336 1.1001
v -0.713951 -0.183915 1.10211
v -0.721259 -0.176607 1.10573
v -0.720017 -0.17785 1.10676
v -0.71892 -0.178947 1.10175
v -0.718085 -0.179781 1.10347
v -0.701297 -0.176117 1.1001
v -0.702414 -0.174446 1.10211
v -0.708155 -0.165854 1.10573
v -0.707179 -0.167314 1.10676
v -0.706317 -0.168604 1.10175
v -0.705661 -0.169586 1.10347
v -0.688482 -0.169267 1.1001
v -0.689251 -0.16741 1.10211
v -0.693205 -0.157863 1.10573
v -0.692533 -0.159486 1.10676
v -0.691939 -0.160919 1.10175
v -0.691488 -0.16201 1.10347
v -0.674576 -0.165049 1.1001
v -0.674968 -0.163078 1.10211
v -0.676984 -0.152942 1.10573
v -0.676641 -0.154665 1.10676
v -0.676339 -0.156187 1.10175
v -0.676108 -0.157344 1.10347
v -0.660114 -0.159835 1.10211
v -0.660114 -0.159507 1.1001
v -0.644849 -0.16101 1.1001
v -0.644913 -0.161332 1.10211
v -0.630171 -0.165463 1.1001
v -0.630297 -0.165766 1.10211
v -0.616644 -0.172694 1.1001
v -0.616826 -0.172966 1.10211
v -0.604787 -0.182424 1.1001
v -0.605019 -0.182656 1.10211
v -0.595056 -0.194281 1.1001
v -0.595329 -0.194463 1.10211
v -0.587825 -0.207809 1.1001
v -0.588128 -0.207934 1.10211
v -0.583373 -0.222487 1.1001
v -0.583694 -0.222551 1.10211
v -0.581869 -0.237752 1.1001
v -0.582197 -0.237752 1.10211
v -0.583373 -0.253017 1.1001
v -0.583694 -0.252953 1.10211
v -0.587825 -0.267695 1.1001
v -0.588128 -0.26757 1.10211
v -0.595056 -0.281223 1.1001
v -0.595329 -0.28104 1.10211
v -0.604787 -0.29308 1.1001
v -0.605019 -0.292848 1.10211
v -0.616644 -0.30281 1.1001
v -0.616826 -0.302538 1.10211
v -0.630171 -0.310041 1.1001
v -0.630297 -0.309738 1.10211
v -0.644849 -0.314493 1.1001
v -0.644913 -0.314172 1.10211
v -0.660114 -0.315997 1.1001
v -0.660114 -0.315669 1.10211
v -0.675379 -0.314493 1.1001
v -0.675315 -0.314172 1.10211
v -0.690057 -0.310041 1.1001
v -0.689932 -0.309738 1.10211
v -0.703585 -0.30281 1.1001
v -0.703403 -0.302538 1.10211
v -0.715442 -0.29308 1.1001
v -0.71521 -0.292848 1.10211
v -0.725173 -0.281223 1.1001
v -0.7249 -0.28104 1.10211
v -0.732403 -0.267695 1.1001
v -0.7321 -0.26757 1.10211
v -0.736856 -0.253017 1.1001
v -0.736534 -0.252953 1.10211
v -0.738359 -0.237752 1.1001
v -0.738031 -0.237752 1.10211
v -0.736856 -0.222487 1.1001
v -0.736534 -0.222551 1.10211
v -0.732403 -0.207809 1.1001
v -0.7321 -0.207934 1.10211
v -0.725173 -0.194281 1.1001
v -0.7249 -0.194464 1.10211
v -0.715442 -0.182424 1.1001
v -0.71521 -0.182656 1.10211
v -0.703585 -0.172694 1.1001
v -0.703403 -0.172966 1.10211
v -0.690057 -0.165463 1.1001
v -0.689932 -0.165766 1.10211
v -0.675379 -0.16101 1.1001
v -0.675315 -0.161332 1.10211
v -0.660114 -0.162882 1.1001
v -0.660114 -0.164892 1.10211
v -0.645508 -0.16432 1.1001
v -0.6459 -0.166292 1.10211
v -0.631463 -0.168581 1.1001
v -0.632232 -0.170438 1.10211
v -0.618519 -0.1755 1.1001
v -0.619635 -0.177171 1.10211
v -0.607173 -0.184811 1.1001
v -0.608594 -0.186232 1.10211
v -0.597862 -0.196156 1.1001
v -0.599533 -0.197273 1.10211
v -0.590943 -0.2091 1.1001
v -0.5928 -0.20987 1.10211
v -0.586683 -0.223145 1.1001
v -0.588654 -0.223538 1.10211
v -0.585244 -0.237752 1.1001
v -0.587254 -0.237752 1.10211
v -0.586683 -0.252358 1.1001
v -0.588654 -0.251966 1.10211
v -0.590943 -0.266404 1.1001
v -0.5928 -0.265634 1.10211
v -0.597862 -0.279348 1.1001
v -0.599533 -0.278231 1.10211
v -0.607173 -0.290693 1.1001
v -0.608594 -0.289272 1.10211
v -0.618519 -0.300004 1.1001
v -0.619635 -0.298333 1.10211
v -0.631463 -0.306923 1.1001
v -0.632232 -0.305066 1.10211
v -0.645508 -0.311184 1.1001
v -0.6459 -0.309212 1.10211
v -0.660114 -0.312622 1.1001
v -0.660114 -0.310612 1.10211
v -0.674721 -0.311184 1.1001
v -0.674329 -0.309212 1.10211
v -0.688766 -0.306923 1.1001
v -0.687997 -0.305066 1.10211
v -0.70171 -0.300004 1.1001
v -0.700593 -0.298333 1.10211
v -0.713056 -0.290693 1.1001
v -0.711634 -0.289272 1.10211
v -0.722367 -0.279348 1.1001
v -0.720695 -0.278231 1.10211
v -0.729285 -0.266404 1.1001
v -0.727428 -0.265634 1.10211
v -0.733546 -0.252358 1.1001
v -0.731575 -0.251966 1.10211
v -0.734985 -0.237752 1.1001
v -0.732975 -0.237752 1.10211
v -0.733546 -0.223145 1.1001
v -0.731575 -0.223538 1.10211
v -0.729285 -0.2091 1.1001
v -0.727428 -0.20987 1.10211
v -0.722367 -0.196156 1.1001
v -0.720695 -0.197273 1.10211
v -0.713056 -0.184811 1.1001
v -0.711634 -0.186232 1.10211
v -0.70171 -0.1755 1.1001
v -0.700593 -0.177171 1.10211
v -0.688766 -0.168581 1.1001
v -0.687997 -0.170438 1.10211
v -0.674721 -0.16432 1.1001
v -0.674329 -0.166292 1.10211
v -0.660114 -0.164892 1.10101
v -0.660114 -0.162882 1.099
v -0.645508 -0.16432 1.099
v -0.6459 -0.166292 1.10101
v -0.631463 -0.168581 1.099
v -0.632232 -0.170438 1.10101
v -0.618519 -0.1755 1.099
v -0.619635 -0.177171 1.10101
v -0.607173 -0.184811 1.099
v -0.608594 -0.186232 1.10101
v -0.597862 -0.196156 1.099
v -0.599533 -0.197273 1.10101
v -0.590943 -0.2091 1.099
v -0.5928 -0.20987 1.10101
v -0.586683 -0.223145 1.099
v -0.588654 -0.223538 1.10101
v -0.585244 -0.237752 1.099
v -0.587254 -0.237752 1.10101
v -0.586683 -0.252358 1.099
v -0.588654 -0.251966 1.10101
v -0.590943 -0.266404 1.099
v -0.5928 -0.265634 1.10101
v -0.597862 -0.279348 1.099
v -0.599533 -0.278231 1.10101
v -0.607173 -0.290693 1.099
v -0.608594 -0.289272 1.10101
v -0.618519 -0.300004 1.099
v -0.619635 -0.298333 1.10101
v -0.631463 -0.306923 1.099
v -0.632232 -0.305066 1.10101
v -0.645508 -0.311184 1.099
v -0.6459 -0.309212 1.10101
v -0.660114 -0.312622 1.099
v -0.660114 -0.310612 1.10101
v -0.674721 -0.311184 1.099
v -0.674329 -0.309212 1.10101
v -0.688766 -0.306923 1.099
v -0.687997 -0.305066 1.10101
v -0.70171 -0.300004 1.099
v -0.700593 -0.298333 1.10101
v -0.713056 -0.290693 1.099
v -0.711634 -0.289272 1.10101
v -0.722367 -0.279348 1.099
v -0.720695 -0.278231 1.10101
v -0.729285 -0.266404 1.099
v -0.727428 -0.265634 1.10101
v -0.731575 -0.251966 1.10101
v -0.733546 -0.252358 1.099
v -0.734985 -0.237752 1.099
v -0.732975 -0.237752 1.10101
v -0.733546 -0.223145 1.099
v -0.731575 -0.223538 1.10101
v -0.729285 -0.2091 1.099
v -0.727428 -0.20987 1.10101
v -0.722367 -0.196156 1.099
v -0.720695 -0.197273 1.10101
v -0.713056 -0.184811 1.099
v -0.711634 -0.186232 1.10101
v -0.70171 -0.1755 1.099
v -0.700593 -0.177171 1.10101
v -0.688766 -0.168581 1.099
v -0.687997 -0.170438 1.10101
v -0.674721 -0.16432 1.099
v -0.674329 -0.166292 1.10101
v -0.660114 -0.163625 1.099
v -0.660114 -0.161615 1.10101
v -0.645653 -0.165049 1.099
v -0.645261 -0.163078 1.10101
v -0.631747 -0.169267 1.099
v -0.630978 -0.16741 1.10101
v -0.618931 -0.176117 1.099
v -0.617815 -0.174446 1.10101
v -0.607698 -0.185336 1.099
v -0.606277 -0.183915 1.10101
v -0.59848 -0.196569 1.099
v -0.596808 -0.195452 1.10101
v -0.59163 -0.209385 1.099
v -0.589773 -0.208616 1.10101
v -0.587411 -0.22329 1.099
v -0.58544 -0.222898 1.10101
v -0.585987 -0.237752 1.099
v -0.583977 -0.237752 1.10101
v -0.587411 -0.252213 1.099
v -0.58544 -0.252606 1.10101
v -0.59163 -0.266119 1.099
v -0.589773 -0.266888 1.10101
v -0.59848 -0.278935 1.099
v -0.596808 -0.280051 1.10101
v -0.606277 -0.291589 1.10101
v -0.607698 -0.290168 1.099
v -0.617815 -0.301058 1.10101
v -0.618931 -0.299386 1.099
v -0.630978 -0.308094 1.10101
v -0.631747 -0.306237 1.099
v -0.645261 -0.312426 1.10101
v -0.645653 -0.310455 1.099
v -0.660114 -0.313889 1.10101
v -0.660114 -0.311879 1.099
v -0.674968 -0.312426 1.10101
v -0.674576 -0.310455 1.099
v -0.689251 -0.308094 1.10101
v -0.688482 -0.306237 1.099
v -0.702414 -0.301058 1.10101
v -0.701297 -0.299386 1.099
v -0.713951 -0.291589 1.10101
v -0.71253 -0.290168 1.099
v -0.72342 -0.280051 1.10101
v -0.721749 -0.278935 1.099
v -0.730456 -0.266888 1.10101
v -0.728599 -0.266119 1.099
v -0.734789 -0.252606 1.10101
v -0.732817 -0.252213 1.099
v -0.734241 -0.237752 1.099
v -0.736251 -0.237752 1.10101
v -0.732817 -0.22329 1.099
v -0.734789 -0.222898 1.10101
v -0.728599 -0.209385 1.099
v -0.730456 -0.208616 1.10101
v -0.721749 -0.196569 1.099
v -0.72342 -0.195452 1.10101
v -0.71253 -0.185336 1.099
v -0.713951 -0.183915 1.10101
v -0.701297 -0.176117 1.099
v -0.702414 -0.174446 1.10101
v -0.688482 -0.169267 1.099
v -0.689251 -0.16741 1.10101
v -0.674576 -0.165049 1.099
v -0.674968 -0.163078 1.10101
v -0.651707 -0.147981 1.12207
v -0.651064 -0.145884 1.12207
v -0.633863 -0.151496 1.12207
v -0.633318 -0.149414 1.12207
v -0.616588 -0.158802 1.12207
v -0.616604 -0.156337 1.12207
v -0.599997 -0.170413 1.12207
v -0.601566 -0.166382 1.12207
v -0.590261 -0.180739 1.12207
v -0.588757 -0.179189 1.12207
v -0.578567 -0.19942 1.12207
v -0.578712 -0.194215 1.12207
v -0.573888 -0.211412 1.12207
v -0.571776 -0.210956 1.12207
v -0.570115 -0.228888 1.12207
v -0.568248 -0.228704 1.12207
v -0.570115 -0.246616 1.12207
v -0.568248 -0.2468 1.12207
v -0.573898 -0.264142 1.12207
v -0.571776 -0.264548 1.12207
v -0.580663 -0.280382 1.12207
v -0.578702 -0.281267 1.12207
v -0.589372 -0.29369 1.12207
v -0.588761 -0.296321 1.12207
v -0.600737 -0.305724 1.12207
v -0.601563 -0.309119 1.12207
v -0.61586 -0.316314 1.12207
v -0.616607 -0.319169 1.12207
v -0.634131 -0.324091 1.12207
v -0.633316 -0.326089 1.12207
v -0.650038 -0.327358 1.12207
v -0.651072 -0.329621 1.12207
v -0.668516 -0.32752 1.12207
v -0.669165 -0.32962 1.12207
v -0.690737 -0.32268 1.12207
v -0.686889 -0.326096 1.12207
v -0.697968 -0.319777 1.12207
v -0.703653 -0.319152 1.12207
v -0.717485 -0.307659 1.12207
v -0.718676 -0.309109 1.12207
v -0.730021 -0.295123 1.12207
v -0.731472 -0.296313 1.12207
v -0.739618 -0.280298 1.12207
v -0.741527 -0.281268 1.12207
v -0.746335 -0.264128 1.12207
v -0.748452 -0.264548 1.12207
v -0.750113 -0.246616 1.12207
v -0.751981 -0.2468 1.12207
v -0.750113 -0.228888 1.12207
v -0.751981 -0.228704 1.12207
v -0.74641 -0.211663 1.12207
v -0.748452 -0.210955 1.12207
v -0.739577 -0.195154 1.12207
v -0.741527 -0.194237 1.12207
v -0.72971 -0.180435 1.12207
v -0.731473 -0.17919 1.12207
v -0.716649 -0.167517 1.12207
v -0.71868 -0.166396 1.12207
v -0.702745 -0.157996 1.12207
v -0.703629 -0.156341 1.12207
v -0.687027 -0.151708 1.12207
v -0.686907 -0.149413 1.12207
v -0.668248 -0.147964 1.12207
v -0.669166 -0.145884 1.12207
v -0.643567 -0.154564 1.10374
v -0.64387 -0.156084 1.10502
v -0.651679 -0.152111 1.10573
v -0.651852 -0.153861 1.10675
v -0.660114 -0.154484 1.10502
v -0.660114 -0.152934 1.10374
v -0.652002 -0.155388 1.10175
v -0.652118 -0.156566 1.10347
v -0.64437 -0.158599 1.10092
v -0.644494 -0.159226 1.10283
v -0.660114 -0.157687 1.10283
v -0.660114 -0.157048 1.10092
v -0.652482 -0.160259 1.1001
v -0.652514 -0.160586 1.10211
v -0.627656 -0.159391 1.10374
v -0.628249 -0.160823 1.10502
v -0.635134 -0.155402 1.10573
v -0.635644 -0.157085 1.10675
v -0.63609 -0.158553 1.10175
v -0.636433 -0.159686 1.10347
v -0.62923 -0.163192 1.10092
v -0.629475 -0.163782 1.10283
v -0.63751 -0.163237 1.1001
v -0.637606 -0.163552 1.10211
v -0.612992 -0.167229 1.10374
v -0.613853 -0.168517 1.10502
v -0.619548 -0.161858 1.10573
v -0.620377 -0.163409 1.10675
v -0.6211 -0.164762 1.10175
v -0.621658 -0.165806 1.10347
v -0.615278 -0.170649 1.10092
v -0.615633 -0.171181 1.10283
v -0.623407 -0.169078 1.1001
v -0.623563 -0.169369 1.10211
v -0.600139 -0.177777 1.10374
v -0.601235 -0.178873 1.10502
v -0.605521 -0.17123 1.10573
v -0.606637 -0.17259 1.10675
v -0.60761 -0.173775 1.10175
v -0.608361 -0.174691 1.10347
v -0.603048 -0.180686 1.10092
v -0.6035 -0.181138 1.10283
v -0.610715 -0.177559 1.1001
v -0.610924 -0.177814 1.10211
v -0.589591 -0.19063 1.10374
v -0.59088 -0.191491 1.10502
v -0.593593 -0.183159 1.10573
v -0.594952 -0.184275 1.10675
v -0.596138 -0.185248 1.10175
v -0.597053 -0.185999 1.10347
v -0.593012 -0.192915 1.10092
v -0.593543 -0.19327 1.10283
v -0.599921 -0.188353 1.1001
v -0.600176 -0.188562 1.10211
v -0.581753 -0.205294 1.10374
v -0.583185 -0.205887 1.10502
v -0.58422 -0.197186 1.10573
v -0.585771 -0.198015 1.10675
v -0.587124 -0.198738 1.10175
v -0.588168 -0.199296 1.10347
v -0.585554 -0.206868 1.10092
v -0.586144 -0.207113 1.10283
v -0.591441 -0.201045 1.1001
v -0.591731 -0.2012 1.10211
v -0.576926 -0.221205 1.10374
v -0.578447 -0.221507 1.10502
v -0.577765 -0.212771 1.10573
v -0.579448 -0.213282 1.10675
v -0.580915 -0.213727 1.10175
v -0.582048 -0.214071 1.10347
v -0.580961 -0.222007 1.10092
v -0.581588 -0.222132 1.10283
v -0.585599 -0.215148 1.1001
v -0.585914 -0.215244 1.10211
v -0.575297 -0.237752 1.10374
v -0.576847 -0.237752 1.10502
v -0.574474 -0.229317 1.10573
v -0.576224 -0.229489 1.10675
v -0.57775 -0.22964 1.10175
v -0.578928 -0.229756 1.10347
v -0.579411 -0.237752 1.10092
v -0.58005 -0.237752 1.10283
v -0.582621 -0.23012 1.1001
v -0.582949 -0.230152 1.10211
v -0.576926 -0.254299 1.10374
v -0.578447 -0.253997 1.10502
v -0.574474 -0.246187 1.10573
v -0.576224 -0.246014 1.10675
v -0.57775 -0.245864 1.10175
v -0.578928 -0.245748 1.10347
v -0.580961 -0.253496 1.10092
v -0.581588 -0.253372 1.10283
v -0.582621 -0.245384 1.1001
v -0.582949 -0.245352 1.10211
v -0.581753 -0.27021 1.10374
v -0.583185 -0.269617 1.10502
v -0.577765 -0.262732 1.10573
v -0.579448 -0.262222 1.10675
v -0.580915 -0.261777 1.10175
v -0.582048 -0.261433 1.10347
v -0.585554 -0.268636 1.10092
v -0.586144 -0.268391 1.10283
v -0.585599 -0.260356 1.1001
v -0.585914 -0.26026 1.10211
v -0.589591 -0.284874 1.10374
v -0.59088 -0.284013 1.10502
v -0.58422 -0.278318 1.10573
v -0.585771 -0.277489 1.10675
v -0.587124 -0.276766 1.10175
v -0.588168 -0.276208 1.10347
v -0.593012 -0.282588 1.10092
v -0.593543 -0.282233 1.10283
v -0.591441 -0.274459 1.1001
v -0.591731 -0.274304 1.10211
v -0.600139 -0.297727 1.10374
v -0.601235 -0.296631 1.10502
v -0.593593 -0.292345 1.10573
v -0.594952 -0.291229 1.10675
v -0.596138 -0.290256 1.10175
v -0.597053 -0.289505 1.10347
v -0.603048 -0.294818 1.10092
v -0.6035 -0.294366 1.10283
v -0.599921 -0.287151 1.1001
v -0.600176 -0.286942 1.10211
v -0.612992 -0.308275 1.10374
v -0.613853 -0.306986 1.10502
v -0.605521 -0.304273 1.10573
v -0.606637 -0.302914 1.10675
v -0.60761 -0.301728 1.10175
v -0.608361 -0.300813 1.10347
v -0.615278 -0.304854 1.10092
v -0.615633 -0.304323 1.10283
v -0.610715 -0.297945 1.1001
v -0.610924 -0.29769 1.10211
v -0.627656 -0.316113 1.10374
v -0.628249 -0.314681 1.10502
v -0.619548 -0.313646 1.10573
v -0.620377 -0.312095 1.10675
v -0.6211 -0.310742 1.10175
v -0.621658 -0.309698 1.10347
v -0.62923 -0.312312 1.10092
v -0.629475 -0.311722 1.10283
v -0.623407 -0.306426 1.1001
v -0.623563 -0.306135 1.10211
v -0.643567 -0.32094 1.10374
v -0.64387 -0.31942 1.10502
v -0.635134 -0.320102 1.10573
v -0.635644 -0.318419 1.10675
v -0.63609 -0.316951 1.10175
v -0.636433 -0.315818 1.10347
v -0.64437 -0.316905 1.10092
v -0.644494 -0.316278 1.10283
v -0.63751 -0.312267 1.1001
v -0.637606 -0.311952 1.10211
v -0.660114 -0.32257 1.10374
v -0.660114 -0.32102 1.10502
v -0.651679 -0.323393 1.10573
v -0.651852 -0.321643 1.10675
v -0.652002 -0.320116 1.10175
v -0.652118 -0.318938 1.10347
v -0.660114 -0.318455 1.10092
v -0.660114 -0.317816 1.10283
v -0.652482 -0.315245 1.1001
v -0.652514 -0.314917 1.10211
v -0.676661 -0.32094 1.10374
v -0.676359 -0.31942 1.10502
v -0.668549 -0.323393 1.10573
v -0.668377 -0.321643 1.10675
v -0.668226 -0.320116 1.10175
v -0.66811 -0.318938 1.10347
v -0.675859 -0.316905 1.10092
v -0.675734 -0.316278 1.10283
v -0.667747 -0.315245 1.1001
v -0.667714 -0.314917 1.10211
v -0.692573 -0.316113 1.10374
v -0.691979 -0.314681 1.10502
v -0.685095 -0.320102 1.10573
v -0.684584 -0.318419 1.10675
v -0.684139 -0.316951 1.10175
v -0.683795 -0.315818 1.10347
v -0.690998 -0.312312 1.10092
v -0.690754 -0.311722 1.10283
v -0.682718 -0.312267 1.1001
v -0.682623 -0.311952 1.10211
v -0.707236 -0.308275 1.10374
v -0.706375 -0.306986 1.10502
v -0.70068 -0.313646 1.10573
v -0.699851 -0.312095 1.10675
v -0.699128 -0.310742 1.10175
v -0.69857 -0.309698 1.10347
v -0.704951 -0.304854 1.10092
v -0.704596 -0.304323 1.10283
v -0.696821 -0.306426 1.1001
v -0.696666 -0.306135 1.10211
v -0.720089 -0.297727 1.10374
v -0.718993 -0.296631 1.10502
v -0.714707 -0.304273 1.10573
v -0.713591 -0.302914 1.10675
v -0.712618 -0.301728 1.10175
v -0.711867 -0.300813 1.10347
v -0.71718 -0.294818 1.10092
v -0.716728 -0.294366 1.10283
v -0.709513 -0.297945 1.1001
v -0.709304 -0.29769 1.10211
v -0.730638 -0.284874 1.10374
v -0.729349 -0.284013 1.10502
v -0.726636 -0.292345 1.10573
v -0.725276 -0.291229 1.10675
v -0.724091 -0.290256 1.10175
v -0.723176 -0.289505 1.10347
v -0.727217 -0.282588 1.10092
v -0.726685 -0.282233 1.10283
v -0.720307 -0.287151 1.1001
v -0.720053 -0.286942 1.10211
v -0.738476 -0.27021 1.10374
v -0.737044 -0.269617 1.10502
v -0.736008 -0.278318 1.10573
v -0.734457 -0.277489 1.10675
v -0.733105 -0.276766 1.10175
v -0.732061 -0.276208 1.10347
v -0.734675 -0.268636 1.10092
v -0.734084 -0.268391 1.10283
v -0.728788 -0.274459 1.1001
v -0.728497 -0.274304 1.10211
v -0.743302 -0.254299 1.10374
v -0.741782 -0.253997 1.10502
v -0.742464 -0.262732 1.10573
v -0.740781 -0.262222 1.10675
v -0.739313 -0.261777 1.10175
v -0.73818 -0.261433 1.10347
v -0.739267 -0.253496 1.10092
v -0.73864 -0.253372 1.10283
v -0.73463 -0.260356 1.1001
v -0.734314 -0.26026 1.10211
v -0.744932 -0.237752 1.10374
v -0.743382 -0.237752 1.10502
v -0.745755 -0.246187 1.10573
v -0.744005 -0.246014 1.10675
v -0.742479 -0.245864 1.10175
v -0.7413 -0.245748 1.10347
v -0.740818 -0.237752 1.10092
v -0.740179 -0.237752 1.10283
v -0.737608 -0.245384 1.1001
v -0.73728 -0.245352 1.10211
v -0.743302 -0.221205 1.10374
v -0.741782 -0.221507 1.10502
v -0.745755 -0.229317 1.10573
v -0.744005 -0.229489 1.10675
v -0.742479 -0.22964 1.10175
v -0.7413 -0.229756 1.10347
v -0.739267 -0.222007 1.10092
v -0.73864 -0.222132 1.10283
v -0.737608 -0.23012 1.1001
v -0.73728 -0.230152 1.10211
v -0.738476 -0.205294 1.10374
v -0.737044 -0.205887 1.10502
v -0.742464 -0.212771 1.10573
v -0.740781 -0.213282 1.10675
v -0.739313 -0.213727 1.10175
v -0.73818 -0.214071 1.10347
v -0.734675 -0.206868 1.10092
v -0.734084 -0.207113 1.10283
v -0.73463 -0.215148 1.1001
v -0.734314 -0.215244 1.10211
v -0.730638 -0.19063 1.10374
v -0.729349 -0.191491 1.10502
v -0.736008 -0.197186 1.10573
v -0.734457 -0.198015 1.10675
v -0.733105 -0.198738 1.10175
v -0.732061 -0.199296 1.10347
v -0.727217 -0.192915 1.10092
v -0.726685 -0.19327 1.10283
v -0.728788 -0.201045 1.1001
v -0.728497 -0.2012 1.10211
v -0.720089 -0.177777 1.10374
v -0.718993 -0.178873 1.10502
v -0.726636 -0.183159 1.10573
v -0.725276 -0.184275 1.10675
v -0.724091 -0.185248 1.10175
v -0.723176 -0.185999 1.10347
v -0.71718 -0.180686 1.10092
v -0.716728 -0.181138 1.10283
v -0.720307 -0.188353 1.1001
v -0.720053 -0.188562 1.10211
v -0.707236 -0.167229 1.10374
v -0.706375 -0.168517 1.10502
v -0.714707 -0.17123 1.10573
v -0.713591 -0.17259 1.10675
v -0.712618 -0.173775 1.10175
v -0.711867 -0.174691 1.10347
v -0.704951 -0.170649 1.10092
v -0.704596 -0.171181 1.10283
v -0.709513 -0.177559 1.1001
v -0.709304 -0.177814 1.10211
v -0.692573 -0.159391 1.10374
v -0.691979 -0.160823 1.10502
v -0.70068 -0.161858 1.10573
v -0.699851 -0.163409 1.10675
v -0.699128 -0.164762 1.10175
v -0.69857 -0.165806 1.10347
v -0.690998 -0.163192 1.10092
v -0.690754 -0.163782 1.10283
v -0.696821 -0.169078 1.1001
v -0.696666 -0.169369 1.10211
v -0.676661 -0.154564 1.10374
v -0.676359 -0.156084 1.10502
v -0.685095 -0.155402 1.10573
v -0.684584 -0.157085 1.10675
v -0.684139 -0.158553 1.10175
v -0.683795 -0.159686 1.10347
v -0.675859 -0.158599 1.10092
v -0.675734 -0.159226 1.10283
v -0.682718 -0.163237 1.1001
v -0.682623 -0.163552 1.10211
v -0.668549 -0.152111 1.10573
v -0.668377 -0.153861 1.10675
v -0.668226 -0.155388 1.10175
v -0.66811 -0.156566 1.10347
v -0.667747 -0.160259 1.1001
v -0.667714 -0.160586 1.10211
v -0.660114 -0.148137 1.11388
v -0.660114 -0.15002 1.1146
v -0.642631 -0.149859 1.11388
v -0.642999 -0.151706 1.1146
v -0.677597 -0.149859 1.11388
v -0.67723 -0.151706 1.1146
v -0.62582 -0.154959 1.11388
v -0.626541 -0.156699 1.1146
v -0.610327 -0.16324 1.11388
v -0.611373 -0.164806 1.1146
v -0.596747 -0.174385 1.11388
v -0.598079 -0.175716 1.1146
v -0.585602 -0.187965 1.11388
v -0.587168 -0.189011 1.1146
v -0.577321 -0.203458 1.11388
v -0.579061 -0.204179 1.1146
v -0.572221 -0.220269 1.11388
v -0.574068 -0.220636 1.1146
v -0.570499 -0.237752 1.11388
v -0.572383 -0.237752 1.1146
v -0.572221 -0.255235 1.11388
v -0.574068 -0.254868 1.1146
v -0.577321 -0.272046 1.11388
v -0.579061 -0.271325 1.1146
v -0.585602 -0.287539 1.11388
v -0.587168 -0.286493 1.1146
v -0.596747 -0.301119 1.11388
v -0.598079 -0.299788 1.1146
v -0.610327 -0.312264 1.11388
v -0.611373 -0.310698 1.1146
v -0.62582 -0.320545 1.11388
v -0.626541 -0.318805 1.1146
v -0.642631 -0.325645 1.11388
v -0.642999 -0.323798 1.1146
v -0.660114 -0.327367 1.11388
v -0.660114 -0.325484 1.1146
v -0.677597 -0.325645 1.11388
v -0.67723 -0.323798 1.1146
v -0.694408 -0.320545 1.11388
v -0.693688 -0.318805 1.1146
v -0.709902 -0.312264 1.11388
v -0.708855 -0.310698 1.1146
v -0.723482 -0.301119 1.11388
v -0.72215 -0.299788 1.1146
v -0.734626 -0.287539 1.11388
v -0.73306 -0.286493 1.1146
v -0.742908 -0.272046 1.11388
v -0.741168 -0.271325 1.1146
v -0.748007 -0.255235 1.11388
v -0.74616 -0.254868 1.1146
v -0.749729 -0.237752 1.11388
v -0.747846 -0.237752 1.1146
v -0.748007 -0.220269 1.11388
v -0.74616 -0.220636 1.1146
v -0.742908 -0.203458 1.11388
v -0.741168 -0.204179 1.1146
v -0.734626 -0.187965 1.11388
v -0.73306 -0.189011 1.1146
v -0.723482 -0.174385 1.11388
v -0.72215 -0.175716 1.1146
v -0.709902 -0.16324 1.11388
v -0.708855 -0.164806 1.1146
v -0.694408 -0.154959 1.11388
v -0.693688 -0.156699 1.1146
v -0.652811 -0.163601 1.1001
v -0.653008 -0.165601 1.10211
v -0.638485 -0.166451 1.1001
v -0.639069 -0.168374 1.10211
v -0.624991 -0.17204 1.1001
v -0.625938 -0.173813 1.10211
v -0.612846 -0.180155 1.1001
v -0.614121 -0.181709 1.10211
v -0.602517 -0.190483 1.1001
v -0.604071 -0.191759 1.10211
v -0.594402 -0.202628 1.1001
v -0.596175 -0.203576 1.10211
v -0.588813 -0.216123 1.1001
v -0.590736 -0.216706 1.10211
v -0.585963 -0.230449 1.1001
v -0.587964 -0.230646 1.10211
v -0.585963 -0.245055 1.1001
v -0.587964 -0.244858 1.10211
v -0.588813 -0.259381 1.1001
v -0.590736 -0.258798 1.10211
v -0.594402 -0.272876 1.1001
v -0.596175 -0.271928 1.10211
v -0.602517 -0.28502 1.1001
v -0.604071 -0.283745 1.10211
v -0.612846 -0.295349 1.1001
v -0.614121 -0.293795 1.10211
v -0.624991 -0.303464 1.1001
v -0.625938 -0.301691 1.10211
v -0.638485 -0.309053 1.1001
v -0.639069 -0.30713 1.10211
v -0.652811 -0.311903 1.1001
v -0.653008 -0.309903 1.10211
v -0.667418 -0.311903 1.1001
v -0.66722 -0.309903 1.10211
v -0.681743 -0.309053 1.1001
v -0.68116 -0.30713 1.10211
v -0.695238 -0.303464 1.1001
v -0.69429 -0.301691 1.10211
v -0.707383 -0.295349 1.1001
v -0.706108 -0.293795 1.10211
v -0.717711 -0.28502 1.1001
v -0.716157 -0.283745 1.10211
v -0.725826 -0.272876 1.1001
v -0.724053 -0.271928 1.10211
v -0.731416 -0.259381 1.1001
v -0.729492 -0.258798 1.10211
v -0.734265 -0.245055 1.1001
v -0.732265 -0.244858 1.10211
v -0.734265 -0.230449 1.1001
v -0.732265 -0.230646 1.10211
v -0.731416 -0.216123 1.1001
v -0.729492 -0.216706 1.10211
v -0.725826 -0.202628 1.1001
v -0.724053 -0.203576 1.10211
v -0.717711 -0.190483 1.1001
v -0.716157 -0.191759 1.10211
v -0.707383 -0.180155 1.1001
v -0.706108 -0.181709 1.10211
v -0.695238 -0.17204 1.1001
v -0.69429 -0.173813 1.10211
v -0.681743 -0.166451 1.1001
v -0.68116 -0.168374 1.10211
v -0.667418 -0.163601 1.1001
v -0.66722 -0.165601 1.10211
v -0.660114 -0.1612 1.1001
v -0.660114 -0.1612 1.10211
v -0.64518 -0.162671 1.10211
v -0.64518 -0.162671 1.1001
v -0.630819 -0.167027 1.10211
v -0.630819 -0.167027 1.1001
v -0.617584 -0.174101 1.10211
v -0.617584 -0.174101 1.1001
v -0.605984 -0.183622 1.10211
v -0.605984 -0.183622 1.1001
v -0.596464 -0.195222 1.10211
v -0.596464 -0.195222 1.1001
v -0.58939 -0.208457 1.10211
v -0.58939 -0.208457 1.1001
v -0.585033 -0.222817 1.10211
v -0.585033 -0.222817 1.1001
v -0.583562 -0.237752 1.10211
v -0.583562 -0.237752 1.1001
v -0.585033 -0.252686 1.10211
v -0.585033 -0.252686 1.1001
v -0.58939 -0.267047 1.10211
v -0.58939 -0.267047 1.1001
v -0.596464 -0.280282 1.10211
v -0.596464 -0.280282 1.1001
v -0.605984 -0.291882 1.10211
v -0.605984 -0.291882 1.1001
v -0.617584 -0.301402 1.10211
v -0.617584 -0.301402 1.1001
v -0.630819 -0.308477 1.10211
v -0.630819 -0.308477 1.1001
v -0.64518 -0.312833 1.10211
v -0.64518 -0.312833 1.1001
v -0.660114 -0.314304 1.10211
v -0.660114 -0.314304 1.1001
v -0.675049 -0.312833 1.10211
v -0.675049 -0.312833 1.1001
v -0.689409 -0.308477 1.10211
v -0.689409 -0.308477 1.1001
v -0.702644 -0.301402 1.10211
v -0.702644 -0.301402 1.1001
v -0.714245 -0.291882 1.10211
v -0.714245 -0.291882 1.1001
v -0.723765 -0.280282 1.10211
v -0.723765 -0.280282 1.1001
v -0.730839 -0.267047 1.10211
v -0.730839 -0.267047 1.1001
v -0.735195 -0.252686 1.10211
v -0.735195 -0.252686 1.1001
v -0.736666 -0.237752 1.10211
v -0.736666 -0.237752 1.1001
v -0.735195 -0.222817 1.10211
v -0.735195 -0.222817 1.1001
v -0.730839 -0.208457 1.10211
v -0.730839 -0.208457 1.1001
v -0.723765 -0.195222 1.10211
v -0.723765 -0.195222 1.1001
v -0.714245 -0.183622 1.10211
v -0.714245 -0.183622 1.1001
v -0.702644 -0.174101 1.10211
v -0.702644 -0.174101 1.1001
v -0.689409 -0.167027 1.10211
v -0.689409 -0.167027 1.1001
v -0.675049 -0.162671 1.10211
v -0.675049 -0.162671 1.1001
v -0.652884 -0.164337 1.1001
v -0.652687 -0.162337 1.10211
v -0.6387 -0.167158 1.1001
v -0.638116 -0.165235 1.10211
v -0.625339 -0.172692 1.1001
v -0.624392 -0.17092 1.10211
v -0.613315 -0.180727 1.1001
v -0.61204 -0.179173 1.10211
v -0.603089 -0.190953 1.1001
v -0.601535 -0.189677 1.10211
v -0.595055 -0.202977 1.1001
v -0.593282 -0.202029 1.10211
v -0.589521 -0.216338 1.1001
v -0.587597 -0.215754 1.10211
v -0.586699 -0.230521 1.1001
v -0.584699 -0.230324 1.10211
v -0.586699 -0.244983 1.1001
v -0.584699 -0.24518 1.10211
v -0.589521 -0.259166 1.1001
v -0.587597 -0.25975 1.10211
v -0.595055 -0.272527 1.1001
v -0.593282 -0.273474 1.10211
v -0.603089 -0.284551 1.1001
v -0.601535 -0.285826 1.10211
v -0.613315 -0.294777 1.1001
v -0.61204 -0.296331 1.10211
v -0.625339 -0.302811 1.1001
v -0.624392 -0.304584 1.10211
v -0.6387 -0.308346 1.1001
v -0.638116 -0.310269 1.10211
v -0.652884 -0.311167 1.1001
v -0.652687 -0.313167 1.10211
v -0.667345 -0.311167 1.1001
v -0.667542 -0.313167 1.10211
v -0.681529 -0.308346 1.1001
v -0.682112 -0.310269 1.10211
v -0.694889 -0.302811 1.1001
v -0.695837 -0.304584 1.10211
v -0.706914 -0.294777 1.1001
v -0.708189 -0.296331 1.10211
v -0.717139 -0.284551 1.1001
v -0.718693 -0.285826 1.10211
v -0.725174 -0.272527 1.1001
v -0.726946 -0.273474 1.10211
v -0.730708 -0.259166 1.1001
v -0.732631 -0.25975 1.10211
v -0.733529 -0.244983 1.1001
v -0.73553 -0.24518 1.10211
v -0.733529 -0.230521 1.1001
v -0.73553 -0.230324 1.10211
v -0.730708 -0.216338 1.1001
v -0.732631 -0.215754 1.10211
v -0.725174 -0.202977 1.1001
v -0.726946 -0.202029 1.10211
v -0.717139 -0.190953 1.1001
v -0.718693 -0.189677 1.10211
v -0.706914 -0.180727 1.1001
v -0.708189 -0.179173 1.10211
v -0.694889 -0.172692 1.1001
v -0.695837 -0.17092 1.10211
v -0.681529 -0.167158 1.1001
v -0.682112 -0.165235 1.10211
v -0.667345 -0.164337 1.1001
v -0.667542 -0.162337 1.10211
v -0.588663 -0.251964 1.09956
v -0.586683 -0.252358 1.09956
v -0.734798 -0.252607 1.09956
v -0.732817 -0.252213 1.09956
v -0.587264 -0.237752 1.09956
v -0.585244 -0.237752 1.09956
v -0.730465 -0.266892 1.09956
v -0.728599 -0.266119 1.09956
v -0.588663 -0.223539 1.09956
v -0.586683 -0.223145 1.09956
v -0.723428 -0.280057 1.09956
v -0.721749 -0.278935 1.09956
v -0.592809 -0.209873 1.09956
v -0.590943 -0.2091 1.09956
v -0.713958 -0.291596 1.09956
v -0.71253 -0.290168 1.09956
v -0.599541 -0.197278 1.09956
v -0.597862 -0.196156 1.09956
v -0.674327 -0.166301 1.09956
v -0.674721 -0.16432 1.09956
v -0.702419 -0.301066 1.09956
v -0.701297 -0.299386 1.09956
v -0.608601 -0.186239 1.09956
v -0.607173 -0.184811 1.09956
v -0.687993 -0.170447 1.09956
v -0.688766 -0.168581 1.09956
v -0.689254 -0.308103 1.09956
v -0.688482 -0.306237 1.09956
v -0.619641 -0.177179 1.09956
v -0.618519 -0.1755 1.09956
v -0.700588 -0.177179 1.09956
v -0.70171 -0.1755 1.09956
v -0.67497 -0.312436 1.09956
v -0.674576 -0.310455 1.09956
v -0.632236 -0.170447 1.09956
v -0.631463 -0.168581 1.09956
v -0.711627 -0.186239 1.09956
v -0.713056 -0.184811 1.09956
v -0.660114 -0.313899 1.09956
v -0.660114 -0.311879 1.09956
v -0.645902 -0.166301 1.09956
v -0.645508 -0.16432 1.09956
v -0.660114 -0.164901 1.09956
v -0.660114 -0.162882 1.09956
v -0.720687 -0.197278 1.09956
v -0.722367 -0.196156 1.09956
v -0.645259 -0.312436 1.09956
v -0.645653 -0.310455 1.09956
v -0.72742 -0.209873 1.09956
v -0.729285 -0.2091 1.09956
v -0.630974 -0.308103 1.09956
v -0.631747 -0.306237 1.09956
v -0.731565 -0.223539 1.09956
v -0.733546 -0.223145 1.09956
v -0.617809 -0.301066 1.09956
v -0.618931 -0.299386 1.09956
v -0.732965 -0.237752 1.09956
v -0.734985 -0.237752 1.09956
v -0.731565 -0.251964 1.09956
v -0.733546 -0.252358 1.09956
v -0.59848 -0.278935 1.09956
v -0.5968 -0.280057 1.09956
v -0.60627 -0.291596 1.09956
v -0.607698 -0.290168 1.09956
v -0.652811 -0.163601 1.099
v -0.653008 -0.165601 1.10101
v -0.638485 -0.166451 1.099
v -0.639069 -0.168374 1.10101
v -0.624991 -0.17204 1.099
v -0.625938 -0.173813 1.10101
v -0.612846 -0.180155 1.099
v -0.614121 -0.181709 1.10101
v -0.602517 -0.190483 1.099
v -0.604071 -0.191759 1.10101
v -0.594402 -0.202628 1.099
v -0.596175 -0.203576 1.10101
v -0.588813 -0.216123 1.099
v -0.590736 -0.216706 1.10101
v -0.585963 -0.230449 1.099
v -0.587964 -0.230646 1.10101
v -0.585963 -0.245055 1.099
v -0.587964 -0.244858 1.10101
v -0.588813 -0.259381 1.099
v -0.590736 -0.258798 1.10101
v -0.594402 -0.272876 1.099
v -0.596175 -0.271928 1.10101
v -0.602517 -0.28502 1.099
v -0.604071 -0.283745 1.10101
v -0.612846 -0.295349 1.099
v -0.614121 -0.293795 1.10101
v -0.624991 -0.303464 1.099
v -0.625938 -0.301691 1.10101
v -0.638485 -0.309053 1.099
v -0.639069 -0.30713 1.10101
v -0.652811 -0.311903 1.099
v -0.653008 -0.309903 1.10101
v -0.667418 -0.311903 1.099
v -0.66722 -0.309903 1.10101
v -0.681743 -0.309053 1.099
v -0.68116 -0.30713 1.10101
v -0.695238 -0.303464 1.099
v -0.69429 -0.301691 1.10101
v -0.707383 -0.295349 1.099
v -0.706108 -0.293795 1.10101
v -0.717711 -0.28502 1.099
v -0.716157 -0.283745 1.10101
v -0.725826 -0.272876 1.099
v -0.724053 -0.271928 1.10101
v -0.731416 -0.259381 1.099
v -0.729492 -0.258798 1.10101
v -0.734265 -0.245055 1.099
v -0.732265 -0.244858 1.10101
v -0.734265 -0.230449 1.099
v -0.732265 -0.230646 1.10101
v -0.731416 -0.216123 1.099
v -0.729492 -0.216706 1.10101
v -0.725826 -0.202628 1.099
v -0.724053 -0.203576 1.10101
v -0.717711 -0.190483 1.099
v -0.716157 -0.191759 1.10101
v -0.707383 -0.180155 1.099
v -0.706108 -0.181709 1.10101
v -0.695238 -0.17204 1.099
v -0.69429 -0.173813 1.10101
v -0.681743 -0.166451 1.099
v -0.68116 -0.168374 1.10101
v -0.667418 -0.163601 1.099
v -0.66722 -0.165601 1.10101
v -0.652884 -0.164337 1.099
v -0.652687 -0.162337 1.10101
v -0.6387 -0.167158 1.099
v -0.638116 -0.165235 1.10101
v -0.625339 -0.172692 1.099
v -0.624392 -0.17092 1.10101
v -0.613315 -0.180727 1.099
v -0.61204 -0.179173 1.10101
v -0.603089 -0.190953 1.099
v -0.601535 -0.189677 1.10101
v -0.595055 -0.202977 1.099
v -0.593282 -0.202029 1.10101
v -0.589521 -0.216338 1.099
v -0.587597 -0.215754 1.10101
v -0.586699 -0.230521 1.099
v -0.584699 -0.230324 1.10101
v -0.586699 -0.244983 1.099
v -0.584699 -0.24518 1.10101
v -0.589521 -0.259166 1.099
v -0.587597 -0.25975 1.10101
v -0.595055 -0.272527 1.099
v -0.593282 -0.273474 1.10101
v -0.603089 -0.284551 1.099
v -0.601535 -0.285826 1.10101
v -0.613315 -0.294777 1.099
v -0.61204 -0.296331 1.10101
v -0.625339 -0.302811 1.099
v -0.624392 -0.304584 1.10101
v -0.6387 -0.308346 1.099
v -0.638116 -0.310269 1.10101
v -0.652884 -0.311167 1.099
v -0.652687 -0.313167 1.10101
v -0.667345 -0.311167 1.099
v -0.667542 -0.313167 1.10101
v -0.681529 -0.308346 1.099
v -0.682112 -0.310269 1.10101
v -0.694889 -0.302811 1.099
v -0.695837 -0.304584 1.10101
v -0.706914 -0.294777 1.099
v -0.708189 -0.296331 1.10101
v -0.717139 -0.284551 1.099
v -0.718693 -0.285826 1.10101
v -0.725174 -0.272527 1.099
v -0.726946 -0.273474 1.10101
v -0.730708 -0.259166 1.099
v -0.732631 -0.25975 1.10101
v -0.733529 -0.244983 1.099
v -0.73553 -0.24518 1.10101
v -0.733529 -0.230521 1.099
v -0.73553 -0.230324 1.10101
v -0.730708 -0.216338 1.099
v -0.732631 -0.215754 1.10101
v -0.725174 -0.202977 1.099
v -0.726946 -0.202029 1.10101
v -0.717139 -0.190953 1.099
v -0.718693 -0.189677 1.10101
v -0.706914 -0.180727 1.099
v -0.708189 -0.179173 1.10101
v -0.694889 -0.172692 1.099
v -0.695837 -0.17092 1.10101
v -0.681529 -0.167158 1.099
v -0.682112 -0.165235 1.10101
v -0.667345 -0.164337 1.099
v -0.667542 -0.162337 1.10101
v -0.660114 -0.163253 1.099
v -0.660114 -0.163253 1.10101
v -0.64558 -0.164685 1.10101
v -0.64558 -0.164685 1.099
v -0.631605 -0.168924 1.10101
v -0.631605 -0.168924 1.099
v -0.618725 -0.175809 1.10101
v -0.618725 -0.175809 1.099
v -0.607436 -0.185073 1.10101
v -0.607436 -0.185073 1.099
v -0.598171 -0.196363 1.10101
v -0.598171 -0.196363 1.099
v -0.591286 -0.209243 1.10101
v -0.591286 -0.209243 1.099
v -0.587047 -0.223218 1.10101
v -0.587047 -0.223218 1.099
v -0.585616 -0.237752 1.10101
v -0.585616 -0.237752 1.099
v -0.587047 -0.252286 1.10101
v -0.587047 -0.252286 1.099
v -0.591286 -0.266261 1.10101
v -0.591286 -0.266261 1.099
v -0.598171 -0.279141 1.10101
v -0.598171 -0.279141 1.099
v -0.607436 -0.290431 1.10101
v -0.607436 -0.290431 1.099
v -0.618725 -0.299695 1.10101
v -0.618725 -0.299695 1.099
v -0.631605 -0.30658 1.10101
v -0.631605 -0.30658 1.099
v -0.64558 -0.310819 1.10101
v -0.64558 -0.310819 1.099
v -0.660114 -0.312251 1.10101
v -0.660114 -0.312251 1.099
v -0.674648 -0.310819 1.10101
v -0.674648 -0.310819 1.099
v -0.688624 -0.30658 1.10101
v -0.688624 -0.30658 1.099
v -0.701504 -0.299695 1.10101
v -0.701504 -0.299695 1.099
v -0.712793 -0.290431 1.10101
v -0.712793 -0.290431 1.099
v -0.722058 -0.279141 1.10101
v -0.722058 -0.279141 1.099
v -0.728942 -0.266261 1.10101
v -0.728942 -0.266261 1.099
v -0.733182 -0.252286 1.10101
v -0.733182 -0.252286 1.099
v -0.734613 -0.237752 1.10101
v -0.734613 -0.237752 1.099
v -0.733182 -0.223218 1.10101
v -0.733182 -0.223218 1.099
v -0.728942 -0.209243 1.10101
v -0.728942 -0.209243 1.099
v -0.722058 -0.196363 1.10101
v -0.722058 -0.196363 1.099
v -0.712793 -0.185073 1.10101
v -0.712793 -0.185073 1.099
v -0.701504 -0.175809 1.10101
v -0.701504 -0.175809 1.099
v -0.688624 -0.168924 1.10101
v -0.688624 -0.168924 1.099
v -0.674648 -0.164685 1.10101
v -0.674648 -0.164685 1.099
v -0.736261 -0.237752 1.09956
v -0.734241 -0.237752 1.09956
v -0.590943 -0.266404 1.09956
v -0.592809 -0.265631 1.09956
v -0.734798 -0.222896 1.09956
v -0.732817 -0.22329 1.09956
v -0.597862 -0.279348 1.09956
v -0.599541 -0.278226 1.09956
v -0.730465 -0.208612 1.09956
v -0.728599 -0.209385 1.09956
v -0.607173 -0.290693 1.09956
v -0.608601 -0.289265 1.09956
v -0.723428 -0.195447 1.09956
v -0.721749 -0.196569 1.09956
v -0.645259 -0.163068 1.09956
v -0.645653 -0.165049 1.09956
v -0.660114 -0.163625 1.09956
v -0.660114 -0.161605 1.09956
v -0.618519 -0.300004 1.09956
v -0.619641 -0.298325 1.09956
v -0.713958 -0.183908 1.09956
v -0.71253 -0.185336 1.09956
v -0.630974 -0.167401 1.09956
v -0.631747 -0.169267 1.09956
v -0.631463 -0.306923 1.09956
v -0.632236 -0.305057 1.09956
v -0.702419 -0.174438 1.09956
v -0.701297 -0.176118 1.09956
v -0.617809 -0.174438 1.09956
v -0.618931 -0.176118 1.09956
v -0.645508 -0.311184 1.09956
v -0.645902 -0.309203 1.09956
v -0.689254 -0.167401 1.09956
v -0.688482 -0.169267 1.09956
v -0.60627 -0.183908 1.09956
v -0.607698 -0.185336 1.09956
v -0.660114 -0.312622 1.09956
v -0.660114 -0.310603 1.09956
v -0.67497 -0.163068 1.09956
v -0.674576 -0.165049 1.09956
v -0.5968 -0.195447 1.09956
v -0.59848 -0.196569 1.09956
v -0.674721 -0.311184 1.09956
v -0.674327 -0.309203 1.09956
v -0.589764 -0.208612 1.09956
v -0.59163 -0.209385 1.09956
v -0.688766 -0.306923 1.09956
v -0.687993 -0.305057 1.09956
v -0.585431 -0.222896 1.09956
v -0.587411 -0.22329 1.09956
v -0.70171 -0.300004 1.09956
v -0.700588 -0.298325 1.09956
v -0.583967 -0.237752 1.09956
v -0.585987 -0.237752 1.09956
v -0.713056 -0.290693 1.09956
v -0.711627 -0.289265 1.09956
v -0.585431 -0.252607 1.09956
v -0.587411 -0.252213 1.09956
v -0.722367 -0.279348 1.09956
v -0.720687 -0.278226 1.09956
v -0.589764 -0.266892 1.09956
v -0.59163 -0.266119 1.09956
v -0.729285 -0.266404 1.09956
v -0.727419 -0.265631 1.09956
v -0.731416 -0.259381 1.09956
v -0.729492 -0.258798 1.09956
v -0.595055 -0.272527 1.09956
v -0.593282 -0.273474 1.09956
v -0.725826 -0.272876 1.09956
v -0.724053 -0.271928 1.09956
v -0.589521 -0.259166 1.09956
v -0.587597 -0.25975 1.09956
v -0.717711 -0.28502 1.09956
v -0.716157 -0.283745 1.09956
v -0.586699 -0.244983 1.09956
v -0.584699 -0.24518 1.09956
v -0.707383 -0.295349 1.09956
v -0.706108 -0.293795 1.09956
v -0.586699 -0.230521 1.09956
v -0.584699 -0.230324 1.09956
v -0.695238 -0.303464 1.09956
v -0.69429 -0.301691 1.09956
v -0.589521 -0.216338 1.09956
v -0.587597 -0.215754 1.09956
v -0.681743 -0.309053 1.09956
v -0.68116 -0.30713 1.09956
v -0.595055 -0.202977 1.09956
v -0.593282 -0.202029 1.09956
v -0.667345 -0.164337 1.09956
v -0.667542 -0.162337 1.09956
v -0.667418 -0.311903 1.09956
v -0.66722 -0.309903 1.09956
v -0.603089 -0.190953 1.09956
v -0.601535 -0.189677 1.09956
v -0.681529 -0.167158 1.09956
v -0.682112 -0.165235 1.09956
v -0.652811 -0.311903 1.09956
v -0.653008 -0.309903 1.09956
v -0.613315 -0.180727 1.09956
v -0.61204 -0.179173 1.09956
v -0.694889 -0.172692 1.09956
v -0.695837 -0.17092 1.09956
v -0.638485 -0.309053 1.09956
v -0.639069 -0.30713 1.09956
v -0.625339 -0.172692 1.09956
v -0.624392 -0.17092 1.09956
v -0.706914 -0.180727 1.09956
v -0.708189 -0.179173 1.09956
v -0.624991 -0.303464 1.09956
v -0.625938 -0.301691 1.09956
v -0.6387 -0.167158 1.09956
v -0.638116 -0.165235 1.09956
v -0.717139 -0.190953 1.09956
v -0.718693 -0.189677 1.09956
v -0.612846 -0.295349 1.09956
v -0.614121 -0.293795 1.09956
v -0.652884 -0.164337 1.09956
v -0.652687 -0.162337 1.09956
v -0.725174 -0.202977 1.09956
v -0.726946 -0.202029 1.09956
v -0.602517 -0.28502 1.09956
v -0.604071 -0.283745 1.09956
v -0.730708 -0.216338 1.09956
v -0.732631 -0.215754 1.09956
v -0.594402 -0.272876 1.09956
v -0.596175 -0.271928 1.09956
v -0.733529 -0.230521 1.09956
v -0.73553 -0.230324 1.09956
v -0.667381 -0.163969 1.099
v -0.667381 -0.163969 1.10101
v -0.681636 -0.166804 1.099
v -0.681636 -0.166804 1.10101
v -0.695064 -0.172366 1.099
v -0.695064 -0.172366 1.10101
v -0.707148 -0.180441 1.099
v -0.707148 -0.180441 1.10101
v -0.717425 -0.190718 1.099
v -0.717425 -0.190718 1.10101
v -0.7255 -0.202803 1.099
v -0.7255 -0.202803 1.10101
v -0.731062 -0.21623 1.099
v -0.731062 -0.21623 1.10101
v -0.733897 -0.230485 1.099
v -0.733897 -0.230485 1.10101
v -0.733897 -0.245019 1.099
v -0.733897 -0.245019 1.10101
v -0.731062 -0.259274 1.099
v -0.731062 -0.259274 1.10101
v -0.7255 -0.272701 1.099
v -0.7255 -0.272701 1.10101
v -0.717425 -0.284786 1.099
v -0.717425 -0.284786 1.10101
v -0.707148 -0.295063 1.099
v -0.707148 -0.295063 1.10101
v -0.695064 -0.303138 1.099
v -0.695064 -0.303138 1.10101
v -0.681636 -0.3087 1.099
v -0.681636 -0.3087 1.10101
v -0.667381 -0.311535 1.099
v -0.667381 -0.311535 1.10101
v -0.652847 -0.311535 1.099
v -0.652847 -0.311535 1.10101
v -0.638593 -0.3087 1.099
v -0.638593 -0.3087 1.10101
v -0.625165 -0.303138 1.099
v -0.625165 -0.303138 1.10101
v -0.61308 -0.295063 1.099
v -0.61308 -0.295063 1.10101
v -0.602803 -0.284786 1.099
v -0.602803 -0.284786 1.10101
v -0.594729 -0.272701 1.099
v -0.594729 -0.272701 1.10101
v -0.589167 -0.259274 1.099
v -0.589167 -0.259274 1.10101
v -0.586331 -0.245019 1.099
v -0.586331 -0.245019 1.10101
v -0.586331 -0.230485 1.099
v -0.586331 -0.230485 1.10101
v -0.589167 -0.21623 1.099
v -0.589167 -0.21623 1.10101
v -0.594729 -0.202803 1.099
v -0.594729 -0.202803 1.10101
v -0.602803 -0.190718 1.099
v -0.602803 -0.190718 1.10101
v -0.61308 -0.180441 1.099
v -0.61308 -0.180441 1.10101
v -0.625165 -0.172366 1.099
v -0.625165 -0.172366 1.10101
v -0.638593 -0.166804 1.099
v -0.638593 -0.166804 1.10101
v -0.652847 -0.163969 1.099
v -0.652847 -0.163969 1.10101
v -0.603089 -0.284551 1.09956
v -0.601535 -0.285826 1.09956
v -0.734265 -0.245055 1.09956
v -0.732265 -0.244858 1.09956
v -0.613315 -0.294777 1.09956
v -0.61204 -0.296331 1.09956
v -0.734265 -0.230449 1.09956
v -0.732265 -0.230646 1.09956
v -0.625339 -0.302811 1.09956
v -0.624392 -0.304584 1.09956
v -0.731416 -0.216123 1.09956
v -0.729492 -0.216706 1.09956
v -0.6387 -0.308346 1.09956
v -0.638116 -0.310269 1.09956
v -0.725826 -0.202628 1.09956
v -0.724053 -0.203576 1.09956
v -0.652811 -0.163601 1.09956
v -0.653008 -0.165601 1.09956
v -0.652884 -0.311167 1.09956
v -0.652687 -0.313167 1.09956
v -0.717711 -0.190483 1.09956
v -0.716157 -0.191759 1.09956
v -0.638485 -0.166451 1.09956
v -0.639069 -0.168374 1.09956
v -0.667345 -0.311167 1.09956
v -0.667542 -0.313167 1.09956
v -0.707383 -0.180155 1.09956
v -0.706108 -0.181709 1.09956
v -0.624991 -0.17204 1.09956
v -0.625938 -0.173813 1.09956
v -0.681529 -0.308346 1.09956
v -0.682112 -0.310269 1.09956
v -0.695238 -0.17204 1.09956
v -0.69429 -0.173813 1.09956
v -0.612846 -0.180155 1.09956
v -0.614121 -0.181709 1.09956
v -0.694889 -0.302811 1.09956
v -0.695837 -0.304584 1.09956
v -0.681743 -0.166451 1.09956
v -0.68116 -0.168374 1.09956
v -0.602517 -0.190483 1.09956
v -0.604071 -0.191759 1.09956
v -0.706914 -0.294777 1.09956
v -0.708189 -0.296331 1.09956
v -0.667418 -0.163601 1.09956
v -0.66722 -0.165601 1.09956
v -0.594402 -0.202628 1.09956
v -0.596175 -0.203576 1.09956
v -0.717139 -0.284551 1.09956
v -0.718693 -0.285826 1.09956
v -0.588813 -0.216123 1.09956
v -0.590736 -0.216706 1.09956
v -0.725174 -0.272527 1.09956
v -0.726946 -0.273474 1.09956
v -0.585963 -0.230449 1.09956
v -0.587964 -0.230646 1.09956
v -0.730708 -0.259166 1.09956
v -0.732631 -0.25975 1.09956
v -0.585963 -0.245055 1.09956
v -0.587964 -0.244858 1.09956
v -0.733529 -0.244983 1.09956
v -0.73553 -0.24518 1.09956
v -0.588813 -0.259381 1.09956
v -0.590736 -0.258798 1.09956
v -0.667582 -0.161936 1.1001
v -0.667582 -0.161936 1.10211
v -0.682229 -0.164849 1.1001
v -0.682229 -0.164849 1.10211
v -0.696027 -0.170564 1.1001
v -0.696027 -0.170564 1.10211
v -0.708444 -0.178862 1.1001
v -0.708444 -0.178862 1.10211
v -0.719005 -0.189422 1.1001
v -0.719005 -0.189422 1.10211
v -0.727302 -0.201839 1.1001
v -0.727302 -0.201839 1.10211
v -0.733017 -0.215637 1.1001
v -0.733017 -0.215637 1.10211
v -0.735931 -0.230285 1.1001
v -0.735931 -0.230285 1.10211
v -0.735931 -0.245219 1.1001
v -0.735931 -0.245219 1.10211
v -0.733017 -0.259867 1.1001
v -0.733017 -0.259867 1.10211
v -0.727302 -0.273664 1.1001
v -0.727302 -0.273664 1.10211
v -0.719005 -0.286082 1.1001
v -0.719005 -0.286082 1.10211
v -0.708444 -0.296642 1.1001
v -0.708444 -0.296642 1.10211
v -0.696027 -0.30494 1.1001
v -0.696027 -0.30494 1.10211
v -0.682229 -0.310655 1.1001
v -0.682229 -0.310655 1.10211
v -0.667582 -0.313568 1.1001
v -0.667582 -0.313568 1.10211
v -0.652647 -0.313568 1.1001
v -0.652647 -0.313568 1.10211
v -0.637999 -0.310655 1.1001
v -0.637999 -0.310655 1.10211
v -0.624202 -0.30494 1.1001
v -0.624202 -0.30494 1.10211
v -0.611784 -0.296642 1.1001
v -0.611784 -0.296642 1.10211
v -0.601224 -0.286082 1.1001
v -0.601224 -0.286082 1.10211
v -0.592927 -0.273664 1.1001
v -0.592927 -0.273664 1.10211
v -0.587211 -0.259867 1.1001
v -0.587211 -0.259867 1.10211
v -0.584298 -0.245219 1.1001
v -0.584298 -0.245219 1.10211
v -0.584298 -0.230285 1.1001
v -0.584298 -0.230285 1.10211
v -0.587211 -0.215637 1.1001
v -0.587211 -0.215637 1.10211
v -0.592927 -0.201839 1.1001
v -0.592927 -0.201839 1.10211
v -0.601224 -0.189422 1.1001
v -0.601224 -0.189422 1.10211
v -0.611784 -0.178862 1.1001
v -0.611784 -0.178862 1.10211
v -0.624202 -0.170564 1.1001
v -0.624202 -0.170564 1.10211
v -0.637999 -0.164849 1.1001
v -0.637999 -0.164849 1.10211
v -0.652647 -0.161936 1.1001
v -0.652647 -0.161936 1.10211
v -0.686003 -0.152409 1.11388
v -0.685458 -0.154205 1.1146
v -0.702155 -0.159099 1.11388
v -0.70127 -0.160754 1.1146
v -0.716692 -0.168812 1.11388
v -0.715501 -0.170263 1.1146
v -0.729054 -0.181175 1.11388
v -0.727603 -0.182365 1.1146
v -0.738767 -0.195711 1.11388
v -0.737112 -0.196596 1.1146
v -0.745457 -0.211863 1.11388
v -0.743662 -0.212408 1.1146
v -0.748868 -0.22901 1.11388
v -0.747001 -0.229194 1.1146
v -0.748868 -0.246493 1.11388
v -0.747001 -0.24631 1.1146
v -0.745457 -0.263641 1.11388
v -0.743662 -0.263096 1.1146
v -0.738767 -0.279793 1.11388
v -0.737112 -0.278908 1.1146
v -0.729054 -0.294329 1.11388
v -0.727603 -0.293139 1.1146
v -0.716692 -0.306692 1.11388
v -0.715501 -0.305241 1.1146
v -0.702155 -0.316405 1.11388
v -0.70127 -0.31475 1.1146
v -0.686003 -0.323095 1.11388
v -0.685458 -0.321299 1.1146
v -0.668856 -0.326506 1.11388
v -0.668672 -0.324638 1.1146
v -0.651373 -0.326506 1.11388
v -0.651557 -0.324638 1.1146
v -0.634226 -0.323095 1.11388
v -0.63477 -0.321299 1.1146
v -0.618074 -0.316405 1.11388
v -0.618958 -0.31475 1.1146
v -0.603537 -0.306692 1.11388
v -0.604727 -0.305241 1.1146
v -0.591175 -0.294329 1.11388
v -0.592625 -0.293139 1.1146
v -0.581462 -0.279793 1.11388
v -0.583117 -0.278908 1.1146
v -0.574771 -0.263641 1.11388
v -0.576567 -0.263096 1.1146
v -0.57136 -0.246493 1.11388
v -0.573228 -0.24631 1.1146
v -0.57136 -0.22901 1.11388
v -0.573228 -0.229194 1.1146
v -0.574771 -0.211863 1.11388
v -0.576567 -0.212408 1.1146
v -0.581462 -0.195711 1.11388
v -0.583117 -0.196596 1.1146
v -0.591175 -0.181175 1.11388
v -0.592625 -0.182365 1.1146
v -0.603537 -0.168812 1.11388
v -0.604727 -0.170263 1.1146
v -0.618074 -0.159099 1.11388
v -0.618958 -0.160754 1.1146
v -0.634226 -0.152409 1.11388
v -0.63477 -0.154205 1.1146
v -0.668856 -0.148998 1.11388
v -0.668672 -0.150866 1.1146
v -0.651373 -0.148998 1.11388
v -0.651557 -0.150866 1.1146
v -0.667987 -0.157824 1.10092
v -0.667924 -0.158462 1.10283
v -0.668388 -0.153749 1.10374
v -0.668236 -0.15529 1.10502
v -0.683428 -0.160895 1.10092
v -0.683242 -0.161509 1.10283
v -0.684617 -0.156977 1.10374
v -0.684167 -0.158459 1.10502
v -0.697974 -0.166921 1.10092
v -0.697672 -0.167486 1.10283
v -0.699905 -0.16331 1.10374
v -0.699175 -0.164675 1.10502
v -0.711066 -0.175668 1.10092
v -0.710659 -0.176164 1.10283
v -0.713663 -0.172503 1.10374
v -0.712681 -0.1737 1.10502
v -0.722199 -0.186801 1.10092
v -0.721703 -0.187208 1.10283
v -0.725364 -0.184203 1.10374
v -0.724166 -0.185186 1.10502
v -0.730946 -0.199892 1.10092
v -0.73038 -0.200194 1.10283
v -0.734557 -0.197962 1.10374
v -0.733191 -0.198692 1.10502
v -0.736971 -0.214438 1.10092
v -0.736357 -0.214624 1.10283
v -0.740889 -0.213249 1.10374
v -0.739407 -0.213699 1.10502
v -0.740042 -0.22988 1.10092
v -0.739404 -0.229943 1.10283
v -0.744117 -0.229478 1.10374
v -0.742576 -0.22963 1.10502
v -0.740042 -0.245624 1.10092
v -0.739404 -0.245561 1.10283
v -0.744117 -0.246026 1.10374
v -0.742576 -0.245874 1.10502
v -0.736971 -0.261066 1.10092
v -0.736357 -0.26088 1.10283
v -0.740889 -0.262255 1.10374
v -0.739407 -0.261805 1.10502
v -0.730946 -0.275612 1.10092
v -0.73038 -0.27531 1.10283
v -0.734557 -0.277542 1.10374
v -0.733191 -0.276812 1.10502
v -0.722199 -0.288703 1.10092
v -0.721703 -0.288296 1.10283
v -0.725364 -0.291301 1.10374
v -0.724166 -0.290318 1.10502
v -0.711066 -0.299836 1.10092
v -0.710659 -0.29934 1.10283
v -0.713663 -0.303001 1.10374
v -0.712681 -0.301804 1.10502
v -0.697974 -0.308583 1.10092
v -0.697672 -0.308018 1.10283
v -0.699905 -0.312194 1.10374
v -0.699175 -0.310829 1.10502
v -0.683428 -0.314609 1.10092
v -0.683242 -0.313995 1.10283
v -0.684617 -0.318527 1.10374
v -0.684167 -0.317045 1.10502
v -0.667987 -0.31768 1.10092
v -0.667924 -0.317042 1.10283
v -0.668388 -0.321755 1.10374
v -0.668236 -0.320214 1.10502
v -0.652242 -0.31768 1.10092
v -0.652305 -0.317042 1.10283
v -0.651841 -0.321755 1.10374
v -0.651993 -0.320214 1.10502
v -0.6368 -0.314609 1.10092
v -0.636986 -0.313995 1.10283
v -0.635612 -0.318527 1.10374
v -0.636061 -0.317045 1.10502
v -0.622254 -0.308583 1.10092
v -0.622556 -0.308018 1.10283
v -0.620324 -0.312194 1.10374
v -0.621054 -0.310829 1.10502
v -0.609163 -0.299836 1.10092
v -0.60957 -0.29934 1.10283
v -0.606566 -0.303001 1.10374
v -0.607548 -0.301804 1.10502
v -0.59803 -0.288703 1.10092
v -0.598526 -0.288296 1.10283
v -0.594865 -0.291301 1.10374
v -0.596062 -0.290318 1.10502
v -0.589283 -0.275612 1.10092
v -0.589849 -0.27531 1.10283
v -0.585672 -0.277542 1.10374
v -0.587038 -0.276812 1.10502
v -0.583258 -0.261066 1.10092
v -0.583872 -0.26088 1.10283
v -0.57934 -0.262255 1.10374
v -0.580822 -0.261805 1.10502
v -0.580186 -0.245624 1.10092
v -0.580824 -0.245561 1.10283
v -0.576111 -0.246026 1.10374
v -0.577653 -0.245874 1.10502
v -0.580186 -0.22988 1.10092
v -0.580824 -0.229943 1.10283
v -0.576111 -0.229478 1.10374
v -0.577653 -0.22963 1.10502
v -0.583258 -0.214438 1.10092
v -0.583872 -0.214624 1.10283
v -0.57934 -0.213249 1.10374
v -0.580822 -0.213699 1.10502
v -0.589283 -0.199892 1.10092
v -0.589849 -0.200194 1.10283
v -0.585672 -0.197962 1.10374
v -0.587038 -0.198692 1.10502
v -0.59803 -0.186801 1.10092
v -0.598526 -0.187208 1.10283
v -0.594865 -0.184203 1.10374
v -0.596062 -0.185186 1.10502
v -0.609163 -0.175668 1.10092
v -0.60957 -0.176164 1.10283
v -0.606566 -0.172503 1.10374
v -0.607548 -0.1737 1.10502
v -0.622254 -0.166921 1.10092
v -0.622556 -0.167486 1.10283
v -0.620324 -0.16331 1.10374
v -0.621054 -0.164675 1.10502
v -0.6368 -0.160895 1.10092
v -0.636986 -0.161509 1.10283
v -0.635612 -0.156977 1.10374
v -0.636061 -0.158459 1.10502
v -0.652242 -0.157824 1.10092
v -0.652305 -0.158462 1.10283
v -0.651841 -0.153749 1.10374
v -0.651993 -0.15529 1.10502
vt 0.984375 0.5
vt 0.96875 0.5
vt 0.96875 0.5
vt 0.984375 0.5
vt 0.96875 0.5
vt 0.984375 0.5
vt 0.953125 0.5
vt 0.9375 0.5
vt 0.9375 0.5
vt 0.953125 0.5
vt 0.9375 0.5
vt 0.953125 0.5
vt 0.921875 0.5
vt 0.90625 0.5
vt 0.90625 0.5
vt 0.921875 0.5
vt 0.90625 0.5
vt 0.921875 0.5
vt 0.890625 0.5
vt 0.875 0.5
vt 0.875 0.5
vt 0.890625 0.5
vt 0.875 0.5
vt 0.890625 0.5
vt 0.859375 0.5
vt 0.84375 0.5
vt 0.84375 0.5
vt 0.859375 0.5
vt 0.84375 0.5
vt 0.859375 0.5
vt 0.828125 0.5
vt 0.8125 0.5
vt 0.8125 0.5
vt 0.828125 0.5
vt 0.8125 0.5
vt 0.828125 0.5
vt 0.796875 0.5
vt 0.78125 0.5
vt 0.78125 0.5
vt 0.796875 0.5
vt 0.78125 0.5
vt 0.796875 0.5
vt 0.765625 0.5
vt 0.75 0.5
vt 0.75 0.5
vt 0.765625 0.5
vt 0.75 0.5
vt 0.765625 0.5
vt 0.734375 0.5
vt 0.71875 0.5
vt 0.71875 0.5
vt 0.734375 0.5
vt 0.71875 0.5
vt 0.734375 0.5
vt 0.703125 0.5
vt 0.6875 0.5
vt 0.6875 0.5
vt 0.703125 0.5
vt 0.6875 0.5
vt 0.703125 0.5
vt 0.671875 0.5
vt 0.65625 0.5
vt 0.65625 0.5
vt 0.671875 0.5
vt 0.65625 0.5
vt 0.671875 0.5
vt 0.640625 0.5
vt 0.625 0.5
vt 0.625 0.5
vt 0.640625 0.5
vt 0.625 0.5
vt 0.640625 0.5
vt 0.609375 0.5
vt 0.59375 0.5
vt 0.59375 0.5
vt 0.609375 0.5
vt 0.59375 0.5
vt 0.609375 0.5
vt 0.578125 0.5
vt 0.5625 0.5
vt 0.5625 0.5
vt 0.578125 0.5
vt 0.5625 0.5
vt 0.578125 0.5
vt 0.546875 0.5
vt 0.53125 0.5
vt 0.53125 0.5
vt 0.546875 0.5
vt 0.53125 0.5
vt 0.546875 0.5
vt 0.515625 0.5
vt 0.5 0.5
vt 0.5 0.5
vt 0.515625 0.5
vt 0.5 0.5
vt 0.515625 0.5
vt 0.484375 0.5
vt 0.46875 0.5
vt 0.46875 0.5
vt 0.484375 0.5
vt 0.46875 0.5
vt 0.484375 0.5
vt 0.453125 0.5
vt 0.4375 0.5
vt 0.4375 0.5
vt 0.453125 0.5
vt 0.4375 0.5
vt 0.453125 0.5
vt 0.421875 0.5
vt 0.40625 0.5
vt 0.40625 0.5
vt 0.421875 0.5
vt 0.40625 0.5
vt 0.421875 0.5
vt 0.390625 0.5
vt 0.375 0.5
vt 0.375 0.5
vt 0.390625 0.5
vt 0.375 0.5
vt 0.390625 0.5
vt 0.359375 0.5
vt 0.34375 0.5
vt 0.34375 0.5
vt 0.359375 0.5
vt 0.34375 0.5
vt 0.359375 0.5
vt 0.328125 0.5
vt 0.3125 0.5
vt 0.3125 0.5
vt 0.328125 0.5
vt 0.3125 0.5
vt 0.328125 0.5
vt 0.296875 0.5
vt 0.28125 0.5
vt 0.28125 0.5
vt 0.296875 0.5
vt 0.28125 0.5
vt 0.296875 0.5
vt 0.265625 0.5
vt 0.25 0.5
vt 0.25 0.5
vt 0.265625 0.5
vt 0.25 0.5
vt 0.265625 0.5
vt 0.234375 0.5
vt 0.21875 0.5
vt 0.21875 0.5
vt 0.234375 0.5
vt 0.21875 0.5
vt 0.234375 0.5
vt 0.203125 0.5
vt 0.1875 0.5
vt 0.1875 0.5
vt 0.203125 0.5
vt 0.1875 0.5
vt 0.203125 0.5
vt 0.171875 0.5
vt 0.15625 0.5
vt 0.15625 0.5
vt 0.171875 0.5
vt 0.15625 0.5
vt 0.171875 0.5
vt 0.140625 0.5
vt 0.125 0.5
vt 0.125 0.5
vt 0.140625 0.5
vt 0.125 0.5
vt 0.140625 0.5
vt 0.109375 0.5
vt 0.09375 0.5
vt 0.09375 0.5
vt 0.109375 0.5
vt 0.09375 0.5
vt 0.109375 0.5
vt 0.078125 0.5
vt 0.0625 0.5
vt 0.0625 0.5
vt 0.078125 0.5
vt 0.0625 0.5
vt 0.078125 0.5
vt 0.046875 0.5
vt 0.03125 0.5
vt 0.03125 0.5
vt 0.046875 0.5
vt 0.03125 0.5
vt 0.046875 0.5
vt 0.015625 0.5
vt 0 0.5
vt 0 0.5
vt 0.015625 0.5
vt 0 0.5
vt 0.015625 0.5
vt 1 0.5
vt 0.984375 0.5
vt 0.984375 0.5
vt 1 0.5
vt 0.984375 0.5
vt 1 0.5
vt 0.96875 0.5
vt 0.953125 0.5
vt 0.953125 0.5
vt 0.96875 0.5
vt 0.953125 0.5
vt 0.96875 0.5
vt 0.9375 0.5
vt 0.921875 0.5
vt 0.921875 0.5
vt 0.9375 0.5
vt 0.921875 0.5
vt 0.9375 0.5
vt 0.90625 0.5
vt 0.890625 0.5
vt 0.890625 0.5
vt 0.90625 0.5
vt 0.890625 0.5
vt 0.90625 0.5
vt 0.875 0.5
vt 0.859375 0.5
vt 0.859375 0.5
vt 0.875 0.5
vt 0.859375 0.5
vt 0.875 0.5
vt 0.84375 0.5
vt 0.828125 0.5
vt 0.828125 0.5
vt 0.84375 0.5
vt 0.828125 0.5
vt 0.84375 0.5
vt 0.8125 0.5
vt 0.796875 0.5
vt 0.796875 0.5
vt 0.8125 0.5
vt 0.796875 0.5
vt 0.8125 0.5
vt 0.78125 0.5
vt 0.765625 0.5
vt 0.765625 0.5
vt 0.78125 0.5
vt 0.765625 0.5
vt 0.78125 0.5
vt 0.75 0.5
vt 0.734375 0.5
vt 0.734375 0.5
vt 0.75 0.5
vt 0.734375 0.5
vt 0.75 0.5
vt 0.71875 0.5
vt 0.703125 0.5
vt 0.703125 0.5
vt 0.71875 0.5
vt 0.703125 0.5
vt 0.71875 0.5
vt 0.6875 0.5
vt 0.671875 0.5
vt 0.671875 0.5
vt 0.6875 0.5
vt 0.671875 0.5
vt 0.6875 0.5
vt 0.65625 0.5
vt 0.640625 0.5
vt 0.640625 0.5
vt 0.65625 0.5
vt 0.640625 0.5
vt 0.65625 0.5
vt 0.625 0.5
vt 0.609375 0.5
vt 0.609375 0.5
vt 0.625 0.5
vt 0.609375 0.5
vt 0.625 0.5
vt 0.59375 0.5
vt 0.578125 0.5
vt 0.578125 0.5
vt 0.59375 0.5
vt 0.578125 0.5
vt 0.59375 0.5
vt 0.5625 0.5
vt 0.546875 0.5
vt 0.546875 0.5
vt 0.5625 0.5
vt 0.546875 0.5
vt 0.5625 0.5
vt 0.53125 0.5
vt 0.515625 0.5
vt 0.515625 0.5
vt 0.53125 0.5
vt 0.515625 0.5
vt 0.53125 0.5
vt 0.5 0.5
vt 0.484375 0.5
vt 0.484375 0.5
vt 0.5 0.5
vt 0.484375 0.5
vt 0.5 0.5
vt 0.46875 0.5
vt 0.453125 0.5
vt 0.453125 0.5
vt 0.46875 0.5
vt 0.453125 0.5
vt 0.46875 0.5
vt 0.4375 0.5
vt 0.421875 0.5
vt 0.421875 0.5
vt 0.4375 0.5
vt 0.421875 0.5
vt 0.4375 0.5
vt 0.40625 0.5
vt 0.390625 0.5
vt 0.390625 0.5
vt 0.40625 0.5
vt 0.390625 0.5
vt 0.40625 0.5
vt 0.375 0.5
vt 0.359375 0.5
vt 0.359375 0.5
vt 0.375 0.5
vt 0.359375 0.5
vt 0.375 0.5
vt 0.34375 0.5
vt 0.328125 0.5
vt 0.328125 0.5
vt 0.34375 0.5
vt 0.328125 0.5
vt 0.34375 0.5
vt 0.3125 0.5
vt 0.296875 0.5
vt 0.296875 0.5
vt 0.3125 0.5
vt 0.296875 0.5
vt 0.3125 0.5
vt 0.28125 0.5
vt 0.265625 0.5
vt 0.265625 0.5
vt 0.28125 0.5
vt 0.265625 0.5
vt 0.28125 0.5
vt 0.25 0.5
vt 0.234375 0.5
vt 0.234375 0.5
vt 0.25 0.5
vt 0.234375 0.5
vt 0.25 0.5
vt 0.21875 0.5
vt 0.203125 0.5
vt 0.203125 0.5
vt 0.21875 0.5
vt 0.203125 0.5
vt 0.21875 0.5
vt 0.1875 0.5
vt 0.171875 0.5
vt 0.171875 0.5
vt 0.1875 0.5
vt 0.171875 0.5
vt 0.1875 0.5
vt 0.15625 0.5
vt 0.140625 0.5
vt 0.140625 0.5
vt 0.15625 0.5
vt 0.140625 0.5
vt 0.15625 0.5
vt 0.125 0.5
vt 0.109375 0.5
vt 0.109375 0.5
vt 0.125 0.5
vt 0.109375 0.5
vt 0.125 0.5
vt 0.09375 0.5
vt 0.078125 0.5
vt 0.078125 0.5
vt 0.09375 0.5
vt 0.078125 0.5
vt 0.09375 0.5
vt 0.0625 0.5
vt 0.046875 0.5
vt 0.046875 0.5
vt 0.0625 0.5
vt 0.046875 0.5
vt 0.0625 0.5
vt 0.03125 0.5
vt 0.015625 0.5
vt 0.015625 0.5
vt 0.03125 0.5
vt 0.015625 0.5
vt 0.03125 0.5
vt 0.98427 1
vt 0.984322 0.935888
vt 0.999895 0.935888
vt 0.98427 1
vt 0.999895 0.935888
vt 0.999789 1
vt 0.98427 1
vt 0.999789 1
vt 0.999895 0.935888
vt 0.98427 1
vt 0.999895 0.935888
vt 0.984322 0.935888
vt 0.27173 0.470631
vt 0.272569 0.479147
vt 0.25 0.48137
vt 0.27173 0.470631
vt 0.25 0.48137
vt 0.25 0.472771
vt 0.27173 0.470631
vt 0.25 0.472771
vt 0.25 0.48137
vt 0.27173 0.470631
vt 0.25 0.48137
vt 0.272569 0.479147
vt 0.953125 1
vt 0.953125 0.935888
vt 0.96875 0.935888
vt 0.953125 1
vt 0.96875 0.935888
vt 0.96875 1
vt 0.953125 1
vt 0.96875 1
vt 0.96875 0.935888
vt 0.953125 1
vt 0.96875 0.935888
vt 0.953125 0.935888
vt 0.314356 0.462152
vt 0.31684 0.470341
vt 0.295138 0.476924
vt 0.314356 0.462152
vt 0.295138 0.476924
vt 0.293461 0.46849
vt 0.314356 0.462152
vt 0.293461 0.46849
vt 0.295138 0.476924
vt 0.314356 0.462152
vt 0.295138 0.476924
vt 0.31684 0.470341
vt 0.921875 1
vt 0.921875 0.935888
vt 0.9375 0.935887
vt 0.921875 1
vt 0.9375 0.935887
vt 0.9375 1
vt 0.921875 1
vt 0.9375 1
vt 0.9375 0.935887
vt 0.921875 1
vt 0.9375 0.935887
vt 0.921875 0.935888
vt 0.354508 0.44552
vt 0.358542 0.453067
vt 0.338541 0.463758
vt 0.354508 0.44552
vt 0.338541 0.463758
vt 0.33525 0.455813
vt 0.354508 0.44552
vt 0.33525 0.455813
vt 0.338541 0.463758
vt 0.354508 0.44552
vt 0.338541 0.463758
vt 0.358542 0.453067
vt 0.890625 1
vt 0.890625 0.935888
vt 0.90625 0.935888
vt 0.890625 1
vt 0.90625 0.935888
vt 0.90625 1
vt 0.890625 1
vt 0.90625 1
vt 0.90625 0.935888
vt 0.890625 1
vt 0.90625 0.935888
vt 0.890625 0.935888
vt 0.390644 0.421375
vt 0.396073 0.42799
vt 0.378542 0.442377
vt 0.390644 0.421375
vt 0.378542 0.442377
vt 0.373765 0.435227
vt 0.390644 0.421375
vt 0.373765 0.435227
vt 0.378542 0.442377
vt 0.390644 0.421375
vt 0.378542 0.442377
vt 0.396073 0.42799
vt 0.859375 1
vt 0.859375 0.935887
vt 0.875 0.935888
vt 0.859375 1
vt 0.875 0.935888
vt 0.875 1
vt 0.859375 1
vt 0.875 1
vt 0.875 0.935888
vt 0.859375 1
vt 0.875 0.935888
vt 0.859375 0.935887
vt 0.421375 0.390644
vt 0.42799 0.396073
vt 0.413603 0.413603
vt 0.421375 0.390644
vt 0.413603 0.413603
vt 0.407523 0.407523
vt 0.421375 0.390644
vt 0.407523 0.407523
vt 0.413603 0.413603
vt 0.421375 0.390644
vt 0.413603 0.413603
vt 0.42799 0.396073
vt 0.828125 1
vt 0.828125 0.935887
vt 0.84375 0.935887
vt 0.828125 1
vt 0.84375 0.935887
vt 0.84375 1
vt 0.828125 1
vt 0.84375 1
vt 0.84375 0.935887
vt 0.828125 1
vt 0.84375 0.935887
vt 0.828125 0.935887
vt 0.44552 0.354508
vt 0.453067 0.358542
vt 0.442377 0.378542
vt 0.44552 0.354508
vt 0.442377 0.378542
vt 0.435227 0.373765
vt 0.44552 0.354508
vt 0.435227 0.373765
vt 0.442377 0.378542
vt 0.44552 0.354508
vt 0.442377 0.378542
vt 0.453067 0.358542
vt 0.796875 1
vt 0.796875 0.935888
vt 0.8125 0.935888
vt 0.796875 1
vt 0.8125 0.935888
vt 0.8125 1
vt 0.796875 1
vt 0.8125 1
vt 0.8125 0.935888
vt 0.796875 1
vt 0.8125 0.935888
vt 0.796875 0.935888
vt 0.462152 0.314356
vt 0.470341 0.31684
vt 0.463758 0.338541
vt 0.462152 0.314356
vt 0.463758 0.338541
vt 0.455813 0.335251
vt 0.462152 0.314356
vt 0.455813 0.335251
vt 0.463758 0.338541
vt 0.462152 0.314356
vt 0.463758 0.338541
vt 0.470341 0.31684
vt 0.765625 1
vt 0.765625 0.935888
vt 0.78125 0.935887
vt 0.765625 1
vt 0.78125 0.935887
vt 0.78125 1
vt 0.765625 1
vt 0.78125 1
vt 0.78125 0.935887
vt 0.765625 1
vt 0.78125 0.935887
vt 0.765625 0.935888
vt 0.47063 0.27173
vt 0.479147 0.272569
vt 0.476924 0.295138
vt 0.47063 0.27173
vt 0.476924 0.295138
vt 0.46849 0.29346
vt 0.47063 0.27173
vt 0.46849 0.29346
vt 0.476924 0.295138
vt 0.47063 0.27173
vt 0.476924 0.295138
vt 0.479147 0.272569
vt 0.734375 1
vt 0.734375 0.935888
vt 0.75 0.935888
vt 0.734375 1
vt 0.75 0.935888
vt 0.75 1
vt 0.734375 1
vt 0.75 1
vt 0.75 0.935888
vt 0.734375 1
vt 0.75 0.935888
vt 0.734375 0.935888
vt 0.47063 0.22827
vt 0.479147 0.227431
vt 0.48137 0.25
vt 0.47063 0.22827
vt 0.48137 0.25
vt 0.472771 0.25
vt 0.47063 0.22827
vt 0.472771 0.25
vt 0.48137 0.25
vt 0.47063 0.22827
vt 0.48137 0.25
vt 0.479147 0.227431
vt 0.703125 1
vt 0.703125 0.935888
vt 0.71875 0.935888
vt 0.703125 1
vt 0.71875 0.935888
vt 0.71875 1
vt 0.703125 1
vt 0.71875 1
vt 0.71875 0.935888
vt 0.703125 1
vt 0.71875 0.935888
vt 0.703125 0.935888
vt 0.462152 0.185644
vt 0.470341 0.18316
vt 0.476924 0.204862
vt 0.462152 0.185644
vt 0.476924 0.204862
vt 0.46849 0.20654
vt 0.462152 0.185644
vt 0.46849 0.20654
vt 0.476924 0.204862
vt 0.462152 0.185644
vt 0.476924 0.204862
vt 0.470341 0.18316
vt 0.671875 1
vt 0.671875 0.935888
vt 0.6875 0.935888
vt 0.671875 1
vt 0.6875 0.935888
vt 0.6875 1
vt 0.671875 1
vt 0.6875 1
vt 0.6875 0.935888
vt 0.671875 1
vt 0.6875 0.935888
vt 0.671875 0.935888
vt 0.44552 0.145492
vt 0.453067 0.141458
vt 0.463758 0.161459
vt 0.44552 0.145492
vt 0.463758 0.161459
vt 0.455813 0.164749
vt 0.44552 0.145492
vt 0.455813 0.164749
vt 0.463758 0.161459
vt 0.44552 0.145492
vt 0.463758 0.161459
vt 0.453067 0.141458
vt 0.640625 1
vt 0.640625 0.935888
vt 0.65625 0.935888
vt 0.640625 1
vt 0.65625 0.935888
vt 0.65625 1
vt 0.640625 1
vt 0.65625 1
vt 0.65625 0.935888
vt 0.640625 1
vt 0.65625 0.935888
vt 0.640625 0.935888
vt 0.421375 0.109356
vt 0.42799 0.103927
vt 0.442377 0.121458
vt 0.421375 0.109356
vt 0.442377 0.121458
vt 0.435227 0.126235
vt 0.421375 0.109356
vt 0.435227 0.126235
vt 0.442377 0.121458
vt 0.421375 0.109356
vt 0.442377 0.121458
vt 0.42799 0.103927
vt 0.609375 1
vt 0.609375 0.935888
vt 0.625 0.935888
vt 0.609375 1
vt 0.625 0.935888
vt 0.625 1
vt 0.609375 1
vt 0.625 1
vt 0.625 0.935888
vt 0.609375 1
vt 0.625 0.935888
vt 0.609375 0.935888
vt 0.390644 0.0786252
vt 0.396073 0.07201
vt 0.413603 0.0863969
vt 0.390644 0.0786252
vt 0.413603 0.0863969
vt 0.407523 0.0924773
vt 0.390644 0.0786252
vt 0.407523 0.0924773
vt 0.413603 0.0863969
vt 0.390644 0.0786252
vt 0.413603 0.0863969
vt 0.396073 0.07201
vt 0.578125 1
vt 0.578125 0.935888
vt 0.59375 0.935888
vt 0.578125 1
vt 0.59375 0.935888
vt 0.59375 1
vt 0.578125 1
vt 0.59375 1
vt 0.59375 0.935888
vt 0.578125 1
vt 0.59375 0.935888
vt 0.578125 0.935888
vt 0.354508 0.0544798
vt 0.358542 0.0469326
vt 0.378542 0.0576231
vt 0.354508 0.0544798
vt 0.378542 0.0576231
vt 0.373765 0.064773
vt 0.354508 0.0544798
vt 0.373765 0.064773
vt 0.378542 0.0576231
vt 0.354508 0.0544798
vt 0.378542 0.0576231
vt 0.358542 0.0469326
vt 0.546875 1
vt 0.546875 0.935888
vt 0.5625 0.935887
vt 0.546875 1
vt 0.5625 0.935887
vt 0.5625 1
vt 0.546875 1
vt 0.5625 1
vt 0.5625 0.935887
vt 0.546875 1
vt 0.5625 0.935887
vt 0.546875 0.935888
vt 0.314355 0.0378482
vt 0.31684 0.029659
vt 0.338541 0.0362421
vt 0.314355 0.0378482
vt 0.338541 0.0362421
vt 0.335251 0.0441866
vt 0.314355 0.0378482
vt 0.335251 0.0441866
vt 0.338541 0.0362421
vt 0.314355 0.0378482
vt 0.338541 0.0362421
vt 0.31684 0.029659
vt 0.515625 1
vt 0.515625 0.935888
vt 0.53125 0.935888
vt 0.515625 1
vt 0.53125 0.935888
vt 0.53125 1
vt 0.515625 1
vt 0.53125 1
vt 0.53125 0.935888
vt 0.515625 1
vt 0.53125 0.935888
vt 0.515625 0.935888
vt 0.27173 0.0293695
vt 0.272569 0.0208531
vt 0.295138 0.0230759
vt 0.27173 0.0293695
vt 0.295138 0.0230759
vt 0.29346 0.0315098
vt 0.27173 0.0293695
vt 0.29346 0.0315098
vt 0.295138 0.0230759
vt 0.27173 0.0293695
vt 0.295138 0.0230759
vt 0.272569 0.0208531
vt 0.484375 1
vt 0.484375 0.935888
vt 0.5 0.935888
vt 0.484375 1
vt 0.5 0.935888
vt 0.5 1
vt 0.484375 1
vt 0.5 1
vt 0.5 0.935888
vt 0.484375 1
vt 0.5 0.935888
vt 0.484375 0.935888
vt 0.22827 0.0293695
vt 0.227431 0.0208531
vt 0.25 0.0186302
vt 0.22827 0.0293695
vt 0.25 0.0186302
vt 0.25 0.0272293
vt 0.22827 0.0293695
vt 0.25 0.0272293
vt 0.25 0.0186302
vt 0.22827 0.0293695
vt 0.25 0.0186302
vt 0.227431 0.0208531
vt 0.453125 1
vt 0.453125 0.935888
vt 0.46875 0.935887
vt 0.453125 1
vt 0.46875 0.935887
vt 0.46875 1
vt 0.453125 1
vt 0.46875 1
vt 0.46875 0.935887
vt 0.453125 1
vt 0.46875 0.935887
vt 0.453125 0.935888
vt 0.185644 0.0378482
vt 0.18316 0.029659
vt 0.204862 0.0230759
vt 0.185644 0.0378482
vt 0.204862 0.0230759
vt 0.20654 0.0315098
vt 0.185644 0.0378482
vt 0.20654 0.0315098
vt 0.204862 0.0230759
vt 0.185644 0.0378482
vt 0.204862 0.0230759
vt 0.18316 0.029659
vt 0.421875 1
vt 0.421875 0.935888
vt 0.4375 0.935888
vt 0.421875 1
vt 0.4375 0.935888
vt 0.4375 1
vt 0.421875 1
vt 0.4375 1
vt 0.4375 0.935888
vt 0.421875 1
vt 0.4375 0.935888
vt 0.421875 0.935888
vt 0.145492 0.0544798
vt 0.141458 0.0469326
vt 0.161459 0.0362422
vt 0.145492 0.0544798
vt 0.161459 0.0362422
vt 0.164749 0.0441867
vt 0.145492 0.0544798
vt 0.164749 0.0441867
vt 0.161459 0.0362422
vt 0.145492 0.0544798
vt 0.161459 0.0362422
vt 0.141458 0.0469326
vt 0.390625 1
vt 0.390625 0.935888
vt 0.40625 0.935888
vt 0.390625 1
vt 0.40625 0.935888
vt 0.40625 1
vt 0.390625 1
vt 0.40625 1
vt 0.40625 0.935888
vt 0.390625 1
vt 0.40625 0.935888
vt 0.390625 0.935888
vt 0.109356 0.0786251
vt 0.103927 0.07201
vt 0.121458 0.0576231
vt 0.109356 0.0786251
vt 0.121458 0.0576231
vt 0.126235 0.0647729
vt 0.109356 0.0786251
vt 0.126235 0.0647729
vt 0.121458 0.0576231
vt 0.109356 0.0786251
vt 0.121458 0.0576231
vt 0.103927 0.07201
vt 0.359375 1
vt 0.359375 0.935888
vt 0.375 0.935887
vt 0.359375 1
vt 0.375 0.935887
vt 0.375 1
vt 0.359375 1
vt 0.375 1
vt 0.375 0.935887
vt 0.359375 1
vt 0.375 0.935887
vt 0.359375 0.935888
vt 0.0786251 0.109356
vt 0.07201 0.103927
vt 0.0863968 0.0863968
vt 0.0786251 0.109356
vt 0.0863968 0.0863968
vt 0.0924773 0.0924773
vt 0.0786251 0.109356
vt 0.0924773 0.0924773
vt 0.0863968 0.0863968
vt 0.0786251 0.109356
vt 0.0863968 0.0863968
vt 0.07201 0.103927
vt 0.328125 1
vt 0.328125 0.935888
vt 0.34375 0.935888
vt 0.328125 1
vt 0.34375 0.935888
vt 0.34375 1
vt 0.328125 1
vt 0.34375 1
vt 0.34375 0.935888
vt 0.328125 1
vt 0.34375 0.935888
vt 0.328125 0.935888
vt 0.0544798 0.145492
vt 0.0469326 0.141458
vt 0.0576231 0.121458
vt 0.0544798 0.145492
vt 0.0576231 0.121458
vt 0.0647729 0.126235
vt 0.0544798 0.145492
vt 0.0647729 0.126235
vt 0.0576231 0.121458
vt 0.0544798 0.145492
vt 0.0576231 0.121458
vt 0.0469326 0.141458
vt 0.296875 1
vt 0.296875 0.935888
vt 0.3125 0.935888
vt 0.296875 1
vt 0.3125 0.935888
vt 0.3125 1
vt 0.296875 1
vt 0.3125 1
vt 0.3125 0.935888
vt 0.296875 1
vt 0.3125 0.935888
vt 0.296875 0.935888
vt 0.0378482 0.185644
vt 0.029659 0.18316
vt 0.0362422 0.161459
vt 0.0378482 0.185644
vt 0.0362422 0.161459
vt 0.0441867 0.164749
vt 0.0378482 0.185644
vt 0.0441867 0.164749
vt 0.0362422 0.161459
vt 0.0378482 0.185644
vt 0.0362422 0.161459
vt 0.029659 0.18316
vt 0.265625 1
vt 0.265625 0.935888
vt 0.28125 0.935888
vt 0.265625 1
vt 0.28125 0.935888
vt 0.28125 1
vt 0.265625 1
vt 0.28125 1
vt 0.28125 0.935888
vt 0.265625 1
vt 0.28125 0.935888
vt 0.265625 0.935888
vt 0.0293695 0.22827
vt 0.0208531 0.227431
vt 0.0230759 0.204862
vt 0.0293695 0.22827
vt 0.0230759 0.204862
vt 0.0315097 0.20654
vt 0.0293695 0.22827
vt 0.0315097 0.20654
vt 0.0230759 0.204862
vt 0.0293695 0.22827
vt 0.0230759 0.204862
vt 0.0208531 0.227431
vt 0.234375 1
vt 0.234375 0.935888
vt 0.25 0.935888
vt 0.234375 1
vt 0.25 0.935888
vt 0.25 1
vt 0.234375 1
vt 0.25 1
vt 0.25 0.935888
vt 0.234375 1
vt 0.25 0.935888
vt 0.234375 0.935888
vt 0.0293695 0.27173
vt 0.0208531 0.272569
vt 0.0186302 0.25
vt 0.0293695 0.27173
vt 0.0186302 0.25
vt 0.0272293 0.25
vt 0.0293695 0.27173
vt 0.0272293 0.25
vt 0.0186302 0.25
vt 0.0293695 0.27173
vt 0.0186302 0.25
vt 0.0208531 0.272569
vt 0.203125 1
vt 0.203125 0.935888
vt 0.21875 0.935888
vt 0.203125 1
vt 0.21875 0.935888
vt 0.21875 1
vt 0.203125 1
vt 0.21875 1
vt 0.21875 0.935888
vt 0.203125 1
vt 0.21875 0.935888
vt 0.203125 0.935888
vt 0.0378482 0.314356
vt 0.029659 0.31684
vt 0.0230759 0.295138
vt 0.0378482 0.314356
vt 0.0230759 0.295138
vt 0.0315097 0.29346
vt 0.0378482 0.314356
vt 0.0315097 0.29346
vt 0.0230759 0.295138
vt 0.0378482 0.314356
vt 0.0230759 0.295138
vt 0.029659 0.31684
vt 0.171875 1
vt 0.171875 0.935888
vt 0.1875 0.935887
vt 0.171875 1
vt 0.1875 0.935887
vt 0.1875 1
vt 0.171875 1
vt 0.1875 1
vt 0.1875 0.935887
vt 0.171875 1
vt 0.1875 0.935887
vt 0.171875 0.935888
vt 0.0544798 0.354508
vt 0.0469326 0.358542
vt 0.0362421 0.338541
vt 0.0544798 0.354508
vt 0.0362421 0.338541
vt 0.0441866 0.335251
vt 0.0544798 0.354508
vt 0.0441866 0.335251
vt 0.0362421 0.338541
vt 0.0544798 0.354508
vt 0.0362421 0.338541
vt 0.0469326 0.358542
vt 0.140625 1
vt 0.140625 0.935888
vt 0.15625 0.935888
vt 0.140625 1
vt 0.15625 0.935888
vt 0.15625 1
vt 0.140625 1
vt 0.15625 1
vt 0.15625 0.935888
vt 0.140625 1
vt 0.15625 0.935888
vt 0.140625 0.935888
vt 0.0786251 0.390644
vt 0.0720099 0.396073
vt 0.057623 0.378542
vt 0.0786251 0.390644
vt 0.057623 0.378542
vt 0.0647729 0.373765
vt 0.0786251 0.390644
vt 0.0647729 0.373765
vt 0.057623 0.378542
vt 0.0786251 0.390644
vt 0.057623 0.378542
vt 0.0720099 0.396073
vt 0.109375 1
vt 0.109375 0.935888
vt 0.125 0.935888
vt 0.109375 1
vt 0.125 0.935888
vt 0.125 1
vt 0.109375 1
vt 0.125 1
vt 0.125 0.935888
vt 0.109375 1
vt 0.125 0.935888
vt 0.109375 0.935888
vt 0.109356 0.421375
vt 0.103927 0.42799
vt 0.0863969 0.413603
vt 0.109356 0.421375
vt 0.0863969 0.413603
vt 0.0924773 0.407523
vt 0.109356 0.421375
vt 0.0924773 0.407523
vt 0.0863969 0.413603
vt 0.109356 0.421375
vt 0.0863969 0.413603
vt 0.103927 0.42799
vt 0.078125 1
vt 0.078125 0.935888
vt 0.09375 0.935888
vt 0.078125 1
vt 0.09375 0.935888
vt 0.09375 1
vt 0.078125 1
vt 0.09375 1
vt 0.09375 0.935888
vt 0.078125 1
vt 0.09375 0.935888
vt 0.078125 0.935888
vt 0.145492 0.44552
vt 0.141458 0.453067
vt 0.121458 0.442377
vt 0.145492 0.44552
vt 0.121458 0.442377
vt 0.126235 0.435227
vt 0.145492 0.44552
vt 0.126235 0.435227
vt 0.121458 0.442377
vt 0.145492 0.44552
vt 0.121458 0.442377
vt 0.141458 0.453067
vt 0.046875 1
vt 0.046875 0.935888
vt 0.0625 0.935888
vt 0.046875 1
vt 0.0625 0.935888
vt 0.0625 1
vt 0.046875 1
vt 0.0625 1
vt 0.0625 0.935888
vt 0.046875 1
vt 0.0625 0.935888
vt 0.046875 0.935888
vt 0.185644 0.462152
vt 0.18316 0.470341
vt 0.161459 0.463758
vt 0.185644 0.462152
vt 0.161459 0.463758
vt 0.164749 0.455813
vt 0.185644 0.462152
vt 0.164749 0.455813
vt 0.161459 0.463758
vt 0.185644 0.462152
vt 0.161459 0.463758
vt 0.18316 0.470341
vt 0.0157304 1
vt 0.0156777 0.935888
vt 0.03125 0.935888
vt 0.0157304 1
vt 0.03125 0.935888
vt 0.03125 1
vt 0.0157304 1
vt 0.03125 1
vt 0.03125 0.935888
vt 0.0157304 1
vt 0.03125 0.935888
vt 0.0156777 0.935888
vt 0.22827 0.470631
vt 0.227431 0.479147
vt 0.204862 0.476924
vt 0.22827 0.470631
vt 0.204862 0.476924
vt 0.20654 0.46849
vt 0.22827 0.470631
vt 0.20654 0.46849
vt 0.204862 0.476924
vt 0.22827 0.470631
vt 0.204862 0.476924
vt 0.227431 0.479147
vt 0.310978 0.451018
vt 0.29118 0.457024
vt 0.27059 0.459052
vt 0.310978 0.451018
vt 0.27059 0.459052
vt 0.25 0.46108
vt 0.310978 0.451018
vt 0.25 0.46108
vt 0.22941 0.459052
vt 0.310978 0.451018
vt 0.22941 0.459052
vt 0.20882 0.457024
vt 0.310978 0.451018
vt 0.20882 0.457024
vt 0.189022 0.451018
vt 0.310978 0.451018
vt 0.189022 0.451018
vt 0.169223 0.445012
vt 0.310978 0.451018
vt 0.169223 0.445012
vt 0.150977 0.435259
vt 0.310978 0.451018
vt 0.150977 0.435259
vt 0.13273 0.425506
vt 0.310978 0.451018
vt 0.13273 0.425506
vt 0.116737 0.412381
vt 0.310978 0.451018
vt 0.116737 0.412381
vt 0.100744 0.399256
vt 0.310978 0.451018
vt 0.100744 0.399256
vt 0.0876187 0.383263
vt 0.310978 0.451018
vt 0.0876187 0.383263
vt 0.0744935 0.36727
vt 0.310978 0.451018
vt 0.0744935 0.36727
vt 0.0647405 0.349023
vt 0.310978 0.451018
vt 0.0647405 0.349023
vt 0.0549876 0.330777
vt 0.310978 0.451018
vt 0.0549876 0.330777
vt 0.0489818 0.310978
vt 0.310978 0.451018
vt 0.0489818 0.310978
vt 0.042976 0.29118
vt 0.310978 0.451018
vt 0.042976 0.29118
vt 0.0409481 0.27059
vt 0.310978 0.451018
vt 0.0409481 0.27059
vt 0.0389202 0.25
vt 0.310978 0.451018
vt 0.0389202 0.25
vt 0.0409481 0.22941
vt 0.310978 0.451018
vt 0.0409481 0.22941
vt 0.042976 0.20882
vt 0.310978 0.451018
vt 0.042976 0.20882
vt 0.0489818 0.189022
vt 0.310978 0.451018
vt 0.0489818 0.189022
vt 0.0549876 0.169223
vt 0.310978 0.451018
vt 0.0549876 0.169223
vt 0.0647406 0.150977
vt 0.310978 0.451018
vt 0.0647406 0.150977
vt 0.0744935 0.13273
vt 0.310978 0.451018
vt 0.0744935 0.13273
vt 0.0876187 0.116737
vt 0.310978 0.451018
vt 0.0876187 0.116737
vt 0.100744 0.100744
vt 0.310978 0.451018
vt 0.100744 0.100744
vt 0.116737 0.0876188
vt 0.310978 0.451018
vt 0.116737 0.0876188
vt 0.13273 0.0744935
vt 0.310978 0.451018
vt 0.13273 0.0744935
vt 0.150977 0.0647406
vt 0.310978 0.451018
vt 0.150977 0.0647406
vt 0.169223 0.0549876
vt 0.310978 0.451018
vt 0.169223 0.0549876
vt 0.189022 0.0489818
vt 0.310978 0.451018
vt 0.189022 0.0489818
vt 0.20882 0.042976
vt 0.310978 0.451018
vt 0.20882 0.042976
vt 0.22941 0.040948
vt 0.310978 0.451018
vt 0.22941 0.040948
vt 0.25 0.0389201
vt 0.310978 0.451018
vt 0.25 0.0389201
vt 0.27059 0.040948
vt 0.310978 0.451018
vt 0.27059 0.040948
vt 0.29118 0.042976
vt 0.310978 0.451018
vt 0.29118 0.042976
vt 0.310978 0.0489818
vt 0.310978 0.451018
vt 0.310978 0.0489818
vt 0.330777 0.0549876
vt 0.310978 0.451018
vt 0.330777 0.0549876
vt 0.349023 0.0647406
vt 0.310978 0.451018
vt 0.349023 0.0647406
vt 0.36727 0.0744936
vt 0.310978 0.451018
vt 0.36727 0.0744936
vt 0.383263 0.0876188
vt 0.310978 0.451018
vt 0.383263 0.0876188
vt 0.399256 0.100744
vt 0.310978 0.451018
vt 0.399256 0.100744
vt 0.412381 0.116737
vt 0.310978 0.451018
vt 0.412381 0.116737
vt 0.425507 0.13273
vt 0.310978 0.451018
vt 0.425507 0.13273
vt 0.435259 0.150977
vt 0.310978 0.451018
vt 0.435259 0.150977
vt 0.445012 0.169223
vt 0.310978 0.451018
vt 0.445012 0.169223
vt 0.451018 0.189022
vt 0.310978 0.451018
vt 0.451018 0.189022
vt 0.457024 0.20882
vt 0.310978 0.451018
vt 0.457024 0.20882
vt 0.459052 0.22941
vt 0.310978 0.451018
vt 0.459052 0.22941
vt 0.46108 0.25
vt 0.310978 0.451018
vt 0.46108 0.25
vt 0.459052 0.27059
vt 0.310978 0.451018
vt 0.459052 0.27059
vt 0.457024 0.29118
vt 0.310978 0.451018
vt 0.457024 0.29118
vt 0.451018 0.310978
vt 0.310978 0.451018
vt 0.451018 0.310978
vt 0.445012 0.330777
vt 0.310978 0.451018
vt 0.445012 0.330777
vt 0.435259 0.349023
vt 0.310978 0.451018
vt 0.435259 0.349023
vt 0.425507 0.36727
vt 0.310978 0.451018
vt 0.425507 0.36727
vt 0.412381 0.383263
vt 0.310978 0.451018
vt 0.412381 0.383263
vt 0.399256 0.399256
vt 0.310978 0.451018
vt 0.399256 0.399256
vt 0.383263 0.412381
vt 0.310978 0.451018
vt 0.383263 0.412381
vt 0.36727 0.425506
vt 0.310978 0.451018
vt 0.36727 0.425506
vt 0.349023 0.435259
vt 0.310978 0.451018
vt 0.349023 0.435259
vt 0.330777 0.445012
vt 0.310978 0.451018
vt 0.330777 0.445012
vt 0.349023 0.435259
vt 0.310978 0.451018
vt 0.349023 0.435259
vt 0.36727 0.425506
vt 0.310978 0.451018
vt 0.36727 0.425506
vt 0.383263 0.412381
vt 0.310978 0.451018
vt 0.383263 0.412381
vt 0.399256 0.399256
vt 0.310978 0.451018
vt 0.399256 0.399256
vt 0.412381 0.383263
vt 0.310978 0.451018
vt 0.412381 0.383263
vt 0.425507 0.36727
vt 0.310978 0.451018
vt 0.425507 0.36727
vt 0.435259 0.349023
vt 0.310978 0.451018
vt 0.435259 0.349023
vt 0.445012 0.330777
vt 0.310978 0.451018
vt 0.445012 0.330777
vt 0.451018 0.310978
vt 0.310978 0.451018
vt 0.451018 0.310978
vt 0.457024 0.29118
vt 0.310978 0.451018
vt 0.457024 0.29118
vt 0.459052 0.27059
vt 0.310978 0.451018
vt 0.459052 0.27059
vt 0.46108 0.25
vt 0.310978 0.451018
vt 0.46108 0.25
vt 0.459052 0.22941
vt 0.310978 0.451018
vt 0.459052 0.22941
vt 0.457024 0.20882
vt 0.310978 0.451018
vt 0.457024 0.20882
vt 0.451018 0.189022
vt 0.310978 0.451018
vt 0.451018 0.189022
vt 0.445012 0.169223
vt 0.310978 0.451018
vt 0.445012 0.169223
vt 0.435259 0.150977
vt 0.310978 0.451018
vt 0.435259 0.150977
vt 0.425507 0.13273
vt 0.310978 0.451018
vt 0.425507 0.13273
vt 0.412381 0.116737
vt 0.310978 0.451018
vt 0.412381 0.116737
vt 0.399256 0.100744
vt 0.310978 0.451018
vt 0.399256 0.100744
vt 0.383263 0.0876188
vt 0.310978 0.451018
vt 0.383263 0.0876188
vt 0.36727 0.0744936
vt 0.310978 0.451018
vt 0.36727 0.0744936
vt 0.349023 0.0647406
vt 0.310978 0.451018
vt 0.349023 0.0647406
vt 0.330777 0.0549876
vt 0.310978 0.451018
vt 0.330777 0.0549876
vt 0.310978 0.0489818
vt 0.310978 0.451018
vt 0.310978 0.0489818
vt 0.29118 0.042976
vt 0.310978 0.451018
vt 0.29118 0.042976
vt 0.27059 0.040948
vt 0.310978 0.451018
vt 0.27059 0.040948
vt 0.25 0.0389201
vt 0.310978 0.451018
vt 0.25 0.0389201
vt 0.22941 0.040948
vt 0.310978 0.451018
vt 0.22941 0.040948
vt 0.20882 0.042976
vt 0.310978 0.451018
vt 0.20882 0.042976
vt 0.189022 0.0489818
vt 0.310978 0.451018
vt 0.189022 0.0489818
vt 0.169223 0.0549876
vt 0.310978 0.451018
vt 0.169223 0.0549876
vt 0.150977 0.0647406
vt 0.310978 0.451018
vt 0.150977 0.0647406
vt 0.13273 0.0744935
vt 0.310978 0.451018
vt 0.13273 0.0744935
vt 0.116737 0.0876188
vt 0.310978 0.451018
vt 0.116737 0.0876188
vt 0.100744 0.100744
vt 0.310978 0.451018
vt 0.100744 0.100744
vt 0.0876187 0.116737
vt 0.310978 0.451018
vt 0.0876187 0.116737
vt 0.0744935 0.13273
vt 0.310978 0.451018
vt 0.0744935 0.13273
vt 0.0647406 0.150977
vt 0.310978 0.451018
vt 0.0647406 0.150977
vt 0.0549876 0.169223
vt 0.310978 0.451018
vt 0.0549876 0.169223
vt 0.0489818 0.189022
vt 0.310978 0.451018
vt 0.0489818 0.189022
vt 0.042976 0.20882
vt 0.310978 0.451018
vt 0.042976 0.20882
vt 0.0409481 0.22941
vt 0.310978 0.451018
vt 0.0409481 0.22941
vt 0.0389202 0.25
vt 0.310978 0.451018
vt 0.0389202 0.25
vt 0.0409481 0.27059
vt 0.310978 0.451018
vt 0.0409481 0.27059
vt 0.042976 0.29118
vt 0.310978 0.451018
vt 0.042976 0.29118
vt 0.0489818 0.310978
vt 0.310978 0.451018
vt 0.0489818 0.310978
vt 0.0549876 0.330777
vt 0.310978 0.451018
vt 0.0549876 0.330777
vt 0.0647405 0.349023
vt 0.310978 0.451018
vt 0.0647405 0.349023
vt 0.0744935 0.36727
vt 0.310978 0.451018
vt 0.0744935 0.36727
vt 0.0876187 0.383263
vt 0.310978 0.451018
vt 0.0876187 0.383263
vt 0.100744 0.399256
vt 0.310978 0.451018
vt 0.100744 0.399256
vt 0.116737 0.412381
vt 0.310978 0.451018
vt 0.116737 0.412381
vt 0.13273 0.425506
vt 0.310978 0.451018
vt 0.13273 0.425506
vt 0.150977 0.435259
vt 0.310978 0.451018
vt 0.150977 0.435259
vt 0.169223 0.445012
vt 0.310978 0.451018
vt 0.169223 0.445012
vt 0.189022 0.451018
vt 0.310978 0.451018
vt 0.189022 0.451018
vt 0.20882 0.457024
vt 0.310978 0.451018
vt 0.20882 0.457024
vt 0.22941 0.459052
vt 0.310978 0.451018
vt 0.22941 0.459052
vt 0.25 0.46108
vt 0.310978 0.451018
vt 0.25 0.46108
vt 0.27059 0.459052
vt 0.310978 0.451018
vt 0.27059 0.459052
vt 0.29118 0.457024
vt 0.96875 0.685888
vt 0.984375 0.685888
vt 0.984375 0.871775
vt 0.96875 0.685888
vt 0.984375 0.871775
vt 0.96875 0.871775
vt 0.96875 0.685888
vt 0.96875 0.871775
vt 0.984375 0.871775
vt 0.96875 0.685888
vt 0.984375 0.871775
vt 0.984375 0.685888
vt 0 0.685888
vt 0.015625 0.685888
vt 0.015625 0.871775
vt 0 0.685888
vt 0.015625 0.871775
vt 0 0.871775
vt 0 0.685888
vt 0 0.871775
vt 0.015625 0.871775
vt 0 0.685888
vt 0.015625 0.871775
vt 0.015625 0.685888
vt 0.9375 0.685887
vt 0.953125 0.685887
vt 0.953125 0.871775
vt 0.9375 0.685887
vt 0.953125 0.871775
vt 0.9375 0.871775
vt 0.9375 0.685887
vt 0.9375 0.871775
vt 0.953125 0.871775
vt 0.9375 0.685887
vt 0.953125 0.871775
vt 0.953125 0.685887
vt 0.90625 0.685888
vt 0.921875 0.685887
vt 0.921875 0.871775
vt 0.90625 0.685888
vt 0.921875 0.871775
vt 0.90625 0.871775
vt 0.90625 0.685888
vt 0.90625 0.871775
vt 0.921875 0.871775
vt 0.90625 0.685888
vt 0.921875 0.871775
vt 0.921875 0.685887
vt 0.875 0.685888
vt 0.890625 0.685888
vt 0.890625 0.871775
vt 0.875 0.685888
vt 0.890625 0.871775
vt 0.875 0.871775
vt 0.875 0.685888
vt 0.875 0.871775
vt 0.890625 0.871775
vt 0.875 0.685888
vt 0.890625 0.871775
vt 0.890625 0.685888
vt 0.84375 0.685887
vt 0.859375 0.685887
vt 0.859375 0.871775
vt 0.84375 0.685887
vt 0.859375 0.871775
vt 0.84375 0.871775
vt 0.84375 0.685887
vt 0.84375 0.871775
vt 0.859375 0.871775
vt 0.84375 0.685887
vt 0.859375 0.871775
vt 0.859375 0.685887
vt 0.8125 0.685888
vt 0.828125 0.685887
vt 0.828125 0.871775
vt 0.8125 0.685888
vt 0.828125 0.871775
vt 0.8125 0.871775
vt 0.8125 0.685888
vt 0.8125 0.871775
vt 0.828125 0.871775
vt 0.8125 0.685888
vt 0.828125 0.871775
vt 0.828125 0.685887
vt 0.78125 0.685887
vt 0.796875 0.685887
vt 0.796875 0.871775
vt 0.78125 0.685887
vt 0.796875 0.871775
vt 0.78125 0.871775
vt 0.78125 0.685887
vt 0.78125 0.871775
vt 0.796875 0.871775
vt 0.78125 0.685887
vt 0.796875 0.871775
vt 0.796875 0.685887
vt 0.75 0.685888
vt 0.765625 0.685887
vt 0.765625 0.871775
vt 0.75 0.685888
vt 0.765625 0.871775
vt 0.75 0.871775
vt 0.75 0.685888
vt 0.75 0.871775
vt 0.765625 0.871775
vt 0.75 0.685888
vt 0.765625 0.871775
vt 0.765625 0.685887
vt 0.71875 0.685888
vt 0.734375 0.685888
vt 0.734375 0.871775
vt 0.71875 0.685888
vt 0.734375 0.871775
vt 0.71875 0.871775
vt 0.71875 0.685888
vt 0.71875 0.871775
vt 0.734375 0.871775
vt 0.71875 0.685888
vt 0.734375 0.871775
vt 0.734375 0.685888
vt 0.6875 0.685888
vt 0.703125 0.685888
vt 0.703125 0.871775
vt 0.6875 0.685888
vt 0.703125 0.871775
vt 0.6875 0.871775
vt 0.6875 0.685888
vt 0.6875 0.871775
vt 0.703125 0.871775
vt 0.6875 0.685888
vt 0.703125 0.871775
vt 0.703125 0.685888
vt 0.65625 0.685888
vt 0.671875 0.685888
vt 0.671875 0.871775
vt 0.65625 0.685888
vt 0.671875 0.871775
vt 0.65625 0.871775
vt 0.65625 0.685888
vt 0.65625 0.871775
vt 0.671875 0.871775
vt 0.65625 0.685888
vt 0.671875 0.871775
vt 0.671875 0.685888
vt 0.625 0.685888
vt 0.640625 0.685888
vt 0.640625 0.871775
vt 0.625 0.685888
vt 0.640625 0.871775
vt 0.625 0.871775
vt 0.625 0.685888
vt 0.625 0.871775
vt 0.640625 0.871775
vt 0.625 0.685888
vt 0.640625 0.871775
vt 0.640625 0.685888
vt 0.59375 0.685888
vt 0.609375 0.685888
vt 0.609375 0.871775
vt 0.59375 0.685888
vt 0.609375 0.871775
vt 0.59375 0.871775
vt 0.59375 0.685888
vt 0.59375 0.871775
vt 0.609375 0.871775
vt 0.59375 0.685888
vt 0.609375 0.871775
vt 0.609375 0.685888
vt 0.5625 0.685887
vt 0.578125 0.685887
vt 0.578125 0.871775
vt 0.5625 0.685887
vt 0.578125 0.871775
vt 0.5625 0.871775
vt 0.5625 0.685887
vt 0.5625 0.871775
vt 0.578125 0.871775
vt 0.5625 0.685887
vt 0.578125 0.871775
vt 0.578125 0.685887
vt 0.53125 0.685888
vt 0.546875 0.685887
vt 0.546875 0.871775
vt 0.53125 0.685888
vt 0.546875 0.871775
vt 0.53125 0.871775
vt 0.53125 0.685888
vt 0.53125 0.871775
vt 0.546875 0.871775
vt 0.53125 0.685888
vt 0.546875 0.871775
vt 0.546875 0.685887
vt 0.5 0.685888
vt 0.515625 0.685888
vt 0.515625 0.871775
vt 0.5 0.685888
vt 0.515625 0.871775
vt 0.5 0.871775
vt 0.5 0.685888
vt 0.5 0.871775
vt 0.515625 0.871775
vt 0.5 0.685888
vt 0.515625 0.871775
vt 0.515625 0.685888
vt 0.46875 0.685887
vt 0.484375 0.685887
vt 0.484375 0.871775
vt 0.46875 0.685887
vt 0.484375 0.871775
vt 0.46875 0.871775
vt 0.46875 0.685887
vt 0.46875 0.871775
vt 0.484375 0.871775
vt 0.46875 0.685887
vt 0.484375 0.871775
vt 0.484375 0.685887
vt 0.4375 0.685888
vt 0.453125 0.685887
vt 0.453125 0.871775
vt 0.4375 0.685888
vt 0.453125 0.871775
vt 0.4375 0.871775
vt 0.4375 0.685888
vt 0.4375 0.871775
vt 0.453125 0.871775
vt 0.4375 0.685888
vt 0.453125 0.871775
vt 0.453125 0.685887
vt 0.40625 0.685888
vt 0.421875 0.685888
vt 0.421875 0.871775
vt 0.40625 0.685888
vt 0.421875 0.871775
vt 0.40625 0.871775
vt 0.40625 0.685888
vt 0.40625 0.871775
vt 0.421875 0.871775
vt 0.40625 0.685888
vt 0.421875 0.871775
vt 0.421875 0.685888
vt 0.375 0.685887
vt 0.390625 0.685887
vt 0.390625 0.871775
vt 0.375 0.685887
vt 0.390625 0.871775
vt 0.375 0.871775
vt 0.375 0.685887
vt 0.375 0.871775
vt 0.390625 0.871775
vt 0.375 0.685887
vt 0.390625 0.871775
vt 0.390625 0.685887
vt 0.34375 0.685888
vt 0.359375 0.685887
vt 0.359375 0.871775
vt 0.34375 0.685888
vt 0.359375 0.871775
vt 0.34375 0.871775
vt 0.34375 0.685888
vt 0.34375 0.871775
vt 0.359375 0.871775
vt 0.34375 0.685888
vt 0.359375 0.871775
vt 0.359375 0.685887
vt 0.3125 0.685888
vt 0.328125 0.685888
vt 0.328125 0.871775
vt 0.3125 0.685888
vt 0.328125 0.871775
vt 0.3125 0.871775
vt 0.3125 0.685888
vt 0.3125 0.871775
vt 0.328125 0.871775
vt 0.3125 0.685888
vt 0.328125 0.871775
vt 0.328125 0.685888
vt 0.28125 0.685888
vt 0.296875 0.685888
vt 0.296875 0.871775
vt 0.28125 0.685888
vt 0.296875 0.871775
vt 0.28125 0.871775
vt 0.28125 0.685888
vt 0.28125 0.871775
vt 0.296875 0.871775
vt 0.28125 0.685888
vt 0.296875 0.871775
vt 0.296875 0.685888
vt 0.25 0.685888
vt 0.265625 0.685888
vt 0.265625 0.871775
vt 0.25 0.685888
vt 0.265625 0.871775
vt 0.25 0.871775
vt 0.25 0.685888
vt 0.25 0.871775
vt 0.265625 0.871775
vt 0.25 0.685888
vt 0.265625 0.871775
vt 0.265625 0.685888
vt 0.21875 0.685888
vt 0.234375 0.685888
vt 0.234375 0.871775
vt 0.21875 0.685888
vt 0.234375 0.871775
vt 0.21875 0.871775
vt 0.21875 0.685888
vt 0.21875 0.871775
vt 0.234375 0.871775
vt 0.21875 0.685888
vt 0.234375 0.871775
vt 0.234375 0.685888
vt 0.1875 0.685887
vt 0.203125 0.685887
vt 0.203125 0.871775
vt 0.1875 0.685887
vt 0.203125 0.871775
vt 0.1875 0.871775
vt 0.1875 0.685887
vt 0.1875 0.871775
vt 0.203125 0.871775
vt 0.1875 0.685887
vt 0.203125 0.871775
vt 0.203125 0.685887
vt 0.15625 0.685888
vt 0.171875 0.685887
vt 0.171875 0.871775
vt 0.15625 0.685888
vt 0.171875 0.871775
vt 0.15625 0.871775
vt 0.15625 0.685888
vt 0.15625 0.871775
vt 0.171875 0.871775
vt 0.15625 0.685888
vt 0.171875 0.871775
vt 0.171875 0.685887
vt 0.125 0.685888
vt 0.140625 0.685888
vt 0.140625 0.871775
vt 0.125 0.685888
vt 0.140625 0.871775
vt 0.125 0.871775
vt 0.125 0.685888
vt 0.125 0.871775
vt 0.140625 0.871775
vt 0.125 0.685888
vt 0.140625 0.871775
vt 0.140625 0.685888
vt 0.09375 0.685888
vt 0.109375 0.685888
vt 0.109375 0.871775
vt 0.09375 0.685888
vt 0.109375 0.871775
vt 0.09375 0.871775
vt 0.09375 0.685888
vt 0.09375 0.871775
vt 0.109375 0.871775
vt 0.09375 0.685888
vt 0.109375 0.871775
vt 0.109375 0.685888
vt 0.0625 0.685888
vt 0.078125 0.685888
vt 0.078125 0.871775
vt 0.0625 0.685888
vt 0.078125 0.871775
vt 0.0625 0.871775
vt 0.0625 0.685888
vt 0.0625 0.871775
vt 0.078125 0.871775
vt 0.0625 0.685888
vt 0.078125 0.871775
vt 0.078125 0.685888
vt 0.03125 0.685888
vt 0.046875 0.685888
vt 0.046875 0.871775
vt 0.03125 0.685888
vt 0.046875 0.871775
vt 0.03125 0.871775
vt 0.03125 0.685888
vt 0.03125 0.871775
vt 0.046875 0.871775
vt 0.03125 0.685888
vt 0.046875 0.871775
vt 0.046875 0.685888
vt 0.27173 0.470631
vt 0.27126 0.465861
vt 0.292521 0.463767
vt 0.27173 0.470631
vt 0.292521 0.463767
vt 0.293461 0.46849
vt 0.27173 0.470631
vt 0.293461 0.46849
vt 0.292521 0.463767
vt 0.27173 0.470631
vt 0.292521 0.463767
vt 0.27126 0.465861
vt 0.314356 0.462152
vt 0.312964 0.457565
vt 0.333407 0.451364
vt 0.314356 0.462152
vt 0.333407 0.451364
vt 0.33525 0.455813
vt 0.314356 0.462152
vt 0.33525 0.455813
vt 0.333407 0.451364
vt 0.314356 0.462152
vt 0.333407 0.451364
vt 0.312964 0.457565
vt 0.354508 0.44552
vt 0.352248 0.441293
vt 0.371089 0.431223
vt 0.354508 0.44552
vt 0.371089 0.431223
vt 0.373765 0.435227
vt 0.354508 0.44552
vt 0.373765 0.435227
vt 0.371089 0.431223
vt 0.354508 0.44552
vt 0.371089 0.431223
vt 0.352248 0.441293
vt 0.390644 0.421375
vt 0.387603 0.41767
vt 0.404117 0.404117
vt 0.390644 0.421375
vt 0.404117 0.404117
vt 0.407523 0.407523
vt 0.390644 0.421375
vt 0.407523 0.407523
vt 0.404117 0.404117
vt 0.390644 0.421375
vt 0.404117 0.404117
vt 0.387603 0.41767
vt 0.421375 0.390644
vt 0.41767 0.387603
vt 0.431223 0.371089
vt 0.421375 0.390644
vt 0.431223 0.371089
vt 0.435227 0.373765
vt 0.421375 0.390644
vt 0.435227 0.373765
vt 0.431223 0.371089
vt 0.421375 0.390644
vt 0.431223 0.371089
vt 0.41767 0.387603
vt 0.44552 0.354508
vt 0.441293 0.352248
vt 0.451364 0.333408
vt 0.44552 0.354508
vt 0.451364 0.333408
vt 0.455813 0.335251
vt 0.44552 0.354508
vt 0.455813 0.335251
vt 0.451364 0.333408
vt 0.44552 0.354508
vt 0.451364 0.333408
vt 0.441293 0.352248
vt 0.462152 0.314356
vt 0.457565 0.312964
vt 0.463767 0.292521
vt 0.462152 0.314356
vt 0.463767 0.292521
vt 0.46849 0.29346
vt 0.462152 0.314356
vt 0.46849 0.29346
vt 0.463767 0.292521
vt 0.462152 0.314356
vt 0.463767 0.292521
vt 0.457565 0.312964
vt 0.47063 0.27173
vt 0.465861 0.27126
vt 0.467955 0.25
vt 0.47063 0.27173
vt 0.467955 0.25
vt 0.472771 0.25
vt 0.47063 0.27173
vt 0.472771 0.25
vt 0.467955 0.25
vt 0.47063 0.27173
vt 0.467955 0.25
vt 0.465861 0.27126
vt 0.47063 0.22827
vt 0.465861 0.22874
vt 0.463767 0.207479
vt 0.47063 0.22827
vt 0.463767 0.207479
vt 0.46849 0.20654
vt 0.47063 0.22827
vt 0.46849 0.20654
vt 0.463767 0.207479
vt 0.47063 0.22827
vt 0.463767 0.207479
vt 0.465861 0.22874
vt 0.462152 0.185644
vt 0.457565 0.187036
vt 0.451364 0.166592
vt 0.462152 0.185644
vt 0.451364 0.166592
vt 0.455813 0.164749
vt 0.462152 0.185644
vt 0.455813 0.164749
vt 0.451364 0.166592
vt 0.462152 0.185644
vt 0.451364 0.166592
vt 0.457565 0.187036
vt 0.44552 0.145492
vt 0.441293 0.147752
vt 0.431223 0.128911
vt 0.44552 0.145492
vt 0.431223 0.128911
vt 0.435227 0.126235
vt 0.44552 0.145492
vt 0.435227 0.126235
vt 0.431223 0.128911
vt 0.44552 0.145492
vt 0.431223 0.128911
vt 0.441293 0.147752
vt 0.421375 0.109356
vt 0.41767 0.112397
vt 0.404117 0.0958828
vt 0.421375 0.109356
vt 0.404117 0.0958828
vt 0.407523 0.0924773
vt 0.421375 0.109356
vt 0.407523 0.0924773
vt 0.404117 0.0958828
vt 0.421375 0.109356
vt 0.404117 0.0958828
vt 0.41767 0.112397
vt 0.390644 0.0786252
vt 0.387603 0.0823301
vt 0.371089 0.0687774
vt 0.390644 0.0786252
vt 0.371089 0.0687774
vt 0.373765 0.064773
vt 0.390644 0.0786252
vt 0.373765 0.064773
vt 0.371089 0.0687774
vt 0.390644 0.0786252
vt 0.371089 0.0687774
vt 0.387603 0.0823301
vt 0.354508 0.0544798
vt 0.352248 0.0587067
vt 0.333408 0.0486361
vt 0.354508 0.0544798
vt 0.333408 0.0486361
vt 0.335251 0.0441866
vt 0.354508 0.0544798
vt 0.335251 0.0441866
vt 0.333408 0.0486361
vt 0.354508 0.0544798
vt 0.333408 0.0486361
vt 0.352248 0.0587067
vt 0.314355 0.0378482
vt 0.312964 0.0424347
vt 0.292521 0.0362333
vt 0.314355 0.0378482
vt 0.292521 0.0362333
vt 0.29346 0.0315098
vt 0.314355 0.0378482
vt 0.29346 0.0315098
vt 0.292521 0.0362333
vt 0.314355 0.0378482
vt 0.292521 0.0362333
vt 0.312964 0.0424347
vt 0.27173 0.0293695
vt 0.27126 0.0341393
vt 0.25 0.0320453
vt 0.27173 0.0293695
vt 0.25 0.0320453
vt 0.25 0.0272293
vt 0.27173 0.0293695
vt 0.25 0.0272293
vt 0.25 0.0320453
vt 0.27173 0.0293695
vt 0.25 0.0320453
vt 0.27126 0.0341393
vt 0.22827 0.0293695
vt 0.22874 0.0341393
vt 0.207479 0.0362333
vt 0.22827 0.0293695
vt 0.207479 0.0362333
vt 0.20654 0.0315098
vt 0.22827 0.0293695
vt 0.20654 0.0315098
vt 0.207479 0.0362333
vt 0.22827 0.0293695
vt 0.207479 0.0362333
vt 0.22874 0.0341393
vt 0.185644 0.0378482
vt 0.187036 0.0424347
vt 0.166592 0.0486362
vt 0.185644 0.0378482
vt 0.166592 0.0486362
vt 0.164749 0.0441867
vt 0.185644 0.0378482
vt 0.164749 0.0441867
vt 0.166592 0.0486362
vt 0.185644 0.0378482
vt 0.166592 0.0486362
vt 0.187036 0.0424347
vt 0.145492 0.0544798
vt 0.147752 0.0587068
vt 0.128911 0.0687774
vt 0.145492 0.0544798
vt 0.128911 0.0687774
vt 0.126235 0.0647729
vt 0.145492 0.0544798
vt 0.126235 0.0647729
vt 0.128911 0.0687774
vt 0.145492 0.0544798
vt 0.128911 0.0687774
vt 0.147752 0.0587068
vt 0.109356 0.0786251
vt 0.112397 0.08233
vt 0.0958827 0.0958827
vt 0.109356 0.0786251
vt 0.0958827 0.0958827
vt 0.0924773 0.0924773
vt 0.109356 0.0786251
vt 0.0924773 0.0924773
vt 0.0958827 0.0958827
vt 0.109356 0.0786251
vt 0.0958827 0.0958827
vt 0.112397 0.08233
vt 0.0786251 0.109356
vt 0.08233 0.112397
vt 0.0687773 0.128911
vt 0.0786251 0.109356
vt 0.0687773 0.128911
vt 0.0647729 0.126235
vt 0.0786251 0.109356
vt 0.0647729 0.126235
vt 0.0687773 0.128911
vt 0.0786251 0.109356
vt 0.0687773 0.128911
vt 0.08233 0.112397
vt 0.0544798 0.145492
vt 0.0587067 0.147752
vt 0.0486361 0.166592
vt 0.0544798 0.145492
vt 0.0486361 0.166592
vt 0.0441867 0.164749
vt 0.0544798 0.145492
vt 0.0441867 0.164749
vt 0.0486361 0.166592
vt 0.0544798 0.145492
vt 0.0486361 0.166592
vt 0.0587067 0.147752
vt 0.0378482 0.185644
vt 0.0424347 0.187036
vt 0.0362333 0.207479
vt 0.0378482 0.185644
vt 0.0362333 0.207479
vt 0.0315097 0.20654
vt 0.0378482 0.185644
vt 0.0315097 0.20654
vt 0.0362333 0.207479
vt 0.0378482 0.185644
vt 0.0362333 0.207479
vt 0.0424347 0.187036
vt 0.0293695 0.22827
vt 0.0341393 0.22874
vt 0.0320454 0.25
vt 0.0293695 0.22827
vt 0.0320454 0.25
vt 0.0272293 0.25
vt 0.0293695 0.22827
vt 0.0272293 0.25
vt 0.0320454 0.25
vt 0.0293695 0.22827
vt 0.0320454 0.25
vt 0.0341393 0.22874
vt 0.0293695 0.27173
vt 0.0341393 0.27126
vt 0.0362333 0.292521
vt 0.0293695 0.27173
vt 0.0362333 0.292521
vt 0.0315097 0.29346
vt 0.0293695 0.27173
vt 0.0315097 0.29346
vt 0.0362333 0.292521
vt 0.0293695 0.27173
vt 0.0362333 0.292521
vt 0.0341393 0.27126
vt 0.0378482 0.314356
vt 0.0424347 0.312964
vt 0.0486361 0.333408
vt 0.0378482 0.314356
vt 0.0486361 0.333408
vt 0.0441866 0.335251
vt 0.0378482 0.314356
vt 0.0441866 0.335251
vt 0.0486361 0.333408
vt 0.0378482 0.314356
vt 0.0486361 0.333408
vt 0.0424347 0.312964
vt 0.0544798 0.354508
vt 0.0587067 0.352248
vt 0.0687773 0.371089
vt 0.0544798 0.354508
vt 0.0687773 0.371089
vt 0.0647729 0.373765
vt 0.0544798 0.354508
vt 0.0647729 0.373765
vt 0.0687773 0.371089
vt 0.0544798 0.354508
vt 0.0687773 0.371089
vt 0.0587067 0.352248
vt 0.0786251 0.390644
vt 0.08233 0.387603
vt 0.0958828 0.404117
vt 0.0786251 0.390644
vt 0.0958828 0.404117
vt 0.0924773 0.407523
vt 0.0786251 0.390644
vt 0.0924773 0.407523
vt 0.0958828 0.404117
vt 0.0786251 0.390644
vt 0.0958828 0.404117
vt 0.08233 0.387603
vt 0.109356 0.421375
vt 0.112397 0.41767
vt 0.128911 0.431223
vt 0.109356 0.421375
vt 0.128911 0.431223
vt 0.126235 0.435227
vt 0.109356 0.421375
vt 0.126235 0.435227
vt 0.128911 0.431223
vt 0.109356 0.421375
vt 0.128911 0.431223
vt 0.112397 0.41767
vt 0.145492 0.44552
vt 0.147752 0.441293
vt 0.166592 0.451364
vt 0.145492 0.44552
vt 0.166592 0.451364
vt 0.164749 0.455813
vt 0.145492 0.44552
vt 0.164749 0.455813
vt 0.166592 0.451364
vt 0.145492 0.44552
vt 0.166592 0.451364
vt 0.147752 0.441293
vt 0.185644 0.462152
vt 0.187036 0.457565
vt 0.207479 0.463767
vt 0.185644 0.462152
vt 0.207479 0.463767
vt 0.20654 0.46849
vt 0.185644 0.462152
vt 0.20654 0.46849
vt 0.207479 0.463767
vt 0.185644 0.462152
vt 0.207479 0.463767
vt 0.187036 0.457565
vt 0.22827 0.470631
vt 0.22874 0.465861
vt 0.25 0.467955
vt 0.22827 0.470631
vt 0.25 0.467955
vt 0.25 0.472771
vt 0.22827 0.470631
vt 0.25 0.472771
vt 0.25 0.467955
vt 0.22827 0.470631
vt 0.25 0.467955
vt 0.22874 0.465861
vt 0.452979 0.188427
vt 0.452979 0.188427
vt 0.459043 0.208419
vt 0.452979 0.188427
vt 0.459043 0.208419
vt 0.459043 0.208419
vt 0.452979 0.188427
vt 0.459043 0.208419
vt 0.459043 0.208419
vt 0.452979 0.188427
vt 0.459043 0.208419
vt 0.452979 0.188427
vt 0.0409481 0.22941
vt 0.0409481 0.22941
vt 0.0389202 0.25
vt 0.0409481 0.22941
vt 0.0389202 0.25
vt 0.0389202 0.25
vt 0.0409481 0.22941
vt 0.0389202 0.25
vt 0.0389202 0.25
vt 0.0409481 0.22941
vt 0.0389202 0.25
vt 0.0409481 0.22941
vt 0.461091 0.229209
vt 0.461091 0.229209
vt 0.463139 0.25
vt 0.461091 0.229209
vt 0.463139 0.25
vt 0.463139 0.25
vt 0.461091 0.229209
vt 0.463139 0.25
vt 0.463139 0.25
vt 0.461091 0.229209
vt 0.463139 0.25
vt 0.461091 0.229209
vt 0.0489818 0.189022
vt 0.0489818 0.189022
vt 0.042976 0.20882
vt 0.0489818 0.189022
vt 0.042976 0.20882
vt 0.042976 0.20882
vt 0.0489818 0.189022
vt 0.042976 0.20882
vt 0.042976 0.20882
vt 0.0489818 0.189022
vt 0.042976 0.20882
vt 0.0489818 0.189022
vt 0.461091 0.270791
vt 0.461091 0.270791
vt 0.459043 0.291581
vt 0.461091 0.270791
vt 0.459043 0.291581
vt 0.459043 0.291581
vt 0.461091 0.270791
vt 0.459043 0.291581
vt 0.459043 0.291581
vt 0.461091 0.270791
vt 0.459043 0.291581
vt 0.461091 0.270791
vt 0.0647406 0.150977
vt 0.0647406 0.150977
vt 0.0549876 0.169223
vt 0.0647406 0.150977
vt 0.0549876 0.169223
vt 0.0549876 0.169223
vt 0.0647406 0.150977
vt 0.0549876 0.169223
vt 0.0549876 0.169223
vt 0.0647406 0.150977
vt 0.0549876 0.169223
vt 0.0647406 0.150977
vt 0.452979 0.311573
vt 0.452979 0.311573
vt 0.446914 0.331565
vt 0.452979 0.311573
vt 0.446914 0.331565
vt 0.446914 0.331565
vt 0.452979 0.311573
vt 0.446914 0.331565
vt 0.446914 0.331565
vt 0.452979 0.311573
vt 0.446914 0.331565
vt 0.452979 0.311573
vt 0.0876187 0.116737
vt 0.0876187 0.116737
vt 0.0744935 0.13273
vt 0.0876187 0.116737
vt 0.0744935 0.13273
vt 0.0744935 0.13273
vt 0.0876187 0.116737
vt 0.0744935 0.13273
vt 0.0744935 0.13273
vt 0.0876187 0.116737
vt 0.0744935 0.13273
vt 0.0876187 0.116737
vt 0.437066 0.349989
vt 0.437066 0.349989
vt 0.427218 0.368414
vt 0.437066 0.349989
vt 0.427218 0.368414
vt 0.427218 0.368414
vt 0.437066 0.349989
vt 0.427218 0.368414
vt 0.427218 0.368414
vt 0.437066 0.349989
vt 0.427218 0.368414
vt 0.437066 0.349989
vt 0.229209 0.461091
vt 0.229209 0.461091
vt 0.208419 0.459043
vt 0.229209 0.461091
vt 0.208419 0.459043
vt 0.208419 0.459043
vt 0.229209 0.461091
vt 0.208419 0.459043
vt 0.208419 0.459043
vt 0.229209 0.461091
vt 0.208419 0.459043
vt 0.229209 0.461091
vt 0.116737 0.0876188
vt 0.116737 0.0876188
vt 0.100744 0.100744
vt 0.116737 0.0876188
vt 0.100744 0.100744
vt 0.100744 0.100744
vt 0.116737 0.0876188
vt 0.100744 0.100744
vt 0.100744 0.100744
vt 0.116737 0.0876188
vt 0.100744 0.100744
vt 0.116737 0.0876188
vt 0.413965 0.384563
vt 0.413965 0.384563
vt 0.400712 0.400712
vt 0.413965 0.384563
vt 0.400712 0.400712
vt 0.400712 0.400712
vt 0.413965 0.384563
vt 0.400712 0.400712
vt 0.400712 0.400712
vt 0.413965 0.384563
vt 0.400712 0.400712
vt 0.413965 0.384563
vt 0.188427 0.452979
vt 0.188427 0.452979
vt 0.168435 0.446914
vt 0.188427 0.452979
vt 0.168435 0.446914
vt 0.168435 0.446914
vt 0.188427 0.452979
vt 0.168435 0.446914
vt 0.168435 0.446914
vt 0.188427 0.452979
vt 0.168435 0.446914
vt 0.188427 0.452979
vt 0.150977 0.0647406
vt 0.150977 0.0647406
vt 0.13273 0.0744935
vt 0.150977 0.0647406
vt 0.13273 0.0744935
vt 0.13273 0.0744935
vt 0.150977 0.0647406
vt 0.13273 0.0744935
vt 0.13273 0.0744935
vt 0.150977 0.0647406
vt 0.13273 0.0744935
vt 0.150977 0.0647406
vt 0.384563 0.413965
vt 0.384563 0.413965
vt 0.368414 0.427218
vt 0.384563 0.413965
vt 0.368414 0.427218
vt 0.368414 0.427218
vt 0.384563 0.413965
vt 0.368414 0.427218
vt 0.368414 0.427218
vt 0.384563 0.413965
vt 0.368414 0.427218
vt 0.384563 0.413965
vt 0.150011 0.437066
vt 0.150011 0.437066
vt 0.131587 0.427218
vt 0.150011 0.437066
vt 0.131587 0.427218
vt 0.131587 0.427218
vt 0.150011 0.437066
vt 0.131587 0.427218
vt 0.131587 0.427218
vt 0.150011 0.437066
vt 0.131587 0.427218
vt 0.150011 0.437066
vt 0.189022 0.0489818
vt 0.189022 0.0489818
vt 0.169223 0.0549876
vt 0.189022 0.0489818
vt 0.169223 0.0549876
vt 0.169223 0.0549876
vt 0.189022 0.0489818
vt 0.169223 0.0549876
vt 0.169223 0.0549876
vt 0.189022 0.0489818
vt 0.169223 0.0549876
vt 0.189022 0.0489818
vt 0.349989 0.437066
vt 0.349989 0.437066
vt 0.331564 0.446914
vt 0.349989 0.437066
vt 0.331564 0.446914
vt 0.331564 0.446914
vt 0.349989 0.437066
vt 0.331564 0.446914
vt 0.331564 0.446914
vt 0.349989 0.437066
vt 0.331564 0.446914
vt 0.349989 0.437066
vt 0.115437 0.413965
vt 0.115437 0.413965
vt 0.0992882 0.400712
vt 0.115437 0.413965
vt 0.0992882 0.400712
vt 0.0992882 0.400712
vt 0.115437 0.413965
vt 0.0992882 0.400712
vt 0.0992882 0.400712
vt 0.115437 0.413965
vt 0.0992882 0.400712
vt 0.115437 0.413965
vt 0.22941 0.040948
vt 0.22941 0.040948
vt 0.20882 0.042976
vt 0.22941 0.040948
vt 0.20882 0.042976
vt 0.20882 0.042976
vt 0.22941 0.040948
vt 0.20882 0.042976
vt 0.20882 0.042976
vt 0.22941 0.040948
vt 0.20882 0.042976
vt 0.22941 0.040948
vt 0.311573 0.452979
vt 0.311573 0.452979
vt 0.291581 0.459043
vt 0.311573 0.452979
vt 0.291581 0.459043
vt 0.291581 0.459043
vt 0.311573 0.452979
vt 0.291581 0.459043
vt 0.291581 0.459043
vt 0.311573 0.452979
vt 0.291581 0.459043
vt 0.311573 0.452979
vt 0.086035 0.384563
vt 0.086035 0.384563
vt 0.0727817 0.368413
vt 0.086035 0.384563
vt 0.0727817 0.368413
vt 0.0727817 0.368413
vt 0.086035 0.384563
vt 0.0727817 0.368413
vt 0.0727817 0.368413
vt 0.086035 0.384563
vt 0.0727817 0.368413
vt 0.086035 0.384563
vt 0.27059 0.040948
vt 0.27059 0.040948
vt 0.25 0.0389201
vt 0.27059 0.040948
vt 0.25 0.0389201
vt 0.25 0.0389201
vt 0.27059 0.040948
vt 0.25 0.0389201
vt 0.25 0.0389201
vt 0.27059 0.040948
vt 0.25 0.0389201
vt 0.27059 0.040948
vt 0.270791 0.461091
vt 0.270791 0.461091
vt 0.25 0.463139
vt 0.270791 0.461091
vt 0.25 0.463139
vt 0.25 0.463139
vt 0.270791 0.461091
vt 0.25 0.463139
vt 0.25 0.463139
vt 0.270791 0.461091
vt 0.25 0.463139
vt 0.270791 0.461091
vt 0.0629336 0.349989
vt 0.0629336 0.349989
vt 0.0530855 0.331565
vt 0.0629336 0.349989
vt 0.0530855 0.331565
vt 0.0530855 0.331565
vt 0.0629336 0.349989
vt 0.0530855 0.331565
vt 0.0530855 0.331565
vt 0.0629336 0.349989
vt 0.0530855 0.331565
vt 0.0629336 0.349989
vt 0.310978 0.0489818
vt 0.310978 0.0489818
vt 0.29118 0.042976
vt 0.310978 0.0489818
vt 0.29118 0.042976
vt 0.29118 0.042976
vt 0.310978 0.0489818
vt 0.29118 0.042976
vt 0.29118 0.042976
vt 0.310978 0.0489818
vt 0.29118 0.042976
vt 0.310978 0.0489818
vt 0.0470212 0.311573
vt 0.0470212 0.311573
vt 0.0409568 0.291581
vt 0.0470212 0.311573
vt 0.0409568 0.291581
vt 0.0409568 0.291581
vt 0.0470212 0.311573
vt 0.0409568 0.291581
vt 0.0409568 0.291581
vt 0.0470212 0.311573
vt 0.0409568 0.291581
vt 0.0470212 0.311573
vt 0.349023 0.0647406
vt 0.349023 0.0647406
vt 0.330777 0.0549876
vt 0.349023 0.0647406
vt 0.330777 0.0549876
vt 0.330777 0.0549876
vt 0.349023 0.0647406
vt 0.330777 0.0549876
vt 0.330777 0.0549876
vt 0.349023 0.0647406
vt 0.330777 0.0549876
vt 0.349023 0.0647406
vt 0.0389091 0.270791
vt 0.0389091 0.270791
vt 0.0368614 0.25
vt 0.0389091 0.270791
vt 0.0368614 0.25
vt 0.0368614 0.25
vt 0.0389091 0.270791
vt 0.0368614 0.25
vt 0.0368614 0.25
vt 0.0389091 0.270791
vt 0.0368614 0.25
vt 0.0389091 0.270791
vt 0.383263 0.0876188
vt 0.383263 0.0876188
vt 0.36727 0.0744936
vt 0.383263 0.0876188
vt 0.36727 0.0744936
vt 0.36727 0.0744936
vt 0.383263 0.0876188
vt 0.36727 0.0744936
vt 0.36727 0.0744936
vt 0.383263 0.0876188
vt 0.36727 0.0744936
vt 0.383263 0.0876188
vt 0.0389091 0.229209
vt 0.0389091 0.229209
vt 0.0409568 0.208419
vt 0.0389091 0.229209
vt 0.0409568 0.208419
vt 0.0409568 0.208419
vt 0.0389091 0.229209
vt 0.0409568 0.208419
vt 0.0409568 0.208419
vt 0.0389091 0.229209
vt 0.0409568 0.208419
vt 0.0389091 0.229209
vt 0.412381 0.116737
vt 0.412381 0.116737
vt 0.399256 0.100744
vt 0.412381 0.116737
vt 0.399256 0.100744
vt 0.399256 0.100744
vt 0.412381 0.116737
vt 0.399256 0.100744
vt 0.399256 0.100744
vt 0.412381 0.116737
vt 0.399256 0.100744
vt 0.412381 0.116737
vt 0.270791 0.461091
vt 0.27069 0.460071
vt 0.29138 0.458034
vt 0.270791 0.461091
vt 0.29138 0.458034
vt 0.291581 0.459043
vt 0.270791 0.461091
vt 0.291581 0.459043
vt 0.29138 0.458034
vt 0.270791 0.461091
vt 0.29138 0.458034
vt 0.27069 0.460071
vt 0.311573 0.452979
vt 0.311275 0.451998
vt 0.33117 0.445963
vt 0.311573 0.452979
vt 0.33117 0.445963
vt 0.331564 0.446914
vt 0.311573 0.452979
vt 0.331564 0.446914
vt 0.33117 0.445963
vt 0.311573 0.452979
vt 0.33117 0.445963
vt 0.311275 0.451998
vt 0.349989 0.437066
vt 0.349506 0.436163
vt 0.367842 0.426362
vt 0.349989 0.437066
vt 0.367842 0.426362
vt 0.368414 0.427218
vt 0.349989 0.437066
vt 0.368414 0.427218
vt 0.367842 0.426362
vt 0.349989 0.437066
vt 0.367842 0.426362
vt 0.349506 0.436163
vt 0.384563 0.413965
vt 0.383913 0.413173
vt 0.399984 0.399984
vt 0.384563 0.413965
vt 0.399984 0.399984
vt 0.400712 0.400712
vt 0.384563 0.413965
vt 0.400712 0.400712
vt 0.399984 0.399984
vt 0.384563 0.413965
vt 0.399984 0.399984
vt 0.383913 0.413173
vt 0.413965 0.384563
vt 0.413173 0.383913
vt 0.426362 0.367842
vt 0.413965 0.384563
vt 0.426362 0.367842
vt 0.427218 0.368414
vt 0.413965 0.384563
vt 0.427218 0.368414
vt 0.426362 0.367842
vt 0.413965 0.384563
vt 0.426362 0.367842
vt 0.413173 0.383913
vt 0.437066 0.349989
vt 0.436163 0.349506
vt 0.445963 0.331171
vt 0.437066 0.349989
vt 0.445963 0.331171
vt 0.446914 0.331565
vt 0.437066 0.349989
vt 0.446914 0.331565
vt 0.445963 0.331171
vt 0.437066 0.349989
vt 0.445963 0.331171
vt 0.436163 0.349506
vt 0.452979 0.311573
vt 0.451998 0.311276
vt 0.458034 0.29138
vt 0.452979 0.311573
vt 0.458034 0.29138
vt 0.459043 0.291581
vt 0.452979 0.311573
vt 0.459043 0.291581
vt 0.458034 0.29138
vt 0.452979 0.311573
vt 0.458034 0.29138
vt 0.451998 0.311276
vt 0.461091 0.270791
vt 0.460071 0.27069
vt 0.462109 0.25
vt 0.461091 0.270791
vt 0.462109 0.25
vt 0.463139 0.25
vt 0.461091 0.270791
vt 0.463139 0.25
vt 0.462109 0.25
vt 0.461091 0.270791
vt 0.462109 0.25
vt 0.460071 0.27069
vt 0.461091 0.229209
vt 0.460071 0.22931
vt 0.458034 0.208619
vt 0.461091 0.229209
vt 0.458034 0.208619
vt 0.459043 0.208419
vt 0.461091 0.229209
vt 0.459043 0.208419
vt 0.458034 0.208619
vt 0.461091 0.229209
vt 0.458034 0.208619
vt 0.460071 0.22931
vt 0.452979 0.188427
vt 0.451998 0.188724
vt 0.445963 0.168829
vt 0.452979 0.188427
vt 0.445963 0.168829
vt 0.446914 0.168435
vt 0.452979 0.188427
vt 0.446914 0.168435
vt 0.445963 0.168829
vt 0.452979 0.188427
vt 0.445963 0.168829
vt 0.451998 0.188724
vt 0.437066 0.150011
vt 0.436163 0.150494
vt 0.426362 0.132158
vt 0.437066 0.150011
vt 0.426362 0.132158
vt 0.427218 0.131587
vt 0.437066 0.150011
vt 0.427218 0.131587
vt 0.426362 0.132158
vt 0.437066 0.150011
vt 0.426362 0.132158
vt 0.436163 0.150494
vt 0.413965 0.115437
vt 0.413173 0.116087
vt 0.399984 0.100016
vt 0.413965 0.115437
vt 0.399984 0.100016
vt 0.400712 0.0992882
vt 0.413965 0.115437
vt 0.400712 0.0992882
vt 0.399984 0.100016
vt 0.413965 0.115437
vt 0.399984 0.100016
vt 0.413173 0.116087
vt 0.384563 0.086035
vt 0.383913 0.0868269
vt 0.367842 0.0736377
vt 0.384563 0.086035
vt 0.367842 0.0736377
vt 0.368413 0.0727818
vt 0.384563 0.086035
vt 0.368413 0.0727818
vt 0.367842 0.0736377
vt 0.384563 0.086035
vt 0.367842 0.0736377
vt 0.383913 0.0868269
vt 0.349989 0.0629337
vt 0.349506 0.0638371
vt 0.331171 0.0540366
vt 0.349989 0.0629337
vt 0.331171 0.0540366
vt 0.331564 0.0530855
vt 0.349989 0.0629337
vt 0.331564 0.0530855
vt 0.331171 0.0540366
vt 0.349989 0.0629337
vt 0.331171 0.0540366
vt 0.349506 0.0638371
vt 0.311573 0.0470212
vt 0.311276 0.0480015
vt 0.29138 0.0419664
vt 0.311573 0.0470212
vt 0.29138 0.0419664
vt 0.291581 0.0409568
vt 0.311573 0.0470212
vt 0.291581 0.0409568
vt 0.29138 0.0419664
vt 0.311573 0.0470212
vt 0.29138 0.0419664
vt 0.311276 0.0480015
vt 0.270791 0.0389091
vt 0.27069 0.0399286
vt 0.25 0.0378907
vt 0.270791 0.0389091
vt 0.25 0.0378907
vt 0.25 0.0368614
vt 0.270791 0.0389091
vt 0.25 0.0368614
vt 0.25 0.0378907
vt 0.270791 0.0389091
vt 0.25 0.0378907
vt 0.27069 0.0399286
vt 0.229209 0.0389091
vt 0.22931 0.0399286
vt 0.20862 0.0419664
vt 0.229209 0.0389091
vt 0.20862 0.0419664
vt 0.208419 0.0409568
vt 0.229209 0.0389091
vt 0.208419 0.0409568
vt 0.20862 0.0419664
vt 0.229209 0.0389091
vt 0.20862 0.0419664
vt 0.22931 0.0399286
vt 0.188427 0.0470212
vt 0.188724 0.0480015
vt 0.168829 0.0540366
vt 0.188427 0.0470212
vt 0.168829 0.0540366
vt 0.168435 0.0530856
vt 0.188427 0.0470212
vt 0.168435 0.0530856
vt 0.168829 0.0540366
vt 0.188427 0.0470212
vt 0.168829 0.0540366
vt 0.188724 0.0480015
vt 0.150011 0.0629337
vt 0.150494 0.0638371
vt 0.132158 0.0736376
vt 0.150011 0.0629337
vt 0.132158 0.0736376
vt 0.131587 0.0727818
vt 0.150011 0.0629337
vt 0.131587 0.0727818
vt 0.132158 0.0736376
vt 0.150011 0.0629337
vt 0.132158 0.0736376
vt 0.150494 0.0638371
vt 0.115437 0.086035
vt 0.116087 0.0868269
vt 0.100016 0.100016
vt 0.115437 0.086035
vt 0.100016 0.100016
vt 0.0992882 0.0992882
vt 0.115437 0.086035
vt 0.0992882 0.0992882
vt 0.100016 0.100016
vt 0.115437 0.086035
vt 0.100016 0.100016
vt 0.116087 0.0868269
vt 0.086035 0.115437
vt 0.0868268 0.116087
vt 0.0736376 0.132158
vt 0.086035 0.115437
vt 0.0736376 0.132158
vt 0.0727817 0.131587
vt 0.086035 0.115437
vt 0.0727817 0.131587
vt 0.0736376 0.132158
vt 0.086035 0.115437
vt 0.0736376 0.132158
vt 0.0868268 0.116087
vt 0.0629337 0.150011
vt 0.0638371 0.150494
vt 0.0540366 0.168829
vt 0.0629337 0.150011
vt 0.0540366 0.168829
vt 0.0530856 0.168435
vt 0.0629337 0.150011
vt 0.0530856 0.168435
vt 0.0540366 0.168829
vt 0.0629337 0.150011
vt 0.0540366 0.168829
vt 0.0638371 0.150494
vt 0.0470212 0.188427
vt 0.0480015 0.188724
vt 0.0419664 0.20862
vt 0.0470212 0.188427
vt 0.0419664 0.20862
vt 0.0409568 0.208419
vt 0.0470212 0.188427
vt 0.0409568 0.208419
vt 0.0419664 0.20862
vt 0.0470212 0.188427
vt 0.0419664 0.20862
vt 0.0480015 0.188724
vt 0.0389091 0.229209
vt 0.0399286 0.22931
vt 0.0378908 0.25
vt 0.0389091 0.229209
vt 0.0378908 0.25
vt 0.0368614 0.25
vt 0.0389091 0.229209
vt 0.0368614 0.25
vt 0.0378908 0.25
vt 0.0389091 0.229209
vt 0.0378908 0.25
vt 0.0399286 0.22931
vt 0.0389091 0.270791
vt 0.0399286 0.27069
vt 0.0419664 0.291381
vt 0.0389091 0.270791
vt 0.0419664 0.291381
vt 0.0409568 0.291581
vt 0.0389091 0.270791
vt 0.0409568 0.291581
vt 0.0419664 0.291381
vt 0.0389091 0.270791
vt 0.0419664 0.291381
vt 0.0399286 0.27069
vt 0.0470212 0.311573
vt 0.0480015 0.311276
vt 0.0540366 0.331171
vt 0.0470212 0.311573
vt 0.0540366 0.331171
vt 0.0530855 0.331565
vt 0.0470212 0.311573
vt 0.0530855 0.331565
vt 0.0540366 0.331171
vt 0.0470212 0.311573
vt 0.0540366 0.331171
vt 0.0480015 0.311276
vt 0.0629336 0.349989
vt 0.0638371 0.349506
vt 0.0736376 0.367842
vt 0.0629336 0.349989
vt 0.0736376 0.367842
vt 0.0727817 0.368413
vt 0.0629336 0.349989
vt 0.0727817 0.368413
vt 0.0736376 0.367842
vt 0.0629336 0.349989
vt 0.0736376 0.367842
vt 0.0638371 0.349506
vt 0.086035 0.384563
vt 0.0868268 0.383913
vt 0.100016 0.399984
vt 0.086035 0.384563
vt 0.100016 0.399984
vt 0.0992882 0.400712
vt 0.086035 0.384563
vt 0.0992882 0.400712
vt 0.100016 0.399984
vt 0.086035 0.384563
vt 0.100016 0.399984
vt 0.0868268 0.383913
vt 0.115437 0.413965
vt 0.116087 0.413173
vt 0.132158 0.426362
vt 0.115437 0.413965
vt 0.132158 0.426362
vt 0.131587 0.427218
vt 0.115437 0.413965
vt 0.131587 0.427218
vt 0.132158 0.426362
vt 0.115437 0.413965
vt 0.132158 0.426362
vt 0.116087 0.413173
vt 0.150011 0.437066
vt 0.150494 0.436163
vt 0.168829 0.445963
vt 0.150011 0.437066
vt 0.168829 0.445963
vt 0.168435 0.446914
vt 0.150011 0.437066
vt 0.168435 0.446914
vt 0.168829 0.445963
vt 0.150011 0.437066
vt 0.168829 0.445963
vt 0.150494 0.436163
vt 0.188427 0.452979
vt 0.188724 0.451998
vt 0.20862 0.458033
vt 0.188427 0.452979
vt 0.20862 0.458033
vt 0.208419 0.459043
vt 0.188427 0.452979
vt 0.208419 0.459043
vt 0.20862 0.458033
vt 0.188427 0.452979
vt 0.20862 0.458033
vt 0.188724 0.451998
vt 0.229209 0.461091
vt 0.22931 0.460071
vt 0.25 0.462109
vt 0.229209 0.461091
vt 0.25 0.462109
vt 0.25 0.463139
vt 0.229209 0.461091
vt 0.25 0.463139
vt 0.25 0.462109
vt 0.229209 0.461091
vt 0.25 0.462109
vt 0.22931 0.460071
vt 0.0409481 0.27059
vt 0.0409481 0.27059
vt 0.042976 0.29118
vt 0.0409481 0.27059
vt 0.042976 0.29118
vt 0.042976 0.29118
vt 0.0409481 0.27059
vt 0.042976 0.29118
vt 0.042976 0.29118
vt 0.0409481 0.27059
vt 0.042976 0.29118
vt 0.0409481 0.27059
vt 0.437066 0.150011
vt 0.437066 0.150011
vt 0.446914 0.168435
vt 0.437066 0.150011
vt 0.446914 0.168435
vt 0.446914 0.168435
vt 0.437066 0.150011
vt 0.446914 0.168435
vt 0.446914 0.168435
vt 0.437066 0.150011
vt 0.446914 0.168435
vt 0.437066 0.150011
vt 0.0489818 0.310978
vt 0.0489818 0.310978
vt 0.0549876 0.330777
vt 0.0489818 0.310978
vt 0.0549876 0.330777
vt 0.0549876 0.330777
vt 0.0489818 0.310978
vt 0.0549876 0.330777
vt 0.0549876 0.330777
vt 0.0489818 0.310978
vt 0.0549876 0.330777
vt 0.0489818 0.310978
vt 0.413965 0.115437
vt 0.413965 0.115437
vt 0.427218 0.131587
vt 0.413965 0.115437
vt 0.427218 0.131587
vt 0.427218 0.131587
vt 0.413965 0.115437
vt 0.427218 0.131587
vt 0.427218 0.131587
vt 0.413965 0.115437
vt 0.427218 0.131587
vt 0.413965 0.115437
vt 0.0647405 0.349023
vt 0.0647405 0.349023
vt 0.0744935 0.36727
vt 0.0647405 0.349023
vt 0.0744935 0.36727
vt 0.0744935 0.36727
vt 0.0647405 0.349023
vt 0.0744935 0.36727
vt 0.0744935 0.36727
vt 0.0647405 0.349023
vt 0.0744935 0.36727
vt 0.0647405 0.349023
vt 0.27059 0.459052
vt 0.27059 0.459052
vt 0.29118 0.457024
vt 0.27059 0.459052
vt 0.29118 0.457024
vt 0.29118 0.457024
vt 0.27059 0.459052
vt 0.29118 0.457024
vt 0.29118 0.457024
vt 0.27059 0.459052
vt 0.29118 0.457024
vt 0.27059 0.459052
vt 0.384563 0.086035
vt 0.384563 0.086035
vt 0.400712 0.0992882
vt 0.384563 0.086035
vt 0.400712 0.0992882
vt 0.400712 0.0992882
vt 0.384563 0.086035
vt 0.400712 0.0992882
vt 0.400712 0.0992882
vt 0.384563 0.086035
vt 0.400712 0.0992882
vt 0.384563 0.086035
vt 0.0876187 0.383263
vt 0.0876187 0.383263
vt 0.100744 0.399256
vt 0.0876187 0.383263
vt 0.100744 0.399256
vt 0.100744 0.399256
vt 0.0876187 0.383263
vt 0.100744 0.399256
vt 0.100744 0.399256
vt 0.0876187 0.383263
vt 0.100744 0.399256
vt 0.0876187 0.383263
vt 0.310978 0.451018
vt 0.310978 0.451018
vt 0.330777 0.445012
vt 0.310978 0.451018
vt 0.330777 0.445012
vt 0.330777 0.445012
vt 0.310978 0.451018
vt 0.330777 0.445012
vt 0.330777 0.445012
vt 0.310978 0.451018
vt 0.330777 0.445012
vt 0.310978 0.451018
vt 0.349989 0.0629337
vt 0.349989 0.0629337
vt 0.368413 0.0727818
vt 0.349989 0.0629337
vt 0.368413 0.0727818
vt 0.368413 0.0727818
vt 0.349989 0.0629337
vt 0.368413 0.0727818
vt 0.368413 0.0727818
vt 0.349989 0.0629337
vt 0.368413 0.0727818
vt 0.349989 0.0629337
vt 0.116737 0.412381
vt 0.116737 0.412381
vt 0.13273 0.425506
vt 0.116737 0.412381
vt 0.13273 0.425506
vt 0.13273 0.425506
vt 0.116737 0.412381
vt 0.13273 0.425506
vt 0.13273 0.425506
vt 0.116737 0.412381
vt 0.13273 0.425506
vt 0.116737 0.412381
vt 0.349023 0.435259
vt 0.349023 0.435259
vt 0.36727 0.425506
vt 0.349023 0.435259
vt 0.36727 0.425506
vt 0.36727 0.425506
vt 0.349023 0.435259
vt 0.36727 0.425506
vt 0.36727 0.425506
vt 0.349023 0.435259
vt 0.36727 0.425506
vt 0.349023 0.435259
vt 0.311573 0.0470212
vt 0.311573 0.0470212
vt 0.331564 0.0530855
vt 0.311573 0.0470212
vt 0.331564 0.0530855
vt 0.331564 0.0530855
vt 0.311573 0.0470212
vt 0.331564 0.0530855
vt 0.331564 0.0530855
vt 0.311573 0.0470212
vt 0.331564 0.0530855
vt 0.311573 0.0470212
vt 0.150977 0.435259
vt 0.150977 0.435259
vt 0.169223 0.445012
vt 0.150977 0.435259
vt 0.169223 0.445012
vt 0.169223 0.445012
vt 0.150977 0.435259
vt 0.169223 0.445012
vt 0.169223 0.445012
vt 0.150977 0.435259
vt 0.169223 0.445012
vt 0.150977 0.435259
vt 0.383263 0.412381
vt 0.383263 0.412381
vt 0.399256 0.399256
vt 0.383263 0.412381
vt 0.399256 0.399256
vt 0.399256 0.399256
vt 0.383263 0.412381
vt 0.399256 0.399256
vt 0.399256 0.399256
vt 0.383263 0.412381
vt 0.399256 0.399256
vt 0.383263 0.412381
vt 0.270791 0.0389091
vt 0.270791 0.0389091
vt 0.291581 0.0409568
vt 0.270791 0.0389091
vt 0.291581 0.0409568
vt 0.291581 0.0409568
vt 0.270791 0.0389091
vt 0.291581 0.0409568
vt 0.291581 0.0409568
vt 0.270791 0.0389091
vt 0.291581 0.0409568
vt 0.270791 0.0389091
vt 0.189022 0.451018
vt 0.189022 0.451018
vt 0.20882 0.457024
vt 0.189022 0.451018
vt 0.20882 0.457024
vt 0.20882 0.457024
vt 0.189022 0.451018
vt 0.20882 0.457024
vt 0.20882 0.457024
vt 0.189022 0.451018
vt 0.20882 0.457024
vt 0.189022 0.451018
vt 0.412381 0.383263
vt 0.412381 0.383263
vt 0.425507 0.36727
vt 0.412381 0.383263
vt 0.425507 0.36727
vt 0.425507 0.36727
vt 0.412381 0.383263
vt 0.425507 0.36727
vt 0.425507 0.36727
vt 0.412381 0.383263
vt 0.425507 0.36727
vt 0.412381 0.383263
vt 0.229209 0.0389091
vt 0.229209 0.0389091
vt 0.25 0.0368614
vt 0.229209 0.0389091
vt 0.25 0.0368614
vt 0.25 0.0368614
vt 0.229209 0.0389091
vt 0.25 0.0368614
vt 0.25 0.0368614
vt 0.229209 0.0389091
vt 0.25 0.0368614
vt 0.229209 0.0389091
vt 0.22941 0.459052
vt 0.22941 0.459052
vt 0.25 0.46108
vt 0.22941 0.459052
vt 0.25 0.46108
vt 0.25 0.46108
vt 0.22941 0.459052
vt 0.25 0.46108
vt 0.25 0.46108
vt 0.22941 0.459052
vt 0.25 0.46108
vt 0.22941 0.459052
vt 0.435259 0.349023
vt 0.435259 0.349023
vt 0.445012 0.330777
vt 0.435259 0.349023
vt 0.445012 0.330777
vt 0.445012 0.330777
vt 0.435259 0.349023
vt 0.445012 0.330777
vt 0.445012 0.330777
vt 0.435259 0.349023
vt 0.445012 0.330777
vt 0.435259 0.349023
vt 0.188427 0.0470212
vt 0.188427 0.0470212
vt 0.208419 0.0409568
vt 0.188427 0.0470212
vt 0.208419 0.0409568
vt 0.208419 0.0409568
vt 0.188427 0.0470212
vt 0.208419 0.0409568
vt 0.208419 0.0409568
vt 0.188427 0.0470212
vt 0.208419 0.0409568
vt 0.188427 0.0470212
vt 0.451018 0.310978
vt 0.451018 0.310978
vt 0.457024 0.29118
vt 0.451018 0.310978
vt 0.457024 0.29118
vt 0.457024 0.29118
vt 0.451018 0.310978
vt 0.457024 0.29118
vt 0.457024 0.29118
vt 0.451018 0.310978
vt 0.457024 0.29118
vt 0.451018 0.310978
vt 0.150011 0.0629337
vt 0.150011 0.0629337
vt 0.168435 0.0530856
vt 0.150011 0.0629337
vt 0.168435 0.0530856
vt 0.168435 0.0530856
vt 0.150011 0.0629337
vt 0.168435 0.0530856
vt 0.168435 0.0530856
vt 0.150011 0.0629337
vt 0.168435 0.0530856
vt 0.150011 0.0629337
vt 0.459052 0.27059
vt 0.459052 0.27059
vt 0.46108 0.25
vt 0.459052 0.27059
vt 0.46108 0.25
vt 0.46108 0.25
vt 0.459052 0.27059
vt 0.46108 0.25
vt 0.46108 0.25
vt 0.459052 0.27059
vt 0.46108 0.25
vt 0.459052 0.27059
vt 0.115437 0.086035
vt 0.115437 0.086035
vt 0.131587 0.0727818
vt 0.115437 0.086035
vt 0.131587 0.0727818
vt 0.131587 0.0727818
vt 0.115437 0.086035
vt 0.131587 0.0727818
vt 0.131587 0.0727818
vt 0.115437 0.086035
vt 0.131587 0.0727818
vt 0.115437 0.086035
vt 0.459052 0.22941
vt 0.459052 0.22941
vt 0.457024 0.20882
vt 0.459052 0.22941
vt 0.457024 0.20882
vt 0.457024 0.20882
vt 0.459052 0.22941
vt 0.457024 0.20882
vt 0.457024 0.20882
vt 0.459052 0.22941
vt 0.457024 0.20882
vt 0.459052 0.22941
vt 0.086035 0.115437
vt 0.086035 0.115437
vt 0.0992882 0.0992882
vt 0.086035 0.115437
vt 0.0992882 0.0992882
vt 0.0992882 0.0992882
vt 0.086035 0.115437
vt 0.0992882 0.0992882
vt 0.0992882 0.0992882
vt 0.086035 0.115437
vt 0.0992882 0.0992882
vt 0.086035 0.115437
vt 0.451018 0.189022
vt 0.451018 0.189022
vt 0.445012 0.169223
vt 0.451018 0.189022
vt 0.445012 0.169223
vt 0.445012 0.169223
vt 0.451018 0.189022
vt 0.445012 0.169223
vt 0.445012 0.169223
vt 0.451018 0.189022
vt 0.445012 0.169223
vt 0.451018 0.189022
vt 0.0629337 0.150011
vt 0.0629337 0.150011
vt 0.0727817 0.131587
vt 0.0629337 0.150011
vt 0.0727817 0.131587
vt 0.0727817 0.131587
vt 0.0629337 0.150011
vt 0.0727817 0.131587
vt 0.0727817 0.131587
vt 0.0629337 0.150011
vt 0.0727817 0.131587
vt 0.0629337 0.150011
vt 0.435259 0.150977
vt 0.435259 0.150977
vt 0.425507 0.13273
vt 0.435259 0.150977
vt 0.425507 0.13273
vt 0.425507 0.13273
vt 0.435259 0.150977
vt 0.425507 0.13273
vt 0.425507 0.13273
vt 0.435259 0.150977
vt 0.425507 0.13273
vt 0.435259 0.150977
vt 0.0470212 0.188427
vt 0.0470212 0.188427
vt 0.0530856 0.168435
vt 0.0470212 0.188427
vt 0.0530856 0.168435
vt 0.0530856 0.168435
vt 0.0470212 0.188427
vt 0.0530856 0.168435
vt 0.0530856 0.168435
vt 0.0470212 0.188427
vt 0.0530856 0.168435
vt 0.0470212 0.188427
vt 0.0409568 0.208419
vt 0.0409568 0.208419
vt 0.0470212 0.188427
vt 0.0409568 0.208419
vt 0.0470212 0.188427
vt 0.0470212 0.188427
vt 0.0409568 0.208419
vt 0.0470212 0.188427
vt 0.0470212 0.188427
vt 0.0409568 0.208419
vt 0.0470212 0.188427
vt 0.0409568 0.208419
vt 0.0409568 0.208419
vt 0.0409568 0.208419
vt 0.0470212 0.188427
vt 0.0409568 0.208419
vt 0.0470212 0.188427
vt 0.0470212 0.188427
vt 0.0409568 0.208419
vt 0.0470212 0.188427
vt 0.0470212 0.188427
vt 0.0409568 0.208419
vt 0.0470212 0.188427
vt 0.0409568 0.208419
vt 0.0470212 0.188427
vt 0.0470212 0.188427
vt 0.0530856 0.168435
vt 0.0470212 0.188427
vt 0.0530856 0.168435
vt 0.0530856 0.168435
vt 0.0470212 0.188427
vt 0.0530856 0.168435
vt 0.0530856 0.168435
vt 0.0470212 0.188427
vt 0.0530856 0.168435
vt 0.0470212 0.188427
vt 0.445012 0.169223
vt 0.445012 0.169223
vt 0.435259 0.150977
vt 0.445012 0.169223
vt 0.435259 0.150977
vt 0.435259 0.150977
vt 0.445012 0.169223
vt 0.435259 0.150977
vt 0.435259 0.150977
vt 0.445012 0.169223
vt 0.435259 0.150977
vt 0.445012 0.169223
vt 0.445012 0.169223
vt 0.445012 0.169223
vt 0.435259 0.150977
vt 0.445012 0.169223
vt 0.435259 0.150977
vt 0.435259 0.150977
vt 0.445012 0.169223
vt 0.435259 0.150977
vt 0.435259 0.150977
vt 0.445012 0.169223
vt 0.435259 0.150977
vt 0.445012 0.169223
vt 0.435259 0.150977
vt 0.435259 0.150977
vt 0.425507 0.13273
vt 0.435259 0.150977
vt 0.425507 0.13273
vt 0.425507 0.13273
vt 0.435259 0.150977
vt 0.425507 0.13273
vt 0.425507 0.13273
vt 0.435259 0.150977
vt 0.425507 0.13273
vt 0.435259 0.150977
vt 0.0530856 0.168435
vt 0.0530856 0.168435
vt 0.0629337 0.150011
vt 0.0530856 0.168435
vt 0.0629337 0.150011
vt 0.0629337 0.150011
vt 0.0530856 0.168435
vt 0.0629337 0.150011
vt 0.0629337 0.150011
vt 0.0530856 0.168435
vt 0.0629337 0.150011
vt 0.0530856 0.168435
vt 0.0530856 0.168435
vt 0.0530856 0.168435
vt 0.0629337 0.150011
vt 0.0530856 0.168435
vt 0.0629337 0.150011
vt 0.0629337 0.150011
vt 0.0530856 0.168435
vt 0.0629337 0.150011
vt 0.0629337 0.150011
vt 0.0530856 0.168435
vt 0.0629337 0.150011
vt 0.0530856 0.168435
vt 0.0629337 0.150011
vt 0.0629337 0.150011
vt 0.0727817 0.131587
vt 0.0629337 0.150011
vt 0.0727817 0.131587
vt 0.0727817 0.131587
vt 0.0629337 0.150011
vt 0.0727817 0.131587
vt 0.0727817 0.131587
vt 0.0629337 0.150011
vt 0.0727817 0.131587
vt 0.0629337 0.150011
vt 0.457024 0.20882
vt 0.457024 0.20882
vt 0.451018 0.189022
vt 0.457024 0.20882
vt 0.451018 0.189022
vt 0.451018 0.189022
vt 0.457024 0.20882
vt 0.451018 0.189022
vt 0.451018 0.189022
vt 0.457024 0.20882
vt 0.451018 0.189022
vt 0.457024 0.20882
vt 0.457024 0.20882
vt 0.457024 0.20882
vt 0.451018 0.189022
vt 0.457024 0.20882
vt 0.451018 0.189022
vt 0.451018 0.189022
vt 0.457024 0.20882
vt 0.451018 0.189022
vt 0.451018 0.189022
vt 0.457024 0.20882
vt 0.451018 0.189022
vt 0.457024 0.20882
vt 0.451018 0.189022
vt 0.451018 0.189022
vt 0.445012 0.169223
vt 0.451018 0.189022
vt 0.445012 0.169223
vt 0.445012 0.169223
vt 0.451018 0.189022
vt 0.445012 0.169223
vt 0.445012 0.169223
vt 0.451018 0.189022
vt 0.445012 0.169223
vt 0.451018 0.189022
vt 0.0727817 0.131587
vt 0.0727817 0.131587
vt 0.086035 0.115437
vt 0.0727817 0.131587
vt 0.086035 0.115437
vt 0.086035 0.115437
vt 0.0727817 0.131587
vt 0.086035 0.115437
vt 0.086035 0.115437
vt 0.0727817 0.131587
vt 0.086035 0.115437
vt 0.0727817 0.131587
vt 0.0727817 0.131587
vt 0.0727817 0.131587
vt 0.086035 0.115437
vt 0.0727817 0.131587
vt 0.086035 0.115437
vt 0.086035 0.115437
vt 0.0727817 0.131587
vt 0.086035 0.115437
vt 0.086035 0.115437
vt 0.0727817 0.131587
vt 0.086035 0.115437
vt 0.0727817 0.131587
vt 0.086035 0.115437
vt 0.086035 0.115437
vt 0.0992882 0.0992882
vt 0.086035 0.115437
vt 0.0992882 0.0992882
vt 0.0992882 0.0992882
vt 0.086035 0.115437
vt 0.0992882 0.0992882
vt 0.0992882 0.0992882
vt 0.086035 0.115437
vt 0.0992882 0.0992882
vt 0.086035 0.115437
vt 0.46108 0.25
vt 0.46108 0.25
vt 0.459052 0.22941
vt 0.46108 0.25
vt 0.459052 0.22941
vt 0.459052 0.22941
vt 0.46108 0.25
vt 0.459052 0.22941
vt 0.459052 0.22941
vt 0.46108 0.25
vt 0.459052 0.22941
vt 0.46108 0.25
vt 0.46108 0.25
vt 0.46108 0.25
vt 0.459052 0.22941
vt 0.46108 0.25
vt 0.459052 0.22941
vt 0.459052 0.22941
vt 0.46108 0.25
vt 0.459052 0.22941
vt 0.459052 0.22941
vt 0.46108 0.25
vt 0.459052 0.22941
vt 0.46108 0.25
vt 0.459052 0.22941
vt 0.459052 0.22941
vt 0.457024 0.20882
vt 0.459052 0.22941
vt 0.457024 0.20882
vt 0.457024 0.20882
vt 0.459052 0.22941
vt 0.457024 0.20882
vt 0.457024 0.20882
vt 0.459052 0.22941
vt 0.457024 0.20882
vt 0.459052 0.22941
vt 0.0992882 0.0992882
vt 0.0992882 0.0992882
vt 0.115437 0.086035
vt 0.0992882 0.0992882
vt 0.115437 0.086035
vt 0.115437 0.086035
vt 0.0992882 0.0992882
vt 0.115437 0.086035
vt 0.115437 0.086035
vt 0.0992882 0.0992882
vt 0.115437 0.086035
vt 0.0992882 0.0992882
vt 0.0992882 0.0992882
vt 0.0992882 0.0992882
vt 0.115437 0.086035
vt 0.0992882 0.0992882
vt 0.115437 0.086035
vt 0.115437 0.086035
vt 0.0992882 0.0992882
vt 0.115437 0.086035
vt 0.115437 0.086035
vt 0.0992882 0.0992882
vt 0.115437 0.086035
vt 0.0992882 0.0992882
vt 0.115437 0.086035
vt 0.115437 0.086035
vt 0.131587 0.0727818
vt 0.115437 0.086035
vt 0.131587 0.0727818
vt 0.131587 0.0727818
vt 0.115437 0.086035
vt 0.131587 0.0727818
vt 0.131587 0.0727818
vt 0.115437 0.086035
vt 0.131587 0.0727818
vt 0.115437 0.086035
vt 0.457024 0.29118
vt 0.457024 0.29118
vt 0.459052 0.27059
vt 0.457024 0.29118
vt 0.459052 0.27059
vt 0.459052 0.27059
vt 0.457024 0.29118
vt 0.459052 0.27059
vt 0.459052 0.27059
vt 0.457024 0.29118
vt 0.459052 0.27059
vt 0.457024 0.29118
vt 0.457024 0.29118
vt 0.457024 0.29118
vt 0.459052 0.27059
vt 0.457024 0.29118
vt 0.459052 0.27059
vt 0.459052 0.27059
vt 0.457024 0.29118
vt 0.459052 0.27059
vt 0.459052 0.27059
vt 0.457024 0.29118
vt 0.459052 0.27059
vt 0.457024 0.29118
vt 0.459052 0.27059
vt 0.459052 0.27059
vt 0.46108 0.25
vt 0.459052 0.27059
vt 0.46108 0.25
vt 0.46108 0.25
vt 0.459052 0.27059
vt 0.46108 0.25
vt 0.46108 0.25
vt 0.459052 0.27059
vt 0.46108 0.25
vt 0.459052 0.27059
vt 0.131587 0.0727818
vt 0.131587 0.0727818
vt 0.150011 0.0629337
vt 0.131587 0.0727818
vt 0.150011 0.0629337
vt 0.150011 0.0629337
vt 0.131587 0.0727818
vt 0.150011 0.0629337
vt 0.150011 0.0629337
vt 0.131587 0.0727818
vt 0.150011 0.0629337
vt 0.131587 0.0727818
vt 0.131587 0.0727818
vt 0.131587 0.0727818
vt 0.150011 0.0629337
vt 0.131587 0.0727818
vt 0.150011 0.0629337
vt 0.150011 0.0629337
vt 0.131587 0.0727818
vt 0.150011 0.0629337
vt 0.150011 0.0629337
vt 0.131587 0.0727818
vt 0.150011 0.0629337
vt 0.131587 0.0727818
vt 0.150011 0.0629337
vt 0.150011 0.0629337
vt 0.168435 0.0530856
vt 0.150011 0.0629337
vt 0.168435 0.0530856
vt 0.168435 0.0530856
vt 0.150011 0.0629337
vt 0.168435 0.0530856
vt 0.168435 0.0530856
vt 0.150011 0.0629337
vt 0.168435 0.0530856
vt 0.150011 0.0629337
vt 0.445012 0.330777
vt 0.445012 0.330777
vt 0.451018 0.310978
vt 0.445012 0.330777
vt 0.451018 0.310978
vt 0.451018 0.310978
vt 0.445012 0.330777
vt 0.451018 0.310978
vt 0.451018 0.310978
vt 0.445012 0.330777
vt 0.451018 0.310978
vt 0.445012 0.330777
vt 0.445012 0.330777
vt 0.445012 0.330777
vt 0.451018 0.310978
vt 0.445012 0.330777
vt 0.451018 0.310978
vt 0.451018 0.310978
vt 0.445012 0.330777
vt 0.451018 0.310978
vt 0.451018 0.310978
vt 0.445012 0.330777
vt 0.451018 0.310978
vt 0.445012 0.330777
vt 0.451018 0.310978
vt 0.451018 0.310978
vt 0.457024 0.29118
vt 0.451018 0.310978
vt 0.457024 0.29118
vt 0.457024 0.29118
vt 0.451018 0.310978
vt 0.457024 0.29118
vt 0.457024 0.29118
vt 0.451018 0.310978
vt 0.457024 0.29118
vt 0.451018 0.310978
vt 0.168435 0.0530856
vt 0.168435 0.0530856
vt 0.188427 0.0470212
vt 0.168435 0.0530856
vt 0.188427 0.0470212
vt 0.188427 0.0470212
vt 0.168435 0.0530856
vt 0.188427 0.0470212
vt 0.188427 0.0470212
vt 0.168435 0.0530856
vt 0.188427 0.0470212
vt 0.168435 0.0530856
vt 0.168435 0.0530856
vt 0.168435 0.0530856
vt 0.188427 0.0470212
vt 0.168435 0.0530856
vt 0.188427 0.0470212
vt 0.188427 0.0470212
vt 0.168435 0.0530856
vt 0.188427 0.0470212
vt 0.188427 0.0470212
vt 0.168435 0.0530856
vt 0.188427 0.0470212
vt 0.168435 0.0530856
vt 0.188427 0.0470212
vt 0.188427 0.0470212
vt 0.208419 0.0409568
vt 0.188427 0.0470212
vt 0.208419 0.0409568
vt 0.208419 0.0409568
vt 0.188427 0.0470212
vt 0.208419 0.0409568
vt 0.208419 0.0409568
vt 0.188427 0.0470212
vt 0.208419 0.0409568
vt 0.188427 0.0470212
vt 0.425507 0.36727
vt 0.425507 0.36727
vt 0.435259 0.349023
vt 0.425507 0.36727
vt 0.435259 0.349023
vt 0.435259 0.349023
vt 0.425507 0.36727
vt 0.435259 0.349023
vt 0.435259 0.349023
vt 0.425507 0.36727
vt 0.435259 0.349023
vt 0.425507 0.36727
vt 0.425507 0.36727
vt 0.425507 0.36727
vt 0.435259 0.349023
vt 0.425507 0.36727
vt 0.435259 0.349023
vt 0.435259 0.349023
vt 0.425507 0.36727
vt 0.435259 0.349023
vt 0.435259 0.349023
vt 0.425507 0.36727
vt 0.435259 0.349023
vt 0.425507 0.36727
vt 0.435259 0.349023
vt 0.435259 0.349023
vt 0.445012 0.330777
vt 0.435259 0.349023
vt 0.445012 0.330777
vt 0.445012 0.330777
vt 0.435259 0.349023
vt 0.445012 0.330777
vt 0.445012 0.330777
vt 0.435259 0.349023
vt 0.445012 0.330777
vt 0.435259 0.349023
vt 0.20882 0.457024
vt 0.20882 0.457024
vt 0.22941 0.459052
vt 0.20882 0.457024
vt 0.22941 0.459052
vt 0.22941 0.459052
vt 0.20882 0.457024
vt 0.22941 0.459052
vt 0.22941 0.459052
vt 0.20882 0.457024
vt 0.22941 0.459052
vt 0.20882 0.457024
vt 0.20882 0.457024
vt 0.20882 0.457024
vt 0.22941 0.459052
vt 0.20882 0.457024
vt 0.22941 0.459052
vt 0.22941 0.459052
vt 0.20882 0.457024
vt 0.22941 0.459052
vt 0.22941 0.459052
vt 0.20882 0.457024
vt 0.22941 0.459052
vt 0.20882 0.457024
vt 0.22941 0.459052
vt 0.22941 0.459052
vt 0.25 0.46108
vt 0.22941 0.459052
vt 0.25 0.46108
vt 0.25 0.46108
vt 0.22941 0.459052
vt 0.25 0.46108
vt 0.25 0.46108
vt 0.22941 0.459052
vt 0.25 0.46108
vt 0.22941 0.459052
vt 0.208419 0.0409568
vt 0.208419 0.0409568
vt 0.229209 0.0389091
vt 0.208419 0.0409568
vt 0.229209 0.0389091
vt 0.229209 0.0389091
vt 0.208419 0.0409568
vt 0.229209 0.0389091
vt 0.229209 0.0389091
vt 0.208419 0.0409568
vt 0.229209 0.0389091
vt 0.208419 0.0409568
vt 0.208419 0.0409568
vt 0.208419 0.0409568
vt 0.229209 0.0389091
vt 0.208419 0.0409568
vt 0.229209 0.0389091
vt 0.229209 0.0389091
vt 0.208419 0.0409568
vt 0.229209 0.0389091
vt 0.229209 0.0389091
vt 0.208419 0.0409568
vt 0.229209 0.0389091
vt 0.208419 0.0409568
vt 0.229209 0.0389091
vt 0.229209 0.0389091
vt 0.25 0.0368614
vt 0.229209 0.0389091
vt 0.25 0.0368614
vt 0.25 0.0368614
vt 0.229209 0.0389091
vt 0.25 0.0368614
vt 0.25 0.0368614
vt 0.229209 0.0389091
vt 0.25 0.0368614
vt 0.229209 0.0389091
vt 0.399256 0.399256
vt 0.399256 0.399256
vt 0.412381 0.383263
vt 0.399256 0.399256
vt 0.412381 0.383263
vt 0.412381 0.383263
vt 0.399256 0.399256
vt 0.412381 0.383263
vt 0.412381 0.383263
vt 0.399256 0.399256
vt 0.412381 0.383263
vt 0.399256 0.399256
vt 0.399256 0.399256
vt 0.399256 0.399256
vt 0.412381 0.383263
vt 0.399256 0.399256
vt 0.412381 0.383263
vt 0.412381 0.383263
vt 0.399256 0.399256
vt 0.412381 0.383263
vt 0.412381 0.383263
vt 0.399256 0.399256
vt 0.412381 0.383263
vt 0.399256 0.399256
vt 0.412381 0.383263
vt 0.412381 0.383263
vt 0.425507 0.36727
vt 0.412381 0.383263
vt 0.425507 0.36727
vt 0.425507 0.36727
vt 0.412381 0.383263
vt 0.425507 0.36727
vt 0.425507 0.36727
vt 0.412381 0.383263
vt 0.425507 0.36727
vt 0.412381 0.383263
vt 0.169223 0.445012
vt 0.169223 0.445012
vt 0.189022 0.451018
vt 0.169223 0.445012
vt 0.189022 0.451018
vt 0.189022 0.451018
vt 0.169223 0.445012
vt 0.189022 0.451018
vt 0.189022 0.451018
vt 0.169223 0.445012
vt 0.189022 0.451018
vt 0.169223 0.445012
vt 0.169223 0.445012
vt 0.169223 0.445012
vt 0.189022 0.451018
vt 0.169223 0.445012
vt 0.189022 0.451018
vt 0.189022 0.451018
vt 0.169223 0.445012
vt 0.189022 0.451018
vt 0.189022 0.451018
vt 0.169223 0.445012
vt 0.189022 0.451018
vt 0.169223 0.445012
vt 0.189022 0.451018
vt 0.189022 0.451018
vt 0.20882 0.457024
vt 0.189022 0.451018
vt 0.20882 0.457024
vt 0.20882 0.457024
vt 0.189022 0.451018
vt 0.20882 0.457024
vt 0.20882 0.457024
vt 0.189022 0.451018
vt 0.20882 0.457024
vt 0.189022 0.451018
vt 0.25 0.0368614
vt 0.25 0.0368614
vt 0.270791 0.0389091
vt 0.25 0.0368614
vt 0.270791 0.0389091
vt 0.270791 0.0389091
vt 0.25 0.0368614
vt 0.270791 0.0389091
vt 0.270791 0.0389091
vt 0.25 0.0368614
vt 0.270791 0.0389091
vt 0.25 0.0368614
vt 0.25 0.0368614
vt 0.25 0.0368614
vt 0.270791 0.0389091
vt 0.25 0.0368614
vt 0.270791 0.0389091
vt 0.270791 0.0389091
vt 0.25 0.0368614
vt 0.270791 0.0389091
vt 0.270791 0.0389091
vt 0.25 0.0368614
vt 0.270791 0.0389091
vt 0.25 0.0368614
vt 0.270791 0.0389091
vt 0.270791 0.0389091
vt 0.291581 0.0409568
vt 0.270791 0.0389091
vt 0.291581 0.0409568
vt 0.291581 0.0409568
vt 0.270791 0.0389091
vt 0.291581 0.0409568
vt 0.291581 0.0409568
vt 0.270791 0.0389091
vt 0.291581 0.0409568
vt 0.270791 0.0389091
vt 0.36727 0.425506
vt 0.36727 0.425506
vt 0.383263 0.412381
vt 0.36727 0.425506
vt 0.383263 0.412381
vt 0.383263 0.412381
vt 0.36727 0.425506
vt 0.383263 0.412381
vt 0.383263 0.412381
vt 0.36727 0.425506
vt 0.383263 0.412381
vt 0.36727 0.425506
vt 0.36727 0.425506
vt 0.36727 0.425506
vt 0.383263 0.412381
vt 0.36727 0.425506
vt 0.383263 0.412381
vt 0.383263 0.412381
vt 0.36727 0.425506
vt 0.383263 0.412381
vt 0.383263 0.412381
vt 0.36727 0.425506
vt 0.383263 0.412381
vt 0.36727 0.425506
vt 0.383263 0.412381
vt 0.383263 0.412381
vt 0.399256 0.399256
vt 0.383263 0.412381
vt 0.399256 0.399256
vt 0.399256 0.399256
vt 0.383263 0.412381
vt 0.399256 0.399256
vt 0.399256 0.399256
vt 0.383263 0.412381
vt 0.399256 0.399256
vt 0.383263 0.412381
vt 0.13273 0.425506
vt 0.13273 0.425506
vt 0.150977 0.435259
vt 0.13273 0.425506
vt 0.150977 0.435259
vt 0.150977 0.435259
vt 0.13273 0.425506
vt 0.150977 0.435259
vt 0.150977 0.435259
vt 0.13273 0.425506
vt 0.150977 0.435259
vt 0.13273 0.425506
vt 0.13273 0.425506
vt 0.13273 0.425506
vt 0.150977 0.435259
vt 0.13273 0.425506
vt 0.150977 0.435259
vt 0.150977 0.435259
vt 0.13273 0.425506
vt 0.150977 0.435259
vt 0.150977 0.435259
vt 0.13273 0.425506
vt 0.150977 0.435259
vt 0.13273 0.425506
vt 0.150977 0.435259
vt 0.150977 0.435259
vt 0.169223 0.445012
vt 0.150977 0.435259
vt 0.169223 0.445012
vt 0.169223 0.445012
vt 0.150977 0.435259
vt 0.169223 0.445012
vt 0.169223 0.445012
vt 0.150977 0.435259
vt 0.169223 0.445012
vt 0.150977 0.435259
vt 0.291581 0.0409568
vt 0.291581 0.0409568
vt 0.311573 0.0470212
vt 0.291581 0.0409568
vt 0.311573 0.0470212
vt 0.311573 0.0470212
vt 0.291581 0.0409568
vt 0.311573 0.0470212
vt 0.311573 0.0470212
vt 0.291581 0.0409568
vt 0.311573 0.0470212
vt 0.291581 0.0409568
vt 0.291581 0.0409568
vt 0.291581 0.0409568
vt 0.311573 0.0470212
vt 0.291581 0.0409568
vt 0.311573 0.0470212
vt 0.311573 0.0470212
vt 0.291581 0.0409568
vt 0.311573 0.0470212
vt 0.311573 0.0470212
vt 0.291581 0.0409568
vt 0.311573 0.0470212
vt 0.291581 0.0409568
vt 0.311573 0.0470212
vt 0.311573 0.0470212
vt 0.331564 0.0530855
vt 0.311573 0.0470212
vt 0.331564 0.0530855
vt 0.331564 0.0530855
vt 0.311573 0.0470212
vt 0.331564 0.0530855
vt 0.331564 0.0530855
vt 0.311573 0.0470212
vt 0.331564 0.0530855
vt 0.311573 0.0470212
vt 0.330777 0.445012
vt 0.330777 0.445012
vt 0.349023 0.435259
vt 0.330777 0.445012
vt 0.349023 0.435259
vt 0.349023 0.435259
vt 0.330777 0.445012
vt 0.349023 0.435259
vt 0.349023 0.435259
vt 0.330777 0.445012
vt 0.349023 0.435259
vt 0.330777 0.445012
vt 0.330777 0.445012
vt 0.330777 0.445012
vt 0.349023 0.435259
vt 0.330777 0.445012
vt 0.349023 0.435259
vt 0.349023 0.435259
vt 0.330777 0.445012
vt 0.349023 0.435259
vt 0.349023 0.435259
vt 0.330777 0.445012
vt 0.349023 0.435259
vt 0.330777 0.445012
vt 0.349023 0.435259
vt 0.349023 0.435259
vt 0.36727 0.425506
vt 0.349023 0.435259
vt 0.36727 0.425506
vt 0.36727 0.425506
vt 0.349023 0.435259
vt 0.36727 0.425506
vt 0.36727 0.425506
vt 0.349023 0.435259
vt 0.36727 0.425506
vt 0.349023 0.435259
vt 0.100744 0.399256
vt 0.100744 0.399256
vt 0.116737 0.412381
vt 0.100744 0.399256
vt 0.116737 0.412381
vt 0.116737 0.412381
vt 0.100744 0.399256
vt 0.116737 0.412381
vt 0.116737 0.412381
vt 0.100744 0.399256
vt 0.116737 0.412381
vt 0.100744 0.399256
vt 0.100744 0.399256
vt 0.100744 0.399256
vt 0.116737 0.412381
vt 0.100744 0.399256
vt 0.116737 0.412381
vt 0.116737 0.412381
vt 0.100744 0.399256
vt 0.116737 0.412381
vt 0.116737 0.412381
vt 0.100744 0.399256
vt 0.116737 0.412381
vt 0.100744 0.399256
vt 0.116737 0.412381
vt 0.116737 0.412381
vt 0.13273 0.425506
vt 0.116737 0.412381
vt 0.13273 0.425506
vt 0.13273 0.425506
vt 0.116737 0.412381
vt 0.13273 0.425506
vt 0.13273 0.425506
vt 0.116737 0.412381
vt 0.13273 0.425506
vt 0.116737 0.412381
vt 0.331564 0.0530855
vt 0.331564 0.0530855
vt 0.349989 0.0629337
vt 0.331564 0.0530855
vt 0.349989 0.0629337
vt 0.349989 0.0629337
vt 0.331564 0.0530855
vt 0.349989 0.0629337
vt 0.349989 0.0629337
vt 0.331564 0.0530855
vt 0.349989 0.0629337
vt 0.331564 0.0530855
vt 0.331564 0.0530855
vt 0.331564 0.0530855
vt 0.349989 0.0629337
vt 0.331564 0.0530855
vt 0.349989 0.0629337
vt 0.349989 0.0629337
vt 0.331564 0.0530855
vt 0.349989 0.0629337
vt 0.349989 0.0629337
vt 0.331564 0.0530855
vt 0.349989 0.0629337
vt 0.331564 0.0530855
vt 0.349989 0.0629337
vt 0.349989 0.0629337
vt 0.368413 0.0727818
vt 0.349989 0.0629337
vt 0.368413 0.0727818
vt 0.368413 0.0727818
vt 0.349989 0.0629337
vt 0.368413 0.0727818
vt 0.368413 0.0727818
vt 0.349989 0.0629337
vt 0.368413 0.0727818
vt 0.349989 0.0629337
vt 0.29118 0.457024
vt 0.29118 0.457024
vt 0.310978 0.451018
vt 0.29118 0.457024
vt 0.310978 0.451018
vt 0.310978 0.451018
vt 0.29118 0.457024
vt 0.310978 0.451018
vt 0.310978 0.451018
vt 0.29118 0.457024
vt 0.310978 0.451018
vt 0.29118 0.457024
vt 0.29118 0.457024
vt 0.29118 0.457024
vt 0.310978 0.451018
vt 0.29118 0.457024
vt 0.310978 0.451018
vt 0.310978 0.451018
vt 0.29118 0.457024
vt 0.310978 0.451018
vt 0.310978 0.451018
vt 0.29118 0.457024
vt 0.310978 0.451018
vt 0.29118 0.457024
vt 0.310978 0.451018
vt 0.310978 0.451018
vt 0.330777 0.445012
vt 0.310978 0.451018
vt 0.330777 0.445012
vt 0.330777 0.445012
vt 0.310978 0.451018
vt 0.330777 0.445012
vt 0.330777 0.445012
vt 0.310978 0.451018
vt 0.330777 0.445012
vt 0.310978 0.451018
vt 0.0744935 0.36727
vt 0.0744935 0.36727
vt 0.0876187 0.383263
vt 0.0744935 0.36727
vt 0.0876187 0.383263
vt 0.0876187 0.383263
vt 0.0744935 0.36727
vt 0.0876187 0.383263
vt 0.0876187 0.383263
vt 0.0744935 0.36727
vt 0.0876187 0.383263
vt 0.0744935 0.36727
vt 0.0744935 0.36727
vt 0.0744935 0.36727
vt 0.0876187 0.383263
vt 0.0744935 0.36727
vt 0.0876187 0.383263
vt 0.0876187 0.383263
vt 0.0744935 0.36727
vt 0.0876187 0.383263
vt 0.0876187 0.383263
vt 0.0744935 0.36727
vt 0.0876187 0.383263
vt 0.0744935 0.36727
vt 0.0876187 0.383263
vt 0.0876187 0.383263
vt 0.100744 0.399256
vt 0.0876187 0.383263
vt 0.100744 0.399256
vt 0.100744 0.399256
vt 0.0876187 0.383263
vt 0.100744 0.399256
vt 0.100744 0.399256
vt 0.0876187 0.383263
vt 0.100744 0.399256
vt 0.0876187 0.383263
vt 0.368413 0.0727818
vt 0.368413 0.0727818
vt 0.384563 0.086035
vt 0.368413 0.0727818
vt 0.384563 0.086035
vt 0.384563 0.086035
vt 0.368413 0.0727818
vt 0.384563 0.086035
vt 0.384563 0.086035
vt 0.368413 0.0727818
vt 0.384563 0.086035
vt 0.368413 0.0727818
vt 0.368413 0.0727818
vt 0.368413 0.0727818
vt 0.384563 0.086035
vt 0.368413 0.0727818
vt 0.384563 0.086035
vt 0.384563 0.086035
vt 0.368413 0.0727818
vt 0.384563 0.086035
vt 0.384563 0.086035
vt 0.368413 0.0727818
vt 0.384563 0.086035
vt 0.368413 0.0727818
vt 0.384563 0.086035
vt 0.384563 0.086035
vt 0.400712 0.0992882
vt 0.384563 0.086035
vt 0.400712 0.0992882
vt 0.400712 0.0992882
vt 0.384563 0.086035
vt 0.400712 0.0992882
vt 0.400712 0.0992882
vt 0.384563 0.086035
vt 0.400712 0.0992882
vt 0.384563 0.086035
vt 0.25 0.46108
vt 0.25 0.46108
vt 0.27059 0.459052
vt 0.25 0.46108
vt 0.27059 0.459052
vt 0.27059 0.459052
vt 0.25 0.46108
vt 0.27059 0.459052
vt 0.27059 0.459052
vt 0.25 0.46108
vt 0.27059 0.459052
vt 0.25 0.46108
vt 0.25 0.46108
vt 0.25 0.46108
vt 0.27059 0.459052
vt 0.25 0.46108
vt 0.27059 0.459052
vt 0.27059 0.459052
vt 0.25 0.46108
vt 0.27059 0.459052
vt 0.27059 0.459052
vt 0.25 0.46108
vt 0.27059 0.459052
vt 0.25 0.46108
vt 0.27059 0.459052
vt 0.27059 0.459052
vt 0.29118 0.457024
vt 0.27059 0.459052
vt 0.29118 0.457024
vt 0.29118 0.457024
vt 0.27059 0.459052
vt 0.29118 0.457024
vt 0.29118 0.457024
vt 0.27059 0.459052
vt 0.29118 0.457024
vt 0.27059 0.459052
vt 0.0549876 0.330777
vt 0.0549876 0.330777
vt 0.0647405 0.349023
vt 0.0549876 0.330777
vt 0.0647405 0.349023
vt 0.0647405 0.349023
vt 0.0549876 0.330777
vt 0.0647405 0.349023
vt 0.0647405 0.349023
vt 0.0549876 0.330777
vt 0.0647405 0.349023
vt 0.0549876 0.330777
vt 0.0549876 0.330777
vt 0.0549876 0.330777
vt 0.0647405 0.349023
vt 0.0549876 0.330777
vt 0.0647405 0.349023
vt 0.0647405 0.349023
vt 0.0549876 0.330777
vt 0.0647405 0.349023
vt 0.0647405 0.349023
vt 0.0549876 0.330777
vt 0.0647405 0.349023
vt 0.0549876 0.330777
vt 0.0647405 0.349023
vt 0.0647405 0.349023
vt 0.0744935 0.36727
vt 0.0647405 0.349023
vt 0.0744935 0.36727
vt 0.0744935 0.36727
vt 0.0647405 0.349023
vt 0.0744935 0.36727
vt 0.0744935 0.36727
vt 0.0647405 0.349023
vt 0.0744935 0.36727
vt 0.0647405 0.349023
vt 0.400712 0.0992882
vt 0.400712 0.0992882
vt 0.413965 0.115437
vt 0.400712 0.0992882
vt 0.413965 0.115437
vt 0.413965 0.115437
vt 0.400712 0.0992882
vt 0.413965 0.115437
vt 0.413965 0.115437
vt 0.400712 0.0992882
vt 0.413965 0.115437
vt 0.400712 0.0992882
vt 0.400712 0.0992882
vt 0.400712 0.0992882
vt 0.413965 0.115437
vt 0.400712 0.0992882
vt 0.413965 0.115437
vt 0.413965 0.115437
vt 0.400712 0.0992882
vt 0.413965 0.115437
vt 0.413965 0.115437
vt 0.400712 0.0992882
vt 0.413965 0.115437
vt 0.400712 0.0992882
vt 0.413965 0.115437
vt 0.413965 0.115437
vt 0.427218 0.131587
vt 0.413965 0.115437
vt 0.427218 0.131587
vt 0.427218 0.131587
vt 0.413965 0.115437
vt 0.427218 0.131587
vt 0.427218 0.131587
vt 0.413965 0.115437
vt 0.427218 0.131587
vt 0.413965 0.115437
vt 0.042976 0.29118
vt 0.042976 0.29118
vt 0.0489818 0.310978
vt 0.042976 0.29118
vt 0.0489818 0.310978
vt 0.0489818 0.310978
vt 0.042976 0.29118
vt 0.0489818 0.310978
vt 0.0489818 0.310978
vt 0.042976 0.29118
vt 0.0489818 0.310978
vt 0.042976 0.29118
vt 0.042976 0.29118
vt 0.042976 0.29118
vt 0.0489818 0.310978
vt 0.042976 0.29118
vt 0.0489818 0.310978
vt 0.0489818 0.310978
vt 0.042976 0.29118
vt 0.0489818 0.310978
vt 0.0489818 0.310978
vt 0.042976 0.29118
vt 0.0489818 0.310978
vt 0.042976 0.29118
vt 0.0489818 0.310978
vt 0.0489818 0.310978
vt 0.0549876 0.330777
vt 0.0489818 0.310978
vt 0.0549876 0.330777
vt 0.0549876 0.330777
vt 0.0489818 0.310978
vt 0.0549876 0.330777
vt 0.0549876 0.330777
vt 0.0489818 0.310978
vt 0.0549876 0.330777
vt 0.0489818 0.310978
vt 0.427218 0.131587
vt 0.427218 0.131587
vt 0.437066 0.150011
vt 0.427218 0.131587
vt 0.437066 0.150011
vt 0.437066 0.150011
vt 0.427218 0.131587
vt 0.437066 0.150011
vt 0.437066 0.150011
vt 0.427218 0.131587
vt 0.437066 0.150011
vt 0.427218 0.131587
vt 0.427218 0.131587
vt 0.427218 0.131587
vt 0.437066 0.150011
vt 0.427218 0.131587
vt 0.437066 0.150011
vt 0.437066 0.150011
vt 0.427218 0.131587
vt 0.437066 0.150011
vt 0.437066 0.150011
vt 0.427218 0.131587
vt 0.437066 0.150011
vt 0.427218 0.131587
vt 0.437066 0.150011
vt 0.437066 0.150011
vt 0.446914 0.168435
vt 0.437066 0.150011
vt 0.446914 0.168435
vt 0.446914 0.168435
vt 0.437066 0.150011
vt 0.446914 0.168435
vt 0.446914 0.168435
vt 0.437066 0.150011
vt 0.446914 0.168435
vt 0.437066 0.150011
vt 0.0389202 0.25
vt 0.0389202 0.25
vt 0.0409481 0.27059
vt 0.0389202 0.25
vt 0.0409481 0.27059
vt 0.0409481 0.27059
vt 0.0389202 0.25
vt 0.0409481 0.27059
vt 0.0409481 0.27059
vt 0.0389202 0.25
vt 0.0409481 0.27059
vt 0.0389202 0.25
vt 0.0389202 0.25
vt 0.0389202 0.25
vt 0.0409481 0.27059
vt 0.0389202 0.25
vt 0.0409481 0.27059
vt 0.0409481 0.27059
vt 0.0389202 0.25
vt 0.0409481 0.27059
vt 0.0409481 0.27059
vt 0.0389202 0.25
vt 0.0409481 0.27059
vt 0.0389202 0.25
vt 0.0409481 0.27059
vt 0.0409481 0.27059
vt 0.042976 0.29118
vt 0.0409481 0.27059
vt 0.042976 0.29118
vt 0.042976 0.29118
vt 0.0409481 0.27059
vt 0.042976 0.29118
vt 0.042976 0.29118
vt 0.0409481 0.27059
vt 0.042976 0.29118
vt 0.0409481 0.27059
vt 0.208419 0.459043
vt 0.20862 0.458033
vt 0.22931 0.460071
vt 0.208419 0.459043
vt 0.22931 0.460071
vt 0.229209 0.461091
vt 0.208419 0.459043
vt 0.229209 0.461091
vt 0.22931 0.460071
vt 0.208419 0.459043
vt 0.22931 0.460071
vt 0.20862 0.458033
vt 0.20862 0.458033
vt 0.20882 0.457024
vt 0.22941 0.459052
vt 0.20862 0.458033
vt 0.22941 0.459052
vt 0.22931 0.460071
vt 0.20862 0.458033
vt 0.22931 0.460071
vt 0.22941 0.459052
vt 0.20862 0.458033
vt 0.22941 0.459052
vt 0.20882 0.457024
vt 0.22931 0.460071
vt 0.22941 0.459052
vt 0.25 0.46108
vt 0.22931 0.460071
vt 0.25 0.46108
vt 0.25 0.462109
vt 0.22931 0.460071
vt 0.25 0.462109
vt 0.25 0.46108
vt 0.22931 0.460071
vt 0.25 0.46108
vt 0.22941 0.459052
vt 0.168435 0.446914
vt 0.168829 0.445963
vt 0.188724 0.451998
vt 0.168435 0.446914
vt 0.188724 0.451998
vt 0.188427 0.452979
vt 0.168435 0.446914
vt 0.188427 0.452979
vt 0.188724 0.451998
vt 0.168435 0.446914
vt 0.188724 0.451998
vt 0.168829 0.445963
vt 0.168829 0.445963
vt 0.169223 0.445012
vt 0.189022 0.451018
vt 0.168829 0.445963
vt 0.189022 0.451018
vt 0.188724 0.451998
vt 0.168829 0.445963
vt 0.188724 0.451998
vt 0.189022 0.451018
vt 0.168829 0.445963
vt 0.189022 0.451018
vt 0.169223 0.445012
vt 0.188724 0.451998
vt 0.189022 0.451018
vt 0.20882 0.457024
vt 0.188724 0.451998
vt 0.20882 0.457024
vt 0.20862 0.458033
vt 0.188724 0.451998
vt 0.20862 0.458033
vt 0.20882 0.457024
vt 0.188724 0.451998
vt 0.20882 0.457024
vt 0.189022 0.451018
vt 0.131587 0.427218
vt 0.132158 0.426362
vt 0.150494 0.436163
vt 0.131587 0.427218
vt 0.150494 0.436163
vt 0.150011 0.437066
vt 0.131587 0.427218
vt 0.150011 0.437066
vt 0.150494 0.436163
vt 0.131587 0.427218
vt 0.150494 0.436163
vt 0.132158 0.426362
vt 0.132158 0.426362
vt 0.13273 0.425506
vt 0.150977 0.435259
vt 0.132158 0.426362
vt 0.150977 0.435259
vt 0.150494 0.436163
vt 0.132158 0.426362
vt 0.150494 0.436163
vt 0.150977 0.435259
vt 0.132158 0.426362
vt 0.150977 0.435259
vt 0.13273 0.425506
vt 0.150494 0.436163
vt 0.150977 0.435259
vt 0.169223 0.445012
vt 0.150494 0.436163
vt 0.169223 0.445012
vt 0.168829 0.445963
vt 0.150494 0.436163
vt 0.168829 0.445963
vt 0.169223 0.445012
vt 0.150494 0.436163
vt 0.169223 0.445012
vt 0.150977 0.435259
vt 0.0992882 0.400712
vt 0.100016 0.399984
vt 0.116087 0.413173
vt 0.0992882 0.400712
vt 0.116087 0.413173
vt 0.115437 0.413965
vt 0.0992882 0.400712
vt 0.115437 0.413965
vt 0.116087 0.413173
vt 0.0992882 0.400712
vt 0.116087 0.413173
vt 0.100016 0.399984
vt 0.100016 0.399984
vt 0.100744 0.399256
vt 0.116737 0.412381
vt 0.100016 0.399984
vt 0.116737 0.412381
vt 0.116087 0.413173
vt 0.100016 0.399984
vt 0.116087 0.413173
vt 0.116737 0.412381
vt 0.100016 0.399984
vt 0.116737 0.412381
vt 0.100744 0.399256
vt 0.116087 0.413173
vt 0.116737 0.412381
vt 0.13273 0.425506
vt 0.116087 0.413173
vt 0.13273 0.425506
vt 0.132158 0.426362
vt 0.116087 0.413173
vt 0.132158 0.426362
vt 0.13273 0.425506
vt 0.116087 0.413173
vt 0.13273 0.425506
vt 0.116737 0.412381
vt 0.0727817 0.368413
vt 0.0736376 0.367842
vt 0.0868268 0.383913
vt 0.0727817 0.368413
vt 0.0868268 0.383913
vt 0.086035 0.384563
vt 0.0727817 0.368413
vt 0.086035 0.384563
vt 0.0868268 0.383913
vt 0.0727817 0.368413
vt 0.0868268 0.383913
vt 0.0736376 0.367842
vt 0.0736376 0.367842
vt 0.0744935 0.36727
vt 0.0876187 0.383263
vt 0.0736376 0.367842
vt 0.0876187 0.383263
vt 0.0868268 0.383913
vt 0.0736376 0.367842
vt 0.0868268 0.383913
vt 0.0876187 0.383263
vt 0.0736376 0.367842
vt 0.0876187 0.383263
vt 0.0744935 0.36727
vt 0.0868268 0.383913
vt 0.0876187 0.383263
vt 0.100744 0.399256
vt 0.0868268 0.383913
vt 0.100744 0.399256
vt 0.100016 0.399984
vt 0.0868268 0.383913
vt 0.100016 0.399984
vt 0.100744 0.399256
vt 0.0868268 0.383913
vt 0.100744 0.399256
vt 0.0876187 0.383263
vt 0.0530855 0.331565
vt 0.0540366 0.331171
vt 0.0638371 0.349506
vt 0.0530855 0.331565
vt 0.0638371 0.349506
vt 0.0629336 0.349989
vt 0.0530855 0.331565
vt 0.0629336 0.349989
vt 0.0638371 0.349506
vt 0.0530855 0.331565
vt 0.0638371 0.349506
vt 0.0540366 0.331171
vt 0.0540366 0.331171
vt 0.0549876 0.330777
vt 0.0647405 0.349023
vt 0.0540366 0.331171
vt 0.0647405 0.349023
vt 0.0638371 0.349506
vt 0.0540366 0.331171
vt 0.0638371 0.349506
vt 0.0647405 0.349023
vt 0.0540366 0.331171
vt 0.0647405 0.349023
vt 0.0549876 0.330777
vt 0.0638371 0.349506
vt 0.0647405 0.349023
vt 0.0744935 0.36727
vt 0.0638371 0.349506
vt 0.0744935 0.36727
vt 0.0736376 0.367842
vt 0.0638371 0.349506
vt 0.0736376 0.367842
vt 0.0744935 0.36727
vt 0.0638371 0.349506
vt 0.0744935 0.36727
vt 0.0647405 0.349023
vt 0.0409568 0.291581
vt 0.0419664 0.291381
vt 0.0480015 0.311276
vt 0.0409568 0.291581
vt 0.0480015 0.311276
vt 0.0470212 0.311573
vt 0.0409568 0.291581
vt 0.0470212 0.311573
vt 0.0480015 0.311276
vt 0.0409568 0.291581
vt 0.0480015 0.311276
vt 0.0419664 0.291381
vt 0.0419664 0.291381
vt 0.042976 0.29118
vt 0.0489818 0.310978
vt 0.0419664 0.291381
vt 0.0489818 0.310978
vt 0.0480015 0.311276
vt 0.0419664 0.291381
vt 0.0480015 0.311276
vt 0.0489818 0.310978
vt 0.0419664 0.291381
vt 0.0489818 0.310978
vt 0.042976 0.29118
vt 0.0480015 0.311276
vt 0.0489818 0.310978
vt 0.0549876 0.330777
vt 0.0480015 0.311276
vt 0.0549876 0.330777
vt 0.0540366 0.331171
vt 0.0480015 0.311276
vt 0.0540366 0.331171
vt 0.0549876 0.330777
vt 0.0480015 0.311276
vt 0.0549876 0.330777
vt 0.0489818 0.310978
vt 0.0368614 0.25
vt 0.0378908 0.25
vt 0.0399286 0.27069
vt 0.0368614 0.25
vt 0.0399286 0.27069
vt 0.0389091 0.270791
vt 0.0368614 0.25
vt 0.0389091 0.270791
vt 0.0399286 0.27069
vt 0.0368614 0.25
vt 0.0399286 0.27069
vt 0.0378908 0.25
vt 0.0378908 0.25
vt 0.0389202 0.25
vt 0.0409481 0.27059
vt 0.0378908 0.25
vt 0.0409481 0.27059
vt 0.0399286 0.27069
vt 0.0378908 0.25
vt 0.0399286 0.27069
vt 0.0409481 0.27059
vt 0.0378908 0.25
vt 0.0409481 0.27059
vt 0.0389202 0.25
vt 0.0399286 0.27069
vt 0.0409481 0.27059
vt 0.042976 0.29118
vt 0.0399286 0.27069
vt 0.042976 0.29118
vt 0.0419664 0.291381
vt 0.0399286 0.27069
vt 0.0419664 0.291381
vt 0.042976 0.29118
vt 0.0399286 0.27069
vt 0.042976 0.29118
vt 0.0409481 0.27059
vt 0.0409568 0.208419
vt 0.0419664 0.20862
vt 0.0399286 0.22931
vt 0.0409568 0.208419
vt 0.0399286 0.22931
vt 0.0389091 0.229209
vt 0.0409568 0.208419
vt 0.0389091 0.229209
vt 0.0399286 0.22931
vt 0.0409568 0.208419
vt 0.0399286 0.22931
vt 0.0419664 0.20862
vt 0.0419664 0.20862
vt 0.042976 0.20882
vt 0.0409481 0.22941
vt 0.0419664 0.20862
vt 0.0409481 0.22941
vt 0.0399286 0.22931
vt 0.0419664 0.20862
vt 0.0399286 0.22931
vt 0.0409481 0.22941
vt 0.0419664 0.20862
vt 0.0409481 0.22941
vt 0.042976 0.20882
vt 0.0399286 0.22931
vt 0.0409481 0.22941
vt 0.0389202 0.25
vt 0.0399286 0.22931
vt 0.0389202 0.25
vt 0.0378908 0.25
vt 0.0399286 0.22931
vt 0.0378908 0.25
vt 0.0389202 0.25
vt 0.0399286 0.22931
vt 0.0389202 0.25
vt 0.0409481 0.22941
vt 0.0530856 0.168435
vt 0.0540366 0.168829
vt 0.0480015 0.188724
vt 0.0530856 0.168435
vt 0.0480015 0.188724
vt 0.0470212 0.188427
vt 0.0530856 0.168435
vt 0.0470212 0.188427
vt 0.0480015 0.188724
vt 0.0530856 0.168435
vt 0.0480015 0.188724
vt 0.0540366 0.168829
vt 0.0540366 0.168829
vt 0.0549876 0.169223
vt 0.0489818 0.189022
vt 0.0540366 0.168829
vt 0.0489818 0.189022
vt 0.0480015 0.188724
vt 0.0540366 0.168829
vt 0.0480015 0.188724
vt 0.0489818 0.189022
vt 0.0540366 0.168829
vt 0.0489818 0.189022
vt 0.0549876 0.169223
vt 0.0480015 0.188724
vt 0.0489818 0.189022
vt 0.042976 0.20882
vt 0.0480015 0.188724
vt 0.042976 0.20882
vt 0.0419664 0.20862
vt 0.0480015 0.188724
vt 0.0419664 0.20862
vt 0.042976 0.20882
vt 0.0480015 0.188724
vt 0.042976 0.20882
vt 0.0489818 0.189022
vt 0.0727817 0.131587
vt 0.0736376 0.132158
vt 0.0638371 0.150494
vt 0.0727817 0.131587
vt 0.0638371 0.150494
vt 0.0629337 0.150011
vt 0.0727817 0.131587
vt 0.0629337 0.150011
vt 0.0638371 0.150494
vt 0.0727817 0.131587
vt 0.0638371 0.150494
vt 0.0736376 0.132158
vt 0.0736376 0.132158
vt 0.0744935 0.13273
vt 0.0647406 0.150977
vt 0.0736376 0.132158
vt 0.0647406 0.150977
vt 0.0638371 0.150494
vt 0.0736376 0.132158
vt 0.0638371 0.150494
vt 0.0647406 0.150977
vt 0.0736376 0.132158
vt 0.0647406 0.150977
vt 0.0744935 0.13273
vt 0.0638371 0.150494
vt 0.0647406 0.150977
vt 0.0549876 0.169223
vt 0.0638371 0.150494
vt 0.0549876 0.169223
vt 0.0540366 0.168829
vt 0.0638371 0.150494
vt 0.0540366 0.168829
vt 0.0549876 0.169223
vt 0.0638371 0.150494
vt 0.0549876 0.169223
vt 0.0647406 0.150977
vt 0.0992882 0.0992882
vt 0.100016 0.100016
vt 0.0868268 0.116087
vt 0.0992882 0.0992882
vt 0.0868268 0.116087
vt 0.086035 0.115437
vt 0.0992882 0.0992882
vt 0.086035 0.115437
vt 0.0868268 0.116087
vt 0.0992882 0.0992882
vt 0.0868268 0.116087
vt 0.100016 0.100016
vt 0.100016 0.100016
vt 0.100744 0.100744
vt 0.0876187 0.116737
vt 0.100016 0.100016
vt 0.0876187 0.116737
vt 0.0868268 0.116087
vt 0.100016 0.100016
vt 0.0868268 0.116087
vt 0.0876187 0.116737
vt 0.100016 0.100016
vt 0.0876187 0.116737
vt 0.100744 0.100744
vt 0.0868268 0.116087
vt 0.0876187 0.116737
vt 0.0744935 0.13273
vt 0.0868268 0.116087
vt 0.0744935 0.13273
vt 0.0736376 0.132158
vt 0.0868268 0.116087
vt 0.0736376 0.132158
vt 0.0744935 0.13273
vt 0.0868268 0.116087
vt 0.0744935 0.13273
vt 0.0876187 0.116737
vt 0.131587 0.0727818
vt 0.132158 0.0736376
vt 0.116087 0.0868269
vt 0.131587 0.0727818
vt 0.116087 0.0868269
vt 0.115437 0.086035
vt 0.131587 0.0727818
vt 0.115437 0.086035
vt 0.116087 0.0868269
vt 0.131587 0.0727818
vt 0.116087 0.0868269
vt 0.132158 0.0736376
vt 0.132158 0.0736376
vt 0.13273 0.0744935
vt 0.116737 0.0876188
vt 0.132158 0.0736376
vt 0.116737 0.0876188
vt 0.116087 0.0868269
vt 0.132158 0.0736376
vt 0.116087 0.0868269
vt 0.116737 0.0876188
vt 0.132158 0.0736376
vt 0.116737 0.0876188
vt 0.13273 0.0744935
vt 0.116087 0.0868269
vt 0.116737 0.0876188
vt 0.100744 0.100744
vt 0.116087 0.0868269
vt 0.100744 0.100744
vt 0.100016 0.100016
vt 0.116087 0.0868269
vt 0.100016 0.100016
vt 0.100744 0.100744
vt 0.116087 0.0868269
vt 0.100744 0.100744
vt 0.116737 0.0876188
vt 0.168435 0.0530856
vt 0.168829 0.0540366
vt 0.150494 0.0638371
vt 0.168435 0.0530856
vt 0.150494 0.0638371
vt 0.150011 0.0629337
vt 0.168435 0.0530856
vt 0.150011 0.0629337
vt 0.150494 0.0638371
vt 0.168435 0.0530856
vt 0.150494 0.0638371
vt 0.168829 0.0540366
vt 0.168829 0.0540366
vt 0.169223 0.0549876
vt 0.150977 0.0647406
vt 0.168829 0.0540366
vt 0.150977 0.0647406
vt 0.150494 0.0638371
vt 0.168829 0.0540366
vt 0.150494 0.0638371
vt 0.150977 0.0647406
vt 0.168829 0.0540366
vt 0.150977 0.0647406
vt 0.169223 0.0549876
vt 0.150494 0.0638371
vt 0.150977 0.0647406
vt 0.13273 0.0744935
vt 0.150494 0.0638371
vt 0.13273 0.0744935
vt 0.132158 0.0736376
vt 0.150494 0.0638371
vt 0.132158 0.0736376
vt 0.13273 0.0744935
vt 0.150494 0.0638371
vt 0.13273 0.0744935
vt 0.150977 0.0647406
vt 0.208419 0.0409568
vt 0.20862 0.0419664
vt 0.188724 0.0480015
vt 0.208419 0.0409568
vt 0.188724 0.0480015
vt 0.188427 0.0470212
vt 0.208419 0.0409568
vt 0.188427 0.0470212
vt 0.188724 0.0480015
vt 0.208419 0.0409568
vt 0.188724 0.0480015
vt 0.20862 0.0419664
vt 0.20862 0.0419664
vt 0.20882 0.042976
vt 0.189022 0.0489818
vt 0.20862 0.0419664
vt 0.189022 0.0489818
vt 0.188724 0.0480015
vt 0.20862 0.0419664
vt 0.188724 0.0480015
vt 0.189022 0.0489818
vt 0.20862 0.0419664
vt 0.189022 0.0489818
vt 0.20882 0.042976
vt 0.188724 0.0480015
vt 0.189022 0.0489818
vt 0.169223 0.0549876
vt 0.188724 0.0480015
vt 0.169223 0.0549876
vt 0.168829 0.0540366
vt 0.188724 0.0480015
vt 0.168829 0.0540366
vt 0.169223 0.0549876
vt 0.188724 0.0480015
vt 0.169223 0.0549876
vt 0.189022 0.0489818
vt 0.25 0.0368614
vt 0.25 0.0378907
vt 0.22931 0.0399286
vt 0.25 0.0368614
vt 0.22931 0.0399286
vt 0.229209 0.0389091
vt 0.25 0.0368614
vt 0.229209 0.0389091
vt 0.22931 0.0399286
vt 0.25 0.0368614
vt 0.22931 0.0399286
vt 0.25 0.0378907
vt 0.25 0.0378907
vt 0.25 0.0389201
vt 0.22941 0.040948
vt 0.25 0.0378907
vt 0.22941 0.040948
vt 0.22931 0.0399286
vt 0.25 0.0378907
vt 0.22931 0.0399286
vt 0.22941 0.040948
vt 0.25 0.0378907
vt 0.22941 0.040948
vt 0.25 0.0389201
vt 0.22931 0.0399286
vt 0.22941 0.040948
vt 0.20882 0.042976
vt 0.22931 0.0399286
vt 0.20882 0.042976
vt 0.20862 0.0419664
vt 0.22931 0.0399286
vt 0.20862 0.0419664
vt 0.20882 0.042976
vt 0.22931 0.0399286
vt 0.20882 0.042976
vt 0.22941 0.040948
vt 0.291581 0.0409568
vt 0.29138 0.0419664
vt 0.27069 0.0399286
vt 0.291581 0.0409568
vt 0.27069 0.0399286
vt 0.270791 0.0389091
vt 0.291581 0.0409568
vt 0.270791 0.0389091
vt 0.27069 0.0399286
vt 0.291581 0.0409568
vt 0.27069 0.0399286
vt 0.29138 0.0419664
vt 0.29138 0.0419664
vt 0.29118 0.042976
vt 0.27059 0.040948
vt 0.29138 0.0419664
vt 0.27059 0.040948
vt 0.27069 0.0399286
vt 0.29138 0.0419664
vt 0.27069 0.0399286
vt 0.27059 0.040948
vt 0.29138 0.0419664
vt 0.27059 0.040948
vt 0.29118 0.042976
vt 0.27069 0.0399286
vt 0.27059 0.040948
vt 0.25 0.0389201
vt 0.27069 0.0399286
vt 0.25 0.0389201
vt 0.25 0.0378907
vt 0.27069 0.0399286
vt 0.25 0.0378907
vt 0.25 0.0389201
vt 0.27069 0.0399286
vt 0.25 0.0389201
vt 0.27059 0.040948
vt 0.331564 0.0530855
vt 0.331171 0.0540366
vt 0.311276 0.0480015
vt 0.331564 0.0530855
vt 0.311276 0.0480015
vt 0.311573 0.0470212
vt 0.331564 0.0530855
vt 0.311573 0.0470212
vt 0.311276 0.0480015
vt 0.331564 0.0530855
vt 0.311276 0.0480015
vt 0.331171 0.0540366
vt 0.331171 0.0540366
vt 0.330777 0.0549876
vt 0.310978 0.0489818
vt 0.331171 0.0540366
vt 0.310978 0.0489818
vt 0.311276 0.0480015
vt 0.331171 0.0540366
vt 0.311276 0.0480015
vt 0.310978 0.0489818
vt 0.331171 0.0540366
vt 0.310978 0.0489818
vt 0.330777 0.0549876
vt 0.311276 0.0480015
vt 0.310978 0.0489818
vt 0.29118 0.042976
vt 0.311276 0.0480015
vt 0.29118 0.042976
vt 0.29138 0.0419664
vt 0.311276 0.0480015
vt 0.29138 0.0419664
vt 0.29118 0.042976
vt 0.311276 0.0480015
vt 0.29118 0.042976
vt 0.310978 0.0489818
vt 0.368413 0.0727818
vt 0.367842 0.0736377
vt 0.349506 0.0638371
vt 0.368413 0.0727818
vt 0.349506 0.0638371
vt 0.349989 0.0629337
vt 0.368413 0.0727818
vt 0.349989 0.0629337
vt 0.349506 0.0638371
vt 0.368413 0.0727818
vt 0.349506 0.0638371
vt 0.367842 0.0736377
vt 0.367842 0.0736377
vt 0.36727 0.0744936
vt 0.349023 0.0647406
vt 0.367842 0.0736377
vt 0.349023 0.0647406
vt 0.349506 0.0638371
vt 0.367842 0.0736377
vt 0.349506 0.0638371
vt 0.349023 0.0647406
vt 0.367842 0.0736377
vt 0.349023 0.0647406
vt 0.36727 0.0744936
vt 0.349506 0.0638371
vt 0.349023 0.0647406
vt 0.330777 0.0549876
vt 0.349506 0.0638371
vt 0.330777 0.0549876
vt 0.331171 0.0540366
vt 0.349506 0.0638371
vt 0.331171 0.0540366
vt 0.330777 0.0549876
vt 0.349506 0.0638371
vt 0.330777 0.0549876
vt 0.349023 0.0647406
vt 0.400712 0.0992882
vt 0.399984 0.100016
vt 0.383913 0.0868269
vt 0.400712 0.0992882
vt 0.383913 0.0868269
vt 0.384563 0.086035
vt 0.400712 0.0992882
vt 0.384563 0.086035
vt 0.383913 0.0868269
vt 0.400712 0.0992882
vt 0.383913 0.0868269
vt 0.399984 0.100016
vt 0.399984 0.100016
vt 0.399256 0.100744
vt 0.383263 0.0876188
vt 0.399984 0.100016
vt 0.383263 0.0876188
vt 0.383913 0.0868269
vt 0.399984 0.100016
vt 0.383913 0.0868269
vt 0.383263 0.0876188
vt 0.399984 0.100016
vt 0.383263 0.0876188
vt 0.399256 0.100744
vt 0.383913 0.0868269
vt 0.383263 0.0876188
vt 0.36727 0.0744936
vt 0.383913 0.0868269
vt 0.36727 0.0744936
vt 0.367842 0.0736377
vt 0.383913 0.0868269
vt 0.367842 0.0736377
vt 0.36727 0.0744936
vt 0.383913 0.0868269
vt 0.36727 0.0744936
vt 0.383263 0.0876188
vt 0.427218 0.131587
vt 0.426362 0.132158
vt 0.413173 0.116087
vt 0.427218 0.131587
vt 0.413173 0.116087
vt 0.413965 0.115437
vt 0.427218 0.131587
vt 0.413965 0.115437
vt 0.413173 0.116087
vt 0.427218 0.131587
vt 0.413173 0.116087
vt 0.426362 0.132158
vt 0.426362 0.132158
vt 0.425507 0.13273
vt 0.412381 0.116737
vt 0.426362 0.132158
vt 0.412381 0.116737
vt 0.413173 0.116087
vt 0.426362 0.132158
vt 0.413173 0.116087
vt 0.412381 0.116737
vt 0.426362 0.132158
vt 0.412381 0.116737
vt 0.425507 0.13273
vt 0.413173 0.116087
vt 0.412381 0.116737
vt 0.399256 0.100744
vt 0.413173 0.116087
vt 0.399256 0.100744
vt 0.399984 0.100016
vt 0.413173 0.116087
vt 0.399984 0.100016
vt 0.399256 0.100744
vt 0.413173 0.116087
vt 0.399256 0.100744
vt 0.412381 0.116737
vt 0.446914 0.168435
vt 0.445963 0.168829
vt 0.436163 0.150494
vt 0.446914 0.168435
vt 0.436163 0.150494
vt 0.437066 0.150011
vt 0.446914 0.168435
vt 0.437066 0.150011
vt 0.436163 0.150494
vt 0.446914 0.168435
vt 0.436163 0.150494
vt 0.445963 0.168829
vt 0.445963 0.168829
vt 0.445012 0.169223
vt 0.435259 0.150977
vt 0.445963 0.168829
vt 0.435259 0.150977
vt 0.436163 0.150494
vt 0.445963 0.168829
vt 0.436163 0.150494
vt 0.435259 0.150977
vt 0.445963 0.168829
vt 0.435259 0.150977
vt 0.445012 0.169223
vt 0.436163 0.150494
vt 0.435259 0.150977
vt 0.425507 0.13273
vt 0.436163 0.150494
vt 0.425507 0.13273
vt 0.426362 0.132158
vt 0.436163 0.150494
vt 0.426362 0.132158
vt 0.425507 0.13273
vt 0.436163 0.150494
vt 0.425507 0.13273
vt 0.435259 0.150977
vt 0.459043 0.208419
vt 0.458034 0.208619
vt 0.451998 0.188724
vt 0.459043 0.208419
vt 0.451998 0.188724
vt 0.452979 0.188427
vt 0.459043 0.208419
vt 0.452979 0.188427
vt 0.451998 0.188724
vt 0.459043 0.208419
vt 0.451998 0.188724
vt 0.458034 0.208619
vt 0.458034 0.208619
vt 0.457024 0.20882
vt 0.451018 0.189022
vt 0.458034 0.208619
vt 0.451018 0.189022
vt 0.451998 0.188724
vt 0.458034 0.208619
vt 0.451998 0.188724
vt 0.451018 0.189022
vt 0.458034 0.208619
vt 0.451018 0.189022
vt 0.457024 0.20882
vt 0.451998 0.188724
vt 0.451018 0.189022
vt 0.445012 0.169223
vt 0.451998 0.188724
vt 0.445012 0.169223
vt 0.445963 0.168829
vt 0.451998 0.188724
vt 0.445963 0.168829
vt 0.445012 0.169223
vt 0.451998 0.188724
vt 0.445012 0.169223
vt 0.451018 0.189022
vt 0.463139 0.25
vt 0.462109 0.25
vt 0.460071 0.22931
vt 0.463139 0.25
vt 0.460071 0.22931
vt 0.461091 0.229209
vt 0.463139 0.25
vt 0.461091 0.229209
vt 0.460071 0.22931
vt 0.463139 0.25
vt 0.460071 0.22931
vt 0.462109 0.25
vt 0.462109 0.25
vt 0.46108 0.25
vt 0.459052 0.22941
vt 0.462109 0.25
vt 0.459052 0.22941
vt 0.460071 0.22931
vt 0.462109 0.25
vt 0.460071 0.22931
vt 0.459052 0.22941
vt 0.462109 0.25
vt 0.459052 0.22941
vt 0.46108 0.25
vt 0.460071 0.22931
vt 0.459052 0.22941
vt 0.457024 0.20882
vt 0.460071 0.22931
vt 0.457024 0.20882
vt 0.458034 0.208619
vt 0.460071 0.22931
vt 0.458034 0.208619
vt 0.457024 0.20882
vt 0.460071 0.22931
vt 0.457024 0.20882
vt 0.459052 0.22941
vt 0.459043 0.291581
vt 0.458034 0.29138
vt 0.460071 0.27069
vt 0.459043 0.291581
vt 0.460071 0.27069
vt 0.461091 0.270791
vt 0.459043 0.291581
vt 0.461091 0.270791
vt 0.460071 0.27069
vt 0.459043 0.291581
vt 0.460071 0.27069
vt 0.458034 0.29138
vt 0.458034 0.29138
vt 0.457024 0.29118
vt 0.459052 0.27059
vt 0.458034 0.29138
vt 0.459052 0.27059
vt 0.460071 0.27069
vt 0.458034 0.29138
vt 0.460071 0.27069
vt 0.459052 0.27059
vt 0.458034 0.29138
vt 0.459052 0.27059
vt 0.457024 0.29118
vt 0.460071 0.27069
vt 0.459052 0.27059
vt 0.46108 0.25
vt 0.460071 0.27069
vt 0.46108 0.25
vt 0.462109 0.25
vt 0.460071 0.27069
vt 0.462109 0.25
vt 0.46108 0.25
vt 0.460071 0.27069
vt 0.46108 0.25
vt 0.459052 0.27059
vt 0.446914 0.331565
vt 0.445963 0.331171
vt 0.451998 0.311276
vt 0.446914 0.331565
vt 0.451998 0.311276
vt 0.452979 0.311573
vt 0.446914 0.331565
vt 0.452979 0.311573
vt 0.451998 0.311276
vt 0.446914 0.331565
vt 0.451998 0.311276
vt 0.445963 0.331171
vt 0.445963 0.331171
vt 0.445012 0.330777
vt 0.451018 0.310978
vt 0.445963 0.331171
vt 0.451018 0.310978
vt 0.451998 0.311276
vt 0.445963 0.331171
vt 0.451998 0.311276
vt 0.451018 0.310978
vt 0.445963 0.331171
vt 0.451018 0.310978
vt 0.445012 0.330777
vt 0.451998 0.311276
vt 0.451018 0.310978
vt 0.457024 0.29118
vt 0.451998 0.311276
vt 0.457024 0.29118
vt 0.458034 0.29138
vt 0.451998 0.311276
vt 0.458034 0.29138
vt 0.457024 0.29118
vt 0.451998 0.311276
vt 0.457024 0.29118
vt 0.451018 0.310978
vt 0.427218 0.368414
vt 0.426362 0.367842
vt 0.436163 0.349506
vt 0.427218 0.368414
vt 0.436163 0.349506
vt 0.437066 0.349989
vt 0.427218 0.368414
vt 0.437066 0.349989
vt 0.436163 0.349506
vt 0.427218 0.368414
vt 0.436163 0.349506
vt 0.426362 0.367842
vt 0.426362 0.367842
vt 0.425507 0.36727
vt 0.435259 0.349023
vt 0.426362 0.367842
vt 0.435259 0.349023
vt 0.436163 0.349506
vt 0.426362 0.367842
vt 0.436163 0.349506
vt 0.435259 0.349023
vt 0.426362 0.367842
vt 0.435259 0.349023
vt 0.425507 0.36727
vt 0.436163 0.349506
vt 0.435259 0.349023
vt 0.445012 0.330777
vt 0.436163 0.349506
vt 0.445012 0.330777
vt 0.445963 0.331171
vt 0.436163 0.349506
vt 0.445963 0.331171
vt 0.445012 0.330777
vt 0.436163 0.349506
vt 0.445012 0.330777
vt 0.435259 0.349023
vt 0.400712 0.400712
vt 0.399984 0.399984
vt 0.413173 0.383913
vt 0.400712 0.400712
vt 0.413173 0.383913
vt 0.413965 0.384563
vt 0.400712 0.400712
vt 0.413965 0.384563
vt 0.413173 0.383913
vt 0.400712 0.400712
vt 0.413173 0.383913
vt 0.399984 0.399984
vt 0.399984 0.399984
vt 0.399256 0.399256
vt 0.412381 0.383263
vt 0.399984 0.399984
vt 0.412381 0.383263
vt 0.413173 0.383913
vt 0.399984 0.399984
vt 0.413173 0.383913
vt 0.412381 0.383263
vt 0.399984 0.399984
vt 0.412381 0.383263
vt 0.399256 0.399256
vt 0.413173 0.383913
vt 0.412381 0.383263
vt 0.425507 0.36727
vt 0.413173 0.383913
vt 0.425507 0.36727
vt 0.426362 0.367842
vt 0.413173 0.383913
vt 0.426362 0.367842
vt 0.425507 0.36727
vt 0.413173 0.383913
vt 0.425507 0.36727
vt 0.412381 0.383263
vt 0.368414 0.427218
vt 0.367842 0.426362
vt 0.383913 0.413173
vt 0.368414 0.427218
vt 0.383913 0.413173
vt 0.384563 0.413965
vt 0.368414 0.427218
vt 0.384563 0.413965
vt 0.383913 0.413173
vt 0.368414 0.427218
vt 0.383913 0.413173
vt 0.367842 0.426362
vt 0.367842 0.426362
vt 0.36727 0.425506
vt 0.383263 0.412381
vt 0.367842 0.426362
vt 0.383263 0.412381
vt 0.383913 0.413173
vt 0.367842 0.426362
vt 0.383913 0.413173
vt 0.383263 0.412381
vt 0.367842 0.426362
vt 0.383263 0.412381
vt 0.36727 0.425506
vt 0.383913 0.413173
vt 0.383263 0.412381
vt 0.399256 0.399256
vt 0.383913 0.413173
vt 0.399256 0.399256
vt 0.399984 0.399984
vt 0.383913 0.413173
vt 0.399984 0.399984
vt 0.399256 0.399256
vt 0.383913 0.413173
vt 0.399256 0.399256
vt 0.383263 0.412381
vt 0.331564 0.446914
vt 0.33117 0.445963
vt 0.349506 0.436163
vt 0.331564 0.446914
vt 0.349506 0.436163
vt 0.349989 0.437066
vt 0.331564 0.446914
vt 0.349989 0.437066
vt 0.349506 0.436163
vt 0.331564 0.446914
vt 0.349506 0.436163
vt 0.33117 0.445963
vt 0.33117 0.445963
vt 0.330777 0.445012
vt 0.349023 0.435259
vt 0.33117 0.445963
vt 0.349023 0.435259
vt 0.349506 0.436163
vt 0.33117 0.445963
vt 0.349506 0.436163
vt 0.349023 0.435259
vt 0.33117 0.445963
vt 0.349023 0.435259
vt 0.330777 0.445012
vt 0.349506 0.436163
vt 0.349023 0.435259
vt 0.36727 0.425506
vt 0.349506 0.436163
vt 0.36727 0.425506
vt 0.367842 0.426362
vt 0.349506 0.436163
vt 0.367842 0.426362
vt 0.36727 0.425506
vt 0.349506 0.436163
vt 0.36727 0.425506
vt 0.349023 0.435259
vt 0.291581 0.459043
vt 0.29138 0.458034
vt 0.311275 0.451998
vt 0.291581 0.459043
vt 0.311275 0.451998
vt 0.311573 0.452979
vt 0.291581 0.459043
vt 0.311573 0.452979
vt 0.311275 0.451998
vt 0.291581 0.459043
vt 0.311275 0.451998
vt 0.29138 0.458034
vt 0.29138 0.458034
vt 0.29118 0.457024
vt 0.310978 0.451018
vt 0.29138 0.458034
vt 0.310978 0.451018
vt 0.311275 0.451998
vt 0.29138 0.458034
vt 0.311275 0.451998
vt 0.310978 0.451018
vt 0.29138 0.458034
vt 0.310978 0.451018
vt 0.29118 0.457024
vt 0.311275 0.451998
vt 0.310978 0.451018
vt 0.330777 0.445012
vt 0.311275 0.451998
vt 0.330777 0.445012
vt 0.33117 0.445963
vt 0.311275 0.451998
vt 0.33117 0.445963
vt 0.330777 0.445012
vt 0.311275 0.451998
vt 0.330777 0.445012
vt 0.310978 0.451018
vt 0.25 0.463139
vt 0.25 0.462109
vt 0.27069 0.460071
vt 0.25 0.463139
vt 0.27069 0.460071
vt 0.270791 0.461091
vt 0.25 0.463139
vt 0.270791 0.461091
vt 0.27069 0.460071
vt 0.25 0.463139
vt 0.27069 0.460071
vt 0.25 0.462109
vt 0.25 0.462109
vt 0.25 0.46108
vt 0.27059 0.459052
vt 0.25 0.462109
vt 0.27059 0.459052
vt 0.27069 0.460071
vt 0.25 0.462109
vt 0.27069 0.460071
vt 0.27059 0.459052
vt 0.25 0.462109
vt 0.27059 0.459052
vt 0.25 0.46108
vt 0.27069 0.460071
vt 0.27059 0.459052
vt 0.29118 0.457024
vt 0.27069 0.460071
vt 0.29118 0.457024
vt 0.29138 0.458034
vt 0.27069 0.460071
vt 0.29138 0.458034
vt 0.29118 0.457024
vt 0.27069 0.460071
vt 0.29118 0.457024
vt 0.27059 0.459052
vt 0.425507 0.13273
vt 0.425507 0.13273
vt 0.412381 0.116737
vt 0.425507 0.13273
vt 0.412381 0.116737
vt 0.412381 0.116737
vt 0.425507 0.13273
vt 0.412381 0.116737
vt 0.412381 0.116737
vt 0.425507 0.13273
vt 0.412381 0.116737
vt 0.425507 0.13273
vt 0.425507 0.13273
vt 0.425507 0.13273
vt 0.412381 0.116737
vt 0.425507 0.13273
vt 0.412381 0.116737
vt 0.412381 0.116737
vt 0.425507 0.13273
vt 0.412381 0.116737
vt 0.412381 0.116737
vt 0.425507 0.13273
vt 0.412381 0.116737
vt 0.425507 0.13273
vt 0.412381 0.116737
vt 0.412381 0.116737
vt 0.399256 0.100744
vt 0.412381 0.116737
vt 0.399256 0.100744
vt 0.399256 0.100744
vt 0.412381 0.116737
vt 0.399256 0.100744
vt 0.399256 0.100744
vt 0.412381 0.116737
vt 0.399256 0.100744
vt 0.412381 0.116737
vt 0.0368614 0.25
vt 0.0368614 0.25
vt 0.0389091 0.229209
vt 0.0368614 0.25
vt 0.0389091 0.229209
vt 0.0389091 0.229209
vt 0.0368614 0.25
vt 0.0389091 0.229209
vt 0.0389091 0.229209
vt 0.0368614 0.25
vt 0.0389091 0.229209
vt 0.0368614 0.25
vt 0.0368614 0.25
vt 0.0368614 0.25
vt 0.0389091 0.229209
vt 0.0368614 0.25
vt 0.0389091 0.229209
vt 0.0389091 0.229209
vt 0.0368614 0.25
vt 0.0389091 0.229209
vt 0.0389091 0.229209
vt 0.0368614 0.25
vt 0.0389091 0.229209
vt 0.0368614 0.25
vt 0.0389091 0.229209
vt 0.0389091 0.229209
vt 0.0409568 0.208419
vt 0.0389091 0.229209
vt 0.0409568 0.208419
vt 0.0409568 0.208419
vt 0.0389091 0.229209
vt 0.0409568 0.208419
vt 0.0409568 0.208419
vt 0.0389091 0.229209
vt 0.0409568 0.208419
vt 0.0389091 0.229209
vt 0.399256 0.100744
vt 0.399256 0.100744
vt 0.383263 0.0876188
vt 0.399256 0.100744
vt 0.383263 0.0876188
vt 0.383263 0.0876188
vt 0.399256 0.100744
vt 0.383263 0.0876188
vt 0.383263 0.0876188
vt 0.399256 0.100744
vt 0.383263 0.0876188
vt 0.399256 0.100744
vt 0.399256 0.100744
vt 0.399256 0.100744
vt 0.383263 0.0876188
vt 0.399256 0.100744
vt 0.383263 0.0876188
vt 0.383263 0.0876188
vt 0.399256 0.100744
vt 0.383263 0.0876188
vt 0.383263 0.0876188
vt 0.399256 0.100744
vt 0.383263 0.0876188
vt 0.399256 0.100744
vt 0.383263 0.0876188
vt 0.383263 0.0876188
vt 0.36727 0.0744936
vt 0.383263 0.0876188
vt 0.36727 0.0744936
vt 0.36727 0.0744936
vt 0.383263 0.0876188
vt 0.36727 0.0744936
vt 0.36727 0.0744936
vt 0.383263 0.0876188
vt 0.36727 0.0744936
vt 0.383263 0.0876188
vt 0.0409568 0.291581
vt 0.0409568 0.291581
vt 0.0389091 0.270791
vt 0.0409568 0.291581
vt 0.0389091 0.270791
vt 0.0389091 0.270791
vt 0.0409568 0.291581
vt 0.0389091 0.270791
vt 0.0389091 0.270791
vt 0.0409568 0.291581
vt 0.0389091 0.270791
vt 0.0409568 0.291581
vt 0.0409568 0.291581
vt 0.0409568 0.291581
vt 0.0389091 0.270791
vt 0.0409568 0.291581
vt 0.0389091 0.270791
vt 0.0389091 0.270791
vt 0.0409568 0.291581
vt 0.0389091 0.270791
vt 0.0389091 0.270791
vt 0.0409568 0.291581
vt 0.0389091 0.270791
vt 0.0409568 0.291581
vt 0.0389091 0.270791
vt 0.0389091 0.270791
vt 0.0368614 0.25
vt 0.0389091 0.270791
vt 0.0368614 0.25
vt 0.0368614 0.25
vt 0.0389091 0.270791
vt 0.0368614 0.25
vt 0.0368614 0.25
vt 0.0389091 0.270791
vt 0.0368614 0.25
vt 0.0389091 0.270791
vt 0.36727 0.0744936
vt 0.36727 0.0744936
vt 0.349023 0.0647406
vt 0.36727 0.0744936
vt 0.349023 0.0647406
vt 0.349023 0.0647406
vt 0.36727 0.0744936
vt 0.349023 0.0647406
vt 0.349023 0.0647406
vt 0.36727 0.0744936
vt 0.349023 0.0647406
vt 0.36727 0.0744936
vt 0.36727 0.0744936
vt 0.36727 0.0744936
vt 0.349023 0.0647406
vt 0.36727 0.0744936
vt 0.349023 0.0647406
vt 0.349023 0.0647406
vt 0.36727 0.0744936
vt 0.349023 0.0647406
vt 0.349023 0.0647406
vt 0.36727 0.0744936
vt 0.349023 0.0647406
vt 0.36727 0.0744936
vt 0.349023 0.0647406
vt 0.349023 0.0647406
vt 0.330777 0.0549876
vt 0.349023 0.0647406
vt 0.330777 0.0549876
vt 0.330777 0.0549876
vt 0.349023 0.0647406
vt 0.330777 0.0549876
vt 0.330777 0.0549876
vt 0.349023 0.0647406
vt 0.330777 0.0549876
vt 0.349023 0.0647406
vt 0.0530855 0.331565
vt 0.0530855 0.331565
vt 0.0470212 0.311573
vt 0.0530855 0.331565
vt 0.0470212 0.311573
vt 0.0470212 0.311573
vt 0.0530855 0.331565
vt 0.0470212 0.311573
vt 0.0470212 0.311573
vt 0.0530855 0.331565
vt 0.0470212 0.311573
vt 0.0530855 0.331565
vt 0.0530855 0.331565
vt 0.0530855 0.331565
vt 0.0470212 0.311573
vt 0.0530855 0.331565
vt 0.0470212 0.311573
vt 0.0470212 0.311573
vt 0.0530855 0.331565
vt 0.0470212 0.311573
vt 0.0470212 0.311573
vt 0.0530855 0.331565
vt 0.0470212 0.311573
vt 0.0530855 0.331565
vt 0.0470212 0.311573
vt 0.0470212 0.311573
vt 0.0409568 0.291581
vt 0.0470212 0.311573
vt 0.0409568 0.291581
vt 0.0409568 0.291581
vt 0.0470212 0.311573
vt 0.0409568 0.291581
vt 0.0409568 0.291581
vt 0.0470212 0.311573
vt 0.0409568 0.291581
vt 0.0470212 0.311573
vt 0.330777 0.0549876
vt 0.330777 0.0549876
vt 0.310978 0.0489818
vt 0.330777 0.0549876
vt 0.310978 0.0489818
vt 0.310978 0.0489818
vt 0.330777 0.0549876
vt 0.310978 0.0489818
vt 0.310978 0.0489818
vt 0.330777 0.0549876
vt 0.310978 0.0489818
vt 0.330777 0.0549876
vt 0.330777 0.0549876
vt 0.330777 0.0549876
vt 0.310978 0.0489818
vt 0.330777 0.0549876
vt 0.310978 0.0489818
vt 0.310978 0.0489818
vt 0.330777 0.0549876
vt 0.310978 0.0489818
vt 0.310978 0.0489818
vt 0.330777 0.0549876
vt 0.310978 0.0489818
vt 0.330777 0.0549876
vt 0.310978 0.0489818
vt 0.310978 0.0489818
vt 0.29118 0.042976
vt 0.310978 0.0489818
vt 0.29118 0.042976
vt 0.29118 0.042976
vt 0.310978 0.0489818
vt 0.29118 0.042976
vt 0.29118 0.042976
vt 0.310978 0.0489818
vt 0.29118 0.042976
vt 0.310978 0.0489818
vt 0.0727817 0.368413
vt 0.0727817 0.368413
vt 0.0629336 0.349989
vt 0.0727817 0.368413
vt 0.0629336 0.349989
vt 0.0629336 0.349989
vt 0.0727817 0.368413
vt 0.0629336 0.349989
vt 0.0629336 0.349989
vt 0.0727817 0.368413
vt 0.0629336 0.349989
vt 0.0727817 0.368413
vt 0.0727817 0.368413
vt 0.0727817 0.368413
vt 0.0629336 0.349989
vt 0.0727817 0.368413
vt 0.0629336 0.349989
vt 0.0629336 0.349989
vt 0.0727817 0.368413
vt 0.0629336 0.349989
vt 0.0629336 0.349989
vt 0.0727817 0.368413
vt 0.0629336 0.349989
vt 0.0727817 0.368413
vt 0.0629336 0.349989
vt 0.0629336 0.349989
vt 0.0530855 0.331565
vt 0.0629336 0.349989
vt 0.0530855 0.331565
vt 0.0530855 0.331565
vt 0.0629336 0.349989
vt 0.0530855 0.331565
vt 0.0530855 0.331565
vt 0.0629336 0.349989
vt 0.0530855 0.331565
vt 0.0629336 0.349989
vt 0.291581 0.459043
vt 0.291581 0.459043
vt 0.270791 0.461091
vt 0.291581 0.459043
vt 0.270791 0.461091
vt 0.270791 0.461091
vt 0.291581 0.459043
vt 0.270791 0.461091
vt 0.270791 0.461091
vt 0.291581 0.459043
vt 0.270791 0.461091
vt 0.291581 0.459043
vt 0.291581 0.459043
vt 0.291581 0.459043
vt 0.270791 0.461091
vt 0.291581 0.459043
vt 0.270791 0.461091
vt 0.270791 0.461091
vt 0.291581 0.459043
vt 0.270791 0.461091
vt 0.270791 0.461091
vt 0.291581 0.459043
vt 0.270791 0.461091
vt 0.291581 0.459043
vt 0.270791 0.461091
vt 0.270791 0.461091
vt 0.25 0.463139
vt 0.270791 0.461091
vt 0.25 0.463139
vt 0.25 0.463139
vt 0.270791 0.461091
vt 0.25 0.463139
vt 0.25 0.463139
vt 0.270791 0.461091
vt 0.25 0.463139
vt 0.270791 0.461091
vt 0.29118 0.042976
vt 0.29118 0.042976
vt 0.27059 0.040948
vt 0.29118 0.042976
vt 0.27059 0.040948
vt 0.27059 0.040948
vt 0.29118 0.042976
vt 0.27059 0.040948
vt 0.27059 0.040948
vt 0.29118 0.042976
vt 0.27059 0.040948
vt 0.29118 0.042976
vt 0.29118 0.042976
vt 0.29118 0.042976
vt 0.27059 0.040948
vt 0.29118 0.042976
vt 0.27059 0.040948
vt 0.27059 0.040948
vt 0.29118 0.042976
vt 0.27059 0.040948
vt 0.27059 0.040948
vt 0.29118 0.042976
vt 0.27059 0.040948
vt 0.29118 0.042976
vt 0.27059 0.040948
vt 0.27059 0.040948
vt 0.25 0.0389201
vt 0.27059 0.040948
vt 0.25 0.0389201
vt 0.25 0.0389201
vt 0.27059 0.040948
vt 0.25 0.0389201
vt 0.25 0.0389201
vt 0.27059 0.040948
vt 0.25 0.0389201
vt 0.27059 0.040948
vt 0.0992882 0.400712
vt 0.0992882 0.400712
vt 0.086035 0.384563
vt 0.0992882 0.400712
vt 0.086035 0.384563
vt 0.086035 0.384563
vt 0.0992882 0.400712
vt 0.086035 0.384563
vt 0.086035 0.384563
vt 0.0992882 0.400712
vt 0.086035 0.384563
vt 0.0992882 0.400712
vt 0.0992882 0.400712
vt 0.0992882 0.400712
vt 0.086035 0.384563
vt 0.0992882 0.400712
vt 0.086035 0.384563
vt 0.086035 0.384563
vt 0.0992882 0.400712
vt 0.086035 0.384563
vt 0.086035 0.384563
vt 0.0992882 0.400712
vt 0.086035 0.384563
vt 0.0992882 0.400712
vt 0.086035 0.384563
vt 0.086035 0.384563
vt 0.0727817 0.368413
vt 0.086035 0.384563
vt 0.0727817 0.368413
vt 0.0727817 0.368413
vt 0.086035 0.384563
vt 0.0727817 0.368413
vt 0.0727817 0.368413
vt 0.086035 0.384563
vt 0.0727817 0.368413
vt 0.086035 0.384563
vt 0.331564 0.446914
vt 0.331564 0.446914
vt 0.311573 0.452979
vt 0.331564 0.446914
vt 0.311573 0.452979
vt 0.311573 0.452979
vt 0.331564 0.446914
vt 0.311573 0.452979
vt 0.311573 0.452979
vt 0.331564 0.446914
vt 0.311573 0.452979
vt 0.331564 0.446914
vt 0.331564 0.446914
vt 0.331564 0.446914
vt 0.311573 0.452979
vt 0.331564 0.446914
vt 0.311573 0.452979
vt 0.311573 0.452979
vt 0.331564 0.446914
vt 0.311573 0.452979
vt 0.311573 0.452979
vt 0.331564 0.446914
vt 0.311573 0.452979
vt 0.331564 0.446914
vt 0.311573 0.452979
vt 0.311573 0.452979
vt 0.291581 0.459043
vt 0.311573 0.452979
vt 0.291581 0.459043
vt 0.291581 0.459043
vt 0.311573 0.452979
vt 0.291581 0.459043
vt 0.291581 0.459043
vt 0.311573 0.452979
vt 0.291581 0.459043
vt 0.311573 0.452979
vt 0.25 0.0389201
vt 0.25 0.0389201
vt 0.22941 0.040948
vt 0.25 0.0389201
vt 0.22941 0.040948
vt 0.22941 0.040948
vt 0.25 0.0389201
vt 0.22941 0.040948
vt 0.22941 0.040948
vt 0.25 0.0389201
vt 0.22941 0.040948
vt 0.25 0.0389201
vt 0.25 0.0389201
vt 0.25 0.0389201
vt 0.22941 0.040948
vt 0.25 0.0389201
vt 0.22941 0.040948
vt 0.22941 0.040948
vt 0.25 0.0389201
vt 0.22941 0.040948
vt 0.22941 0.040948
vt 0.25 0.0389201
vt 0.22941 0.040948
vt 0.25 0.0389201
vt 0.22941 0.040948
vt 0.22941 0.040948
vt 0.20882 0.042976
vt 0.22941 0.040948
vt 0.20882 0.042976
vt 0.20882 0.042976
vt 0.22941 0.040948
vt 0.20882 0.042976
vt 0.20882 0.042976
vt 0.22941 0.040948
vt 0.20882 0.042976
vt 0.22941 0.040948
vt 0.131587 0.427218
vt 0.131587 0.427218
vt 0.115437 0.413965
vt 0.131587 0.427218
vt 0.115437 0.413965
vt 0.115437 0.413965
vt 0.131587 0.427218
vt 0.115437 0.413965
vt 0.115437 0.413965
vt 0.131587 0.427218
vt 0.115437 0.413965
vt 0.131587 0.427218
vt 0.131587 0.427218
vt 0.131587 0.427218
vt 0.115437 0.413965
vt 0.131587 0.427218
vt 0.115437 0.413965
vt 0.115437 0.413965
vt 0.131587 0.427218
vt 0.115437 0.413965
vt 0.115437 0.413965
vt 0.131587 0.427218
vt 0.115437 0.413965
vt 0.131587 0.427218
vt 0.115437 0.413965
vt 0.115437 0.413965
vt 0.0992882 0.400712
vt 0.115437 0.413965
vt 0.0992882 0.400712
vt 0.0992882 0.400712
vt 0.115437 0.413965
vt 0.0992882 0.400712
vt 0.0992882 0.400712
vt 0.115437 0.413965
vt 0.0992882 0.400712
vt 0.115437 0.413965
vt 0.368414 0.427218
vt 0.368414 0.427218
vt 0.349989 0.437066
vt 0.368414 0.427218
vt 0.349989 0.437066
vt 0.349989 0.437066
vt 0.368414 0.427218
vt 0.349989 0.437066
vt 0.349989 0.437066
vt 0.368414 0.427218
vt 0.349989 0.437066
vt 0.368414 0.427218
vt 0.368414 0.427218
vt 0.368414 0.427218
vt 0.349989 0.437066
vt 0.368414 0.427218
vt 0.349989 0.437066
vt 0.349989 0.437066
vt 0.368414 0.427218
vt 0.349989 0.437066
vt 0.349989 0.437066
vt 0.368414 0.427218
vt 0.349989 0.437066
vt 0.368414 0.427218
vt 0.349989 0.437066
vt 0.349989 0.437066
vt 0.331564 0.446914
vt 0.349989 0.437066
vt 0.331564 0.446914
vt 0.331564 0.446914
vt 0.349989 0.437066
vt 0.331564 0.446914
vt 0.331564 0.446914
vt 0.349989 0.437066
vt 0.331564 0.446914
vt 0.349989 0.437066
vt 0.20882 0.042976
vt 0.20882 0.042976
vt 0.189022 0.0489818
vt 0.20882 0.042976
vt 0.189022 0.0489818
vt 0.189022 0.0489818
vt 0.20882 0.042976
vt 0.189022 0.0489818
vt 0.189022 0.0489818
vt 0.20882 0.042976
vt 0.189022 0.0489818
vt 0.20882 0.042976
vt 0.20882 0.042976
vt 0.20882 0.042976
vt 0.189022 0.0489818
vt 0.20882 0.042976
vt 0.189022 0.0489818
vt 0.189022 0.0489818
vt 0.20882 0.042976
vt 0.189022 0.0489818
vt 0.189022 0.0489818
vt 0.20882 0.042976
vt 0.189022 0.0489818
vt 0.20882 0.042976
vt 0.189022 0.0489818
vt 0.189022 0.0489818
vt 0.169223 0.0549876
vt 0.189022 0.0489818
vt 0.169223 0.0549876
vt 0.169223 0.0549876
vt 0.189022 0.0489818
vt 0.169223 0.0549876
vt 0.169223 0.0549876
vt 0.189022 0.0489818
vt 0.169223 0.0549876
vt 0.189022 0.0489818
vt 0.168435 0.446914
vt 0.168435 0.446914
vt 0.150011 0.437066
vt 0.168435 0.446914
vt 0.150011 0.437066
vt 0.150011 0.437066
vt 0.168435 0.446914
vt 0.150011 0.437066
vt 0.150011 0.437066
vt 0.168435 0.446914
vt 0.150011 0.437066
vt 0.168435 0.446914
vt 0.168435 0.446914
vt 0.168435 0.446914
vt 0.150011 0.437066
vt 0.168435 0.446914
vt 0.150011 0.437066
vt 0.150011 0.437066
vt 0.168435 0.446914
vt 0.150011 0.437066
vt 0.150011 0.437066
vt 0.168435 0.446914
vt 0.150011 0.437066
vt 0.168435 0.446914
vt 0.150011 0.437066
vt 0.150011 0.437066
vt 0.131587 0.427218
vt 0.150011 0.437066
vt 0.131587 0.427218
vt 0.131587 0.427218
vt 0.150011 0.437066
vt 0.131587 0.427218
vt 0.131587 0.427218
vt 0.150011 0.437066
vt 0.131587 0.427218
vt 0.150011 0.437066
vt 0.400712 0.400712
vt 0.400712 0.400712
vt 0.384563 0.413965
vt 0.400712 0.400712
vt 0.384563 0.413965
vt 0.384563 0.413965
vt 0.400712 0.400712
vt 0.384563 0.413965
vt 0.384563 0.413965
vt 0.400712 0.400712
vt 0.384563 0.413965
vt 0.400712 0.400712
vt 0.400712 0.400712
vt 0.400712 0.400712
vt 0.384563 0.413965
vt 0.400712 0.400712
vt 0.384563 0.413965
vt 0.384563 0.413965
vt 0.400712 0.400712
vt 0.384563 0.413965
vt 0.384563 0.413965
vt 0.400712 0.400712
vt 0.384563 0.413965
vt 0.400712 0.400712
vt 0.384563 0.413965
vt 0.384563 0.413965
vt 0.368414 0.427218
vt 0.384563 0.413965
vt 0.368414 0.427218
vt 0.368414 0.427218
vt 0.384563 0.413965
vt 0.368414 0.427218
vt 0.368414 0.427218
vt 0.384563 0.413965
vt 0.368414 0.427218
vt 0.384563 0.413965
vt 0.169223 0.0549876
vt 0.169223 0.0549876
vt 0.150977 0.0647406
vt 0.169223 0.0549876
vt 0.150977 0.0647406
vt 0.150977 0.0647406
vt 0.169223 0.0549876
vt 0.150977 0.0647406
vt 0.150977 0.0647406
vt 0.169223 0.0549876
vt 0.150977 0.0647406
vt 0.169223 0.0549876
vt 0.169223 0.0549876
vt 0.169223 0.0549876
vt 0.150977 0.0647406
vt 0.169223 0.0549876
vt 0.150977 0.0647406
vt 0.150977 0.0647406
vt 0.169223 0.0549876
vt 0.150977 0.0647406
vt 0.150977 0.0647406
vt 0.169223 0.0549876
vt 0.150977 0.0647406
vt 0.169223 0.0549876
vt 0.150977 0.0647406
vt 0.150977 0.0647406
vt 0.13273 0.0744935
vt 0.150977 0.0647406
vt 0.13273 0.0744935
vt 0.13273 0.0744935
vt 0.150977 0.0647406
vt 0.13273 0.0744935
vt 0.13273 0.0744935
vt 0.150977 0.0647406
vt 0.13273 0.0744935
vt 0.150977 0.0647406
vt 0.208419 0.459043
vt 0.208419 0.459043
vt 0.188427 0.452979
vt 0.208419 0.459043
vt 0.188427 0.452979
vt 0.188427 0.452979
vt 0.208419 0.459043
vt 0.188427 0.452979
vt 0.188427 0.452979
vt 0.208419 0.459043
vt 0.188427 0.452979
vt 0.208419 0.459043
vt 0.208419 0.459043
vt 0.208419 0.459043
vt 0.188427 0.452979
vt 0.208419 0.459043
vt 0.188427 0.452979
vt 0.188427 0.452979
vt 0.208419 0.459043
vt 0.188427 0.452979
vt 0.188427 0.452979
vt 0.208419 0.459043
vt 0.188427 0.452979
vt 0.208419 0.459043
vt 0.188427 0.452979
vt 0.188427 0.452979
vt 0.168435 0.446914
vt 0.188427 0.452979
vt 0.168435 0.446914
vt 0.168435 0.446914
vt 0.188427 0.452979
vt 0.168435 0.446914
vt 0.168435 0.446914
vt 0.188427 0.452979
vt 0.168435 0.446914
vt 0.188427 0.452979
vt 0.427218 0.368414
vt 0.427218 0.368414
vt 0.413965 0.384563
vt 0.427218 0.368414
vt 0.413965 0.384563
vt 0.413965 0.384563
vt 0.427218 0.368414
vt 0.413965 0.384563
vt 0.413965 0.384563
vt 0.427218 0.368414
vt 0.413965 0.384563
vt 0.427218 0.368414
vt 0.427218 0.368414
vt 0.427218 0.368414
vt 0.413965 0.384563
vt 0.427218 0.368414
vt 0.413965 0.384563
vt 0.413965 0.384563
vt 0.427218 0.368414
vt 0.413965 0.384563
vt 0.413965 0.384563
vt 0.427218 0.368414
vt 0.413965 0.384563
vt 0.427218 0.368414
vt 0.413965 0.384563
vt 0.413965 0.384563
vt 0.400712 0.400712
vt 0.413965 0.384563
vt 0.400712 0.400712
vt 0.400712 0.400712
vt 0.413965 0.384563
vt 0.400712 0.400712
vt 0.400712 0.400712
vt 0.413965 0.384563
vt 0.400712 0.400712
vt 0.413965 0.384563
vt 0.13273 0.0744935
vt 0.13273 0.0744935
vt 0.116737 0.0876188
vt 0.13273 0.0744935
vt 0.116737 0.0876188
vt 0.116737 0.0876188
vt 0.13273 0.0744935
vt 0.116737 0.0876188
vt 0.116737 0.0876188
vt 0.13273 0.0744935
vt 0.116737 0.0876188
vt 0.13273 0.0744935
vt 0.13273 0.0744935
vt 0.13273 0.0744935
vt 0.116737 0.0876188
vt 0.13273 0.0744935
vt 0.116737 0.0876188
vt 0.116737 0.0876188
vt 0.13273 0.0744935
vt 0.116737 0.0876188
vt 0.116737 0.0876188
vt 0.13273 0.0744935
vt 0.116737 0.0876188
vt 0.13273 0.0744935
vt 0.116737 0.0876188
vt 0.116737 0.0876188
vt 0.100744 0.100744
vt 0.116737 0.0876188
vt 0.100744 0.100744
vt 0.100744 0.100744
vt 0.116737 0.0876188
vt 0.100744 0.100744
vt 0.100744 0.100744
vt 0.116737 0.0876188
vt 0.100744 0.100744
vt 0.116737 0.0876188
vt 0.25 0.463139
vt 0.25 0.463139
vt 0.229209 0.461091
vt 0.25 0.463139
vt 0.229209 0.461091
vt 0.229209 0.461091
vt 0.25 0.463139
vt 0.229209 0.461091
vt 0.229209 0.461091
vt 0.25 0.463139
vt 0.229209 0.461091
vt 0.25 0.463139
vt 0.25 0.463139
vt 0.25 0.463139
vt 0.229209 0.461091
vt 0.25 0.463139
vt 0.229209 0.461091
vt 0.229209 0.461091
vt 0.25 0.463139
vt 0.229209 0.461091
vt 0.229209 0.461091
vt 0.25 0.463139
vt 0.229209 0.461091
vt 0.25 0.463139
vt 0.229209 0.461091
vt 0.229209 0.461091
vt 0.208419 0.459043
vt 0.229209 0.461091
vt 0.208419 0.459043
vt 0.208419 0.459043
vt 0.229209 0.461091
vt 0.208419 0.459043
vt 0.208419 0.459043
vt 0.229209 0.461091
vt 0.208419 0.459043
vt 0.229209 0.461091
vt 0.446914 0.331565
vt 0.446914 0.331565
vt 0.437066 0.349989
vt 0.446914 0.331565
vt 0.437066 0.349989
vt 0.437066 0.349989
vt 0.446914 0.331565
vt 0.437066 0.349989
vt 0.437066 0.349989
vt 0.446914 0.331565
vt 0.437066 0.349989
vt 0.446914 0.331565
vt 0.446914 0.331565
vt 0.446914 0.331565
vt 0.437066 0.349989
vt 0.446914 0.331565
vt 0.437066 0.349989
vt 0.437066 0.349989
vt 0.446914 0.331565
vt 0.437066 0.349989
vt 0.437066 0.349989
vt 0.446914 0.331565
vt 0.437066 0.349989
vt 0.446914 0.331565
vt 0.437066 0.349989
vt 0.437066 0.349989
vt 0.427218 0.368414
vt 0.437066 0.349989
vt 0.427218 0.368414
vt 0.427218 0.368414
vt 0.437066 0.349989
vt 0.427218 0.368414
vt 0.427218 0.368414
vt 0.437066 0.349989
vt 0.427218 0.368414
vt 0.437066 0.349989
vt 0.100744 0.100744
vt 0.100744 0.100744
vt 0.0876187 0.116737
vt 0.100744 0.100744
vt 0.0876187 0.116737
vt 0.0876187 0.116737
vt 0.100744 0.100744
vt 0.0876187 0.116737
vt 0.0876187 0.116737
vt 0.100744 0.100744
vt 0.0876187 0.116737
vt 0.100744 0.100744
vt 0.100744 0.100744
vt 0.100744 0.100744
vt 0.0876187 0.116737
vt 0.100744 0.100744
vt 0.0876187 0.116737
vt 0.0876187 0.116737
vt 0.100744 0.100744
vt 0.0876187 0.116737
vt 0.0876187 0.116737
vt 0.100744 0.100744
vt 0.0876187 0.116737
vt 0.100744 0.100744
vt 0.0876187 0.116737
vt 0.0876187 0.116737
vt 0.0744935 0.13273
vt 0.0876187 0.116737
vt 0.0744935 0.13273
vt 0.0744935 0.13273
vt 0.0876187 0.116737
vt 0.0744935 0.13273
vt 0.0744935 0.13273
vt 0.0876187 0.116737
vt 0.0744935 0.13273
vt 0.0876187 0.116737
vt 0.459043 0.291581
vt 0.459043 0.291581
vt 0.452979 0.311573
vt 0.459043 0.291581
vt 0.452979 0.311573
vt 0.452979 0.311573
vt 0.459043 0.291581
vt 0.452979 0.311573
vt 0.452979 0.311573
vt 0.459043 0.291581
vt 0.452979 0.311573
vt 0.459043 0.291581
vt 0.459043 0.291581
vt 0.459043 0.291581
vt 0.452979 0.311573
vt 0.459043 0.291581
vt 0.452979 0.311573
vt 0.452979 0.311573
vt 0.459043 0.291581
vt 0.452979 0.311573
vt 0.452979 0.311573
vt 0.459043 0.291581
vt 0.452979 0.311573
vt 0.459043 0.291581
vt 0.452979 0.311573
vt 0.452979 0.311573
vt 0.446914 0.331565
vt 0.452979 0.311573
vt 0.446914 0.331565
vt 0.446914 0.331565
vt 0.452979 0.311573
vt 0.446914 0.331565
vt 0.446914 0.331565
vt 0.452979 0.311573
vt 0.446914 0.331565
vt 0.452979 0.311573
vt 0.0744935 0.13273
vt 0.0744935 0.13273
vt 0.0647406 0.150977
vt 0.0744935 0.13273
vt 0.0647406 0.150977
vt 0.0647406 0.150977
vt 0.0744935 0.13273
vt 0.0647406 0.150977
vt 0.0647406 0.150977
vt 0.0744935 0.13273
vt 0.0647406 0.150977
vt 0.0744935 0.13273
vt 0.0744935 0.13273
vt 0.0744935 0.13273
vt 0.0647406 0.150977
vt 0.0744935 0.13273
vt 0.0647406 0.150977
vt 0.0647406 0.150977
vt 0.0744935 0.13273
vt 0.0647406 0.150977
vt 0.0647406 0.150977
vt 0.0744935 0.13273
vt 0.0647406 0.150977
vt 0.0744935 0.13273
vt 0.0647406 0.150977
vt 0.0647406 0.150977
vt 0.0549876 0.169223
vt 0.0647406 0.150977
vt 0.0549876 0.169223
vt 0.0549876 0.169223
vt 0.0647406 0.150977
vt 0.0549876 0.169223
vt 0.0549876 0.169223
vt 0.0647406 0.150977
vt 0.0549876 0.169223
vt 0.0647406 0.150977
vt 0.463139 0.25
vt 0.463139 0.25
vt 0.461091 0.270791
vt 0.463139 0.25
vt 0.461091 0.270791
vt 0.461091 0.270791
vt 0.463139 0.25
vt 0.461091 0.270791
vt 0.461091 0.270791
vt 0.463139 0.25
vt 0.461091 0.270791
vt 0.463139 0.25
vt 0.463139 0.25
vt 0.463139 0.25
vt 0.461091 0.270791
vt 0.463139 0.25
vt 0.461091 0.270791
vt 0.461091 0.270791
vt 0.463139 0.25
vt 0.461091 0.270791
vt 0.461091 0.270791
vt 0.463139 0.25
vt 0.461091 0.270791
vt 0.463139 0.25
vt 0.461091 0.270791
vt 0.461091 0.270791
vt 0.459043 0.291581
vt 0.461091 0.270791
vt 0.459043 0.291581
vt 0.459043 0.291581
vt 0.461091 0.270791
vt 0.459043 0.291581
vt 0.459043 0.291581
vt 0.461091 0.270791
vt 0.459043 0.291581
vt 0.461091 0.270791
vt 0.0549876 0.169223
vt 0.0549876 0.169223
vt 0.0489818 0.189022
vt 0.0549876 0.169223
vt 0.0489818 0.189022
vt 0.0489818 0.189022
vt 0.0549876 0.169223
vt 0.0489818 0.189022
vt 0.0489818 0.189022
vt 0.0549876 0.169223
vt 0.0489818 0.189022
vt 0.0549876 0.169223
vt 0.0549876 0.169223
vt 0.0549876 0.169223
vt 0.0489818 0.189022
vt 0.0549876 0.169223
vt 0.0489818 0.189022
vt 0.0489818 0.189022
vt 0.0549876 0.169223
vt 0.0489818 0.189022
vt 0.0489818 0.189022
vt 0.0549876 0.169223
vt 0.0489818 0.189022
vt 0.0549876 0.169223
vt 0.0489818 0.189022
vt 0.0489818 0.189022
vt 0.042976 0.20882
vt 0.0489818 0.189022
vt 0.042976 0.20882
vt 0.042976 0.20882
vt 0.0489818 0.189022
vt 0.042976 0.20882
vt 0.042976 0.20882
vt 0.0489818 0.189022
vt 0.042976 0.20882
vt 0.0489818 0.189022
vt 0.459043 0.208419
vt 0.459043 0.208419
vt 0.461091 0.229209
vt 0.459043 0.208419
vt 0.461091 0.229209
vt 0.461091 0.229209
vt 0.459043 0.208419
vt 0.461091 0.229209
vt 0.461091 0.229209
vt 0.459043 0.208419
vt 0.461091 0.229209
vt 0.459043 0.208419
vt 0.459043 0.208419
vt 0.459043 0.208419
vt 0.461091 0.229209
vt 0.459043 0.208419
vt 0.461091 0.229209
vt 0.461091 0.229209
vt 0.459043 0.208419
vt 0.461091 0.229209
vt 0.461091 0.229209
vt 0.459043 0.208419
vt 0.461091 0.229209
vt 0.459043 0.208419
vt 0.461091 0.229209
vt 0.461091 0.229209
vt 0.463139 0.25
vt 0.461091 0.229209
vt 0.463139 0.25
vt 0.463139 0.25
vt 0.461091 0.229209
vt 0.463139 0.25
vt 0.463139 0.25
vt 0.461091 0.229209
vt 0.463139 0.25
vt 0.461091 0.229209
vt 0.042976 0.20882
vt 0.042976 0.20882
vt 0.0409481 0.22941
vt 0.042976 0.20882
vt 0.0409481 0.22941
vt 0.0409481 0.22941
vt 0.042976 0.20882
vt 0.0409481 0.22941
vt 0.0409481 0.22941
vt 0.042976 0.20882
vt 0.0409481 0.22941
vt 0.042976 0.20882
vt 0.042976 0.20882
vt 0.042976 0.20882
vt 0.0409481 0.22941
vt 0.042976 0.20882
vt 0.0409481 0.22941
vt 0.0409481 0.22941
vt 0.042976 0.20882
vt 0.0409481 0.22941
vt 0.0409481 0.22941
vt 0.042976 0.20882
vt 0.0409481 0.22941
vt 0.042976 0.20882
vt 0.0409481 0.22941
vt 0.0409481 0.22941
vt 0.0389202 0.25
vt 0.0409481 0.22941
vt 0.0389202 0.25
vt 0.0389202 0.25
vt 0.0409481 0.22941
vt 0.0389202 0.25
vt 0.0389202 0.25
vt 0.0409481 0.22941
vt 0.0389202 0.25
vt 0.0409481 0.22941
vt 0.446914 0.168435
vt 0.446914 0.168435
vt 0.452979 0.188427
vt 0.446914 0.168435
vt 0.452979 0.188427
vt 0.452979 0.188427
vt 0.446914 0.168435
vt 0.452979 0.188427
vt 0.452979 0.188427
vt 0.446914 0.168435
vt 0.452979 0.188427
vt 0.446914 0.168435
vt 0.446914 0.168435
vt 0.446914 0.168435
vt 0.452979 0.188427
vt 0.446914 0.168435
vt 0.452979 0.188427
vt 0.452979 0.188427
vt 0.446914 0.168435
vt 0.452979 0.188427
vt 0.452979 0.188427
vt 0.446914 0.168435
vt 0.452979 0.188427
vt 0.446914 0.168435
vt 0.452979 0.188427
vt 0.452979 0.188427
vt 0.459043 0.208419
vt 0.452979 0.188427
vt 0.459043 0.208419
vt 0.459043 0.208419
vt 0.452979 0.188427
vt 0.459043 0.208419
vt 0.459043 0.208419
vt 0.452979 0.188427
vt 0.459043 0.208419
vt 0.452979 0.188427
vt 0.20654 0.46849
vt 0.207479 0.463767
vt 0.22874 0.465861
vt 0.20654 0.46849
vt 0.22874 0.465861
vt 0.22827 0.470631
vt 0.20654 0.46849
vt 0.22827 0.470631
vt 0.22874 0.465861
vt 0.20654 0.46849
vt 0.22874 0.465861
vt 0.207479 0.463767
vt 0.207479 0.463767
vt 0.208419 0.459043
vt 0.229209 0.461091
vt 0.207479 0.463767
vt 0.229209 0.461091
vt 0.22874 0.465861
vt 0.207479 0.463767
vt 0.22874 0.465861
vt 0.229209 0.461091
vt 0.207479 0.463767
vt 0.229209 0.461091
vt 0.208419 0.459043
vt 0.22874 0.465861
vt 0.229209 0.461091
vt 0.25 0.463139
vt 0.22874 0.465861
vt 0.25 0.463139
vt 0.25 0.467955
vt 0.22874 0.465861
vt 0.25 0.467955
vt 0.25 0.463139
vt 0.22874 0.465861
vt 0.25 0.463139
vt 0.229209 0.461091
vt 0.164749 0.455813
vt 0.166592 0.451364
vt 0.187036 0.457565
vt 0.164749 0.455813
vt 0.187036 0.457565
vt 0.185644 0.462152
vt 0.164749 0.455813
vt 0.185644 0.462152
vt 0.187036 0.457565
vt 0.164749 0.455813
vt 0.187036 0.457565
vt 0.166592 0.451364
vt 0.166592 0.451364
vt 0.168435 0.446914
vt 0.188427 0.452979
vt 0.166592 0.451364
vt 0.188427 0.452979
vt 0.187036 0.457565
vt 0.166592 0.451364
vt 0.187036 0.457565
vt 0.188427 0.452979
vt 0.166592 0.451364
vt 0.188427 0.452979
vt 0.168435 0.446914
vt 0.187036 0.457565
vt 0.188427 0.452979
vt 0.208419 0.459043
vt 0.187036 0.457565
vt 0.208419 0.459043
vt 0.207479 0.463767
vt 0.187036 0.457565
vt 0.207479 0.463767
vt 0.208419 0.459043
vt 0.187036 0.457565
vt 0.208419 0.459043
vt 0.188427 0.452979
vt 0.126235 0.435227
vt 0.128911 0.431223
vt 0.147752 0.441293
vt 0.126235 0.435227
vt 0.147752 0.441293
vt 0.145492 0.44552
vt 0.126235 0.435227
vt 0.145492 0.44552
vt 0.147752 0.441293
vt 0.126235 0.435227
vt 0.147752 0.441293
vt 0.128911 0.431223
vt 0.128911 0.431223
vt 0.131587 0.427218
vt 0.150011 0.437066
vt 0.128911 0.431223
vt 0.150011 0.437066
vt 0.147752 0.441293
vt 0.128911 0.431223
vt 0.147752 0.441293
vt 0.150011 0.437066
vt 0.128911 0.431223
vt 0.150011 0.437066
vt 0.131587 0.427218
vt 0.147752 0.441293
vt 0.150011 0.437066
vt 0.168435 0.446914
vt 0.147752 0.441293
vt 0.168435 0.446914
vt 0.166592 0.451364
vt 0.147752 0.441293
vt 0.166592 0.451364
vt 0.168435 0.446914
vt 0.147752 0.441293
vt 0.168435 0.446914
vt 0.150011 0.437066
vt 0.0924773 0.407523
vt 0.0958828 0.404117
vt 0.112397 0.41767
vt 0.0924773 0.407523
vt 0.112397 0.41767
vt 0.109356 0.421375
vt 0.0924773 0.407523
vt 0.109356 0.421375
vt 0.112397 0.41767
vt 0.0924773 0.407523
vt 0.112397 0.41767
vt 0.0958828 0.404117
vt 0.0958828 0.404117
vt 0.0992882 0.400712
vt 0.115437 0.413965
vt 0.0958828 0.404117
vt 0.115437 0.413965
vt 0.112397 0.41767
vt 0.0958828 0.404117
vt 0.112397 0.41767
vt 0.115437 0.413965
vt 0.0958828 0.404117
vt 0.115437 0.413965
vt 0.0992882 0.400712
vt 0.112397 0.41767
vt 0.115437 0.413965
vt 0.131587 0.427218
vt 0.112397 0.41767
vt 0.131587 0.427218
vt 0.128911 0.431223
vt 0.112397 0.41767
vt 0.128911 0.431223
vt 0.131587 0.427218
vt 0.112397 0.41767
vt 0.131587 0.427218
vt 0.115437 0.413965
vt 0.0647729 0.373765
vt 0.0687773 0.371089
vt 0.08233 0.387603
vt 0.0647729 0.373765
vt 0.08233 0.387603
vt 0.0786251 0.390644
vt 0.0647729 0.373765
vt 0.0786251 0.390644
vt 0.08233 0.387603
vt 0.0647729 0.373765
vt 0.08233 0.387603
vt 0.0687773 0.371089
vt 0.0687773 0.371089
vt 0.0727817 0.368413
vt 0.086035 0.384563
vt 0.0687773 0.371089
vt 0.086035 0.384563
vt 0.08233 0.387603
vt 0.0687773 0.371089
vt 0.08233 0.387603
vt 0.086035 0.384563
vt 0.0687773 0.371089
vt 0.086035 0.384563
vt 0.0727817 0.368413
vt 0.08233 0.387603
vt 0.086035 0.384563
vt 0.0992882 0.400712
vt 0.08233 0.387603
vt 0.0992882 0.400712
vt 0.0958828 0.404117
vt 0.08233 0.387603
vt 0.0958828 0.404117
vt 0.0992882 0.400712
vt 0.08233 0.387603
vt 0.0992882 0.400712
vt 0.086035 0.384563
vt 0.0441866 0.335251
vt 0.0486361 0.333408
vt 0.0587067 0.352248
vt 0.0441866 0.335251
vt 0.0587067 0.352248
vt 0.0544798 0.354508
vt 0.0441866 0.335251
vt 0.0544798 0.354508
vt 0.0587067 0.352248
vt 0.0441866 0.335251
vt 0.0587067 0.352248
vt 0.0486361 0.333408
vt 0.0486361 0.333408
vt 0.0530855 0.331565
vt 0.0629336 0.349989
vt 0.0486361 0.333408
vt 0.0629336 0.349989
vt 0.0587067 0.352248
vt 0.0486361 0.333408
vt 0.0587067 0.352248
vt 0.0629336 0.349989
vt 0.0486361 0.333408
vt 0.0629336 0.349989
vt 0.0530855 0.331565
vt 0.0587067 0.352248
vt 0.0629336 0.349989
vt 0.0727817 0.368413
vt 0.0587067 0.352248
vt 0.0727817 0.368413
vt 0.0687773 0.371089
vt 0.0587067 0.352248
vt 0.0687773 0.371089
vt 0.0727817 0.368413
vt 0.0587067 0.352248
vt 0.0727817 0.368413
vt 0.0629336 0.349989
vt 0.0315097 0.29346
vt 0.0362333 0.292521
vt 0.0424347 0.312964
vt 0.0315097 0.29346
vt 0.0424347 0.312964
vt 0.0378482 0.314356
vt 0.0315097 0.29346
vt 0.0378482 0.314356
vt 0.0424347 0.312964
vt 0.0315097 0.29346
vt 0.0424347 0.312964
vt 0.0362333 0.292521
vt 0.0362333 0.292521
vt 0.0409568 0.291581
vt 0.0470212 0.311573
vt 0.0362333 0.292521
vt 0.0470212 0.311573
vt 0.0424347 0.312964
vt 0.0362333 0.292521
vt 0.0424347 0.312964
vt 0.0470212 0.311573
vt 0.0362333 0.292521
vt 0.0470212 0.311573
vt 0.0409568 0.291581
vt 0.0424347 0.312964
vt 0.0470212 0.311573
vt 0.0530855 0.331565
vt 0.0424347 0.312964
vt 0.0530855 0.331565
vt 0.0486361 0.333408
vt 0.0424347 0.312964
vt 0.0486361 0.333408
vt 0.0530855 0.331565
vt 0.0424347 0.312964
vt 0.0530855 0.331565
vt 0.0470212 0.311573
vt 0.0272293 0.25
vt 0.0320454 0.25
vt 0.0341393 0.27126
vt 0.0272293 0.25
vt 0.0341393 0.27126
vt 0.0293695 0.27173
vt 0.0272293 0.25
vt 0.0293695 0.27173
vt 0.0341393 0.27126
vt 0.0272293 0.25
vt 0.0341393 0.27126
vt 0.0320454 0.25
vt 0.0320454 0.25
vt 0.0368614 0.25
vt 0.0389091 0.270791
vt 0.0320454 0.25
vt 0.0389091 0.270791
vt 0.0341393 0.27126
vt 0.0320454 0.25
vt 0.0341393 0.27126
vt 0.0389091 0.270791
vt 0.0320454 0.25
vt 0.0389091 0.270791
vt 0.0368614 0.25
vt 0.0341393 0.27126
vt 0.0389091 0.270791
vt 0.0409568 0.291581
vt 0.0341393 0.27126
vt 0.0409568 0.291581
vt 0.0362333 0.292521
vt 0.0341393 0.27126
vt 0.0362333 0.292521
vt 0.0409568 0.291581
vt 0.0341393 0.27126
vt 0.0409568 0.291581
vt 0.0389091 0.270791
vt 0.0315097 0.20654
vt 0.0362333 0.207479
vt 0.0341393 0.22874
vt 0.0315097 0.20654
vt 0.0341393 0.22874
vt 0.0293695 0.22827
vt 0.0315097 0.20654
vt 0.0293695 0.22827
vt 0.0341393 0.22874
vt 0.0315097 0.20654
vt 0.0341393 0.22874
vt 0.0362333 0.207479
vt 0.0362333 0.207479
vt 0.0409568 0.208419
vt 0.0389091 0.229209
vt 0.0362333 0.207479
vt 0.0389091 0.229209
vt 0.0341393 0.22874
vt 0.0362333 0.207479
vt 0.0341393 0.22874
vt 0.0389091 0.229209
vt 0.0362333 0.207479
vt 0.0389091 0.229209
vt 0.0409568 0.208419
vt 0.0341393 0.22874
vt 0.0389091 0.229209
vt 0.0368614 0.25
vt 0.0341393 0.22874
vt 0.0368614 0.25
vt 0.0320454 0.25
vt 0.0341393 0.22874
vt 0.0320454 0.25
vt 0.0368614 0.25
vt 0.0341393 0.22874
vt 0.0368614 0.25
vt 0.0389091 0.229209
vt 0.0441867 0.164749
vt 0.0486361 0.166592
vt 0.0424347 0.187036
vt 0.0441867 0.164749
vt 0.0424347 0.187036
vt 0.0378482 0.185644
vt 0.0441867 0.164749
vt 0.0378482 0.185644
vt 0.0424347 0.187036
vt 0.0441867 0.164749
vt 0.0424347 0.187036
vt 0.0486361 0.166592
vt 0.0486361 0.166592
vt 0.0530856 0.168435
vt 0.0470212 0.188427
vt 0.0486361 0.166592
vt 0.0470212 0.188427
vt 0.0424347 0.187036
vt 0.0486361 0.166592
vt 0.0424347 0.187036
vt 0.0470212 0.188427
vt 0.0486361 0.166592
vt 0.0470212 0.188427
vt 0.0530856 0.168435
vt 0.0424347 0.187036
vt 0.0470212 0.188427
vt 0.0409568 0.208419
vt 0.0424347 0.187036
vt 0.0409568 0.208419
vt 0.0362333 0.207479
vt 0.0424347 0.187036
vt 0.0362333 0.207479
vt 0.0409568 0.208419
vt 0.0424347 0.187036
vt 0.0409568 0.208419
vt 0.0470212 0.188427
vt 0.0647729 0.126235
vt 0.0687773 0.128911
vt 0.0587067 0.147752
vt 0.0647729 0.126235
vt 0.0587067 0.147752
vt 0.0544798 0.145492
vt 0.0647729 0.126235
vt 0.0544798 0.145492
vt 0.0587067 0.147752
vt 0.0647729 0.126235
vt 0.0587067 0.147752
vt 0.0687773 0.128911
vt 0.0687773 0.128911
vt 0.0727817 0.131587
vt 0.0629337 0.150011
vt 0.0687773 0.128911
vt 0.0629337 0.150011
vt 0.0587067 0.147752
vt 0.0687773 0.128911
vt 0.0587067 0.147752
vt 0.0629337 0.150011
vt 0.0687773 0.128911
vt 0.0629337 0.150011
vt 0.0727817 0.131587
vt 0.0587067 0.147752
vt 0.0629337 0.150011
vt 0.0530856 0.168435
vt 0.0587067 0.147752
vt 0.0530856 0.168435
vt 0.0486361 0.166592
vt 0.0587067 0.147752
vt 0.0486361 0.166592
vt 0.0530856 0.168435
vt 0.0587067 0.147752
vt 0.0530856 0.168435
vt 0.0629337 0.150011
vt 0.0924773 0.0924773
vt 0.0958827 0.0958827
vt 0.08233 0.112397
vt 0.0924773 0.0924773
vt 0.08233 0.112397
vt 0.0786251 0.109356
vt 0.0924773 0.0924773
vt 0.0786251 0.109356
vt 0.08233 0.112397
vt 0.0924773 0.0924773
vt 0.08233 0.112397
vt 0.0958827 0.0958827
vt 0.0958827 0.0958827
vt 0.0992882 0.0992882
vt 0.086035 0.115437
vt 0.0958827 0.0958827
vt 0.086035 0.115437
vt 0.08233 0.112397
vt 0.0958827 0.0958827
vt 0.08233 0.112397
vt 0.086035 0.115437
vt 0.0958827 0.0958827
vt 0.086035 0.115437
vt 0.0992882 0.0992882
vt 0.08233 0.112397
vt 0.086035 0.115437
vt 0.0727817 0.131587
vt 0.08233 0.112397
vt 0.0727817 0.131587
vt 0.0687773 0.128911
vt 0.08233 0.112397
vt 0.0687773 0.128911
vt 0.0727817 0.131587
vt 0.08233 0.112397
vt 0.0727817 0.131587
vt 0.086035 0.115437
vt 0.126235 0.0647729
vt 0.128911 0.0687774
vt 0.112397 0.08233
vt 0.126235 0.0647729
vt 0.112397 0.08233
vt 0.109356 0.0786251
vt 0.126235 0.0647729
vt 0.109356 0.0786251
vt 0.112397 0.08233
vt 0.126235 0.0647729
vt 0.112397 0.08233
vt 0.128911 0.0687774
vt 0.128911 0.0687774
vt 0.131587 0.0727818
vt 0.115437 0.086035
vt 0.128911 0.0687774
vt 0.115437 0.086035
vt 0.112397 0.08233
vt 0.128911 0.0687774
vt 0.112397 0.08233
vt 0.115437 0.086035
vt 0.128911 0.0687774
vt 0.115437 0.086035
vt 0.131587 0.0727818
vt 0.112397 0.08233
vt 0.115437 0.086035
vt 0.0992882 0.0992882
vt 0.112397 0.08233
vt 0.0992882 0.0992882
vt 0.0958827 0.0958827
vt 0.112397 0.08233
vt 0.0958827 0.0958827
vt 0.0992882 0.0992882
vt 0.112397 0.08233
vt 0.0992882 0.0992882
vt 0.115437 0.086035
vt 0.164749 0.0441867
vt 0.166592 0.0486362
vt 0.147752 0.0587068
vt 0.164749 0.0441867
vt 0.147752 0.0587068
vt 0.145492 0.0544798
vt 0.164749 0.0441867
vt 0.145492 0.0544798
vt 0.147752 0.0587068
vt 0.164749 0.0441867
vt 0.147752 0.0587068
vt 0.166592 0.0486362
vt 0.166592 0.0486362
vt 0.168435 0.0530856
vt 0.150011 0.0629337
vt 0.166592 0.0486362
vt 0.150011 0.0629337
vt 0.147752 0.0587068
vt 0.166592 0.0486362
vt 0.147752 0.0587068
vt 0.150011 0.0629337
vt 0.166592 0.0486362
vt 0.150011 0.0629337
vt 0.168435 0.0530856
vt 0.147752 0.0587068
vt 0.150011 0.0629337
vt 0.131587 0.0727818
vt 0.147752 0.0587068
vt 0.131587 0.0727818
vt 0.128911 0.0687774
vt 0.147752 0.0587068
vt 0.128911 0.0687774
vt 0.131587 0.0727818
vt 0.147752 0.0587068
vt 0.131587 0.0727818
vt 0.150011 0.0629337
vt 0.20654 0.0315098
vt 0.207479 0.0362333
vt 0.187036 0.0424347
vt 0.20654 0.0315098
vt 0.187036 0.0424347
vt 0.185644 0.0378482
vt 0.20654 0.0315098
vt 0.185644 0.0378482
vt 0.187036 0.0424347
vt 0.20654 0.0315098
vt 0.187036 0.0424347
vt 0.207479 0.0362333
vt 0.207479 0.0362333
vt 0.208419 0.0409568
vt 0.188427 0.0470212
vt 0.207479 0.0362333
vt 0.188427 0.0470212
vt 0.187036 0.0424347
vt 0.207479 0.0362333
vt 0.187036 0.0424347
vt 0.188427 0.0470212
vt 0.207479 0.0362333
vt 0.188427 0.0470212
vt 0.208419 0.0409568
vt 0.187036 0.0424347
vt 0.188427 0.0470212
vt 0.168435 0.0530856
vt 0.187036 0.0424347
vt 0.168435 0.0530856
vt 0.166592 0.0486362
vt 0.187036 0.0424347
vt 0.166592 0.0486362
vt 0.168435 0.0530856
vt 0.187036 0.0424347
vt 0.168435 0.0530856
vt 0.188427 0.0470212
vt 0.25 0.0272293
vt 0.25 0.0320453
vt 0.22874 0.0341393
vt 0.25 0.0272293
vt 0.22874 0.0341393
vt 0.22827 0.0293695
vt 0.25 0.0272293
vt 0.22827 0.0293695
vt 0.22874 0.0341393
vt 0.25 0.0272293
vt 0.22874 0.0341393
vt 0.25 0.0320453
vt 0.25 0.0320453
vt 0.25 0.0368614
vt 0.229209 0.0389091
vt 0.25 0.0320453
vt 0.229209 0.0389091
vt 0.22874 0.0341393
vt 0.25 0.0320453
vt 0.22874 0.0341393
vt 0.229209 0.0389091
vt 0.25 0.0320453
vt 0.229209 0.0389091
vt 0.25 0.0368614
vt 0.22874 0.0341393
vt 0.229209 0.0389091
vt 0.208419 0.0409568
vt 0.22874 0.0341393
vt 0.208419 0.0409568
vt 0.207479 0.0362333
vt 0.22874 0.0341393
vt 0.207479 0.0362333
vt 0.208419 0.0409568
vt 0.22874 0.0341393
vt 0.208419 0.0409568
vt 0.229209 0.0389091
vt 0.29346 0.0315098
vt 0.292521 0.0362333
vt 0.27126 0.0341393
vt 0.29346 0.0315098
vt 0.27126 0.0341393
vt 0.27173 0.0293695
vt 0.29346 0.0315098
vt 0.27173 0.0293695
vt 0.27126 0.0341393
vt 0.29346 0.0315098
vt 0.27126 0.0341393
vt 0.292521 0.0362333
vt 0.292521 0.0362333
vt 0.291581 0.0409568
vt 0.270791 0.0389091
vt 0.292521 0.0362333
vt 0.270791 0.0389091
vt 0.27126 0.0341393
vt 0.292521 0.0362333
vt 0.27126 0.0341393
vt 0.270791 0.0389091
vt 0.292521 0.0362333
vt 0.270791 0.0389091
vt 0.291581 0.0409568
vt 0.27126 0.0341393
vt 0.270791 0.0389091
vt 0.25 0.0368614
vt 0.27126 0.0341393
vt 0.25 0.0368614
vt 0.25 0.0320453
vt 0.27126 0.0341393
vt 0.25 0.0320453
vt 0.25 0.0368614
vt 0.27126 0.0341393
vt 0.25 0.0368614
vt 0.270791 0.0389091
vt 0.335251 0.0441866
vt 0.333408 0.0486361
vt 0.312964 0.0424347
vt 0.335251 0.0441866
vt 0.312964 0.0424347
vt 0.314355 0.0378482
vt 0.335251 0.0441866
vt 0.314355 0.0378482
vt 0.312964 0.0424347
vt 0.335251 0.0441866
vt 0.312964 0.0424347
vt 0.333408 0.0486361
vt 0.333408 0.0486361
vt 0.331564 0.0530855
vt 0.311573 0.0470212
vt 0.333408 0.0486361
vt 0.311573 0.0470212
vt 0.312964 0.0424347
vt 0.333408 0.0486361
vt 0.312964 0.0424347
vt 0.311573 0.0470212
vt 0.333408 0.0486361
vt 0.311573 0.0470212
vt 0.331564 0.0530855
vt 0.312964 0.0424347
vt 0.311573 0.0470212
vt 0.291581 0.0409568
vt 0.312964 0.0424347
vt 0.291581 0.0409568
vt 0.292521 0.0362333
vt 0.312964 0.0424347
vt 0.292521 0.0362333
vt 0.291581 0.0409568
vt 0.312964 0.0424347
vt 0.291581 0.0409568
vt 0.311573 0.0470212
vt 0.373765 0.064773
vt 0.371089 0.0687774
vt 0.352248 0.0587067
vt 0.373765 0.064773
vt 0.352248 0.0587067
vt 0.354508 0.0544798
vt 0.373765 0.064773
vt 0.354508 0.0544798
vt 0.352248 0.0587067
vt 0.373765 0.064773
vt 0.352248 0.0587067
vt 0.371089 0.0687774
vt 0.371089 0.0687774
vt 0.368413 0.0727818
vt 0.349989 0.0629337
vt 0.371089 0.0687774
vt 0.349989 0.0629337
vt 0.352248 0.0587067
vt 0.371089 0.0687774
vt 0.352248 0.0587067
vt 0.349989 0.0629337
vt 0.371089 0.0687774
vt 0.349989 0.0629337
vt 0.368413 0.0727818
vt 0.352248 0.0587067
vt 0.349989 0.0629337
vt 0.331564 0.0530855
vt 0.352248 0.0587067
vt 0.331564 0.0530855
vt 0.333408 0.0486361
vt 0.352248 0.0587067
vt 0.333408 0.0486361
vt 0.331564 0.0530855
vt 0.352248 0.0587067
vt 0.331564 0.0530855
vt 0.349989 0.0629337
vt 0.407523 0.0924773
vt 0.404117 0.0958828
vt 0.387603 0.0823301
vt 0.407523 0.0924773
vt 0.387603 0.0823301
vt 0.390644 0.0786252
vt 0.407523 0.0924773
vt 0.390644 0.0786252
vt 0.387603 0.0823301
vt 0.407523 0.0924773
vt 0.387603 0.0823301
vt 0.404117 0.0958828
vt 0.404117 0.0958828
vt 0.400712 0.0992882
vt 0.384563 0.086035
vt 0.404117 0.0958828
vt 0.384563 0.086035
vt 0.387603 0.0823301
vt 0.404117 0.0958828
vt 0.387603 0.0823301
vt 0.384563 0.086035
vt 0.404117 0.0958828
vt 0.384563 0.086035
vt 0.400712 0.0992882
vt 0.387603 0.0823301
vt 0.384563 0.086035
vt 0.368413 0.0727818
vt 0.387603 0.0823301
vt 0.368413 0.0727818
vt 0.371089 0.0687774
vt 0.387603 0.0823301
vt 0.371089 0.0687774
vt 0.368413 0.0727818
vt 0.387603 0.0823301
vt 0.368413 0.0727818
vt 0.384563 0.086035
vt 0.435227 0.126235
vt 0.431223 0.128911
vt 0.41767 0.112397
vt 0.435227 0.126235
vt 0.41767 0.112397
vt 0.421375 0.109356
vt 0.435227 0.126235
vt 0.421375 0.109356
vt 0.41767 0.112397
vt 0.435227 0.126235
vt 0.41767 0.112397
vt 0.431223 0.128911
vt 0.431223 0.128911
vt 0.427218 0.131587
vt 0.413965 0.115437
vt 0.431223 0.128911
vt 0.413965 0.115437
vt 0.41767 0.112397
vt 0.431223 0.128911
vt 0.41767 0.112397
vt 0.413965 0.115437
vt 0.431223 0.128911
vt 0.413965 0.115437
vt 0.427218 0.131587
vt 0.41767 0.112397
vt 0.413965 0.115437
vt 0.400712 0.0992882
vt 0.41767 0.112397
vt 0.400712 0.0992882
vt 0.404117 0.0958828
vt 0.41767 0.112397
vt 0.404117 0.0958828
vt 0.400712 0.0992882
vt 0.41767 0.112397
vt 0.400712 0.0992882
vt 0.413965 0.115437
vt 0.455813 0.164749
vt 0.451364 0.166592
vt 0.441293 0.147752
vt 0.455813 0.164749
vt 0.441293 0.147752
vt 0.44552 0.145492
vt 0.455813 0.164749
vt 0.44552 0.145492
vt 0.441293 0.147752
vt 0.455813 0.164749
vt 0.441293 0.147752
vt 0.451364 0.166592
vt 0.451364 0.166592
vt 0.446914 0.168435
vt 0.437066 0.150011
vt 0.451364 0.166592
vt 0.437066 0.150011
vt 0.441293 0.147752
vt 0.451364 0.166592
vt 0.441293 0.147752
vt 0.437066 0.150011
vt 0.451364 0.166592
vt 0.437066 0.150011
vt 0.446914 0.168435
vt 0.441293 0.147752
vt 0.437066 0.150011
vt 0.427218 0.131587
vt 0.441293 0.147752
vt 0.427218 0.131587
vt 0.431223 0.128911
vt 0.441293 0.147752
vt 0.431223 0.128911
vt 0.427218 0.131587
vt 0.441293 0.147752
vt 0.427218 0.131587
vt 0.437066 0.150011
vt 0.46849 0.20654
vt 0.463767 0.207479
vt 0.457565 0.187036
vt 0.46849 0.20654
vt 0.457565 0.187036
vt 0.462152 0.185644
vt 0.46849 0.20654
vt 0.462152 0.185644
vt 0.457565 0.187036
vt 0.46849 0.20654
vt 0.457565 0.187036
vt 0.463767 0.207479
vt 0.463767 0.207479
vt 0.459043 0.208419
vt 0.452979 0.188427
vt 0.463767 0.207479
vt 0.452979 0.188427
vt 0.457565 0.187036
vt 0.463767 0.207479
vt 0.457565 0.187036
vt 0.452979 0.188427
vt 0.463767 0.207479
vt 0.452979 0.188427
vt 0.459043 0.208419
vt 0.457565 0.187036
vt 0.452979 0.188427
vt 0.446914 0.168435
vt 0.457565 0.187036
vt 0.446914 0.168435
vt 0.451364 0.166592
vt 0.457565 0.187036
vt 0.451364 0.166592
vt 0.446914 0.168435
vt 0.457565 0.187036
vt 0.446914 0.168435
vt 0.452979 0.188427
vt 0.472771 0.25
vt 0.467955 0.25
vt 0.465861 0.22874
vt 0.472771 0.25
vt 0.465861 0.22874
vt 0.47063 0.22827
vt 0.472771 0.25
vt 0.47063 0.22827
vt 0.465861 0.22874
vt 0.472771 0.25
vt 0.465861 0.22874
vt 0.467955 0.25
vt 0.467955 0.25
vt 0.463139 0.25
vt 0.461091 0.229209
vt 0.467955 0.25
vt 0.461091 0.229209
vt 0.465861 0.22874
vt 0.467955 0.25
vt 0.465861 0.22874
vt 0.461091 0.229209
vt 0.467955 0.25
vt 0.461091 0.229209
vt 0.463139 0.25
vt 0.465861 0.22874
vt 0.461091 0.229209
vt 0.459043 0.208419
vt 0.465861 0.22874
vt 0.459043 0.208419
vt 0.463767 0.207479
vt 0.465861 0.22874
vt 0.463767 0.207479
vt 0.459043 0.208419
vt 0.465861 0.22874
vt 0.459043 0.208419
vt 0.461091 0.229209
vt 0.46849 0.29346
vt 0.463767 0.292521
vt 0.465861 0.27126
vt 0.46849 0.29346
vt 0.465861 0.27126
vt 0.47063 0.27173
vt 0.46849 0.29346
vt 0.47063 0.27173
vt 0.465861 0.27126
vt 0.46849 0.29346
vt 0.465861 0.27126
vt 0.463767 0.292521
vt 0.463767 0.292521
vt 0.459043 0.291581
vt 0.461091 0.270791
vt 0.463767 0.292521
vt 0.461091 0.270791
vt 0.465861 0.27126
vt 0.463767 0.292521
vt 0.465861 0.27126
vt 0.461091 0.270791
vt 0.463767 0.292521
vt 0.461091 0.270791
vt 0.459043 0.291581
vt 0.465861 0.27126
vt 0.461091 0.270791
vt 0.463139 0.25
vt 0.465861 0.27126
vt 0.463139 0.25
vt 0.467955 0.25
vt 0.465861 0.27126
vt 0.467955 0.25
vt 0.463139 0.25
vt 0.465861 0.27126
vt 0.463139 0.25
vt 0.461091 0.270791
vt 0.455813 0.335251
vt 0.451364 0.333408
vt 0.457565 0.312964
vt 0.455813 0.335251
vt 0.457565 0.312964
vt 0.462152 0.314356
vt 0.455813 0.335251
vt 0.462152 0.314356
vt 0.457565 0.312964
vt 0.455813 0.335251
vt 0.457565 0.312964
vt 0.451364 0.333408
vt 0.451364 0.333408
vt 0.446914 0.331565
vt 0.452979 0.311573
vt 0.451364 0.333408
vt 0.452979 0.311573
vt 0.457565 0.312964
vt 0.451364 0.333408
vt 0.457565 0.312964
vt 0.452979 0.311573
vt 0.451364 0.333408
vt 0.452979 0.311573
vt 0.446914 0.331565
vt 0.457565 0.312964
vt 0.452979 0.311573
vt 0.459043 0.291581
vt 0.457565 0.312964
vt 0.459043 0.291581
vt 0.463767 0.292521
vt 0.457565 0.312964
vt 0.463767 0.292521
vt 0.459043 0.291581
vt 0.457565 0.312964
vt 0.459043 0.291581
vt 0.452979 0.311573
vt 0.435227 0.373765
vt 0.431223 0.371089
vt 0.441293 0.352248
vt 0.435227 0.373765
vt 0.441293 0.352248
vt 0.44552 0.354508
vt 0.435227 0.373765
vt 0.44552 0.354508
vt 0.441293 0.352248
vt 0.435227 0.373765
vt 0.441293 0.352248
vt 0.431223 0.371089
vt 0.431223 0.371089
vt 0.427218 0.368414
vt 0.437066 0.349989
vt 0.431223 0.371089
vt 0.437066 0.349989
vt 0.441293 0.352248
vt 0.431223 0.371089
vt 0.441293 0.352248
vt 0.437066 0.349989
vt 0.431223 0.371089
vt 0.437066 0.349989
vt 0.427218 0.368414
vt 0.441293 0.352248
vt 0.437066 0.349989
vt 0.446914 0.331565
vt 0.441293 0.352248
vt 0.446914 0.331565
vt 0.451364 0.333408
vt 0.441293 0.352248
vt 0.451364 0.333408
vt 0.446914 0.331565
vt 0.441293 0.352248
vt 0.446914 0.331565
vt 0.437066 0.349989
vt 0.407523 0.407523
vt 0.404117 0.404117
vt 0.41767 0.387603
vt 0.407523 0.407523
vt 0.41767 0.387603
vt 0.421375 0.390644
vt 0.407523 0.407523
vt 0.421375 0.390644
vt 0.41767 0.387603
vt 0.407523 0.407523
vt 0.41767 0.387603
vt 0.404117 0.404117
vt 0.404117 0.404117
vt 0.400712 0.400712
vt 0.413965 0.384563
vt 0.404117 0.404117
vt 0.413965 0.384563
vt 0.41767 0.387603
vt 0.404117 0.404117
vt 0.41767 0.387603
vt 0.413965 0.384563
vt 0.404117 0.404117
vt 0.413965 0.384563
vt 0.400712 0.400712
vt 0.41767 0.387603
vt 0.413965 0.384563
vt 0.427218 0.368414
vt 0.41767 0.387603
vt 0.427218 0.368414
vt 0.431223 0.371089
vt 0.41767 0.387603
vt 0.431223 0.371089
vt 0.427218 0.368414
vt 0.41767 0.387603
vt 0.427218 0.368414
vt 0.413965 0.384563
vt 0.373765 0.435227
vt 0.371089 0.431223
vt 0.387603 0.41767
vt 0.373765 0.435227
vt 0.387603 0.41767
vt 0.390644 0.421375
vt 0.373765 0.435227
vt 0.390644 0.421375
vt 0.387603 0.41767
vt 0.373765 0.435227
vt 0.387603 0.41767
vt 0.371089 0.431223
vt 0.371089 0.431223
vt 0.368414 0.427218
vt 0.384563 0.413965
vt 0.371089 0.431223
vt 0.384563 0.413965
vt 0.387603 0.41767
vt 0.371089 0.431223
vt 0.387603 0.41767
vt 0.384563 0.413965
vt 0.371089 0.431223
vt 0.384563 0.413965
vt 0.368414 0.427218
vt 0.387603 0.41767
vt 0.384563 0.413965
vt 0.400712 0.400712
vt 0.387603 0.41767
vt 0.400712 0.400712
vt 0.404117 0.404117
vt 0.387603 0.41767
vt 0.404117 0.404117
vt 0.400712 0.400712
vt 0.387603 0.41767
vt 0.400712 0.400712
vt 0.384563 0.413965
vt 0.33525 0.455813
vt 0.333407 0.451364
vt 0.352248 0.441293
vt 0.33525 0.455813
vt 0.352248 0.441293
vt 0.354508 0.44552
vt 0.33525 0.455813
vt 0.354508 0.44552
vt 0.352248 0.441293
vt 0.33525 0.455813
vt 0.352248 0.441293
vt 0.333407 0.451364
vt 0.333407 0.451364
vt 0.331564 0.446914
vt 0.349989 0.437066
vt 0.333407 0.451364
vt 0.349989 0.437066
vt 0.352248 0.441293
vt 0.333407 0.451364
vt 0.352248 0.441293
vt 0.349989 0.437066
vt 0.333407 0.451364
vt 0.349989 0.437066
vt 0.331564 0.446914
vt 0.352248 0.441293
vt 0.349989 0.437066
vt 0.368414 0.427218
vt 0.352248 0.441293
vt 0.368414 0.427218
vt 0.371089 0.431223
vt 0.352248 0.441293
vt 0.371089 0.431223
vt 0.368414 0.427218
vt 0.352248 0.441293
vt 0.368414 0.427218
vt 0.349989 0.437066
vt 0.293461 0.46849
vt 0.292521 0.463767
vt 0.312964 0.457565
vt 0.293461 0.46849
vt 0.312964 0.457565
vt 0.314356 0.462152
vt 0.293461 0.46849
vt 0.314356 0.462152
vt 0.312964 0.457565
vt 0.293461 0.46849
vt 0.312964 0.457565
vt 0.292521 0.463767
vt 0.292521 0.463767
vt 0.291581 0.459043
vt 0.311573 0.452979
vt 0.292521 0.463767
vt 0.311573 0.452979
vt 0.312964 0.457565
vt 0.292521 0.463767
vt 0.312964 0.457565
vt 0.311573 0.452979
vt 0.292521 0.463767
vt 0.311573 0.452979
vt 0.291581 0.459043
vt 0.312964 0.457565
vt 0.311573 0.452979
vt 0.331564 0.446914
vt 0.312964 0.457565
vt 0.331564 0.446914
vt 0.333407 0.451364
vt 0.312964 0.457565
vt 0.333407 0.451364
vt 0.331564 0.446914
vt 0.312964 0.457565
vt 0.331564 0.446914
vt 0.311573 0.452979
vt 0.25 0.472771
vt 0.25 0.467955
vt 0.27126 0.465861
vt 0.25 0.472771
vt 0.27126 0.465861
vt 0.27173 0.470631
vt 0.25 0.472771
vt 0.27173 0.470631
vt 0.27126 0.465861
vt 0.25 0.472771
vt 0.27126 0.465861
vt 0.25 0.467955
vt 0.25 0.467955
vt 0.25 0.463139
vt 0.270791 0.461091
vt 0.25 0.467955
vt 0.270791 0.461091
vt 0.27126 0.465861
vt 0.25 0.467955
vt 0.27126 0.465861
vt 0.270791 0.461091
vt 0.25 0.467955
vt 0.270791 0.461091
vt 0.25 0.463139
vt 0.27126 0.465861
vt 0.270791 0.461091
vt 0.291581 0.459043
vt 0.27126 0.465861
vt 0.291581 0.459043
vt 0.292521 0.463767
vt 0.27126 0.465861
vt 0.292521 0.463767
vt 0.291581 0.459043
vt 0.27126 0.465861
vt 0.291581 0.459043
vt 0.270791 0.461091
vt 0.03125 0.5
vt 0.046875 0.5
vt 0.046875 0.685888
vt 0.03125 0.5
vt 0.046875 0.685888
vt 0.03125 0.685888
vt 0.03125 0.5
vt 0.03125 0.685888
vt 0.046875 0.685888
vt 0.03125 0.5
vt 0.046875 0.685888
vt 0.046875 0.5
vt 0.046875 0.5
vt 0.0625 0.5
vt 0.0625 0.685888
vt 0.046875 0.5
vt 0.0625 0.685888
vt 0.046875 0.685888
vt 0.046875 0.5
vt 0.046875 0.685888
vt 0.0625 0.685888
vt 0.046875 0.5
vt 0.0625 0.685888
vt 0.0625 0.5
vt 0.046875 0.685888
vt 0.0625 0.685888
vt 0.0625 0.871775
vt 0.046875 0.685888
vt 0.0625 0.871775
vt 0.046875 0.871775
vt 0.046875 0.685888
vt 0.046875 0.871775
vt 0.0625 0.871775
vt 0.046875 0.685888
vt 0.0625 0.871775
vt 0.0625 0.685888
vt 0.0625 0.5
vt 0.078125 0.5
vt 0.078125 0.685888
vt 0.0625 0.5
vt 0.078125 0.685888
vt 0.0625 0.685888
vt 0.0625 0.5
vt 0.0625 0.685888
vt 0.078125 0.685888
vt 0.0625 0.5
vt 0.078125 0.685888
vt 0.078125 0.5
vt 0.078125 0.5
vt 0.09375 0.5
vt 0.09375 0.685888
vt 0.078125 0.5
vt 0.09375 0.685888
vt 0.078125 0.685888
vt 0.078125 0.5
vt 0.078125 0.685888
vt 0.09375 0.685888
vt 0.078125 0.5
vt 0.09375 0.685888
vt 0.09375 0.5
vt 0.078125 0.685888
vt 0.09375 0.685888
vt 0.09375 0.871775
vt 0.078125 0.685888
vt 0.09375 0.871775
vt 0.078125 0.871775
vt 0.078125 0.685888
vt 0.078125 0.871775
vt 0.09375 0.871775
vt 0.078125 0.685888
vt 0.09375 0.871775
vt 0.09375 0.685888
vt 0.09375 0.5
vt 0.109375 0.5
vt 0.109375 0.685888
vt 0.09375 0.5
vt 0.109375 0.685888
vt 0.09375 0.685888
vt 0.09375 0.5
vt 0.09375 0.685888
vt 0.109375 0.685888
vt 0.09375 0.5
vt 0.109375 0.685888
vt 0.109375 0.5
vt 0.109375 0.5
vt 0.125 0.5
vt 0.125 0.685888
vt 0.109375 0.5
vt 0.125 0.685888
vt 0.109375 0.685888
vt 0.109375 0.5
vt 0.109375 0.685888
vt 0.125 0.685888
vt 0.109375 0.5
vt 0.125 0.685888
vt 0.125 0.5
vt 0.109375 0.685888
vt 0.125 0.685888
vt 0.125 0.871775
vt 0.109375 0.685888
vt 0.125 0.871775
vt 0.109375 0.871775
vt 0.109375 0.685888
vt 0.109375 0.871775
vt 0.125 0.871775
vt 0.109375 0.685888
vt 0.125 0.871775
vt 0.125 0.685888
vt 0.125 0.5
vt 0.140625 0.5
vt 0.140625 0.685888
vt 0.125 0.5
vt 0.140625 0.685888
vt 0.125 0.685888
vt 0.125 0.5
vt 0.125 0.685888
vt 0.140625 0.685888
vt 0.125 0.5
vt 0.140625 0.685888
vt 0.140625 0.5
vt 0.140625 0.5
vt 0.15625 0.5
vt 0.15625 0.685888
vt 0.140625 0.5
vt 0.15625 0.685888
vt 0.140625 0.685888
vt 0.140625 0.5
vt 0.140625 0.685888
vt 0.15625 0.685888
vt 0.140625 0.5
vt 0.15625 0.685888
vt 0.15625 0.5
vt 0.140625 0.685888
vt 0.15625 0.685888
vt 0.15625 0.871775
vt 0.140625 0.685888
vt 0.15625 0.871775
vt 0.140625 0.871775
vt 0.140625 0.685888
vt 0.140625 0.871775
vt 0.15625 0.871775
vt 0.140625 0.685888
vt 0.15625 0.871775
vt 0.15625 0.685888
vt 0.15625 0.5
vt 0.171875 0.5
vt 0.171875 0.685887
vt 0.15625 0.5
vt 0.171875 0.685887
vt 0.15625 0.685888
vt 0.15625 0.5
vt 0.15625 0.685888
vt 0.171875 0.685887
vt 0.15625 0.5
vt 0.171875 0.685887
vt 0.171875 0.5
vt 0.171875 0.5
vt 0.1875 0.5
vt 0.1875 0.685887
vt 0.171875 0.5
vt 0.1875 0.685887
vt 0.171875 0.685887
vt 0.171875 0.5
vt 0.171875 0.685887
vt 0.1875 0.685887
vt 0.171875 0.5
vt 0.1875 0.685887
vt 0.1875 0.5
vt 0.171875 0.685887
vt 0.1875 0.685887
vt 0.1875 0.871775
vt 0.171875 0.685887
vt 0.1875 0.871775
vt 0.171875 0.871775
vt 0.171875 0.685887
vt 0.171875 0.871775
vt 0.1875 0.871775
vt 0.171875 0.685887
vt 0.1875 0.871775
vt 0.1875 0.685887
vt 0.1875 0.5
vt 0.203125 0.5
vt 0.203125 0.685887
vt 0.1875 0.5
vt 0.203125 0.685887
vt 0.1875 0.685887
vt 0.1875 0.5
vt 0.1875 0.685887
vt 0.203125 0.685887
vt 0.1875 0.5
vt 0.203125 0.685887
vt 0.203125 0.5
vt 0.203125 0.5
vt 0.21875 0.5
vt 0.21875 0.685888
vt 0.203125 0.5
vt 0.21875 0.685888
vt 0.203125 0.685887
vt 0.203125 0.5
vt 0.203125 0.685887
vt 0.21875 0.685888
vt 0.203125 0.5
vt 0.21875 0.685888
vt 0.21875 0.5
vt 0.203125 0.685887
vt 0.21875 0.685888
vt 0.21875 0.871775
vt 0.203125 0.685887
vt 0.21875 0.871775
vt 0.203125 0.871775
vt 0.203125 0.685887
vt 0.203125 0.871775
vt 0.21875 0.871775
vt 0.203125 0.685887
vt 0.21875 0.871775
vt 0.21875 0.685888
vt 0.21875 0.5
vt 0.234375 0.5
vt 0.234375 0.685888
vt 0.21875 0.5
vt 0.234375 0.685888
vt 0.21875 0.685888
vt 0.21875 0.5
vt 0.21875 0.685888
vt 0.234375 0.685888
vt 0.21875 0.5
vt 0.234375 0.685888
vt 0.234375 0.5
vt 0.234375 0.5
vt 0.25 0.5
vt 0.25 0.685888
vt 0.234375 0.5
vt 0.25 0.685888
vt 0.234375 0.685888
vt 0.234375 0.5
vt 0.234375 0.685888
vt 0.25 0.685888
vt 0.234375 0.5
vt 0.25 0.685888
vt 0.25 0.5
vt 0.234375 0.685888
vt 0.25 0.685888
vt 0.25 0.871775
vt 0.234375 0.685888
vt 0.25 0.871775
vt 0.234375 0.871775
vt 0.234375 0.685888
vt 0.234375 0.871775
vt 0.25 0.871775
vt 0.234375 0.685888
vt 0.25 0.871775
vt 0.25 0.685888
vt 0.25 0.5
vt 0.265625 0.5
vt 0.265625 0.685888
vt 0.25 0.5
vt 0.265625 0.685888
vt 0.25 0.685888
vt 0.25 0.5
vt 0.25 0.685888
vt 0.265625 0.685888
vt 0.25 0.5
vt 0.265625 0.685888
vt 0.265625 0.5
vt 0.265625 0.5
vt 0.28125 0.5
vt 0.28125 0.685888
vt 0.265625 0.5
vt 0.28125 0.685888
vt 0.265625 0.685888
vt 0.265625 0.5
vt 0.265625 0.685888
vt 0.28125 0.685888
vt 0.265625 0.5
vt 0.28125 0.685888
vt 0.28125 0.5
vt 0.265625 0.685888
vt 0.28125 0.685888
vt 0.28125 0.871775
vt 0.265625 0.685888
vt 0.28125 0.871775
vt 0.265625 0.871775
vt 0.265625 0.685888
vt 0.265625 0.871775
vt 0.28125 0.871775
vt 0.265625 0.685888
vt 0.28125 0.871775
vt 0.28125 0.685888
vt 0.28125 0.5
vt 0.296875 0.5
vt 0.296875 0.685888
vt 0.28125 0.5
vt 0.296875 0.685888
vt 0.28125 0.685888
vt 0.28125 0.5
vt 0.28125 0.685888
vt 0.296875 0.685888
vt 0.28125 0.5
vt 0.296875 0.685888
vt 0.296875 0.5
vt 0.296875 0.5
vt 0.3125 0.5
vt 0.3125 0.685888
vt 0.296875 0.5
vt 0.3125 0.685888
vt 0.296875 0.685888
vt 0.296875 0.5
vt 0.296875 0.685888
vt 0.3125 0.685888
vt 0.296875 0.5
vt 0.3125 0.685888
vt 0.3125 0.5
vt 0.296875 0.685888
vt 0.3125 0.685888
vt 0.3125 0.871775
vt 0.296875 0.685888
vt 0.3125 0.871775
vt 0.296875 0.871775
vt 0.296875 0.685888
vt 0.296875 0.871775
vt 0.3125 0.871775
vt 0.296875 0.685888
vt 0.3125 0.871775
vt 0.3125 0.685888
vt 0.3125 0.5
vt 0.328125 0.5
vt 0.328125 0.685888
vt 0.3125 0.5
vt 0.328125 0.685888
vt 0.3125 0.685888
vt 0.3125 0.5
vt 0.3125 0.685888
vt 0.328125 0.685888
vt 0.3125 0.5
vt 0.328125 0.685888
vt 0.328125 0.5
vt 0.328125 0.5
vt 0.34375 0.5
vt 0.34375 0.685888
vt 0.328125 0.5
vt 0.34375 0.685888
vt 0.328125 0.685888
vt 0.328125 0.5
vt 0.328125 0.685888
vt 0.34375 0.685888
vt 0.328125 0.5
vt 0.34375 0.685888
vt 0.34375 0.5
vt 0.328125 0.685888
vt 0.34375 0.685888
vt 0.34375 0.871775
vt 0.328125 0.685888
vt 0.34375 0.871775
vt 0.328125 0.871775
vt 0.328125 0.685888
vt 0.328125 0.871775
vt 0.34375 0.871775
vt 0.328125 0.685888
vt 0.34375 0.871775
vt 0.34375 0.685888
vt 0.34375 0.5
vt 0.359375 0.5
vt 0.359375 0.685887
vt 0.34375 0.5
vt 0.359375 0.685887
vt 0.34375 0.685888
vt 0.34375 0.5
vt 0.34375 0.685888
vt 0.359375 0.685887
vt 0.34375 0.5
vt 0.359375 0.685887
vt 0.359375 0.5
vt 0.359375 0.5
vt 0.375 0.5
vt 0.375 0.685887
vt 0.359375 0.5
vt 0.375 0.685887
vt 0.359375 0.685887
vt 0.359375 0.5
vt 0.359375 0.685887
vt 0.375 0.685887
vt 0.359375 0.5
vt 0.375 0.685887
vt 0.375 0.5
vt 0.359375 0.685887
vt 0.375 0.685887
vt 0.375 0.871775
vt 0.359375 0.685887
vt 0.375 0.871775
vt 0.359375 0.871775
vt 0.359375 0.685887
vt 0.359375 0.871775
vt 0.375 0.871775
vt 0.359375 0.685887
vt 0.375 0.871775
vt 0.375 0.685887
vt 0.375 0.5
vt 0.390625 0.5
vt 0.390625 0.685887
vt 0.375 0.5
vt 0.390625 0.685887
vt 0.375 0.685887
vt 0.375 0.5
vt 0.375 0.685887
vt 0.390625 0.685887
vt 0.375 0.5
vt 0.390625 0.685887
vt 0.390625 0.5
vt 0.390625 0.5
vt 0.40625 0.5
vt 0.40625 0.685888
vt 0.390625 0.5
vt 0.40625 0.685888
vt 0.390625 0.685887
vt 0.390625 0.5
vt 0.390625 0.685887
vt 0.40625 0.685888
vt 0.390625 0.5
vt 0.40625 0.685888
vt 0.40625 0.5
vt 0.390625 0.685887
vt 0.40625 0.685888
vt 0.40625 0.871775
vt 0.390625 0.685887
vt 0.40625 0.871775
vt 0.390625 0.871775
vt 0.390625 0.685887
vt 0.390625 0.871775
vt 0.40625 0.871775
vt 0.390625 0.685887
vt 0.40625 0.871775
vt 0.40625 0.685888
vt 0.40625 0.5
vt 0.421875 0.5
vt 0.421875 0.685888
vt 0.40625 0.5
vt 0.421875 0.685888
vt 0.40625 0.685888
vt 0.40625 0.5
vt 0.40625 0.685888
vt 0.421875 0.685888
vt 0.40625 0.5
vt 0.421875 0.685888
vt 0.421875 0.5
vt 0.421875 0.5
vt 0.4375 0.5
vt 0.4375 0.685888
vt 0.421875 0.5
vt 0.4375 0.685888
vt 0.421875 0.685888
vt 0.421875 0.5
vt 0.421875 0.685888
vt 0.4375 0.685888
vt 0.421875 0.5
vt 0.4375 0.685888
vt 0.4375 0.5
vt 0.421875 0.685888
vt 0.4375 0.685888
vt 0.4375 0.871775
vt 0.421875 0.685888
vt 0.4375 0.871775
vt 0.421875 0.871775
vt 0.421875 0.685888
vt 0.421875 0.871775
vt 0.4375 0.871775
vt 0.421875 0.685888
vt 0.4375 0.871775
vt 0.4375 0.685888
vt 0.4375 0.5
vt 0.453125 0.5
vt 0.453125 0.685887
vt 0.4375 0.5
vt 0.453125 0.685887
vt 0.4375 0.685888
vt 0.4375 0.5
vt 0.4375 0.685888
vt 0.453125 0.685887
vt 0.4375 0.5
vt 0.453125 0.685887
vt 0.453125 0.5
vt 0.453125 0.5
vt 0.46875 0.5
vt 0.46875 0.685887
vt 0.453125 0.5
vt 0.46875 0.685887
vt 0.453125 0.685887
vt 0.453125 0.5
vt 0.453125 0.685887
vt 0.46875 0.685887
vt 0.453125 0.5
vt 0.46875 0.685887
vt 0.46875 0.5
vt 0.453125 0.685887
vt 0.46875 0.685887
vt 0.46875 0.871775
vt 0.453125 0.685887
vt 0.46875 0.871775
vt 0.453125 0.871775
vt 0.453125 0.685887
vt 0.453125 0.871775
vt 0.46875 0.871775
vt 0.453125 0.685887
vt 0.46875 0.871775
vt 0.46875 0.685887
vt 0.46875 0.5
vt 0.484375 0.5
vt 0.484375 0.685887
vt 0.46875 0.5
vt 0.484375 0.685887
vt 0.46875 0.685887
vt 0.46875 0.5
vt 0.46875 0.685887
vt 0.484375 0.685887
vt 0.46875 0.5
vt 0.484375 0.685887
vt 0.484375 0.5
vt 0.484375 0.5
vt 0.5 0.5
vt 0.5 0.685888
vt 0.484375 0.5
vt 0.5 0.685888
vt 0.484375 0.685887
vt 0.484375 0.5
vt 0.484375 0.685887
vt 0.5 0.685888
vt 0.484375 0.5
vt 0.5 0.685888
vt 0.5 0.5
vt 0.484375 0.685887
vt 0.5 0.685888
vt 0.5 0.871775
vt 0.484375 0.685887
vt 0.5 0.871775
vt 0.484375 0.871775
vt 0.484375 0.685887
vt 0.484375 0.871775
vt 0.5 0.871775
vt 0.484375 0.685887
vt 0.5 0.871775
vt 0.5 0.685888
vt 0.5 0.5
vt 0.515625 0.5
vt 0.515625 0.685888
vt 0.5 0.5
vt 0.515625 0.685888
vt 0.5 0.685888
vt 0.5 0.5
vt 0.5 0.685888
vt 0.515625 0.685888
vt 0.5 0.5
vt 0.515625 0.685888
vt 0.515625 0.5
vt 0.515625 0.5
vt 0.53125 0.5
vt 0.53125 0.685888
vt 0.515625 0.5
vt 0.53125 0.685888
vt 0.515625 0.685888
vt 0.515625 0.5
vt 0.515625 0.685888
vt 0.53125 0.685888
vt 0.515625 0.5
vt 0.53125 0.685888
vt 0.53125 0.5
vt 0.515625 0.685888
vt 0.53125 0.685888
vt 0.53125 0.871775
vt 0.515625 0.685888
vt 0.53125 0.871775
vt 0.515625 0.871775
vt 0.515625 0.685888
vt 0.515625 0.871775
vt 0.53125 0.871775
vt 0.515625 0.685888
vt 0.53125 0.871775
vt 0.53125 0.685888
vt 0.53125 0.5
vt 0.546875 0.5
vt 0.546875 0.685887
vt 0.53125 0.5
vt 0.546875 0.685887
vt 0.53125 0.685888
vt 0.53125 0.5
vt 0.53125 0.685888
vt 0.546875 0.685887
vt 0.53125 0.5
vt 0.546875 0.685887
vt 0.546875 0.5
vt 0.546875 0.5
vt 0.5625 0.5
vt 0.5625 0.685887
vt 0.546875 0.5
vt 0.5625 0.685887
vt 0.546875 0.685887
vt 0.546875 0.5
vt 0.546875 0.685887
vt 0.5625 0.685887
vt 0.546875 0.5
vt 0.5625 0.685887
vt 0.5625 0.5
vt 0.546875 0.685887
vt 0.5625 0.685887
vt 0.5625 0.871775
vt 0.546875 0.685887
vt 0.5625 0.871775
vt 0.546875 0.871775
vt 0.546875 0.685887
vt 0.546875 0.871775
vt 0.5625 0.871775
vt 0.546875 0.685887
vt 0.5625 0.871775
vt 0.5625 0.685887
vt 0.5625 0.5
vt 0.578125 0.5
vt 0.578125 0.685887
vt 0.5625 0.5
vt 0.578125 0.685887
vt 0.5625 0.685887
vt 0.5625 0.5
vt 0.5625 0.685887
vt 0.578125 0.685887
vt 0.5625 0.5
vt 0.578125 0.685887
vt 0.578125 0.5
vt 0.578125 0.5
vt 0.59375 0.5
vt 0.59375 0.685888
vt 0.578125 0.5
vt 0.59375 0.685888
vt 0.578125 0.685887
vt 0.578125 0.5
vt 0.578125 0.685887
vt 0.59375 0.685888
vt 0.578125 0.5
vt 0.59375 0.685888
vt 0.59375 0.5
vt 0.578125 0.685887
vt 0.59375 0.685888
vt 0.59375 0.871775
vt 0.578125 0.685887
vt 0.59375 0.871775
vt 0.578125 0.871775
vt 0.578125 0.685887
vt 0.578125 0.871775
vt 0.59375 0.871775
vt 0.578125 0.685887
vt 0.59375 0.871775
vt 0.59375 0.685888
vt 0.59375 0.5
vt 0.609375 0.5
vt 0.609375 0.685888
vt 0.59375 0.5
vt 0.609375 0.685888
vt 0.59375 0.685888
vt 0.59375 0.5
vt 0.59375 0.685888
vt 0.609375 0.685888
vt 0.59375 0.5
vt 0.609375 0.685888
vt 0.609375 0.5
vt 0.609375 0.5
vt 0.625 0.5
vt 0.625 0.685888
vt 0.609375 0.5
vt 0.625 0.685888
vt 0.609375 0.685888
vt 0.609375 0.5
vt 0.609375 0.685888
vt 0.625 0.685888
vt 0.609375 0.5
vt 0.625 0.685888
vt 0.625 0.5
vt 0.609375 0.685888
vt 0.625 0.685888
vt 0.625 0.871775
vt 0.609375 0.685888
vt 0.625 0.871775
vt 0.609375 0.871775
vt 0.609375 0.685888
vt 0.609375 0.871775
vt 0.625 0.871775
vt 0.609375 0.685888
vt 0.625 0.871775
vt 0.625 0.685888
vt 0.625 0.5
vt 0.640625 0.5
vt 0.640625 0.685888
vt 0.625 0.5
vt 0.640625 0.685888
vt 0.625 0.685888
vt 0.625 0.5
vt 0.625 0.685888
vt 0.640625 0.685888
vt 0.625 0.5
vt 0.640625 0.685888
vt 0.640625 0.5
vt 0.640625 0.5
vt 0.65625 0.5
vt 0.65625 0.685888
vt 0.640625 0.5
vt 0.65625 0.685888
vt 0.640625 0.685888
vt 0.640625 0.5
vt 0.640625 0.685888
vt 0.65625 0.685888
vt 0.640625 0.5
vt 0.65625 0.685888
vt 0.65625 0.5
vt 0.640625 0.685888
vt 0.65625 0.685888
vt 0.65625 0.871775
vt 0.640625 0.685888
vt 0.65625 0.871775
vt 0.640625 0.871775
vt 0.640625 0.685888
vt 0.640625 0.871775
vt 0.65625 0.871775
vt 0.640625 0.685888
vt 0.65625 0.871775
vt 0.65625 0.685888
vt 0.65625 0.5
vt 0.671875 0.5
vt 0.671875 0.685888
vt 0.65625 0.5
vt 0.671875 0.685888
vt 0.65625 0.685888
vt 0.65625 0.5
vt 0.65625 0.685888
vt 0.671875 0.685888
vt 0.65625 0.5
vt 0.671875 0.685888
vt 0.671875 0.5
vt 0.671875 0.5
vt 0.6875 0.5
vt 0.6875 0.685888
vt 0.671875 0.5
vt 0.6875 0.685888
vt 0.671875 0.685888
vt 0.671875 0.5
vt 0.671875 0.685888
vt 0.6875 0.685888
vt 0.671875 0.5
vt 0.6875 0.685888
vt 0.6875 0.5
vt 0.671875 0.685888
vt 0.6875 0.685888
vt 0.6875 0.871775
vt 0.671875 0.685888
vt 0.6875 0.871775
vt 0.671875 0.871775
vt 0.671875 0.685888
vt 0.671875 0.871775
vt 0.6875 0.871775
vt 0.671875 0.685888
vt 0.6875 0.871775
vt 0.6875 0.685888
vt 0.6875 0.5
vt 0.703125 0.5
vt 0.703125 0.685888
vt 0.6875 0.5
vt 0.703125 0.685888
vt 0.6875 0.685888
vt 0.6875 0.5
vt 0.6875 0.685888
vt 0.703125 0.685888
vt 0.6875 0.5
vt 0.703125 0.685888
vt 0.703125 0.5
vt 0.703125 0.5
vt 0.71875 0.5
vt 0.71875 0.685888
vt 0.703125 0.5
vt 0.71875 0.685888
vt 0.703125 0.685888
vt 0.703125 0.5
vt 0.703125 0.685888
vt 0.71875 0.685888
vt 0.703125 0.5
vt 0.71875 0.685888
vt 0.71875 0.5
vt 0.703125 0.685888
vt 0.71875 0.685888
vt 0.71875 0.871775
vt 0.703125 0.685888
vt 0.71875 0.871775
vt 0.703125 0.871775
vt 0.703125 0.685888
vt 0.703125 0.871775
vt 0.71875 0.871775
vt 0.703125 0.685888
vt 0.71875 0.871775
vt 0.71875 0.685888
vt 0.71875 0.5
vt 0.734375 0.5
vt 0.734375 0.685888
vt 0.71875 0.5
vt 0.734375 0.685888
vt 0.71875 0.685888
vt 0.71875 0.5
vt 0.71875 0.685888
vt 0.734375 0.685888
vt 0.71875 0.5
vt 0.734375 0.685888
vt 0.734375 0.5
vt 0.734375 0.5
vt 0.75 0.5
vt 0.75 0.685888
vt 0.734375 0.5
vt 0.75 0.685888
vt 0.734375 0.685888
vt 0.734375 0.5
vt 0.734375 0.685888
vt 0.75 0.685888
vt 0.734375 0.5
vt 0.75 0.685888
vt 0.75 0.5
vt 0.734375 0.685888
vt 0.75 0.685888
vt 0.75 0.871775
vt 0.734375 0.685888
vt 0.75 0.871775
vt 0.734375 0.871775
vt 0.734375 0.685888
vt 0.734375 0.871775
vt 0.75 0.871775
vt 0.734375 0.685888
vt 0.75 0.871775
vt 0.75 0.685888
vt 0.75 0.5
vt 0.765625 0.5
vt 0.765625 0.685887
vt 0.75 0.5
vt 0.765625 0.685887
vt 0.75 0.685888
vt 0.75 0.5
vt 0.75 0.685888
vt 0.765625 0.685887
vt 0.75 0.5
vt 0.765625 0.685887
vt 0.765625 0.5
vt 0.765625 0.5
vt 0.78125 0.5
vt 0.78125 0.685887
vt 0.765625 0.5
vt 0.78125 0.685887
vt 0.765625 0.685887
vt 0.765625 0.5
vt 0.765625 0.685887
vt 0.78125 0.685887
vt 0.765625 0.5
vt 0.78125 0.685887
vt 0.78125 0.5
vt 0.765625 0.685887
vt 0.78125 0.685887
vt 0.78125 0.871775
vt 0.765625 0.685887
vt 0.78125 0.871775
vt 0.765625 0.871775
vt 0.765625 0.685887
vt 0.765625 0.871775
vt 0.78125 0.871775
vt 0.765625 0.685887
vt 0.78125 0.871775
vt 0.78125 0.685887
vt 0.78125 0.5
vt 0.796875 0.5
vt 0.796875 0.685887
vt 0.78125 0.5
vt 0.796875 0.685887
vt 0.78125 0.685887
vt 0.78125 0.5
vt 0.78125 0.685887
vt 0.796875 0.685887
vt 0.78125 0.5
vt 0.796875 0.685887
vt 0.796875 0.5
vt 0.796875 0.5
vt 0.8125 0.5
vt 0.8125 0.685888
vt 0.796875 0.5
vt 0.8125 0.685888
vt 0.796875 0.685887
vt 0.796875 0.5
vt 0.796875 0.685887
vt 0.8125 0.685888
vt 0.796875 0.5
vt 0.8125 0.685888
vt 0.8125 0.5
vt 0.796875 0.685887
vt 0.8125 0.685888
vt 0.8125 0.871775
vt 0.796875 0.685887
vt 0.8125 0.871775
vt 0.796875 0.871775
vt 0.796875 0.685887
vt 0.796875 0.871775
vt 0.8125 0.871775
vt 0.796875 0.685887
vt 0.8125 0.871775
vt 0.8125 0.685888
vt 0.8125 0.5
vt 0.828125 0.5
vt 0.828125 0.685887
vt 0.8125 0.5
vt 0.828125 0.685887
vt 0.8125 0.685888
vt 0.8125 0.5
vt 0.8125 0.685888
vt 0.828125 0.685887
vt 0.8125 0.5
vt 0.828125 0.685887
vt 0.828125 0.5
vt 0.828125 0.5
vt 0.84375 0.5
vt 0.84375 0.685887
vt 0.828125 0.5
vt 0.84375 0.685887
vt 0.828125 0.685887
vt 0.828125 0.5
vt 0.828125 0.685887
vt 0.84375 0.685887
vt 0.828125 0.5
vt 0.84375 0.685887
vt 0.84375 0.5
vt 0.828125 0.685887
vt 0.84375 0.685887
vt 0.84375 0.871775
vt 0.828125 0.685887
vt 0.84375 0.871775
vt 0.828125 0.871775
vt 0.828125 0.685887
vt 0.828125 0.871775
vt 0.84375 0.871775
vt 0.828125 0.685887
vt 0.84375 0.871775
vt 0.84375 0.685887
vt 0.84375 0.5
vt 0.859375 0.5
vt 0.859375 0.685887
vt 0.84375 0.5
vt 0.859375 0.685887
vt 0.84375 0.685887
vt 0.84375 0.5
vt 0.84375 0.685887
vt 0.859375 0.685887
vt 0.84375 0.5
vt 0.859375 0.685887
vt 0.859375 0.5
vt 0.859375 0.5
vt 0.875 0.5
vt 0.875 0.685888
vt 0.859375 0.5
vt 0.875 0.685888
vt 0.859375 0.685887
vt 0.859375 0.5
vt 0.859375 0.685887
vt 0.875 0.685888
vt 0.859375 0.5
vt 0.875 0.685888
vt 0.875 0.5
vt 0.859375 0.685887
vt 0.875 0.685888
vt 0.875 0.871775
vt 0.859375 0.685887
vt 0.875 0.871775
vt 0.859375 0.871775
vt 0.859375 0.685887
vt 0.859375 0.871775
vt 0.875 0.871775
vt 0.859375 0.685887
vt 0.875 0.871775
vt 0.875 0.685888
vt 0.875 0.5
vt 0.890625 0.5
vt 0.890625 0.685888
vt 0.875 0.5
vt 0.890625 0.685888
vt 0.875 0.685888
vt 0.875 0.5
vt 0.875 0.685888
vt 0.890625 0.685888
vt 0.875 0.5
vt 0.890625 0.685888
vt 0.890625 0.5
vt 0.890625 0.5
vt 0.90625 0.5
vt 0.90625 0.685888
vt 0.890625 0.5
vt 0.90625 0.685888
vt 0.890625 0.685888
vt 0.890625 0.5
vt 0.890625 0.685888
vt 0.90625 0.685888
vt 0.890625 0.5
vt 0.90625 0.685888
vt 0.90625 0.5
vt 0.890625 0.685888
vt 0.90625 0.685888
vt 0.90625 0.871775
vt 0.890625 0.685888
vt 0.90625 0.871775
vt 0.890625 0.871775
vt 0.890625 0.685888
vt 0.890625 0.871775
vt 0.90625 0.871775
vt 0.890625 0.685888
vt 0.90625 0.871775
vt 0.90625 0.685888
vt 0.90625 0.5
vt 0.921875 0.5
vt 0.921875 0.685887
vt 0.90625 0.5
vt 0.921875 0.685887
vt 0.90625 0.685888
vt 0.90625 0.5
vt 0.90625 0.685888
vt 0.921875 0.685887
vt 0.90625 0.5
vt 0.921875 0.685887
vt 0.921875 0.5
vt 0.921875 0.5
vt 0.9375 0.5
vt 0.9375 0.685887
vt 0.921875 0.5
vt 0.9375 0.685887
vt 0.921875 0.685887
vt 0.921875 0.5
vt 0.921875 0.685887
vt 0.9375 0.685887
vt 0.921875 0.5
vt 0.9375 0.685887
vt 0.9375 0.5
vt 0.921875 0.685887
vt 0.9375 0.685887
vt 0.9375 0.871775
vt 0.921875 0.685887
vt 0.9375 0.871775
vt 0.921875 0.871775
vt 0.921875 0.685887
vt 0.921875 0.871775
vt 0.9375 0.871775
vt 0.921875 0.685887
vt 0.9375 0.871775
vt 0.9375 0.685887
vt 0.9375 0.5
vt 0.953125 0.5
vt 0.953125 0.685887
vt 0.9375 0.5
vt 0.953125 0.685887
vt 0.9375 0.685887
vt 0.9375 0.5
vt 0.9375 0.685887
vt 0.953125 0.685887
vt 0.9375 0.5
vt 0.953125 0.685887
vt 0.953125 0.5
vt 0.953125 0.5
vt 0.96875 0.5
vt 0.96875 0.685888
vt 0.953125 0.5
vt 0.96875 0.685888
vt 0.953125 0.685887
vt 0.953125 0.5
vt 0.953125 0.685887
vt 0.96875 0.685888
vt 0.953125 0.5
vt 0.96875 0.685888
vt 0.96875 0.5
vt 0.953125 0.685887
vt 0.96875 0.685888
vt 0.96875 0.871775
vt 0.953125 0.685887
vt 0.96875 0.871775
vt 0.953125 0.871775
vt 0.953125 0.685887
vt 0.953125 0.871775
vt 0.96875 0.871775
vt 0.953125 0.685887
vt 0.96875 0.871775
vt 0.96875 0.685888
vt 0 0.5
vt 0.015625 0.5
vt 0.015625 0.685888
vt 0 0.5
vt 0.015625 0.685888
vt 0 0.685888
vt 0 0.5
vt 0 0.685888
vt 0.015625 0.685888
vt 0 0.5
vt 0.015625 0.685888
vt 0.015625 0.5
vt 0.015625 0.5
vt 0.03125 0.5
vt 0.03125 0.685888
vt 0.015625 0.5
vt 0.03125 0.685888
vt 0.015625 0.685888
vt 0.015625 0.5
vt 0.015625 0.685888
vt 0.03125 0.685888
vt 0.015625 0.5
vt 0.03125 0.685888
vt 0.03125 0.5
vt 0.015625 0.685888
vt 0.03125 0.685888
vt 0.03125 0.871775
vt 0.015625 0.685888
vt 0.03125 0.871775
vt 0.015625 0.871775
vt 0.015625 0.685888
vt 0.015625 0.871775
vt 0.03125 0.871775
vt 0.015625 0.685888
vt 0.03125 0.871775
vt 0.03125 0.685888
vt 0.96875 0.5
vt 0.984375 0.5
vt 0.984375 0.685888
vt 0.96875 0.5
vt 0.984375 0.685888
vt 0.96875 0.685888
vt 0.96875 0.5
vt 0.96875 0.685888
vt 0.984375 0.685888
vt 0.96875 0.5
vt 0.984375 0.685888
vt 0.984375 0.5
vt 0.984375 0.5
vt 1 0.5
vt 1 0.685888
vt 0.984375 0.5
vt 1 0.685888
vt 0.984375 0.685888
vt 0.984375 0.5
vt 0.984375 0.685888
vt 1 0.685888
vt 0.984375 0.5
vt 1 0.685888
vt 1 0.5
vt 0.984375 0.685888
vt 1 0.685888
vt 1 0.871775
vt 0.984375 0.685888
vt 1 0.871775
vt 0.984375 0.871775
vt 0.984375 0.685888
vt 0.984375 0.871775
vt 1 0.871775
vt 0.984375 0.685888
vt 1 0.871775
vt 1 0.685888
vt 0.25 0.472771
vt 0.25 0.48137
vt 0.227431 0.479147
vt 0.25 0.472771
vt 0.227431 0.479147
vt 0.22827 0.470631
vt 0.25 0.472771
vt 0.22827 0.470631
vt 0.227431 0.479147
vt 0.25 0.472771
vt 0.227431 0.479147
vt 0.25 0.48137
vt 0.25 0.48137
vt 0.25 0.489969
vt 0.226592 0.487663
vt 0.25 0.48137
vt 0.226592 0.487663
vt 0.227431 0.479147
vt 0.25 0.48137
vt 0.227431 0.479147
vt 0.226592 0.487663
vt 0.25 0.48137
vt 0.226592 0.487663
vt 0.25 0.489969
vt 0.227431 0.479147
vt 0.226592 0.487663
vt 0.203184 0.485358
vt 0.227431 0.479147
vt 0.203184 0.485358
vt 0.204862 0.476924
vt 0.227431 0.479147
vt 0.204862 0.476924
vt 0.203184 0.485358
vt 0.227431 0.479147
vt 0.203184 0.485358
vt 0.226592 0.487663
vt 0.000210842 1
vt 0.000105421 0.935888
vt 0.0156777 0.935888
vt 0.000210842 1
vt 0.0156777 0.935888
vt 0.0157304 1
vt 0.000210842 1
vt 0.0157304 1
vt 0.0156777 0.935888
vt 0.000210842 1
vt 0.0156777 0.935888
vt 0.000105421 0.935888
vt 0.000105421 0.935888
vt 0 0.871775
vt 0.015625 0.871775
vt 0.000105421 0.935888
vt 0.015625 0.871775
vt 0.0156777 0.935888
vt 0.000105421 0.935888
vt 0.0156777 0.935888
vt 0.015625 0.871775
vt 0.000105421 0.935888
vt 0.015625 0.871775
vt 0 0.871775
vt 0.0156777 0.935888
vt 0.015625 0.871775
vt 0.03125 0.871775
vt 0.0156777 0.935888
vt 0.03125 0.871775
vt 0.03125 0.935888
vt 0.0156777 0.935888
vt 0.03125 0.935888
vt 0.03125 0.871775
vt 0.0156777 0.935888
vt 0.03125 0.871775
vt 0.015625 0.871775
vt 0.20654 0.46849
vt 0.204862 0.476924
vt 0.18316 0.470341
vt 0.20654 0.46849
vt 0.18316 0.470341
vt 0.185644 0.462152
vt 0.20654 0.46849
vt 0.185644 0.462152
vt 0.18316 0.470341
vt 0.20654 0.46849
vt 0.18316 0.470341
vt 0.204862 0.476924
vt 0.204862 0.476924
vt 0.203184 0.485358
vt 0.180676 0.47853
vt 0.204862 0.476924
vt 0.180676 0.47853
vt 0.18316 0.470341
vt 0.204862 0.476924
vt 0.18316 0.470341
vt 0.180676 0.47853
vt 0.204862 0.476924
vt 0.180676 0.47853
vt 0.203184 0.485358
vt 0.18316 0.470341
vt 0.180676 0.47853
vt 0.158168 0.471702
vt 0.18316 0.470341
vt 0.158168 0.471702
vt 0.161459 0.463758
vt 0.18316 0.470341
vt 0.161459 0.463758
vt 0.158168 0.471702
vt 0.18316 0.470341
vt 0.158168 0.471702
vt 0.180676 0.47853
vt 0.03125 1
vt 0.03125 0.935888
vt 0.046875 0.935888
vt 0.03125 1
vt 0.046875 0.935888
vt 0.046875 1
vt 0.03125 1
vt 0.046875 1
vt 0.046875 0.935888
vt 0.03125 1
vt 0.046875 0.935888
vt 0.03125 0.935888
vt 0.03125 0.935888
vt 0.03125 0.871775
vt 0.046875 0.871775
vt 0.03125 0.935888
vt 0.046875 0.871775
vt 0.046875 0.935888
vt 0.03125 0.935888
vt 0.046875 0.935888
vt 0.046875 0.871775
vt 0.03125 0.935888
vt 0.046875 0.871775
vt 0.03125 0.871775
vt 0.046875 0.935888
vt 0.046875 0.871775
vt 0.0625 0.871775
vt 0.046875 0.935888
vt 0.0625 0.871775
vt 0.0625 0.935888
vt 0.046875 0.935888
vt 0.0625 0.935888
vt 0.0625 0.871775
vt 0.046875 0.935888
vt 0.0625 0.871775
vt 0.046875 0.871775
vt 0.164749 0.455813
vt 0.161459 0.463758
vt 0.141458 0.453067
vt 0.164749 0.455813
vt 0.141458 0.453067
vt 0.145492 0.44552
vt 0.164749 0.455813
vt 0.145492 0.44552
vt 0.141458 0.453067
vt 0.164749 0.455813
vt 0.141458 0.453067
vt 0.161459 0.463758
vt 0.161459 0.463758
vt 0.158168 0.471702
vt 0.137424 0.460615
vt 0.161459 0.463758
vt 0.137424 0.460615
vt 0.141458 0.453067
vt 0.161459 0.463758
vt 0.141458 0.453067
vt 0.137424 0.460615
vt 0.161459 0.463758
vt 0.137424 0.460615
vt 0.158168 0.471702
vt 0.141458 0.453067
vt 0.137424 0.460615
vt 0.11668 0.449527
vt 0.141458 0.453067
vt 0.11668 0.449527
vt 0.121458 0.442377
vt 0.141458 0.453067
vt 0.121458 0.442377
vt 0.11668 0.449527
vt 0.141458 0.453067
vt 0.11668 0.449527
vt 0.137424 0.460615
vt 0.0625 1
vt 0.0625 0.935888
vt 0.078125 0.935888
vt 0.0625 1
vt 0.078125 0.935888
vt 0.078125 1
vt 0.0625 1
vt 0.078125 1
vt 0.078125 0.935888
vt 0.0625 1
vt 0.078125 0.935888
vt 0.0625 0.935888
vt 0.0625 0.935888
vt 0.0625 0.871775
vt 0.078125 0.871775
vt 0.0625 0.935888
vt 0.078125 0.871775
vt 0.078125 0.935888
vt 0.0625 0.935888
vt 0.078125 0.935888
vt 0.078125 0.871775
vt 0.0625 0.935888
vt 0.078125 0.871775
vt 0.0625 0.871775
vt 0.078125 0.935888
vt 0.078125 0.871775
vt 0.09375 0.871775
vt 0.078125 0.935888
vt 0.09375 0.871775
vt 0.09375 0.935888
vt 0.078125 0.935888
vt 0.09375 0.935888
vt 0.09375 0.871775
vt 0.078125 0.935888
vt 0.09375 0.871775
vt 0.078125 0.871775
vt 0.126235 0.435227
vt 0.121458 0.442377
vt 0.103927 0.42799
vt 0.126235 0.435227
vt 0.103927 0.42799
vt 0.109356 0.421375
vt 0.126235 0.435227
vt 0.109356 0.421375
vt 0.103927 0.42799
vt 0.126235 0.435227
vt 0.103927 0.42799
vt 0.121458 0.442377
vt 0.121458 0.442377
vt 0.11668 0.449527
vt 0.0984984 0.434605
vt 0.121458 0.442377
vt 0.0984984 0.434605
vt 0.103927 0.42799
vt 0.121458 0.442377
vt 0.103927 0.42799
vt 0.0984984 0.434605
vt 0.121458 0.442377
vt 0.0984984 0.434605
vt 0.11668 0.449527
vt 0.103927 0.42799
vt 0.0984984 0.434605
vt 0.0803164 0.419684
vt 0.103927 0.42799
vt 0.0803164 0.419684
vt 0.0863969 0.413603
vt 0.103927 0.42799
vt 0.0863969 0.413603
vt 0.0803164 0.419684
vt 0.103927 0.42799
vt 0.0803164 0.419684
vt 0.0984984 0.434605
vt 0.09375 1
vt 0.09375 0.935888
vt 0.109375 0.935888
vt 0.09375 1
vt 0.109375 0.935888
vt 0.109375 1
vt 0.09375 1
vt 0.109375 1
vt 0.109375 0.935888
vt 0.09375 1
vt 0.109375 0.935888
vt 0.09375 0.935888
vt 0.09375 0.935888
vt 0.09375 0.871775
vt 0.109375 0.871775
vt 0.09375 0.935888
vt 0.109375 0.871775
vt 0.109375 0.935888
vt 0.09375 0.935888
vt 0.109375 0.935888
vt 0.109375 0.871775
vt 0.09375 0.935888
vt 0.109375 0.871775
vt 0.09375 0.871775
vt 0.109375 0.935888
vt 0.109375 0.871775
vt 0.125 0.871775
vt 0.109375 0.935888
vt 0.125 0.871775
vt 0.125 0.935888
vt 0.109375 0.935888
vt 0.125 0.935888
vt 0.125 0.871775
vt 0.109375 0.935888
vt 0.125 0.871775
vt 0.109375 0.871775
vt 0.0924773 0.407523
vt 0.0863969 0.413603
vt 0.0720099 0.396073
vt 0.0924773 0.407523
vt 0.0720099 0.396073
vt 0.0786251 0.390644
vt 0.0924773 0.407523
vt 0.0786251 0.390644
vt 0.0720099 0.396073
vt 0.0924773 0.407523
vt 0.0720099 0.396073
vt 0.0863969 0.413603
vt 0.0863969 0.413603
vt 0.0803164 0.419684
vt 0.0653948 0.401502
vt 0.0863969 0.413603
vt 0.0653948 0.401502
vt 0.0720099 0.396073
vt 0.0863969 0.413603
vt 0.0720099 0.396073
vt 0.0653948 0.401502
vt 0.0863969 0.413603
vt 0.0653948 0.401502
vt 0.0803164 0.419684
vt 0.0720099 0.396073
vt 0.0653948 0.401502
vt 0.0504732 0.38332
vt 0.0720099 0.396073
vt 0.0504732 0.38332
vt 0.057623 0.378542
vt 0.0720099 0.396073
vt 0.057623 0.378542
vt 0.0504732 0.38332
vt 0.0720099 0.396073
vt 0.0504732 0.38332
vt 0.0653948 0.401502
vt 0.125 1
vt 0.125 0.935888
vt 0.140625 0.935888
vt 0.125 1
vt 0.140625 0.935888
vt 0.140625 1
vt 0.125 1
vt 0.140625 1
vt 0.140625 0.935888
vt 0.125 1
vt 0.140625 0.935888
vt 0.125 0.935888
vt 0.125 0.935888
vt 0.125 0.871775
vt 0.140625 0.871775
vt 0.125 0.935888
vt 0.140625 0.871775
vt 0.140625 0.935888
vt 0.125 0.935888
vt 0.140625 0.935888
vt 0.140625 0.871775
vt 0.125 0.935888
vt 0.140625 0.871775
vt 0.125 0.871775
vt 0.140625 0.935888
vt 0.140625 0.871775
vt 0.15625 0.871775
vt 0.140625 0.935888
vt 0.15625 0.871775
vt 0.15625 0.935888
vt 0.140625 0.935888
vt 0.15625 0.935888
vt 0.15625 0.871775
vt 0.140625 0.935888
vt 0.15625 0.871775
vt 0.140625 0.871775
vt 0.0647729 0.373765
vt 0.057623 0.378542
vt 0.0469326 0.358542
vt 0.0647729 0.373765
vt 0.0469326 0.358542
vt 0.0544798 0.354508
vt 0.0647729 0.373765
vt 0.0544798 0.354508
vt 0.0469326 0.358542
vt 0.0647729 0.373765
vt 0.0469326 0.358542
vt 0.057623 0.378542
vt 0.057623 0.378542
vt 0.0504732 0.38332
vt 0.0393854 0.362576
vt 0.057623 0.378542
vt 0.0393854 0.362576
vt 0.0469326 0.358542
vt 0.057623 0.378542
vt 0.0469326 0.358542
vt 0.0393854 0.362576
vt 0.057623 0.378542
vt 0.0393854 0.362576
vt 0.0504732 0.38332
vt 0.0469326 0.358542
vt 0.0393854 0.362576
vt 0.0282977 0.341832
vt 0.0469326 0.358542
vt 0.0282977 0.341832
vt 0.0362421 0.338541
vt 0.0469326 0.358542
vt 0.0362421 0.338541
vt 0.0282977 0.341832
vt 0.0469326 0.358542
vt 0.0282977 0.341832
vt 0.0393854 0.362576
vt 0.15625 1
vt 0.15625 0.935888
vt 0.171875 0.935888
vt 0.15625 1
vt 0.171875 0.935888
vt 0.171875 1
vt 0.15625 1
vt 0.171875 1
vt 0.171875 0.935888
vt 0.15625 1
vt 0.171875 0.935888
vt 0.15625 0.935888
vt 0.15625 0.935888
vt 0.15625 0.871775
vt 0.171875 0.871775
vt 0.15625 0.935888
vt 0.171875 0.871775
vt 0.171875 0.935888
vt 0.15625 0.935888
vt 0.171875 0.935888
vt 0.171875 0.871775
vt 0.15625 0.935888
vt 0.171875 0.871775
vt 0.15625 0.871775
vt 0.171875 0.935888
vt 0.171875 0.871775
vt 0.1875 0.871775
vt 0.171875 0.935888
vt 0.1875 0.871775
vt 0.1875 0.935887
vt 0.171875 0.935888
vt 0.1875 0.935887
vt 0.1875 0.871775
vt 0.171875 0.935888
vt 0.1875 0.871775
vt 0.171875 0.871775
vt 0.0441866 0.335251
vt 0.0362421 0.338541
vt 0.029659 0.31684
vt 0.0441866 0.335251
vt 0.029659 0.31684
vt 0.0378482 0.314356
vt 0.0441866 0.335251
vt 0.0378482 0.314356
vt 0.029659 0.31684
vt 0.0441866 0.335251
vt 0.029659 0.31684
vt 0.0362421 0.338541
vt 0.0362421 0.338541
vt 0.0282977 0.341832
vt 0.0214699 0.319324
vt 0.0362421 0.338541
vt 0.0214699 0.319324
vt 0.029659 0.31684
vt 0.0362421 0.338541
vt 0.029659 0.31684
vt 0.0214699 0.319324
vt 0.0362421 0.338541
vt 0.0214699 0.319324
vt 0.0282977 0.341832
vt 0.029659 0.31684
vt 0.0214699 0.319324
vt 0.0146421 0.296816
vt 0.029659 0.31684
vt 0.0146421 0.296816
vt 0.0230759 0.295138
vt 0.029659 0.31684
vt 0.0230759 0.295138
vt 0.0146421 0.296816
vt 0.029659 0.31684
vt 0.0146421 0.296816
vt 0.0214699 0.319324
vt 0.1875 1
vt 0.1875 0.935887
vt 0.203125 0.935888
vt 0.1875 1
vt 0.203125 0.935888
vt 0.203125 1
vt 0.1875 1
vt 0.203125 1
vt 0.203125 0.935888
vt 0.1875 1
vt 0.203125 0.935888
vt 0.1875 0.935887
vt 0.1875 0.935887
vt 0.1875 0.871775
vt 0.203125 0.871775
vt 0.1875 0.935887
vt 0.203125 0.871775
vt 0.203125 0.935888
vt 0.1875 0.935887
vt 0.203125 0.935888
vt 0.203125 0.871775
vt 0.1875 0.935887
vt 0.203125 0.871775
vt 0.1875 0.871775
vt 0.203125 0.935888
vt 0.203125 0.871775
vt 0.21875 0.871775
vt 0.203125 0.935888
vt 0.21875 0.871775
vt 0.21875 0.935888
vt 0.203125 0.935888
vt 0.21875 0.935888
vt 0.21875 0.871775
vt 0.203125 0.935888
vt 0.21875 0.871775
vt 0.203125 0.871775
vt 0.0315097 0.29346
vt 0.0230759 0.295138
vt 0.0208531 0.272569
vt 0.0315097 0.29346
vt 0.0208531 0.272569
vt 0.0293695 0.27173
vt 0.0315097 0.29346
vt 0.0293695 0.27173
vt 0.0208531 0.272569
vt 0.0315097 0.29346
vt 0.0208531 0.272569
vt 0.0230759 0.295138
vt 0.0230759 0.295138
vt 0.0146421 0.296816
vt 0.0123366 0.273408
vt 0.0230759 0.295138
vt 0.0123366 0.273408
vt 0.0208531 0.272569
vt 0.0230759 0.295138
vt 0.0208531 0.272569
vt 0.0123366 0.273408
vt 0.0230759 0.295138
vt 0.0123366 0.273408
vt 0.0146421 0.296816
vt 0.0208531 0.272569
vt 0.0123366 0.273408
vt 0.0100311 0.25
vt 0.0208531 0.272569
vt 0.0100311 0.25
vt 0.0186302 0.25
vt 0.0208531 0.272569
vt 0.0186302 0.25
vt 0.0100311 0.25
vt 0.0208531 0.272569
vt 0.0100311 0.25
vt 0.0123366 0.273408
vt 0.21875 1
vt 0.21875 0.935888
vt 0.234375 0.935888
vt 0.21875 1
vt 0.234375 0.935888
vt 0.234375 1
vt 0.21875 1
vt 0.234375 1
vt 0.234375 0.935888
vt 0.21875 1
vt 0.234375 0.935888
vt 0.21875 0.935888
vt 0.21875 0.935888
vt 0.21875 0.871775
vt 0.234375 0.871775
vt 0.21875 0.935888
vt 0.234375 0.871775
vt 0.234375 0.935888
vt 0.21875 0.935888
vt 0.234375 0.935888
vt 0.234375 0.871775
vt 0.21875 0.935888
vt 0.234375 0.871775
vt 0.21875 0.871775
vt 0.234375 0.935888
vt 0.234375 0.871775
vt 0.25 0.871775
vt 0.234375 0.935888
vt 0.25 0.871775
vt 0.25 0.935888
vt 0.234375 0.935888
vt 0.25 0.935888
vt 0.25 0.871775
vt 0.234375 0.935888
vt 0.25 0.871775
vt 0.234375 0.871775
vt 0.0272293 0.25
vt 0.0186302 0.25
vt 0.0208531 0.227431
vt 0.0272293 0.25
vt 0.0208531 0.227431
vt 0.0293695 0.22827
vt 0.0272293 0.25
vt 0.0293695 0.22827
vt 0.0208531 0.227431
vt 0.0272293 0.25
vt 0.0208531 0.227431
vt 0.0186302 0.25
vt 0.0186302 0.25
vt 0.0100311 0.25
vt 0.0123366 0.226592
vt 0.0186302 0.25
vt 0.0123366 0.226592
vt 0.0208531 0.227431
vt 0.0186302 0.25
vt 0.0208531 0.227431
vt 0.0123366 0.226592
vt 0.0186302 0.25
vt 0.0123366 0.226592
vt 0.0100311 0.25
vt 0.0208531 0.227431
vt 0.0123366 0.226592
vt 0.0146421 0.203184
vt 0.0208531 0.227431
vt 0.0146421 0.203184
vt 0.0230759 0.204862
vt 0.0208531 0.227431
vt 0.0230759 0.204862
vt 0.0146421 0.203184
vt 0.0208531 0.227431
vt 0.0146421 0.203184
vt 0.0123366 0.226592
vt 0.25 1
vt 0.25 0.935888
vt 0.265625 0.935888
vt 0.25 1
vt 0.265625 0.935888
vt 0.265625 1
vt 0.25 1
vt 0.265625 1
vt 0.265625 0.935888
vt 0.25 1
vt 0.265625 0.935888
vt 0.25 0.935888
vt 0.25 0.935888
vt 0.25 0.871775
vt 0.265625 0.871775
vt 0.25 0.935888
vt 0.265625 0.871775
vt 0.265625 0.935888
vt 0.25 0.935888
vt 0.265625 0.935888
vt 0.265625 0.871775
vt 0.25 0.935888
vt 0.265625 0.871775
vt 0.25 0.871775
vt 0.265625 0.935888
vt 0.265625 0.871775
vt 0.28125 0.871775
vt 0.265625 0.935888
vt 0.28125 0.871775
vt 0.28125 0.935888
vt 0.265625 0.935888
vt 0.28125 0.935888
vt 0.28125 0.871775
vt 0.265625 0.935888
vt 0.28125 0.871775
vt 0.265625 0.871775
vt 0.0315097 0.20654
vt 0.0230759 0.204862
vt 0.029659 0.18316
vt 0.0315097 0.20654
vt 0.029659 0.18316
vt 0.0378482 0.185644
vt 0.0315097 0.20654
vt 0.0378482 0.185644
vt 0.029659 0.18316
vt 0.0315097 0.20654
vt 0.029659 0.18316
vt 0.0230759 0.204862
vt 0.0230759 0.204862
vt 0.0146421 0.203184
vt 0.0214699 0.180676
vt 0.0230759 0.204862
vt 0.0214699 0.180676
vt 0.029659 0.18316
vt 0.0230759 0.204862
vt 0.029659 0.18316
vt 0.0214699 0.180676
vt 0.0230759 0.204862
vt 0.0214699 0.180676
vt 0.0146421 0.203184
vt 0.029659 0.18316
vt 0.0214699 0.180676
vt 0.0282977 0.158168
vt 0.029659 0.18316
vt 0.0282977 0.158168
vt 0.0362422 0.161459
vt 0.029659 0.18316
vt 0.0362422 0.161459
vt 0.0282977 0.158168
vt 0.029659 0.18316
vt 0.0282977 0.158168
vt 0.0214699 0.180676
vt 0.28125 1
vt 0.28125 0.935888
vt 0.296875 0.935888
vt 0.28125 1
vt 0.296875 0.935888
vt 0.296875 1
vt 0.28125 1
vt 0.296875 1
vt 0.296875 0.935888
vt 0.28125 1
vt 0.296875 0.935888
vt 0.28125 0.935888
vt 0.28125 0.935888
vt 0.28125 0.871775
vt 0.296875 0.871775
vt 0.28125 0.935888
vt 0.296875 0.871775
vt 0.296875 0.935888
vt 0.28125 0.935888
vt 0.296875 0.935888
vt 0.296875 0.871775
vt 0.28125 0.935888
vt 0.296875 0.871775
vt 0.28125 0.871775
vt 0.296875 0.935888
vt 0.296875 0.871775
vt 0.3125 0.871775
vt 0.296875 0.935888
vt 0.3125 0.871775
vt 0.3125 0.935888
vt 0.296875 0.935888
vt 0.3125 0.935888
vt 0.3125 0.871775
vt 0.296875 0.935888
vt 0.3125 0.871775
vt 0.296875 0.871775
vt 0.0441867 0.164749
vt 0.0362422 0.161459
vt 0.0469326 0.141458
vt 0.0441867 0.164749
vt 0.0469326 0.141458
vt 0.0544798 0.145492
vt 0.0441867 0.164749
vt 0.0544798 0.145492
vt 0.0469326 0.141458
vt 0.0441867 0.164749
vt 0.0469326 0.141458
vt 0.0362422 0.161459
vt 0.0362422 0.161459
vt 0.0282977 0.158168
vt 0.0393854 0.137424
vt 0.0362422 0.161459
vt 0.0393854 0.137424
vt 0.0469326 0.141458
vt 0.0362422 0.161459
vt 0.0469326 0.141458
vt 0.0393854 0.137424
vt 0.0362422 0.161459
vt 0.0393854 0.137424
vt 0.0282977 0.158168
vt 0.0469326 0.141458
vt 0.0393854 0.137424
vt 0.0504732 0.11668
vt 0.0469326 0.141458
vt 0.0504732 0.11668
vt 0.0576231 0.121458
vt 0.0469326 0.141458
vt 0.0576231 0.121458
vt 0.0504732 0.11668
vt 0.0469326 0.141458
vt 0.0504732 0.11668
vt 0.0393854 0.137424
vt 0.3125 1
vt 0.3125 0.935888
vt 0.328125 0.935888
vt 0.3125 1
vt 0.328125 0.935888
vt 0.328125 1
vt 0.3125 1
vt 0.328125 1
vt 0.328125 0.935888
vt 0.3125 1
vt 0.328125 0.935888
vt 0.3125 0.935888
vt 0.3125 0.935888
vt 0.3125 0.871775
vt 0.328125 0.871775
vt 0.3125 0.935888
vt 0.328125 0.871775
vt 0.328125 0.935888
vt 0.3125 0.935888
vt 0.328125 0.935888
vt 0.328125 0.871775
vt 0.3125 0.935888
vt 0.328125 0.871775
vt 0.3125 0.871775
vt 0.328125 0.935888
vt 0.328125 0.871775
vt 0.34375 0.871775
vt 0.328125 0.935888
vt 0.34375 0.871775
vt 0.34375 0.935888
vt 0.328125 0.935888
vt 0.34375 0.935888
vt 0.34375 0.871775
vt 0.328125 0.935888
vt 0.34375 0.871775
vt 0.328125 0.871775
vt 0.0647729 0.126235
vt 0.0576231 0.121458
vt 0.07201 0.103927
vt 0.0647729 0.126235
vt 0.07201 0.103927
vt 0.0786251 0.109356
vt 0.0647729 0.126235
vt 0.0786251 0.109356
vt 0.07201 0.103927
vt 0.0647729 0.126235
vt 0.07201 0.103927
vt 0.0576231 0.121458
vt 0.0576231 0.121458
vt 0.0504732 0.11668
vt 0.0653948 0.0984984
vt 0.0576231 0.121458
vt 0.0653948 0.0984984
vt 0.07201 0.103927
vt 0.0576231 0.121458
vt 0.07201 0.103927
vt 0.0653948 0.0984984
vt 0.0576231 0.121458
vt 0.0653948 0.0984984
vt 0.0504732 0.11668
vt 0.07201 0.103927
vt 0.0653948 0.0984984
vt 0.0803164 0.0803164
vt 0.07201 0.103927
vt 0.0803164 0.0803164
vt 0.0863968 0.0863968
vt 0.07201 0.103927
vt 0.0863968 0.0863968
vt 0.0803164 0.0803164
vt 0.07201 0.103927
vt 0.0803164 0.0803164
vt 0.0653948 0.0984984
vt 0.34375 1
vt 0.34375 0.935888
vt 0.359375 0.935888
vt 0.34375 1
vt 0.359375 0.935888
vt 0.359375 1
vt 0.34375 1
vt 0.359375 1
vt 0.359375 0.935888
vt 0.34375 1
vt 0.359375 0.935888
vt 0.34375 0.935888
vt 0.34375 0.935888
vt 0.34375 0.871775
vt 0.359375 0.871775
vt 0.34375 0.935888
vt 0.359375 0.871775
vt 0.359375 0.935888
vt 0.34375 0.935888
vt 0.359375 0.935888
vt 0.359375 0.871775
vt 0.34375 0.935888
vt 0.359375 0.871775
vt 0.34375 0.871775
vt 0.359375 0.935888
vt 0.359375 0.871775
vt 0.375 0.871775
vt 0.359375 0.935888
vt 0.375 0.871775
vt 0.375 0.935887
vt 0.359375 0.935888
vt 0.375 0.935887
vt 0.375 0.871775
vt 0.359375 0.935888
vt 0.375 0.871775
vt 0.359375 0.871775
vt 0.0924773 0.0924773
vt 0.0863968 0.0863968
vt 0.103927 0.07201
vt 0.0924773 0.0924773
vt 0.103927 0.07201
vt 0.109356 0.0786251
vt 0.0924773 0.0924773
vt 0.109356 0.0786251
vt 0.103927 0.07201
vt 0.0924773 0.0924773
vt 0.103927 0.07201
vt 0.0863968 0.0863968
vt 0.0863968 0.0863968
vt 0.0803164 0.0803164
vt 0.0984984 0.0653948
vt 0.0863968 0.0863968
vt 0.0984984 0.0653948
vt 0.103927 0.07201
vt 0.0863968 0.0863968
vt 0.103927 0.07201
vt 0.0984984 0.0653948
vt 0.0863968 0.0863968
vt 0.0984984 0.0653948
vt 0.0803164 0.0803164
vt 0.103927 0.07201
vt 0.0984984 0.0653948
vt 0.11668 0.0504732
vt 0.103927 0.07201
vt 0.11668 0.0504732
vt 0.121458 0.0576231
vt 0.103927 0.07201
vt 0.121458 0.0576231
vt 0.11668 0.0504732
vt 0.103927 0.07201
vt 0.11668 0.0504732
vt 0.0984984 0.0653948
vt 0.375 1
vt 0.375 0.935887
vt 0.390625 0.935888
vt 0.375 1
vt 0.390625 0.935888
vt 0.390625 1
vt 0.375 1
vt 0.390625 1
vt 0.390625 0.935888
vt 0.375 1
vt 0.390625 0.935888
vt 0.375 0.935887
vt 0.375 0.935887
vt 0.375 0.871775
vt 0.390625 0.871775
vt 0.375 0.935887
vt 0.390625 0.871775
vt 0.390625 0.935888
vt 0.375 0.935887
vt 0.390625 0.935888
vt 0.390625 0.871775
vt 0.375 0.935887
vt 0.390625 0.871775
vt 0.375 0.871775
vt 0.390625 0.935888
vt 0.390625 0.871775
vt 0.40625 0.871775
vt 0.390625 0.935888
vt 0.40625 0.871775
vt 0.40625 0.935888
vt 0.390625 0.935888
vt 0.40625 0.935888
vt 0.40625 0.871775
vt 0.390625 0.935888
vt 0.40625 0.871775
vt 0.390625 0.871775
vt 0.126235 0.0647729
vt 0.121458 0.0576231
vt 0.141458 0.0469326
vt 0.126235 0.0647729
vt 0.141458 0.0469326
vt 0.145492 0.0544798
vt 0.126235 0.0647729
vt 0.145492 0.0544798
vt 0.141458 0.0469326
vt 0.126235 0.0647729
vt 0.141458 0.0469326
vt 0.121458 0.0576231
vt 0.121458 0.0576231
vt 0.11668 0.0504732
vt 0.137424 0.0393854
vt 0.121458 0.0576231
vt 0.137424 0.0393854
vt 0.141458 0.0469326
vt 0.121458 0.0576231
vt 0.141458 0.0469326
vt 0.137424 0.0393854
vt 0.121458 0.0576231
vt 0.137424 0.0393854
vt 0.11668 0.0504732
vt 0.141458 0.0469326
vt 0.137424 0.0393854
vt 0.158168 0.0282977
vt 0.141458 0.0469326
vt 0.158168 0.0282977
vt 0.161459 0.0362422
vt 0.141458 0.0469326
vt 0.161459 0.0362422
vt 0.158168 0.0282977
vt 0.141458 0.0469326
vt 0.158168 0.0282977
vt 0.137424 0.0393854
vt 0.40625 1
vt 0.40625 0.935888
vt 0.421875 0.935888
vt 0.40625 1
vt 0.421875 0.935888
vt 0.421875 1
vt 0.40625 1
vt 0.421875 1
vt 0.421875 0.935888
vt 0.40625 1
vt 0.421875 0.935888
vt 0.40625 0.935888
vt 0.40625 0.935888
vt 0.40625 0.871775
vt 0.421875 0.871775
vt 0.40625 0.935888
vt 0.421875 0.871775
vt 0.421875 0.935888
vt 0.40625 0.935888
vt 0.421875 0.935888
vt 0.421875 0.871775
vt 0.40625 0.935888
vt 0.421875 0.871775
vt 0.40625 0.871775
vt 0.421875 0.935888
vt 0.421875 0.871775
vt 0.4375 0.871775
vt 0.421875 0.935888
vt 0.4375 0.871775
vt 0.4375 0.935888
vt 0.421875 0.935888
vt 0.4375 0.935888
vt 0.4375 0.871775
vt 0.421875 0.935888
vt 0.4375 0.871775
vt 0.421875 0.871775
vt 0.164749 0.0441867
vt 0.161459 0.0362422
vt 0.18316 0.029659
vt 0.164749 0.0441867
vt 0.18316 0.029659
vt 0.185644 0.0378482
vt 0.164749 0.0441867
vt 0.185644 0.0378482
vt 0.18316 0.029659
vt 0.164749 0.0441867
vt 0.18316 0.029659
vt 0.161459 0.0362422
vt 0.161459 0.0362422
vt 0.158168 0.0282977
vt 0.180676 0.0214699
vt 0.161459 0.0362422
vt 0.180676 0.0214699
vt 0.18316 0.029659
vt 0.161459 0.0362422
vt 0.18316 0.029659
vt 0.180676 0.0214699
vt 0.161459 0.0362422
vt 0.180676 0.0214699
vt 0.158168 0.0282977
vt 0.18316 0.029659
vt 0.180676 0.0214699
vt 0.203184 0.0146421
vt 0.18316 0.029659
vt 0.203184 0.0146421
vt 0.204862 0.0230759
vt 0.18316 0.029659
vt 0.204862 0.0230759
vt 0.203184 0.0146421
vt 0.18316 0.029659
vt 0.203184 0.0146421
vt 0.180676 0.0214699
vt 0.4375 1
vt 0.4375 0.935888
vt 0.453125 0.935888
vt 0.4375 1
vt 0.453125 0.935888
vt 0.453125 1
vt 0.4375 1
vt 0.453125 1
vt 0.453125 0.935888
vt 0.4375 1
vt 0.453125 0.935888
vt 0.4375 0.935888
vt 0.4375 0.935888
vt 0.4375 0.871775
vt 0.453125 0.871775
vt 0.4375 0.935888
vt 0.453125 0.871775
vt 0.453125 0.935888
vt 0.4375 0.935888
vt 0.453125 0.935888
vt 0.453125 0.871775
vt 0.4375 0.935888
vt 0.453125 0.871775
vt 0.4375 0.871775
vt 0.453125 0.935888
vt 0.453125 0.871775
vt 0.46875 0.871775
vt 0.453125 0.935888
vt 0.46875 0.871775
vt 0.46875 0.935887
vt 0.453125 0.935888
vt 0.46875 0.935887
vt 0.46875 0.871775
vt 0.453125 0.935888
vt 0.46875 0.871775
vt 0.453125 0.871775
vt 0.20654 0.0315098
vt 0.204862 0.0230759
vt 0.227431 0.0208531
vt 0.20654 0.0315098
vt 0.227431 0.0208531
vt 0.22827 0.0293695
vt 0.20654 0.0315098
vt 0.22827 0.0293695
vt 0.227431 0.0208531
vt 0.20654 0.0315098
vt 0.227431 0.0208531
vt 0.204862 0.0230759
vt 0.204862 0.0230759
vt 0.203184 0.0146421
vt 0.226592 0.0123366
vt 0.204862 0.0230759
vt 0.226592 0.0123366
vt 0.227431 0.0208531
vt 0.204862 0.0230759
vt 0.227431 0.0208531
vt 0.226592 0.0123366
vt 0.204862 0.0230759
vt 0.226592 0.0123366
vt 0.203184 0.0146421
vt 0.227431 0.0208531
vt 0.226592 0.0123366
vt 0.25 0.0100311
vt 0.227431 0.0208531
vt 0.25 0.0100311
vt 0.25 0.0186302
vt 0.227431 0.0208531
vt 0.25 0.0186302
vt 0.25 0.0100311
vt 0.227431 0.0208531
vt 0.25 0.0100311
vt 0.226592 0.0123366
vt 0.46875 1
vt 0.46875 0.935887
vt 0.484375 0.935888
vt 0.46875 1
vt 0.484375 0.935888
vt 0.484375 1
vt 0.46875 1
vt 0.484375 1
vt 0.484375 0.935888
vt 0.46875 1
vt 0.484375 0.935888
vt 0.46875 0.935887
vt 0.46875 0.935887
vt 0.46875 0.871775
vt 0.484375 0.871775
vt 0.46875 0.935887
vt 0.484375 0.871775
vt 0.484375 0.935888
vt 0.46875 0.935887
vt 0.484375 0.935888
vt 0.484375 0.871775
vt 0.46875 0.935887
vt 0.484375 0.871775
vt 0.46875 0.871775
vt 0.484375 0.935888
vt 0.484375 0.871775
vt 0.5 0.871775
vt 0.484375 0.935888
vt 0.5 0.871775
vt 0.5 0.935888
vt 0.484375 0.935888
vt 0.5 0.935888
vt 0.5 0.871775
vt 0.484375 0.935888
vt 0.5 0.871775
vt 0.484375 0.871775
vt 0.25 0.0272293
vt 0.25 0.0186302
vt 0.272569 0.0208531
vt 0.25 0.0272293
vt 0.272569 0.0208531
vt 0.27173 0.0293695
vt 0.25 0.0272293
vt 0.27173 0.0293695
vt 0.272569 0.0208531
vt 0.25 0.0272293
vt 0.272569 0.0208531
vt 0.25 0.0186302
vt 0.25 0.0186302
vt 0.25 0.0100311
vt 0.273408 0.0123366
vt 0.25 0.0186302
vt 0.273408 0.0123366
vt 0.272569 0.0208531
vt 0.25 0.0186302
vt 0.272569 0.0208531
vt 0.273408 0.0123366
vt 0.25 0.0186302
vt 0.273408 0.0123366
vt 0.25 0.0100311
vt 0.272569 0.0208531
vt 0.273408 0.0123366
vt 0.296816 0.0146421
vt 0.272569 0.0208531
vt 0.296816 0.0146421
vt 0.295138 0.0230759
vt 0.272569 0.0208531
vt 0.295138 0.0230759
vt 0.296816 0.0146421
vt 0.272569 0.0208531
vt 0.296816 0.0146421
vt 0.273408 0.0123366
vt 0.5 1
vt 0.5 0.935888
vt 0.515625 0.935888
vt 0.5 1
vt 0.515625 0.935888
vt 0.515625 1
vt 0.5 1
vt 0.515625 1
vt 0.515625 0.935888
vt 0.5 1
vt 0.515625 0.935888
vt 0.5 0.935888
vt 0.5 0.935888
vt 0.5 0.871775
vt 0.515625 0.871775
vt 0.5 0.935888
vt 0.515625 0.871775
vt 0.515625 0.935888
vt 0.5 0.935888
vt 0.515625 0.935888
vt 0.515625 0.871775
vt 0.5 0.935888
vt 0.515625 0.871775
vt 0.5 0.871775
vt 0.515625 0.935888
vt 0.515625 0.871775
vt 0.53125 0.871775
vt 0.515625 0.935888
vt 0.53125 0.871775
vt 0.53125 0.935888
vt 0.515625 0.935888
vt 0.53125 0.935888
vt 0.53125 0.871775
vt 0.515625 0.935888
vt 0.53125 0.871775
vt 0.515625 0.871775
vt 0.29346 0.0315098
vt 0.295138 0.0230759
vt 0.31684 0.029659
vt 0.29346 0.0315098
vt 0.31684 0.029659
vt 0.314355 0.0378482
vt 0.29346 0.0315098
vt 0.314355 0.0378482
vt 0.31684 0.029659
vt 0.29346 0.0315098
vt 0.31684 0.029659
vt 0.295138 0.0230759
vt 0.295138 0.0230759
vt 0.296816 0.0146421
vt 0.319324 0.0214699
vt 0.295138 0.0230759
vt 0.319324 0.0214699
vt 0.31684 0.029659
vt 0.295138 0.0230759
vt 0.31684 0.029659
vt 0.319324 0.0214699
vt 0.295138 0.0230759
vt 0.319324 0.0214699
vt 0.296816 0.0146421
vt 0.31684 0.029659
vt 0.319324 0.0214699
vt 0.341832 0.0282976
vt 0.31684 0.029659
vt 0.341832 0.0282976
vt 0.338541 0.0362421
vt 0.31684 0.029659
vt 0.338541 0.0362421
vt 0.341832 0.0282976
vt 0.31684 0.029659
vt 0.341832 0.0282976
vt 0.319324 0.0214699
vt 0.53125 1
vt 0.53125 0.935888
vt 0.546875 0.935888
vt 0.53125 1
vt 0.546875 0.935888
vt 0.546875 1
vt 0.53125 1
vt 0.546875 1
vt 0.546875 0.935888
vt 0.53125 1
vt 0.546875 0.935888
vt 0.53125 0.935888
vt 0.53125 0.935888
vt 0.53125 0.871775
vt 0.546875 0.871775
vt 0.53125 0.935888
vt 0.546875 0.871775
vt 0.546875 0.935888
vt 0.53125 0.935888
vt 0.546875 0.935888
vt 0.546875 0.871775
vt 0.53125 0.935888
vt 0.546875 0.871775
vt 0.53125 0.871775
vt 0.546875 0.935888
vt 0.546875 0.871775
vt 0.5625 0.871775
vt 0.546875 0.935888
vt 0.5625 0.871775
vt 0.5625 0.935887
vt 0.546875 0.935888
vt 0.5625 0.935887
vt 0.5625 0.871775
vt 0.546875 0.935888
vt 0.5625 0.871775
vt 0.546875 0.871775
vt 0.335251 0.0441866
vt 0.338541 0.0362421
vt 0.358542 0.0469326
vt 0.335251 0.0441866
vt 0.358542 0.0469326
vt 0.354508 0.0544798
vt 0.335251 0.0441866
vt 0.354508 0.0544798
vt 0.358542 0.0469326
vt 0.335251 0.0441866
vt 0.358542 0.0469326
vt 0.338541 0.0362421
vt 0.338541 0.0362421
vt 0.341832 0.0282976
vt 0.362576 0.0393854
vt 0.338541 0.0362421
vt 0.362576 0.0393854
vt 0.358542 0.0469326
vt 0.338541 0.0362421
vt 0.358542 0.0469326
vt 0.362576 0.0393854
vt 0.338541 0.0362421
vt 0.362576 0.0393854
vt 0.341832 0.0282976
vt 0.358542 0.0469326
vt 0.362576 0.0393854
vt 0.38332 0.0504732
vt 0.358542 0.0469326
vt 0.38332 0.0504732
vt 0.378542 0.0576231
vt 0.358542 0.0469326
vt 0.378542 0.0576231
vt 0.38332 0.0504732
vt 0.358542 0.0469326
vt 0.38332 0.0504732
vt 0.362576 0.0393854
vt 0.5625 1
vt 0.5625 0.935887
vt 0.578125 0.935888
vt 0.5625 1
vt 0.578125 0.935888
vt 0.578125 1
vt 0.5625 1
vt 0.578125 1
vt 0.578125 0.935888
vt 0.5625 1
vt 0.578125 0.935888
vt 0.5625 0.935887
vt 0.5625 0.935887
vt 0.5625 0.871775
vt 0.578125 0.871775
vt 0.5625 0.935887
vt 0.578125 0.871775
vt 0.578125 0.935888
vt 0.5625 0.935887
vt 0.578125 0.935888
vt 0.578125 0.871775
vt 0.5625 0.935887
vt 0.578125 0.871775
vt 0.5625 0.871775
vt 0.578125 0.935888
vt 0.578125 0.871775
vt 0.59375 0.871775
vt 0.578125 0.935888
vt 0.59375 0.871775
vt 0.59375 0.935888
vt 0.578125 0.935888
vt 0.59375 0.935888
vt 0.59375 0.871775
vt 0.578125 0.935888
vt 0.59375 0.871775
vt 0.578125 0.871775
vt 0.373765 0.064773
vt 0.378542 0.0576231
vt 0.396073 0.07201
vt 0.373765 0.064773
vt 0.396073 0.07201
vt 0.390644 0.0786252
vt 0.373765 0.064773
vt 0.390644 0.0786252
vt 0.396073 0.07201
vt 0.373765 0.064773
vt 0.396073 0.07201
vt 0.378542 0.0576231
vt 0.378542 0.0576231
vt 0.38332 0.0504732
vt 0.401502 0.0653948
vt 0.378542 0.0576231
vt 0.401502 0.0653948
vt 0.396073 0.07201
vt 0.378542 0.0576231
vt 0.396073 0.07201
vt 0.401502 0.0653948
vt 0.378542 0.0576231
vt 0.401502 0.0653948
vt 0.38332 0.0504732
vt 0.396073 0.07201
vt 0.401502 0.0653948
vt 0.419684 0.0803164
vt 0.396073 0.07201
vt 0.419684 0.0803164
vt 0.413603 0.0863969
vt 0.396073 0.07201
vt 0.413603 0.0863969
vt 0.419684 0.0803164
vt 0.396073 0.07201
vt 0.419684 0.0803164
vt 0.401502 0.0653948
vt 0.59375 1
vt 0.59375 0.935888
vt 0.609375 0.935888
vt 0.59375 1
vt 0.609375 0.935888
vt 0.609375 1
vt 0.59375 1
vt 0.609375 1
vt 0.609375 0.935888
vt 0.59375 1
vt 0.609375 0.935888
vt 0.59375 0.935888
vt 0.59375 0.935888
vt 0.59375 0.871775
vt 0.609375 0.871775
vt 0.59375 0.935888
vt 0.609375 0.871775
vt 0.609375 0.935888
vt 0.59375 0.935888
vt 0.609375 0.935888
vt 0.609375 0.871775
vt 0.59375 0.935888
vt 0.609375 0.871775
vt 0.59375 0.871775
vt 0.609375 0.935888
vt 0.609375 0.871775
vt 0.625 0.871775
vt 0.609375 0.935888
vt 0.625 0.871775
vt 0.625 0.935888
vt 0.609375 0.935888
vt 0.625 0.935888
vt 0.625 0.871775
vt 0.609375 0.935888
vt 0.625 0.871775
vt 0.609375 0.871775
vt 0.407523 0.0924773
vt 0.413603 0.0863969
vt 0.42799 0.103927
vt 0.407523 0.0924773
vt 0.42799 0.103927
vt 0.421375 0.109356
vt 0.407523 0.0924773
vt 0.421375 0.109356
vt 0.42799 0.103927
vt 0.407523 0.0924773
vt 0.42799 0.103927
vt 0.413603 0.0863969
vt 0.413603 0.0863969
vt 0.419684 0.0803164
vt 0.434605 0.0984984
vt 0.413603 0.0863969
vt 0.434605 0.0984984
vt 0.42799 0.103927
vt 0.413603 0.0863969
vt 0.42799 0.103927
vt 0.434605 0.0984984
vt 0.413603 0.0863969
vt 0.434605 0.0984984
vt 0.419684 0.0803164
vt 0.42799 0.103927
vt 0.434605 0.0984984
vt 0.449527 0.11668
vt 0.42799 0.103927
vt 0.449527 0.11668
vt 0.442377 0.121458
vt 0.42799 0.103927
vt 0.442377 0.121458
vt 0.449527 0.11668
vt 0.42799 0.103927
vt 0.449527 0.11668
vt 0.434605 0.0984984
vt 0.625 1
vt 0.625 0.935888
vt 0.640625 0.935888
vt 0.625 1
vt 0.640625 0.935888
vt 0.640625 1
vt 0.625 1
vt 0.640625 1
vt 0.640625 0.935888
vt 0.625 1
vt 0.640625 0.935888
vt 0.625 0.935888
vt 0.625 0.935888
vt 0.625 0.871775
vt 0.640625 0.871775
vt 0.625 0.935888
vt 0.640625 0.871775
vt 0.640625 0.935888
vt 0.625 0.935888
vt 0.640625 0.935888
vt 0.640625 0.871775
vt 0.625 0.935888
vt 0.640625 0.871775
vt 0.625 0.871775
vt 0.640625 0.935888
vt 0.640625 0.871775
vt 0.65625 0.871775
vt 0.640625 0.935888
vt 0.65625 0.871775
vt 0.65625 0.935888
vt 0.640625 0.935888
vt 0.65625 0.935888
vt 0.65625 0.871775
vt 0.640625 0.935888
vt 0.65625 0.871775
vt 0.640625 0.871775
vt 0.435227 0.126235
vt 0.442377 0.121458
vt 0.453067 0.141458
vt 0.435227 0.126235
vt 0.453067 0.141458
vt 0.44552 0.145492
vt 0.435227 0.126235
vt 0.44552 0.145492
vt 0.453067 0.141458
vt 0.435227 0.126235
vt 0.453067 0.141458
vt 0.442377 0.121458
vt 0.442377 0.121458
vt 0.449527 0.11668
vt 0.460615 0.137424
vt 0.442377 0.121458
vt 0.460615 0.137424
vt 0.453067 0.141458
vt 0.442377 0.121458
vt 0.453067 0.141458
vt 0.460615 0.137424
vt 0.442377 0.121458
vt 0.460615 0.137424
vt 0.449527 0.11668
vt 0.453067 0.141458
vt 0.460615 0.137424
vt 0.471702 0.158168
vt 0.453067 0.141458
vt 0.471702 0.158168
vt 0.463758 0.161459
vt 0.453067 0.141458
vt 0.463758 0.161459
vt 0.471702 0.158168
vt 0.453067 0.141458
vt 0.471702 0.158168
vt 0.460615 0.137424
vt 0.65625 1
vt 0.65625 0.935888
vt 0.671875 0.935888
vt 0.65625 1
vt 0.671875 0.935888
vt 0.671875 1
vt 0.65625 1
vt 0.671875 1
vt 0.671875 0.935888
vt 0.65625 1
vt 0.671875 0.935888
vt 0.65625 0.935888
vt 0.65625 0.935888
vt 0.65625 0.871775
vt 0.671875 0.871775
vt 0.65625 0.935888
vt 0.671875 0.871775
vt 0.671875 0.935888
vt 0.65625 0.935888
vt 0.671875 0.935888
vt 0.671875 0.871775
vt 0.65625 0.935888
vt 0.671875 0.871775
vt 0.65625 0.871775
vt 0.671875 0.935888
vt 0.671875 0.871775
vt 0.6875 0.871775
vt 0.671875 0.935888
vt 0.6875 0.871775
vt 0.6875 0.935888
vt 0.671875 0.935888
vt 0.6875 0.935888
vt 0.6875 0.871775
vt 0.671875 0.935888
vt 0.6875 0.871775
vt 0.671875 0.871775
vt 0.455813 0.164749
vt 0.463758 0.161459
vt 0.470341 0.18316
vt 0.455813 0.164749
vt 0.470341 0.18316
vt 0.462152 0.185644
vt 0.455813 0.164749
vt 0.462152 0.185644
vt 0.470341 0.18316
vt 0.455813 0.164749
vt 0.470341 0.18316
vt 0.463758 0.161459
vt 0.463758 0.161459
vt 0.471702 0.158168
vt 0.47853 0.180676
vt 0.463758 0.161459
vt 0.47853 0.180676
vt 0.470341 0.18316
vt 0.463758 0.161459
vt 0.470341 0.18316
vt 0.47853 0.180676
vt 0.463758 0.161459
vt 0.47853 0.180676
vt 0.471702 0.158168
vt 0.470341 0.18316
vt 0.47853 0.180676
vt 0.485358 0.203184
vt 0.470341 0.18316
vt 0.485358 0.203184
vt 0.476924 0.204862
vt 0.470341 0.18316
vt 0.476924 0.204862
vt 0.485358 0.203184
vt 0.470341 0.18316
vt 0.485358 0.203184
vt 0.47853 0.180676
vt 0.6875 1
vt 0.6875 0.935888
vt 0.703125 0.935888
vt 0.6875 1
vt 0.703125 0.935888
vt 0.703125 1
vt 0.6875 1
vt 0.703125 1
vt 0.703125 0.935888
vt 0.6875 1
vt 0.703125 0.935888
vt 0.6875 0.935888
vt 0.6875 0.935888
vt 0.6875 0.871775
vt 0.703125 0.871775
vt 0.6875 0.935888
vt 0.703125 0.871775
vt 0.703125 0.935888
vt 0.6875 0.935888
vt 0.703125 0.935888
vt 0.703125 0.871775
vt 0.6875 0.935888
vt 0.703125 0.871775
vt 0.6875 0.871775
vt 0.703125 0.935888
vt 0.703125 0.871775
vt 0.71875 0.871775
vt 0.703125 0.935888
vt 0.71875 0.871775
vt 0.71875 0.935888
vt 0.703125 0.935888
vt 0.71875 0.935888
vt 0.71875 0.871775
vt 0.703125 0.935888
vt 0.71875 0.871775
vt 0.703125 0.871775
vt 0.46849 0.20654
vt 0.476924 0.204862
vt 0.479147 0.227431
vt 0.46849 0.20654
vt 0.479147 0.227431
vt 0.47063 0.22827
vt 0.46849 0.20654
vt 0.47063 0.22827
vt 0.479147 0.227431
vt 0.46849 0.20654
vt 0.479147 0.227431
vt 0.476924 0.204862
vt 0.476924 0.204862
vt 0.485358 0.203184
vt 0.487663 0.226592
vt 0.476924 0.204862
vt 0.487663 0.226592
vt 0.479147 0.227431
vt 0.476924 0.204862
vt 0.479147 0.227431
vt 0.487663 0.226592
vt 0.476924 0.204862
vt 0.487663 0.226592
vt 0.485358 0.203184
vt 0.479147 0.227431
vt 0.487663 0.226592
vt 0.489969 0.25
vt 0.479147 0.227431
vt 0.489969 0.25
vt 0.48137 0.25
vt 0.479147 0.227431
vt 0.48137 0.25
vt 0.489969 0.25
vt 0.479147 0.227431
vt 0.489969 0.25
vt 0.487663 0.226592
vt 0.71875 1
vt 0.71875 0.935888
vt 0.734375 0.935888
vt 0.71875 1
vt 0.734375 0.935888
vt 0.734375 1
vt 0.71875 1
vt 0.734375 1
vt 0.734375 0.935888
vt 0.71875 1
vt 0.734375 0.935888
vt 0.71875 0.935888
vt 0.71875 0.935888
vt 0.71875 0.871775
vt 0.734375 0.871775
vt 0.71875 0.935888
vt 0.734375 0.871775
vt 0.734375 0.935888
vt 0.71875 0.935888
vt 0.734375 0.935888
vt 0.734375 0.871775
vt 0.71875 0.935888
vt 0.734375 0.871775
vt 0.71875 0.871775
vt 0.734375 0.935888
vt 0.734375 0.871775
vt 0.75 0.871775
vt 0.734375 0.935888
vt 0.75 0.871775
vt 0.75 0.935888
vt 0.734375 0.935888
vt 0.75 0.935888
vt 0.75 0.871775
vt 0.734375 0.935888
vt 0.75 0.871775
vt 0.734375 0.871775
vt 0.472771 0.25
vt 0.48137 0.25
vt 0.479147 0.272569
vt 0.472771 0.25
vt 0.479147 0.272569
vt 0.47063 0.27173
vt 0.472771 0.25
vt 0.47063 0.27173
vt 0.479147 0.272569
vt 0.472771 0.25
vt 0.479147 0.272569
vt 0.48137 0.25
vt 0.48137 0.25
vt 0.489969 0.25
vt 0.487663 0.273408
vt 0.48137 0.25
vt 0.487663 0.273408
vt 0.479147 0.272569
vt 0.48137 0.25
vt 0.479147 0.272569
vt 0.487663 0.273408
vt 0.48137 0.25
vt 0.487663 0.273408
vt 0.489969 0.25
vt 0.479147 0.272569
vt 0.487663 0.273408
vt 0.485358 0.296816
vt 0.479147 0.272569
vt 0.485358 0.296816
vt 0.476924 0.295138
vt 0.479147 0.272569
vt 0.476924 0.295138
vt 0.485358 0.296816
vt 0.479147 0.272569
vt 0.485358 0.296816
vt 0.487663 0.273408
vt 0.75 1
vt 0.75 0.935888
vt 0.765625 0.935888
vt 0.75 1
vt 0.765625 0.935888
vt 0.765625 1
vt 0.75 1
vt 0.765625 1
vt 0.765625 0.935888
vt 0.75 1
vt 0.765625 0.935888
vt 0.75 0.935888
vt 0.75 0.935888
vt 0.75 0.871775
vt 0.765625 0.871775
vt 0.75 0.935888
vt 0.765625 0.871775
vt 0.765625 0.935888
vt 0.75 0.935888
vt 0.765625 0.935888
vt 0.765625 0.871775
vt 0.75 0.935888
vt 0.765625 0.871775
vt 0.75 0.871775
vt 0.765625 0.935888
vt 0.765625 0.871775
vt 0.78125 0.871775
vt 0.765625 0.935888
vt 0.78125 0.871775
vt 0.78125 0.935887
vt 0.765625 0.935888
vt 0.78125 0.935887
vt 0.78125 0.871775
vt 0.765625 0.935888
vt 0.78125 0.871775
vt 0.765625 0.871775
vt 0.46849 0.29346
vt 0.476924 0.295138
vt 0.470341 0.31684
vt 0.46849 0.29346
vt 0.470341 0.31684
vt 0.462152 0.314356
vt 0.46849 0.29346
vt 0.462152 0.314356
vt 0.470341 0.31684
vt 0.46849 0.29346
vt 0.470341 0.31684
vt 0.476924 0.295138
vt 0.476924 0.295138
vt 0.485358 0.296816
vt 0.47853 0.319324
vt 0.476924 0.295138
vt 0.47853 0.319324
vt 0.470341 0.31684
vt 0.476924 0.295138
vt 0.470341 0.31684
vt 0.47853 0.319324
vt 0.476924 0.295138
vt 0.47853 0.319324
vt 0.485358 0.296816
vt 0.470341 0.31684
vt 0.47853 0.319324
vt 0.471702 0.341832
vt 0.470341 0.31684
vt 0.471702 0.341832
vt 0.463758 0.338541
vt 0.470341 0.31684
vt 0.463758 0.338541
vt 0.471702 0.341832
vt 0.470341 0.31684
vt 0.471702 0.341832
vt 0.47853 0.319324
vt 0.78125 1
vt 0.78125 0.935887
vt 0.796875 0.935888
vt 0.78125 1
vt 0.796875 0.935888
vt 0.796875 1
vt 0.78125 1
vt 0.796875 1
vt 0.796875 0.935888
vt 0.78125 1
vt 0.796875 0.935888
vt 0.78125 0.935887
vt 0.78125 0.935887
vt 0.78125 0.871775
vt 0.796875 0.871775
vt 0.78125 0.935887
vt 0.796875 0.871775
vt 0.796875 0.935888
vt 0.78125 0.935887
vt 0.796875 0.935888
vt 0.796875 0.871775
vt 0.78125 0.935887
vt 0.796875 0.871775
vt 0.78125 0.871775
vt 0.796875 0.935888
vt 0.796875 0.871775
vt 0.8125 0.871775
vt 0.796875 0.935888
vt 0.8125 0.871775
vt 0.8125 0.935888
vt 0.796875 0.935888
vt 0.8125 0.935888
vt 0.8125 0.871775
vt 0.796875 0.935888
vt 0.8125 0.871775
vt 0.796875 0.871775
vt 0.455813 0.335251
vt 0.463758 0.338541
vt 0.453067 0.358542
vt 0.455813 0.335251
vt 0.453067 0.358542
vt 0.44552 0.354508
vt 0.455813 0.335251
vt 0.44552 0.354508
vt 0.453067 0.358542
vt 0.455813 0.335251
vt 0.453067 0.358542
vt 0.463758 0.338541
vt 0.463758 0.338541
vt 0.471702 0.341832
vt 0.460615 0.362576
vt 0.463758 0.338541
vt 0.460615 0.362576
vt 0.453067 0.358542
vt 0.463758 0.338541
vt 0.453067 0.358542
vt 0.460615 0.362576
vt 0.463758 0.338541
vt 0.460615 0.362576
vt 0.471702 0.341832
vt 0.453067 0.358542
vt 0.460615 0.362576
vt 0.449527 0.38332
vt 0.453067 0.358542
vt 0.449527 0.38332
vt 0.442377 0.378542
vt 0.453067 0.358542
vt 0.442377 0.378542
vt 0.449527 0.38332
vt 0.453067 0.358542
vt 0.449527 0.38332
vt 0.460615 0.362576
vt 0.8125 1
vt 0.8125 0.935888
vt 0.828125 0.935887
vt 0.8125 1
vt 0.828125 0.935887
vt 0.828125 1
vt 0.8125 1
vt 0.828125 1
vt 0.828125 0.935887
vt 0.8125 1
vt 0.828125 0.935887
vt 0.8125 0.935888
vt 0.8125 0.935888
vt 0.8125 0.871775
vt 0.828125 0.871775
vt 0.8125 0.935888
vt 0.828125 0.871775
vt 0.828125 0.935887
vt 0.8125 0.935888
vt 0.828125 0.935887
vt 0.828125 0.871775
vt 0.8125 0.935888
vt 0.828125 0.871775
vt 0.8125 0.871775
vt 0.828125 0.935887
vt 0.828125 0.871775
vt 0.84375 0.871775
vt 0.828125 0.935887
vt 0.84375 0.871775
vt 0.84375 0.935887
vt 0.828125 0.935887
vt 0.84375 0.935887
vt 0.84375 0.871775
vt 0.828125 0.935887
vt 0.84375 0.871775
vt 0.828125 0.871775
vt 0.435227 0.373765
vt 0.442377 0.378542
vt 0.42799 0.396073
vt 0.435227 0.373765
vt 0.42799 0.396073
vt 0.421375 0.390644
vt 0.435227 0.373765
vt 0.421375 0.390644
vt 0.42799 0.396073
vt 0.435227 0.373765
vt 0.42799 0.396073
vt 0.442377 0.378542
vt 0.442377 0.378542
vt 0.449527 0.38332
vt 0.434605 0.401502
vt 0.442377 0.378542
vt 0.434605 0.401502
vt 0.42799 0.396073
vt 0.442377 0.378542
vt 0.42799 0.396073
vt 0.434605 0.401502
vt 0.442377 0.378542
vt 0.434605 0.401502
vt 0.449527 0.38332
vt 0.42799 0.396073
vt 0.434605 0.401502
vt 0.419684 0.419684
vt 0.42799 0.396073
vt 0.419684 0.419684
vt 0.413603 0.413603
vt 0.42799 0.396073
vt 0.413603 0.413603
vt 0.419684 0.419684
vt 0.42799 0.396073
vt 0.419684 0.419684
vt 0.434605 0.401502
vt 0.84375 1
vt 0.84375 0.935887
vt 0.859375 0.935887
vt 0.84375 1
vt 0.859375 0.935887
vt 0.859375 1
vt 0.84375 1
vt 0.859375 1
vt 0.859375 0.935887
vt 0.84375 1
vt 0.859375 0.935887
vt 0.84375 0.935887
vt 0.84375 0.935887
vt 0.84375 0.871775
vt 0.859375 0.871775
vt 0.84375 0.935887
vt 0.859375 0.871775
vt 0.859375 0.935887
vt 0.84375 0.935887
vt 0.859375 0.935887
vt 0.859375 0.871775
vt 0.84375 0.935887
vt 0.859375 0.871775
vt 0.84375 0.871775
vt 0.859375 0.935887
vt 0.859375 0.871775
vt 0.875 0.871775
vt 0.859375 0.935887
vt 0.875 0.871775
vt 0.875 0.935888
vt 0.859375 0.935887
vt 0.875 0.935888
vt 0.875 0.871775
vt 0.859375 0.935887
vt 0.875 0.871775
vt 0.859375 0.871775
vt 0.407523 0.407523
vt 0.413603 0.413603
vt 0.396073 0.42799
vt 0.407523 0.407523
vt 0.396073 0.42799
vt 0.390644 0.421375
vt 0.407523 0.407523
vt 0.390644 0.421375
vt 0.396073 0.42799
vt 0.407523 0.407523
vt 0.396073 0.42799
vt 0.413603 0.413603
vt 0.413603 0.413603
vt 0.419684 0.419684
vt 0.401502 0.434605
vt 0.413603 0.413603
vt 0.401502 0.434605
vt 0.396073 0.42799
vt 0.413603 0.413603
vt 0.396073 0.42799
vt 0.401502 0.434605
vt 0.413603 0.413603
vt 0.401502 0.434605
vt 0.419684 0.419684
vt 0.396073 0.42799
vt 0.401502 0.434605
vt 0.38332 0.449527
vt 0.396073 0.42799
vt 0.38332 0.449527
vt 0.378542 0.442377
vt 0.396073 0.42799
vt 0.378542 0.442377
vt 0.38332 0.449527
vt 0.396073 0.42799
vt 0.38332 0.449527
vt 0.401502 0.434605
vt 0.875 1
vt 0.875 0.935888
vt 0.890625 0.935888
vt 0.875 1
vt 0.890625 0.935888
vt 0.890625 1
vt 0.875 1
vt 0.890625 1
vt 0.890625 0.935888
vt 0.875 1
vt 0.890625 0.935888
vt 0.875 0.935888
vt 0.875 0.935888
vt 0.875 0.871775
vt 0.890625 0.871775
vt 0.875 0.935888
vt 0.890625 0.871775
vt 0.890625 0.935888
vt 0.875 0.935888
vt 0.890625 0.935888
vt 0.890625 0.871775
vt 0.875 0.935888
vt 0.890625 0.871775
vt 0.875 0.871775
vt 0.890625 0.935888
vt 0.890625 0.871775
vt 0.90625 0.871775
vt 0.890625 0.935888
vt 0.90625 0.871775
vt 0.90625 0.935888
vt 0.890625 0.935888
vt 0.90625 0.935888
vt 0.90625 0.871775
vt 0.890625 0.935888
vt 0.90625 0.871775
vt 0.890625 0.871775
vt 0.373765 0.435227
vt 0.378542 0.442377
vt 0.358542 0.453067
vt 0.373765 0.435227
vt 0.358542 0.453067
vt 0.354508 0.44552
vt 0.373765 0.435227
vt 0.354508 0.44552
vt 0.358542 0.453067
vt 0.373765 0.435227
vt 0.358542 0.453067
vt 0.378542 0.442377
vt 0.378542 0.442377
vt 0.38332 0.449527
vt 0.362576 0.460615
vt 0.378542 0.442377
vt 0.362576 0.460615
vt 0.358542 0.453067
vt 0.378542 0.442377
vt 0.358542 0.453067
vt 0.362576 0.460615
vt 0.378542 0.442377
vt 0.362576 0.460615
vt 0.38332 0.449527
vt 0.358542 0.453067
vt 0.362576 0.460615
vt 0.341832 0.471702
vt 0.358542 0.453067
vt 0.341832 0.471702
vt 0.338541 0.463758
vt 0.358542 0.453067
vt 0.338541 0.463758
vt 0.341832 0.471702
vt 0.358542 0.453067
vt 0.341832 0.471702
vt 0.362576 0.460615
vt 0.90625 1
vt 0.90625 0.935888
vt 0.921875 0.935888
vt 0.90625 1
vt 0.921875 0.935888
vt 0.921875 1
vt 0.90625 1
vt 0.921875 1
vt 0.921875 0.935888
vt 0.90625 1
vt 0.921875 0.935888
vt 0.90625 0.935888
vt 0.90625 0.935888
vt 0.90625 0.871775
vt 0.921875 0.871775
vt 0.90625 0.935888
vt 0.921875 0.871775
vt 0.921875 0.935888
vt 0.90625 0.935888
vt 0.921875 0.935888
vt 0.921875 0.871775
vt 0.90625 0.935888
vt 0.921875 0.871775
vt 0.90625 0.871775
vt 0.921875 0.935888
vt 0.921875 0.871775
vt 0.9375 0.871775
vt 0.921875 0.935888
vt 0.9375 0.871775
vt 0.9375 0.935887
vt 0.921875 0.935888
vt 0.9375 0.935887
vt 0.9375 0.871775
vt 0.921875 0.935888
vt 0.9375 0.871775
vt 0.921875 0.871775
vt 0.33525 0.455813
vt 0.338541 0.463758
vt 0.31684 0.470341
vt 0.33525 0.455813
vt 0.31684 0.470341
vt 0.314356 0.462152
vt 0.33525 0.455813
vt 0.314356 0.462152
vt 0.31684 0.470341
vt 0.33525 0.455813
vt 0.31684 0.470341
vt 0.338541 0.463758
vt 0.338541 0.463758
vt 0.341832 0.471702
vt 0.319324 0.47853
vt 0.338541 0.463758
vt 0.319324 0.47853
vt 0.31684 0.470341
vt 0.338541 0.463758
vt 0.31684 0.470341
vt 0.319324 0.47853
vt 0.338541 0.463758
vt 0.319324 0.47853
vt 0.341832 0.471702
vt 0.31684 0.470341
vt 0.319324 0.47853
vt 0.296816 0.485358
vt 0.31684 0.470341
vt 0.296816 0.485358
vt 0.295138 0.476924
vt 0.31684 0.470341
vt 0.295138 0.476924
vt 0.296816 0.485358
vt 0.31684 0.470341
vt 0.296816 0.485358
vt 0.319324 0.47853
vt 0.9375 1
vt 0.9375 0.935887
vt 0.953125 0.935888
vt 0.9375 1
vt 0.953125 0.935888
vt 0.953125 1
vt 0.9375 1
vt 0.953125 1
vt 0.953125 0.935888
vt 0.9375 1
vt 0.953125 0.935888
vt 0.9375 0.935887
vt 0.9375 0.935887
vt 0.9375 0.871775
vt 0.953125 0.871775
vt 0.9375 0.935887
vt 0.953125 0.871775
vt 0.953125 0.935888
vt 0.9375 0.935887
vt 0.953125 0.935888
vt 0.953125 0.871775
vt 0.9375 0.935887
vt 0.953125 0.871775
vt 0.9375 0.871775
vt 0.953125 0.935888
vt 0.953125 0.871775
vt 0.96875 0.871775
vt 0.953125 0.935888
vt 0.96875 0.871775
vt 0.96875 0.935888
vt 0.953125 0.935888
vt 0.96875 0.935888
vt 0.96875 0.871775
vt 0.953125 0.935888
vt 0.96875 0.871775
vt 0.953125 0.871775
vt 0.293461 0.46849
vt 0.295138 0.476924
vt 0.272569 0.479147
vt 0.293461 0.46849
vt 0.272569 0.479147
vt 0.27173 0.470631
vt 0.293461 0.46849
vt 0.27173 0.470631
vt 0.272569 0.479147
vt 0.293461 0.46849
vt 0.272569 0.479147
vt 0.295138 0.476924
vt 0.295138 0.476924
vt 0.296816 0.485358
vt 0.273408 0.487663
vt 0.295138 0.476924
vt 0.273408 0.487663
vt 0.272569 0.479147
vt 0.295138 0.476924
vt 0.272569 0.479147
vt 0.273408 0.487663
vt 0.295138 0.476924
vt 0.273408 0.487663
vt 0.296816 0.485358
vt 0.272569 0.479147
vt 0.273408 0.487663
vt 0.25 0.489969
vt 0.272569 0.479147
vt 0.25 0.489969
vt 0.25 0.48137
vt 0.272569 0.479147
vt 0.25 0.48137
vt 0.25 0.489969
vt 0.272569 0.479147
vt 0.25 0.489969
vt 0.273408 0.487663
vt 0.96875 1
vt 0.96875 0.935888
vt 0.984322 0.935888
vt 0.96875 1
vt 0.984322 0.935888
vt 0.98427 1
vt 0.96875 1
vt 0.98427 1
vt 0.984322 0.935888
vt 0.96875 1
vt 0.984322 0.935888
vt 0.96875 0.935888
vt 0.96875 0.935888
vt 0.96875 0.871775
vt 0.984375 0.871775
vt 0.96875 0.935888
vt 0.984375 0.871775
vt 0.984322 0.935888
vt 0.96875 0.935888
vt 0.984322 0.935888
vt 0.984375 0.871775
vt 0.96875 0.935888
vt 0.984375 0.871775
vt 0.96875 0.871775
vt 0.984322 0.935888
vt 0.984375 0.871775
vt 1 0.871775
vt 0.984322 0.935888
vt 1 0.871775
vt 0.999895 0.935888
vt 0.984322 0.935888
vt 0.999895 0.935888
vt 1 0.871775
vt 0.984322 0.935888
vt 1 0.871775
vt 0.984375 0.871775
f 513/1 3/2 4/3
f 513/4 4/5 514/6
f 515/7 5/8 6/9
f 515/10 6/11 516/12
f 517/13 7/14 8/15
f 517/16 8/17 518/18
f 519/19 9/20 10/21
f 519/22 10/23 520/24
f 521/25 11/26 12/27
f 521/28 12/29 522/30
f 523/31 13/32 14/33
f 523/34 14/35 524/36
f 525/37 15/38 16/39
f 525/40 16/41 526/42
f 527/43 17/44 18/45
f 527/46 18/47 528/48
f 529/49 19/50 20/51
f 529/52 20/53 530/54
f 531/55 21/56 22/57
f 531/58 22/59 532/60
f 533/61 23/62 24/63
f 533/64 24/65 534/66
f 535/67 25/68 26/69
f 535/70 26/71 536/72
f 537/73 27/74 28/75
f 537/76 28/77 538/78
f 539/79 29/80 30/81
f 539/82 30/83 540/84
f 541/85 31/86 32/87
f 541/88 32/89 542/90
f 543/91 33/92 34/93
f 543/94 34/95 544/96
f 545/97 35/98 36/99
f 545/100 36/101 546/102
f 547/103 37/104 38/105
f 547/106 38/107 548/108
f 549/109 39/110 40/111
f 549/112 40/113 550/114
f 551/115 41/116 42/117
f 551/118 42/119 552/120
f 553/121 43/122 44/123
f 553/124 44/125 554/126
f 555/127 45/128 46/129
f 555/130 46/131 556/132
f 557/133 47/134 48/135
f 557/136 48/137 558/138
f 559/139 49/140 50/141
f 559/142 50/143 560/144
f 561/145 51/146 52/147
f 561/148 52/149 562/150
f 563/151 53/152 54/153
f 563/154 54/155 564/156
f 565/157 55/158 56/159
f 565/160 56/161 566/162
f 567/163 57/164 58/165
f 567/166 58/167 568/168
f 569/169 59/170 60/171
f 569/172 60/173 570/174
f 571/175 61/176 62/177
f 571/178 62/179 572/180
f 573/181 63/182 64/183
f 573/184 64/185 574/186
f 575/187 1/188 2/189
f 575/190 2/191 576/192
f 1/193 513/194 514/195
f 1/196 514/197 2/198
f 3/199 515/200 516/201
f 3/202 516/203 4/204
f 5/205 517/206 518/207
f 5/208 518/209 6/210
f 7/211 519/212 520/213
f 7/214 520/215 8/216
f 9/217 521/218 522/219
f 9/220 522/221 10/222
f 11/223 523/224 524/225
f 11/226 524/227 12/228
f 13/229 525/230 526/231
f 13/232 526/233 14/234
f 15/235 527/236 528/237
f 15/238 528/239 16/240
f 17/241 529/242 530/243
f 17/244 530/245 18/246
f 19/247 531/248 532/249
f 19/250 532/251 20/252
f 21/253 533/254 534/255
f 21/256 534/257 22/258
f 23/259 535/260 536/261
f 23/262 536/263 24/264
f 25/265 537/266 538/267
f 25/268 538/269 26/270
f 27/271 539/272 540/273
f 27/274 540/275 28/276
f 29/277 541/278 542/279
f 29/280 542/281 30/282
f 31/283 543/284 544/285
f 31/286 544/287 32/288
f 33/289 545/290 546/291
f 33/292 546/293 34/294
f 35/295 547/296 548/297
f 35/298 548/299 36/300
f 37/301 549/302 550/303
f 37/304 550/305 38/306
f 39/307 551/308 552/309
f 39/310 552/311 40/312
f 41/313 553/314 554/315
f 41/316 554/317 42/318
f 43/319 555/320 556/321
f 43/322 556/323 44/324
f 45/325 557/326 558/327
f 45/328 558/329 46/330
f 47/331 559/332 560/333
f 47/334 560/335 48/336
f 49/337 561/338 562/339
f 49/340 562/341 50/342
f 51/343 563/344 564/345
f 51/346 564/347 52/348
f 53/349 565/350 566/351
f 53/352 566/353 54/354
f 55/355 567/356 568/357
f 55/358 568/359 56/360
f 57/361 569/362 570/363
f 57/364 570/365 58/366
f 59/367 571/368 572/369
f 59/370 572/371 60/372
f 61/373 573/374 574/375
f 61/376 574/377 62/378
f 63/379 575/380 576/381
f 63/382 576/383 64/384
f 584/385 1920/386 581/387
f 584/388 581/389 69/390
f 583/391 70/392 582/393
f 583/394 582/395 1919/396
f 590/397 1918/398 587/399
f 590/400 587/401 257/402
f 589/403 258/404 588/405
f 589/406 588/407 1917/408
f 596/409 1916/410 578/411
f 596/412 578/413 76/414
f 595/415 75/416 577/417
f 595/418 577/419 1915/420
f 600/421 1914/422 586/423
f 600/424 586/425 260/426
f 599/427 259/428 585/429
f 599/430 585/431 1913/432
f 606/433 1912/434 592/435
f 606/436 592/437 82/438
f 605/439 81/440 591/441
f 605/442 591/443 1911/444
f 610/445 1910/446 598/447
f 610/448 598/449 262/450
f 609/451 261/452 597/453
f 609/454 597/455 1909/456
f 616/457 1908/458 602/459
f 616/460 602/461 88/462
f 615/463 87/464 601/465
f 615/466 601/467 1907/468
f 620/469 1906/470 608/471
f 620/472 608/473 264/474
f 619/475 263/476 607/477
f 619/478 607/479 1905/480
f 626/481 1904/482 612/483
f 626/484 612/485 94/486
f 625/487 93/488 611/489
f 625/490 611/491 1903/492
f 630/493 1902/494 618/495
f 630/496 618/497 266/498
f 629/499 265/500 617/501
f 629/502 617/503 1901/504
f 636/505 1900/506 622/507
f 636/508 622/509 100/510
f 635/511 99/512 621/513
f 635/514 621/515 1899/516
f 640/517 1898/518 628/519
f 640/520 628/521 268/522
f 639/523 267/524 627/525
f 639/526 627/527 1897/528
f 646/529 1896/530 632/531
f 646/532 632/533 106/534
f 645/535 105/536 631/537
f 645/538 631/539 1895/540
f 650/541 1894/542 638/543
f 650/544 638/545 270/546
f 649/547 269/548 637/549
f 649/550 637/551 1893/552
f 656/553 1892/554 642/555
f 656/556 642/557 112/558
f 655/559 111/560 641/561
f 655/562 641/563 1891/564
f 660/565 1890/566 648/567
f 660/568 648/569 272/570
f 659/571 271/572 647/573
f 659/574 647/575 1889/576
f 666/577 1888/578 652/579
f 666/580 652/581 118/582
f 665/583 117/584 651/585
f 665/586 651/587 1887/588
f 670/589 1886/590 658/591
f 670/592 658/593 274/594
f 669/595 273/596 657/597
f 669/598 657/599 1885/600
f 676/601 1884/602 662/603
f 676/604 662/605 124/606
f 675/607 123/608 661/609
f 675/610 661/611 1883/612
f 680/613 1882/614 668/615
f 680/616 668/617 276/618
f 679/619 275/620 667/621
f 679/622 667/623 1881/624
f 686/625 1880/626 672/627
f 686/628 672/629 130/630
f 685/631 129/632 671/633
f 685/634 671/635 1879/636
f 690/637 1878/638 678/639
f 690/640 678/641 278/642
f 689/643 277/644 677/645
f 689/646 677/647 1877/648
f 696/649 1876/650 682/651
f 696/652 682/653 136/654
f 695/655 135/656 681/657
f 695/658 681/659 1875/660
f 700/661 1874/662 688/663
f 700/664 688/665 280/666
f 699/667 279/668 687/669
f 699/670 687/671 1873/672
f 706/673 1872/674 692/675
f 706/676 692/677 142/678
f 705/679 141/680 691/681
f 705/682 691/683 1871/684
f 710/685 1870/686 698/687
f 710/688 698/689 282/690
f 709/691 281/692 697/693
f 709/694 697/695 1869/696
f 716/697 1868/698 702/699
f 716/700 702/701 148/702
f 715/703 147/704 701/705
f 715/706 701/707 1867/708
f 720/709 1866/710 708/711
f 720/712 708/713 284/714
f 719/715 283/716 707/717
f 719/718 707/719 1865/720
f 726/721 1864/722 712/723
f 726/724 712/725 154/726
f 725/727 153/728 711/729
f 725/730 711/731 1863/732
f 730/733 1862/734 718/735
f 730/736 718/737 286/738
f 729/739 285/740 717/741
f 729/742 717/743 1861/744
f 736/745 1860/746 722/747
f 736/748 722/749 160/750
f 735/751 159/752 721/753
f 735/754 721/755 1859/756
f 740/757 1858/758 728/759
f 740/760 728/761 288/762
f 739/763 287/764 727/765
f 739/766 727/767 1857/768
f 746/769 1856/770 732/771
f 746/772 732/773 166/774
f 745/775 165/776 731/777
f 745/778 731/779 1855/780
f 750/781 1854/782 738/783
f 750/784 738/785 290/786
f 749/787 289/788 737/789
f 749/790 737/791 1853/792
f 756/793 1852/794 742/795
f 756/796 742/797 172/798
f 755/799 171/800 741/801
f 755/802 741/803 1851/804
f 760/805 1850/806 748/807
f 760/808 748/809 292/810
f 759/811 291/812 747/813
f 759/814 747/815 1849/816
f 766/817 1848/818 752/819
f 766/820 752/821 178/822
f 765/823 177/824 751/825
f 765/826 751/827 1847/828
f 770/829 1846/830 758/831
f 770/832 758/833 294/834
f 769/835 293/836 757/837
f 769/838 757/839 1845/840
f 776/841 1844/842 762/843
f 776/844 762/845 184/846
f 775/847 183/848 761/849
f 775/850 761/851 1843/852
f 780/853 1842/854 768/855
f 780/856 768/857 296/858
f 779/859 295/860 767/861
f 779/862 767/863 1841/864
f 786/865 1840/866 772/867
f 786/868 772/869 190/870
f 785/871 189/872 771/873
f 785/874 771/875 1839/876
f 790/877 1838/878 778/879
f 790/880 778/881 298/882
f 789/883 297/884 777/885
f 789/886 777/887 1837/888
f 796/889 1836/890 782/891
f 796/892 782/893 196/894
f 795/895 195/896 781/897
f 795/898 781/899 1835/900
f 800/901 1834/902 788/903
f 800/904 788/905 300/906
f 799/907 299/908 787/909
f 799/910 787/911 1833/912
f 806/913 1832/914 792/915
f 806/916 792/917 202/918
f 805/919 201/920 791/921
f 805/922 791/923 1831/924
f 810/925 1830/926 798/927
f 810/928 798/929 302/930
f 809/931 301/932 797/933
f 809/934 797/935 1829/936
f 816/937 1828/938 802/939
f 816/940 802/941 208/942
f 815/943 207/944 801/945
f 815/946 801/947 1827/948
f 820/949 1826/950 808/951
f 820/952 808/953 304/954
f 819/955 303/956 807/957
f 819/958 807/959 1825/960
f 826/961 1824/962 812/963
f 826/964 812/965 214/966
f 825/967 213/968 811/969
f 825/970 811/971 1823/972
f 830/973 1822/974 818/975
f 830/976 818/977 306/978
f 829/979 305/980 817/981
f 829/982 817/983 1821/984
f 836/985 1820/986 822/987
f 836/988 822/989 220/990
f 835/991 219/992 821/993
f 835/994 821/995 1819/996
f 840/997 1818/998 828/999
f 840/1000 828/1001 308/1002
f 839/1003 307/1004 827/1005
f 839/1006 827/1007 1817/1008
f 846/1009 1816/1010 832/1011
f 846/1012 832/1013 226/1014
f 845/1015 225/1016 831/1017
f 845/1018 831/1019 1815/1020
f 850/1021 1814/1022 838/1023
f 850/1024 838/1025 310/1026
f 849/1027 309/1028 837/1029
f 849/1030 837/1031 1813/1032
f 856/1033 1812/1034 842/1035
f 856/1036 842/1037 232/1038
f 855/1039 231/1040 841/1041
f 855/1042 841/1043 1811/1044
f 860/1045 1810/1046 848/1047
f 860/1048 848/1049 312/1050
f 859/1051 311/1052 847/1053
f 859/1054 847/1055 1809/1056
f 866/1057 1808/1058 852/1059
f 866/1060 852/1061 238/1062
f 865/1063 237/1064 851/1065
f 865/1066 851/1067 1807/1068
f 870/1069 1806/1070 858/1071
f 870/1072 858/1073 314/1074
f 869/1075 313/1076 857/1077
f 869/1078 857/1079 1805/1080
f 876/1081 1804/1082 862/1083
f 876/1084 862/1085 244/1086
f 875/1087 243/1088 861/1089
f 875/1090 861/1091 1803/1092
f 880/1093 1802/1094 868/1095
f 880/1096 868/1097 316/1098
f 879/1099 315/1100 867/1101
f 879/1102 867/1103 1801/1104
f 886/1105 1800/1106 872/1107
f 886/1108 872/1109 250/1110
f 885/1111 249/1112 871/1113
f 885/1114 871/1115 1799/1116
f 890/1117 1798/1118 878/1119
f 890/1120 878/1121 318/1122
f 889/1123 317/1124 877/1125
f 889/1126 877/1127 1797/1128
f 894/1129 1796/1130 882/1131
f 894/1132 882/1133 256/1134
f 893/1135 255/1136 881/1137
f 893/1138 881/1139 1795/1140
f 896/1141 1794/1142 888/1143
f 896/1144 888/1145 320/1146
f 895/1147 319/1148 887/1149
f 895/1150 887/1151 1793/1152
f 1092/1153 72/1154 1090/1155
f 1092/1156 1090/1157 66/1158
f 1092/1159 66/1160 1152/1161
f 1092/1162 1152/1163 252/1164
f 1092/1165 252/1166 1150/1167
f 1092/1168 1150/1169 246/1170
f 1092/1171 246/1172 1148/1173
f 1092/1174 1148/1175 240/1176
f 1092/1177 240/1178 1146/1179
f 1092/1180 1146/1181 234/1182
f 1092/1183 234/1184 1144/1185
f 1092/1186 1144/1187 228/1188
f 1092/1189 228/1190 1142/1191
f 1092/1192 1142/1193 222/1194
f 1092/1195 222/1196 1140/1197
f 1092/1198 1140/1199 216/1200
f 1092/1201 216/1202 1138/1203
f 1092/1204 1138/1205 210/1206
f 1092/1207 210/1208 1136/1209
f 1092/1210 1136/1211 204/1212
f 1092/1213 204/1214 1134/1215
f 1092/1216 1134/1217 198/1218
f 1092/1219 198/1220 1132/1221
f 1092/1222 1132/1223 192/1224
f 1092/1225 192/1226 1130/1227
f 1092/1228 1130/1229 186/1230
f 1092/1231 186/1232 1128/1233
f 1092/1234 1128/1235 180/1236
f 1092/1237 180/1238 1126/1239
f 1092/1240 1126/1241 174/1242
f 1092/1243 174/1244 1124/1245
f 1092/1246 1124/1247 168/1248
f 1092/1249 168/1250 1122/1251
f 1092/1252 1122/1253 162/1254
f 1092/1255 162/1256 1120/1257
f 1092/1258 1120/1259 156/1260
f 1092/1261 156/1262 1118/1263
f 1092/1264 1118/1265 150/1266
f 1092/1267 150/1268 1116/1269
f 1092/1270 1116/1271 144/1272
f 1092/1273 144/1274 1114/1275
f 1092/1276 1114/1277 138/1278
f 1092/1279 138/1280 1112/1281
f 1092/1282 1112/1283 132/1284
f 1092/1285 132/1286 1110/1287
f 1092/1288 1110/1289 126/1290
f 1092/1291 126/1292 1108/1293
f 1092/1294 1108/1295 120/1296
f 1092/1297 120/1298 1106/1299
f 1092/1300 1106/1301 114/1302
f 1092/1303 114/1304 1104/1305
f 1092/1306 1104/1307 108/1308
f 1092/1309 108/1310 1102/1311
f 1092/1312 1102/1313 102/1314
f 1092/1315 102/1316 1100/1317
f 1092/1318 1100/1319 96/1320
f 1092/1321 96/1322 1098/1323
f 1092/1324 1098/1325 90/1326
f 1092/1327 90/1328 1096/1329
f 1092/1330 1096/1331 84/1332
f 1092/1333 84/1334 1094/1335
f 1092/1336 1094/1337 78/1338
f 1091/1339 77/1340 1093/1341
f 1091/1342 1093/1343 83/1344
f 1091/1345 83/1346 1095/1347
f 1091/1348 1095/1349 89/1350
f 1091/1351 89/1352 1097/1353
f 1091/1354 1097/1355 95/1356
f 1091/1357 95/1358 1099/1359
f 1091/1360 1099/1361 101/1362
f 1091/1363 101/1364 1101/1365
f 1091/1366 1101/1367 107/1368
f 1091/1369 107/1370 1103/1371
f 1091/1372 1103/1373 113/1374
f 1091/1375 113/1376 1105/1377
f 1091/1378 1105/1379 119/1380
f 1091/1381 119/1382 1107/1383
f 1091/1384 1107/1385 125/1386
f 1091/1387 125/1388 1109/1389
f 1091/1390 1109/1391 131/1392
f 1091/1393 131/1394 1111/1395
f 1091/1396 1111/1397 137/1398
f 1091/1399 137/1400 1113/1401
f 1091/1402 1113/1403 143/1404
f 1091/1405 143/1406 1115/1407
f 1091/1408 1115/1409 149/1410
f 1091/1411 149/1412 1117/1413
f 1091/1414 1117/1415 155/1416
f 1091/1417 155/1418 1119/1419
f 1091/1420 1119/1421 161/1422
f 1091/1423 161/1424 1121/1425
f 1091/1426 1121/1427 167/1428
f 1091/1429 167/1430 1123/1431
f 1091/1432 1123/1433 173/1434
f 1091/1435 173/1436 1125/1437
f 1091/1438 1125/1439 179/1440
f 1091/1441 179/1442 1127/1443
f 1091/1444 1127/1445 185/1446
f 1091/1447 185/1448 1129/1449
f 1091/1450 1129/1451 191/1452
f 1091/1453 191/1454 1131/1455
f 1091/1456 1131/1457 197/1458
f 1091/1459 197/1460 1133/1461
f 1091/1462 1133/1463 203/1464
f 1091/1465 203/1466 1135/1467
f 1091/1468 1135/1469 209/1470
f 1091/1471 209/1472 1137/1473
f 1091/1474 1137/1475 215/1476
f 1091/1477 215/1478 1139/1479
f 1091/1480 1139/1481 221/1482
f 1091/1483 221/1484 1141/1485
f 1091/1486 1141/1487 227/1488
f 1091/1489 227/1490 1143/1491
f 1091/1492 1143/1493 233/1494
f 1091/1495 233/1496 1145/1497
f 1091/1498 1145/1499 239/1500
f 1091/1501 239/1502 1147/1503
f 1091/1504 1147/1505 245/1506
f 1091/1507 245/1508 1149/1509
f 1091/1510 1149/1511 251/1512
f 1091/1513 251/1514 1151/1515
f 1091/1516 1151/1517 65/1518
f 1091/1519 65/1520 1089/1521
f 1091/1522 1089/1523 71/1524
f 900/1525 1792/1526 580/1527
f 900/1528 580/1529 74/1530
f 899/1531 73/1532 579/1533
f 899/1534 579/1535 1791/1536
f 898/1537 1790/1538 892/1539
f 898/1540 892/1541 68/1542
f 897/1543 67/1544 891/1545
f 897/1546 891/1547 1789/1548
f 904/1549 1788/1550 594/1551
f 904/1552 594/1553 80/1554
f 903/1555 79/1556 593/1557
f 903/1558 593/1559 1787/1560
f 906/1561 1786/1562 604/1563
f 906/1564 604/1565 86/1566
f 905/1567 85/1568 603/1569
f 905/1570 603/1571 1785/1572
f 908/1573 1784/1574 614/1575
f 908/1576 614/1577 92/1578
f 907/1579 91/1580 613/1581
f 907/1582 613/1583 1783/1584
f 910/1585 1782/1586 624/1587
f 910/1588 624/1589 98/1590
f 909/1591 97/1592 623/1593
f 909/1594 623/1595 1781/1596
f 912/1597 1780/1598 634/1599
f 912/1600 634/1601 104/1602
f 911/1603 103/1604 633/1605
f 911/1606 633/1607 1779/1608
f 914/1609 1778/1610 644/1611
f 914/1612 644/1613 110/1614
f 913/1615 109/1616 643/1617
f 913/1618 643/1619 1777/1620
f 916/1621 1776/1622 654/1623
f 916/1624 654/1625 116/1626
f 915/1627 115/1628 653/1629
f 915/1630 653/1631 1775/1632
f 918/1633 1774/1634 664/1635
f 918/1636 664/1637 122/1638
f 917/1639 121/1640 663/1641
f 917/1642 663/1643 1773/1644
f 920/1645 1772/1646 674/1647
f 920/1648 674/1649 128/1650
f 919/1651 127/1652 673/1653
f 919/1654 673/1655 1771/1656
f 922/1657 1770/1658 684/1659
f 922/1660 684/1661 134/1662
f 921/1663 133/1664 683/1665
f 921/1666 683/1667 1769/1668
f 924/1669 1768/1670 694/1671
f 924/1672 694/1673 140/1674
f 923/1675 139/1676 693/1677
f 923/1678 693/1679 1767/1680
f 926/1681 1766/1682 704/1683
f 926/1684 704/1685 146/1686
f 925/1687 145/1688 703/1689
f 925/1690 703/1691 1765/1692
f 928/1693 1764/1694 714/1695
f 928/1696 714/1697 152/1698
f 927/1699 151/1700 713/1701
f 927/1702 713/1703 1763/1704
f 930/1705 1762/1706 724/1707
f 930/1708 724/1709 158/1710
f 929/1711 157/1712 723/1713
f 929/1714 723/1715 1761/1716
f 932/1717 1760/1718 734/1719
f 932/1720 734/1721 164/1722
f 931/1723 163/1724 733/1725
f 931/1726 733/1727 1759/1728
f 934/1729 1758/1730 744/1731
f 934/1732 744/1733 170/1734
f 933/1735 169/1736 743/1737
f 933/1738 743/1739 1757/1740
f 936/1741 1756/1742 754/1743
f 936/1744 754/1745 176/1746
f 935/1747 175/1748 753/1749
f 935/1750 753/1751 1755/1752
f 938/1753 1754/1754 764/1755
f 938/1756 764/1757 182/1758
f 937/1759 181/1760 763/1761
f 937/1762 763/1763 1753/1764
f 940/1765 1752/1766 774/1767
f 940/1768 774/1769 188/1770
f 939/1771 187/1772 773/1773
f 939/1774 773/1775 1751/1776
f 942/1777 1750/1778 784/1779
f 942/1780 784/1781 194/1782
f 941/1783 193/1784 783/1785
f 941/1786 783/1787 1749/1788
f 944/1789 1748/1790 794/1791
f 944/1792 794/1793 200/1794
f 943/1795 199/1796 793/1797
f 943/1798 793/1799 1747/1800
f 946/1801 1746/1802 804/1803
f 946/1804 804/1805 206/1806
f 945/1807 205/1808 803/1809
f 945/1810 803/1811 1745/1812
f 948/1813 1744/1814 814/1815
f 948/1816 814/1817 212/1818
f 947/1819 211/1820 813/1821
f 947/1822 813/1823 1743/1824
f 950/1825 1742/1826 824/1827
f 950/1828 824/1829 218/1830
f 949/1831 217/1832 823/1833
f 949/1834 823/1835 1741/1836
f 952/1837 1740/1838 834/1839
f 952/1840 834/1841 224/1842
f 951/1843 223/1844 833/1845
f 951/1846 833/1847 1739/1848
f 954/1849 1738/1850 844/1851
f 954/1852 844/1853 230/1854
f 953/1855 229/1856 843/1857
f 953/1858 843/1859 1737/1860
f 956/1861 1736/1862 854/1863
f 956/1864 854/1865 236/1866
f 955/1867 235/1868 853/1869
f 955/1870 853/1871 1735/1872
f 958/1873 1734/1874 864/1875
f 958/1876 864/1877 242/1878
f 957/1879 241/1880 863/1881
f 957/1882 863/1883 1733/1884
f 960/1885 1732/1886 874/1887
f 960/1888 874/1889 248/1890
f 959/1891 247/1892 873/1893
f 959/1894 873/1895 1731/1896
f 902/1897 1730/1898 884/1899
f 902/1900 884/1901 254/1902
f 901/1903 253/1904 883/1905
f 901/1906 883/1907 1729/1908
f 590/1909 1728/1910 1027/1911
f 590/1912 1027/1913 260/1914
f 589/1915 259/1916 1028/1917
f 589/1918 1028/1919 1727/1920
f 600/1921 1726/1922 1029/1923
f 600/1924 1029/1925 262/1926
f 599/1927 261/1928 1030/1929
f 599/1930 1030/1931 1725/1932
f 610/1933 1724/1934 1031/1935
f 610/1936 1031/1937 264/1938
f 609/1939 263/1940 1032/1941
f 609/1942 1032/1943 1723/1944
f 620/1945 1722/1946 1033/1947
f 620/1948 1033/1949 266/1950
f 619/1951 265/1952 1034/1953
f 619/1954 1034/1955 1721/1956
f 630/1957 1720/1958 1035/1959
f 630/1960 1035/1961 268/1962
f 629/1963 267/1964 1036/1965
f 629/1966 1036/1967 1719/1968
f 640/1969 1718/1970 1037/1971
f 640/1972 1037/1973 270/1974
f 639/1975 269/1976 1038/1977
f 639/1978 1038/1979 1717/1980
f 650/1981 1716/1982 1039/1983
f 650/1984 1039/1985 272/1986
f 649/1987 271/1988 1040/1989
f 649/1990 1040/1991 1715/1992
f 660/1993 1714/1994 1041/1995
f 660/1996 1041/1997 274/1998
f 659/1999 273/2000 1042/2001
f 659/2002 1042/2003 1713/2004
f 670/2005 1712/2006 1043/2007
f 670/2008 1043/2009 276/2010
f 669/2011 275/2012 1044/2013
f 669/2014 1044/2015 1711/2016
f 680/2017 1710/2018 1045/2019
f 680/2020 1045/2021 278/2022
f 679/2023 277/2024 1046/2025
f 679/2026 1046/2027 1709/2028
f 690/2029 1708/2030 1047/2031
f 690/2032 1047/2033 280/2034
f 689/2035 279/2036 1048/2037
f 689/2038 1048/2039 1707/2040
f 700/2041 1706/2042 1049/2043
f 700/2044 1049/2045 282/2046
f 699/2047 281/2048 1050/2049
f 699/2050 1050/2051 1705/2052
f 710/2053 1704/2054 1051/2055
f 710/2056 1051/2057 284/2058
f 709/2059 283/2060 1052/2061
f 709/2062 1052/2063 1703/2064
f 720/2065 1702/2066 1053/2067
f 720/2068 1053/2069 286/2070
f 719/2071 285/2072 1054/2073
f 719/2074 1054/2075 1701/2076
f 730/2077 1700/2078 1055/2079
f 730/2080 1055/2081 288/2082
f 729/2083 287/2084 1056/2085
f 729/2086 1056/2087 1699/2088
f 740/2089 1698/2090 1057/2091
f 740/2092 1057/2093 290/2094
f 739/2095 289/2096 1058/2097
f 739/2098 1058/2099 1697/2100
f 750/2101 1696/2102 1059/2103
f 750/2104 1059/2105 292/2106
f 749/2107 291/2108 1060/2109
f 749/2110 1060/2111 1695/2112
f 760/2113 1694/2114 1061/2115
f 760/2116 1061/2117 294/2118
f 759/2119 293/2120 1062/2121
f 759/2122 1062/2123 1693/2124
f 770/2125 1692/2126 1063/2127
f 770/2128 1063/2129 296/2130
f 769/2131 295/2132 1064/2133
f 769/2134 1064/2135 1691/2136
f 780/2137 1690/2138 1065/2139
f 780/2140 1065/2141 298/2142
f 779/2143 297/2144 1066/2145
f 779/2146 1066/2147 1689/2148
f 790/2149 1688/2150 1067/2151
f 790/2152 1067/2153 300/2154
f 789/2155 299/2156 1068/2157
f 789/2158 1068/2159 1687/2160
f 800/2161 1686/2162 1069/2163
f 800/2164 1069/2165 302/2166
f 799/2167 301/2168 1070/2169
f 799/2170 1070/2171 1685/2172
f 810/2173 1684/2174 1071/2175
f 810/2176 1071/2177 304/2178
f 809/2179 303/2180 1072/2181
f 809/2182 1072/2183 1683/2184
f 820/2185 1682/2186 1073/2187
f 820/2188 1073/2189 306/2190
f 819/2191 305/2192 1074/2193
f 819/2194 1074/2195 1681/2196
f 830/2197 1680/2198 1075/2199
f 830/2200 1075/2201 308/2202
f 829/2203 307/2204 1076/2205
f 829/2206 1076/2207 1679/2208
f 840/2209 1678/2210 1077/2211
f 840/2212 1077/2213 310/2214
f 839/2215 309/2216 1078/2217
f 839/2218 1078/2219 1677/2220
f 850/2221 1676/2222 1079/2223
f 850/2224 1079/2225 312/2226
f 849/2227 311/2228 1080/2229
f 849/2230 1080/2231 1675/2232
f 860/2233 1674/2234 1081/2235
f 860/2236 1081/2237 314/2238
f 859/2239 313/2240 1082/2241
f 859/2242 1082/2243 1673/2244
f 870/2245 1672/2246 1083/2247
f 870/2248 1083/2249 316/2250
f 869/2251 315/2252 1084/2253
f 869/2254 1084/2255 1671/2256
f 880/2257 1670/2258 1085/2259
f 880/2260 1085/2261 318/2262
f 879/2263 317/2264 1086/2265
f 879/2266 1086/2267 1669/2268
f 890/2269 1668/2270 1087/2271
f 890/2272 1087/2273 320/2274
f 889/2275 319/2276 1088/2277
f 889/2278 1088/2279 1667/2280
f 896/2281 1666/2282 1026/2283
f 896/2284 1026/2285 257/2286
f 895/2287 258/2288 1025/2289
f 895/2290 1025/2291 1665/2292
f 1236/2293 1664/2294 1153/2295
f 1236/2296 1153/2297 404/2298
f 1235/2299 403/2300 1154/2301
f 1235/2302 1154/2303 1663/2304
f 1328/2305 1662/2306 1409/2307
f 1328/2308 1409/2309 498/2310
f 1327/2311 497/2312 1410/2313
f 1327/2314 1410/2315 1661/2316
f 1234/2317 1660/2318 1157/2319
f 1234/2320 1157/2321 402/2322
f 1233/2323 401/2324 1158/2325
f 1233/2326 1158/2327 1659/2328
f 1326/2329 1658/2330 1155/2331
f 1326/2332 1155/2333 495/2334
f 1325/2335 496/2336 1156/2337
f 1325/2338 1156/2339 1657/2340
f 1232/2341 1656/2342 1161/2343
f 1232/2344 1161/2345 400/2346
f 1231/2347 399/2348 1162/2349
f 1231/2350 1162/2351 1655/2352
f 1324/2353 1654/2354 1159/2355
f 1324/2356 1159/2357 493/2358
f 1323/2359 494/2360 1160/2361
f 1323/2362 1160/2363 1653/2364
f 1230/2365 1652/2366 1165/2367
f 1230/2368 1165/2369 398/2370
f 1229/2371 397/2372 1166/2373
f 1229/2374 1166/2375 1651/2376
f 1322/2377 1650/2378 1163/2379
f 1322/2380 1163/2381 491/2382
f 1321/2383 492/2384 1164/2385
f 1321/2386 1164/2387 1649/2388
f 1228/2389 1648/2390 1169/2391
f 1228/2392 1169/2393 396/2394
f 1227/2395 395/2396 1170/2397
f 1227/2398 1170/2399 1647/2400
f 1280/2401 1646/2402 1171/2403
f 1280/2404 1171/2405 448/2406
f 1279/2407 447/2408 1172/2409
f 1279/2410 1172/2411 1645/2412
f 1320/2413 1644/2414 1167/2415
f 1320/2416 1167/2417 489/2418
f 1319/2419 490/2420 1168/2421
f 1319/2422 1168/2423 1643/2424
f 1226/2425 1642/2426 1175/2427
f 1226/2428 1175/2429 394/2430
f 1225/2431 393/2432 1176/2433
f 1225/2434 1176/2435 1641/2436
f 1278/2437 1640/2438 1177/2439
f 1278/2440 1177/2441 446/2442
f 1277/2443 445/2444 1178/2445
f 1277/2446 1178/2447 1639/2448
f 1318/2449 1638/2450 1173/2451
f 1318/2452 1173/2453 487/2454
f 1317/2455 488/2456 1174/2457
f 1317/2458 1174/2459 1637/2460
f 1224/2461 1636/2462 1181/2463
f 1224/2464 1181/2465 392/2466
f 1223/2467 391/2468 1182/2469
f 1223/2470 1182/2471 1635/2472
f 1276/2473 1634/2474 1183/2475
f 1276/2476 1183/2477 444/2478
f 1275/2479 443/2480 1184/2481
f 1275/2482 1184/2483 1633/2484
f 1316/2485 1632/2486 1179/2487
f 1316/2488 1179/2489 485/2490
f 1315/2491 486/2492 1180/2493
f 1315/2494 1180/2495 1631/2496
f 1222/2497 1630/2498 1187/2499
f 1222/2500 1187/2501 390/2502
f 1221/2503 389/2504 1188/2505
f 1221/2506 1188/2507 1629/2508
f 1274/2509 1628/2510 1189/2511
f 1274/2512 1189/2513 442/2514
f 1273/2515 441/2516 1190/2517
f 1273/2518 1190/2519 1627/2520
f 1314/2521 1626/2522 1185/2523
f 1314/2524 1185/2525 483/2526
f 1313/2527 484/2528 1186/2529
f 1313/2530 1186/2531 1625/2532
f 1220/2533 1624/2534 1193/2535
f 1220/2536 1193/2537 388/2538
f 1219/2539 387/2540 1194/2541
f 1219/2542 1194/2543 1623/2544
f 1272/2545 1622/2546 1197/2547
f 1272/2548 1197/2549 440/2550
f 1271/2551 439/2552 1198/2553
f 1271/2554 1198/2555 1621/2556
f 1312/2557 1620/2558 1191/2559
f 1312/2560 1191/2561 481/2562
f 1311/2563 482/2564 1192/2565
f 1311/2566 1192/2567 1619/2568
f 1218/2569 1618/2570 1195/2571
f 1218/2572 1195/2573 385/2574
f 1217/2575 386/2576 1196/2577
f 1217/2578 1196/2579 1617/2580
f 1270/2581 1616/2582 1201/2583
f 1270/2584 1201/2585 438/2586
f 1269/2587 437/2588 1202/2589
f 1269/2590 1202/2591 1615/2592
f 1310/2593 1614/2594 1199/2595
f 1310/2596 1199/2597 479/2598
f 1309/2599 480/2600 1200/2601
f 1309/2602 1200/2603 1613/2604
f 1268/2605 1612/2606 1205/2607
f 1268/2608 1205/2609 436/2610
f 1267/2611 435/2612 1206/2613
f 1267/2614 1206/2615 1611/2616
f 1308/2617 1610/2618 1203/2619
f 1308/2620 1203/2621 477/2622
f 1307/2623 478/2624 1204/2625
f 1307/2626 1204/2627 1609/2628
f 1266/2629 1608/2630 1209/2631
f 1266/2632 1209/2633 434/2634
f 1265/2635 433/2636 1210/2637
f 1265/2638 1210/2639 1607/2640
f 1306/2641 1606/2642 1207/2643
f 1306/2644 1207/2645 475/2646
f 1305/2647 476/2648 1208/2649
f 1305/2650 1208/2651 1605/2652
f 1264/2653 1604/2654 1211/2655
f 1264/2656 1211/2657 431/2658
f 1263/2659 432/2660 1212/2661
f 1263/2662 1212/2663 1603/2664
f 1304/2665 1602/2666 1215/2667
f 1304/2668 1215/2669 473/2670
f 1303/2671 474/2672 1216/2673
f 1303/2674 1216/2675 1601/2676
f 1218/2677 1600/2678 1347/2679
f 1218/2680 1347/2681 388/2682
f 1217/2683 387/2684 1348/2685
f 1217/2686 1348/2687 1599/2688
f 1220/2689 1598/2690 1349/2691
f 1220/2692 1349/2693 390/2694
f 1219/2695 389/2696 1350/2697
f 1219/2698 1350/2699 1597/2700
f 1222/2701 1596/2702 1351/2703
f 1222/2704 1351/2705 392/2706
f 1221/2707 391/2708 1352/2709
f 1221/2710 1352/2711 1595/2712
f 1224/2713 1594/2714 1353/2715
f 1224/2716 1353/2717 394/2718
f 1223/2719 393/2720 1354/2721
f 1223/2722 1354/2723 1593/2724
f 1226/2725 1592/2726 1355/2727
f 1226/2728 1355/2729 396/2730
f 1225/2731 395/2732 1356/2733
f 1225/2734 1356/2735 1591/2736
f 1228/2737 1590/2738 1357/2739
f 1228/2740 1357/2741 398/2742
f 1227/2743 397/2744 1358/2745
f 1227/2746 1358/2747 1589/2748
f 1230/2749 1588/2750 1359/2751
f 1230/2752 1359/2753 400/2754
f 1229/2755 399/2756 1360/2757
f 1229/2758 1360/2759 1587/2760
f 1232/2761 1586/2762 1361/2763
f 1232/2764 1361/2765 402/2766
f 1231/2767 401/2768 1362/2769
f 1231/2770 1362/2771 1585/2772
f 1234/2773 1584/2774 1363/2775
f 1234/2776 1363/2777 404/2778
f 1233/2779 403/2780 1364/2781
f 1233/2782 1364/2783 1583/2784
f 1236/2785 1582/2786 1365/2787
f 1236/2788 1365/2789 406/2790
f 1235/2791 405/2792 1366/2793
f 1235/2794 1366/2795 1581/2796
f 1238/2797 1580/2798 1367/2799
f 1238/2800 1367/2801 408/2802
f 1237/2803 407/2804 1368/2805
f 1237/2806 1368/2807 1579/2808
f 1240/2809 1578/2810 1369/2811
f 1240/2812 1369/2813 410/2814
f 1239/2815 409/2816 1370/2817
f 1239/2818 1370/2819 1577/2820
f 1242/2821 1576/2822 1371/2823
f 1242/2824 1371/2825 412/2826
f 1241/2827 411/2828 1372/2829
f 1241/2830 1372/2831 1575/2832
f 1244/2833 1574/2834 1373/2835
f 1244/2836 1373/2837 414/2838
f 1243/2839 413/2840 1374/2841
f 1243/2842 1374/2843 1573/2844
f 1246/2845 1572/2846 1375/2847
f 1246/2848 1375/2849 416/2850
f 1245/2851 415/2852 1376/2853
f 1245/2854 1376/2855 1571/2856
f 1248/2857 1570/2858 1377/2859
f 1248/2860 1377/2861 418/2862
f 1247/2863 417/2864 1378/2865
f 1247/2866 1378/2867 1569/2868
f 1250/2869 1568/2870 1379/2871
f 1250/2872 1379/2873 420/2874
f 1249/2875 419/2876 1380/2877
f 1249/2878 1380/2879 1567/2880
f 1252/2881 1566/2882 1381/2883
f 1252/2884 1381/2885 422/2886
f 1251/2887 421/2888 1382/2889
f 1251/2890 1382/2891 1565/2892
f 1254/2893 1564/2894 1383/2895
f 1254/2896 1383/2897 424/2898
f 1253/2899 423/2900 1384/2901
f 1253/2902 1384/2903 1563/2904
f 1256/2905 1562/2906 1385/2907
f 1256/2908 1385/2909 426/2910
f 1255/2911 425/2912 1386/2913
f 1255/2914 1386/2915 1561/2916
f 1258/2917 1560/2918 1387/2919
f 1258/2920 1387/2921 428/2922
f 1257/2923 427/2924 1388/2925
f 1257/2926 1388/2927 1559/2928
f 1260/2929 1558/2930 1389/2931
f 1260/2932 1389/2933 430/2934
f 1259/2935 429/2936 1390/2937
f 1259/2938 1390/2939 1557/2940
f 1262/2941 1556/2942 1391/2943
f 1262/2944 1391/2945 431/2946
f 1261/2947 432/2948 1392/2949
f 1261/2950 1392/2951 1555/2952
f 1264/2953 1554/2954 1393/2955
f 1264/2956 1393/2957 434/2958
f 1263/2959 433/2960 1394/2961
f 1263/2962 1394/2963 1553/2964
f 1266/2965 1552/2966 1395/2967
f 1266/2968 1395/2969 436/2970
f 1265/2971 435/2972 1396/2973
f 1265/2974 1396/2975 1551/2976
f 1268/2977 1550/2978 1397/2979
f 1268/2980 1397/2981 438/2982
f 1267/2983 437/2984 1398/2985
f 1267/2986 1398/2987 1549/2988
f 1270/2989 1548/2990 1399/2991
f 1270/2992 1399/2993 440/2994
f 1269/2995 439/2996 1400/2997
f 1269/2998 1400/2999 1547/3000
f 1272/3001 1546/3002 1401/3003
f 1272/3004 1401/3005 442/3006
f 1271/3007 441/3008 1402/3009
f 1271/3010 1402/3011 1545/3012
f 1274/3013 1544/3014 1403/3015
f 1274/3016 1403/3017 444/3018
f 1273/3019 443/3020 1404/3021
f 1273/3022 1404/3023 1543/3024
f 1276/3025 1542/3026 1405/3027
f 1276/3028 1405/3029 446/3030
f 1275/3031 445/3032 1406/3033
f 1275/3034 1406/3035 1541/3036
f 1278/3037 1540/3038 1407/3039
f 1278/3040 1407/3041 448/3042
f 1277/3043 447/3044 1408/3045
f 1277/3046 1408/3047 1539/3048
f 1280/3049 1538/3050 1346/3051
f 1280/3052 1346/3053 385/3054
f 1279/3055 386/3056 1345/3057
f 1279/3058 1345/3059 1537/3060
f 1330/3061 1536/3062 1413/3063
f 1330/3064 1413/3065 500/3066
f 1329/3067 499/3068 1414/3069
f 1329/3070 1414/3071 1535/3072
f 1238/3073 1534/3074 1412/3075
f 1238/3076 1412/3077 406/3078
f 1237/3079 405/3080 1411/3081
f 1237/3082 1411/3083 1533/3084
f 1332/3085 1532/3086 1417/3087
f 1332/3088 1417/3089 502/3090
f 1331/3091 501/3092 1418/3093
f 1331/3094 1418/3095 1531/3096
f 1240/3097 1530/3098 1416/3099
f 1240/3100 1416/3101 408/3102
f 1239/3103 407/3104 1415/3105
f 1239/3106 1415/3107 1529/3108
f 1334/3109 1528/3110 1421/3111
f 1334/3112 1421/3113 504/3114
f 1333/3115 503/3116 1422/3117
f 1333/3118 1422/3119 1527/3120
f 1282/3121 1526/3122 1423/3123
f 1282/3124 1423/3125 452/3126
f 1281/3127 451/3128 1424/3129
f 1281/3130 1424/3131 1525/3132
f 1242/3133 1524/3134 1420/3135
f 1242/3136 1420/3137 410/3138
f 1241/3139 409/3140 1419/3141
f 1241/3142 1419/3143 1523/3144
f 1336/3145 1522/3146 1429/3147
f 1336/3148 1429/3149 506/3150
f 1335/3151 505/3152 1430/3153
f 1335/3154 1430/3155 1521/3156
f 1284/3157 1520/3158 1431/3159
f 1284/3160 1431/3161 454/3162
f 1283/3163 453/3164 1432/3165
f 1283/3166 1432/3167 1519/3168
f 1244/3169 1518/3170 1428/3171
f 1244/3172 1428/3173 412/3174
f 1243/3175 411/3176 1427/3177
f 1243/3178 1427/3179 1517/3180
f 1338/3181 1516/3182 1435/3183
f 1338/3184 1435/3185 508/3186
f 1337/3187 507/3188 1436/3189
f 1337/3190 1436/3191 1515/3192
f 1286/3193 1514/3194 1437/3195
f 1286/3196 1437/3197 456/3198
f 1285/3199 455/3200 1438/3201
f 1285/3202 1438/3203 1513/3204
f 1246/3205 1512/3206 1434/3207
f 1246/3208 1434/3209 414/3210
f 1245/3211 413/3212 1433/3213
f 1245/3214 1433/3215 1511/3216
f 1340/3217 1510/3218 1441/3219
f 1340/3220 1441/3221 510/3222
f 1339/3223 509/3224 1442/3225
f 1339/3226 1442/3227 1509/3228
f 1288/3229 1508/3230 1443/3231
f 1288/3232 1443/3233 458/3234
f 1287/3235 457/3236 1444/3237
f 1287/3238 1444/3239 1507/3240
f 1248/3241 1506/3242 1440/3243
f 1248/3244 1440/3245 416/3246
f 1247/3247 415/3248 1439/3249
f 1247/3250 1439/3251 1505/3252
f 1342/3253 1504/3254 1447/3255
f 1342/3256 1447/3257 512/3258
f 1341/3259 511/3260 1448/3261
f 1341/3262 1448/3263 1503/3264
f 1290/3265 1502/3266 1449/3267
f 1290/3268 1449/3269 460/3270
f 1289/3271 459/3272 1450/3273
f 1289/3274 1450/3275 1501/3276
f 1250/3277 1500/3278 1446/3279
f 1250/3280 1446/3281 418/3282
f 1249/3283 417/3284 1445/3285
f 1249/3286 1445/3287 1499/3288
f 1344/3289 1498/3290 1426/3291
f 1344/3292 1426/3293 450/3294
f 1343/3295 449/3296 1425/3297
f 1343/3298 1425/3299 1497/3300
f 1292/3301 1496/3302 1453/3303
f 1292/3304 1453/3305 462/3306
f 1291/3307 461/3308 1454/3309
f 1291/3310 1454/3311 1495/3312
f 1252/3313 1494/3314 1452/3315
f 1252/3316 1452/3317 420/3318
f 1251/3319 419/3320 1451/3321
f 1251/3322 1451/3323 1493/3324
f 1294/3325 1492/3326 1457/3327
f 1294/3328 1457/3329 464/3330
f 1293/3331 463/3332 1458/3333
f 1293/3334 1458/3335 1491/3336
f 1254/3337 1490/3338 1456/3339
f 1254/3340 1456/3341 422/3342
f 1253/3343 421/3344 1455/3345
f 1253/3346 1455/3347 1489/3348
f 1296/3349 1488/3350 1461/3351
f 1296/3352 1461/3353 466/3354
f 1295/3355 465/3356 1462/3357
f 1295/3358 1462/3359 1487/3360
f 1256/3361 1486/3362 1460/3363
f 1256/3364 1460/3365 424/3366
f 1255/3367 423/3368 1459/3369
f 1255/3370 1459/3371 1485/3372
f 1298/3373 1484/3374 1465/3375
f 1298/3376 1465/3377 468/3378
f 1297/3379 467/3380 1466/3381
f 1297/3382 1466/3383 1483/3384
f 1258/3385 1482/3386 1464/3387
f 1258/3388 1464/3389 426/3390
f 1257/3391 425/3392 1463/3393
f 1257/3394 1463/3395 1481/3396
f 1300/3397 1480/3398 1469/3399
f 1300/3400 1469/3401 470/3402
f 1299/3403 469/3404 1470/3405
f 1299/3406 1470/3407 1479/3408
f 1260/3409 1478/3410 1468/3411
f 1260/3412 1468/3413 428/3414
f 1259/3415 427/3416 1467/3417
f 1259/3418 1467/3419 1477/3420
f 1302/3421 1476/3422 1214/3423
f 1302/3424 1214/3425 472/3426
f 1301/3427 471/3428 1213/3429
f 1301/3430 1213/3431 1475/3432
f 1262/3433 1474/3434 1472/3435
f 1262/3436 1472/3437 430/3438
f 1261/3439 429/3440 1471/3441
f 1261/3442 1471/3443 1473/3444
f 431/3445 1211/3446 1474/3447
f 431/3448 1474/3449 1262/3450
f 432/3451 1261/3452 1473/3453
f 432/3454 1473/3455 1212/3456
f 1211/3457 368/3458 1006/3459
f 1211/3460 1006/3461 1474/3462
f 1212/3463 1473/3464 1005/3465
f 1212/3466 1005/3467 367/3468
f 1474/3469 1006/3470 366/3471
f 1474/3472 366/3473 1472/3474
f 1473/3475 1471/3476 365/3477
f 1473/3478 365/3479 1005/3480
f 470/3481 1469/3482 1476/3483
f 470/3484 1476/3485 1302/3486
f 469/3487 1301/3488 1475/3489
f 469/3490 1475/3491 1470/3492
f 1469/3493 126/3494 1110/3495
f 1469/3496 1110/3497 1476/3498
f 1470/3499 1475/3500 1109/3501
f 1470/3502 1109/3503 125/3504
f 1476/3505 1110/3506 132/3507
f 1476/3508 132/3509 1214/3510
f 1475/3511 1213/3512 131/3513
f 1475/3514 131/3515 1109/3516
f 430/3517 1472/3518 1478/3519
f 430/3520 1478/3521 1260/3522
f 429/3523 1259/3524 1477/3525
f 429/3526 1477/3527 1471/3528
f 1472/3529 366/3530 1004/3531
f 1472/3532 1004/3533 1478/3534
f 1471/3535 1477/3536 1003/3537
f 1471/3538 1003/3539 365/3540
f 1478/3541 1004/3542 364/3543
f 1478/3544 364/3545 1468/3546
f 1477/3547 1467/3548 363/3549
f 1477/3550 363/3551 1003/3552
f 468/3553 1465/3554 1480/3555
f 468/3556 1480/3557 1300/3558
f 467/3559 1299/3560 1479/3561
f 467/3562 1479/3563 1466/3564
f 1465/3565 120/3566 1108/3567
f 1465/3568 1108/3569 1480/3570
f 1466/3571 1479/3572 1107/3573
f 1466/3574 1107/3575 119/3576
f 1480/3577 1108/3578 126/3579
f 1480/3580 126/3581 1469/3582
f 1479/3583 1470/3584 125/3585
f 1479/3586 125/3587 1107/3588
f 428/3589 1468/3590 1482/3591
f 428/3592 1482/3593 1258/3594
f 427/3595 1257/3596 1481/3597
f 427/3598 1481/3599 1467/3600
f 1468/3601 364/3602 1002/3603
f 1468/3604 1002/3605 1482/3606
f 1467/3607 1481/3608 1001/3609
f 1467/3610 1001/3611 363/3612
f 1482/3613 1002/3614 362/3615
f 1482/3616 362/3617 1464/3618
f 1481/3619 1463/3620 361/3621
f 1481/3622 361/3623 1001/3624
f 466/3625 1461/3626 1484/3627
f 466/3628 1484/3629 1298/3630
f 465/3631 1297/3632 1483/3633
f 465/3634 1483/3635 1462/3636
f 1461/3637 114/3638 1106/3639
f 1461/3640 1106/3641 1484/3642
f 1462/3643 1483/3644 1105/3645
f 1462/3646 1105/3647 113/3648
f 1484/3649 1106/3650 120/3651
f 1484/3652 120/3653 1465/3654
f 1483/3655 1466/3656 119/3657
f 1483/3658 119/3659 1105/3660
f 426/3661 1464/3662 1486/3663
f 426/3664 1486/3665 1256/3666
f 425/3667 1255/3668 1485/3669
f 425/3670 1485/3671 1463/3672
f 1464/3673 362/3674 1000/3675
f 1464/3676 1000/3677 1486/3678
f 1463/3679 1485/3680 999/3681
f 1463/3682 999/3683 361/3684
f 1486/3685 1000/3686 360/3687
f 1486/3688 360/3689 1460/3690
f 1485/3691 1459/3692 359/3693
f 1485/3694 359/3695 999/3696
f 464/3697 1457/3698 1488/3699
f 464/3700 1488/3701 1296/3702
f 463/3703 1295/3704 1487/3705
f 463/3706 1487/3707 1458/3708
f 1457/3709 108/3710 1104/3711
f 1457/3712 1104/3713 1488/3714
f 1458/3715 1487/3716 1103/3717
f 1458/3718 1103/3719 107/3720
f 1488/3721 1104/3722 114/3723
f 1488/3724 114/3725 1461/3726
f 1487/3727 1462/3728 113/3729
f 1487/3730 113/3731 1103/3732
f 424/3733 1460/3734 1490/3735
f 424/3736 1490/3737 1254/3738
f 423/3739 1253/3740 1489/3741
f 423/3742 1489/3743 1459/3744
f 1460/3745 360/3746 998/3747
f 1460/3748 998/3749 1490/3750
f 1459/3751 1489/3752 997/3753
f 1459/3754 997/3755 359/3756
f 1490/3757 998/3758 358/3759
f 1490/3760 358/3761 1456/3762
f 1489/3763 1455/3764 357/3765
f 1489/3766 357/3767 997/3768
f 462/3769 1453/3770 1492/3771
f 462/3772 1492/3773 1294/3774
f 461/3775 1293/3776 1491/3777
f 461/3778 1491/3779 1454/3780
f 1453/3781 102/3782 1102/3783
f 1453/3784 1102/3785 1492/3786
f 1454/3787 1491/3788 1101/3789
f 1454/3790 1101/3791 101/3792
f 1492/3793 1102/3794 108/3795
f 1492/3796 108/3797 1457/3798
f 1491/3799 1458/3800 107/3801
f 1491/3802 107/3803 1101/3804
f 422/3805 1456/3806 1494/3807
f 422/3808 1494/3809 1252/3810
f 421/3811 1251/3812 1493/3813
f 421/3814 1493/3815 1455/3816
f 1456/3817 358/3818 996/3819
f 1456/3820 996/3821 1494/3822
f 1455/3823 1493/3824 995/3825
f 1455/3826 995/3827 357/3828
f 1494/3829 996/3830 356/3831
f 1494/3832 356/3833 1452/3834
f 1493/3835 1451/3836 355/3837
f 1493/3838 355/3839 995/3840
f 460/3841 1449/3842 1496/3843
f 460/3844 1496/3845 1292/3846
f 459/3847 1291/3848 1495/3849
f 459/3850 1495/3851 1450/3852
f 1449/3853 96/3854 1100/3855
f 1449/3856 1100/3857 1496/3858
f 1450/3859 1495/3860 1099/3861
f 1450/3862 1099/3863 95/3864
f 1496/3865 1100/3866 102/3867
f 1496/3868 102/3869 1453/3870
f 1495/3871 1454/3872 101/3873
f 1495/3874 101/3875 1099/3876
f 512/3877 1447/3878 1498/3879
f 512/3880 1498/3881 1344/3882
f 511/3883 1343/3884 1497/3885
f 511/3886 1497/3887 1448/3888
f 1447/3889 252/3890 1152/3891
f 1447/3892 1152/3893 1498/3894
f 1448/3895 1497/3896 1151/3897
f 1448/3898 1151/3899 251/3900
f 1498/3901 1152/3902 66/3903
f 1498/3904 66/3905 1426/3906
f 1497/3907 1425/3908 65/3909
f 1497/3910 65/3911 1151/3912
f 420/3913 1452/3914 1500/3915
f 420/3916 1500/3917 1250/3918
f 419/3919 1249/3920 1499/3921
f 419/3922 1499/3923 1451/3924
f 1452/3925 356/3926 994/3927
f 1452/3928 994/3929 1500/3930
f 1451/3931 1499/3932 993/3933
f 1451/3934 993/3935 355/3936
f 1500/3937 994/3938 354/3939
f 1500/3940 354/3941 1446/3942
f 1499/3943 1445/3944 353/3945
f 1499/3946 353/3947 993/3948
f 458/3949 1443/3950 1502/3951
f 458/3952 1502/3953 1290/3954
f 457/3955 1289/3956 1501/3957
f 457/3958 1501/3959 1444/3960
f 1443/3961 90/3962 1098/3963
f 1443/3964 1098/3965 1502/3966
f 1444/3967 1501/3968 1097/3969
f 1444/3970 1097/3971 89/3972
f 1502/3973 1098/3974 96/3975
f 1502/3976 96/3977 1449/3978
f 1501/3979 1450/3980 95/3981
f 1501/3982 95/3983 1097/3984
f 510/3985 1441/3986 1504/3987
f 510/3988 1504/3989 1342/3990
f 509/3991 1341/3992 1503/3993
f 509/3994 1503/3995 1442/3996
f 1441/3997 246/3998 1150/3999
f 1441/4000 1150/4001 1504/4002
f 1442/4003 1503/4004 1149/4005
f 1442/4006 1149/4007 245/4008
f 1504/4009 1150/4010 252/4011
f 1504/4012 252/4013 1447/4014
f 1503/4015 1448/4016 251/4017
f 1503/4018 251/4019 1149/4020
f 418/4021 1446/4022 1506/4023
f 418/4024 1506/4025 1248/4026
f 417/4027 1247/4028 1505/4029
f 417/4030 1505/4031 1445/4032
f 1446/4033 354/4034 992/4035
f 1446/4036 992/4037 1506/4038
f 1445/4039 1505/4040 991/4041
f 1445/4042 991/4043 353/4044
f 1506/4045 992/4046 352/4047
f 1506/4048 352/4049 1440/4050
f 1505/4051 1439/4052 351/4053
f 1505/4054 351/4055 991/4056
f 456/4057 1437/4058 1508/4059
f 456/4060 1508/4061 1288/4062
f 455/4063 1287/4064 1507/4065
f 455/4066 1507/4067 1438/4068
f 1437/4069 84/4070 1096/4071
f 1437/4072 1096/4073 1508/4074
f 1438/4075 1507/4076 1095/4077
f 1438/4078 1095/4079 83/4080
f 1508/4081 1096/4082 90/4083
f 1508/4084 90/4085 1443/4086
f 1507/4087 1444/4088 89/4089
f 1507/4090 89/4091 1095/4092
f 508/4093 1435/4094 1510/4095
f 508/4096 1510/4097 1340/4098
f 507/4099 1339/4100 1509/4101
f 507/4102 1509/4103 1436/4104
f 1435/4105 240/4106 1148/4107
f 1435/4108 1148/4109 1510/4110
f 1436/4111 1509/4112 1147/4113
f 1436/4114 1147/4115 239/4116
f 1510/4117 1148/4118 246/4119
f 1510/4120 246/4121 1441/4122
f 1509/4123 1442/4124 245/4125
f 1509/4126 245/4127 1147/4128
f 416/4129 1440/4130 1512/4131
f 416/4132 1512/4133 1246/4134
f 415/4135 1245/4136 1511/4137
f 415/4138 1511/4139 1439/4140
f 1440/4141 352/4142 990/4143
f 1440/4144 990/4145 1512/4146
f 1439/4147 1511/4148 989/4149
f 1439/4150 989/4151 351/4152
f 1512/4153 990/4154 350/4155
f 1512/4156 350/4157 1434/4158
f 1511/4159 1433/4160 349/4161
f 1511/4162 349/4163 989/4164
f 454/4165 1431/4166 1514/4167
f 454/4168 1514/4169 1286/4170
f 453/4171 1285/4172 1513/4173
f 453/4174 1513/4175 1432/4176
f 1431/4177 78/4178 1094/4179
f 1431/4180 1094/4181 1514/4182
f 1432/4183 1513/4184 1093/4185
f 1432/4186 1093/4187 77/4188
f 1514/4189 1094/4190 84/4191
f 1514/4192 84/4193 1437/4194
f 1513/4195 1438/4196 83/4197
f 1513/4198 83/4199 1093/4200
f 506/4201 1429/4202 1516/4203
f 506/4204 1516/4205 1338/4206
f 505/4207 1337/4208 1515/4209
f 505/4210 1515/4211 1430/4212
f 1429/4213 234/4214 1146/4215
f 1429/4216 1146/4217 1516/4218
f 1430/4219 1515/4220 1145/4221
f 1430/4222 1145/4223 233/4224
f 1516/4225 1146/4226 240/4227
f 1516/4228 240/4229 1435/4230
f 1515/4231 1436/4232 239/4233
f 1515/4234 239/4235 1145/4236
f 414/4237 1434/4238 1518/4239
f 414/4240 1518/4241 1244/4242
f 413/4243 1243/4244 1517/4245
f 413/4246 1517/4247 1433/4248
f 1434/4249 350/4250 988/4251
f 1434/4252 988/4253 1518/4254
f 1433/4255 1517/4256 987/4257
f 1433/4258 987/4259 349/4260
f 1518/4261 988/4262 348/4263
f 1518/4264 348/4265 1428/4266
f 1517/4267 1427/4268 347/4269
f 1517/4270 347/4271 987/4272
f 452/4273 1423/4274 1520/4275
f 452/4276 1520/4277 1284/4278
f 451/4279 1283/4280 1519/4281
f 451/4282 1519/4283 1424/4284
f 1423/4285 72/4286 1092/4287
f 1423/4288 1092/4289 1520/4290
f 1424/4291 1519/4292 1091/4293
f 1424/4294 1091/4295 71/4296
f 1520/4297 1092/4298 78/4299
f 1520/4300 78/4301 1431/4302
f 1519/4303 1432/4304 77/4305
f 1519/4306 77/4307 1091/4308
f 504/4309 1421/4310 1522/4311
f 504/4312 1522/4313 1336/4314
f 503/4315 1335/4316 1521/4317
f 503/4318 1521/4319 1422/4320
f 1421/4321 228/4322 1144/4323
f 1421/4324 1144/4325 1522/4326
f 1422/4327 1521/4328 1143/4329
f 1422/4330 1143/4331 227/4332
f 1522/4333 1144/4334 234/4335
f 1522/4336 234/4337 1429/4338
f 1521/4339 1430/4340 233/4341
f 1521/4342 233/4343 1143/4344
f 412/4345 1428/4346 1524/4347
f 412/4348 1524/4349 1242/4350
f 411/4351 1241/4352 1523/4353
f 411/4354 1523/4355 1427/4356
f 1428/4357 348/4358 986/4359
f 1428/4360 986/4361 1524/4362
f 1427/4363 1523/4364 985/4365
f 1427/4366 985/4367 347/4368
f 1524/4369 986/4370 346/4371
f 1524/4372 346/4373 1420/4374
f 1523/4375 1419/4376 345/4377
f 1523/4378 345/4379 985/4380
f 450/4381 1426/4382 1526/4383
f 450/4384 1526/4385 1282/4386
f 449/4387 1281/4388 1525/4389
f 449/4390 1525/4391 1425/4392
f 1426/4393 66/4394 1090/4395
f 1426/4396 1090/4397 1526/4398
f 1425/4399 1525/4400 1089/4401
f 1425/4402 1089/4403 65/4404
f 1526/4405 1090/4406 72/4407
f 1526/4408 72/4409 1423/4410
f 1525/4411 1424/4412 71/4413
f 1525/4414 71/4415 1089/4416
f 502/4417 1417/4418 1528/4419
f 502/4420 1528/4421 1334/4422
f 501/4423 1333/4424 1527/4425
f 501/4426 1527/4427 1418/4428
f 1417/4429 222/4430 1142/4431
f 1417/4432 1142/4433 1528/4434
f 1418/4435 1527/4436 1141/4437
f 1418/4438 1141/4439 221/4440
f 1528/4441 1142/4442 228/4443
f 1528/4444 228/4445 1421/4446
f 1527/4447 1422/4448 227/4449
f 1527/4450 227/4451 1141/4452
f 410/4453 1420/4454 1530/4455
f 410/4456 1530/4457 1240/4458
f 409/4459 1239/4460 1529/4461
f 409/4462 1529/4463 1419/4464
f 1420/4465 346/4466 984/4467
f 1420/4468 984/4469 1530/4470
f 1419/4471 1529/4472 983/4473
f 1419/4474 983/4475 345/4476
f 1530/4477 984/4478 344/4479
f 1530/4480 344/4481 1416/4482
f 1529/4483 1415/4484 343/4485
f 1529/4486 343/4487 983/4488
f 500/4489 1413/4490 1532/4491
f 500/4492 1532/4493 1332/4494
f 499/4495 1331/4496 1531/4497
f 499/4498 1531/4499 1414/4500
f 1413/4501 216/4502 1140/4503
f 1413/4504 1140/4505 1532/4506
f 1414/4507 1531/4508 1139/4509
f 1414/4510 1139/4511 215/4512
f 1532/4513 1140/4514 222/4515
f 1532/4516 222/4517 1417/4518
f 1531/4519 1418/4520 221/4521
f 1531/4522 221/4523 1139/4524
f 408/4525 1416/4526 1534/4527
f 408/4528 1534/4529 1238/4530
f 407/4531 1237/4532 1533/4533
f 407/4534 1533/4535 1415/4536
f 1416/4537 344/4538 982/4539
f 1416/4540 982/4541 1534/4542
f 1415/4543 1533/4544 981/4545
f 1415/4546 981/4547 343/4548
f 1534/4549 982/4550 342/4551
f 1534/4552 342/4553 1412/4554
f 1533/4555 1411/4556 341/4557
f 1533/4558 341/4559 981/4560
f 498/4561 1409/4562 1536/4563
f 498/4564 1536/4565 1330/4566
f 497/4567 1329/4568 1535/4569
f 497/4570 1535/4571 1410/4572
f 1409/4573 210/4574 1138/4575
f 1409/4576 1138/4577 1536/4578
f 1410/4579 1535/4580 1137/4581
f 1410/4582 1137/4583 209/4584
f 1536/4585 1138/4586 216/4587
f 1536/4588 216/4589 1413/4590
f 1535/4591 1414/4592 215/4593
f 1535/4594 215/4595 1137/4596
f 448/4597 1407/4598 1538/4599
f 448/4600 1538/4601 1280/4602
f 447/4603 1279/4604 1537/4605
f 447/4606 1537/4607 1408/4608
f 1407/4609 512/4610 1344/4611
f 1407/4612 1344/4613 1538/4614
f 1408/4615 1537/4616 1343/4617
f 1408/4618 1343/4619 511/4620
f 1538/4621 1344/4622 450/4623
f 1538/4624 450/4625 1346/4626
f 1537/4627 1345/4628 449/4629
f 1537/4630 449/4631 1343/4632
f 446/4633 1405/4634 1540/4635
f 446/4636 1540/4637 1278/4638
f 445/4639 1277/4640 1539/4641
f 445/4642 1539/4643 1406/4644
f 1405/4645 510/4646 1342/4647
f 1405/4648 1342/4649 1540/4650
f 1406/4651 1539/4652 1341/4653
f 1406/4654 1341/4655 509/4656
f 1540/4657 1342/4658 512/4659
f 1540/4660 512/4661 1407/4662
f 1539/4663 1408/4664 511/4665
f 1539/4666 511/4667 1341/4668
f 444/4669 1403/4670 1542/4671
f 444/4672 1542/4673 1276/4674
f 443/4675 1275/4676 1541/4677
f 443/4678 1541/4679 1404/4680
f 1403/4681 508/4682 1340/4683
f 1403/4684 1340/4685 1542/4686
f 1404/4687 1541/4688 1339/4689
f 1404/4690 1339/4691 507/4692
f 1542/4693 1340/4694 510/4695
f 1542/4696 510/4697 1405/4698
f 1541/4699 1406/4700 509/4701
f 1541/4702 509/4703 1339/4704
f 442/4705 1401/4706 1544/4707
f 442/4708 1544/4709 1274/4710
f 441/4711 1273/4712 1543/4713
f 441/4714 1543/4715 1402/4716
f 1401/4717 506/4718 1338/4719
f 1401/4720 1338/4721 1544/4722
f 1402/4723 1543/4724 1337/4725
f 1402/4726 1337/4727 505/4728
f 1544/4729 1338/4730 508/4731
f 1544/4732 508/4733 1403/4734
f 1543/4735 1404/4736 507/4737
f 1543/4738 507/4739 1337/4740
f 440/4741 1399/4742 1546/4743
f 440/4744 1546/4745 1272/4746
f 439/4747 1271/4748 1545/4749
f 439/4750 1545/4751 1400/4752
f 1399/4753 504/4754 1336/4755
f 1399/4756 1336/4757 1546/4758
f 1400/4759 1545/4760 1335/4761
f 1400/4762 1335/4763 503/4764
f 1546/4765 1336/4766 506/4767
f 1546/4768 506/4769 1401/4770
f 1545/4771 1402/4772 505/4773
f 1545/4774 505/4775 1335/4776
f 438/4777 1397/4778 1548/4779
f 438/4780 1548/4781 1270/4782
f 437/4783 1269/4784 1547/4785
f 437/4786 1547/4787 1398/4788
f 1397/4789 502/4790 1334/4791
f 1397/4792 1334/4793 1548/4794
f 1398/4795 1547/4796 1333/4797
f 1398/4798 1333/4799 501/4800
f 1548/4801 1334/4802 504/4803
f 1548/4804 504/4805 1399/4806
f 1547/4807 1400/4808 503/4809
f 1547/4810 503/4811 1333/4812
f 436/4813 1395/4814 1550/4815
f 436/4816 1550/4817 1268/4818
f 435/4819 1267/4820 1549/4821
f 435/4822 1549/4823 1396/4824
f 1395/4825 500/4826 1332/4827
f 1395/4828 1332/4829 1550/4830
f 1396/4831 1549/4832 1331/4833
f 1396/4834 1331/4835 499/4836
f 1550/4837 1332/4838 502/4839
f 1550/4840 502/4841 1397/4842
f 1549/4843 1398/4844 501/4845
f 1549/4846 501/4847 1331/4848
f 434/4849 1393/4850 1552/4851
f 434/4852 1552/4853 1266/4854
f 433/4855 1265/4856 1551/4857
f 433/4858 1551/4859 1394/4860
f 1393/4861 498/4862 1330/4863
f 1393/4864 1330/4865 1552/4866
f 1394/4867 1551/4868 1329/4869
f 1394/4870 1329/4871 497/4872
f 1552/4873 1330/4874 500/4875
f 1552/4876 500/4877 1395/4878
f 1551/4879 1396/4880 499/4881
f 1551/4882 499/4883 1329/4884
f 431/4885 1391/4886 1554/4887
f 431/4888 1554/4889 1264/4890
f 432/4891 1263/4892 1553/4893
f 432/4894 1553/4895 1392/4896
f 1391/4897 495/4898 1328/4899
f 1391/4900 1328/4901 1554/4902
f 1392/4903 1553/4904 1327/4905
f 1392/4906 1327/4907 496/4908
f 1554/4909 1328/4910 498/4911
f 1554/4912 498/4913 1393/4914
f 1553/4915 1394/4916 497/4917
f 1553/4918 497/4919 1327/4920
f 430/4921 1389/4922 1556/4923
f 430/4924 1556/4925 1262/4926
f 429/4927 1261/4928 1555/4929
f 429/4930 1555/4931 1390/4932
f 1389/4933 493/4934 1326/4935
f 1389/4936 1326/4937 1556/4938
f 1390/4939 1555/4940 1325/4941
f 1390/4942 1325/4943 494/4944
f 1556/4945 1326/4946 495/4947
f 1556/4948 495/4949 1391/4950
f 1555/4951 1392/4952 496/4953
f 1555/4954 496/4955 1325/4956
f 428/4957 1387/4958 1558/4959
f 428/4960 1558/4961 1260/4962
f 427/4963 1259/4964 1557/4965
f 427/4966 1557/4967 1388/4968
f 1387/4969 491/4970 1324/4971
f 1387/4972 1324/4973 1558/4974
f 1388/4975 1557/4976 1323/4977
f 1388/4978 1323/4979 492/4980
f 1558/4981 1324/4982 493/4983
f 1558/4984 493/4985 1389/4986
f 1557/4987 1390/4988 494/4989
f 1557/4990 494/4991 1323/4992
f 426/4993 1385/4994 1560/4995
f 426/4996 1560/4997 1258/4998
f 425/4999 1257/5000 1559/5001
f 425/5002 1559/5003 1386/5004
f 1385/5005 489/5006 1322/5007
f 1385/5008 1322/5009 1560/5010
f 1386/5011 1559/5012 1321/5013
f 1386/5014 1321/5015 490/5016
f 1560/5017 1322/5018 491/5019
f 1560/5020 491/5021 1387/5022
f 1559/5023 1388/5024 492/5025
f 1559/5026 492/5027 1321/5028
f 424/5029 1383/5030 1562/5031
f 424/5032 1562/5033 1256/5034
f 423/5035 1255/5036 1561/5037
f 423/5038 1561/5039 1384/5040
f 1383/5041 487/5042 1320/5043
f 1383/5044 1320/5045 1562/5046
f 1384/5047 1561/5048 1319/5049
f 1384/5050 1319/5051 488/5052
f 1562/5053 1320/5054 489/5055
f 1562/5056 489/5057 1385/5058
f 1561/5059 1386/5060 490/5061
f 1561/5062 490/5063 1319/5064
f 422/5065 1381/5066 1564/5067
f 422/5068 1564/5069 1254/5070
f 421/5071 1253/5072 1563/5073
f 421/5074 1563/5075 1382/5076
f 1381/5077 485/5078 1318/5079
f 1381/5080 1318/5081 1564/5082
f 1382/5083 1563/5084 1317/5085
f 1382/5086 1317/5087 486/5088
f 1564/5089 1318/5090 487/5091
f 1564/5092 487/5093 1383/5094
f 1563/5095 1384/5096 488/5097
f 1563/5098 488/5099 1317/5100
f 420/5101 1379/5102 1566/5103
f 420/5104 1566/5105 1252/5106
f 419/5107 1251/5108 1565/5109
f 419/5110 1565/5111 1380/5112
f 1379/5113 483/5114 1316/5115
f 1379/5116 1316/5117 1566/5118
f 1380/5119 1565/5120 1315/5121
f 1380/5122 1315/5123 484/5124
f 1566/5125 1316/5126 485/5127
f 1566/5128 485/5129 1381/5130
f 1565/5131 1382/5132 486/5133
f 1565/5134 486/5135 1315/5136
f 418/5137 1377/5138 1568/5139
f 418/5140 1568/5141 1250/5142
f 417/5143 1249/5144 1567/5145
f 417/5146 1567/5147 1378/5148
f 1377/5149 481/5150 1314/5151
f 1377/5152 1314/5153 1568/5154
f 1378/5155 1567/5156 1313/5157
f 1378/5158 1313/5159 482/5160
f 1568/5161 1314/5162 483/5163
f 1568/5164 483/5165 1379/5166
f 1567/5167 1380/5168 484/5169
f 1567/5170 484/5171 1313/5172
f 416/5173 1375/5174 1570/5175
f 416/5176 1570/5177 1248/5178
f 415/5179 1247/5180 1569/5181
f 415/5182 1569/5183 1376/5184
f 1375/5185 479/5186 1312/5187
f 1375/5188 1312/5189 1570/5190
f 1376/5191 1569/5192 1311/5193
f 1376/5194 1311/5195 480/5196
f 1570/5197 1312/5198 481/5199
f 1570/5200 481/5201 1377/5202
f 1569/5203 1378/5204 482/5205
f 1569/5206 482/5207 1311/5208
f 414/5209 1373/5210 1572/5211
f 414/5212 1572/5213 1246/5214
f 413/5215 1245/5216 1571/5217
f 413/5218 1571/5219 1374/5220
f 1373/5221 477/5222 1310/5223
f 1373/5224 1310/5225 1572/5226
f 1374/5227 1571/5228 1309/5229
f 1374/5230 1309/5231 478/5232
f 1572/5233 1310/5234 479/5235
f 1572/5236 479/5237 1375/5238
f 1571/5239 1376/5240 480/5241
f 1571/5242 480/5243 1309/5244
f 412/5245 1371/5246 1574/5247
f 412/5248 1574/5249 1244/5250
f 411/5251 1243/5252 1573/5253
f 411/5254 1573/5255 1372/5256
f 1371/5257 475/5258 1308/5259
f 1371/5260 1308/5261 1574/5262
f 1372/5263 1573/5264 1307/5265
f 1372/5266 1307/5267 476/5268
f 1574/5269 1308/5270 477/5271
f 1574/5272 477/5273 1373/5274
f 1573/5275 1374/5276 478/5277
f 1573/5278 478/5279 1307/5280
f 410/5281 1369/5282 1576/5283
f 410/5284 1576/5285 1242/5286
f 409/5287 1241/5288 1575/5289
f 409/5290 1575/5291 1370/5292
f 1369/5293 473/5294 1306/5295
f 1369/5296 1306/5297 1576/5298
f 1370/5299 1575/5300 1305/5301
f 1370/5302 1305/5303 474/5304
f 1576/5305 1306/5306 475/5307
f 1576/5308 475/5309 1371/5310
f 1575/5311 1372/5312 476/5313
f 1575/5314 476/5315 1305/5316
f 408/5317 1367/5318 1578/5319
f 408/5320 1578/5321 1240/5322
f 407/5323 1239/5324 1577/5325
f 407/5326 1577/5327 1368/5328
f 1367/5329 472/5330 1304/5331
f 1367/5332 1304/5333 1578/5334
f 1368/5335 1577/5336 1303/5337
f 1368/5338 1303/5339 471/5340
f 1578/5341 1304/5342 473/5343
f 1578/5344 473/5345 1369/5346
f 1577/5347 1370/5348 474/5349
f 1577/5350 474/5351 1303/5352
f 406/5353 1365/5354 1580/5355
f 406/5356 1580/5357 1238/5358
f 405/5359 1237/5360 1579/5361
f 405/5362 1579/5363 1366/5364
f 1365/5365 470/5366 1302/5367
f 1365/5368 1302/5369 1580/5370
f 1366/5371 1579/5372 1301/5373
f 1366/5374 1301/5375 469/5376
f 1580/5377 1302/5378 472/5379
f 1580/5380 472/5381 1367/5382
f 1579/5383 1368/5384 471/5385
f 1579/5386 471/5387 1301/5388
f 404/5389 1363/5390 1582/5391
f 404/5392 1582/5393 1236/5394
f 403/5395 1235/5396 1581/5397
f 403/5398 1581/5399 1364/5400
f 1363/5401 468/5402 1300/5403
f 1363/5404 1300/5405 1582/5406
f 1364/5407 1581/5408 1299/5409
f 1364/5410 1299/5411 467/5412
f 1582/5413 1300/5414 470/5415
f 1582/5416 470/5417 1365/5418
f 1581/5419 1366/5420 469/5421
f 1581/5422 469/5423 1299/5424
f 402/5425 1361/5426 1584/5427
f 402/5428 1584/5429 1234/5430
f 401/5431 1233/5432 1583/5433
f 401/5434 1583/5435 1362/5436
f 1361/5437 466/5438 1298/5439
f 1361/5440 1298/5441 1584/5442
f 1362/5443 1583/5444 1297/5445
f 1362/5446 1297/5447 465/5448
f 1584/5449 1298/5450 468/5451
f 1584/5452 468/5453 1363/5454
f 1583/5455 1364/5456 467/5457
f 1583/5458 467/5459 1297/5460
f 400/5461 1359/5462 1586/5463
f 400/5464 1586/5465 1232/5466
f 399/5467 1231/5468 1585/5469
f 399/5470 1585/5471 1360/5472
f 1359/5473 464/5474 1296/5475
f 1359/5476 1296/5477 1586/5478
f 1360/5479 1585/5480 1295/5481
f 1360/5482 1295/5483 463/5484
f 1586/5485 1296/5486 466/5487
f 1586/5488 466/5489 1361/5490
f 1585/5491 1362/5492 465/5493
f 1585/5494 465/5495 1295/5496
f 398/5497 1357/5498 1588/5499
f 398/5500 1588/5501 1230/5502
f 397/5503 1229/5504 1587/5505
f 397/5506 1587/5507 1358/5508
f 1357/5509 462/5510 1294/5511
f 1357/5512 1294/5513 1588/5514
f 1358/5515 1587/5516 1293/5517
f 1358/5518 1293/5519 461/5520
f 1588/5521 1294/5522 464/5523
f 1588/5524 464/5525 1359/5526
f 1587/5527 1360/5528 463/5529
f 1587/5530 463/5531 1293/5532
f 396/5533 1355/5534 1590/5535
f 396/5536 1590/5537 1228/5538
f 395/5539 1227/5540 1589/5541
f 395/5542 1589/5543 1356/5544
f 1355/5545 460/5546 1292/5547
f 1355/5548 1292/5549 1590/5550
f 1356/5551 1589/5552 1291/5553
f 1356/5554 1291/5555 459/5556
f 1590/5557 1292/5558 462/5559
f 1590/5560 462/5561 1357/5562
f 1589/5563 1358/5564 461/5565
f 1589/5566 461/5567 1291/5568
f 394/5569 1353/5570 1592/5571
f 394/5572 1592/5573 1226/5574
f 393/5575 1225/5576 1591/5577
f 393/5578 1591/5579 1354/5580
f 1353/5581 458/5582 1290/5583
f 1353/5584 1290/5585 1592/5586
f 1354/5587 1591/5588 1289/5589
f 1354/5590 1289/5591 457/5592
f 1592/5593 1290/5594 460/5595
f 1592/5596 460/5597 1355/5598
f 1591/5599 1356/5600 459/5601
f 1591/5602 459/5603 1289/5604
f 392/5605 1351/5606 1594/5607
f 392/5608 1594/5609 1224/5610
f 391/5611 1223/5612 1593/5613
f 391/5614 1593/5615 1352/5616
f 1351/5617 456/5618 1288/5619
f 1351/5620 1288/5621 1594/5622
f 1352/5623 1593/5624 1287/5625
f 1352/5626 1287/5627 455/5628
f 1594/5629 1288/5630 458/5631
f 1594/5632 458/5633 1353/5634
f 1593/5635 1354/5636 457/5637
f 1593/5638 457/5639 1287/5640
f 390/5641 1349/5642 1596/5643
f 390/5644 1596/5645 1222/5646
f 389/5647 1221/5648 1595/5649
f 389/5650 1595/5651 1350/5652
f 1349/5653 454/5654 1286/5655
f 1349/5656 1286/5657 1596/5658
f 1350/5659 1595/5660 1285/5661
f 1350/5662 1285/5663 453/5664
f 1596/5665 1286/5666 456/5667
f 1596/5668 456/5669 1351/5670
f 1595/5671 1352/5672 455/5673
f 1595/5674 455/5675 1285/5676
f 388/5677 1347/5678 1598/5679
f 388/5680 1598/5681 1220/5682
f 387/5683 1219/5684 1597/5685
f 387/5686 1597/5687 1348/5688
f 1347/5689 452/5690 1284/5691
f 1347/5692 1284/5693 1598/5694
f 1348/5695 1597/5696 1283/5697
f 1348/5698 1283/5699 451/5700
f 1598/5701 1284/5702 454/5703
f 1598/5704 454/5705 1349/5706
f 1597/5707 1350/5708 453/5709
f 1597/5710 453/5711 1283/5712
f 385/5713 1346/5714 1600/5715
f 385/5716 1600/5717 1218/5718
f 386/5719 1217/5720 1599/5721
f 386/5722 1599/5723 1345/5724
f 1346/5725 450/5726 1282/5727
f 1346/5728 1282/5729 1600/5730
f 1345/5731 1599/5732 1281/5733
f 1345/5734 1281/5735 449/5736
f 1600/5737 1282/5738 452/5739
f 1600/5740 452/5741 1347/5742
f 1599/5743 1348/5744 451/5745
f 1599/5746 451/5747 1281/5748
f 472/5749 1214/5750 1602/5751
f 472/5752 1602/5753 1304/5754
f 471/5755 1303/5756 1601/5757
f 471/5758 1601/5759 1213/5760
f 1214/5761 132/5762 1112/5763
f 1214/5764 1112/5765 1602/5766
f 1213/5767 1601/5768 1111/5769
f 1213/5770 1111/5771 131/5772
f 1602/5773 1112/5774 138/5775
f 1602/5776 138/5777 1215/5778
f 1601/5779 1216/5780 137/5781
f 1601/5782 137/5783 1111/5784
f 434/5785 1209/5786 1604/5787
f 434/5788 1604/5789 1264/5790
f 433/5791 1263/5792 1603/5793
f 433/5794 1603/5795 1210/5796
f 1209/5797 370/5798 1008/5799
f 1209/5800 1008/5801 1604/5802
f 1210/5803 1603/5804 1007/5805
f 1210/5806 1007/5807 369/5808
f 1604/5809 1008/5810 368/5811
f 1604/5812 368/5813 1211/5814
f 1603/5815 1212/5816 367/5817
f 1603/5818 367/5819 1007/5820
f 473/5821 1215/5822 1606/5823
f 473/5824 1606/5825 1306/5826
f 474/5827 1305/5828 1605/5829
f 474/5830 1605/5831 1216/5832
f 1215/5833 138/5834 1114/5835
f 1215/5836 1114/5837 1606/5838
f 1216/5839 1605/5840 1113/5841
f 1216/5842 1113/5843 137/5844
f 1606/5845 1114/5846 144/5847
f 1606/5848 144/5849 1207/5850
f 1605/5851 1208/5852 143/5853
f 1605/5854 143/5855 1113/5856
f 436/5857 1205/5858 1608/5859
f 436/5860 1608/5861 1266/5862
f 435/5863 1265/5864 1607/5865
f 435/5866 1607/5867 1206/5868
f 1205/5869 372/5870 1010/5871
f 1205/5872 1010/5873 1608/5874
f 1206/5875 1607/5876 1009/5877
f 1206/5878 1009/5879 371/5880
f 1608/5881 1010/5882 370/5883
f 1608/5884 370/5885 1209/5886
f 1607/5887 1210/5888 369/5889
f 1607/5890 369/5891 1009/5892
f 475/5893 1207/5894 1610/5895
f 475/5896 1610/5897 1308/5898
f 476/5899 1307/5900 1609/5901
f 476/5902 1609/5903 1208/5904
f 1207/5905 144/5906 1116/5907
f 1207/5908 1116/5909 1610/5910
f 1208/5911 1609/5912 1115/5913
f 1208/5914 1115/5915 143/5916
f 1610/5917 1116/5918 150/5919
f 1610/5920 150/5921 1203/5922
f 1609/5923 1204/5924 149/5925
f 1609/5926 149/5927 1115/5928
f 438/5929 1201/5930 1612/5931
f 438/5932 1612/5933 1268/5934
f 437/5935 1267/5936 1611/5937
f 437/5938 1611/5939 1202/5940
f 1201/5941 374/5942 1012/5943
f 1201/5944 1012/5945 1612/5946
f 1202/5947 1611/5948 1011/5949
f 1202/5950 1011/5951 373/5952
f 1612/5953 1012/5954 372/5955
f 1612/5956 372/5957 1205/5958
f 1611/5959 1206/5960 371/5961
f 1611/5962 371/5963 1011/5964
f 477/5965 1203/5966 1614/5967
f 477/5968 1614/5969 1310/5970
f 478/5971 1309/5972 1613/5973
f 478/5974 1613/5975 1204/5976
f 1203/5977 150/5978 1118/5979
f 1203/5980 1118/5981 1614/5982
f 1204/5983 1613/5984 1117/5985
f 1204/5986 1117/5987 149/5988
f 1614/5989 1118/5990 156/5991
f 1614/5992 156/5993 1199/5994
f 1613/5995 1200/5996 155/5997
f 1613/5998 155/5999 1117/6000
f 440/6001 1197/6002 1616/6003
f 440/6004 1616/6005 1270/6006
f 439/6007 1269/6008 1615/6009
f 439/6010 1615/6011 1198/6012
f 1197/6013 376/6014 1014/6015
f 1197/6016 1014/6017 1616/6018
f 1198/6019 1615/6020 1013/6021
f 1198/6022 1013/6023 375/6024
f 1616/6025 1014/6026 374/6027
f 1616/6028 374/6029 1201/6030
f 1615/6031 1202/6032 373/6033
f 1615/6034 373/6035 1013/6036
f 388/6037 1193/6038 1618/6039
f 388/6040 1618/6041 1218/6042
f 387/6043 1217/6044 1617/6045
f 387/6046 1617/6047 1194/6048
f 1193/6049 324/6050 962/6051
f 1193/6052 962/6053 1618/6054
f 1194/6055 1617/6056 961/6057
f 1194/6058 961/6059 323/6060
f 1618/6061 962/6062 322/6063
f 1618/6064 322/6065 1195/6066
f 1617/6067 1196/6068 321/6069
f 1617/6070 321/6071 961/6072
f 479/6073 1199/6074 1620/6075
f 479/6076 1620/6077 1312/6078
f 480/6079 1311/6080 1619/6081
f 480/6082 1619/6083 1200/6084
f 1199/6085 156/6086 1120/6087
f 1199/6088 1120/6089 1620/6090
f 1200/6091 1619/6092 1119/6093
f 1200/6094 1119/6095 155/6096
f 1620/6097 1120/6098 162/6099
f 1620/6100 162/6101 1191/6102
f 1619/6103 1192/6104 161/6105
f 1619/6106 161/6107 1119/6108
f 442/6109 1189/6110 1622/6111
f 442/6112 1622/6113 1272/6114
f 441/6115 1271/6116 1621/6117
f 441/6118 1621/6119 1190/6120
f 1189/6121 378/6122 1016/6123
f 1189/6124 1016/6125 1622/6126
f 1190/6127 1621/6128 1015/6129
f 1190/6130 1015/6131 377/6132
f 1622/6133 1016/6134 376/6135
f 1622/6136 376/6137 1197/6138
f 1621/6139 1198/6140 375/6141
f 1621/6142 375/6143 1015/6144
f 390/6145 1187/6146 1624/6147
f 390/6148 1624/6149 1220/6150
f 389/6151 1219/6152 1623/6153
f 389/6154 1623/6155 1188/6156
f 1187/6157 326/6158 964/6159
f 1187/6160 964/6161 1624/6162
f 1188/6163 1623/6164 963/6165
f 1188/6166 963/6167 325/6168
f 1624/6169 964/6170 324/6171
f 1624/6172 324/6173 1193/6174
f 1623/6175 1194/6176 323/6177
f 1623/6178 323/6179 963/6180
f 481/6181 1191/6182 1626/6183
f 481/6184 1626/6185 1314/6186
f 482/6187 1313/6188 1625/6189
f 482/6190 1625/6191 1192/6192
f 1191/6193 162/6194 1122/6195
f 1191/6196 1122/6197 1626/6198
f 1192/6199 1625/6200 1121/6201
f 1192/6202 1121/6203 161/6204
f 1626/6205 1122/6206 168/6207
f 1626/6208 168/6209 1185/6210
f 1625/6211 1186/6212 167/6213
f 1625/6214 167/6215 1121/6216
f 444/6217 1183/6218 1628/6219
f 444/6220 1628/6221 1274/6222
f 443/6223 1273/6224 1627/6225
f 443/6226 1627/6227 1184/6228
f 1183/6229 380/6230 1018/6231
f 1183/6232 1018/6233 1628/6234
f 1184/6235 1627/6236 1017/6237
f 1184/6238 1017/6239 379/6240
f 1628/6241 1018/6242 378/6243
f 1628/6244 378/6245 1189/6246
f 1627/6247 1190/6248 377/6249
f 1627/6250 377/6251 1017/6252
f 392/6253 1181/6254 1630/6255
f 392/6256 1630/6257 1222/6258
f 391/6259 1221/6260 1629/6261
f 391/6262 1629/6263 1182/6264
f 1181/6265 328/6266 966/6267
f 1181/6268 966/6269 1630/6270
f 1182/6271 1629/6272 965/6273
f 1182/6274 965/6275 327/6276
f 1630/6277 966/6278 326/6279
f 1630/6280 326/6281 1187/6282
f 1629/6283 1188/6284 325/6285
f 1629/6286 325/6287 965/6288
f 483/6289 1185/6290 1632/6291
f 483/6292 1632/6293 1316/6294
f 484/6295 1315/6296 1631/6297
f 484/6298 1631/6299 1186/6300
f 1185/6301 168/6302 1124/6303
f 1185/6304 1124/6305 1632/6306
f 1186/6307 1631/6308 1123/6309
f 1186/6310 1123/6311 167/6312
f 1632/6313 1124/6314 174/6315
f 1632/6316 174/6317 1179/6318
f 1631/6319 1180/6320 173/6321
f 1631/6322 173/6323 1123/6324
f 446/6325 1177/6326 1634/6327
f 446/6328 1634/6329 1276/6330
f 445/6331 1275/6332 1633/6333
f 445/6334 1633/6335 1178/6336
f 1177/6337 382/6338 1020/6339
f 1177/6340 1020/6341 1634/6342
f 1178/6343 1633/6344 1019/6345
f 1178/6346 1019/6347 381/6348
f 1634/6349 1020/6350 380/6351
f 1634/6352 380/6353 1183/6354
f 1633/6355 1184/6356 379/6357
f 1633/6358 379/6359 1019/6360
f 394/6361 1175/6362 1636/6363
f 394/6364 1636/6365 1224/6366
f 393/6367 1223/6368 1635/6369
f 393/6370 1635/6371 1176/6372
f 1175/6373 330/6374 968/6375
f 1175/6376 968/6377 1636/6378
f 1176/6379 1635/6380 967/6381
f 1176/6382 967/6383 329/6384
f 1636/6385 968/6386 328/6387
f 1636/6388 328/6389 1181/6390
f 1635/6391 1182/6392 327/6393
f 1635/6394 327/6395 967/6396
f 485/6397 1179/6398 1638/6399
f 485/6400 1638/6401 1318/6402
f 486/6403 1317/6404 1637/6405
f 486/6406 1637/6407 1180/6408
f 1179/6409 174/6410 1126/6411
f 1179/6412 1126/6413 1638/6414
f 1180/6415 1637/6416 1125/6417
f 1180/6418 1125/6419 173/6420
f 1638/6421 1126/6422 180/6423
f 1638/6424 180/6425 1173/6426
f 1637/6427 1174/6428 179/6429
f 1637/6430 179/6431 1125/6432
f 448/6433 1171/6434 1640/6435
f 448/6436 1640/6437 1278/6438
f 447/6439 1277/6440 1639/6441
f 447/6442 1639/6443 1172/6444
f 1171/6445 384/6446 1022/6447
f 1171/6448 1022/6449 1640/6450
f 1172/6451 1639/6452 1021/6453
f 1172/6454 1021/6455 383/6456
f 1640/6457 1022/6458 382/6459
f 1640/6460 382/6461 1177/6462
f 1639/6463 1178/6464 381/6465
f 1639/6466 381/6467 1021/6468
f 396/6469 1169/6470 1642/6471
f 396/6472 1642/6473 1226/6474
f 395/6475 1225/6476 1641/6477
f 395/6478 1641/6479 1170/6480
f 1169/6481 332/6482 970/6483
f 1169/6484 970/6485 1642/6486
f 1170/6487 1641/6488 969/6489
f 1170/6490 969/6491 331/6492
f 1642/6493 970/6494 330/6495
f 1642/6496 330/6497 1175/6498
f 1641/6499 1176/6500 329/6501
f 1641/6502 329/6503 969/6504
f 487/6505 1173/6506 1644/6507
f 487/6508 1644/6509 1320/6510
f 488/6511 1319/6512 1643/6513
f 488/6514 1643/6515 1174/6516
f 1173/6517 180/6518 1128/6519
f 1173/6520 1128/6521 1644/6522
f 1174/6523 1643/6524 1127/6525
f 1174/6526 1127/6527 179/6528
f 1644/6529 1128/6530 186/6531
f 1644/6532 186/6533 1167/6534
f 1643/6535 1168/6536 185/6537
f 1643/6538 185/6539 1127/6540
f 385/6541 1195/6542 1646/6543
f 385/6544 1646/6545 1280/6546
f 386/6547 1279/6548 1645/6549
f 386/6550 1645/6551 1196/6552
f 1195/6553 322/6554 1024/6555
f 1195/6556 1024/6557 1646/6558
f 1196/6559 1645/6560 1023/6561
f 1196/6562 1023/6563 321/6564
f 1646/6565 1024/6566 384/6567
f 1646/6568 384/6569 1171/6570
f 1645/6571 1172/6572 383/6573
f 1645/6574 383/6575 1023/6576
f 398/6577 1165/6578 1648/6579
f 398/6580 1648/6581 1228/6582
f 397/6583 1227/6584 1647/6585
f 397/6586 1647/6587 1166/6588
f 1165/6589 334/6590 972/6591
f 1165/6592 972/6593 1648/6594
f 1166/6595 1647/6596 971/6597
f 1166/6598 971/6599 333/6600
f 1648/6601 972/6602 332/6603
f 1648/6604 332/6605 1169/6606
f 1647/6607 1170/6608 331/6609
f 1647/6610 331/6611 971/6612
f 489/6613 1167/6614 1650/6615
f 489/6616 1650/6617 1322/6618
f 490/6619 1321/6620 1649/6621
f 490/6622 1649/6623 1168/6624
f 1167/6625 186/6626 1130/6627
f 1167/6628 1130/6629 1650/6630
f 1168/6631 1649/6632 1129/6633
f 1168/6634 1129/6635 185/6636
f 1650/6637 1130/6638 192/6639
f 1650/6640 192/6641 1163/6642
f 1649/6643 1164/6644 191/6645
f 1649/6646 191/6647 1129/6648
f 400/6649 1161/6650 1652/6651
f 400/6652 1652/6653 1230/6654
f 399/6655 1229/6656 1651/6657
f 399/6658 1651/6659 1162/6660
f 1161/6661 336/6662 974/6663
f 1161/6664 974/6665 1652/6666
f 1162/6667 1651/6668 973/6669
f 1162/6670 973/6671 335/6672
f 1652/6673 974/6674 334/6675
f 1652/6676 334/6677 1165/6678
f 1651/6679 1166/6680 333/6681
f 1651/6682 333/6683 973/6684
f 491/6685 1163/6686 1654/6687
f 491/6688 1654/6689 1324/6690
f 492/6691 1323/6692 1653/6693
f 492/6694 1653/6695 1164/6696
f 1163/6697 192/6698 1132/6699
f 1163/6700 1132/6701 1654/6702
f 1164/6703 1653/6704 1131/6705
f 1164/6706 1131/6707 191/6708
f 1654/6709 1132/6710 198/6711
f 1654/6712 198/6713 1159/6714
f 1653/6715 1160/6716 197/6717
f 1653/6718 197/6719 1131/6720
f 402/6721 1157/6722 1656/6723
f 402/6724 1656/6725 1232/6726
f 401/6727 1231/6728 1655/6729
f 401/6730 1655/6731 1158/6732
f 1157/6733 338/6734 976/6735
f 1157/6736 976/6737 1656/6738
f 1158/6739 1655/6740 975/6741
f 1158/6742 975/6743 337/6744
f 1656/6745 976/6746 336/6747
f 1656/6748 336/6749 1161/6750
f 1655/6751 1162/6752 335/6753
f 1655/6754 335/6755 975/6756
f 493/6757 1159/6758 1658/6759
f 493/6760 1658/6761 1326/6762
f 494/6763 1325/6764 1657/6765
f 494/6766 1657/6767 1160/6768
f 1159/6769 198/6770 1134/6771
f 1159/6772 1134/6773 1658/6774
f 1160/6775 1657/6776 1133/6777
f 1160/6778 1133/6779 197/6780
f 1658/6781 1134/6782 204/6783
f 1658/6784 204/6785 1155/6786
f 1657/6787 1156/6788 203/6789
f 1657/6790 203/6791 1133/6792
f 404/6793 1153/6794 1660/6795
f 404/6796 1660/6797 1234/6798
f 403/6799 1233/6800 1659/6801
f 403/6802 1659/6803 1154/6804
f 1153/6805 340/6806 978/6807
f 1153/6808 978/6809 1660/6810
f 1154/6811 1659/6812 977/6813
f 1154/6814 977/6815 339/6816
f 1660/6817 978/6818 338/6819
f 1660/6820 338/6821 1157/6822
f 1659/6823 1158/6824 337/6825
f 1659/6826 337/6827 977/6828
f 495/6829 1155/6830 1662/6831
f 495/6832 1662/6833 1328/6834
f 496/6835 1327/6836 1661/6837
f 496/6838 1661/6839 1156/6840
f 1155/6841 204/6842 1136/6843
f 1155/6844 1136/6845 1662/6846
f 1156/6847 1661/6848 1135/6849
f 1156/6850 1135/6851 203/6852
f 1662/6853 1136/6854 210/6855
f 1662/6856 210/6857 1409/6858
f 1661/6859 1410/6860 209/6861
f 1661/6862 209/6863 1135/6864
f 406/6865 1412/6866 1664/6867
f 406/6868 1664/6869 1236/6870
f 405/6871 1235/6872 1663/6873
f 405/6874 1663/6875 1411/6876
f 1412/6877 342/6878 980/6879
f 1412/6880 980/6881 1664/6882
f 1411/6883 1663/6884 979/6885
f 1411/6886 979/6887 341/6888
f 1664/6889 980/6890 340/6891
f 1664/6892 340/6893 1153/6894
f 1663/6895 1154/6896 339/6897
f 1663/6898 339/6899 979/6900
f 320/6901 1087/6902 1666/6903
f 320/6904 1666/6905 896/6906
f 319/6907 895/6908 1665/6909
f 319/6910 1665/6911 1088/6912
f 1087/6913 384/6914 1024/6915
f 1087/6916 1024/6917 1666/6918
f 1088/6919 1665/6920 1023/6921
f 1088/6922 1023/6923 383/6924
f 1666/6925 1024/6926 322/6927
f 1666/6928 322/6929 1026/6930
f 1665/6931 1025/6932 321/6933
f 1665/6934 321/6935 1023/6936
f 318/6937 1085/6938 1668/6939
f 318/6940 1668/6941 890/6942
f 317/6943 889/6944 1667/6945
f 317/6946 1667/6947 1086/6948
f 1085/6949 382/6950 1022/6951
f 1085/6952 1022/6953 1668/6954
f 1086/6955 1667/6956 1021/6957
f 1086/6958 1021/6959 381/6960
f 1668/6961 1022/6962 384/6963
f 1668/6964 384/6965 1087/6966
f 1667/6967 1088/6968 383/6969
f 1667/6970 383/6971 1021/6972
f 316/6973 1083/6974 1670/6975
f 316/6976 1670/6977 880/6978
f 315/6979 879/6980 1669/6981
f 315/6982 1669/6983 1084/6984
f 1083/6985 380/6986 1020/6987
f 1083/6988 1020/6989 1670/6990
f 1084/6991 1669/6992 1019/6993
f 1084/6994 1019/6995 379/6996
f 1670/6997 1020/6998 382/6999
f 1670/7000 382/7001 1085/7002
f 1669/7003 1086/7004 381/7005
f 1669/7006 381/7007 1019/7008
f 314/7009 1081/7010 1672/7011
f 314/7012 1672/7013 870/7014
f 313/7015 869/7016 1671/7017
f 313/7018 1671/7019 1082/7020
f 1081/7021 378/7022 1018/7023
f 1081/7024 1018/7025 1672/7026
f 1082/7027 1671/7028 1017/7029
f 1082/7030 1017/7031 377/7032
f 1672/7033 1018/7034 380/7035
f 1672/7036 380/7037 1083/7038
f 1671/7039 1084/7040 379/7041
f 1671/7042 379/7043 1017/7044
f 312/7045 1079/7046 1674/7047
f 312/7048 1674/7049 860/7050
f 311/7051 859/7052 1673/7053
f 311/7054 1673/7055 1080/7056
f 1079/7057 376/7058 1016/7059
f 1079/7060 1016/7061 1674/7062
f 1080/7063 1673/7064 1015/7065
f 1080/7066 1015/7067 375/7068
f 1674/7069 1016/7070 378/7071
f 1674/7072 378/7073 1081/7074
f 1673/7075 1082/7076 377/7077
f 1673/7078 377/7079 1015/7080
f 310/7081 1077/7082 1676/7083
f 310/7084 1676/7085 850/7086
f 309/7087 849/7088 1675/7089
f 309/7090 1675/7091 1078/7092
f 1077/7093 374/7094 1014/7095
f 1077/7096 1014/7097 1676/7098
f 1078/7099 1675/7100 1013/7101
f 1078/7102 1013/7103 373/7104
f 1676/7105 1014/7106 376/7107
f 1676/7108 376/7109 1079/7110
f 1675/7111 1080/7112 375/7113
f 1675/7114 375/7115 1013/7116
f 308/7117 1075/7118 1678/7119
f 308/7120 1678/7121 840/7122
f 307/7123 839/7124 1677/7125
f 307/7126 1677/7127 1076/7128
f 1075/7129 372/7130 1012/7131
f 1075/7132 1012/7133 1678/7134
f 1076/7135 1677/7136 1011/7137
f 1076/7138 1011/7139 371/7140
f 1678/7141 1012/7142 374/7143
f 1678/7144 374/7145 1077/7146
f 1677/7147 1078/7148 373/7149
f 1677/7150 373/7151 1011/7152
f 306/7153 1073/7154 1680/7155
f 306/7156 1680/7157 830/7158
f 305/7159 829/7160 1679/7161
f 305/7162 1679/7163 1074/7164
f 1073/7165 370/7166 1010/7167
f 1073/7168 1010/7169 1680/7170
f 1074/7171 1679/7172 1009/7173
f 1074/7174 1009/7175 369/7176
f 1680/7177 1010/7178 372/7179
f 1680/7180 372/7181 1075/7182
f 1679/7183 1076/7184 371/7185
f 1679/7186 371/7187 1009/7188
f 304/7189 1071/7190 1682/7191
f 304/7192 1682/7193 820/7194
f 303/7195 819/7196 1681/7197
f 303/7198 1681/7199 1072/7200
f 1071/7201 368/7202 1008/7203
f 1071/7204 1008/7205 1682/7206
f 1072/7207 1681/7208 1007/7209
f 1072/7210 1007/7211 367/7212
f 1682/7213 1008/7214 370/7215
f 1682/7216 370/7217 1073/7218
f 1681/7219 1074/7220 369/7221
f 1681/7222 369/7223 1007/7224
f 302/7225 1069/7226 1684/7227
f 302/7228 1684/7229 810/7230
f 301/7231 809/7232 1683/7233
f 301/7234 1683/7235 1070/7236
f 1069/7237 366/7238 1006/7239
f 1069/7240 1006/7241 1684/7242
f 1070/7243 1683/7244 1005/7245
f 1070/7246 1005/7247 365/7248
f 1684/7249 1006/7250 368/7251
f 1684/7252 368/7253 1071/7254
f 1683/7255 1072/7256 367/7257
f 1683/7258 367/7259 1005/7260
f 300/7261 1067/7262 1686/7263
f 300/7264 1686/7265 800/7266
f 299/7267 799/7268 1685/7269
f 299/7270 1685/7271 1068/7272
f 1067/7273 364/7274 1004/7275
f 1067/7276 1004/7277 1686/7278
f 1068/7279 1685/7280 1003/7281
f 1068/7282 1003/7283 363/7284
f 1686/7285 1004/7286 366/7287
f 1686/7288 366/7289 1069/7290
f 1685/7291 1070/7292 365/7293
f 1685/7294 365/7295 1003/7296
f 298/7297 1065/7298 1688/7299
f 298/7300 1688/7301 790/7302
f 297/7303 789/7304 1687/7305
f 297/7306 1687/7307 1066/7308
f 1065/7309 362/7310 1002/7311
f 1065/7312 1002/7313 1688/7314
f 1066/7315 1687/7316 1001/7317
f 1066/7318 1001/7319 361/7320
f 1688/7321 1002/7322 364/7323
f 1688/7324 364/7325 1067/7326
f 1687/7327 1068/7328 363/7329
f 1687/7330 363/7331 1001/7332
f 296/7333 1063/7334 1690/7335
f 296/7336 1690/7337 780/7338
f 295/7339 779/7340 1689/7341
f 295/7342 1689/7343 1064/7344
f 1063/7345 360/7346 1000/7347
f 1063/7348 1000/7349 1690/7350
f 1064/7351 1689/7352 999/7353
f 1064/7354 999/7355 359/7356
f 1690/7357 1000/7358 362/7359
f 1690/7360 362/7361 1065/7362
f 1689/7363 1066/7364 361/7365
f 1689/7366 361/7367 999/7368
f 294/7369 1061/7370 1692/7371
f 294/7372 1692/7373 770/7374
f 293/7375 769/7376 1691/7377
f 293/7378 1691/7379 1062/7380
f 1061/7381 358/7382 998/7383
f 1061/7384 998/7385 1692/7386
f 1062/7387 1691/7388 997/7389
f 1062/7390 997/7391 357/7392
f 1692/7393 998/7394 360/7395
f 1692/7396 360/7397 1063/7398
f 1691/7399 1064/7400 359/7401
f 1691/7402 359/7403 997/7404
f 292/7405 1059/7406 1694/7407
f 292/7408 1694/7409 760/7410
f 291/7411 759/7412 1693/7413
f 291/7414 1693/7415 1060/7416
f 1059/7417 356/7418 996/7419
f 1059/7420 996/7421 1694/7422
f 1060/7423 1693/7424 995/7425
f 1060/7426 995/7427 355/7428
f 1694/7429 996/7430 358/7431
f 1694/7432 358/7433 1061/7434
f 1693/7435 1062/7436 357/7437
f 1693/7438 357/7439 995/7440
f 290/7441 1057/7442 1696/7443
f 290/7444 1696/7445 750/7446
f 289/7447 749/7448 1695/7449
f 289/7450 1695/7451 1058/7452
f 1057/7453 354/7454 994/7455
f 1057/7456 994/7457 1696/7458
f 1058/7459 1695/7460 993/7461
f 1058/7462 993/7463 353/7464
f 1696/7465 994/7466 356/7467
f 1696/7468 356/7469 1059/7470
f 1695/7471 1060/7472 355/7473
f 1695/7474 355/7475 993/7476
f 288/7477 1055/7478 1698/7479
f 288/7480 1698/7481 740/7482
f 287/7483 739/7484 1697/7485
f 287/7486 1697/7487 1056/7488
f 1055/7489 352/7490 992/7491
f 1055/7492 992/7493 1698/7494
f 1056/7495 1697/7496 991/7497
f 1056/7498 991/7499 351/7500
f 1698/7501 992/7502 354/7503
f 1698/7504 354/7505 1057/7506
f 1697/7507 1058/7508 353/7509
f 1697/7510 353/7511 991/7512
f 286/7513 1053/7514 1700/7515
f 286/7516 1700/7517 730/7518
f 285/7519 729/7520 1699/7521
f 285/7522 1699/7523 1054/7524
f 1053/7525 350/7526 990/7527
f 1053/7528 990/7529 1700/7530
f 1054/7531 1699/7532 989/7533
f 1054/7534 989/7535 349/7536
f 1700/7537 990/7538 352/7539
f 1700/7540 352/7541 1055/7542
f 1699/7543 1056/7544 351/7545
f 1699/7546 351/7547 989/7548
f 284/7549 1051/7550 1702/7551
f 284/7552 1702/7553 720/7554
f 283/7555 719/7556 1701/7557
f 283/7558 1701/7559 1052/7560
f 1051/7561 348/7562 988/7563
f 1051/7564 988/7565 1702/7566
f 1052/7567 1701/7568 987/7569
f 1052/7570 987/7571 347/7572
f 1702/7573 988/7574 350/7575
f 1702/7576 350/7577 1053/7578
f 1701/7579 1054/7580 349/7581
f 1701/7582 349/7583 987/7584
f 282/7585 1049/7586 1704/7587
f 282/7588 1704/7589 710/7590
f 281/7591 709/7592 1703/7593
f 281/7594 1703/7595 1050/7596
f 1049/7597 346/7598 986/7599
f 1049/7600 986/7601 1704/7602
f 1050/7603 1703/7604 985/7605
f 1050/7606 985/7607 345/7608
f 1704/7609 986/7610 348/7611
f 1704/7612 348/7613 1051/7614
f 1703/7615 1052/7616 347/7617
f 1703/7618 347/7619 985/7620
f 280/7621 1047/7622 1706/7623
f 280/7624 1706/7625 700/7626
f 279/7627 699/7628 1705/7629
f 279/7630 1705/7631 1048/7632
f 1047/7633 344/7634 984/7635
f 1047/7636 984/7637 1706/7638
f 1048/7639 1705/7640 983/7641
f 1048/7642 983/7643 343/7644
f 1706/7645 984/7646 346/7647
f 1706/7648 346/7649 1049/7650
f 1705/7651 1050/7652 345/7653
f 1705/7654 345/7655 983/7656
f 278/7657 1045/7658 1708/7659
f 278/7660 1708/7661 690/7662
f 277/7663 689/7664 1707/7665
f 277/7666 1707/7667 1046/7668
f 1045/7669 342/7670 982/7671
f 1045/7672 982/7673 1708/7674
f 1046/7675 1707/7676 981/7677
f 1046/7678 981/7679 341/7680
f 1708/7681 982/7682 344/7683
f 1708/7684 344/7685 1047/7686
f 1707/7687 1048/7688 343/7689
f 1707/7690 343/7691 981/7692
f 276/7693 1043/7694 1710/7695
f 276/7696 1710/7697 680/7698
f 275/7699 679/7700 1709/7701
f 275/7702 1709/7703 1044/7704
f 1043/7705 340/7706 980/7707
f 1043/7708 980/7709 1710/7710
f 1044/7711 1709/7712 979/7713
f 1044/7714 979/7715 339/7716
f 1710/7717 980/7718 342/7719
f 1710/7720 342/7721 1045/7722
f 1709/7723 1046/7724 341/7725
f 1709/7726 341/7727 979/7728
f 274/7729 1041/7730 1712/7731
f 274/7732 1712/7733 670/7734
f 273/7735 669/7736 1711/7737
f 273/7738 1711/7739 1042/7740
f 1041/7741 338/7742 978/7743
f 1041/7744 978/7745 1712/7746
f 1042/7747 1711/7748 977/7749
f 1042/7750 977/7751 337/7752
f 1712/7753 978/7754 340/7755
f 1712/7756 340/7757 1043/7758
f 1711/7759 1044/7760 339/7761
f 1711/7762 339/7763 977/7764
f 272/7765 1039/7766 1714/7767
f 272/7768 1714/7769 660/7770
f 271/7771 659/7772 1713/7773
f 271/7774 1713/7775 1040/7776
f 1039/7777 336/7778 976/7779
f 1039/7780 976/7781 1714/7782
f 1040/7783 1713/7784 975/7785
f 1040/7786 975/7787 335/7788
f 1714/7789 976/7790 338/7791
f 1714/7792 338/7793 1041/7794
f 1713/7795 1042/7796 337/7797
f 1713/7798 337/7799 975/7800
f 270/7801 1037/7802 1716/7803
f 270/7804 1716/7805 650/7806
f 269/7807 649/7808 1715/7809
f 269/7810 1715/7811 1038/7812
f 1037/7813 334/7814 974/7815
f 1037/7816 974/7817 1716/7818
f 1038/7819 1715/7820 973/7821
f 1038/7822 973/7823 333/7824
f 1716/7825 974/7826 336/7827
f 1716/7828 336/7829 1039/7830
f 1715/7831 1040/7832 335/7833
f 1715/7834 335/7835 973/7836
f 268/7837 1035/7838 1718/7839
f 268/7840 1718/7841 640/7842
f 267/7843 639/7844 1717/7845
f 267/7846 1717/7847 1036/7848
f 1035/7849 332/7850 972/7851
f 1035/7852 972/7853 1718/7854
f 1036/7855 1717/7856 971/7857
f 1036/7858 971/7859 331/7860
f 1718/7861 972/7862 334/7863
f 1718/7864 334/7865 1037/7866
f 1717/7867 1038/7868 333/7869
f 1717/7870 333/7871 971/7872
f 266/7873 1033/7874 1720/7875
f 266/7876 1720/7877 630/7878
f 265/7879 629/7880 1719/7881
f 265/7882 1719/7883 1034/7884
f 1033/7885 330/7886 970/7887
f 1033/7888 970/7889 1720/7890
f 1034/7891 1719/7892 969/7893
f 1034/7894 969/7895 329/7896
f 1720/7897 970/7898 332/7899
f 1720/7900 332/7901 1035/7902
f 1719/7903 1036/7904 331/7905
f 1719/7906 331/7907 969/7908
f 264/7909 1031/7910 1722/7911
f 264/7912 1722/7913 620/7914
f 263/7915 619/7916 1721/7917
f 263/7918 1721/7919 1032/7920
f 1031/7921 328/7922 968/7923
f 1031/7924 968/7925 1722/7926
f 1032/7927 1721/7928 967/7929
f 1032/7930 967/7931 327/7932
f 1722/7933 968/7934 330/7935
f 1722/7936 330/7937 1033/7938
f 1721/7939 1034/7940 329/7941
f 1721/7942 329/7943 967/7944
f 262/7945 1029/7946 1724/7947
f 262/7948 1724/7949 610/7950
f 261/7951 609/7952 1723/7953
f 261/7954 1723/7955 1030/7956
f 1029/7957 326/7958 966/7959
f 1029/7960 966/7961 1724/7962
f 1030/7963 1723/7964 965/7965
f 1030/7966 965/7967 325/7968
f 1724/7969 966/7970 328/7971
f 1724/7972 328/7973 1031/7974
f 1723/7975 1032/7976 327/7977
f 1723/7978 327/7979 965/7980
f 260/7981 1027/7982 1726/7983
f 260/7984 1726/7985 600/7986
f 259/7987 599/7988 1725/7989
f 259/7990 1725/7991 1028/7992
f 1027/7993 324/7994 964/7995
f 1027/7996 964/7997 1726/7998
f 1028/7999 1725/8000 963/8001
f 1028/8002 963/8003 323/8004
f 1726/8005 964/8006 326/8007
f 1726/8008 326/8009 1029/8010
f 1725/8011 1030/8012 325/8013
f 1725/8014 325/8015 963/8016
f 257/8017 1026/8018 1728/8019
f 257/8020 1728/8021 590/8022
f 258/8023 589/8024 1727/8025
f 258/8026 1727/8027 1025/8028
f 1026/8029 322/8030 962/8031
f 1026/8032 962/8033 1728/8034
f 1025/8035 1727/8036 961/8037
f 1025/8038 961/8039 321/8040
f 1728/8041 962/8042 324/8043
f 1728/8044 324/8045 1027/8046
f 1727/8047 1028/8048 323/8049
f 1727/8050 323/8051 961/8052
f 63/8053 573/8054 1730/8055
f 63/8056 1730/8057 902/8058
f 64/8059 901/8060 1729/8061
f 64/8062 1729/8063 574/8064
f 573/8065 61/8066 960/8067
f 573/8068 960/8069 1730/8070
f 574/8071 1729/8072 959/8073
f 574/8074 959/8075 62/8076
f 1730/8077 960/8078 248/8079
f 1730/8080 248/8081 884/8082
f 1729/8083 883/8084 247/8085
f 1729/8086 247/8087 959/8088
f 61/8089 571/8090 1732/8091
f 61/8092 1732/8093 960/8094
f 62/8095 959/8096 1731/8097
f 62/8098 1731/8099 572/8100
f 571/8101 59/8102 958/8103
f 571/8104 958/8105 1732/8106
f 572/8107 1731/8108 957/8109
f 572/8110 957/8111 60/8112
f 1732/8113 958/8114 242/8115
f 1732/8116 242/8117 874/8118
f 1731/8119 873/8120 241/8121
f 1731/8122 241/8123 957/8124
f 59/8125 569/8126 1734/8127
f 59/8128 1734/8129 958/8130
f 60/8131 957/8132 1733/8133
f 60/8134 1733/8135 570/8136
f 569/8137 57/8138 956/8139
f 569/8140 956/8141 1734/8142
f 570/8143 1733/8144 955/8145
f 570/8146 955/8147 58/8148
f 1734/8149 956/8150 236/8151
f 1734/8152 236/8153 864/8154
f 1733/8155 863/8156 235/8157
f 1733/8158 235/8159 955/8160
f 57/8161 567/8162 1736/8163
f 57/8164 1736/8165 956/8166
f 58/8167 955/8168 1735/8169
f 58/8170 1735/8171 568/8172
f 567/8173 55/8174 954/8175
f 567/8176 954/8177 1736/8178
f 568/8179 1735/8180 953/8181
f 568/8182 953/8183 56/8184
f 1736/8185 954/8186 230/8187
f 1736/8188 230/8189 854/8190
f 1735/8191 853/8192 229/8193
f 1735/8194 229/8195 953/8196
f 55/8197 565/8198 1738/8199
f 55/8200 1738/8201 954/8202
f 56/8203 953/8204 1737/8205
f 56/8206 1737/8207 566/8208
f 565/8209 53/8210 952/8211
f 565/8212 952/8213 1738/8214
f 566/8215 1737/8216 951/8217
f 566/8218 951/8219 54/8220
f 1738/8221 952/8222 224/8223
f 1738/8224 224/8225 844/8226
f 1737/8227 843/8228 223/8229
f 1737/8230 223/8231 951/8232
f 53/8233 563/8234 1740/8235
f 53/8236 1740/8237 952/8238
f 54/8239 951/8240 1739/8241
f 54/8242 1739/8243 564/8244
f 563/8245 51/8246 950/8247
f 563/8248 950/8249 1740/8250
f 564/8251 1739/8252 949/8253
f 564/8254 949/8255 52/8256
f 1740/8257 950/8258 218/8259
f 1740/8260 218/8261 834/8262
f 1739/8263 833/8264 217/8265
f 1739/8266 217/8267 949/8268
f 51/8269 561/8270 1742/8271
f 51/8272 1742/8273 950/8274
f 52/8275 949/8276 1741/8277
f 52/8278 1741/8279 562/8280
f 561/8281 49/8282 948/8283
f 561/8284 948/8285 1742/8286
f 562/8287 1741/8288 947/8289
f 562/8290 947/8291 50/8292
f 1742/8293 948/8294 212/8295
f 1742/8296 212/8297 824/8298
f 1741/8299 823/8300 211/8301
f 1741/8302 211/8303 947/8304
f 49/8305 559/8306 1744/8307
f 49/8308 1744/8309 948/8310
f 50/8311 947/8312 1743/8313
f 50/8314 1743/8315 560/8316
f 559/8317 47/8318 946/8319
f 559/8320 946/8321 1744/8322
f 560/8323 1743/8324 945/8325
f 560/8326 945/8327 48/8328
f 1744/8329 946/8330 206/8331
f 1744/8332 206/8333 814/8334
f 1743/8335 813/8336 205/8337
f 1743/8338 205/8339 945/8340
f 47/8341 557/8342 1746/8343
f 47/8344 1746/8345 946/8346
f 48/8347 945/8348 1745/8349
f 48/8350 1745/8351 558/8352
f 557/8353 45/8354 944/8355
f 557/8356 944/8357 1746/8358
f 558/8359 1745/8360 943/8361
f 558/8362 943/8363 46/8364
f 1746/8365 944/8366 200/8367
f 1746/8368 200/8369 804/8370
f 1745/8371 803/8372 199/8373
f 1745/8374 199/8375 943/8376
f 45/8377 555/8378 1748/8379
f 45/8380 1748/8381 944/8382
f 46/8383 943/8384 1747/8385
f 46/8386 1747/8387 556/8388
f 555/8389 43/8390 942/8391
f 555/8392 942/8393 1748/8394
f 556/8395 1747/8396 941/8397
f 556/8398 941/8399 44/8400
f 1748/8401 942/8402 194/8403
f 1748/8404 194/8405 794/8406
f 1747/8407 793/8408 193/8409
f 1747/8410 193/8411 941/8412
f 43/8413 553/8414 1750/8415
f 43/8416 1750/8417 942/8418
f 44/8419 941/8420 1749/8421
f 44/8422 1749/8423 554/8424
f 553/8425 41/8426 940/8427
f 553/8428 940/8429 1750/8430
f 554/8431 1749/8432 939/8433
f 554/8434 939/8435 42/8436
f 1750/8437 940/8438 188/8439
f 1750/8440 188/8441 784/8442
f 1749/8443 783/8444 187/8445
f 1749/8446 187/8447 939/8448
f 41/8449 551/8450 1752/8451
f 41/8452 1752/8453 940/8454
f 42/8455 939/8456 1751/8457
f 42/8458 1751/8459 552/8460
f 551/8461 39/8462 938/8463
f 551/8464 938/8465 1752/8466
f 552/8467 1751/8468 937/8469
f 552/8470 937/8471 40/8472
f 1752/8473 938/8474 182/8475
f 1752/8476 182/8477 774/8478
f 1751/8479 773/8480 181/8481
f 1751/8482 181/8483 937/8484
f 39/8485 549/8486 1754/8487
f 39/8488 1754/8489 938/8490
f 40/8491 937/8492 1753/8493
f 40/8494 1753/8495 550/8496
f 549/8497 37/8498 936/8499
f 549/8500 936/8501 1754/8502
f 550/8503 1753/8504 935/8505
f 550/8506 935/8507 38/8508
f 1754/8509 936/8510 176/8511
f 1754/8512 176/8513 764/8514
f 1753/8515 763/8516 175/8517
f 1753/8518 175/8519 935/8520
f 37/8521 547/8522 1756/8523
f 37/8524 1756/8525 936/8526
f 38/8527 935/8528 1755/8529
f 38/8530 1755/8531 548/8532
f 547/8533 35/8534 934/8535
f 547/8536 934/8537 1756/8538
f 548/8539 1755/8540 933/8541
f 548/8542 933/8543 36/8544
f 1756/8545 934/8546 170/8547
f 1756/8548 170/8549 754/8550
f 1755/8551 753/8552 169/8553
f 1755/8554 169/8555 933/8556
f 35/8557 545/8558 1758/8559
f 35/8560 1758/8561 934/8562
f 36/8563 933/8564 1757/8565
f 36/8566 1757/8567 546/8568
f 545/8569 33/8570 932/8571
f 545/8572 932/8573 1758/8574
f 546/8575 1757/8576 931/8577
f 546/8578 931/8579 34/8580
f 1758/8581 932/8582 164/8583
f 1758/8584 164/8585 744/8586
f 1757/8587 743/8588 163/8589
f 1757/8590 163/8591 931/8592
f 33/8593 543/8594 1760/8595
f 33/8596 1760/8597 932/8598
f 34/8599 931/8600 1759/8601
f 34/8602 1759/8603 544/8604
f 543/8605 31/8606 930/8607
f 543/8608 930/8609 1760/8610
f 544/8611 1759/8612 929/8613
f 544/8614 929/8615 32/8616
f 1760/8617 930/8618 158/8619
f 1760/8620 158/8621 734/8622
f 1759/8623 733/8624 157/8625
f 1759/8626 157/8627 929/8628
f 31/8629 541/8630 1762/8631
f 31/8632 1762/8633 930/8634
f 32/8635 929/8636 1761/8637
f 32/8638 1761/8639 542/8640
f 541/8641 29/8642 928/8643
f 541/8644 928/8645 1762/8646
f 542/8647 1761/8648 927/8649
f 542/8650 927/8651 30/8652
f 1762/8653 928/8654 152/8655
f 1762/8656 152/8657 724/8658
f 1761/8659 723/8660 151/8661
f 1761/8662 151/8663 927/8664
f 29/8665 539/8666 1764/8667
f 29/8668 1764/8669 928/8670
f 30/8671 927/8672 1763/8673
f 30/8674 1763/8675 540/8676
f 539/8677 27/8678 926/8679
f 539/8680 926/8681 1764/8682
f 540/8683 1763/8684 925/8685
f 540/8686 925/8687 28/8688
f 1764/8689 926/8690 146/8691
f 1764/8692 146/8693 714/8694
f 1763/8695 713/8696 145/8697
f 1763/8698 145/8699 925/8700
f 27/8701 537/8702 1766/8703
f 27/8704 1766/8705 926/8706
f 28/8707 925/8708 1765/8709
f 28/8710 1765/8711 538/8712
f 537/8713 25/8714 924/8715
f 537/8716 924/8717 1766/8718
f 538/8719 1765/8720 923/8721
f 538/8722 923/8723 26/8724
f 1766/8725 924/8726 140/8727
f 1766/8728 140/8729 704/8730
f 1765/8731 703/8732 139/8733
f 1765/8734 139/8735 923/8736
f 25/8737 535/8738 1768/8739
f 25/8740 1768/8741 924/8742
f 26/8743 923/8744 1767/8745
f 26/8746 1767/8747 536/8748
f 535/8749 23/8750 922/8751
f 535/8752 922/8753 1768/8754
f 536/8755 1767/8756 921/8757
f 536/8758 921/8759 24/8760
f 1768/8761 922/8762 134/8763
f 1768/8764 134/8765 694/8766
f 1767/8767 693/8768 133/8769
f 1767/8770 133/8771 921/8772
f 23/8773 533/8774 1770/8775
f 23/8776 1770/8777 922/8778
f 24/8779 921/8780 1769/8781
f 24/8782 1769/8783 534/8784
f 533/8785 21/8786 920/8787
f 533/8788 920/8789 1770/8790
f 534/8791 1769/8792 919/8793
f 534/8794 919/8795 22/8796
f 1770/8797 920/8798 128/8799
f 1770/8800 128/8801 684/8802
f 1769/8803 683/8804 127/8805
f 1769/8806 127/8807 919/8808
f 21/8809 531/8810 1772/8811
f 21/8812 1772/8813 920/8814
f 22/8815 919/8816 1771/8817
f 22/8818 1771/8819 532/8820
f 531/8821 19/8822 918/8823
f 531/8824 918/8825 1772/8826
f 532/8827 1771/8828 917/8829
f 532/8830 917/8831 20/8832
f 1772/8833 918/8834 122/8835
f 1772/8836 122/8837 674/8838
f 1771/8839 673/8840 121/8841
f 1771/8842 121/8843 917/8844
f 19/8845 529/8846 1774/8847
f 19/8848 1774/8849 918/8850
f 20/8851 917/8852 1773/8853
f 20/8854 1773/8855 530/8856
f 529/8857 17/8858 916/8859
f 529/8860 916/8861 1774/8862
f 530/8863 1773/8864 915/8865
f 530/8866 915/8867 18/8868
f 1774/8869 916/8870 116/8871
f 1774/8872 116/8873 664/8874
f 1773/8875 663/8876 115/8877
f 1773/8878 115/8879 915/8880
f 17/8881 527/8882 1776/8883
f 17/8884 1776/8885 916/8886
f 18/8887 915/8888 1775/8889
f 18/8890 1775/8891 528/8892
f 527/8893 15/8894 914/8895
f 527/8896 914/8897 1776/8898
f 528/8899 1775/8900 913/8901
f 528/8902 913/8903 16/8904
f 1776/8905 914/8906 110/8907
f 1776/8908 110/8909 654/8910
f 1775/8911 653/8912 109/8913
f 1775/8914 109/8915 913/8916
f 15/8917 525/8918 1778/8919
f 15/8920 1778/8921 914/8922
f 16/8923 913/8924 1777/8925
f 16/8926 1777/8927 526/8928
f 525/8929 13/8930 912/8931
f 525/8932 912/8933 1778/8934
f 526/8935 1777/8936 911/8937
f 526/8938 911/8939 14/8940
f 1778/8941 912/8942 104/8943
f 1778/8944 104/8945 644/8946
f 1777/8947 643/8948 103/8949
f 1777/8950 103/8951 911/8952
f 13/8953 523/8954 1780/8955
f 13/8956 1780/8957 912/8958
f 14/8959 911/8960 1779/8961
f 14/8962 1779/8963 524/8964
f 523/8965 11/8966 910/8967
f 523/8968 910/8969 1780/8970
f 524/8971 1779/8972 909/8973
f 524/8974 909/8975 12/8976
f 1780/8977 910/8978 98/8979
f 1780/8980 98/8981 634/8982
f 1779/8983 633/8984 97/8985
f 1779/8986 97/8987 909/8988
f 11/8989 521/8990 1782/8991
f 11/8992 1782/8993 910/8994
f 12/8995 909/8996 1781/8997
f 12/8998 1781/8999 522/9000
f 521/9001 9/9002 908/9003
f 521/9004 908/9005 1782/9006
f 522/9007 1781/9008 907/9009
f 522/9010 907/9011 10/9012
f 1782/9013 908/9014 92/9015
f 1782/9016 92/9017 624/9018
f 1781/9019 623/9020 91/9021
f 1781/9022 91/9023 907/9024
f 9/9025 519/9026 1784/9027
f 9/9028 1784/9029 908/9030
f 10/9031 907/9032 1783/9033
f 10/9034 1783/9035 520/9036
f 519/9037 7/9038 906/9039
f 519/9040 906/9041 1784/9042
f 520/9043 1783/9044 905/9045
f 520/9046 905/9047 8/9048
f 1784/9049 906/9050 86/9051
f 1784/9052 86/9053 614/9054
f 1783/9055 613/9056 85/9057
f 1783/9058 85/9059 905/9060
f 7/9061 517/9062 1786/9063
f 7/9064 1786/9065 906/9066
f 8/9067 905/9068 1785/9069
f 8/9070 1785/9071 518/9072
f 517/9073 5/9074 904/9075
f 517/9076 904/9077 1786/9078
f 518/9079 1785/9080 903/9081
f 518/9082 903/9083 6/9084
f 1786/9085 904/9086 80/9087
f 1786/9088 80/9089 604/9090
f 1785/9091 603/9092 79/9093
f 1785/9094 79/9095 903/9096
f 5/9097 515/9098 1788/9099
f 5/9100 1788/9101 904/9102
f 6/9103 903/9104 1787/9105
f 6/9106 1787/9107 516/9108
f 515/9109 3/9110 900/9111
f 515/9112 900/9113 1788/9114
f 516/9115 1787/9116 899/9117
f 516/9118 899/9119 4/9120
f 1788/9121 900/9122 74/9123
f 1788/9124 74/9125 594/9126
f 1787/9127 593/9128 73/9129
f 1787/9130 73/9131 899/9132
f 1/9133 575/9134 1790/9135
f 1/9136 1790/9137 898/9138
f 2/9139 897/9140 1789/9141
f 2/9142 1789/9143 576/9144
f 575/9145 63/9146 902/9147
f 575/9148 902/9149 1790/9150
f 576/9151 1789/9152 901/9153
f 576/9154 901/9155 64/9156
f 1790/9157 902/9158 254/9159
f 1790/9160 254/9161 892/9162
f 1789/9163 891/9164 253/9165
f 1789/9166 253/9167 901/9168
f 3/9169 513/9170 1792/9171
f 3/9172 1792/9173 900/9174
f 4/9175 899/9176 1791/9177
f 4/9178 1791/9179 514/9180
f 513/9181 1/9182 898/9183
f 513/9184 898/9185 1792/9186
f 514/9187 1791/9188 897/9189
f 514/9190 897/9191 2/9192
f 1792/9193 898/9194 68/9195
f 1792/9196 68/9197 580/9198
f 1791/9199 579/9200 67/9201
f 1791/9202 67/9203 897/9204
f 257/9205 587/9206 1794/9207
f 257/9208 1794/9209 896/9210
f 258/9211 895/9212 1793/9213
f 258/9214 1793/9215 588/9216
f 587/9217 69/9218 894/9219
f 587/9220 894/9221 1794/9222
f 588/9223 1793/9224 893/9225
f 588/9226 893/9227 70/9228
f 1794/9229 894/9230 256/9231
f 1794/9232 256/9233 888/9234
f 1793/9235 887/9236 255/9237
f 1793/9238 255/9239 893/9240
f 69/9241 581/9242 1796/9243
f 69/9244 1796/9245 894/9246
f 70/9247 893/9248 1795/9249
f 70/9250 1795/9251 582/9252
f 581/9253 68/9254 892/9255
f 581/9256 892/9257 1796/9258
f 582/9259 1795/9260 891/9261
f 582/9262 891/9263 67/9264
f 1796/9265 892/9266 254/9267
f 1796/9268 254/9269 882/9270
f 1795/9271 881/9272 253/9273
f 1795/9274 253/9275 891/9276
f 320/9277 888/9278 1798/9279
f 320/9280 1798/9281 890/9282
f 319/9283 889/9284 1797/9285
f 319/9286 1797/9287 887/9288
f 888/9289 256/9290 886/9291
f 888/9292 886/9293 1798/9294
f 887/9295 1797/9296 885/9297
f 887/9298 885/9299 255/9300
f 1798/9301 886/9302 250/9303
f 1798/9304 250/9305 878/9306
f 1797/9307 877/9308 249/9309
f 1797/9310 249/9311 885/9312
f 256/9313 882/9314 1800/9315
f 256/9316 1800/9317 886/9318
f 255/9319 885/9320 1799/9321
f 255/9322 1799/9323 881/9324
f 882/9325 254/9326 884/9327
f 882/9328 884/9329 1800/9330
f 881/9331 1799/9332 883/9333
f 881/9334 883/9335 253/9336
f 1800/9337 884/9338 248/9339
f 1800/9340 248/9341 872/9342
f 1799/9343 871/9344 247/9345
f 1799/9346 247/9347 883/9348
f 318/9349 878/9350 1802/9351
f 318/9352 1802/9353 880/9354
f 317/9355 879/9356 1801/9357
f 317/9358 1801/9359 877/9360
f 878/9361 250/9362 876/9363
f 878/9364 876/9365 1802/9366
f 877/9367 1801/9368 875/9369
f 877/9370 875/9371 249/9372
f 1802/9373 876/9374 244/9375
f 1802/9376 244/9377 868/9378
f 1801/9379 867/9380 243/9381
f 1801/9382 243/9383 875/9384
f 250/9385 872/9386 1804/9387
f 250/9388 1804/9389 876/9390
f 249/9391 875/9392 1803/9393
f 249/9394 1803/9395 871/9396
f 872/9397 248/9398 874/9399
f 872/9400 874/9401 1804/9402
f 871/9403 1803/9404 873/9405
f 871/9406 873/9407 247/9408
f 1804/9409 874/9410 242/9411
f 1804/9412 242/9413 862/9414
f 1803/9415 861/9416 241/9417
f 1803/9418 241/9419 873/9420
f 316/9421 868/9422 1806/9423
f 316/9424 1806/9425 870/9426
f 315/9427 869/9428 1805/9429
f 315/9430 1805/9431 867/9432
f 868/9433 244/9434 866/9435
f 868/9436 866/9437 1806/9438
f 867/9439 1805/9440 865/9441
f 867/9442 865/9443 243/9444
f 1806/9445 866/9446 238/9447
f 1806/9448 238/9449 858/9450
f 1805/9451 857/9452 237/9453
f 1805/9454 237/9455 865/9456
f 244/9457 862/9458 1808/9459
f 244/9460 1808/9461 866/9462
f 243/9463 865/9464 1807/9465
f 243/9466 1807/9467 861/9468
f 862/9469 242/9470 864/9471
f 862/9472 864/9473 1808/9474
f 861/9475 1807/9476 863/9477
f 861/9478 863/9479 241/9480
f 1808/9481 864/9482 236/9483
f 1808/9484 236/9485 852/9486
f 1807/9487 851/9488 235/9489
f 1807/9490 235/9491 863/9492
f 314/9493 858/9494 1810/9495
f 314/9496 1810/9497 860/9498
f 313/9499 859/9500 1809/9501
f 313/9502 1809/9503 857/9504
f 858/9505 238/9506 856/9507
f 858/9508 856/9509 1810/9510
f 857/9511 1809/9512 855/9513
f 857/9514 855/9515 237/9516
f 1810/9517 856/9518 232/9519
f 1810/9520 232/9521 848/9522
f 1809/9523 847/9524 231/9525
f 1809/9526 231/9527 855/9528
f 238/9529 852/9530 1812/9531
f 238/9532 1812/9533 856/9534
f 237/9535 855/9536 1811/9537
f 237/9538 1811/9539 851/9540
f 852/9541 236/9542 854/9543
f 852/9544 854/9545 1812/9546
f 851/9547 1811/9548 853/9549
f 851/9550 853/9551 235/9552
f 1812/9553 854/9554 230/9555
f 1812/9556 230/9557 842/9558
f 1811/9559 841/9560 229/9561
f 1811/9562 229/9563 853/9564
f 312/9565 848/9566 1814/9567
f 312/9568 1814/9569 850/9570
f 311/9571 849/9572 1813/9573
f 311/9574 1813/9575 847/9576
f 848/9577 232/9578 846/9579
f 848/9580 846/9581 1814/9582
f 847/9583 1813/9584 845/9585
f 847/9586 845/9587 231/9588
f 1814/9589 846/9590 226/9591
f 1814/9592 226/9593 838/9594
f 1813/9595 837/9596 225/9597
f 1813/9598 225/9599 845/9600
f 232/9601 842/9602 1816/9603
f 232/9604 1816/9605 846/9606
f 231/9607 845/9608 1815/9609
f 231/9610 1815/9611 841/9612
f 842/9613 230/9614 844/9615
f 842/9616 844/9617 1816/9618
f 841/9619 1815/9620 843/9621
f 841/9622 843/9623 229/9624
f 1816/9625 844/9626 224/9627
f 1816/9628 224/9629 832/9630
f 1815/9631 831/9632 223/9633
f 1815/9634 223/9635 843/9636
f 310/9637 838/9638 1818/9639
f 310/9640 1818/9641 840/9642
f 309/9643 839/9644 1817/9645
f 309/9646 1817/9647 837/9648
f 838/9649 226/9650 836/9651
f 838/9652 836/9653 1818/9654
f 837/9655 1817/9656 835/9657
f 837/9658 835/9659 225/9660
f 1818/9661 836/9662 220/9663
f 1818/9664 220/9665 828/9666
f 1817/9667 827/9668 219/9669
f 1817/9670 219/9671 835/9672
f 226/9673 832/9674 1820/9675
f 226/9676 1820/9677 836/9678
f 225/9679 835/9680 1819/9681
f 225/9682 1819/9683 831/9684
f 832/9685 224/9686 834/9687
f 832/9688 834/9689 1820/9690
f 831/9691 1819/9692 833/9693
f 831/9694 833/9695 223/9696
f 1820/9697 834/9698 218/9699
f 1820/9700 218/9701 822/9702
f 1819/9703 821/9704 217/9705
f 1819/9706 217/9707 833/9708
f 308/9709 828/9710 1822/9711
f 308/9712 1822/9713 830/9714
f 307/9715 829/9716 1821/9717
f 307/9718 1821/9719 827/9720
f 828/9721 220/9722 826/9723
f 828/9724 826/9725 1822/9726
f 827/9727 1821/9728 825/9729
f 827/9730 825/9731 219/9732
f 1822/9733 826/9734 214/9735
f 1822/9736 214/9737 818/9738
f 1821/9739 817/9740 213/9741
f 1821/9742 213/9743 825/9744
f 220/9745 822/9746 1824/9747
f 220/9748 1824/9749 826/9750
f 219/9751 825/9752 1823/9753
f 219/9754 1823/9755 821/9756
f 822/9757 218/9758 824/9759
f 822/9760 824/9761 1824/9762
f 821/9763 1823/9764 823/9765
f 821/9766 823/9767 217/9768
f 1824/9769 824/9770 212/9771
f 1824/9772 212/9773 812/9774
f 1823/9775 811/9776 211/9777
f 1823/9778 211/9779 823/9780
f 306/9781 818/9782 1826/9783
f 306/9784 1826/9785 820/9786
f 305/9787 819/9788 1825/9789
f 305/9790 1825/9791 817/9792
f 818/9793 214/9794 816/9795
f 818/9796 816/9797 1826/9798
f 817/9799 1825/9800 815/9801
f 817/9802 815/9803 213/9804
f 1826/9805 816/9806 208/9807
f 1826/9808 208/9809 808/9810
f 1825/9811 807/9812 207/9813
f 1825/9814 207/9815 815/9816
f 214/9817 812/9818 1828/9819
f 214/9820 1828/9821 816/9822
f 213/9823 815/9824 1827/9825
f 213/9826 1827/9827 811/9828
f 812/9829 212/9830 814/9831
f 812/9832 814/9833 1828/9834
f 811/9835 1827/9836 813/9837
f 811/9838 813/9839 211/9840
f 1828/9841 814/9842 206/9843
f 1828/9844 206/9845 802/9846
f 1827/9847 801/9848 205/9849
f 1827/9850 205/9851 813/9852
f 304/9853 808/9854 1830/9855
f 304/9856 1830/9857 810/9858
f 303/9859 809/9860 1829/9861
f 303/9862 1829/9863 807/9864
f 808/9865 208/9866 806/9867
f 808/9868 806/9869 1830/9870
f 807/9871 1829/9872 805/9873
f 807/9874 805/9875 207/9876
f 1830/9877 806/9878 202/9879
f 1830/9880 202/9881 798/9882
f 1829/9883 797/9884 201/9885
f 1829/9886 201/9887 805/9888
f 208/9889 802/9890 1832/9891
f 208/9892 1832/9893 806/9894
f 207/9895 805/9896 1831/9897
f 207/9898 1831/9899 801/9900
f 802/9901 206/9902 804/9903
f 802/9904 804/9905 1832/9906
f 801/9907 1831/9908 803/9909
f 801/9910 803/9911 205/9912
f 1832/9913 804/9914 200/9915
f 1832/9916 200/9917 792/9918
f 1831/9919 791/9920 199/9921
f 1831/9922 199/9923 803/9924
f 302/9925 798/9926 1834/9927
f 302/9928 1834/9929 800/9930
f 301/9931 799/9932 1833/9933
f 301/9934 1833/9935 797/9936
f 798/9937 202/9938 796/9939
f 798/9940 796/9941 1834/9942
f 797/9943 1833/9944 795/9945
f 797/9946 795/9947 201/9948
f 1834/9949 796/9950 196/9951
f 1834/9952 196/9953 788/9954
f 1833/9955 787/9956 195/9957
f 1833/9958 195/9959 795/9960
f 202/9961 792/9962 1836/9963
f 202/9964 1836/9965 796/9966
f 201/9967 795/9968 1835/9969
f 201/9970 1835/9971 791/9972
f 792/9973 200/9974 794/9975
f 792/9976 794/9977 1836/9978
f 791/9979 1835/9980 793/9981
f 791/9982 793/9983 199/9984
f 1836/9985 794/9986 194/9987
f 1836/9988 194/9989 782/9990
f 1835/9991 781/9992 193/9993
f 1835/9994 193/9995 793/9996
f 300/9997 788/9998 1838/9999
f 300/10000 1838/10001 790/10002
f 299/10003 789/10004 1837/10005
f 299/10006 1837/10007 787/10008
f 788/10009 196/10010 786/10011
f 788/10012 786/10013 1838/10014
f 787/10015 1837/10016 785/10017
f 787/10018 785/10019 195/10020
f 1838/10021 786/10022 190/10023
f 1838/10024 190/10025 778/10026
f 1837/10027 777/10028 189/10029
f 1837/10030 189/10031 785/10032
f 196/10033 782/10034 1840/10035
f 196/10036 1840/10037 786/10038
f 195/10039 785/10040 1839/10041
f 195/10042 1839/10043 781/10044
f 782/10045 194/10046 784/10047
f 782/10048 784/10049 1840/10050
f 781/10051 1839/10052 783/10053
f 781/10054 783/10055 193/10056
f 1840/10057 784/10058 188/10059
f 1840/10060 188/10061 772/10062
f 1839/10063 771/10064 187/10065
f 1839/10066 187/10067 783/10068
f 298/10069 778/10070 1842/10071
f 298/10072 1842/10073 780/10074
f 297/10075 779/10076 1841/10077
f 297/10078 1841/10079 777/10080
f 778/10081 190/10082 776/10083
f 778/10084 776/10085 1842/10086
f 777/10087 1841/10088 775/10089
f 777/10090 775/10091 189/10092
f 1842/10093 776/10094 184/10095
f 1842/10096 184/10097 768/10098
f 1841/10099 767/10100 183/10101
f 1841/10102 183/10103 775/10104
f 190/10105 772/10106 1844/10107
f 190/10108 1844/10109 776/10110
f 189/10111 775/10112 1843/10113
f 189/10114 1843/10115 771/10116
f 772/10117 188/10118 774/10119
f 772/10120 774/10121 1844/10122
f 771/10123 1843/10124 773/10125
f 771/10126 773/10127 187/10128
f 1844/10129 774/10130 182/10131
f 1844/10132 182/10133 762/10134
f 1843/10135 761/10136 181/10137
f 1843/10138 181/10139 773/10140
f 296/10141 768/10142 1846/10143
f 296/10144 1846/10145 770/10146
f 295/10147 769/10148 1845/10149
f 295/10150 1845/10151 767/10152
f 768/10153 184/10154 766/10155
f 768/10156 766/10157 1846/10158
f 767/10159 1845/10160 765/10161
f 767/10162 765/10163 183/10164
f 1846/10165 766/10166 178/10167
f 1846/10168 178/10169 758/10170
f 1845/10171 757/10172 177/10173
f 1845/10174 177/10175 765/10176
f 184/10177 762/10178 1848/10179
f 184/10180 1848/10181 766/10182
f 183/10183 765/10184 1847/10185
f 183/10186 1847/10187 761/10188
f 762/10189 182/10190 764/10191
f 762/10192 764/10193 1848/10194
f 761/10195 1847/10196 763/10197
f 761/10198 763/10199 181/10200
f 1848/10201 764/10202 176/10203
f 1848/10204 176/10205 752/10206
f 1847/10207 751/10208 175/10209
f 1847/10210 175/10211 763/10212
f 294/10213 758/10214 1850/10215
f 294/10216 1850/10217 760/10218
f 293/10219 759/10220 1849/10221
f 293/10222 1849/10223 757/10224
f 758/10225 178/10226 756/10227
f 758/10228 756/10229 1850/10230
f 757/10231 1849/10232 755/10233
f 757/10234 755/10235 177/10236
f 1850/10237 756/10238 172/10239
f 1850/10240 172/10241 748/10242
f 1849/10243 747/10244 171/10245
f 1849/10246 171/10247 755/10248
f 178/10249 752/10250 1852/10251
f 178/10252 1852/10253 756/10254
f 177/10255 755/10256 1851/10257
f 177/10258 1851/10259 751/10260
f 752/10261 176/10262 754/10263
f 752/10264 754/10265 1852/10266
f 751/10267 1851/10268 753/10269
f 751/10270 753/10271 175/10272
f 1852/10273 754/10274 170/10275
f 1852/10276 170/10277 742/10278
f 1851/10279 741/10280 169/10281
f 1851/10282 169/10283 753/10284
f 292/10285 748/10286 1854/10287
f 292/10288 1854/10289 750/10290
f 291/10291 749/10292 1853/10293
f 291/10294 1853/10295 747/10296
f 748/10297 172/10298 746/10299
f 748/10300 746/10301 1854/10302
f 747/10303 1853/10304 745/10305
f 747/10306 745/10307 171/10308
f 1854/10309 746/10310 166/10311
f 1854/10312 166/10313 738/10314
f 1853/10315 737/10316 165/10317
f 1853/10318 165/10319 745/10320
f 172/10321 742/10322 1856/10323
f 172/10324 1856/10325 746/10326
f 171/10327 745/10328 1855/10329
f 171/10330 1855/10331 741/10332
f 742/10333 170/10334 744/10335
f 742/10336 744/10337 1856/10338
f 741/10339 1855/10340 743/10341
f 741/10342 743/10343 169/10344
f 1856/10345 744/10346 164/10347
f 1856/10348 164/10349 732/10350
f 1855/10351 731/10352 163/10353
f 1855/10354 163/10355 743/10356
f 290/10357 738/10358 1858/10359
f 290/10360 1858/10361 740/10362
f 289/10363 739/10364 1857/10365
f 289/10366 1857/10367 737/10368
f 738/10369 166/10370 736/10371
f 738/10372 736/10373 1858/10374
f 737/10375 1857/10376 735/10377
f 737/10378 735/10379 165/10380
f 1858/10381 736/10382 160/10383
f 1858/10384 160/10385 728/10386
f 1857/10387 727/10388 159/10389
f 1857/10390 159/10391 735/10392
f 166/10393 732/10394 1860/10395
f 166/10396 1860/10397 736/10398
f 165/10399 735/10400 1859/10401
f 165/10402 1859/10403 731/10404
f 732/10405 164/10406 734/10407
f 732/10408 734/10409 1860/10410
f 731/10411 1859/10412 733/10413
f 731/10414 733/10415 163/10416
f 1860/10417 734/10418 158/10419
f 1860/10420 158/10421 722/10422
f 1859/10423 721/10424 157/10425
f 1859/10426 157/10427 733/10428
f 288/10429 728/10430 1862/10431
f 288/10432 1862/10433 730/10434
f 287/10435 729/10436 1861/10437
f 287/10438 1861/10439 727/10440
f 728/10441 160/10442 726/10443
f 728/10444 726/10445 1862/10446
f 727/10447 1861/10448 725/10449
f 727/10450 725/10451 159/10452
f 1862/10453 726/10454 154/10455
f 1862/10456 154/10457 718/10458
f 1861/10459 717/10460 153/10461
f 1861/10462 153/10463 725/10464
f 160/10465 722/10466 1864/10467
f 160/10468 1864/10469 726/10470
f 159/10471 725/10472 1863/10473
f 159/10474 1863/10475 721/10476
f 722/10477 158/10478 724/10479
f 722/10480 724/10481 1864/10482
f 721/10483 1863/10484 723/10485
f 721/10486 723/10487 157/10488
f 1864/10489 724/10490 152/10491
f 1864/10492 152/10493 712/10494
f 1863/10495 711/10496 151/10497
f 1863/10498 151/10499 723/10500
f 286/10501 718/10502 1866/10503
f 286/10504 1866/10505 720/10506
f 285/10507 719/10508 1865/10509
f 285/10510 1865/10511 717/10512
f 718/10513 154/10514 716/10515
f 718/10516 716/10517 1866/10518
f 717/10519 1865/10520 715/10521
f 717/10522 715/10523 153/10524
f 1866/10525 716/10526 148/10527
f 1866/10528 148/10529 708/10530
f 1865/10531 707/10532 147/10533
f 1865/10534 147/10535 715/10536
f 154/10537 712/10538 1868/10539
f 154/10540 1868/10541 716/10542
f 153/10543 715/10544 1867/10545
f 153/10546 1867/10547 711/10548
f 712/10549 152/10550 714/10551
f 712/10552 714/10553 1868/10554
f 711/10555 1867/10556 713/10557
f 711/10558 713/10559 151/10560
f 1868/10561 714/10562 146/10563
f 1868/10564 146/10565 702/10566
f 1867/10567 701/10568 145/10569
f 1867/10570 145/10571 713/10572
f 284/10573 708/10574 1870/10575
f 284/10576 1870/10577 710/10578
f 283/10579 709/10580 1869/10581
f 283/10582 1869/10583 707/10584
f 708/10585 148/10586 706/10587
f 708/10588 706/10589 1870/10590
f 707/10591 1869/10592 705/10593
f 707/10594 705/10595 147/10596
f 1870/10597 706/10598 142/10599
f 1870/10600 142/10601 698/10602
f 1869/10603 697/10604 141/10605
f 1869/10606 141/10607 705/10608
f 148/10609 702/10610 1872/10611
f 148/10612 1872/10613 706/10614
f 147/10615 705/10616 1871/10617
f 147/10618 1871/10619 701/10620
f 702/10621 146/10622 704/10623
f 702/10624 704/10625 1872/10626
f 701/10627 1871/10628 703/10629
f 701/10630 703/10631 145/10632
f 1872/10633 704/10634 140/10635
f 1872/10636 140/10637 692/10638
f 1871/10639 691/10640 139/10641
f 1871/10642 139/10643 703/10644
f 282/10645 698/10646 1874/10647
f 282/10648 1874/10649 700/10650
f 281/10651 699/10652 1873/10653
f 281/10654 1873/10655 697/10656
f 698/10657 142/10658 696/10659
f 698/10660 696/10661 1874/10662
f 697/10663 1873/10664 695/10665
f 697/10666 695/10667 141/10668
f 1874/10669 696/10670 136/10671
f 1874/10672 136/10673 688/10674
f 1873/10675 687/10676 135/10677
f 1873/10678 135/10679 695/10680
f 142/10681 692/10682 1876/10683
f 142/10684 1876/10685 696/10686
f 141/10687 695/10688 1875/10689
f 141/10690 1875/10691 691/10692
f 692/10693 140/10694 694/10695
f 692/10696 694/10697 1876/10698
f 691/10699 1875/10700 693/10701
f 691/10702 693/10703 139/10704
f 1876/10705 694/10706 134/10707
f 1876/10708 134/10709 682/10710
f 1875/10711 681/10712 133/10713
f 1875/10714 133/10715 693/10716
f 280/10717 688/10718 1878/10719
f 280/10720 1878/10721 690/10722
f 279/10723 689/10724 1877/10725
f 279/10726 1877/10727 687/10728
f 688/10729 136/10730 686/10731
f 688/10732 686/10733 1878/10734
f 687/10735 1877/10736 685/10737
f 687/10738 685/10739 135/10740
f 1878/10741 686/10742 130/10743
f 1878/10744 130/10745 678/10746
f 1877/10747 677/10748 129/10749
f 1877/10750 129/10751 685/10752
f 136/10753 682/10754 1880/10755
f 136/10756 1880/10757 686/10758
f 135/10759 685/10760 1879/10761
f 135/10762 1879/10763 681/10764
f 682/10765 134/10766 684/10767
f 682/10768 684/10769 1880/10770
f 681/10771 1879/10772 683/10773
f 681/10774 683/10775 133/10776
f 1880/10777 684/10778 128/10779
f 1880/10780 128/10781 672/10782
f 1879/10783 671/10784 127/10785
f 1879/10786 127/10787 683/10788
f 278/10789 678/10790 1882/10791
f 278/10792 1882/10793 680/10794
f 277/10795 679/10796 1881/10797
f 277/10798 1881/10799 677/10800
f 678/10801 130/10802 676/10803
f 678/10804 676/10805 1882/10806
f 677/10807 1881/10808 675/10809
f 677/10810 675/10811 129/10812
f 1882/10813 676/10814 124/10815
f 1882/10816 124/10817 668/10818
f 1881/10819 667/10820 123/10821
f 1881/10822 123/10823 675/10824
f 130/10825 672/10826 1884/10827
f 130/10828 1884/10829 676/10830
f 129/10831 675/10832 1883/10833
f 129/10834 1883/10835 671/10836
f 672/10837 128/10838 674/10839
f 672/10840 674/10841 1884/10842
f 671/10843 1883/10844 673/10845
f 671/10846 673/10847 127/10848
f 1884/10849 674/10850 122/10851
f 1884/10852 122/10853 662/10854
f 1883/10855 661/10856 121/10857
f 1883/10858 121/10859 673/10860
f 276/10861 668/10862 1886/10863
f 276/10864 1886/10865 670/10866
f 275/10867 669/10868 1885/10869
f 275/10870 1885/10871 667/10872
f 668/10873 124/10874 666/10875
f 668/10876 666/10877 1886/10878
f 667/10879 1885/10880 665/10881
f 667/10882 665/10883 123/10884
f 1886/10885 666/10886 118/10887
f 1886/10888 118/10889 658/10890
f 1885/10891 657/10892 117/10893
f 1885/10894 117/10895 665/10896
f 124/10897 662/10898 1888/10899
f 124/10900 1888/10901 666/10902
f 123/10903 665/10904 1887/10905
f 123/10906 1887/10907 661/10908
f 662/10909 122/10910 664/10911
f 662/10912 664/10913 1888/10914
f 661/10915 1887/10916 663/10917
f 661/10918 663/10919 121/10920
f 1888/10921 664/10922 116/10923
f 1888/10924 116/10925 652/10926
f 1887/10927 651/10928 115/10929
f 1887/10930 115/10931 663/10932
f 274/10933 658/10934 1890/10935
f 274/10936 1890/10937 660/10938
f 273/10939 659/10940 1889/10941
f 273/10942 1889/10943 657/10944
f 658/10945 118/10946 656/10947
f 658/10948 656/10949 1890/10950
f 657/10951 1889/10952 655/10953
f 657/10954 655/10955 117/10956
f 1890/10957 656/10958 112/10959
f 1890/10960 112/10961 648/10962
f 1889/10963 647/10964 111/10965
f 1889/10966 111/10967 655/10968
f 118/10969 652/10970 1892/10971
f 118/10972 1892/10973 656/10974
f 117/10975 655/10976 1891/10977
f 117/10978 1891/10979 651/10980
f 652/10981 116/10982 654/10983
f 652/10984 654/10985 1892/10986
f 651/10987 1891/10988 653/10989
f 651/10990 653/10991 115/10992
f 1892/10993 654/10994 110/10995
f 1892/10996 110/10997 642/10998
f 1891/10999 641/11000 109/11001
f 1891/11002 109/11003 653/11004
f 272/11005 648/11006 1894/11007
f 272/11008 1894/11009 650/11010
f 271/11011 649/11012 1893/11013
f 271/11014 1893/11015 647/11016
f 648/11017 112/11018 646/11019
f 648/11020 646/11021 1894/11022
f 647/11023 1893/11024 645/11025
f 647/11026 645/11027 111/11028
f 1894/11029 646/11030 106/11031
f 1894/11032 106/11033 638/11034
f 1893/11035 637/11036 105/11037
f 1893/11038 105/11039 645/11040
f 112/11041 642/11042 1896/11043
f 112/11044 1896/11045 646/11046
f 111/11047 645/11048 1895/11049
f 111/11050 1895/11051 641/11052
f 642/11053 110/11054 644/11055
f 642/11056 644/11057 1896/11058
f 641/11059 1895/11060 643/11061
f 641/11062 643/11063 109/11064
f 1896/11065 644/11066 104/11067
f 1896/11068 104/11069 632/11070
f 1895/11071 631/11072 103/11073
f 1895/11074 103/11075 643/11076
f 270/11077 638/11078 1898/11079
f 270/11080 1898/11081 640/11082
f 269/11083 639/11084 1897/11085
f 269/11086 1897/11087 637/11088
f 638/11089 106/11090 636/11091
f 638/11092 636/11093 1898/11094
f 637/11095 1897/11096 635/11097
f 637/11098 635/11099 105/11100
f 1898/11101 636/11102 100/11103
f 1898/11104 100/11105 628/11106
f 1897/11107 627/11108 99/11109
f 1897/11110 99/11111 635/11112
f 106/11113 632/11114 1900/11115
f 106/11116 1900/11117 636/11118
f 105/11119 635/11120 1899/11121
f 105/11122 1899/11123 631/11124
f 632/11125 104/11126 634/11127
f 632/11128 634/11129 1900/11130
f 631/11131 1899/11132 633/11133
f 631/11134 633/11135 103/11136
f 1900/11137 634/11138 98/11139
f 1900/11140 98/11141 622/11142
f 1899/11143 621/11144 97/11145
f 1899/11146 97/11147 633/11148
f 268/11149 628/11150 1902/11151
f 268/11152 1902/11153 630/11154
f 267/11155 629/11156 1901/11157
f 267/11158 1901/11159 627/11160
f 628/11161 100/11162 626/11163
f 628/11164 626/11165 1902/11166
f 627/11167 1901/11168 625/11169
f 627/11170 625/11171 99/11172
f 1902/11173 626/11174 94/11175
f 1902/11176 94/11177 618/11178
f 1901/11179 617/11180 93/11181
f 1901/11182 93/11183 625/11184
f 100/11185 622/11186 1904/11187
f 100/11188 1904/11189 626/11190
f 99/11191 625/11192 1903/11193
f 99/11194 1903/11195 621/11196
f 622/11197 98/11198 624/11199
f 622/11200 624/11201 1904/11202
f 621/11203 1903/11204 623/11205
f 621/11206 623/11207 97/11208
f 1904/11209 624/11210 92/11211
f 1904/11212 92/11213 612/11214
f 1903/11215 611/11216 91/11217
f 1903/11218 91/11219 623/11220
f 266/11221 618/11222 1906/11223
f 266/11224 1906/11225 620/11226
f 265/11227 619/11228 1905/11229
f 265/11230 1905/11231 617/11232
f 618/11233 94/11234 616/11235
f 618/11236 616/11237 1906/11238
f 617/11239 1905/11240 615/11241
f 617/11242 615/11243 93/11244
f 1906/11245 616/11246 88/11247
f 1906/11248 88/11249 608/11250
f 1905/11251 607/11252 87/11253
f 1905/11254 87/11255 615/11256
f 94/11257 612/11258 1908/11259
f 94/11260 1908/11261 616/11262
f 93/11263 615/11264 1907/11265
f 93/11266 1907/11267 611/11268
f 612/11269 92/11270 614/11271
f 612/11272 614/11273 1908/11274
f 611/11275 1907/11276 613/11277
f 611/11278 613/11279 91/11280
f 1908/11281 614/11282 86/11283
f 1908/11284 86/11285 602/11286
f 1907/11287 601/11288 85/11289
f 1907/11290 85/11291 613/11292
f 264/11293 608/11294 1910/11295
f 264/11296 1910/11297 610/11298
f 263/11299 609/11300 1909/11301
f 263/11302 1909/11303 607/11304
f 608/11305 88/11306 606/11307
f 608/11308 606/11309 1910/11310
f 607/11311 1909/11312 605/11313
f 607/11314 605/11315 87/11316
f 1910/11317 606/11318 82/11319
f 1910/11320 82/11321 598/11322
f 1909/11323 597/11324 81/11325
f 1909/11326 81/11327 605/11328
f 88/11329 602/11330 1912/11331
f 88/11332 1912/11333 606/11334
f 87/11335 605/11336 1911/11337
f 87/11338 1911/11339 601/11340
f 602/11341 86/11342 604/11343
f 602/11344 604/11345 1912/11346
f 601/11347 1911/11348 603/11349
f 601/11350 603/11351 85/11352
f 1912/11353 604/11354 80/11355
f 1912/11356 80/11357 592/11358
f 1911/11359 591/11360 79/11361
f 1911/11362 79/11363 603/11364
f 262/11365 598/11366 1914/11367
f 262/11368 1914/11369 600/11370
f 261/11371 599/11372 1913/11373
f 261/11374 1913/11375 597/11376
f 598/11377 82/11378 596/11379
f 598/11380 596/11381 1914/11382
f 597/11383 1913/11384 595/11385
f 597/11386 595/11387 81/11388
f 1914/11389 596/11390 76/11391
f 1914/11392 76/11393 586/11394
f 1913/11395 585/11396 75/11397
f 1913/11398 75/11399 595/11400
f 82/11401 592/11402 1916/11403
f 82/11404 1916/11405 596/11406
f 81/11407 595/11408 1915/11409
f 81/11410 1915/11411 591/11412
f 592/11413 80/11414 594/11415
f 592/11416 594/11417 1916/11418
f 591/11419 1915/11420 593/11421
f 591/11422 593/11423 79/11424
f 1916/11425 594/11426 74/11427
f 1916/11428 74/11429 578/11430
f 1915/11431 577/11432 73/11433
f 1915/11434 73/11435 593/11436
f 260/11437 586/11438 1918/11439
f 260/11440 1918/11441 590/11442
f 259/11443 589/11444 1917/11445
f 259/11446 1917/11447 585/11448
f 586/11449 76/11450 584/11451
f 586/11452 584/11453 1918/11454
f 585/11455 1917/11456 583/11457
f 585/11458 583/11459 75/11460
f 1918/11461 584/11462 69/11463
f 1918/11464 69/11465 587/11466
f 1917/11467 588/11468 70/11469
f 1917/11470 70/11471 583/11472
f 76/11473 578/11474 1920/11475
f 76/11476 1920/11477 584/11478
f 75/11479 583/11480 1919/11481
f 75/11482 1919/11483 577/11484
f 578/11485 74/11486 580/11487
f 578/11488 580/11489 1920/11490
f 577/11491 1919/11492 579/11493
f 577/11494 579/11495 73/11496
f 1920/11497 580/11498 68/11499
f 1920/11500 68/11501 581/11502
f 1919/11503 582/11504 67/11505
f 1919/11506 67/11507 579/11508
