# Exported from robot_room_v2.usdc, material /root/spoon2/Looks/OmniPBR
v -0.641088 -0.0293676 1.106
v -0.639174 -0.0293061 1.10603
v -0.639167 -0.0305819 1.10736
v -0.641088 -0.0306517 1.10734
v -0.637252 -0.0291273 1.10611
v -0.637229 -0.0303787 1.10742
v -0.635345 -0.0288395 1.10623
v -0.635295 -0.0300518 1.10752
v -0.63347 -0.0284511 1.10639
v -0.633389 -0.0296106 1.10765
v -0.631648 -0.0279707 1.10658
v -0.631531 -0.0290648 1.1078
v -0.6299 -0.0274064 1.10679
v -0.629745 -0.0284238 1.10796
v -0.628244 -0.0267668 1.10702
v -0.628053 -0.0276972 1.10814
v -0.626701 -0.0260603 1.10727
v -0.626476 -0.0268946 1.10832
v -0.62529 -0.0252953 1.10752
v -0.625038 -0.0260254 1.10849
v -0.624032 -0.0244801 1.10777
v -0.62376 -0.0250993 1.10866
v -0.622945 -0.0236231 1.10801
v -0.622665 -0.0241258 1.10881
v -0.622051 -0.0227329 1.10824
v -0.621774 -0.0231143 1.10894
v -0.621369 -0.0218177 1.10845
v -0.62111 -0.0220745 1.10903
v -0.620918 -0.020886 1.10864
v -0.620696 -0.021016 1.1091
v -0.620719 -0.0199461 1.10879
v -0.620553 -0.0199481 1.10912
v -0.641088 -0.0280215 1.10486
v -0.639179 -0.0279688 1.10489
v -0.637272 -0.0278155 1.10498
v -0.635387 -0.0275688 1.10512
v -0.63354 -0.0272358 1.10531
v -0.631749 -0.0268239 1.10553
v -0.630032 -0.0263401 1.10579
v -0.628408 -0.0257918 1.10607
v -0.626893 -0.025186 1.10637
v -0.625506 -0.0245301 1.10669
v -0.624265 -0.0238313 1.10701
v -0.623186 -0.0230966 1.10733
v -0.622289 -0.0223334 1.10765
v -0.621591 -0.0215488 1.10795
v -0.621109 -0.02075 1.10824
v -0.620862 -0.0199443 1.1085
v -0.641088 -0.0266231 1.10391
v -0.639183 -0.0265795 1.10394
v -0.637289 -0.0264527 1.10404
v -0.635422 -0.0262486 1.1042
v -0.633598 -0.0259732 1.1044
v -0.631833 -0.0256325 1.10466
v -0.630143 -0.0252324 1.10495
v -0.628544 -0.0247789 1.10527
v -0.627053 -0.0242779 1.10562
v -0.625686 -0.0237354 1.10599
v -0.624459 -0.0231574 1.10638
v -0.623387 -0.0225498 1.10677
v -0.622487 -0.0219186 1.10716
v -0.621775 -0.0212697 1.10754
v -0.621268 -0.0206091 1.10791
v -0.620981 -0.0199428 1.10826
v -0.641088 -0.0251819 1.10315
v -0.639187 -0.0251477 1.10318
v -0.637303 -0.0250482 1.10329
v -0.63545 -0.0248881 1.10346
v -0.633644 -0.024672 1.10368
v -0.6319 -0.0244047 1.10396
v -0.630231 -0.0240909 1.10428
v -0.628654 -0.0237351 1.10464
v -0.627182 -0.0233421 1.10502
v -0.62583 -0.0229165 1.10544
v -0.624614 -0.0224631 1.10587
v -0.623547 -0.0219865 1.10631
v -0.622646 -0.0214913 1.10676
v -0.621923 -0.0209823 1.10721
v -0.621395 -0.0204641 1.10765
v -0.641088 -0.0237072 1.10257
v -0.63919 -0.0236827 1.10261
v -0.637313 -0.0236111 1.10272
v -0.635471 -0.0234961 1.1029
v -0.633679 -0.0233408 1.10314
v -0.63195 -0.0231486 1.10344
v -0.630298 -0.022923 1.10378
v -0.628736 -0.0226672 1.10416
v -0.627278 -0.0223847 1.10458
v -0.625938 -0.0220788 1.10502
v -0.62473 -0.0217528 1.10549
v -0.623668 -0.0214102 1.10597
v -0.622764 -0.0210543 1.10646
v -0.622034 -0.0206884 1.10696
v -0.621491 -0.0203159 1.10745
v -0.641088 -0.0222088 1.10219
v -0.639191 -0.022194 1.10223
v -0.63732 -0.0221509 1.10235
v -0.635485 -0.0220816 1.10253
v -0.633702 -0.021988 1.10278
v -0.631984 -0.0218722 1.10309
v -0.630342 -0.0217363 1.10344
v -0.62879 -0.0215822 1.10384
v -0.627342 -0.0214119 1.10428
v -0.62601 -0.0212276 1.10474
v -0.624808 -0.0210312 1.10523
v -0.623748 -0.0208248 1.10574
v -0.622844 -0.0206103 1.10627
v -0.622108 -0.0203898 1.10679
v -0.621554 -0.0201654 1.10732
v -0.641088 -0.0206961 1.102
v -0.639192 -0.0206912 1.10204
v -0.637323 -0.0206768 1.10216
v -0.635493 -0.0206536 1.10235
v -0.633714 -0.0206224 1.1026
v -0.632 -0.0205837 1.10291
v -0.630364 -0.0205383 1.10327
v -0.628818 -0.0204868 1.10368
v -0.627374 -0.0204299 1.10413
v -0.626046 -0.0203684 1.1046
v -0.624847 -0.0203028 1.10511
v -0.623788 -0.0202338 1.10563
v -0.622883 -0.0201622 1.10617
v -0.622145 -0.0200885 1.10671
v -0.621586 -0.0200136 1.10725
v -0.621219 -0.0199379 1.10779
v -0.641088 -0.0191787 1.102
v -0.639192 -0.0191836 1.10204
v -0.637323 -0.019198 1.10216
v -0.635493 -0.0192212 1.10235
v -0.633714 -0.0192524 1.1026
v -0.632 -0.0192911 1.10291
v -0.630364 -0.0193365 1.10327
v -0.628818 -0.019388 1.10368
v -0.627374 -0.0194449 1.10413
v -0.626046 -0.0195064 1.1046
v -0.624847 -0.019572 1.10511
v -0.623788 -0.019641 1.10563
v -0.622883 -0.0197126 1.10617
v -0.622145 -0.0197863 1.10671
v -0.621586 -0.0198612 1.10725
v -0.641088 -0.017666 1.10219
v -0.639191 -0.0176808 1.10223
v -0.63732 -0.0177239 1.10235
v -0.635485 -0.0177932 1.10253
v -0.633702 -0.0178868 1.10278
v -0.631984 -0.0180026 1.10309
v -0.630342 -0.0181385 1.10344
v -0.62879 -0.0182926 1.10384
v -0.627342 -0.0184629 1.10428
v -0.62601 -0.0186472 1.10474
v -0.624808 -0.0188436 1.10523
v -0.623748 -0.01905 1.10574
v -0.622844 -0.0192645 1.10627
v -0.622108 -0.019485 1.10679
v -0.621554 -0.0197094 1.10732
v -0.621195 -0.0199358 1.10784
v -0.641088 -0.0161676 1.10257
v -0.63919 -0.0161921 1.10261
v -0.637313 -0.0162637 1.10272
v -0.635471 -0.0163788 1.1029
v -0.633679 -0.0165341 1.10314
v -0.63195 -0.0167262 1.10344
v -0.630298 -0.0169518 1.10378
v -0.628736 -0.0172076 1.10416
v -0.627278 -0.0174901 1.10458
v -0.625938 -0.017796 1.10502
v -0.62473 -0.018122 1.10549
v -0.623668 -0.0184646 1.10597
v -0.622764 -0.0188205 1.10646
v -0.622034 -0.0191864 1.10696
v -0.621491 -0.0195589 1.10745
v -0.621148 -0.0199346 1.10793
v -0.641088 -0.014693 1.10315
v -0.639187 -0.0147272 1.10318
v -0.637303 -0.0148266 1.10329
v -0.63545 -0.0149867 1.10346
v -0.633644 -0.0152028 1.10368
v -0.6319 -0.0154701 1.10396
v -0.630231 -0.0157839 1.10428
v -0.628654 -0.0161397 1.10464
v -0.627182 -0.0165327 1.10502
v -0.62583 -0.0169583 1.10544
v -0.624614 -0.0174117 1.10587
v -0.623547 -0.0178883 1.10631
v -0.622646 -0.0183835 1.10676
v -0.621923 -0.0188925 1.10721
v -0.621395 -0.0194107 1.10765
v -0.621076 -0.0199334 1.10807
v -0.641088 -0.0132517 1.10391
v -0.639183 -0.0132953 1.10394
v -0.637289 -0.0134221 1.10404
v -0.635422 -0.0136262 1.1042
v -0.633598 -0.0139016 1.1044
v -0.631833 -0.0142423 1.10466
v -0.630143 -0.0146424 1.10495
v -0.628544 -0.0150959 1.10527
v -0.627053 -0.0155969 1.10562
v -0.625686 -0.0161394 1.10599
v -0.624459 -0.0167174 1.10638
v -0.623387 -0.017325 1.10677
v -0.622487 -0.0179562 1.10716
v -0.621775 -0.0186051 1.10754
v -0.621268 -0.0192657 1.10791
v -0.620981 -0.019932 1.10826
v -0.641088 -0.0118533 1.10486
v -0.639179 -0.011906 1.10489
v -0.637273 -0.0120593 1.10498
v -0.635387 -0.012306 1.10512
v -0.63354 -0.012639 1.10531
v -0.631749 -0.0130509 1.10553
v -0.630032 -0.0135347 1.10579
v -0.628408 -0.014083 1.10607
v -0.626893 -0.0146888 1.10637
v -0.625506 -0.0153447 1.10669
v -0.624265 -0.0160435 1.10701
v -0.623186 -0.0167782 1.10733
v -0.622289 -0.0175414 1.10765
v -0.621591 -0.018326 1.10795
v -0.621109 -0.0191248 1.10824
v -0.620862 -0.0199305 1.1085
v -0.641088 -0.0105072 1.106
v -0.639174 -0.0105687 1.10603
v -0.637252 -0.0107475 1.10611
v -0.635345 -0.0110353 1.10623
v -0.63347 -0.0114237 1.10639
v -0.631648 -0.0119042 1.10658
v -0.6299 -0.0124684 1.10679
v -0.628244 -0.013108 1.10702
v -0.626701 -0.0138145 1.10727
v -0.62529 -0.0145795 1.10752
v -0.624032 -0.0153947 1.10777
v -0.622945 -0.0162517 1.10801
v -0.622051 -0.0171419 1.10824
v -0.621369 -0.0180571 1.10845
v -0.620918 -0.0189888 1.10864
v -0.620719 -0.0199287 1.10879
v -0.641088 -0.0092231 1.10734
v -0.639167 -0.00929294 1.10736
v -0.637229 -0.00949609 1.10742
v -0.635295 -0.00982302 1.10752
v -0.633389 -0.0102642 1.10765
v -0.631531 -0.01081 1.1078
v -0.629745 -0.011451 1.10796
v -0.628053 -0.0121776 1.10814
v -0.626476 -0.0129802 1.10832
v -0.625038 -0.0138494 1.10849
v -0.62376 -0.0147755 1.10866
v -0.622665 -0.015749 1.10881
v -0.621774 -0.0167605 1.10894
v -0.62111 -0.0178003 1.10903
v -0.620696 -0.0188588 1.1091
v -0.620553 -0.0199267 1.10912
v -0.641088 -0.0327452 1.10775
v -0.639154 -0.0326617 1.10777
v -0.639156 -0.0323559 1.10736
v -0.641088 -0.0324374 1.10734
v -0.63718 -0.0324189 1.10783
v -0.637185 -0.0321189 1.10742
v -0.635191 -0.0320281 1.10792
v -0.635202 -0.0317375 1.10752
v -0.633214 -0.0315007 1.10803
v -0.633232 -0.0312228 1.10765
v -0.631273 -0.0308482 1.10817
v -0.6313 -0.030586 1.1078
v -0.629396 -0.030082 1.10832
v -0.629431 -0.0298382 1.10796
v -0.627608 -0.0292135 1.10847
v -0.627651 -0.0289905 1.10814
v -0.625936 -0.028254 1.10863
v -0.625985 -0.0280541 1.10832
v -0.624404 -0.0272151 1.10878
v -0.62446 -0.0270401 1.10849
v -0.623039 -0.026108 1.10892
v -0.623099 -0.0259596 1.10866
v -0.621868 -0.0249442 1.10904
v -0.621928 -0.0248238 1.10881
v -0.620915 -0.0237352 1.10913
v -0.620974 -0.0236438 1.10894
v -0.620207 -0.0224923 1.1092
v -0.620261 -0.0224307 1.10903
v -0.61977 -0.0212269 1.10922
v -0.619814 -0.0211957 1.1091
v -0.619629 -0.0199505 1.1092
v -0.61966 -0.0199499 1.10912
v -0.641088 -0.0329594 1.10809
v -0.639154 -0.0328745 1.10811
v -0.637177 -0.0326276 1.10816
v -0.635184 -0.0322302 1.10825
v -0.633202 -0.0316941 1.10836
v -0.631256 -0.0310307 1.10848
v -0.629374 -0.0302517 1.10862
v -0.627582 -0.0293686 1.10875
v -0.625905 -0.0283931 1.10889
v -0.624371 -0.0273368 1.10902
v -0.623005 -0.0262113 1.10914
v -0.621834 -0.0250281 1.10923
v -0.620884 -0.0237988 1.1093
v -0.620182 -0.0225352 1.10933
v -0.619754 -0.0212487 1.10933
v -0.619626 -0.0199509 1.10928
v -0.641088 -0.0330874 1.10836
v -0.639153 -0.0330017 1.10838
v -0.637175 -0.0327524 1.10844
v -0.63518 -0.0323511 1.10851
v -0.633196 -0.0318097 1.10862
v -0.631248 -0.0311398 1.10873
v -0.629364 -0.0303531 1.10885
v -0.62757 -0.0294614 1.10898
v -0.625892 -0.0284763 1.1091
v -0.624358 -0.0274096 1.10922
v -0.622993 -0.026273 1.10931
v -0.621824 -0.0250782 1.10939
v -0.620879 -0.0238369 1.10943
v -0.620183 -0.0225608 1.10944
v -0.619763 -0.0212617 1.10941
v -0.619645 -0.0199512 1.10934
v -0.641088 -0.0331369 1.10858
v -0.639153 -0.0330508 1.10859
v -0.637175 -0.0328006 1.10864
v -0.63518 -0.0323978 1.10872
v -0.633195 -0.0318544 1.10881
v -0.631248 -0.031182 1.10892
v -0.629364 -0.0303923 1.10904
v -0.627571 -0.0294973 1.10915
v -0.625895 -0.0285085 1.10927
v -0.624363 -0.0274378 1.10937
v -0.623001 -0.0262969 1.10945
v -0.621837 -0.0250976 1.10951
v -0.620896 -0.0238517 1.10954
v -0.620206 -0.0225708 1.10953
v -0.619794 -0.0212668 1.10948
v -0.619685 -0.0199514 1.10938
v -0.641088 -0.0331153 1.10872
v -0.639153 -0.0330294 1.10874
v -0.637176 -0.0327796 1.10879
v -0.635182 -0.0323775 1.10886
v -0.6332 -0.0318349 1.10895
v -0.631255 -0.0311636 1.10906
v -0.629374 -0.0303753 1.10917
v -0.627585 -0.0294817 1.10928
v -0.625912 -0.0284946 1.10938
v -0.624385 -0.0274256 1.10947
v -0.623028 -0.0262866 1.10955
v -0.621869 -0.0250893 1.1096
v -0.620934 -0.0238454 1.10961
v -0.62025 -0.0225666 1.10959
v -0.619844 -0.0212648 1.10953
v -0.619742 -0.0199515 1.10942
v -0.641088 -0.0330303 1.10881
v -0.639154 -0.0329449 1.10883
v -0.637178 -0.0326967 1.10888
v -0.635187 -0.0322972 1.10895
v -0.633209 -0.0317581 1.10904
v -0.631268 -0.0310912 1.10914
v -0.629392 -0.0303079 1.10925
v -0.627608 -0.0294201 1.10935
v -0.625942 -0.0284394 1.10945
v -0.62442 -0.0273773 1.10954
v -0.62307 -0.0262457 1.10961
v -0.621917 -0.0250561 1.10965
v -0.620988 -0.0238202 1.10966
v -0.62031 -0.0225497 1.10963
v -0.61991 -0.0212563 1.10956
v -0.619813 -0.0199515 1.10944
v -0.641088 -0.0328893 1.10885
v -0.639155 -0.0328048 1.10886
v -0.637181 -0.0325593 1.10891
v -0.635195 -0.0321641 1.10898
v -0.633221 -0.0316309 1.10907
v -0.631287 -0.0309711 1.10917
v -0.629418 -0.0301963 1.10928
v -0.627641 -0.029318 1.10938
v -0.625982 -0.0283478 1.10948
v -0.624468 -0.0272973 1.10957
v -0.623125 -0.0261778 1.10963
v -0.621979 -0.025001 1.10967
v -0.621057 -0.0237785 1.10968
v -0.620384 -0.0225216 1.10965
v -0.619988 -0.0212421 1.10958
v -0.619895 -0.0199514 1.10945
v -0.641088 -0.0326998 1.10882
v -0.639156 -0.0326167 1.10884
v -0.637186 -0.0323747 1.10889
v -0.635204 -0.0319853 1.10896
v -0.633237 -0.0314599 1.10905
v -0.63131 -0.0308097 1.10915
v -0.629449 -0.0300463 1.10926
v -0.627681 -0.0291809 1.10937
v -0.626031 -0.0282249 1.10947
v -0.624526 -0.0271897 1.10955
v -0.623191 -0.0260866 1.10962
v -0.622052 -0.024927 1.10966
v -0.621137 -0.0237223 1.10967
v -0.620469 -0.0224839 1.10965
v -0.620076 -0.021223 1.10958
v -0.619984 -0.0199512 1.10945
v -0.641088 -0.0324696 1.10875
v -0.639157 -0.0323879 1.10877
v -0.637191 -0.0321503 1.10882
v -0.635215 -0.0317679 1.10889
v -0.633255 -0.031252 1.10898
v -0.631337 -0.0306136 1.10909
v -0.629485 -0.0298639 1.1092
v -0.627727 -0.0290141 1.10931
v -0.626087 -0.0280753 1.10941
v -0.624591 -0.0270588 1.1095
v -0.623265 -0.0259756 1.10958
v -0.622135 -0.024837 1.10962
v -0.621225 -0.023654 1.10964
v -0.620562 -0.0224379 1.10962
v -0.620171 -0.0211998 1.10956
v -0.620078 -0.0199509 1.10944
v -0.641088 -0.0322059 1.10863
v -0.639159 -0.032126 1.10864
v -0.637197 -0.0318934 1.10869
v -0.635227 -0.031519 1.10877
v -0.633275 -0.0310139 1.10887
v -0.631366 -0.030389 1.10897
v -0.629526 -0.0296551 1.10909
v -0.627778 -0.0288232 1.10921
v -0.626149 -0.0279042 1.10932
v -0.624663 -0.026909 1.10942
v -0.623346 -0.0258486 1.1095
v -0.622223 -0.0247339 1.10956
v -0.621319 -0.0235758 1.10958
v -0.620659 -0.0223853 1.10957
v -0.620268 -0.0211732 1.10952
v -0.620172 -0.0199506 1.10942
v -0.641088 -0.0319165 1.10845
v -0.63916 -0.0318384 1.10847
v -0.637203 -0.0316113 1.10852
v -0.63524 -0.0312458 1.1086
v -0.633297 -0.0307526 1.1087
v -0.631398 -0.0301424 1.10882
v -0.629569 -0.0294258 1.10894
v -0.627832 -0.0286135 1.10907
v -0.626214 -0.0277162 1.10919
v -0.624739 -0.0267445 1.1093
v -0.623431 -0.0257091 1.10939
v -0.622315 -0.0246207 1.10946
v -0.621416 -0.02349 1.1095
v -0.620758 -0.0223275 1.10951
v -0.620366 -0.021144 1.10947
v -0.620265 -0.0199502 1.10938
v -0.641088 -0.0316088 1.10824
v -0.639162 -0.0315328 1.10826
v -0.637209 -0.0313115 1.10831
v -0.635254 -0.0309554 1.10839
v -0.63332 -0.0304749 1.1085
v -0.631432 -0.0298803 1.10862
v -0.629613 -0.0291821 1.10875
v -0.627888 -0.0283907 1.10889
v -0.626281 -0.0275164 1.10902
v -0.624816 -0.0265696 1.10914
v -0.623517 -0.0255608 1.10925
v -0.622408 -0.0245004 1.10934
v -0.621512 -0.0233986 1.10939
v -0.620856 -0.022266 1.10942
v -0.620461 -0.0211129 1.1094
v -0.620353 -0.0199497 1.10934
v -0.641088 -0.0312905 1.10798
v -0.639164 -0.0312165 1.108
v -0.637216 -0.0310012 1.10805
v -0.635268 -0.0306548 1.10814
v -0.633343 -0.0301874 1.10825
v -0.631465 -0.029609 1.10838
v -0.629658 -0.0289299 1.10853
v -0.627945 -0.02816 1.10867
v -0.626348 -0.0273096 1.10882
v -0.624893 -0.0263886 1.10896
v -0.623602 -0.0254073 1.10908
v -0.622498 -0.0243758 1.10919
v -0.621606 -0.0233041 1.10926
v -0.620949 -0.0222024 1.10931
v -0.620549 -0.0210807 1.10932
v -0.620432 -0.0199492 1.10928
v -0.641088 -0.0309689 1.10767
v -0.639166 -0.030897 1.1077
v -0.637222 -0.0306878 1.10776
v -0.635282 -0.0303512 1.10785
v -0.633366 -0.029897 1.10797
v -0.631499 -0.0293351 1.10811
v -0.629703 -0.0286751 1.10826
v -0.628 -0.0279271 1.10842
v -0.626414 -0.0271007 1.10858
v -0.624968 -0.0262058 1.10874
v -0.623684 -0.0252523 1.10888
v -0.622585 -0.0242499 1.10901
v -0.621694 -0.0232086 1.10911
v -0.621035 -0.022138 1.10918
v -0.620629 -0.0210481 1.10921
v -0.6205 -0.0199487 1.1092
v -0.641088 -0.00891148 1.10567
v -0.639162 -0.00898335 1.1057
v -0.639156 -0.00751888 1.10736
v -0.641088 -0.0074374 1.10734
v -0.637209 -0.00919241 1.10578
v -0.637185 -0.00775589 1.10742
v -0.635252 -0.00952885 1.10591
v -0.635202 -0.0081373 1.10752
v -0.633313 -0.00998284 1.10609
v -0.633232 -0.00865198 1.10765
v -0.631417 -0.0105446 1.10629
v -0.6313 -0.00928879 1.1078
v -0.629586 -0.0112042 1.10653
v -0.629431 -0.0100366 1.10796
v -0.627842 -0.011952 1.10678
v -0.627651 -0.0108843 1.10814
v -0.62621 -0.012778 1.10705
v -0.625985 -0.0118207 1.10832
v -0.624712 -0.0136725 1.10733
v -0.62446 -0.0128347 1.10849
v -0.62337 -0.0146256 1.10761
v -0.623099 -0.0139152 1.10866
v -0.622209 -0.0156276 1.10788
v -0.621928 -0.015051 1.10881
v -0.621251 -0.0166685 1.10814
v -0.620974 -0.016231 1.10894
v -0.620519 -0.0177387 1.10839
v -0.620261 -0.0174441 1.10903
v -0.620037 -0.0188282 1.1086
v -0.619814 -0.0186791 1.1091
v -0.619826 -0.0199272 1.10879
v -0.61966 -0.0199249 1.10912
v -0.641088 -0.0104681 1.10424
v -0.639168 -0.0105298 1.10428
v -0.637229 -0.0107094 1.10438
v -0.635294 -0.0109983 1.10454
v -0.633383 -0.0113882 1.10475
v -0.631517 -0.0118707 1.105
v -0.629718 -0.0124372 1.10529
v -0.628006 -0.0130794 1.10562
v -0.626402 -0.0137888 1.10597
v -0.624928 -0.0145571 1.10633
v -0.623603 -0.0153757 1.10671
v -0.62245 -0.0162363 1.10709
v -0.621489 -0.0171303 1.10746
v -0.620741 -0.0180495 1.10783
v -0.620228 -0.0189853 1.10818
v -0.619969 -0.0199293 1.1085
v -0.641088 -0.0120945 1.10305
v -0.639172 -0.0121457 1.10309
v -0.637246 -0.0122944 1.1032
v -0.635329 -0.0125337 1.10339
v -0.633441 -0.0128566 1.10363
v -0.631601 -0.0132562 1.10393
v -0.629829 -0.0137255 1.10427
v -0.628143 -0.0142574 1.10465
v -0.626562 -0.014845 1.10506
v -0.625108 -0.0154813 1.1055
v -0.623797 -0.0161593 1.10596
v -0.622651 -0.0168721 1.10643
v -0.621687 -0.0176127 1.1069
v -0.620926 -0.018374 1.10737
v -0.620387 -0.0191492 1.10782
v -0.620088 -0.0199311 1.10826
v -0.641088 -0.0137781 1.1021
v -0.639176 -0.0138183 1.10214
v -0.637259 -0.0139351 1.10227
v -0.635357 -0.014123 1.10247
v -0.633488 -0.0143766 1.10274
v -0.631668 -0.0146905 1.10307
v -0.629917 -0.015059 1.10345
v -0.628252 -0.0154767 1.10387
v -0.626691 -0.0159382 1.10434
v -0.625252 -0.0164379 1.10484
v -0.623952 -0.0169704 1.10536
v -0.622811 -0.0175302 1.1059
v -0.621846 -0.0181119 1.10645
v -0.621074 -0.0187098 1.107
v -0.620514 -0.0193186 1.10754
v -0.620183 -0.0199327 1.10807
v -0.641088 -0.0155062 1.10138
v -0.639178 -0.0155351 1.10143
v -0.637269 -0.0156191 1.10156
v -0.635379 -0.0157543 1.10178
v -0.633523 -0.0159368 1.10207
v -0.631719 -0.0161625 1.10242
v -0.629983 -0.0164277 1.10283
v -0.628334 -0.0167282 1.10329
v -0.626787 -0.0170602 1.1038
v -0.62536 -0.0174198 1.10434
v -0.624069 -0.0178029 1.10491
v -0.622931 -0.0182056 1.1055
v -0.621964 -0.0186241 1.10611
v -0.621185 -0.0190543 1.10672
v -0.620609 -0.0194923 1.10733
v -0.620255 -0.0199342 1.10793
v -0.641088 -0.017266 1.10091
v -0.63918 -0.0172834 1.10096
v -0.637276 -0.017334 1.1011
v -0.635393 -0.0174156 1.10132
v -0.633546 -0.0175256 1.10162
v -0.631752 -0.0176617 1.10199
v -0.630027 -0.0178215 1.10242
v -0.628388 -0.0180027 1.10291
v -0.626851 -0.0182029 1.10344
v -0.625432 -0.0184196 1.10401
v -0.624146 -0.0186506 1.10461
v -0.623012 -0.0188934 1.10524
v -0.622044 -0.0191457 1.10588
v -0.621259 -0.019405 1.10653
v -0.620673 -0.0196691 1.10719
v -0.620303 -0.0199355 1.10784
v -0.641088 -0.0190448 1.10067
v -0.639181 -0.0190506 1.10072
v -0.637279 -0.0190676 1.10086
v -0.6354 -0.0190948 1.10109
v -0.633557 -0.0191315 1.1014
v -0.631769 -0.019177 1.10177
v -0.63005 -0.0192304 1.10221
v -0.628416 -0.019291 1.10271
v -0.626883 -0.0193578 1.10326
v -0.625468 -0.0194303 1.10384
v -0.624185 -0.0195074 1.10446
v -0.623052 -0.0195886 1.10511
v -0.622083 -0.0196729 1.10577
v -0.621296 -0.0197595 1.10644
v -0.620705 -0.0198478 1.10712
v -0.620326 -0.0199368 1.10779
v -0.641088 -0.02083 1.10067
v -0.639181 -0.0208242 1.10072
v -0.637279 -0.0208073 1.10086
v -0.6354 -0.02078 1.10109
v -0.633557 -0.0207433 1.1014
v -0.631769 -0.0206978 1.10177
v -0.63005 -0.0206444 1.10221
v -0.628416 -0.0205838 1.10271
v -0.626883 -0.020517 1.10326
v -0.625468 -0.0204445 1.10384
v -0.624185 -0.0203674 1.10446
v -0.623052 -0.0202862 1.10511
v -0.622083 -0.0202019 1.10577
v -0.621296 -0.0201153 1.10644
v -0.620705 -0.020027 1.10712
v -0.641088 -0.0226088 1.10091
v -0.63918 -0.0225914 1.10096
v -0.637276 -0.0225408 1.1011
v -0.635393 -0.0224592 1.10132
v -0.633546 -0.0223492 1.10162
v -0.631752 -0.0222131 1.10199
v -0.630027 -0.0220533 1.10242
v -0.628388 -0.0218721 1.10291
v -0.626851 -0.0216719 1.10344
v -0.625432 -0.0214552 1.10401
v -0.624146 -0.0212242 1.10461
v -0.623012 -0.0209814 1.10524
v -0.622044 -0.0207291 1.10588
v -0.621259 -0.0204698 1.10653
v -0.620673 -0.0202057 1.10719
v -0.641088 -0.0243686 1.10138
v -0.639178 -0.0243397 1.10143
v -0.637269 -0.0242557 1.10156
v -0.635379 -0.0241205 1.10178
v -0.633523 -0.023938 1.10207
v -0.631719 -0.0237123 1.10242
v -0.629983 -0.0234471 1.10283
v -0.628334 -0.0231466 1.10329
v -0.626787 -0.0228146 1.1038
v -0.62536 -0.022455 1.10434
v -0.624069 -0.0220719 1.10491
v -0.622931 -0.0216691 1.1055
v -0.621964 -0.0212507 1.10611
v -0.621185 -0.0208205 1.10672
v -0.620609 -0.0203825 1.10733
v -0.641088 -0.0260967 1.1021
v -0.639176 -0.0260565 1.10214
v -0.637259 -0.0259397 1.10227
v -0.635357 -0.0257518 1.10247
v -0.633488 -0.0254982 1.10274
v -0.631668 -0.0251844 1.10307
v -0.629917 -0.0248158 1.10345
v -0.628252 -0.0243981 1.10387
v -0.626691 -0.0239366 1.10434
v -0.625252 -0.0234369 1.10484
v -0.623952 -0.0229044 1.10536
v -0.622811 -0.0223446 1.1059
v -0.621846 -0.0217629 1.10645
v -0.621074 -0.021165 1.107
v -0.620514 -0.0205562 1.10754
v -0.641088 -0.0277803 1.10305
v -0.639172 -0.0277291 1.10309
v -0.637246 -0.0275804 1.1032
v -0.635329 -0.0273411 1.10339
v -0.633441 -0.0270182 1.10363
v -0.631601 -0.0266186 1.10393
v -0.629829 -0.0261493 1.10427
v -0.628143 -0.0256174 1.10465
v -0.626562 -0.0250298 1.10506
v -0.625108 -0.0243935 1.1055
v -0.623797 -0.0237155 1.10596
v -0.622651 -0.0230027 1.10643
v -0.621687 -0.0222621 1.1069
v -0.620926 -0.0215008 1.10737
v -0.620387 -0.0207256 1.10782
v -0.620088 -0.0199437 1.10826
v -0.641088 -0.0294067 1.10424
v -0.639168 -0.029345 1.10428
v -0.637229 -0.0291654 1.10438
v -0.635294 -0.0288765 1.10454
v -0.633383 -0.0284866 1.10475
v -0.631517 -0.0280042 1.105
v -0.629718 -0.0274376 1.10529
v -0.628006 -0.0267954 1.10562
v -0.626402 -0.026086 1.10597
v -0.624928 -0.0253177 1.10633
v -0.623603 -0.0244991 1.10671
v -0.62245 -0.0236385 1.10709
v -0.621489 -0.0227445 1.10746
v -0.620741 -0.0218253 1.10783
v -0.620228 -0.0208895 1.10818
v -0.619969 -0.0199455 1.1085
v -0.641088 -0.0309633 1.10567
v -0.639162 -0.0308915 1.1057
v -0.637209 -0.0306824 1.10578
v -0.635252 -0.030346 1.10591
v -0.633313 -0.029892 1.10609
v -0.631417 -0.0293302 1.10629
v -0.629586 -0.0286706 1.10653
v -0.627842 -0.0279228 1.10678
v -0.62621 -0.0270968 1.10705
v -0.624712 -0.0262023 1.10733
v -0.62337 -0.0252492 1.10761
v -0.622209 -0.0242472 1.10788
v -0.621251 -0.0232063 1.10814
v -0.620519 -0.0221361 1.10839
v -0.620037 -0.0210466 1.1086
v -0.619826 -0.0199476 1.10879
v -0.641088 -0.00890591 1.10767
v -0.639166 -0.00897781 1.1077
v -0.637222 -0.00918697 1.10776
v -0.635282 -0.00952356 1.10785
v -0.633366 -0.00997776 1.10797
v -0.631499 -0.0105397 1.10811
v -0.629703 -0.0111997 1.10826
v -0.628 -0.0119477 1.10842
v -0.626414 -0.0127741 1.10858
v -0.624968 -0.013669 1.10874
v -0.623684 -0.0146225 1.10888
v -0.622585 -0.0156249 1.10901
v -0.621694 -0.0166662 1.10911
v -0.621035 -0.0177368 1.10918
v -0.620629 -0.0188267 1.10921
v -0.6205 -0.0199261 1.1092
v -0.641088 -0.00858435 1.10798
v -0.639164 -0.00865835 1.108
v -0.637216 -0.0088736 1.10805
v -0.635268 -0.00921999 1.10814
v -0.633343 -0.00968742 1.10825
v -0.631465 -0.0102658 1.10838
v -0.629658 -0.0109449 1.10853
v -0.627945 -0.0117148 1.10867
v -0.626348 -0.0125652 1.10882
v -0.624893 -0.0134862 1.10896
v -0.623602 -0.0144675 1.10908
v -0.622498 -0.015499 1.10919
v -0.621606 -0.0165707 1.10926
v -0.620949 -0.0176724 1.10931
v -0.620549 -0.0187941 1.10932
v -0.620432 -0.0199256 1.10928
v -0.641088 -0.00826596 1.10824
v -0.639162 -0.00834203 1.10826
v -0.637209 -0.00856332 1.10831
v -0.635254 -0.00891942 1.10839
v -0.63332 -0.00939995 1.1085
v -0.631432 -0.0099945 1.10862
v -0.629613 -0.0106927 1.10875
v -0.627888 -0.0114841 1.10889
v -0.626281 -0.0123584 1.10902
v -0.624816 -0.0133052 1.10914
v -0.623517 -0.014314 1.10925
v -0.622408 -0.0153744 1.10934
v -0.621512 -0.0164762 1.10939
v -0.620856 -0.0176088 1.10942
v -0.620461 -0.0187619 1.1094
v -0.620353 -0.0199251 1.10934
v -0.641088 -0.00795829 1.10845
v -0.63916 -0.00803637 1.10847
v -0.637203 -0.00826348 1.10852
v -0.63524 -0.00862897 1.1086
v -0.633297 -0.00912216 1.1087
v -0.631398 -0.00973238 1.10882
v -0.629569 -0.010449 1.10894
v -0.627832 -0.0112613 1.10907
v -0.626214 -0.0121586 1.10919
v -0.624739 -0.0131303 1.1093
v -0.623431 -0.0141657 1.10939
v -0.622315 -0.0152541 1.10946
v -0.621416 -0.0163848 1.1095
v -0.620758 -0.0175473 1.10951
v -0.620366 -0.0187308 1.10947
v -0.620265 -0.0199246 1.10938
v -0.641088 -0.00766888 1.10863
v -0.639159 -0.00774884 1.10864
v -0.637197 -0.00798144 1.10869
v -0.635227 -0.00835576 1.10877
v -0.633275 -0.00886086 1.10887
v -0.631366 -0.00948583 1.10897
v -0.629526 -0.0102197 1.10909
v -0.627778 -0.0110516 1.10921
v -0.626149 -0.0119706 1.10932
v -0.624663 -0.0129658 1.10942
v -0.623346 -0.0140262 1.1095
v -0.622223 -0.0151409 1.10956
v -0.621319 -0.016299 1.10958
v -0.620659 -0.0174895 1.10957
v -0.620268 -0.0187016 1.10952
v -0.620172 -0.0199242 1.10942
v -0.641088 -0.00740526 1.10875
v -0.639157 -0.00748694 1.10877
v -0.637191 -0.00772454 1.10882
v -0.635215 -0.00810689 1.10889
v -0.633255 -0.00862285 1.10898
v -0.631337 -0.00926125 1.10909
v -0.629485 -0.0100109 1.1092
v -0.627727 -0.0108607 1.10931
v -0.626087 -0.0117995 1.10941
v -0.624591 -0.012816 1.1095
v -0.623265 -0.0138992 1.10958
v -0.622135 -0.0150378 1.10962
v -0.621225 -0.0162208 1.10964
v -0.620562 -0.0174369 1.10962
v -0.620171 -0.018675 1.10956
v -0.620078 -0.0199239 1.10944
v -0.641088 -0.00717497 1.10882
v -0.639156 -0.00725815 1.10884
v -0.637186 -0.00750012 1.10889
v -0.635204 -0.0078895 1.10896
v -0.633237 -0.00841495 1.10905
v -0.63131 -0.00906508 1.10915
v -0.629449 -0.00982853 1.10926
v -0.627681 -0.0106939 1.10937
v -0.626031 -0.0116499 1.10947
v -0.624526 -0.0126851 1.10955
v -0.623191 -0.0137882 1.10962
v -0.622052 -0.0149478 1.10966
v -0.621137 -0.0161525 1.10967
v -0.620469 -0.0173909 1.10965
v -0.620076 -0.0186518 1.10958
v -0.619984 -0.0199236 1.10945
v -0.641088 -0.00698555 1.10885
v -0.639155 -0.00706997 1.10886
v -0.637181 -0.00731553 1.10891
v -0.635195 -0.0077107 1.10898
v -0.633221 -0.00824395 1.10907
v -0.631287 -0.00890373 1.10917
v -0.629418 -0.00967851 1.10928
v -0.627641 -0.0105568 1.10938
v -0.625982 -0.011527 1.10948
v -0.624468 -0.0125775 1.10957
v -0.623125 -0.013697 1.10963
v -0.621979 -0.0148738 1.10967
v -0.621057 -0.0160963 1.10968
v -0.620384 -0.0173532 1.10965
v -0.619988 -0.0186327 1.10958
v -0.619895 -0.0199234 1.10945
v -0.641088 -0.00684455 1.10881
v -0.639154 -0.00692988 1.10883
v -0.637178 -0.00717812 1.10888
v -0.635187 -0.0075776 1.10895
v -0.633209 -0.00811665 1.10904
v -0.631268 -0.00878363 1.10914
v -0.629392 -0.00956685 1.10925
v -0.627608 -0.0104547 1.10935
v -0.625942 -0.0114354 1.10945
v -0.62442 -0.0124975 1.10954
v -0.62307 -0.0136291 1.10961
v -0.621917 -0.0148187 1.10965
v -0.620988 -0.0160546 1.10966
v -0.62031 -0.0173251 1.10963
v -0.61991 -0.0186185 1.10956
v -0.619813 -0.0199233 1.10944
v -0.641088 -0.0067595 1.10872
v -0.639153 -0.00684539 1.10874
v -0.637176 -0.00709524 1.10879
v -0.635182 -0.00749732 1.10886
v -0.6332 -0.00803988 1.10895
v -0.631255 -0.00871119 1.10906
v -0.629374 -0.00949952 1.10917
v -0.627585 -0.0103931 1.10928
v -0.625912 -0.0113802 1.10938
v -0.624385 -0.0124492 1.10947
v -0.623028 -0.0135882 1.10955
v -0.621869 -0.0147855 1.1096
v -0.620934 -0.0160294 1.10961
v -0.62025 -0.0173082 1.10959
v -0.619844 -0.01861 1.10953
v -0.619742 -0.0199233 1.10942
v -0.641088 -0.00673794 1.10858
v -0.639153 -0.00682397 1.10859
v -0.637175 -0.00707424 1.10864
v -0.63518 -0.00747697 1.10872
v -0.633195 -0.00802043 1.10881
v -0.631248 -0.00869285 1.10892
v -0.629364 -0.00948247 1.10904
v -0.627571 -0.0103775 1.10915
v -0.625895 -0.0113663 1.10927
v -0.624363 -0.012437 1.10937
v -0.623001 -0.0135779 1.10945
v -0.621837 -0.0147772 1.10951
v -0.620896 -0.0160231 1.10954
v -0.620206 -0.017304 1.10953
v -0.619794 -0.018608 1.10948
v -0.619685 -0.0199234 1.10938
v -0.641088 -0.00678741 1.10836
v -0.639153 -0.00687312 1.10838
v -0.637175 -0.00712245 1.10844
v -0.63518 -0.00752368 1.10851
v -0.633196 -0.00806511 1.10862
v -0.631248 -0.00873501 1.10873
v -0.629364 -0.00952168 1.10885
v -0.62757 -0.0104134 1.10898
v -0.625892 -0.0113985 1.1091
v -0.624358 -0.0124652 1.10922
v -0.622993 -0.0136018 1.10931
v -0.621824 -0.0147966 1.10939
v -0.620879 -0.0160379 1.10943
v -0.620183 -0.0173139 1.10944
v -0.619763 -0.0186131 1.10941
v -0.619645 -0.0199236 1.10934
v -0.641088 -0.00691545 1.10809
v -0.639154 -0.00700033 1.10811
v -0.637177 -0.00724723 1.10816
v -0.635184 -0.00764456 1.10825
v -0.633202 -0.00818072 1.10836
v -0.631256 -0.00884411 1.10848
v -0.629374 -0.00962313 1.10862
v -0.627582 -0.0105062 1.10875
v -0.625905 -0.0114817 1.10889
v -0.624371 -0.012538 1.10902
v -0.623005 -0.0136635 1.10914
v -0.621834 -0.0148467 1.10923
v -0.620884 -0.016076 1.1093
v -0.620182 -0.0173396 1.10933
v -0.619754 -0.0186261 1.10933
v -0.619626 -0.0199239 1.10928
v -0.641088 -0.0071296 1.10775
v -0.639154 -0.00721309 1.10777
v -0.63718 -0.00745593 1.10783
v -0.635191 -0.00784673 1.10792
v -0.633214 -0.00837408 1.10803
v -0.631273 -0.00902656 1.10817
v -0.629396 -0.00979278 1.10832
v -0.627608 -0.0106613 1.10847
v -0.625936 -0.0116208 1.10863
v -0.624404 -0.0126597 1.10878
v -0.623039 -0.0137668 1.10892
v -0.621868 -0.0149306 1.10904
v -0.620915 -0.0161396 1.10913
v -0.620207 -0.0173825 1.1092
v -0.61977 -0.0186479 1.10922
v -0.619629 -0.0199243 1.1092
v -0.666088 -0.0211162 1.11448
v -0.664392 -0.0212213 1.11411
v -0.664392 -0.0213961 1.11413
v -0.666088 -0.0212767 1.11448
v -0.662851 -0.0215171 1.11362
v -0.662851 -0.0217323 1.11368
v -0.661431 -0.0219743 1.11303
v -0.661431 -0.0222517 1.11316
v -0.660097 -0.0225635 1.11235
v -0.660097 -0.0229211 1.11259
v -0.658813 -0.0232554 1.11162
v -0.658813 -0.0237073 1.11197
v -0.657545 -0.0240207 1.11085
v -0.657545 -0.0245767 1.11132
v -0.656259 -0.0248299 1.11007
v -0.656259 -0.0254961 1.11067
v -0.654918 -0.0256538 1.1093
v -0.654918 -0.0264323 1.11003
v -0.653488 -0.0264631 1.10856
v -0.653488 -0.0273517 1.10942
v -0.651935 -0.0272283 1.10787
v -0.651935 -0.0282211 1.10886
v -0.650223 -0.0279202 1.10726
v -0.650223 -0.0290073 1.10836
v -0.648317 -0.0285094 1.10674
v -0.648317 -0.0296767 1.10794
v -0.646182 -0.0289666 1.10635
v -0.646182 -0.0301961 1.10761
v -0.643785 -0.0292624 1.10609
v -0.643785 -0.0305323 1.10741
v -0.666088 -0.0209479 1.11448
v -0.664392 -0.021038 1.1141
v -0.662851 -0.0212916 1.11356
v -0.661431 -0.0216835 1.11291
v -0.660097 -0.0221887 1.11215
v -0.658813 -0.0227818 1.11132
v -0.657545 -0.0234378 1.11045
v -0.656259 -0.0241316 1.10956
v -0.654918 -0.0248379 1.10867
v -0.653488 -0.0255316 1.10782
v -0.651935 -0.0261876 1.10702
v -0.650223 -0.0267808 1.10631
v -0.648317 -0.0272859 1.10572
v -0.646182 -0.0276778 1.10526
v -0.643785 -0.0279314 1.10496
v -0.666088 -0.0207731 1.11448
v -0.664392 -0.0208476 1.11408
v -0.662851 -0.0210573 1.11352
v -0.661431 -0.0213815 1.11281
v -0.660097 -0.0217992 1.11198
v -0.658813 -0.0222898 1.11108
v -0.657545 -0.0228323 1.11011
v -0.656259 -0.023406 1.10913
v -0.654918 -0.0239902 1.10815
v -0.653488 -0.0245639 1.1072
v -0.651935 -0.0251064 1.10632
v -0.650223 -0.025597 1.10553
v -0.648317 -0.0260147 1.10486
v -0.646182 -0.0263389 1.10435
v -0.643785 -0.0265486 1.10402
v -0.666088 -0.0205929 1.11448
v -0.664392 -0.0206514 1.11407
v -0.662851 -0.0208159 1.11348
v -0.661431 -0.0210702 1.11273
v -0.660097 -0.0213979 1.11185
v -0.658813 -0.0217826 1.11088
v -0.657545 -0.0222082 1.10985
v -0.656259 -0.0226583 1.10879
v -0.654918 -0.0231165 1.10773
v -0.653488 -0.0235665 1.10671
v -0.651935 -0.0239921 1.10575
v -0.650223 -0.0243769 1.1049
v -0.648317 -0.0247046 1.10418
v -0.646182 -0.0249589 1.10363
v -0.643785 -0.0251234 1.10327
v -0.666088 -0.0204086 1.11448
v -0.664392 -0.0204506 1.11407
v -0.662851 -0.0205689 1.11345
v -0.661431 -0.0207517 1.11267
v -0.660097 -0.0209872 1.11175
v -0.658813 -0.0212638 1.11073
v -0.657545 -0.0215697 1.10965
v -0.656259 -0.0218932 1.10853
v -0.654918 -0.0222226 1.10741
v -0.653488 -0.0225461 1.10634
v -0.651935 -0.022852 1.10533
v -0.650223 -0.0231286 1.10443
v -0.648317 -0.0233642 1.10367
v -0.646182 -0.023547 1.10308
v -0.643785 -0.0236652 1.10271
v -0.666088 -0.0202213 1.11448
v -0.664392 -0.0202466 1.11406
v -0.662851 -0.0203179 1.11343
v -0.661431 -0.020428 1.11263
v -0.660097 -0.0205699 1.11168
v -0.658813 -0.0207366 1.11063
v -0.657545 -0.0209209 1.10951
v -0.656259 -0.0211158 1.10836
v -0.654918 -0.0213143 1.1072
v -0.653488 -0.0215092 1.10609
v -0.651935 -0.0216936 1.10505
v -0.650223 -0.0218602 1.10412
v -0.648317 -0.0220021 1.10333
v -0.646182 -0.0221123 1.10272
v -0.643785 -0.0221835 1.10233
v -0.666088 -0.0200322 1.11448
v -0.664392 -0.0200407 1.11406
v -0.662851 -0.0200645 1.11343
v -0.661431 -0.0201013 1.11261
v -0.660097 -0.0201487 1.11165
v -0.658813 -0.0202044 1.11058
v -0.657545 -0.0202659 1.10944
v -0.656259 -0.020331 1.10827
v -0.654918 -0.0203973 1.1071
v -0.653488 -0.0204624 1.10597
v -0.651935 -0.020524 1.10491
v -0.650223 -0.0205797 1.10396
v -0.648317 -0.0206271 1.10316
v -0.646182 -0.0206639 1.10254
v -0.643785 -0.0206877 1.10214
v -0.666088 -0.0198426 1.11448
v -0.664392 -0.0198341 1.11406
v -0.662851 -0.0198103 1.11343
v -0.661431 -0.0197735 1.11261
v -0.660097 -0.0197261 1.11165
v -0.658813 -0.0196705 1.11058
v -0.657545 -0.0196089 1.10944
v -0.656259 -0.0195438 1.10827
v -0.654918 -0.0194775 1.1071
v -0.653488 -0.0194124 1.10597
v -0.651935 -0.0193508 1.10491
v -0.650223 -0.0192951 1.10396
v -0.648317 -0.0192477 1.10316
v -0.646182 -0.0192109 1.10254
v -0.643785 -0.0191871 1.10214
v -0.666088 -0.0196535 1.11448
v -0.664392 -0.0196282 1.11406
v -0.662851 -0.0195569 1.11343
v -0.661431 -0.0194468 1.11263
v -0.660097 -0.0193049 1.11168
v -0.658813 -0.0191382 1.11063
v -0.657545 -0.0189539 1.10951
v -0.656259 -0.018759 1.10836
v -0.654918 -0.0185605 1.1072
v -0.653488 -0.0183656 1.10609
v -0.651935 -0.0181813 1.10505
v -0.650223 -0.0180146 1.10412
v -0.648317 -0.0178727 1.10333
v -0.646182 -0.0177626 1.10272
v -0.643785 -0.0176913 1.10233
v -0.666088 -0.0194662 1.11448
v -0.664392 -0.0194242 1.11407
v -0.662851 -0.0193059 1.11345
v -0.661431 -0.0191232 1.11267
v -0.660097 -0.0188876 1.11175
v -0.658813 -0.018611 1.11073
v -0.657545 -0.0183051 1.10965
v -0.656259 -0.0179816 1.10853
v -0.654918 -0.0176522 1.10741
v -0.653488 -0.0173287 1.10634
v -0.651935 -0.0170228 1.10533
v -0.650223 -0.0167462 1.10443
v -0.648317 -0.0165106 1.10367
v -0.646182 -0.0163278 1.10308
v -0.643785 -0.0162096 1.10271
v -0.666088 -0.0192819 1.11448
v -0.664392 -0.0192234 1.11407
v -0.662851 -0.0190589 1.11348
v -0.661431 -0.0188046 1.11273
v -0.660097 -0.018477 1.11185
v -0.658813 -0.0180922 1.11088
v -0.657545 -0.0176666 1.10985
v -0.656259 -0.0172165 1.10879
v -0.654918 -0.0167583 1.10773
v -0.653488 -0.0163083 1.10671
v -0.651935 -0.0158827 1.10575
v -0.650223 -0.0154979 1.1049
v -0.648317 -0.0151702 1.10418
v -0.646182 -0.0149159 1.10363
v -0.643785 -0.0147514 1.10327
v -0.666088 -0.0191017 1.11448
v -0.664392 -0.0190272 1.11408
v -0.662851 -0.0188175 1.11352
v -0.661431 -0.0184933 1.11281
v -0.660097 -0.0180756 1.11198
v -0.658813 -0.0175851 1.11108
v -0.657545 -0.0170425 1.11011
v -0.656259 -0.0164688 1.10913
v -0.654918 -0.0158846 1.10815
v -0.653488 -0.0153109 1.1072
v -0.651935 -0.0147684 1.10632
v -0.650223 -0.0142778 1.10553
v -0.648317 -0.0138601 1.10486
v -0.646182 -0.013536 1.10435
v -0.643785 -0.0133262 1.10402
v -0.666088 -0.0189269 1.11448
v -0.664392 -0.0188368 1.1141
v -0.662851 -0.0185832 1.11356
v -0.661431 -0.0181913 1.11291
v -0.660097 -0.0176862 1.11215
v -0.658813 -0.017093 1.11132
v -0.657545 -0.016437 1.11045
v -0.656259 -0.0157433 1.10956
v -0.654918 -0.0150369 1.10867
v -0.653488 -0.0143432 1.10782
v -0.651935 -0.0136872 1.10702
v -0.650223 -0.013094 1.10631
v -0.648317 -0.0125889 1.10572
v -0.646182 -0.012197 1.10526
v -0.643785 -0.0119434 1.10496
v -0.666088 -0.0187587 1.11448
v -0.664392 -0.0186535 1.11411
v -0.662851 -0.0183577 1.11362
v -0.661431 -0.0179005 1.11303
v -0.660097 -0.0173113 1.11235
v -0.658813 -0.0166194 1.11162
v -0.657545 -0.0158542 1.11085
v -0.656259 -0.0150449 1.11007
v -0.654918 -0.014221 1.1093
v -0.653488 -0.0134117 1.10856
v -0.651935 -0.0126465 1.10787
v -0.650223 -0.0119546 1.10726
v -0.648317 -0.0113654 1.10674
v -0.646182 -0.0109082 1.10635
v -0.643785 -0.0106124 1.10609
v -0.666088 -0.0185981 1.11448
v -0.664392 -0.0184787 1.11413
v -0.662851 -0.0181426 1.11368
v -0.661431 -0.0176231 1.11316
v -0.660097 -0.0169537 1.11259
v -0.658813 -0.0161676 1.11197
v -0.657545 -0.0152981 1.11132
v -0.656259 -0.0143787 1.11067
v -0.654918 -0.0134426 1.11003
v -0.653488 -0.0125231 1.10942
v -0.651935 -0.0116537 1.10886
v -0.650223 -0.0108676 1.10836
v -0.648317 -0.0101981 1.10794
v -0.646182 -0.00967866 1.10761
v -0.643785 -0.00934255 1.10741
v -0.666088 -0.0215384 1.11363
v -0.664392 -0.0216812 1.11329
v -0.664392 -0.0216393 1.11325
v -0.666088 -0.0214999 1.11359
v -0.662851 -0.022083 1.11289
v -0.662851 -0.0220314 1.11283
v -0.661431 -0.0227039 1.11244
v -0.661431 -0.0226374 1.11236
v -0.660097 -0.0235041 1.11195
v -0.660097 -0.0234184 1.11185
v -0.658813 -0.0244439 1.11144
v -0.658813 -0.0243356 1.1113
v -0.657545 -0.0254832 1.11091
v -0.657545 -0.0253499 1.11074
v -0.656259 -0.0265823 1.11039
v -0.656259 -0.0264226 1.11018
v -0.654918 -0.0277013 1.10987
v -0.654918 -0.0275147 1.10963
v -0.653488 -0.0288004 1.10939
v -0.653488 -0.0285874 1.10911
v -0.651935 -0.0298397 1.10894
v -0.651935 -0.0296018 1.10863
v -0.650223 -0.0307794 1.10855
v -0.650223 -0.0305189 1.1082
v -0.648317 -0.0315797 1.10822
v -0.648317 -0.0312999 1.10784
v -0.646182 -0.0322006 1.10796
v -0.646182 -0.0319059 1.10757
v -0.643785 -0.0326024 1.1078
v -0.643785 -0.0322981 1.1074
v -0.666088 -0.0215652 1.11368
v -0.664392 -0.0217103 1.11335
v -0.662851 -0.0221188 1.11296
v -0.661431 -0.0227502 1.11253
v -0.660097 -0.0235638 1.11206
v -0.658813 -0.0245192 1.11157
v -0.657545 -0.0255759 1.11107
v -0.656259 -0.0266934 1.11057
v -0.654918 -0.0278311 1.11009
v -0.653488 -0.0289486 1.10963
v -0.651935 -0.0300053 1.10921
v -0.650223 -0.0309607 1.10884
v -0.648317 -0.0317744 1.10853
v -0.646182 -0.0324057 1.10829
v -0.643785 -0.0328142 1.10814
v -0.666088 -0.0215812 1.11374
v -0.664392 -0.0217278 1.11342
v -0.662851 -0.0221403 1.11303
v -0.661431 -0.0227778 1.11261
v -0.660097 -0.0235994 1.11216
v -0.658813 -0.0245643 1.11169
v -0.657545 -0.0256314 1.11121
v -0.656259 -0.0267598 1.11073
v -0.654918 -0.0279087 1.11027
v -0.653488 -0.0290372 1.10983
v -0.651935 -0.0301043 1.10943
v -0.650223 -0.0310691 1.10907
v -0.648317 -0.0318908 1.10878
v -0.646182 -0.0325283 1.10856
v -0.643785 -0.0329408 1.10841
v -0.666088 -0.0215873 1.11381
v -0.664392 -0.0217345 1.11349
v -0.662851 -0.0221486 1.11311
v -0.661431 -0.0227885 1.1127
v -0.660097 -0.0236132 1.11226
v -0.658813 -0.0245817 1.11179
v -0.657545 -0.0256528 1.11133
v -0.656259 -0.0267855 1.11086
v -0.654918 -0.0279387 1.11041
v -0.653488 -0.0290714 1.10999
v -0.651935 -0.0301426 1.1096
v -0.650223 -0.031111 1.10926
v -0.648317 -0.0319357 1.10898
v -0.646182 -0.0325756 1.10876
v -0.643785 -0.0329897 1.10862
v -0.666088 -0.0215847 1.11389
v -0.664392 -0.0217316 1.11357
v -0.662851 -0.022145 1.11319
v -0.661431 -0.0227838 1.11278
v -0.660097 -0.0236072 1.11235
v -0.658813 -0.0245741 1.11189
v -0.657545 -0.0256434 1.11143
v -0.656259 -0.0267743 1.11097
v -0.654918 -0.0279257 1.11053
v -0.653488 -0.0290565 1.11011
v -0.651935 -0.0301259 1.10973
v -0.650223 -0.0310927 1.1094
v -0.648317 -0.0319161 1.10912
v -0.646182 -0.032555 1.10891
v -0.643785 -0.0329684 1.10877
v -0.666088 -0.021574 1.11397
v -0.664392 -0.02172 1.11365
v -0.662851 -0.0221307 1.11327
v -0.661431 -0.0227655 1.11286
v -0.660097 -0.0235835 1.11243
v -0.658813 -0.0245442 1.11197
v -0.657545 -0.0256066 1.11151
v -0.656259 -0.0267302 1.11106
v -0.654918 -0.0278741 1.11062
v -0.653488 -0.0289977 1.1102
v -0.651935 -0.0300601 1.10982
v -0.650223 -0.0310208 1.10949
v -0.648317 -0.0318388 1.10921
v -0.646182 -0.0324736 1.109
v -0.643785 -0.0328843 1.10886
v -0.666088 -0.0215564 1.11405
v -0.664392 -0.0217008 1.11373
v -0.662851 -0.0221071 1.11335
v -0.661431 -0.022735 1.11294
v -0.660097 -0.0235443 1.1125
v -0.658813 -0.0244946 1.11204
v -0.657545 -0.0255456 1.11158
v -0.656259 -0.026657 1.11112
v -0.654918 -0.0277886 1.11067
v -0.653488 -0.0289001 1.11025
v -0.651935 -0.0299511 1.10987
v -0.650223 -0.0309014 1.10953
v -0.648317 -0.0317106 1.10925
v -0.646182 -0.0323386 1.10903
v -0.643785 -0.0327449 1.10889
v -0.666088 -0.0215327 1.11414
v -0.664392 -0.021675 1.11381
v -0.662851 -0.0220754 1.11343
v -0.661431 -0.0226941 1.11301
v -0.660097 -0.0234915 1.11256
v -0.658813 -0.0244279 1.1121
v -0.657545 -0.0254636 1.11162
v -0.656259 -0.0265588 1.11115
v -0.654918 -0.0276738 1.1107
v -0.653488 -0.028769 1.11027
v -0.651935 -0.0298047 1.10987
v -0.650223 -0.030741 1.10952
v -0.648317 -0.0315385 1.10923
v -0.646182 -0.0321572 1.10901
v -0.643785 -0.0325576 1.10887
v -0.666088 -0.0215039 1.11421
v -0.664392 -0.0216437 1.11388
v -0.662851 -0.0220368 1.1135
v -0.661431 -0.0226444 1.11307
v -0.660097 -0.0234274 1.11261
v -0.658813 -0.0243469 1.11213
v -0.657545 -0.0253638 1.11165
v -0.656259 -0.0264393 1.11116
v -0.654918 -0.0275342 1.11069
v -0.653488 -0.0286097 1.11024
v -0.651935 -0.0296266 1.10984
v -0.650223 -0.0305461 1.10948
v -0.648317 -0.0313291 1.10918
v -0.646182 -0.0319367 1.10895
v -0.643785 -0.0323298 1.1088
v -0.666088 -0.021471 1.11428
v -0.664392 -0.0216078 1.11395
v -0.662851 -0.0219926 1.11356
v -0.661431 -0.0225874 1.11312
v -0.660097 -0.023354 1.11265
v -0.658813 -0.0242541 1.11216
v -0.657545 -0.0252497 1.11165
v -0.656259 -0.0263025 1.11114
v -0.654918 -0.0273744 1.11065
v -0.653488 -0.0284272 1.11019
v -0.651935 -0.0294228 1.10976
v -0.650223 -0.0303229 1.10939
v -0.648317 -0.0310895 1.10907
v -0.646182 -0.0316843 1.10883
v -0.643785 -0.0320692 1.10868
v -0.666088 -0.0214348 1.11435
v -0.664392 -0.0215684 1.11401
v -0.662851 -0.0219441 1.11361
v -0.661431 -0.0225249 1.11316
v -0.660097 -0.0232734 1.11267
v -0.658813 -0.0241523 1.11216
v -0.657545 -0.0251244 1.11163
v -0.656259 -0.0261524 1.1111
v -0.654918 -0.027199 1.11059
v -0.653488 -0.028227 1.1101
v -0.651935 -0.029199 1.10965
v -0.650223 -0.0300779 1.10925
v -0.648317 -0.0308264 1.10892
v -0.646182 -0.0314072 1.10867
v -0.643785 -0.031783 1.10851
v -0.666088 -0.0213964 1.1144
v -0.664392 -0.0215265 1.11406
v -0.662851 -0.0218926 1.11366
v -0.661431 -0.0224585 1.11319
v -0.660097 -0.0231877 1.11268
v -0.658813 -0.024044 1.11214
v -0.657545 -0.0249912 1.11159
v -0.656259 -0.0259927 1.11103
v -0.654918 -0.0270125 1.11049
v -0.653488 -0.028014 1.10998
v -0.651935 -0.0289612 1.1095
v -0.650223 -0.0298175 1.10908
v -0.648317 -0.0305467 1.10873
v -0.646182 -0.0311126 1.10847
v -0.643785 -0.0314787 1.1083
v -0.666088 -0.0213566 1.11444
v -0.664392 -0.0214831 1.1141
v -0.662851 -0.0218393 1.11368
v -0.661431 -0.0223897 1.1132
v -0.660097 -0.023099 1.11267
v -0.658813 -0.023932 1.1121
v -0.657545 -0.0248533 1.11152
v -0.656259 -0.0258275 1.11094
v -0.654918 -0.0268195 1.11037
v -0.653488 -0.0277937 1.10982
v -0.651935 -0.028715 1.10932
v -0.650223 -0.029548 1.10888
v -0.648317 -0.0302573 1.10851
v -0.646182 -0.0308077 1.10822
v -0.643785 -0.0311639 1.10804
v -0.666088 -0.0213164 1.11447
v -0.664392 -0.0214393 1.11412
v -0.662851 -0.0217854 1.11369
v -0.661431 -0.0223202 1.11319
v -0.660097 -0.0230095 1.11264
v -0.658813 -0.0238189 1.11205
v -0.657545 -0.024714 1.11143
v -0.656259 -0.0256607 1.11082
v -0.654918 -0.0266245 1.11021
v -0.653488 -0.0275712 1.10964
v -0.651935 -0.0284664 1.10911
v -0.650223 -0.0292758 1.10863
v -0.648317 -0.029965 1.10824
v -0.646182 -0.0304999 1.10794
v -0.643785 -0.0308459 1.10774
v -0.666088 -0.0185398 1.11342
v -0.664392 -0.0184171 1.11306
v -0.664392 -0.0182356 1.11325
v -0.666088 -0.0183749 1.11359
v -0.662851 -0.0180719 1.1126
v -0.662851 -0.0178434 1.11283
v -0.661431 -0.0175384 1.11204
v -0.661431 -0.0172374 1.11236
v -0.660097 -0.0168509 1.11142
v -0.660097 -0.0164564 1.11185
v -0.658813 -0.0160435 1.11075
v -0.658813 -0.0155393 1.1113
v -0.657545 -0.0151506 1.11005
v -0.657545 -0.0145249 1.11074
v -0.656259 -0.0142063 1.10934
v -0.656259 -0.0134522 1.11018
v -0.654918 -0.0132449 1.10864
v -0.654918 -0.0123601 1.10963
v -0.653488 -0.0123006 1.10797
v -0.653488 -0.0112874 1.10911
v -0.651935 -0.0114077 1.10735
v -0.651935 -0.0102731 1.10863
v -0.650223 -0.0106004 1.1068
v -0.650223 -0.00935592 1.1082
v -0.648317 -0.00991282 1.10633
v -0.648317 -0.0085749 1.10784
v -0.646182 -0.00937934 1.10598
v -0.646182 -0.00796889 1.10757
v -0.643785 -0.00903415 1.10575
v -0.643785 -0.00757676 1.1074
v -0.666088 -0.0187203 1.11329
v -0.664392 -0.0186151 1.11291
v -0.662851 -0.0183193 1.1124
v -0.661431 -0.017862 1.11177
v -0.660097 -0.0172728 1.11106
v -0.658813 -0.0165808 1.11028
v -0.657545 -0.0158155 1.10946
v -0.656259 -0.0150062 1.10862
v -0.654918 -0.0141822 1.10779
v -0.653488 -0.0133729 1.107
v -0.651935 -0.0126075 1.10626
v -0.650223 -0.0119156 1.10559
v -0.648317 -0.0113263 1.10504
v -0.646182 -0.0108691 1.10461
v -0.643785 -0.0105732 1.10434
v -0.666088 -0.0189143 1.11318
v -0.664392 -0.0188274 1.11279
v -0.662851 -0.0185829 1.11224
v -0.661431 -0.018205 1.11155
v -0.660097 -0.017718 1.11076
v -0.658813 -0.0171462 1.10989
v -0.657545 -0.0165137 1.10897
v -0.656259 -0.0158449 1.10803
v -0.654918 -0.0151639 1.10709
v -0.653488 -0.0144951 1.10619
v -0.651935 -0.0138626 1.10535
v -0.650223 -0.0132908 1.10459
v -0.648317 -0.0128038 1.10396
v -0.646182 -0.0124259 1.10347
v -0.643785 -0.0121814 1.10316
v -0.666088 -0.0191196 1.1131
v -0.664392 -0.0190515 1.1127
v -0.662851 -0.01886 1.11212
v -0.661431 -0.0185641 1.11138
v -0.660097 -0.0181826 1.11053
v -0.658813 -0.0177348 1.10958
v -0.657545 -0.0172394 1.10858
v -0.656259 -0.0167155 1.10755
v -0.654918 -0.0161822 1.10653
v -0.653488 -0.0156583 1.10554
v -0.651935 -0.015163 1.10462
v -0.650223 -0.0147151 1.10379
v -0.648317 -0.0143337 1.1031
v -0.646182 -0.0140377 1.10256
v -0.643785 -0.0138462 1.10222
v -0.666088 -0.019334 1.11304
v -0.664392 -0.0192852 1.11263
v -0.662851 -0.019148 1.11203
v -0.661431 -0.0189359 1.11126
v -0.660097 -0.0186626 1.11036
v -0.658813 -0.0183416 1.10936
v -0.657545 -0.0179866 1.10829
v -0.656259 -0.0176112 1.1072
v -0.654918 -0.017229 1.10611
v -0.653488 -0.0168536 1.10506
v -0.651935 -0.0164986 1.10407
v -0.650223 -0.0161776 1.1032
v -0.648317 -0.0159043 1.10245
v -0.646182 -0.0156922 1.10188
v -0.643785 -0.015555 1.10151
v -0.666088 -0.0195553 1.11301
v -0.664392 -0.0195262 1.11259
v -0.662851 -0.0194441 1.11197
v -0.661431 -0.0193172 1.11118
v -0.660097 -0.0191538 1.11024
v -0.658813 -0.0189618 1.10921
v -0.657545 -0.0187495 1.10811
v -0.656259 -0.018525 1.10697
v -0.654918 -0.0182964 1.10583
v -0.653488 -0.0180718 1.10474
v -0.651935 -0.0178595 1.10371
v -0.650223 -0.0176675 1.1028
v -0.648317 -0.0175041 1.10202
v -0.646182 -0.0173772 1.10143
v -0.643785 -0.0172951 1.10104
v -0.666088 -0.0197815 1.113
v -0.664392 -0.0197721 1.11258
v -0.662851 -0.0197457 1.11195
v -0.661431 -0.0197048 1.11114
v -0.660097 -0.0196522 1.11019
v -0.658813 -0.0195905 1.10914
v -0.657545 -0.0195222 1.10801
v -0.656259 -0.0194499 1.10686
v -0.654918 -0.0193764 1.1057
v -0.653488 -0.0193041 1.10458
v -0.651935 -0.0192358 1.10353
v -0.650223 -0.019174 1.1026
v -0.648317 -0.0191214 1.10181
v -0.646182 -0.0190806 1.1012
v -0.643785 -0.0190542 1.10081
v -0.666088 -0.0200102 1.11301
v -0.664392 -0.0200206 1.11259
v -0.662851 -0.02005 1.11196
v -0.661431 -0.0200954 1.11115
v -0.660097 -0.020154 1.1102
v -0.658813 -0.0202227 1.10915
v -0.657545 -0.0202987 1.10802
v -0.656259 -0.0203791 1.10686
v -0.654918 -0.020461 1.1057
v -0.653488 -0.0205414 1.10458
v -0.651935 -0.0206174 1.10354
v -0.650223 -0.0206862 1.1026
v -0.648317 -0.0207447 1.10181
v -0.646182 -0.0207902 1.1012
v -0.643785 -0.0208196 1.10081
v -0.666088 -0.0202392 1.11304
v -0.664392 -0.0202694 1.11263
v -0.662851 -0.0203544 1.112
v -0.661431 -0.0204857 1.11121
v -0.660097 -0.0206549 1.11027
v -0.658813 -0.0208536 1.10923
v -0.657545 -0.0210733 1.10813
v -0.656259 -0.0213057 1.10699
v -0.654918 -0.0215423 1.10585
v -0.653488 -0.0217747 1.10475
v -0.651935 -0.0219945 1.10372
v -0.650223 -0.0221932 1.1028
v -0.648317 -0.0223624 1.10203
v -0.646182 -0.0224937 1.10143
v -0.643785 -0.0225786 1.10104
v -0.666088 -0.0204665 1.11309
v -0.664392 -0.0205163 1.11268
v -0.662851 -0.0206562 1.11207
v -0.661431 -0.0208724 1.1113
v -0.660097 -0.021151 1.1104
v -0.658813 -0.0214782 1.10939
v -0.657545 -0.0218401 1.10833
v -0.656259 -0.0222228 1.10723
v -0.654918 -0.0226124 1.10613
v -0.653488 -0.0229951 1.10508
v -0.651935 -0.023357 1.10409
v -0.650223 -0.0236842 1.1032
v -0.648317 -0.0239628 1.10246
v -0.646182 -0.024179 1.10188
v -0.643785 -0.0243189 1.10151
v -0.666088 -0.0206899 1.11316
v -0.664392 -0.0207588 1.11276
v -0.662851 -0.0209526 1.11217
v -0.661431 -0.0212522 1.11144
v -0.660097 -0.0216383 1.11058
v -0.658813 -0.0220916 1.10963
v -0.657545 -0.0225931 1.10862
v -0.656259 -0.0231233 1.10759
v -0.654918 -0.0236632 1.10656
v -0.653488 -0.0241935 1.10556
v -0.651935 -0.0246949 1.10463
v -0.650223 -0.0251483 1.1038
v -0.648317 -0.0255344 1.10311
v -0.646182 -0.0258339 1.10257
v -0.643785 -0.0260278 1.10222
v -0.666088 -0.0209071 1.11324
v -0.664392 -0.0209946 1.11285
v -0.662851 -0.0212411 1.1123
v -0.661431 -0.0216219 1.11161
v -0.660097 -0.0221127 1.11081
v -0.658813 -0.022689 1.10994
v -0.657545 -0.0233264 1.10901
v -0.656259 -0.0240005 1.10806
v -0.654918 -0.0246868 1.10712
v -0.653488 -0.0253609 1.10621
v -0.651935 -0.0259983 1.10536
v -0.650223 -0.0265747 1.10461
v -0.648317 -0.0270654 1.10397
v -0.646182 -0.0274463 1.10348
v -0.643785 -0.0276927 1.10316
v -0.666088 -0.0211159 1.11334
v -0.664392 -0.0212216 1.11297
v -0.662851 -0.0215188 1.11245
v -0.661431 -0.0219782 1.11183
v -0.660097 -0.0225702 1.11111
v -0.658813 -0.0232654 1.11032
v -0.657545 -0.0240343 1.1095
v -0.656259 -0.0248474 1.10865
v -0.654918 -0.0256752 1.10782
v -0.653488 -0.0264884 1.10702
v -0.651935 -0.0272573 1.10627
v -0.650223 -0.0279525 1.1056
v -0.648317 -0.0285445 1.10504
v -0.646182 -0.0290038 1.10461
v -0.643785 -0.0293011 1.10434
v -0.666088 -0.0213143 1.11346
v -0.664392 -0.0214372 1.1131
v -0.662851 -0.0217831 1.11263
v -0.661431 -0.0223178 1.11208
v -0.660097 -0.0230068 1.11145
v -0.658813 -0.0238159 1.11078
v -0.657545 -0.0247107 1.11007
v -0.656259 -0.0256571 1.10936
v -0.654918 -0.0266205 1.10866
v -0.653488 -0.0275669 1.10798
v -0.651935 -0.0284617 1.10736
v -0.650223 -0.0292708 1.1068
v -0.648317 -0.0299598 1.10634
v -0.646182 -0.0304945 1.10598
v -0.643785 -0.0308404 1.10575
v -0.666088 -0.0185588 1.11447
v -0.664392 -0.0184358 1.11412
v -0.662851 -0.0180897 1.11369
v -0.661431 -0.0175549 1.11319
v -0.660097 -0.0168656 1.11264
v -0.658813 -0.0160562 1.11205
v -0.657545 -0.015161 1.11144
v -0.656259 -0.0142143 1.11082
v -0.654918 -0.0132504 1.11021
v -0.653488 -0.0123037 1.10964
v -0.651935 -0.0114085 1.10911
v -0.650223 -0.0105991 1.10863
v -0.648317 -0.00990981 1.10824
v -0.646182 -0.00937497 1.10794
v -0.643785 -0.00902889 1.10774
v -0.666088 -0.0185196 1.11445
v -0.664392 -0.018393 1.1141
v -0.662851 -0.0180368 1.11368
v -0.661431 -0.0174863 1.1132
v -0.660097 -0.0167768 1.11267
v -0.658813 -0.0159438 1.11211
v -0.657545 -0.0150224 1.11153
v -0.656259 -0.014048 1.11094
v -0.654918 -0.0130559 1.11037
v -0.653488 -0.0120815 1.10982
v -0.651935 -0.0111601 1.10932
v -0.650223 -0.0103271 1.10888
v -0.648317 -0.00961761 1.10851
v -0.646182 -0.00906713 1.10822
v -0.643785 -0.00871093 1.10804
v -0.666088 -0.0184811 1.11441
v -0.664392 -0.018351 1.11407
v -0.662851 -0.0179848 1.11366
v -0.661431 -0.0174188 1.11319
v -0.660097 -0.0166893 1.11268
v -0.658813 -0.0158328 1.11215
v -0.657545 -0.0148854 1.11159
v -0.656259 -0.0138836 1.11104
v -0.654918 -0.0128635 1.11049
v -0.653488 -0.0118617 1.10998
v -0.651935 -0.0109143 1.10951
v -0.650223 -0.0100578 1.10909
v -0.648317 -0.00932834 1.10873
v -0.646182 -0.00876235 1.10847
v -0.643785 -0.00839611 1.1083
v -0.666088 -0.0184444 1.11436
v -0.664392 -0.0183108 1.11402
v -0.662851 -0.0179348 1.11362
v -0.661431 -0.0173538 1.11317
v -0.660097 -0.016605 1.11268
v -0.658813 -0.0157257 1.11216
v -0.657545 -0.0147533 1.11164
v -0.656259 -0.0137249 1.11111
v -0.654918 -0.0126778 1.11059
v -0.653488 -0.0116494 1.1101
v -0.651935 -0.0106769 1.10965
v -0.650223 -0.00979763 1.10926
v -0.648317 -0.00904884 1.10892
v -0.646182 -0.00846784 1.10867
v -0.643785 -0.00809189 1.10851
v -0.666088 -0.01841 1.1143
v -0.664392 -0.0182732 1.11397
v -0.662851 -0.0178881 1.11357
v -0.661431 -0.0172929 1.11314
v -0.660097 -0.0165259 1.11266
v -0.658813 -0.0156253 1.11216
v -0.657545 -0.0146291 1.11166
v -0.656259 -0.0135757 1.11115
v -0.654918 -0.0125032 1.11066
v -0.653488 -0.0114498 1.11019
v -0.651935 -0.0104536 1.10977
v -0.650223 -0.00955295 1.10939
v -0.648317 -0.00878596 1.10907
v -0.646182 -0.00819082 1.10883
v -0.643785 -0.00780573 1.10868
v -0.666088 -0.0183789 1.11423
v -0.664392 -0.0182391 1.1139
v -0.662851 -0.0178457 1.11352
v -0.661431 -0.0172376 1.11309
v -0.660097 -0.016454 1.11263
v -0.658813 -0.0155339 1.11215
v -0.657545 -0.0145162 1.11166
v -0.656259 -0.0134399 1.11117
v -0.654918 -0.0123442 1.1107
v -0.653488 -0.011268 1.11025
v -0.651935 -0.0102503 1.10984
v -0.650223 -0.00933011 1.10948
v -0.648317 -0.00854652 1.10918
v -0.646182 -0.00793849 1.10895
v -0.643785 -0.00754507 1.1088
v -0.666088 -0.0183518 1.11415
v -0.664392 -0.0182094 1.11383
v -0.662851 -0.0178087 1.11345
v -0.661431 -0.0171894 1.11303
v -0.660097 -0.0163913 1.11258
v -0.658813 -0.0154541 1.11211
v -0.657545 -0.0144176 1.11164
v -0.656259 -0.0133214 1.11116
v -0.654918 -0.0122054 1.1107
v -0.653488 -0.0111092 1.11027
v -0.651935 -0.0100727 1.10988
v -0.650223 -0.00913547 1.10953
v -0.648317 -0.00833736 1.10924
v -0.646182 -0.00771808 1.10901
v -0.643785 -0.00731737 1.10887
v -0.666088 -0.0183295 1.11408
v -0.664392 -0.018185 1.11375
v -0.662851 -0.0177783 1.11338
v -0.661431 -0.0171497 1.11296
v -0.660097 -0.0163397 1.11252
v -0.658813 -0.0153885 1.11206
v -0.657545 -0.0143364 1.11159
v -0.656259 -0.0132239 1.11113
v -0.654918 -0.0120912 1.11068
v -0.653488 -0.0109786 1.11026
v -0.651935 -0.00992658 1.10987
v -0.650223 -0.00897537 1.10953
v -0.648317 -0.00816532 1.10925
v -0.646182 -0.00753678 1.10903
v -0.643785 -0.00713008 1.10889
v -0.666088 -0.0183128 1.114
v -0.664392 -0.0181667 1.11367
v -0.662851 -0.0177555 1.1133
v -0.661431 -0.0171201 1.11289
v -0.660097 -0.0163012 1.11245
v -0.658813 -0.0153396 1.11199
v -0.657545 -0.014276 1.11153
v -0.656259 -0.0131512 1.11107
v -0.654918 -0.0120061 1.11063
v -0.653488 -0.0108814 1.11021
v -0.651935 -0.0098178 1.10983
v -0.650223 -0.00885617 1.10949
v -0.648317 -0.00803725 1.10921
v -0.646182 -0.00740182 1.109
v -0.643785 -0.00699066 1.10886
v -0.666088 -0.0183025 1.11392
v -0.664392 -0.0181555 1.11359
v -0.662851 -0.0177416 1.11322
v -0.661431 -0.0171021 1.11281
v -0.660097 -0.0162778 1.11237
v -0.658813 -0.0153099 1.11191
v -0.657545 -0.0142394 1.11145
v -0.656259 -0.0131073 1.11099
v -0.654918 -0.0119547 1.11054
v -0.653488 -0.0108226 1.11012
v -0.651935 -0.00975214 1.10974
v -0.650223 -0.00878423 1.1094
v -0.648317 -0.00795997 1.10912
v -0.646182 -0.0073204 1.10891
v -0.643785 -0.00690656 1.10877
v -0.666088 -0.0182995 1.11384
v -0.664392 -0.0181521 1.11351
v -0.662851 -0.0177376 1.11314
v -0.661431 -0.0170971 1.11272
v -0.660097 -0.0162715 1.11227
v -0.658813 -0.015302 1.11181
v -0.657545 -0.0142298 1.11134
v -0.656259 -0.0130959 1.11088
v -0.654918 -0.0119415 1.11043
v -0.653488 -0.0108076 1.11
v -0.651935 -0.00973537 1.10961
v -0.650223 -0.00876591 1.10927
v -0.648317 -0.00794034 1.10898
v -0.646182 -0.00729974 1.10876
v -0.643785 -0.00688524 1.10862
v -0.666088 -0.0183044 1.11376
v -0.664392 -0.0181576 1.11344
v -0.662851 -0.0177447 1.11305
v -0.661431 -0.0171066 1.11263
v -0.660097 -0.0162842 1.11218
v -0.658813 -0.0153185 1.1117
v -0.657545 -0.0142504 1.11122
v -0.656259 -0.0131209 1.11074
v -0.654918 -0.0119709 1.11028
v -0.653488 -0.0108414 1.10984
v -0.651935 -0.00977328 1.10943
v -0.650223 -0.00880757 1.10908
v -0.648317 -0.00798517 1.10878
v -0.646182 -0.00734705 1.10856
v -0.643785 -0.00693414 1.10841
v -0.666088 -0.018318 1.1137
v -0.664392 -0.0181728 1.11337
v -0.662851 -0.0177639 1.11298
v -0.661431 -0.0171322 1.11254
v -0.660097 -0.0163179 1.11207
v -0.658813 -0.0153618 1.11158
v -0.657545 -0.0143043 1.11108
v -0.656259 -0.013186 1.11058
v -0.654918 -0.0120475 1.11009
v -0.653488 -0.0109292 1.10963
v -0.651935 -0.00987167 1.10921
v -0.650223 -0.00891555 1.10884
v -0.648317 -0.00810132 1.10853
v -0.646182 -0.00746953 1.10829
v -0.643785 -0.00706073 1.10814
v -0.666088 -0.0183413 1.11364
v -0.664392 -0.0181984 1.1133
v -0.662851 -0.0177965 1.1129
v -0.661431 -0.0171753 1.11245
v -0.660097 -0.0163747 1.11196
v -0.658813 -0.0154346 1.11145
v -0.657545 -0.0143948 1.11092
v -0.656259 -0.0132952 1.11039
v -0.654918 -0.0121757 1.10988
v -0.653488 -0.0110761 1.10939
v -0.651935 -0.0100363 1.10894
v -0.650223 -0.00909622 1.10855
v -0.648317 -0.00829562 1.10822
v -0.646182 -0.00767441 1.10796
v -0.643785 -0.00727245 1.1078
v -0.726803 -0.0237102 1.11286
v -0.723184 -0.0236771 1.11324
v -0.723184 -0.0243619 1.11307
v -0.726803 -0.0244017 1.11269
v -0.719477 -0.0235841 1.11364
v -0.719477 -0.0242499 1.11348
v -0.715688 -0.0234404 1.11406
v -0.715688 -0.0240767 1.11391
v -0.711822 -0.0232552 1.11447
v -0.711822 -0.0238536 1.11433
v -0.707886 -0.0230377 1.11487
v -0.707886 -0.0235915 1.11474
v -0.703887 -0.0227971 1.11523
v -0.703887 -0.0233017 1.11512
v -0.699831 -0.0225427 1.11554
v -0.699831 -0.0229952 1.11545
v -0.695724 -0.0222837 1.11579
v -0.695724 -0.0226832 1.11572
v -0.691572 -0.0220292 1.11597
v -0.691572 -0.0223767 1.11591
v -0.687383 -0.0217887 1.11604
v -0.687383 -0.0220869 1.116
v -0.683162 -0.0215712 1.11601
v -0.683162 -0.0218249 1.11598
v -0.678915 -0.0213859 1.11585
v -0.678915 -0.0216017 1.11584
v -0.67465 -0.0212422 1.11556
v -0.67465 -0.0214286 1.11555
v -0.670372 -0.0211492 1.1151
v -0.670372 -0.0213165 1.1151
v -0.726803 -0.0230599 1.113
v -0.723185 -0.023033 1.11338
v -0.719477 -0.0229573 1.11378
v -0.715688 -0.0228403 1.11418
v -0.711822 -0.0226894 1.11459
v -0.707886 -0.0225123 1.11497
v -0.703887 -0.0223165 1.11532
v -0.699831 -0.0221093 1.11562
v -0.695724 -0.0218985 1.11586
v -0.691572 -0.0216913 1.11602
v -0.687383 -0.0214954 1.11608
v -0.683162 -0.0213183 1.11604
v -0.678915 -0.0211675 1.11587
v -0.67465 -0.0210505 1.11556
v -0.670372 -0.0209748 1.1151
v -0.726803 -0.0224446 1.11312
v -0.723185 -0.0224233 1.11349
v -0.719477 -0.0223633 1.11389
v -0.715688 -0.0222707 1.11429
v -0.711822 -0.0221514 1.11469
v -0.707886 -0.0220112 1.11506
v -0.703887 -0.0218562 1.1154
v -0.699831 -0.0216923 1.11569
v -0.695724 -0.0215254 1.11591
v -0.691572 -0.0213614 1.11606
v -0.687383 -0.0212064 1.11611
v -0.683162 -0.0210663 1.11606
v -0.678915 -0.0209469 1.11588
v -0.67465 -0.0208543 1.11557
v -0.670372 -0.0207944 1.11511
v -0.726803 -0.0218578 1.11322
v -0.723184 -0.0218417 1.11359
v -0.719477 -0.0217963 1.11398
v -0.715688 -0.0217262 1.11438
v -0.711822 -0.0216359 1.11477
v -0.707886 -0.0215299 1.11513
v -0.703887 -0.0214126 1.11546
v -0.699831 -0.0212885 1.11574
v -0.695724 -0.0211622 1.11596
v -0.691572 -0.0210382 1.11609
v -0.687383 -0.0209208 1.11614
v -0.683162 -0.0208148 1.11607
v -0.678915 -0.0207245 1.11589
v -0.67465 -0.0206544 1.11557
v -0.670372 -0.020609 1.11511
v -0.726803 -0.0212932 1.11329
v -0.723185 -0.021282 1.11366
v -0.719477 -0.0212503 1.11405
v -0.715688 -0.0212012 1.11444
v -0.711822 -0.0211381 1.11482
v -0.707886 -0.0210639 1.11518
v -0.703887 -0.0209818 1.11551
v -0.699831 -0.0208951 1.11578
v -0.695724 -0.0208068 1.11599
v -0.691572 -0.02072 1.11612
v -0.687383 -0.020638 1.11615
v -0.683162 -0.0205638 1.11609
v -0.678915 -0.0205006 1.1159
v -0.67465 -0.0204516 1.11558
v -0.670372 -0.0204199 1.11511
v -0.726803 -0.0207446 1.11334
v -0.723185 -0.0207379 1.11371
v -0.719477 -0.0207191 1.11409
v -0.715688 -0.0206901 1.11448
v -0.711822 -0.0206528 1.11486
v -0.707886 -0.0206089 1.11522
v -0.703887 -0.0205604 1.11554
v -0.699831 -0.0205091 1.11581
v -0.695724 -0.0204568 1.11601
v -0.691572 -0.0204055 1.11613
v -0.687383 -0.020357 1.11617
v -0.683162 -0.0203131 1.11609
v -0.678915 -0.0202757 1.1159
v -0.67465 -0.0202467 1.11558
v -0.670372 -0.020228 1.11511
v -0.726803 -0.0202054 1.11336
v -0.723184 -0.0202032 1.11373
v -0.719477 -0.020197 1.11412
v -0.715688 -0.0201874 1.1145
v -0.711822 -0.020175 1.11488
v -0.707886 -0.0201605 1.11524
v -0.703887 -0.0201445 1.11555
v -0.699831 -0.0201275 1.11582
v -0.695724 -0.0201102 1.11602
v -0.691572 -0.0200932 1.11614
v -0.687383 -0.0200771 1.11617
v -0.683162 -0.0200626 1.1161
v -0.678915 -0.0200503 1.11591
v -0.67465 -0.0200407 1.11558
v -0.670372 -0.0200344 1.11511
v -0.726803 -0.0196694 1.11336
v -0.723184 -0.0196716 1.11373
v -0.719477 -0.0196778 1.11412
v -0.715688 -0.0196874 1.1145
v -0.711822 -0.0196998 1.11488
v -0.707886 -0.0197143 1.11524
v -0.703887 -0.0197304 1.11555
v -0.699831 -0.0197474 1.11582
v -0.695724 -0.0197646 1.11602
v -0.691572 -0.0197816 1.11614
v -0.687383 -0.0197977 1.11617
v -0.683162 -0.0198122 1.1161
v -0.678915 -0.0198246 1.11591
v -0.67465 -0.0198342 1.11558
v -0.670372 -0.0198404 1.11511
v -0.726803 -0.0191303 1.11334
v -0.723185 -0.0191369 1.11371
v -0.719477 -0.0191557 1.11409
v -0.715688 -0.0191847 1.11448
v -0.711822 -0.0192221 1.11486
v -0.707886 -0.0192659 1.11522
v -0.703887 -0.0193145 1.11554
v -0.699831 -0.0193658 1.11581
v -0.695724 -0.019418 1.11601
v -0.691572 -0.0194693 1.11613
v -0.687383 -0.0195179 1.11617
v -0.683162 -0.0195617 1.11609
v -0.678915 -0.0195991 1.1159
v -0.67465 -0.0196281 1.11558
v -0.670372 -0.0196468 1.11511
v -0.726803 -0.0185816 1.11329
v -0.723185 -0.0185929 1.11366
v -0.719477 -0.0186246 1.11405
v -0.715688 -0.0186736 1.11444
v -0.711822 -0.0187368 1.11482
v -0.707886 -0.0188109 1.11518
v -0.703887 -0.018893 1.11551
v -0.699831 -0.0189797 1.11578
v -0.695724 -0.0190681 1.11599
v -0.691572 -0.0191548 1.11612
v -0.687383 -0.0192369 1.11615
v -0.683162 -0.0193111 1.11609
v -0.678915 -0.0193742 1.1159
v -0.67465 -0.0194232 1.11558
v -0.670372 -0.0194549 1.11511
v -0.726803 -0.018017 1.11322
v -0.723185 -0.0180332 1.11359
v -0.719477 -0.0180785 1.11398
v -0.715688 -0.0181486 1.11438
v -0.711822 -0.0182389 1.11477
v -0.707886 -0.018345 1.11513
v -0.703887 -0.0184623 1.11546
v -0.699831 -0.0185863 1.11574
v -0.695724 -0.0187126 1.11596
v -0.691572 -0.0188367 1.11609
v -0.687383 -0.018954 1.11614
v -0.683162 -0.01906 1.11607
v -0.678915 -0.0191504 1.11589
v -0.67465 -0.0192204 1.11557
v -0.670372 -0.0192658 1.11511
v -0.726803 -0.0174303 1.11312
v -0.723185 -0.0174516 1.11349
v -0.719477 -0.0175115 1.11389
v -0.715688 -0.0176041 1.11429
v -0.711822 -0.0177235 1.11469
v -0.707886 -0.0178636 1.11506
v -0.703887 -0.0180186 1.1154
v -0.699831 -0.0181826 1.11569
v -0.695724 -0.0183495 1.11591
v -0.691572 -0.0185134 1.11606
v -0.687383 -0.0186684 1.11611
v -0.683162 -0.0188086 1.11606
v -0.678915 -0.0189279 1.11588
v -0.67465 -0.0190205 1.11557
v -0.670372 -0.0190804 1.11511
v -0.726803 -0.0168149 1.113
v -0.723184 -0.0168418 1.11338
v -0.719477 -0.0169176 1.11378
v -0.715688 -0.0170346 1.11418
v -0.711822 -0.0171854 1.11459
v -0.707886 -0.0173625 1.11497
v -0.703887 -0.0175584 1.11532
v -0.699831 -0.0177655 1.11562
v -0.695724 -0.0179764 1.11586
v -0.691572 -0.0181835 1.11602
v -0.687383 -0.0183794 1.11608
v -0.683162 -0.0185565 1.11604
v -0.678915 -0.0187073 1.11587
v -0.67465 -0.0188243 1.11556
v -0.670372 -0.0189 1.1151
v -0.726803 -0.0161647 1.11286
v -0.723185 -0.0161977 1.11324
v -0.719477 -0.0162907 1.11364
v -0.715688 -0.0164344 1.11406
v -0.711822 -0.0166197 1.11447
v -0.707886 -0.0168372 1.11487
v -0.703887 -0.0170778 1.11523
v -0.699831 -0.0173322 1.11554
v -0.695724 -0.0175912 1.11579
v -0.691572 -0.0178456 1.11597
v -0.687383 -0.0180861 1.11604
v -0.683162 -0.0183037 1.11601
v -0.678915 -0.0184889 1.11585
v -0.67465 -0.0186326 1.11556
v -0.670372 -0.0187256 1.1151
v -0.726803 -0.0154731 1.11269
v -0.723185 -0.0155129 1.11307
v -0.719477 -0.015625 1.11348
v -0.715688 -0.0157981 1.11391
v -0.711822 -0.0160213 1.11433
v -0.707886 -0.0162833 1.11474
v -0.703887 -0.0165731 1.11512
v -0.699831 -0.0168796 1.11545
v -0.695724 -0.0171916 1.11572
v -0.691572 -0.0174981 1.11591
v -0.687383 -0.0177879 1.116
v -0.683162 -0.01805 1.11598
v -0.678915 -0.0182731 1.11584
v -0.67465 -0.0184463 1.11555
v -0.670372 -0.0185583 1.1151
v -0.726803 -0.0245684 1.11089
v -0.723184 -0.0245298 1.11128
v -0.723184 -0.0243647 1.1113
v -0.726803 -0.0244017 1.11091
v -0.719477 -0.0244211 1.11172
v -0.719477 -0.0242607 1.11174
v -0.715688 -0.0242533 1.1122
v -0.715688 -0.0240999 1.11221
v -0.711822 -0.0240369 1.1127
v -0.711822 -0.0238927 1.1127
v -0.707886 -0.0237828 1.11319
v -0.707886 -0.0236494 1.11319
v -0.703887 -0.0235018 1.11365
v -0.703887 -0.0233803 1.11365
v -0.699831 -0.0232047 1.11408
v -0.699831 -0.0230957 1.11407
v -0.695724 -0.0229021 1.11444
v -0.695724 -0.0228059 1.11442
v -0.691572 -0.0226049 1.11472
v -0.691572 -0.0225213 1.1147
v -0.687383 -0.0223239 1.1149
v -0.687383 -0.0222522 1.11488
v -0.683162 -0.0220699 1.11496
v -0.683162 -0.0220089 1.11493
v -0.678915 -0.0218535 1.11488
v -0.678915 -0.0218017 1.11485
v -0.67465 -0.0216856 1.11465
v -0.67465 -0.0216409 1.11461
v -0.670372 -0.021577 1.11424
v -0.670372 -0.0215369 1.1142
v -0.726803 -0.0247112 1.11092
v -0.723184 -0.0246711 1.11131
v -0.719477 -0.0245584 1.11175
v -0.715688 -0.024384 1.11223
v -0.711822 -0.0241594 1.11273
v -0.707886 -0.0238956 1.11322
v -0.703887 -0.0236038 1.11369
v -0.699831 -0.0232953 1.11412
v -0.695724 -0.0229811 1.11448
v -0.691572 -0.0226726 1.11476
v -0.687383 -0.0223808 1.11495
v -0.683162 -0.022117 1.11501
v -0.678916 -0.0218923 1.11493
v -0.67465 -0.021718 1.1147
v -0.670372 -0.0216052 1.11429
v -0.726803 -0.0248303 1.11099
v -0.723184 -0.0247889 1.11138
v -0.719478 -0.0246724 1.11182
v -0.715688 -0.0244924 1.1123
v -0.711822 -0.0242604 1.1128
v -0.707886 -0.0239879 1.11329
v -0.703887 -0.0236866 1.11376
v -0.699831 -0.0233679 1.11418
v -0.695724 -0.0230435 1.11455
v -0.691573 -0.0227249 1.11483
v -0.687383 -0.0224235 1.11501
v -0.683162 -0.0221511 1.11508
v -0.678916 -0.0219191 1.115
v -0.67465 -0.021739 1.11476
v -0.670372 -0.0216226 1.11435
v -0.726803 -0.0249255 1.11109
v -0.723184 -0.024883 1.11148
v -0.719478 -0.0247633 1.11192
v -0.715688 -0.0245783 1.1124
v -0.711822 -0.02434 1.11289
v -0.707887 -0.0240601 1.11338
v -0.703887 -0.0237505 1.11385
v -0.699831 -0.0234231 1.11427
v -0.695724 -0.0230898 1.11463
v -0.691573 -0.0227624 1.11491
v -0.687383 -0.0224528 1.11509
v -0.683162 -0.0221729 1.11515
v -0.678916 -0.0219345 1.11507
v -0.67465 -0.0217496 1.11484
v -0.670372 -0.0216299 1.11442
v -0.726803 -0.0249969 1.11122
v -0.723185 -0.0249535 1.11161
v -0.719478 -0.0248311 1.11205
v -0.715688 -0.0246421 1.11253
v -0.711822 -0.0243984 1.11302
v -0.707887 -0.0241123 1.1135
v -0.703887 -0.0237958 1.11396
v -0.699831 -0.0234612 1.11438
v -0.695724 -0.0231204 1.11473
v -0.691573 -0.0227858 1.11501
v -0.687383 -0.0224693 1.11518
v -0.683162 -0.0221832 1.11524
v -0.678916 -0.0219395 1.11516
v -0.67465 -0.0217505 1.11492
v -0.670372 -0.0216281 1.1145
v -0.726803 -0.0250446 1.11138
v -0.723185 -0.0250003 1.11176
v -0.719478 -0.0248759 1.1122
v -0.715688 -0.0246836 1.11267
v -0.711822 -0.0244358 1.11316
v -0.707887 -0.0241448 1.11364
v -0.703888 -0.0238229 1.11409
v -0.699831 -0.0234826 1.1145
v -0.695724 -0.023136 1.11485
v -0.691573 -0.0227957 1.11512
v -0.687383 -0.0224738 1.11528
v -0.683162 -0.0221828 1.11533
v -0.678916 -0.021935 1.11525
v -0.67465 -0.0217427 1.115
v -0.670372 -0.0216182 1.11458
v -0.726803 -0.0250684 1.11154
v -0.723185 -0.0250236 1.11193
v -0.719478 -0.0248977 1.11237
v -0.715688 -0.0247031 1.11283
v -0.711822 -0.0244523 1.11331
v -0.707887 -0.0241579 1.11378
v -0.703888 -0.0238322 1.11423
v -0.699831 -0.0234877 1.11463
v -0.695724 -0.023137 1.11497
v -0.691573 -0.0227926 1.11523
v -0.687384 -0.0224669 1.11539
v -0.683162 -0.0221724 1.11543
v -0.678916 -0.0219216 1.11534
v -0.674651 -0.0217271 1.11509
v -0.670372 -0.0216011 1.11467
v -0.726803 -0.0250684 1.11172
v -0.723185 -0.0250233 1.11211
v -0.719478 -0.0248966 1.11254
v -0.715688 -0.0247007 1.113
v -0.711822 -0.0244482 1.11347
v -0.707887 -0.0241517 1.11394
v -0.703888 -0.0238238 1.11437
v -0.699831 -0.0234771 1.11476
v -0.695724 -0.023124 1.11509
v -0.691573 -0.0227773 1.11534
v -0.687384 -0.0224494 1.11549
v -0.683162 -0.0221529 1.11553
v -0.678916 -0.0219004 1.11543
v -0.674651 -0.0217045 1.11517
v -0.670373 -0.0215778 1.11475
v -0.726803 -0.0250446 1.1119
v -0.723185 -0.0249995 1.11229
v -0.719478 -0.0248725 1.11272
v -0.715688 -0.0246763 1.11317
v -0.711822 -0.0244235 1.11364
v -0.707887 -0.0241266 1.11409
v -0.703888 -0.0237983 1.11452
v -0.699831 -0.023451 1.1149
v -0.695724 -0.0230975 1.11522
v -0.691573 -0.0227502 1.11546
v -0.687384 -0.0224219 1.1156
v -0.683163 -0.022125 1.11562
v -0.678916 -0.0218722 1.11552
v -0.674651 -0.021676 1.11526
v -0.670373 -0.0215491 1.11483
v -0.726803 -0.0249969 1.11208
v -0.723185 -0.024952 1.11246
v -0.719478 -0.0248256 1.11289
v -0.715688 -0.0246302 1.11334
v -0.711822 -0.0243785 1.11379
v -0.707887 -0.0240828 1.11424
v -0.703888 -0.0237558 1.11466
v -0.699831 -0.02341 1.11503
v -0.695724 -0.0230579 1.11534
v -0.691573 -0.0227121 1.11557
v -0.687384 -0.0223851 1.1157
v -0.683163 -0.0220895 1.11571
v -0.678916 -0.0218377 1.1156
v -0.674651 -0.0216423 1.11533
v -0.670373 -0.0215159 1.1149
v -0.726803 -0.0249255 1.11225
v -0.723185 -0.024881 1.11263
v -0.719478 -0.0247559 1.11305
v -0.715688 -0.0245625 1.1135
v -0.711822 -0.0243132 1.11394
v -0.707887 -0.0240205 1.11438
v -0.703888 -0.0236968 1.11479
v -0.699831 -0.0233544 1.11515
v -0.695724 -0.0230059 1.11545
v -0.691573 -0.0226635 1.11567
v -0.687384 -0.0223398 1.11579
v -0.683162 -0.0220471 1.1158
v -0.678916 -0.0217978 1.11567
v -0.674651 -0.0216044 1.1154
v -0.670373 -0.0214793 1.11497
v -0.726803 -0.0248303 1.1124
v -0.723185 -0.0247865 1.11278
v -0.719478 -0.0246634 1.1132
v -0.715688 -0.0244732 1.11364
v -0.711822 -0.0242279 1.11408
v -0.707887 -0.02394 1.11451
v -0.703888 -0.0236215 1.1149
v -0.699831 -0.0232848 1.11526
v -0.695724 -0.0229419 1.11555
v -0.691573 -0.0226051 1.11575
v -0.687384 -0.0222866 1.11587
v -0.683162 -0.0219987 1.11587
v -0.678916 -0.0217535 1.11574
v -0.674651 -0.0215632 1.11546
v -0.670373 -0.0214401 1.11502
v -0.726803 -0.0247112 1.11253
v -0.723185 -0.0246685 1.11291
v -0.719478 -0.0245482 1.11332
v -0.715688 -0.0243623 1.11376
v -0.711822 -0.0241228 1.11419
v -0.707887 -0.0238415 1.11461
v -0.703888 -0.0235304 1.115
v -0.699831 -0.0232014 1.11535
v -0.695724 -0.0228664 1.11563
v -0.691573 -0.0225374 1.11583
v -0.687383 -0.0222263 1.11593
v -0.683162 -0.021945 1.11592
v -0.678916 -0.0217054 1.11579
v -0.67465 -0.0215196 1.11551
v -0.670372 -0.0213993 1.11506
v -0.726803 -0.0245684 1.11263
v -0.723185 -0.0245269 1.11301
v -0.719478 -0.0244104 1.11342
v -0.715688 -0.0242302 1.11385
v -0.711822 -0.0239979 1.11428
v -0.707887 -0.0237253 1.11469
v -0.703887 -0.0234237 1.11508
v -0.699831 -0.0231047 1.11541
v -0.695724 -0.02278 1.11569
v -0.691573 -0.0224611 1.11588
v -0.687383 -0.0221595 1.11598
v -0.683162 -0.0218868 1.11596
v -0.678916 -0.0216546 1.11582
v -0.67465 -0.0214744 1.11554
v -0.670372 -0.0213578 1.11509
v -0.726803 -0.0161647 1.11107
v -0.723184 -0.0161949 1.11146
v -0.723185 -0.0155101 1.1113
v -0.726803 -0.0154731 1.11091
v -0.719477 -0.0162801 1.11189
v -0.719477 -0.0156141 1.11174
v -0.715688 -0.0164117 1.11235
v -0.715688 -0.0157749 1.11221
v -0.711822 -0.0165813 1.11281
v -0.711822 -0.0159821 1.1127
v -0.707886 -0.0167804 1.11327
v -0.707886 -0.0162254 1.11319
v -0.703887 -0.0170007 1.1137
v -0.703887 -0.0164946 1.11365
v -0.699831 -0.0172336 1.11409
v -0.699831 -0.0167791 1.11407
v -0.695724 -0.0174708 1.11441
v -0.695724 -0.0170689 1.11442
v -0.691572 -0.0177037 1.11465
v -0.691572 -0.0173535 1.1147
v -0.687383 -0.017924 1.1148
v -0.687383 -0.0176226 1.11488
v -0.683162 -0.0181231 1.11483
v -0.683162 -0.0178659 1.11493
v -0.678915 -0.0182927 1.11472
v -0.678915 -0.0180731 1.11485
v -0.67465 -0.0184243 1.11446
v -0.67465 -0.0182339 1.11461
v -0.670372 -0.0185095 1.11404
v -0.670372 -0.0183379 1.1142
v -0.726803 -0.0168149 1.11122
v -0.723185 -0.0168392 1.1116
v -0.719477 -0.0169075 1.11202
v -0.715688 -0.0170131 1.11246
v -0.711822 -0.0171491 1.11291
v -0.707886 -0.0173089 1.11334
v -0.703887 -0.0174856 1.11375
v -0.699831 -0.0176725 1.1141
v -0.695724 -0.0178627 1.1144
v -0.691572 -0.0180496 1.11462
v -0.687383 -0.0182263 1.11473
v -0.683162 -0.0183861 1.11474
v -0.678916 -0.0185221 1.11461
v -0.67465 -0.0186277 1.11434
v -0.670372 -0.018696 1.1139
v -0.726803 -0.0174303 1.11134
v -0.723185 -0.0174492 1.11171
v -0.719478 -0.0175024 1.11213
v -0.715688 -0.0175846 1.11256
v -0.711822 -0.0176906 1.11299
v -0.707886 -0.017815 1.1134
v -0.703887 -0.0179526 1.11378
v -0.699831 -0.0180982 1.11412
v -0.695724 -0.0182464 1.11439
v -0.691573 -0.0183919 1.11459
v -0.687383 -0.0185295 1.11468
v -0.683162 -0.018654 1.11467
v -0.678916 -0.0187599 1.11453
v -0.67465 -0.0188422 1.11424
v -0.670372 -0.0188954 1.1138
v -0.726803 -0.018017 1.11143
v -0.723185 -0.0180311 1.11181
v -0.719478 -0.0180706 1.11221
v -0.715688 -0.0181317 1.11263
v -0.711822 -0.0182104 1.11305
v -0.707887 -0.0183029 1.11345
v -0.703887 -0.0184051 1.11382
v -0.699831 -0.0185133 1.11414
v -0.695724 -0.0186234 1.11439
v -0.691573 -0.0187315 1.11457
v -0.687383 -0.0188337 1.11465
v -0.683162 -0.0189262 1.11462
v -0.678916 -0.0190049 1.11447
v -0.67465 -0.019066 1.11417
v -0.670372 -0.0191055 1.11372
v -0.726803 -0.0185816 1.1115
v -0.723185 -0.0185912 1.11188
v -0.719478 -0.0186182 1.11228
v -0.715688 -0.0186598 1.11269
v -0.711822 -0.0187136 1.1131
v -0.707887 -0.0187767 1.11349
v -0.703887 -0.0188464 1.11384
v -0.699831 -0.0189202 1.11415
v -0.695724 -0.0189954 1.11439
v -0.691573 -0.0190691 1.11456
v -0.687383 -0.0191389 1.11463
v -0.683162 -0.019202 1.11459
v -0.678916 -0.0192557 1.11442
v -0.67465 -0.0192974 1.11412
v -0.670372 -0.0193244 1.11366
v -0.726803 -0.0191303 1.11155
v -0.723185 -0.0191357 1.11192
v -0.719478 -0.0191509 1.11232
v -0.715688 -0.0191745 1.11273
v -0.711822 -0.0192048 1.11313
v -0.707887 -0.0192405 1.11352
v -0.703888 -0.0192799 1.11386
v -0.699831 -0.0193216 1.11416
v -0.695724 -0.019364 1.1144
v -0.691573 -0.0194057 1.11455
v -0.687383 -0.0194451 1.11461
v -0.683162 -0.0194808 1.11457
v -0.678916 -0.0195111 1.1144
v -0.67465 -0.0195347 1.11409
v -0.670372 -0.0195499 1.11363
v -0.726803 -0.0196694 1.11157
v -0.723185 -0.0196709 1.11195
v -0.719478 -0.0196749 1.11234
v -0.715688 -0.0196811 1.11275
v -0.711822 -0.0196891 1.11315
v -0.707887 -0.0196985 1.11353
v -0.703888 -0.0197089 1.11387
v -0.699831 -0.0197199 1.11417
v -0.695724 -0.019731 1.1144
v -0.691573 -0.019742 1.11455
v -0.687384 -0.0197524 1.11461
v -0.683162 -0.0197618 1.11456
v -0.678916 -0.0197698 1.11439
v -0.674651 -0.019776 1.11408
v -0.670372 -0.01978 1.11362
v -0.726803 -0.0202054 1.11157
v -0.723185 -0.0202029 1.11195
v -0.719478 -0.0201959 1.11235
v -0.715688 -0.0201851 1.11275
v -0.711822 -0.0201712 1.11315
v -0.707887 -0.0201548 1.11353
v -0.703888 -0.0201367 1.11388
v -0.699831 -0.0201175 1.11417
v -0.695724 -0.020098 1.11441
v -0.691573 -0.0200789 1.11456
v -0.687384 -0.0200608 1.11462
v -0.683162 -0.0200444 1.11457
v -0.678916 -0.0200305 1.1144
v -0.674651 -0.0200196 1.11409
v -0.670373 -0.0200126 1.11363
v -0.726803 -0.0207446 1.11155
v -0.723185 -0.0207381 1.11192
v -0.719478 -0.02072 1.11232
v -0.715688 -0.020692 1.11273
v -0.711822 -0.0206559 1.11314
v -0.707887 -0.0206136 1.11352
v -0.703888 -0.0205667 1.11387
v -0.699831 -0.0205171 1.11418
v -0.695724 -0.0204667 1.11441
v -0.691573 -0.0204171 1.11457
v -0.687384 -0.0203703 1.11464
v -0.683163 -0.0203279 1.11459
v -0.678916 -0.0202918 1.11443
v -0.674651 -0.0202638 1.11412
v -0.670373 -0.0202457 1.11366
v -0.726803 -0.0212932 1.1115
v -0.723185 -0.0212827 1.11188
v -0.719478 -0.0212531 1.11228
v -0.715688 -0.0212073 1.1127
v -0.711822 -0.0211482 1.11311
v -0.707887 -0.0210789 1.1135
v -0.703888 -0.0210022 1.11386
v -0.699831 -0.0209212 1.11417
v -0.695724 -0.0208386 1.11442
v -0.691573 -0.0207575 1.11459
v -0.687384 -0.0206809 1.11466
v -0.683163 -0.0206116 1.11463
v -0.678916 -0.0205525 1.11447
v -0.674651 -0.0205067 1.11417
v -0.670373 -0.0204771 1.11371
v -0.726803 -0.0218578 1.11143
v -0.723185 -0.0218429 1.11181
v -0.719478 -0.021801 1.11222
v -0.715688 -0.0217363 1.11264
v -0.711822 -0.0216529 1.11306
v -0.707887 -0.021555 1.11347
v -0.703888 -0.0214467 1.11384
v -0.699831 -0.0213321 1.11416
v -0.695724 -0.0212155 1.11443
v -0.691573 -0.021101 1.11461
v -0.687384 -0.0209927 1.11469
v -0.683162 -0.0208947 1.11467
v -0.678916 -0.0208113 1.11452
v -0.674651 -0.0207466 1.11423
v -0.670373 -0.0207048 1.11378
v -0.726803 -0.0224446 1.11134
v -0.723185 -0.022425 1.11172
v -0.719478 -0.0223699 1.11213
v -0.715688 -0.0222847 1.11256
v -0.711822 -0.0221749 1.113
v -0.707887 -0.022046 1.11342
v -0.703888 -0.0219034 1.11381
v -0.699831 -0.0217526 1.11415
v -0.695724 -0.0215991 1.11443
v -0.691573 -0.0214483 1.11463
v -0.687384 -0.0213057 1.11473
v -0.683162 -0.0211768 1.11472
v -0.678916 -0.021067 1.11459
v -0.674651 -0.0209818 1.11431
v -0.670373 -0.0209267 1.11386
v -0.726803 -0.0230599 1.11122
v -0.723185 -0.0230351 1.1116
v -0.719478 -0.0229654 1.11202
v -0.715688 -0.0228577 1.11247
v -0.711822 -0.0227189 1.11292
v -0.707887 -0.0225559 1.11336
v -0.703888 -0.0223756 1.11377
v -0.699831 -0.022185 1.11413
v -0.695724 -0.0219909 1.11443
v -0.691573 -0.0218002 1.11465
v -0.687383 -0.0216199 1.11478
v -0.683162 -0.0214569 1.11479
v -0.678916 -0.0213181 1.11466
v -0.67465 -0.0212104 1.1144
v -0.670372 -0.0211407 1.11396
v -0.726803 -0.0237102 1.11107
v -0.723185 -0.0236796 1.11146
v -0.719478 -0.0235938 1.11189
v -0.715688 -0.023461 1.11235
v -0.711822 -0.0232899 1.11282
v -0.707887 -0.023089 1.11328
v -0.703887 -0.0228668 1.11371
v -0.699831 -0.0226318 1.1141
v -0.695724 -0.0223926 1.11443
v -0.691573 -0.0221576 1.11468
v -0.687383 -0.0219354 1.11482
v -0.683162 -0.0217345 1.11486
v -0.678916 -0.0215634 1.11475
v -0.67465 -0.0214307 1.1145
v -0.670372 -0.0213448 1.11407
v -0.726803 -0.0153065 1.11263
v -0.723185 -0.0153479 1.11301
v -0.719478 -0.0154645 1.11342
v -0.715688 -0.0156447 1.11385
v -0.711822 -0.0158769 1.11428
v -0.707887 -0.0161497 1.11469
v -0.703887 -0.0164513 1.11508
v -0.699831 -0.0167703 1.11541
v -0.695724 -0.017095 1.11569
v -0.691573 -0.017414 1.11588
v -0.687383 -0.0177156 1.11598
v -0.683162 -0.0179883 1.11596
v -0.678916 -0.0182206 1.11582
v -0.67465 -0.0184008 1.11554
v -0.670372 -0.0185174 1.11509
v -0.726803 -0.0151636 1.11253
v -0.723185 -0.0152064 1.11291
v -0.719478 -0.0153267 1.11332
v -0.715688 -0.0155126 1.11376
v -0.711822 -0.0157523 1.11419
v -0.707887 -0.0160337 1.11461
v -0.703888 -0.0163449 1.115
v -0.699831 -0.016674 1.11535
v -0.695724 -0.0170091 1.11563
v -0.691573 -0.0173383 1.11583
v -0.687384 -0.0176495 1.11593
v -0.683162 -0.0179309 1.11593
v -0.678916 -0.0181705 1.11579
v -0.674651 -0.0183565 1.11551
v -0.670372 -0.0184768 1.11507
v -0.726803 -0.0150446 1.1124
v -0.723185 -0.0150883 1.11278
v -0.719478 -0.0152116 1.1132
v -0.715688 -0.015402 1.11364
v -0.711822 -0.0156474 1.11408
v -0.707887 -0.0159355 1.11451
v -0.703888 -0.0162542 1.11491
v -0.699832 -0.0165913 1.11526
v -0.695725 -0.0169344 1.11555
v -0.691573 -0.0172715 1.11576
v -0.687384 -0.0175902 1.11587
v -0.683163 -0.0178783 1.11587
v -0.678916 -0.0181237 1.11574
v -0.674651 -0.0183141 1.11547
v -0.670373 -0.0184374 1.11503
v -0.726803 -0.0149493 1.11225
v -0.723185 -0.0149939 1.11263
v -0.719478 -0.0151192 1.11305
v -0.715688 -0.0153128 1.1135
v -0.711822 -0.0155624 1.11395
v -0.707887 -0.0158554 1.11438
v -0.703888 -0.0161796 1.11479
v -0.699832 -0.0165224 1.11515
v -0.695725 -0.0168713 1.11545
v -0.691573 -0.0172141 1.11567
v -0.687384 -0.0175382 1.11579
v -0.683163 -0.0178313 1.1158
v -0.678916 -0.0180809 1.11568
v -0.674651 -0.0182745 1.11541
v -0.670373 -0.0183998 1.11497
v -0.726803 -0.0148779 1.11208
v -0.723185 -0.0149229 1.11246
v -0.719478 -0.0150495 1.11289
v -0.715688 -0.0152452 1.11334
v -0.711822 -0.0154975 1.1138
v -0.707887 -0.0157936 1.11424
v -0.703888 -0.0161212 1.11466
v -0.699832 -0.0164676 1.11503
v -0.695725 -0.0168203 1.11534
v -0.691573 -0.0171667 1.11557
v -0.687384 -0.0174943 1.11571
v -0.683163 -0.0177905 1.11572
v -0.678916 -0.0180427 1.11561
v -0.674651 -0.0182384 1.11534
v -0.670373 -0.018365 1.11491
v -0.726803 -0.0148303 1.1119
v -0.723185 -0.0148755 1.11229
v -0.719478 -0.0150027 1.11272
v -0.715688 -0.0151993 1.11317
v -0.711822 -0.0154527 1.11364
v -0.707887 -0.0157503 1.11409
v -0.703888 -0.0160794 1.11452
v -0.699832 -0.0164274 1.11491
v -0.695725 -0.0167818 1.11523
v -0.691574 -0.0171298 1.11547
v -0.687384 -0.0174589 1.11561
v -0.683163 -0.0177564 1.11564
v -0.678916 -0.0180098 1.11553
v -0.674651 -0.0182065 1.11527
v -0.670373 -0.0183337 1.11484
v -0.726803 -0.0148065 1.11172
v -0.723185 -0.0148516 1.11211
v -0.719478 -0.0149787 1.11254
v -0.715688 -0.0151752 1.113
v -0.711822 -0.0154283 1.11348
v -0.707887 -0.0157256 1.11394
v -0.703888 -0.0160544 1.11438
v -0.699832 -0.0164021 1.11477
v -0.695725 -0.0167561 1.1151
v -0.691574 -0.0171038 1.11536
v -0.687384 -0.0174326 1.11551
v -0.683163 -0.0177299 1.11554
v -0.678916 -0.0179831 1.11544
v -0.674651 -0.0181795 1.11519
v -0.670373 -0.0183066 1.11477
v -0.726803 -0.0148065 1.11154
v -0.723185 -0.0148514 1.11193
v -0.719478 -0.0149777 1.11237
v -0.715688 -0.0151729 1.11284
v -0.711822 -0.0154244 1.11332
v -0.707887 -0.0157198 1.11379
v -0.703888 -0.0160466 1.11424
v -0.699832 -0.0163921 1.11464
v -0.695725 -0.0167439 1.11498
v -0.691574 -0.0170894 1.11524
v -0.687384 -0.0174161 1.1154
v -0.683163 -0.0177115 1.11545
v -0.678916 -0.0179631 1.11536
v -0.674651 -0.0181583 1.11511
v -0.670373 -0.0182846 1.11469
v -0.726803 -0.0148303 1.11138
v -0.723185 -0.0148746 1.11176
v -0.719478 -0.0149995 1.1122
v -0.715688 -0.0151925 1.11268
v -0.711822 -0.0154411 1.11316
v -0.707887 -0.0157332 1.11364
v -0.703888 -0.0160561 1.1141
v -0.699832 -0.0163977 1.11451
v -0.695725 -0.0167454 1.11486
v -0.691574 -0.017087 1.11513
v -0.687384 -0.0174099 1.1153
v -0.683163 -0.017702 1.11535
v -0.678916 -0.0179506 1.11527
v -0.674651 -0.0181436 1.11502
v -0.670373 -0.0182685 1.11461
v -0.726803 -0.0148779 1.11122
v -0.723185 -0.0149215 1.11161
v -0.719478 -0.0150443 1.11205
v -0.715688 -0.0152341 1.11253
v -0.711822 -0.0154786 1.11302
v -0.707887 -0.0157658 1.11351
v -0.703888 -0.0160834 1.11397
v -0.699832 -0.0164192 1.11439
v -0.695725 -0.0167612 1.11475
v -0.691573 -0.0170971 1.11502
v -0.687384 -0.0174147 1.1152
v -0.683163 -0.0177018 1.11526
v -0.678916 -0.0179464 1.11518
v -0.674651 -0.0181361 1.11494
v -0.670373 -0.0182589 1.11453
v -0.726803 -0.0149493 1.11109
v -0.723185 -0.014992 1.11148
v -0.719478 -0.0151121 1.11192
v -0.715688 -0.0152977 1.1124
v -0.711822 -0.015537 1.1129
v -0.707887 -0.0158179 1.11339
v -0.703888 -0.0161286 1.11386
v -0.699832 -0.0164571 1.11428
v -0.695725 -0.0167916 1.11465
v -0.691573 -0.0171202 1.11493
v -0.687384 -0.0174309 1.11511
v -0.683163 -0.0177118 1.11517
v -0.678916 -0.017951 1.1151
v -0.674651 -0.0181367 1.11486
v -0.670373 -0.0182568 1.11445
v -0.726803 -0.0150446 1.11099
v -0.723185 -0.0150861 1.11138
v -0.719478 -0.015203 1.11182
v -0.715688 -0.0153836 1.1123
v -0.711822 -0.0156164 1.1128
v -0.707887 -0.0158897 1.11329
v -0.703888 -0.016192 1.11376
v -0.699832 -0.0165117 1.11419
v -0.695725 -0.0168372 1.11456
v -0.691573 -0.0171569 1.11484
v -0.687384 -0.0174592 1.11503
v -0.683163 -0.0177326 1.11509
v -0.678916 -0.0179653 1.11502
v -0.674651 -0.018146 1.11478
v -0.670373 -0.0182628 1.11437
v -0.726803 -0.0151636 1.11092
v -0.723185 -0.0152038 1.11131
v -0.719478 -0.0153169 1.11175
v -0.715688 -0.0154917 1.11223
v -0.711822 -0.0157169 1.11273
v -0.707887 -0.0159814 1.11322
v -0.703888 -0.016274 1.1137
v -0.699831 -0.0165833 1.11412
v -0.695724 -0.0168983 1.11449
v -0.691573 -0.0172077 1.11477
v -0.687384 -0.0175002 1.11496
v -0.683162 -0.0177647 1.11502
v -0.678916 -0.01799 1.11495
v -0.674651 -0.0181648 1.11472
v -0.670372 -0.0182778 1.11431
v -0.726803 -0.0153065 1.11089
v -0.723185 -0.0153451 1.11128
v -0.719478 -0.0154539 1.11172
v -0.715688 -0.0156221 1.1122
v -0.711822 -0.0158388 1.1127
v -0.707887 -0.0160933 1.11319
v -0.703887 -0.0163747 1.11366
v -0.699831 -0.0166724 1.11408
v -0.695724 -0.0169754 1.11444
v -0.691573 -0.017273 1.11473
v -0.687383 -0.0175545 1.11491
v -0.683162 -0.017809 1.11497
v -0.678916 -0.0180257 1.11489
v -0.67465 -0.0181938 1.11466
v -0.670372 -0.0183026 1.11425
v -0.740989 -0.0207445 1.11092
v -0.740989 -0.0209276 1.11092
v -0.741088 -0.0199374 1.11091
v -0.740713 -0.0214293 1.11097
v -0.740713 -0.0217639 1.11096
v -0.740275 -0.0220021 1.11104
v -0.740275 -0.0224589 1.11102
v -0.739685 -0.0224727 1.11114
v -0.739685 -0.0230253 1.11111
v -0.738956 -0.022851 1.11125
v -0.738956 -0.0234758 1.11121
v -0.738101 -0.0231466 1.11139
v -0.738101 -0.0238231 1.11133
v -0.737133 -0.0233695 1.11154
v -0.737133 -0.02408 1.11146
v -0.736064 -0.0235295 1.1117
v -0.736064 -0.0242591 1.1116
v -0.734907 -0.0236363 1.11186
v -0.734907 -0.0243731 1.11176
v -0.733673 -0.0236997 1.11204
v -0.733673 -0.0244348 1.11191
v -0.732376 -0.0237296 1.11221
v -0.732376 -0.0244567 1.11207
v -0.731028 -0.0237358 1.11238
v -0.731028 -0.0244517 1.11223
v -0.729641 -0.0237281 1.11255
v -0.729641 -0.0244324 1.11239
v -0.728229 -0.0237163 1.11271
v -0.728229 -0.0244115 1.11255
v -0.740989 -0.0205841 1.11092
v -0.740713 -0.0211346 1.11098
v -0.740275 -0.0215978 1.11106
v -0.739685 -0.0219813 1.11116
v -0.738956 -0.0222924 1.11129
v -0.738101 -0.0225386 1.11144
v -0.737133 -0.0227273 1.1116
v -0.736064 -0.022866 1.11177
v -0.734907 -0.022962 1.11196
v -0.733673 -0.0230229 1.11214
v -0.732376 -0.0230561 1.11233
v -0.731028 -0.0230689 1.11251
v -0.729641 -0.0230689 1.11269
v -0.728229 -0.0230634 1.11285
v -0.740989 -0.0204429 1.11093
v -0.740713 -0.0208734 1.11098
v -0.740275 -0.0212378 1.11107
v -0.739685 -0.0215414 1.11118
v -0.738956 -0.0217898 1.11132
v -0.738101 -0.0219884 1.11148
v -0.737133 -0.0221428 1.11165
v -0.736064 -0.0222584 1.11184
v -0.734907 -0.0223408 1.11203
v -0.733673 -0.0223954 1.11223
v -0.732376 -0.0224277 1.11243
v -0.731028 -0.0224434 1.11262
v -0.729641 -0.0224477 1.1128
v -0.728229 -0.0224463 1.11297
v -0.740989 -0.0203171 1.11093
v -0.740713 -0.0206396 1.11099
v -0.740275 -0.0209138 1.11108
v -0.739685 -0.0211435 1.1112
v -0.738956 -0.0213328 1.11135
v -0.738101 -0.0214854 1.11151
v -0.737133 -0.0216053 1.1117
v -0.736064 -0.0216965 1.11189
v -0.734907 -0.0217628 1.1121
v -0.733673 -0.0218081 1.1123
v -0.732376 -0.0218364 1.1125
v -0.731028 -0.0218517 1.1127
v -0.729641 -0.0218577 1.11289
v -0.728229 -0.0218584 1.11306
v -0.740989 -0.0202032 1.11093
v -0.740713 -0.0204269 1.11099
v -0.740275 -0.0206177 1.11109
v -0.739685 -0.0207782 1.11121
v -0.738956 -0.0209111 1.11137
v -0.738101 -0.021019 1.11154
v -0.737133 -0.0211044 1.11173
v -0.736064 -0.02117 1.11193
v -0.734907 -0.0212183 1.11214
v -0.733673 -0.0212521 1.11235
v -0.732376 -0.0212739 1.11256
v -0.731028 -0.0212863 1.11277
v -0.729641 -0.0212919 1.11296
v -0.728229 -0.0212933 1.11313
v -0.740989 -0.0200975 1.11093
v -0.740713 -0.0202289 1.11099
v -0.740275 -0.0203412 1.11109
v -0.739685 -0.0204359 1.11122
v -0.738956 -0.0205145 1.11138
v -0.738101 -0.0205785 1.11156
v -0.737133 -0.0206294 1.11175
v -0.736064 -0.0206686 1.11196
v -0.734907 -0.0206978 1.11217
v -0.733673 -0.0207183 1.11239
v -0.732376 -0.0207318 1.1126
v -0.731028 -0.0207396 1.11281
v -0.729641 -0.0207434 1.113
v -0.728229 -0.0207445 1.11318
v -0.740989 -0.0199963 1.11093
v -0.740713 -0.0200394 1.11099
v -0.740275 -0.0200762 1.11109
v -0.739685 -0.0201071 1.11123
v -0.738956 -0.0201327 1.11138
v -0.738101 -0.0201534 1.11156
v -0.737133 -0.0201697 1.11176
v -0.736064 -0.0201822 1.11197
v -0.734907 -0.0201914 1.11219
v -0.733673 -0.0201978 1.11241
v -0.732376 -0.0202019 1.11262
v -0.731028 -0.0202042 1.11283
v -0.729641 -0.0202052 1.11303
v -0.728229 -0.0202054 1.1132
v -0.740989 -0.019896 1.11093
v -0.740713 -0.0198522 1.11099
v -0.740275 -0.0198144 1.11109
v -0.739685 -0.0197823 1.11123
v -0.738956 -0.0197552 1.11138
v -0.738101 -0.0197329 1.11156
v -0.737133 -0.0197148 1.11176
v -0.736064 -0.0197005 1.11197
v -0.734907 -0.0196896 1.11219
v -0.733673 -0.0196816 1.11241
v -0.732376 -0.019676 1.11262
v -0.731028 -0.0196725 1.11283
v -0.729641 -0.0196705 1.11303
v -0.728229 -0.0196696 1.1132
v -0.740989 -0.0197929 1.11093
v -0.740713 -0.0196609 1.11099
v -0.740275 -0.0195477 1.11109
v -0.739685 -0.0194519 1.11122
v -0.738956 -0.019372 1.11138
v -0.738101 -0.0193065 1.11156
v -0.737133 -0.0192541 1.11175
v -0.736064 -0.0192133 1.11196
v -0.734907 -0.0191826 1.11217
v -0.733673 -0.0191606 1.11239
v -0.732376 -0.0191458 1.1126
v -0.731028 -0.0191369 1.11281
v -0.729641 -0.0191322 1.113
v -0.728229 -0.0191305 1.11318
v -0.740989 -0.0196834 1.11093
v -0.740713 -0.0194593 1.11099
v -0.740275 -0.0192678 1.11109
v -0.739685 -0.0191064 1.11121
v -0.738956 -0.0189725 1.11137
v -0.738101 -0.0188636 1.11154
v -0.737133 -0.018777 1.11173
v -0.736064 -0.0187103 1.11193
v -0.734907 -0.0186607 1.11214
v -0.733673 -0.0186258 1.11235
v -0.732376 -0.0186031 1.11256
v -0.731028 -0.0185898 1.11277
v -0.729641 -0.0185835 1.11296
v -0.728229 -0.0185817 1.11313
v -0.740989 -0.0195638 1.11093
v -0.740713 -0.0192411 1.11099
v -0.740275 -0.0189666 1.11108
v -0.739685 -0.0187364 1.1112
v -0.738956 -0.0185467 1.11135
v -0.738101 -0.0183935 1.11151
v -0.737133 -0.0182729 1.1117
v -0.736064 -0.0181812 1.11189
v -0.734907 -0.0181143 1.1121
v -0.733673 -0.0180683 1.1123
v -0.732376 -0.0180395 1.1125
v -0.731028 -0.0180238 1.1127
v -0.729641 -0.0180175 1.11289
v -0.728229 -0.0180165 1.11306
v -0.740989 -0.0194306 1.11093
v -0.740713 -0.019 1.11098
v -0.740275 -0.0186358 1.11107
v -0.739685 -0.0183323 1.11118
v -0.738956 -0.018084 1.11132
v -0.738101 -0.0178855 1.11148
v -0.737133 -0.0177313 1.11165
v -0.736064 -0.0176158 1.11184
v -0.734907 -0.0175336 1.11203
v -0.733673 -0.0174791 1.11223
v -0.732376 -0.0174468 1.11243
v -0.731028 -0.0174313 1.11262
v -0.729641 -0.0174271 1.1128
v -0.728229 -0.0174286 1.11297
v -0.741088 -0.0199249 1.11091
v -0.740989 -0.0192799 1.11092
v -0.740713 -0.0187299 1.11098
v -0.740275 -0.0182672 1.11106
v -0.739685 -0.0178845 1.11116
v -0.738956 -0.0175743 1.11129
v -0.738101 -0.0173292 1.11144
v -0.737133 -0.0171415 1.1116
v -0.736064 -0.0170039 1.11177
v -0.734907 -0.016909 1.11196
v -0.733673 -0.0168491 1.11214
v -0.732376 -0.0168169 1.11233
v -0.731028 -0.0168048 1.11251
v -0.729641 -0.0168054 1.11269
v -0.728229 -0.0168113 1.11285
v -0.741088 -0.0199146 1.11091
v -0.740989 -0.0191083 1.11092
v -0.740713 -0.0184243 1.11097
v -0.740275 -0.0178527 1.11104
v -0.739685 -0.0173837 1.11114
v -0.738956 -0.0170073 1.11125
v -0.738101 -0.0167137 1.11139
v -0.737133 -0.016493 1.11154
v -0.736064 -0.0163353 1.1117
v -0.734907 -0.0162307 1.11186
v -0.733673 -0.0161693 1.11204
v -0.732376 -0.0161413 1.11221
v -0.731028 -0.0161367 1.11238
v -0.729641 -0.0161456 1.11255
v -0.728229 -0.0161583 1.11271
v -0.741088 -0.0199017 1.11091
v -0.740989 -0.018912 1.11092
v -0.740713 -0.018077 1.11096
v -0.740275 -0.017384 1.11102
v -0.739685 -0.0168201 1.11111
v -0.738956 -0.0163726 1.11121
v -0.738101 -0.0160286 1.11133
v -0.737133 -0.0157752 1.11146
v -0.736064 -0.0155997 1.1116
v -0.734907 -0.0154891 1.11176
v -0.733673 -0.0154308 1.11191
v -0.732376 -0.0154118 1.11207
v -0.731028 -0.0154194 1.11223
v -0.729641 -0.0154407 1.11239
v -0.728229 -0.0154629 1.11255
v -0.741088 -0.0199727 1.10914
v -0.740989 -0.0210081 1.10916
v -0.740989 -0.0209629 1.10914
v -0.740713 -0.0218806 1.1092
v -0.740713 -0.0217979 1.10918
v -0.740275 -0.0226038 1.10926
v -0.740275 -0.0224909 1.10924
v -0.739685 -0.0231911 1.10934
v -0.739685 -0.0230547 1.10932
v -0.738956 -0.0236562 1.10944
v -0.738956 -0.0235022 1.10943
v -0.738101 -0.0240127 1.10955
v -0.738101 -0.0238463 1.10954
v -0.737133 -0.024274 1.10968
v -0.737133 -0.0240997 1.10968
v -0.736064 -0.0244538 1.10982
v -0.736064 -0.0242752 1.10982
v -0.734907 -0.0245656 1.10997
v -0.734907 -0.0243857 1.10997
v -0.733673 -0.0246229 1.11012
v -0.733673 -0.024444 1.11013
v -0.732376 -0.0246395 1.11028
v -0.732376 -0.024463 1.11029
v -0.731028 -0.0246287 1.11043
v -0.731028 -0.0244554 1.11045
v -0.729641 -0.0246042 1.11059
v -0.729641 -0.0244341 1.11061
v -0.728229 -0.0245796 1.11074
v -0.728229 -0.024412 1.11076
v -0.741088 -0.0199714 1.10921
v -0.740989 -0.021046 1.10922
v -0.740713 -0.0219507 1.10926
v -0.740275 -0.0226998 1.10932
v -0.739685 -0.0233073 1.1094
v -0.738956 -0.0237875 1.10949
v -0.738101 -0.0241547 1.1096
v -0.737133 -0.0244229 1.10973
v -0.736064 -0.0246064 1.10986
v -0.734907 -0.0247194 1.11001
v -0.733673 -0.024776 1.11016
v -0.732376 -0.0247906 1.11031
v -0.731028 -0.0247771 1.11046
v -0.729641 -0.02475 1.11062
v -0.728229 -0.0247233 1.11077
v -0.741088 -0.0199694 1.10931
v -0.740989 -0.0210767 1.10932
v -0.740713 -0.0220083 1.10936
v -0.740275 -0.022779 1.10941
v -0.739685 -0.0234034 1.10949
v -0.738956 -0.0238963 1.10958
v -0.738101 -0.0242724 1.10969
v -0.737133 -0.0245465 1.10981
v -0.736064 -0.0247332 1.10995
v -0.734907 -0.0248473 1.11009
v -0.733673 -0.0249034 1.11023
v -0.732376 -0.0249163 1.11038
v -0.731028 -0.0249008 1.11054
v -0.729641 -0.0248714 1.11069
v -0.728229 -0.024843 1.11084
v -0.741088 -0.0199669 1.10943
v -0.740989 -0.0211003 1.10945
v -0.740713 -0.0220534 1.10948
v -0.740275 -0.0228414 1.10954
v -0.739685 -0.0234794 1.10961
v -0.738956 -0.0239826 1.1097
v -0.738101 -0.024366 1.10981
v -0.737133 -0.0246449 1.10993
v -0.736064 -0.0248342 1.11006
v -0.734907 -0.0249492 1.1102
v -0.733673 -0.025005 1.11034
v -0.732376 -0.0250168 1.11049
v -0.731028 -0.0249995 1.11064
v -0.729641 -0.0249685 1.11079
v -0.728229 -0.0249388 1.11094
v -0.741088 -0.0199639 1.10958
v -0.740989 -0.0211169 1.1096
v -0.740713 -0.0220862 1.10963
v -0.740275 -0.0228873 1.10969
v -0.739685 -0.0235356 1.10976
v -0.738956 -0.0240465 1.10985
v -0.738101 -0.0244355 1.10995
v -0.737133 -0.024718 1.11007
v -0.736064 -0.0249095 1.1102
v -0.734907 -0.0250253 1.11034
v -0.733673 -0.025081 1.11048
v -0.732376 -0.0250919 1.11063
v -0.731028 -0.0250735 1.11078
v -0.729641 -0.0250413 1.11093
v -0.728229 -0.0250106 1.11108
v -0.741088 -0.0199606 1.10975
v -0.740989 -0.0211267 1.10976
v -0.740713 -0.0221068 1.1098
v -0.740275 -0.0229167 1.10985
v -0.739685 -0.023572 1.10992
v -0.738956 -0.0240882 1.11001
v -0.738101 -0.024481 1.11012
v -0.737133 -0.0247661 1.11023
v -0.736064 -0.0249591 1.11036
v -0.734907 -0.0250756 1.11049
v -0.733673 -0.0251313 1.11064
v -0.732376 -0.0251417 1.11078
v -0.731028 -0.0251227 1.11093
v -0.729641 -0.0250897 1.11108
v -0.728229 -0.0250585 1.11123
v -0.741088 -0.0199571 1.10993
v -0.740989 -0.0211297 1.10994
v -0.740713 -0.0221154 1.10997
v -0.740275 -0.0229298 1.11002
v -0.739685 -0.0235886 1.1101
v -0.738956 -0.0241076 1.11019
v -0.738101 -0.0245025 1.11029
v -0.737133 -0.0247891 1.1104
v -0.736064 -0.024983 1.11053
v -0.734907 -0.0251 1.11067
v -0.733673 -0.0251559 1.11081
v -0.732376 -0.0251664 1.11095
v -0.731028 -0.0251471 1.1111
v -0.729641 -0.0251138 1.11125
v -0.728229 -0.0250824 1.1114
v -0.741088 -0.0199535 1.1101
v -0.740989 -0.0211262 1.11012
v -0.740713 -0.022112 1.11015
v -0.740275 -0.0229266 1.1102
v -0.739685 -0.0235857 1.11028
v -0.738956 -0.024105 1.11036
v -0.738101 -0.0245002 1.11047
v -0.737133 -0.0247871 1.11058
v -0.736064 -0.0249814 1.11071
v -0.734907 -0.0250988 1.11084
v -0.733673 -0.025155 1.11099
v -0.732376 -0.0251657 1.11113
v -0.731028 -0.0251467 1.11128
v -0.729641 -0.0251137 1.11143
v -0.728229 -0.0250823 1.11158
v -0.741088 -0.01995 1.11028
v -0.740989 -0.0211162 1.11029
v -0.740713 -0.0220968 1.11032
v -0.740275 -0.0229073 1.11038
v -0.739685 -0.0235632 1.11045
v -0.738956 -0.0240803 1.11054
v -0.738101 -0.0244741 1.11064
v -0.737133 -0.0247603 1.11076
v -0.736064 -0.0249543 1.11089
v -0.734907 -0.0250718 1.11102
v -0.733673 -0.0251285 1.11116
v -0.732376 -0.0251399 1.11131
v -0.731028 -0.0251216 1.11146
v -0.729641 -0.0250892 1.11161
v -0.728229 -0.0250583 1.11176
v -0.741088 -0.0199467 1.11044
v -0.740989 -0.0210999 1.11046
v -0.740713 -0.0220699 1.11049
v -0.740275 -0.0228719 1.11055
v -0.739685 -0.0235214 1.11062
v -0.738956 -0.0240338 1.11071
v -0.738101 -0.0244244 1.11081
v -0.737133 -0.0247086 1.11093
v -0.736064 -0.0249017 1.11106
v -0.734907 -0.0250193 1.1112
v -0.733673 -0.0250765 1.11134
v -0.732376 -0.0250889 1.11149
v -0.731028 -0.0250717 1.11164
v -0.729641 -0.0250404 1.11179
v -0.728229 -0.0250104 1.11194
v -0.741088 -0.0199437 1.11059
v -0.740989 -0.0210774 1.11061
v -0.740713 -0.0220314 1.11064
v -0.740275 -0.0228207 1.1107
v -0.739685 -0.0234603 1.11077
v -0.738956 -0.0239654 1.11086
v -0.738101 -0.024351 1.11097
v -0.737133 -0.0246321 1.11109
v -0.736064 -0.0248238 1.11122
v -0.734907 -0.0249411 1.11136
v -0.733673 -0.024999 1.1115
v -0.732376 -0.0250127 1.11165
v -0.731028 -0.0249971 1.1118
v -0.729641 -0.0249674 1.11195
v -0.728229 -0.0249385 1.1121
v -0.741088 -0.0199411 1.11072
v -0.740989 -0.0210488 1.11073
v -0.740713 -0.0219814 1.11077
v -0.740275 -0.0227536 1.11083
v -0.739685 -0.0233801 1.1109
v -0.738956 -0.0238754 1.111
v -0.738101 -0.0242541 1.11111
v -0.737133 -0.0245309 1.11123
v -0.736064 -0.0247205 1.11136
v -0.734907 -0.0248373 1.1115
v -0.733673 -0.0248961 1.11165
v -0.732376 -0.0249114 1.1118
v -0.731028 -0.0248978 1.11195
v -0.729641 -0.02487 1.1121
v -0.728229 -0.0248427 1.11225
v -0.741088 -0.0199392 1.11082
v -0.740989 -0.0210142 1.11083
v -0.740713 -0.0219201 1.11087
v -0.740275 -0.0226709 1.11093
v -0.739685 -0.0232807 1.11101
v -0.738956 -0.0237637 1.1111
v -0.738101 -0.0241338 1.11122
v -0.737133 -0.0244052 1.11134
v -0.736064 -0.0245919 1.11148
v -0.734907 -0.024708 1.11162
v -0.733673 -0.0247677 1.11177
v -0.732376 -0.0247849 1.11192
v -0.731028 -0.0247738 1.11208
v -0.729641 -0.0247484 1.11223
v -0.728229 -0.0247229 1.11238
v -0.741088 -0.0199379 1.11088
v -0.740989 -0.0209738 1.1109
v -0.740713 -0.0218475 1.11094
v -0.740275 -0.0225726 1.111
v -0.739685 -0.0231624 1.11108
v -0.738956 -0.0236304 1.11118
v -0.738101 -0.0239901 1.11129
v -0.737133 -0.0242548 1.11142
v -0.736064 -0.0244381 1.11156
v -0.734907 -0.0245533 1.11171
v -0.733673 -0.0246139 1.11186
v -0.732376 -0.0246334 1.11202
v -0.731028 -0.0246251 1.11217
v -0.729641 -0.0246025 1.11233
v -0.728229 -0.0245792 1.11248
v -0.740989 -0.0190964 1.10914
v -0.740989 -0.018912 1.10914
v -0.741088 -0.0199017 1.10912
v -0.740713 -0.0184129 1.10918
v -0.740713 -0.018077 1.10918
v -0.740275 -0.0178419 1.10926
v -0.740275 -0.017384 1.10924
v -0.739685 -0.0173738 1.10935
v -0.739685 -0.0168201 1.10932
v -0.738956 -0.0169984 1.10947
v -0.738956 -0.0163726 1.10943
v -0.738101 -0.0167059 1.1096
v -0.738101 -0.0160286 1.10954
v -0.737133 -0.0164864 1.10975
v -0.737133 -0.0157752 1.10968
v -0.736064 -0.0163299 1.10991
v -0.736064 -0.0155997 1.10982
v -0.734907 -0.0162265 1.11008
v -0.734907 -0.0154891 1.10997
v -0.733673 -0.0161662 1.11025
v -0.733673 -0.0154308 1.11013
v -0.732376 -0.0161392 1.11042
v -0.732376 -0.0154118 1.11029
v -0.731028 -0.0161354 1.1106
v -0.731028 -0.0154194 1.11045
v -0.729641 -0.0161451 1.11076
v -0.729641 -0.0154407 1.11061
v -0.728229 -0.0161581 1.11092
v -0.728229 -0.0154629 1.11076
v -0.740989 -0.0192605 1.10914
v -0.740713 -0.0187111 1.10919
v -0.740275 -0.0182495 1.10927
v -0.739685 -0.0178683 1.10938
v -0.738956 -0.0175597 1.10951
v -0.738101 -0.0173164 1.10965
v -0.737133 -0.0171307 1.10982
v -0.736064 -0.0169951 1.10999
v -0.734907 -0.016902 1.11017
v -0.733673 -0.016844 1.11036
v -0.732376 -0.0168134 1.11054
v -0.731028 -0.0168028 1.11072
v -0.729641 -0.0168045 1.1109
v -0.728229 -0.0168111 1.11107
v -0.740989 -0.0194072 1.10914
v -0.740713 -0.0189775 1.1092
v -0.740275 -0.0186145 1.10928
v -0.739685 -0.0183127 1.1094
v -0.738956 -0.0180665 1.10954
v -0.738101 -0.0178702 1.1097
v -0.737133 -0.0177183 1.10987
v -0.736064 -0.0176051 1.11005
v -0.734907 -0.0175252 1.11025
v -0.733673 -0.0174729 1.11044
v -0.732376 -0.0174427 1.11064
v -0.731028 -0.0174289 1.11083
v -0.729641 -0.0174259 1.11101
v -0.728229 -0.0174283 1.11118
v -0.741088 -0.0199142 1.10912
v -0.740989 -0.0195397 1.10914
v -0.740713 -0.0192178 1.1092
v -0.740275 -0.0189447 1.10929
v -0.739685 -0.0187162 1.10941
v -0.738956 -0.0185285 1.10956
v -0.738101 -0.0183776 1.10973
v -0.737133 -0.0182595 1.10991
v -0.736064 -0.0181702 1.11011
v -0.734907 -0.0181057 1.11031
v -0.733673 -0.018062 1.11051
v -0.732376 -0.0180352 1.11072
v -0.731028 -0.0180213 1.11092
v -0.729641 -0.0180163 1.1111
v -0.728229 -0.0180162 1.11128
v -0.740989 -0.0196612 1.10914
v -0.740713 -0.0194379 1.1092
v -0.740275 -0.0192477 1.1093
v -0.739685 -0.0190879 1.10943
v -0.738956 -0.0189559 1.10958
v -0.738101 -0.018849 1.10975
v -0.737133 -0.0187647 1.10994
v -0.736064 -0.0187001 1.11015
v -0.734907 -0.0186528 1.11036
v -0.733673 -0.01862 1.11057
v -0.732376 -0.0185991 1.11078
v -0.731028 -0.0185875 1.11098
v -0.729641 -0.0185824 1.11117
v -0.728229 -0.0185814 1.11135
v -0.741088 -0.0199269 1.10912
v -0.740989 -0.0197748 1.10914
v -0.740713 -0.0196435 1.10921
v -0.740275 -0.0195313 1.10931
v -0.739685 -0.0194368 1.10944
v -0.738956 -0.0193584 1.10959
v -0.738101 -0.0192947 1.10977
v -0.737133 -0.0192441 1.10997
v -0.736064 -0.0192051 1.11017
v -0.734907 -0.0191762 1.11039
v -0.733673 -0.0191558 1.1106
v -0.732376 -0.0191426 1.11082
v -0.731028 -0.019135 1.11102
v -0.729641 -0.0191313 1.11122
v -0.728229 -0.0191303 1.11139
v -0.740989 -0.0198838 1.10914
v -0.740713 -0.0198404 1.10921
v -0.740275 -0.0198033 1.10931
v -0.739685 -0.0197721 1.10944
v -0.738956 -0.0197461 1.1096
v -0.738101 -0.0197249 1.10978
v -0.737133 -0.019708 1.10998
v -0.736064 -0.019695 1.11019
v -0.734907 -0.0196853 1.1104
v -0.733673 -0.0196784 1.11062
v -0.732376 -0.0196738 1.11084
v -0.731028 -0.0196712 1.11104
v -0.729641 -0.0196699 1.11124
v -0.728229 -0.0196695 1.11142
v -0.740989 -0.0199911 1.10914
v -0.740713 -0.0200344 1.10921
v -0.740275 -0.0200715 1.10931
v -0.739685 -0.0201028 1.10944
v -0.738956 -0.0201288 1.1096
v -0.738101 -0.02015 1.10978
v -0.737133 -0.0201668 1.10998
v -0.736064 -0.0201799 1.11019
v -0.734907 -0.0201896 1.1104
v -0.733673 -0.0201965 1.11062
v -0.732376 -0.020201 1.11084
v -0.731028 -0.0202037 1.11104
v -0.729641 -0.020205 1.11124
v -0.728229 -0.0202054 1.11142
v -0.741088 -0.019948 1.10912
v -0.740989 -0.0201 1.10914
v -0.740713 -0.0202314 1.10921
v -0.740275 -0.0203435 1.10931
v -0.739685 -0.020438 1.10944
v -0.738956 -0.0205164 1.10959
v -0.738101 -0.0205802 1.10977
v -0.737133 -0.0206308 1.10997
v -0.736064 -0.0206698 1.11017
v -0.734907 -0.0206987 1.11039
v -0.733673 -0.020719 1.1106
v -0.732376 -0.0207322 1.11082
v -0.731028 -0.0207399 1.11102
v -0.729641 -0.0207435 1.11122
v -0.728229 -0.0207445 1.11139
v -0.740989 -0.0202137 1.10914
v -0.740713 -0.020437 1.1092
v -0.740275 -0.0206272 1.1093
v -0.739685 -0.020787 1.10943
v -0.738956 -0.020919 1.10958
v -0.738101 -0.0210258 1.10975
v -0.737133 -0.0211102 1.10994
v -0.736064 -0.0211747 1.11015
v -0.734907 -0.021222 1.11036
v -0.733673 -0.0212548 1.11057
v -0.732376 -0.0212757 1.11078
v -0.731028 -0.0212874 1.11098
v -0.729641 -0.0212924 1.11117
v -0.728229 -0.0212935 1.11135
v -0.741088 -0.0199606 1.10912
v -0.740989 -0.0203352 1.10914
v -0.740713 -0.020657 1.1092
v -0.740275 -0.0209302 1.10929
v -0.739685 -0.0211586 1.10941
v -0.738956 -0.0213463 1.10956
v -0.738101 -0.0214972 1.10973
v -0.737133 -0.0216154 1.10991
v -0.736064 -0.0217047 1.11011
v -0.734907 -0.0217692 1.11031
v -0.733673 -0.0218128 1.11051
v -0.732376 -0.0218396 1.11072
v -0.731028 -0.0218536 1.11092
v -0.729641 -0.0218586 1.1111
v -0.728229 -0.0218586 1.11128
v -0.740989 -0.0204677 1.10914
v -0.740713 -0.0208974 1.1092
v -0.740275 -0.0212603 1.10928
v -0.739685 -0.0215621 1.1094
v -0.738956 -0.0218084 1.10954
v -0.738101 -0.0220047 1.1097
v -0.737133 -0.0221566 1.10987
v -0.736064 -0.0222697 1.11005
v -0.734907 -0.0223496 1.11025
v -0.733673 -0.0224019 1.11044
v -0.732376 -0.0224322 1.11064
v -0.731028 -0.022446 1.11083
v -0.729641 -0.0224489 1.11101
v -0.728229 -0.0224466 1.11118
v -0.740989 -0.0206144 1.10914
v -0.740713 -0.0211638 1.10919
v -0.740275 -0.0216253 1.10927
v -0.739685 -0.0220066 1.10938
v -0.738956 -0.0223151 1.10951
v -0.738101 -0.0225585 1.10965
v -0.737133 -0.0227442 1.10982
v -0.736064 -0.0228798 1.10999
v -0.734907 -0.0229728 1.11017
v -0.733673 -0.0230309 1.11036
v -0.732376 -0.0230614 1.11054
v -0.731028 -0.0230721 1.11072
v -0.729641 -0.0230704 1.1109
v -0.728229 -0.0230638 1.11107
v -0.741088 -0.0199722 1.10912
v -0.740989 -0.0207784 1.10914
v -0.740713 -0.021462 1.10918
v -0.740275 -0.0220329 1.10926
v -0.739685 -0.0225011 1.10935
v -0.738956 -0.0228764 1.10947
v -0.738101 -0.0231689 1.1096
v -0.737133 -0.0233884 1.10975
v -0.736064 -0.0235449 1.10991
v -0.734907 -0.0236484 1.11008
v -0.733673 -0.0237086 1.11025
v -0.732376 -0.0237357 1.11042
v -0.731028 -0.0237394 1.1106
v -0.729641 -0.0237298 1.11076
v -0.728229 -0.0237167 1.11092
v -0.741088 -0.0198986 1.11088
v -0.740989 -0.0188632 1.1109
v -0.740713 -0.0179908 1.11094
v -0.740275 -0.0172679 1.111
v -0.739685 -0.0166808 1.11108
v -0.738956 -0.016216 1.11118
v -0.738101 -0.0158599 1.11129
v -0.737133 -0.0155989 1.11142
v -0.736064 -0.0154195 1.11156
v -0.734907 -0.015308 1.11171
v -0.733673 -0.015251 1.11186
v -0.732376 -0.0152348 1.11202
v -0.731028 -0.0152458 1.11217
v -0.729641 -0.0152704 1.11233
v -0.728229 -0.0152952 1.11248
v -0.741088 -0.0198963 1.11082
v -0.740989 -0.0188218 1.11083
v -0.740713 -0.0179174 1.11087
v -0.740275 -0.0171687 1.11093
v -0.739685 -0.0165617 1.11101
v -0.738956 -0.016082 1.1111
v -0.738101 -0.0157156 1.11122
v -0.737133 -0.015448 1.11134
v -0.736064 -0.0152652 1.11148
v -0.734907 -0.015153 1.11162
v -0.733673 -0.015097 1.11177
v -0.732376 -0.015083 1.11192
v -0.731028 -0.015097 1.11208
v -0.729641 -0.0151245 1.11223
v -0.728229 -0.0151515 1.11238
v -0.741088 -0.0198949 1.11072
v -0.740989 -0.0187877 1.11073
v -0.740713 -0.0178565 1.11077
v -0.740275 -0.0170864 1.11083
v -0.739685 -0.0164627 1.1109
v -0.738956 -0.0159707 1.111
v -0.738101 -0.0155956 1.11111
v -0.737133 -0.0153225 1.11123
v -0.736064 -0.0151369 1.11136
v -0.734907 -0.0150239 1.1115
v -0.733673 -0.0149687 1.11165
v -0.732376 -0.0149567 1.1118
v -0.731028 -0.014973 1.11195
v -0.729641 -0.0150029 1.1121
v -0.728229 -0.0150317 1.11225
v -0.741088 -0.019894 1.11059
v -0.740989 -0.0187608 1.11061
v -0.740713 -0.0178082 1.11064
v -0.740275 -0.0170209 1.1107
v -0.739685 -0.0163839 1.11077
v -0.738956 -0.0158819 1.11086
v -0.738101 -0.0154998 1.11097
v -0.737133 -0.0152223 1.11109
v -0.736064 -0.0150344 1.11122
v -0.734907 -0.0149207 1.11136
v -0.733673 -0.0148662 1.1115
v -0.732376 -0.0148556 1.11165
v -0.731028 -0.0148739 1.1118
v -0.729641 -0.0149057 1.11195
v -0.728229 -0.0149359 1.1121
v -0.741088 -0.0198938 1.11044
v -0.740989 -0.018741 1.11046
v -0.740713 -0.0177723 1.11049
v -0.740275 -0.0169721 1.11055
v -0.739685 -0.0163251 1.11062
v -0.738956 -0.0158156 1.11071
v -0.738101 -0.0154282 1.11081
v -0.737133 -0.0151474 1.11093
v -0.736064 -0.0149576 1.11106
v -0.734907 -0.0148435 1.1112
v -0.733673 -0.0147894 1.11134
v -0.732376 -0.0147799 1.11149
v -0.731028 -0.0147995 1.11164
v -0.729641 -0.0148327 1.11179
v -0.728229 -0.014864 1.11194
v -0.741088 -0.019894 1.11028
v -0.740989 -0.0187281 1.11029
v -0.740713 -0.0177487 1.11032
v -0.740275 -0.0169399 1.11038
v -0.739685 -0.0162862 1.11045
v -0.738956 -0.0157717 1.11054
v -0.738101 -0.0153807 1.11064
v -0.737133 -0.0150976 1.11076
v -0.736064 -0.0149067 1.11089
v -0.734907 -0.0147921 1.11102
v -0.733673 -0.0147383 1.11116
v -0.732376 -0.0147295 1.11131
v -0.731028 -0.01475 1.11146
v -0.729641 -0.0147841 1.11161
v -0.728229 -0.0148161 1.11176
v -0.741088 -0.0198946 1.1101
v -0.740989 -0.0187222 1.11012
v -0.740713 -0.0177374 1.11015
v -0.740275 -0.0169243 1.1102
v -0.739685 -0.0162671 1.11028
v -0.738956 -0.0157501 1.11036
v -0.738101 -0.0153573 1.11047
v -0.737133 -0.015073 1.11058
v -0.736064 -0.0148814 1.11071
v -0.734907 -0.0147666 1.11084
v -0.733673 -0.0147129 1.11099
v -0.732376 -0.0147044 1.11113
v -0.731028 -0.0147254 1.11128
v -0.729641 -0.0147599 1.11143
v -0.728229 -0.0147922 1.11158
v -0.741088 -0.0198955 1.10993
v -0.740989 -0.0187231 1.10994
v -0.740713 -0.0177382 1.10997
v -0.740275 -0.0169251 1.11002
v -0.739685 -0.0162679 1.1101
v -0.738956 -0.0157507 1.11019
v -0.738101 -0.0153579 1.11029
v -0.737133 -0.0150735 1.1104
v -0.736064 -0.0148818 1.11053
v -0.734907 -0.0147669 1.11067
v -0.733673 -0.0147131 1.11081
v -0.732376 -0.0147046 1.11095
v -0.731028 -0.0147254 1.1111
v -0.729641 -0.0147599 1.11125
v -0.728229 -0.0147922 1.1114
v -0.741088 -0.0198966 1.10975
v -0.740989 -0.0187307 1.10976
v -0.740713 -0.0177511 1.1098
v -0.740275 -0.0169422 1.10985
v -0.739685 -0.0162883 1.10992
v -0.738956 -0.0157736 1.11001
v -0.738101 -0.0153824 1.11012
v -0.737133 -0.015099 1.11023
v -0.736064 -0.0149078 1.11036
v -0.734907 -0.014793 1.11049
v -0.733673 -0.014739 1.11064
v -0.732376 -0.01473 1.11078
v -0.731028 -0.0147503 1.11093
v -0.729641 -0.0147843 1.11108
v -0.728229 -0.0148162 1.11123
v -0.741088 -0.0198977 1.10958
v -0.740989 -0.0187449 1.1096
v -0.740713 -0.017776 1.10963
v -0.740275 -0.0169757 1.10969
v -0.739685 -0.0163283 1.10976
v -0.738956 -0.0158185 1.10985
v -0.738101 -0.0154308 1.10995
v -0.737133 -0.0151496 1.11007
v -0.736064 -0.0149594 1.1102
v -0.734907 -0.0148449 1.11034
v -0.733673 -0.0147905 1.11048
v -0.732376 -0.0147806 1.11063
v -0.731028 -0.0148 1.11078
v -0.729641 -0.0148329 1.11093
v -0.728229 -0.0148641 1.11108
v -0.741088 -0.0198989 1.10943
v -0.740989 -0.0187656 1.10945
v -0.740713 -0.0178128 1.10948
v -0.740275 -0.0170253 1.10954
v -0.739685 -0.0163879 1.10961
v -0.738956 -0.0158855 1.1097
v -0.738101 -0.0155029 1.10981
v -0.737133 -0.015225 1.10993
v -0.736064 -0.0150366 1.11006
v -0.734907 -0.0149224 1.1102
v -0.733673 -0.0148675 1.11034
v -0.732376 -0.0148565 1.11049
v -0.731028 -0.0148744 1.11064
v -0.729641 -0.0149059 1.11079
v -0.728229 -0.0149359 1.11094
v -0.741088 -0.0199 1.10931
v -0.740989 -0.0187928 1.10932
v -0.740713 -0.0178614 1.10936
v -0.740275 -0.017091 1.10941
v -0.739685 -0.016467 1.10949
v -0.738956 -0.0159745 1.10958
v -0.738101 -0.0155989 1.10969
v -0.737133 -0.0153254 1.10981
v -0.736064 -0.0151392 1.10995
v -0.734907 -0.0150257 1.11009
v -0.733673 -0.01497 1.11023
v -0.732376 -0.0149576 1.11038
v -0.731028 -0.0149735 1.11054
v -0.729641 -0.0150032 1.11069
v -0.728229 -0.0150318 1.11084
v -0.741088 -0.0199009 1.10921
v -0.740989 -0.0188263 1.10922
v -0.740713 -0.0179217 1.10926
v -0.740275 -0.0171728 1.10932
v -0.739685 -0.0165654 1.1094
v -0.738956 -0.0160854 1.10949
v -0.738101 -0.0157185 1.1096
v -0.737133 -0.0154505 1.10973
v -0.736064 -0.0152673 1.10986
v -0.734907 -0.0151546 1.11001
v -0.733673 -0.0150981 1.11016
v -0.732376 -0.0150838 1.11031
v -0.731028 -0.0150974 1.11046
v -0.729641 -0.0151247 1.11062
v -0.728229 -0.0151515 1.11077
v -0.741088 -0.0199015 1.10914
v -0.740989 -0.0188661 1.10916
v -0.740713 -0.0179936 1.1092
v -0.740275 -0.0172705 1.10926
v -0.739685 -0.0166832 1.10934
v -0.738956 -0.0162181 1.10944
v -0.738101 -0.0158618 1.10955
v -0.737133 -0.0156005 1.10968
v -0.736064 -0.0154208 1.10982
v -0.734907 -0.0153091 1.10997
v -0.733673 -0.0152517 1.11012
v -0.732376 -0.0152353 1.11028
v -0.731028 -0.0152461 1.11043
v -0.729641 -0.0152706 1.11059
v -0.728229 -0.0152952 1.11074
f 1 4 3
f 1 3 2
f 2 3 6
f 2 6 5
f 5 6 8
f 5 8 7
f 7 8 10
f 7 10 9
f 9 10 12
f 9 12 11
f 11 12 14
f 11 14 13
f 13 14 16
f 13 16 15
f 15 16 18
f 15 18 17
f 17 18 20
f 17 20 19
f 19 20 22
f 19 22 21
f 21 22 24
f 21 24 23
f 23 24 26
f 23 26 25
f 25 26 28
f 25 28 27
f 27 28 30
f 27 30 29
f 29 30 32
f 29 32 31
f 33 1 2
f 33 2 34
f 34 2 5
f 34 5 35
f 35 5 7
f 35 7 36
f 36 7 9
f 36 9 37
f 37 9 11
f 37 11 38
f 38 11 13
f 38 13 39
f 39 13 15
f 39 15 40
f 40 15 17
f 40 17 41
f 41 17 19
f 41 19 42
f 42 19 21
f 42 21 43
f 43 21 23
f 43 23 44
f 44 23 25
f 44 25 45
f 45 25 27
f 45 27 46
f 46 27 29
f 46 29 47
f 47 29 31
f 47 31 48
f 49 33 34
f 49 34 50
f 50 34 35
f 50 35 51
f 51 35 36
f 51 36 52
f 52 36 37
f 52 37 53
f 53 37 38
f 53 38 54
f 54 38 39
f 54 39 55
f 55 39 40
f 55 40 56
f 56 40 41
f 56 41 57
f 57 41 42
f 57 42 58
f 58 42 43
f 58 43 59
f 59 43 44
f 59 44 60
f 60 44 45
f 60 45 61
f 61 45 46
f 61 46 62
f 62 46 47
f 62 47 63
f 63 47 48
f 63 48 64
f 65 49 50
f 65 50 66
f 66 50 51
f 66 51 67
f 67 51 52
f 67 52 68
f 68 52 53
f 68 53 69
f 69 53 54
f 69 54 70
f 70 54 55
f 70 55 71
f 71 55 56
f 71 56 72
f 72 56 57
f 72 57 73
f 73 57 58
f 73 58 74
f 74 58 59
f 74 59 75
f 75 59 60
f 75 60 76
f 76 60 61
f 76 61 77
f 77 61 62
f 77 62 78
f 78 62 63
f 78 63 79
f 79 63 64
f 79 64 188
f 80 65 66
f 80 66 81
f 81 66 67
f 81 67 82
f 82 67 68
f 82 68 83
f 83 68 69
f 83 69 84
f 84 69 70
f 84 70 85
f 85 70 71
f 85 71 86
f 86 71 72
f 86 72 87
f 87 72 73
f 87 73 88
f 88 73 74
f 88 74 89
f 89 74 75
f 89 75 90
f 90 75 76
f 90 76 91
f 91 76 77
f 91 77 92
f 92 77 78
f 92 78 93
f 93 78 79
f 93 79 94
f 94 79 188
f 94 188 172
f 95 80 81
f 95 81 96
f 96 81 82
f 96 82 97
f 97 82 83
f 97 83 98
f 98 83 84
f 98 84 99
f 99 84 85
f 99 85 100
f 100 85 86
f 100 86 101
f 101 86 87
f 101 87 102
f 102 87 88
f 102 88 103
f 103 88 89
f 103 89 104
f 104 89 90
f 104 90 105
f 105 90 91
f 105 91 106
f 106 91 92
f 106 92 107
f 107 92 93
f 107 93 108
f 108 93 94
f 108 94 109
f 109 94 172
f 109 172 156
f 110 95 96
f 110 96 111
f 111 96 97
f 111 97 112
f 112 97 98
f 112 98 113
f 113 98 99
f 113 99 114
f 114 99 100
f 114 100 115
f 115 100 101
f 115 101 116
f 116 101 102
f 116 102 117
f 117 102 103
f 117 103 118
f 118 103 104
f 118 104 119
f 119 104 105
f 119 105 120
f 120 105 106
f 120 106 121
f 121 106 107
f 121 107 122
f 122 107 108
f 122 108 123
f 123 108 109
f 123 109 124
f 124 109 156
f 124 156 125
f 126 110 111
f 126 111 127
f 127 111 112
f 127 112 128
f 128 112 113
f 128 113 129
f 129 113 114
f 129 114 130
f 130 114 115
f 130 115 131
f 131 115 116
f 131 116 132
f 132 116 117
f 132 117 133
f 133 117 118
f 133 118 134
f 134 118 119
f 134 119 135
f 135 119 120
f 135 120 136
f 136 120 121
f 136 121 137
f 137 121 122
f 137 122 138
f 138 122 123
f 138 123 139
f 139 123 124
f 139 124 140
f 140 124 125
f 141 126 127
f 141 127 142
f 142 127 128
f 142 128 143
f 143 128 129
f 143 129 144
f 144 129 130
f 144 130 145
f 145 130 131
f 145 131 146
f 146 131 132
f 146 132 147
f 147 132 133
f 147 133 148
f 148 133 134
f 148 134 149
f 149 134 135
f 149 135 150
f 150 135 136
f 150 136 151
f 151 136 137
f 151 137 152
f 152 137 138
f 152 138 153
f 153 138 139
f 153 139 154
f 154 139 140
f 154 140 155
f 155 140 125
f 155 125 156
f 157 141 142
f 157 142 158
f 158 142 143
f 158 143 159
f 159 143 144
f 159 144 160
f 160 144 145
f 160 145 161
f 161 145 146
f 161 146 162
f 162 146 147
f 162 147 163
f 163 147 148
f 163 148 164
f 164 148 149
f 164 149 165
f 165 149 150
f 165 150 166
f 166 150 151
f 166 151 167
f 167 151 152
f 167 152 168
f 168 152 153
f 168 153 169
f 169 153 154
f 169 154 170
f 170 154 155
f 170 155 171
f 171 155 156
f 171 156 172
f 173 157 158
f 173 158 174
f 174 158 159
f 174 159 175
f 175 159 160
f 175 160 176
f 176 160 161
f 176 161 177
f 177 161 162
f 177 162 178
f 178 162 163
f 178 163 179
f 179 163 164
f 179 164 180
f 180 164 165
f 180 165 181
f 181 165 166
f 181 166 182
f 182 166 167
f 182 167 183
f 183 167 168
f 183 168 184
f 184 168 169
f 184 169 185
f 185 169 170
f 185 170 186
f 186 170 171
f 186 171 187
f 187 171 172
f 187 172 188
f 189 173 174
f 189 174 190
f 190 174 175
f 190 175 191
f 191 175 176
f 191 176 192
f 192 176 177
f 192 177 193
f 193 177 178
f 193 178 194
f 194 178 179
f 194 179 195
f 195 179 180
f 195 180 196
f 196 180 181
f 196 181 197
f 197 181 182
f 197 182 198
f 198 182 183
f 198 183 199
f 199 183 184
f 199 184 200
f 200 184 185
f 200 185 201
f 201 185 186
f 201 186 202
f 202 186 187
f 202 187 203
f 203 187 188
f 203 188 204
f 205 189 190
f 205 190 206
f 206 190 191
f 206 191 207
f 207 191 192
f 207 192 208
f 208 192 193
f 208 193 209
f 209 193 194
f 209 194 210
f 210 194 195
f 210 195 211
f 211 195 196
f 211 196 212
f 212 196 197
f 212 197 213
f 213 197 198
f 213 198 214
f 214 198 199
f 214 199 215
f 215 199 200
f 215 200 216
f 216 200 201
f 216 201 217
f 217 201 202
f 217 202 218
f 218 202 203
f 218 203 219
f 219 203 204
f 219 204 220
f 221 205 206
f 221 206 222
f 222 206 207
f 222 207 223
f 223 207 208
f 223 208 224
f 224 208 209
f 224 209 225
f 225 209 210
f 225 210 226
f 226 210 211
f 226 211 227
f 227 211 212
f 227 212 228
f 228 212 213
f 228 213 229
f 229 213 214
f 229 214 230
f 230 214 215
f 230 215 231
f 231 215 216
f 231 216 232
f 232 216 217
f 232 217 233
f 233 217 218
f 233 218 234
f 234 218 219
f 234 219 235
f 235 219 220
f 235 220 236
f 237 221 222
f 237 222 238
f 238 222 223
f 238 223 239
f 239 223 224
f 239 224 240
f 240 224 225
f 240 225 241
f 241 225 226
f 241 226 242
f 242 226 227
f 242 227 243
f 243 227 228
f 243 228 244
f 244 228 229
f 244 229 245
f 245 229 230
f 245 230 246
f 246 230 231
f 246 231 247
f 247 231 232
f 247 232 248
f 248 232 233
f 248 233 249
f 249 233 234
f 249 234 250
f 250 234 235
f 250 235 251
f 251 235 236
f 251 236 252
f 253 256 255
f 253 255 254
f 254 255 258
f 254 258 257
f 257 258 260
f 257 260 259
f 259 260 262
f 259 262 261
f 261 262 264
f 261 264 263
f 263 264 266
f 263 266 265
f 265 266 268
f 265 268 267
f 267 268 270
f 267 270 269
f 269 270 272
f 269 272 271
f 271 272 274
f 271 274 273
f 273 274 276
f 273 276 275
f 275 276 278
f 275 278 277
f 277 278 280
f 277 280 279
f 279 280 282
f 279 282 281
f 281 282 284
f 281 284 283
f 285 253 254
f 285 254 286
f 286 254 257
f 286 257 287
f 287 257 259
f 287 259 288
f 288 259 261
f 288 261 289
f 289 261 263
f 289 263 290
f 290 263 265
f 290 265 291
f 291 265 267
f 291 267 292
f 292 267 269
f 292 269 293
f 293 269 271
f 293 271 294
f 294 271 273
f 294 273 295
f 295 273 275
f 295 275 296
f 296 275 277
f 296 277 297
f 297 277 279
f 297 279 298
f 298 279 281
f 298 281 299
f 299 281 283
f 299 283 300
f 301 285 286
f 301 286 302
f 302 286 287
f 302 287 303
f 303 287 288
f 303 288 304
f 304 288 289
f 304 289 305
f 305 289 290
f 305 290 306
f 306 290 291
f 306 291 307
f 307 291 292
f 307 292 308
f 308 292 293
f 308 293 309
f 309 293 294
f 309 294 310
f 310 294 295
f 310 295 311
f 311 295 296
f 311 296 312
f 312 296 297
f 312 297 313
f 313 297 298
f 313 298 314
f 314 298 299
f 314 299 315
f 315 299 300
f 315 300 316
f 317 301 302
f 317 302 318
f 318 302 303
f 318 303 319
f 319 303 304
f 319 304 320
f 320 304 305
f 320 305 321
f 321 305 306
f 321 306 322
f 322 306 307
f 322 307 323
f 323 307 308
f 323 308 324
f 324 308 309
f 324 309 325
f 325 309 310
f 325 310 326
f 326 310 311
f 326 311 327
f 327 311 312
f 327 312 328
f 328 312 313
f 328 313 329
f 329 313 314
f 329 314 330
f 330 314 315
f 330 315 331
f 331 315 316
f 331 316 332
f 333 317 318
f 333 318 334
f 334 318 319
f 334 319 335
f 335 319 320
f 335 320 336
f 336 320 321
f 336 321 337
f 337 321 322
f 337 322 338
f 338 322 323
f 338 323 339
f 339 323 324
f 339 324 340
f 340 324 325
f 340 325 341
f 341 325 326
f 341 326 342
f 342 326 327
f 342 327 343
f 343 327 328
f 343 328 344
f 344 328 329
f 344 329 345
f 345 329 330
f 345 330 346
f 346 330 331
f 346 331 347
f 347 331 332
f 347 332 348
f 349 333 334
f 349 334 350
f 350 334 335
f 350 335 351
f 351 335 336
f 351 336 352
f 352 336 337
f 352 337 353
f 353 337 338
f 353 338 354
f 354 338 339
f 354 339 355
f 355 339 340
f 355 340 356
f 356 340 341
f 356 341 357
f 357 341 342
f 357 342 358
f 358 342 343
f 358 343 359
f 359 343 344
f 359 344 360
f 360 344 345
f 360 345 361
f 361 345 346
f 361 346 362
f 362 346 347
f 362 347 363
f 363 347 348
f 363 348 364
f 365 349 350
f 365 350 366
f 366 350 351
f 366 351 367
f 367 351 352
f 367 352 368
f 368 352 353
f 368 353 369
f 369 353 354
f 369 354 370
f 370 354 355
f 370 355 371
f 371 355 356
f 371 356 372
f 372 356 357
f 372 357 373
f 373 357 358
f 373 358 374
f 374 358 359
f 374 359 375
f 375 359 360
f 375 360 376
f 376 360 361
f 376 361 377
f 377 361 362
f 377 362 378
f 378 362 363
f 378 363 379
f 379 363 364
f 379 364 380
f 381 365 366
f 381 366 382
f 382 366 367
f 382 367 383
f 383 367 368
f 383 368 384
f 384 368 369
f 384 369 385
f 385 369 370
f 385 370 386
f 386 370 371
f 386 371 387
f 387 371 372
f 387 372 388
f 388 372 373
f 388 373 389
f 389 373 374
f 389 374 390
f 390 374 375
f 390 375 391
f 391 375 376
f 391 376 392
f 392 376 377
f 392 377 393
f 393 377 378
f 393 378 394
f 394 378 379
f 394 379 395
f 395 379 380
f 395 380 396
f 397 381 382
f 397 382 398
f 398 382 383
f 398 383 399
f 399 383 384
f 399 384 400
f 400 384 385
f 400 385 401
f 401 385 386
f 401 386 402
f 402 386 387
f 402 387 403
f 403 387 388
f 403 388 404
f 404 388 389
f 404 389 405
f 405 389 390
f 405 390 406
f 406 390 391
f 406 391 407
f 407 391 392
f 407 392 408
f 408 392 393
f 408 393 409
f 409 393 394
f 409 394 410
f 410 394 395
f 410 395 411
f 411 395 396
f 411 396 412
f 413 397 398
f 413 398 414
f 414 398 399
f 414 399 415
f 415 399 400
f 415 400 416
f 416 400 401
f 416 401 417
f 417 401 402
f 417 402 418
f 418 402 403
f 418 403 419
f 419 403 404
f 419 404 420
f 420 404 405
f 420 405 421
f 421 405 406
f 421 406 422
f 422 406 407
f 422 407 423
f 423 407 408
f 423 408 424
f 424 408 409
f 424 409 425
f 425 409 410
f 425 410 426
f 426 410 411
f 426 411 427
f 427 411 412
f 427 412 428
f 429 413 414
f 429 414 430
f 430 414 415
f 430 415 431
f 431 415 416
f 431 416 432
f 432 416 417
f 432 417 433
f 433 417 418
f 433 418 434
f 434 418 419
f 434 419 435
f 435 419 420
f 435 420 436
f 436 420 421
f 436 421 437
f 437 421 422
f 437 422 438
f 438 422 423
f 438 423 439
f 439 423 424
f 439 424 440
f 440 424 425
f 440 425 441
f 441 425 426
f 441 426 442
f 442 426 427
f 442 427 443
f 443 427 428
f 443 428 444
f 445 429 430
f 445 430 446
f 446 430 431
f 446 431 447
f 447 431 432
f 447 432 448
f 448 432 433
f 448 433 449
f 449 433 434
f 449 434 450
f 450 434 435
f 450 435 451
f 451 435 436
f 451 436 452
f 452 436 437
f 452 437 453
f 453 437 438
f 453 438 454
f 454 438 439
f 454 439 455
f 455 439 440
f 455 440 456
f 456 440 441
f 456 441 457
f 457 441 442
f 457 442 458
f 458 442 443
f 458 443 459
f 459 443 444
f 459 444 460
f 461 445 446
f 461 446 462
f 462 446 447
f 462 447 463
f 463 447 448
f 463 448 464
f 464 448 449
f 464 449 465
f 465 449 450
f 465 450 466
f 466 450 451
f 466 451 467
f 467 451 452
f 467 452 468
f 468 452 453
f 468 453 469
f 469 453 454
f 469 454 470
f 470 454 455
f 470 455 471
f 471 455 456
f 471 456 472
f 472 456 457
f 472 457 473
f 473 457 458
f 473 458 474
f 474 458 459
f 474 459 475
f 475 459 460
f 475 460 476
f 477 461 462
f 477 462 478
f 478 462 463
f 478 463 479
f 479 463 464
f 479 464 480
f 480 464 465
f 480 465 481
f 481 465 466
f 481 466 482
f 482 466 467
f 482 467 483
f 483 467 468
f 483 468 484
f 484 468 469
f 484 469 485
f 485 469 470
f 485 470 486
f 486 470 471
f 486 471 487
f 487 471 472
f 487 472 488
f 488 472 473
f 488 473 489
f 489 473 474
f 489 474 490
f 490 474 475
f 490 475 491
f 491 475 476
f 491 476 492
f 4 477 478
f 4 478 3
f 3 478 479
f 3 479 6
f 6 479 480
f 6 480 8
f 8 480 481
f 8 481 10
f 10 481 482
f 10 482 12
f 12 482 483
f 12 483 14
f 14 483 484
f 14 484 16
f 16 484 485
f 16 485 18
f 18 485 486
f 18 486 20
f 20 486 487
f 20 487 22
f 22 487 488
f 22 488 24
f 24 488 489
f 24 489 26
f 26 489 490
f 26 490 28
f 28 490 491
f 28 491 30
f 30 491 492
f 30 492 32
f 493 496 495
f 493 495 494
f 494 495 498
f 494 498 497
f 497 498 500
f 497 500 499
f 499 500 502
f 499 502 501
f 501 502 504
f 501 504 503
f 503 504 506
f 503 506 505
f 505 506 508
f 505 508 507
f 507 508 510
f 507 510 509
f 509 510 512
f 509 512 511
f 511 512 514
f 511 514 513
f 513 514 516
f 513 516 515
f 515 516 518
f 515 518 517
f 517 518 520
f 517 520 519
f 519 520 522
f 519 522 521
f 521 522 524
f 521 524 523
f 525 493 494
f 525 494 526
f 526 494 497
f 526 497 527
f 527 497 499
f 527 499 528
f 528 499 501
f 528 501 529
f 529 501 503
f 529 503 530
f 530 503 505
f 530 505 531
f 531 505 507
f 531 507 532
f 532 507 509
f 532 509 533
f 533 509 511
f 533 511 534
f 534 511 513
f 534 513 535
f 535 513 515
f 535 515 536
f 536 515 517
f 536 517 537
f 537 517 519
f 537 519 538
f 538 519 521
f 538 521 539
f 539 521 523
f 539 523 540
f 541 525 526
f 541 526 542
f 542 526 527
f 542 527 543
f 543 527 528
f 543 528 544
f 544 528 529
f 544 529 545
f 545 529 530
f 545 530 546
f 546 530 531
f 546 531 547
f 547 531 532
f 547 532 548
f 548 532 533
f 548 533 549
f 549 533 534
f 549 534 550
f 550 534 535
f 550 535 551
f 551 535 536
f 551 536 552
f 552 536 537
f 552 537 553
f 553 537 538
f 553 538 554
f 554 538 539
f 554 539 555
f 555 539 540
f 555 540 556
f 557 541 542
f 557 542 558
f 558 542 543
f 558 543 559
f 559 543 544
f 559 544 560
f 560 544 545
f 560 545 561
f 561 545 546
f 561 546 562
f 562 546 547
f 562 547 563
f 563 547 548
f 563 548 564
f 564 548 549
f 564 549 565
f 565 549 550
f 565 550 566
f 566 550 551
f 566 551 567
f 567 551 552
f 567 552 568
f 568 552 553
f 568 553 569
f 569 553 554
f 569 554 570
f 570 554 555
f 570 555 571
f 571 555 556
f 571 556 572
f 573 557 558
f 573 558 574
f 574 558 559
f 574 559 575
f 575 559 560
f 575 560 576
f 576 560 561
f 576 561 577
f 577 561 562
f 577 562 578
f 578 562 563
f 578 563 579
f 579 563 564
f 579 564 580
f 580 564 565
f 580 565 581
f 581 565 566
f 581 566 582
f 582 566 567
f 582 567 583
f 583 567 568
f 583 568 584
f 584 568 569
f 584 569 585
f 585 569 570
f 585 570 586
f 586 570 571
f 586 571 587
f 587 571 572
f 587 572 588
f 589 573 574
f 589 574 590
f 590 574 575
f 590 575 591
f 591 575 576
f 591 576 592
f 592 576 577
f 592 577 593
f 593 577 578
f 593 578 594
f 594 578 579
f 594 579 595
f 595 579 580
f 595 580 596
f 596 580 581
f 596 581 597
f 597 581 582
f 597 582 598
f 598 582 583
f 598 583 599
f 599 583 584
f 599 584 600
f 600 584 585
f 600 585 601
f 601 585 586
f 601 586 602
f 602 586 587
f 602 587 603
f 603 587 588
f 603 588 604
f 605 589 590
f 605 590 606
f 606 590 591
f 606 591 607
f 607 591 592
f 607 592 608
f 608 592 593
f 608 593 609
f 609 593 594
f 609 594 610
f 610 594 595
f 610 595 611
f 611 595 596
f 611 596 612
f 612 596 597
f 612 597 613
f 613 597 598
f 613 598 614
f 614 598 599
f 614 599 615
f 615 599 600
f 615 600 616
f 616 600 601
f 616 601 617
f 617 601 602
f 617 602 618
f 618 602 603
f 618 603 619
f 619 603 604
f 619 604 620
f 621 605 606
f 621 606 622
f 622 606 607
f 622 607 623
f 623 607 608
f 623 608 624
f 624 608 609
f 624 609 625
f 625 609 610
f 625 610 626
f 626 610 611
f 626 611 627
f 627 611 612
f 627 612 628
f 628 612 613
f 628 613 629
f 629 613 614
f 629 614 630
f 630 614 615
f 630 615 631
f 631 615 616
f 631 616 632
f 632 616 617
f 632 617 633
f 633 617 618
f 633 618 634
f 634 618 619
f 634 619 635
f 635 619 620
f 636 621 622
f 636 622 637
f 637 622 623
f 637 623 638
f 638 623 624
f 638 624 639
f 639 624 625
f 639 625 640
f 640 625 626
f 640 626 641
f 641 626 627
f 641 627 642
f 642 627 628
f 642 628 643
f 643 628 629
f 643 629 644
f 644 629 630
f 644 630 645
f 645 630 631
f 645 631 646
f 646 631 632
f 646 632 647
f 647 632 633
f 647 633 648
f 648 633 634
f 648 634 649
f 649 634 635
f 649 635 650
f 650 635 620
f 650 620 604
f 651 636 637
f 651 637 652
f 652 637 638
f 652 638 653
f 653 638 639
f 653 639 654
f 654 639 640
f 654 640 655
f 655 640 641
f 655 641 656
f 656 641 642
f 656 642 657
f 657 642 643
f 657 643 658
f 658 643 644
f 658 644 659
f 659 644 645
f 659 645 660
f 660 645 646
f 660 646 661
f 661 646 647
f 661 647 662
f 662 647 648
f 662 648 663
f 663 648 649
f 663 649 664
f 664 649 650
f 664 650 665
f 665 650 604
f 665 604 588
f 666 651 652
f 666 652 667
f 667 652 653
f 667 653 668
f 668 653 654
f 668 654 669
f 669 654 655
f 669 655 670
f 670 655 656
f 670 656 671
f 671 656 657
f 671 657 672
f 672 657 658
f 672 658 673
f 673 658 659
f 673 659 674
f 674 659 660
f 674 660 675
f 675 660 661
f 675 661 676
f 676 661 662
f 676 662 677
f 677 662 663
f 677 663 678
f 678 663 664
f 678 664 679
f 679 664 665
f 679 665 680
f 680 665 588
f 680 588 572
f 681 666 667
f 681 667 682
f 682 667 668
f 682 668 683
f 683 668 669
f 683 669 684
f 684 669 670
f 684 670 685
f 685 670 671
f 685 671 686
f 686 671 672
f 686 672 687
f 687 672 673
f 687 673 688
f 688 673 674
f 688 674 689
f 689 674 675
f 689 675 690
f 690 675 676
f 690 676 691
f 691 676 677
f 691 677 692
f 692 677 678
f 692 678 693
f 693 678 679
f 693 679 694
f 694 679 680
f 694 680 695
f 695 680 572
f 695 572 696
f 697 681 682
f 697 682 698
f 698 682 683
f 698 683 699
f 699 683 684
f 699 684 700
f 700 684 685
f 700 685 701
f 701 685 686
f 701 686 702
f 702 686 687
f 702 687 703
f 703 687 688
f 703 688 704
f 704 688 689
f 704 689 705
f 705 689 690
f 705 690 706
f 706 690 691
f 706 691 707
f 707 691 692
f 707 692 708
f 708 692 693
f 708 693 709
f 709 693 694
f 709 694 710
f 710 694 695
f 710 695 711
f 711 695 696
f 711 696 712
f 713 697 698
f 713 698 714
f 714 698 699
f 714 699 715
f 715 699 700
f 715 700 716
f 716 700 701
f 716 701 717
f 717 701 702
f 717 702 718
f 718 702 703
f 718 703 719
f 719 703 704
f 719 704 720
f 720 704 705
f 720 705 721
f 721 705 706
f 721 706 722
f 722 706 707
f 722 707 723
f 723 707 708
f 723 708 724
f 724 708 709
f 724 709 725
f 725 709 710
f 725 710 726
f 726 710 711
f 726 711 727
f 727 711 712
f 727 712 728
f 256 713 714
f 256 714 255
f 255 714 715
f 255 715 258
f 258 715 716
f 258 716 260
f 260 716 717
f 260 717 262
f 262 717 718
f 262 718 264
f 264 718 719
f 264 719 266
f 266 719 720
f 266 720 268
f 268 720 721
f 268 721 270
f 270 721 722
f 270 722 272
f 272 722 723
f 272 723 274
f 274 723 724
f 274 724 276
f 276 724 725
f 276 725 278
f 278 725 726
f 278 726 280
f 280 726 727
f 280 727 282
f 282 727 728
f 282 728 284
f 729 237 238
f 729 238 730
f 730 238 239
f 730 239 731
f 731 239 240
f 731 240 732
f 732 240 241
f 732 241 733
f 733 241 242
f 733 242 734
f 734 242 243
f 734 243 735
f 735 243 244
f 735 244 736
f 736 244 245
f 736 245 737
f 737 245 246
f 737 246 738
f 738 246 247
f 738 247 739
f 739 247 248
f 739 248 740
f 740 248 249
f 740 249 741
f 741 249 250
f 741 250 742
f 742 250 251
f 742 251 743
f 743 251 252
f 743 252 744
f 745 729 730
f 745 730 746
f 746 730 731
f 746 731 747
f 747 731 732
f 747 732 748
f 748 732 733
f 748 733 749
f 749 733 734
f 749 734 750
f 750 734 735
f 750 735 751
f 751 735 736
f 751 736 752
f 752 736 737
f 752 737 753
f 753 737 738
f 753 738 754
f 754 738 739
f 754 739 755
f 755 739 740
f 755 740 756
f 756 740 741
f 756 741 757
f 757 741 742
f 757 742 758
f 758 742 743
f 758 743 759
f 759 743 744
f 759 744 760
f 761 745 746
f 761 746 762
f 762 746 747
f 762 747 763
f 763 747 748
f 763 748 764
f 764 748 749
f 764 749 765
f 765 749 750
f 765 750 766
f 766 750 751
f 766 751 767
f 767 751 752
f 767 752 768
f 768 752 753
f 768 753 769
f 769 753 754
f 769 754 770
f 770 754 755
f 770 755 771
f 771 755 756
f 771 756 772
f 772 756 757
f 772 757 773
f 773 757 758
f 773 758 774
f 774 758 759
f 774 759 775
f 775 759 760
f 775 760 776
f 777 761 762
f 777 762 778
f 778 762 763
f 778 763 779
f 779 763 764
f 779 764 780
f 780 764 765
f 780 765 781
f 781 765 766
f 781 766 782
f 782 766 767
f 782 767 783
f 783 767 768
f 783 768 784
f 784 768 769
f 784 769 785
f 785 769 770
f 785 770 786
f 786 770 771
f 786 771 787
f 787 771 772
f 787 772 788
f 788 772 773
f 788 773 789
f 789 773 774
f 789 774 790
f 790 774 775
f 790 775 791
f 791 775 776
f 791 776 792
f 793 777 778
f 793 778 794
f 794 778 779
f 794 779 795
f 795 779 780
f 795 780 796
f 796 780 781
f 796 781 797
f 797 781 782
f 797 782 798
f 798 782 783
f 798 783 799
f 799 783 784
f 799 784 800
f 800 784 785
f 800 785 801
f 801 785 786
f 801 786 802
f 802 786 787
f 802 787 803
f 803 787 788
f 803 788 804
f 804 788 789
f 804 789 805
f 805 789 790
f 805 790 806
f 806 790 791
f 806 791 807
f 807 791 792
f 807 792 808
f 809 793 794
f 809 794 810
f 810 794 795
f 810 795 811
f 811 795 796
f 811 796 812
f 812 796 797
f 812 797 813
f 813 797 798
f 813 798 814
f 814 798 799
f 814 799 815
f 815 799 800
f 815 800 816
f 816 800 801
f 816 801 817
f 817 801 802
f 817 802 818
f 818 802 803
f 818 803 819
f 819 803 804
f 819 804 820
f 820 804 805
f 820 805 821
f 821 805 806
f 821 806 822
f 822 806 807
f 822 807 823
f 823 807 808
f 823 808 824
f 825 809 810
f 825 810 826
f 826 810 811
f 826 811 827
f 827 811 812
f 827 812 828
f 828 812 813
f 828 813 829
f 829 813 814
f 829 814 830
f 830 814 815
f 830 815 831
f 831 815 816
f 831 816 832
f 832 816 817
f 832 817 833
f 833 817 818
f 833 818 834
f 834 818 819
f 834 819 835
f 835 819 820
f 835 820 836
f 836 820 821
f 836 821 837
f 837 821 822
f 837 822 838
f 838 822 823
f 838 823 839
f 839 823 824
f 839 824 840
f 841 825 826
f 841 826 842
f 842 826 827
f 842 827 843
f 843 827 828
f 843 828 844
f 844 828 829
f 844 829 845
f 845 829 830
f 845 830 846
f 846 830 831
f 846 831 847
f 847 831 832
f 847 832 848
f 848 832 833
f 848 833 849
f 849 833 834
f 849 834 850
f 850 834 835
f 850 835 851
f 851 835 836
f 851 836 852
f 852 836 837
f 852 837 853
f 853 837 838
f 853 838 854
f 854 838 839
f 854 839 855
f 855 839 840
f 855 840 856
f 857 841 842
f 857 842 858
f 858 842 843
f 858 843 859
f 859 843 844
f 859 844 860
f 860 844 845
f 860 845 861
f 861 845 846
f 861 846 862
f 862 846 847
f 862 847 863
f 863 847 848
f 863 848 864
f 864 848 849
f 864 849 865
f 865 849 850
f 865 850 866
f 866 850 851
f 866 851 867
f 867 851 852
f 867 852 868
f 868 852 853
f 868 853 869
f 869 853 854
f 869 854 870
f 870 854 855
f 870 855 871
f 871 855 856
f 871 856 872
f 873 857 858
f 873 858 874
f 874 858 859
f 874 859 875
f 875 859 860
f 875 860 876
f 876 860 861
f 876 861 877
f 877 861 862
f 877 862 878
f 878 862 863
f 878 863 879
f 879 863 864
f 879 864 880
f 880 864 865
f 880 865 881
f 881 865 866
f 881 866 882
f 882 866 867
f 882 867 883
f 883 867 868
f 883 868 884
f 884 868 869
f 884 869 885
f 885 869 870
f 885 870 886
f 886 870 871
f 886 871 887
f 887 871 872
f 887 872 888
f 889 873 874
f 889 874 890
f 890 874 875
f 890 875 891
f 891 875 876
f 891 876 892
f 892 876 877
f 892 877 893
f 893 877 878
f 893 878 894
f 894 878 879
f 894 879 895
f 895 879 880
f 895 880 896
f 896 880 881
f 896 881 897
f 897 881 882
f 897 882 898
f 898 882 883
f 898 883 899
f 899 883 884
f 899 884 900
f 900 884 885
f 900 885 901
f 901 885 886
f 901 886 902
f 902 886 887
f 902 887 903
f 903 887 888
f 903 888 904
f 905 889 890
f 905 890 906
f 906 890 891
f 906 891 907
f 907 891 892
f 907 892 908
f 908 892 893
f 908 893 909
f 909 893 894
f 909 894 910
f 910 894 895
f 910 895 911
f 911 895 896
f 911 896 912
f 912 896 897
f 912 897 913
f 913 897 898
f 913 898 914
f 914 898 899
f 914 899 915
f 915 899 900
f 915 900 916
f 916 900 901
f 916 901 917
f 917 901 902
f 917 902 918
f 918 902 903
f 918 903 919
f 919 903 904
f 919 904 920
f 921 905 906
f 921 906 922
f 922 906 907
f 922 907 923
f 923 907 908
f 923 908 924
f 924 908 909
f 924 909 925
f 925 909 910
f 925 910 926
f 926 910 911
f 926 911 927
f 927 911 912
f 927 912 928
f 928 912 913
f 928 913 929
f 929 913 914
f 929 914 930
f 930 914 915
f 930 915 931
f 931 915 916
f 931 916 932
f 932 916 917
f 932 917 933
f 933 917 918
f 933 918 934
f 934 918 919
f 934 919 935
f 935 919 920
f 935 920 936
f 937 921 922
f 937 922 938
f 938 922 923
f 938 923 939
f 939 923 924
f 939 924 940
f 940 924 925
f 940 925 941
f 941 925 926
f 941 926 942
f 942 926 927
f 942 927 943
f 943 927 928
f 943 928 944
f 944 928 929
f 944 929 945
f 945 929 930
f 945 930 946
f 946 930 931
f 946 931 947
f 947 931 932
f 947 932 948
f 948 932 933
f 948 933 949
f 949 933 934
f 949 934 950
f 950 934 935
f 950 935 951
f 951 935 936
f 951 936 952
f 496 937 938
f 496 938 495
f 495 938 939
f 495 939 498
f 498 939 940
f 498 940 500
f 500 940 941
f 500 941 502
f 502 941 942
f 502 942 504
f 504 942 943
f 504 943 506
f 506 943 944
f 506 944 508
f 508 944 945
f 508 945 510
f 510 945 946
f 510 946 512
f 512 946 947
f 512 947 514
f 514 947 948
f 514 948 516
f 516 948 949
f 516 949 518
f 518 949 950
f 518 950 520
f 520 950 951
f 520 951 522
f 522 951 952
f 522 952 524
f 953 956 955
f 953 955 954
f 954 955 958
f 954 958 957
f 957 958 960
f 957 960 959
f 959 960 962
f 959 962 961
f 961 962 964
f 961 964 963
f 963 964 966
f 963 966 965
f 965 966 968
f 965 968 967
f 967 968 970
f 967 970 969
f 969 970 972
f 969 972 971
f 971 972 974
f 971 974 973
f 973 974 976
f 973 976 975
f 975 976 978
f 975 978 977
f 977 978 980
f 977 980 979
f 979 980 982
f 979 982 981
f 981 982 4
f 981 4 1
f 983 953 954
f 983 954 984
f 984 954 957
f 984 957 985
f 985 957 959
f 985 959 986
f 986 959 961
f 986 961 987
f 987 961 963
f 987 963 988
f 988 963 965
f 988 965 989
f 989 965 967
f 989 967 990
f 990 967 969
f 990 969 991
f 991 969 971
f 991 971 992
f 992 971 973
f 992 973 993
f 993 973 975
f 993 975 994
f 994 975 977
f 994 977 995
f 995 977 979
f 995 979 996
f 996 979 981
f 996 981 997
f 997 981 1
f 997 1 33
f 998 983 984
f 998 984 999
f 999 984 985
f 999 985 1000
f 1000 985 986
f 1000 986 1001
f 1001 986 987
f 1001 987 1002
f 1002 987 988
f 1002 988 1003
f 1003 988 989
f 1003 989 1004
f 1004 989 990
f 1004 990 1005
f 1005 990 991
f 1005 991 1006
f 1006 991 992
f 1006 992 1007
f 1007 992 993
f 1007 993 1008
f 1008 993 994
f 1008 994 1009
f 1009 994 995
f 1009 995 1010
f 1010 995 996
f 1010 996 1011
f 1011 996 997
f 1011 997 1012
f 1012 997 33
f 1012 33 49
f 1013 998 999
f 1013 999 1014
f 1014 999 1000
f 1014 1000 1015
f 1015 1000 1001
f 1015 1001 1016
f 1016 1001 1002
f 1016 1002 1017
f 1017 1002 1003
f 1017 1003 1018
f 1018 1003 1004
f 1018 1004 1019
f 1019 1004 1005
f 1019 1005 1020
f 1020 1005 1006
f 1020 1006 1021
f 1021 1006 1007
f 1021 1007 1022
f 1022 1007 1008
f 1022 1008 1023
f 1023 1008 1009
f 1023 1009 1024
f 1024 1009 1010
f 1024 1010 1025
f 1025 1010 1011
f 1025 1011 1026
f 1026 1011 1012
f 1026 1012 1027
f 1027 1012 49
f 1027 49 65
f 1028 1013 1014
f 1028 1014 1029
f 1029 1014 1015
f 1029 1015 1030
f 1030 1015 1016
f 1030 1016 1031
f 1031 1016 1017
f 1031 1017 1032
f 1032 1017 1018
f 1032 1018 1033
f 1033 1018 1019
f 1033 1019 1034
f 1034 1019 1020
f 1034 1020 1035
f 1035 1020 1021
f 1035 1021 1036
f 1036 1021 1022
f 1036 1022 1037
f 1037 1022 1023
f 1037 1023 1038
f 1038 1023 1024
f 1038 1024 1039
f 1039 1024 1025
f 1039 1025 1040
f 1040 1025 1026
f 1040 1026 1041
f 1041 1026 1027
f 1041 1027 1042
f 1042 1027 65
f 1042 65 80
f 1043 1028 1029
f 1043 1029 1044
f 1044 1029 1030
f 1044 1030 1045
f 1045 1030 1031
f 1045 1031 1046
f 1046 1031 1032
f 1046 1032 1047
f 1047 1032 1033
f 1047 1033 1048
f 1048 1033 1034
f 1048 1034 1049
f 1049 1034 1035
f 1049 1035 1050
f 1050 1035 1036
f 1050 1036 1051
f 1051 1036 1037
f 1051 1037 1052
f 1052 1037 1038
f 1052 1038 1053
f 1053 1038 1039
f 1053 1039 1054
f 1054 1039 1040
f 1054 1040 1055
f 1055 1040 1041
f 1055 1041 1056
f 1056 1041 1042
f 1056 1042 1057
f 1057 1042 80
f 1057 80 95
f 1058 1043 1044
f 1058 1044 1059
f 1059 1044 1045
f 1059 1045 1060
f 1060 1045 1046
f 1060 1046 1061
f 1061 1046 1047
f 1061 1047 1062
f 1062 1047 1048
f 1062 1048 1063
f 1063 1048 1049
f 1063 1049 1064
f 1064 1049 1050
f 1064 1050 1065
f 1065 1050 1051
f 1065 1051 1066
f 1066 1051 1052
f 1066 1052 1067
f 1067 1052 1053
f 1067 1053 1068
f 1068 1053 1054
f 1068 1054 1069
f 1069 1054 1055
f 1069 1055 1070
f 1070 1055 1056
f 1070 1056 1071
f 1071 1056 1057
f 1071 1057 1072
f 1072 1057 95
f 1072 95 110
f 1073 1058 1059
f 1073 1059 1074
f 1074 1059 1060
f 1074 1060 1075
f 1075 1060 1061
f 1075 1061 1076
f 1076 1061 1062
f 1076 1062 1077
f 1077 1062 1063
f 1077 1063 1078
f 1078 1063 1064
f 1078 1064 1079
f 1079 1064 1065
f 1079 1065 1080
f 1080 1065 1066
f 1080 1066 1081
f 1081 1066 1067
f 1081 1067 1082
f 1082 1067 1068
f 1082 1068 1083
f 1083 1068 1069
f 1083 1069 1084
f 1084 1069 1070
f 1084 1070 1085
f 1085 1070 1071
f 1085 1071 1086
f 1086 1071 1072
f 1086 1072 1087
f 1087 1072 110
f 1087 110 126
f 1088 1073 1074
f 1088 1074 1089
f 1089 1074 1075
f 1089 1075 1090
f 1090 1075 1076
f 1090 1076 1091
f 1091 1076 1077
f 1091 1077 1092
f 1092 1077 1078
f 1092 1078 1093
f 1093 1078 1079
f 1093 1079 1094
f 1094 1079 1080
f 1094 1080 1095
f 1095 1080 1081
f 1095 1081 1096
f 1096 1081 1082
f 1096 1082 1097
f 1097 1082 1083
f 1097 1083 1098
f 1098 1083 1084
f 1098 1084 1099
f 1099 1084 1085
f 1099 1085 1100
f 1100 1085 1086
f 1100 1086 1101
f 1101 1086 1087
f 1101 1087 1102
f 1102 1087 126
f 1102 126 141
f 1103 1088 1089
f 1103 1089 1104
f 1104 1089 1090
f 1104 1090 1105
f 1105 1090 1091
f 1105 1091 1106
f 1106 1091 1092
f 1106 1092 1107
f 1107 1092 1093
f 1107 1093 1108
f 1108 1093 1094
f 1108 1094 1109
f 1109 1094 1095
f 1109 1095 1110
f 1110 1095 1096
f 1110 1096 1111
f 1111 1096 1097
f 1111 1097 1112
f 1112 1097 1098
f 1112 1098 1113
f 1113 1098 1099
f 1113 1099 1114
f 1114 1099 1100
f 1114 1100 1115
f 1115 1100 1101
f 1115 1101 1116
f 1116 1101 1102
f 1116 1102 1117
f 1117 1102 141
f 1117 141 157
f 1118 1103 1104
f 1118 1104 1119
f 1119 1104 1105
f 1119 1105 1120
f 1120 1105 1106
f 1120 1106 1121
f 1121 1106 1107
f 1121 1107 1122
f 1122 1107 1108
f 1122 1108 1123
f 1123 1108 1109
f 1123 1109 1124
f 1124 1109 1110
f 1124 1110 1125
f 1125 1110 1111
f 1125 1111 1126
f 1126 1111 1112
f 1126 1112 1127
f 1127 1112 1113
f 1127 1113 1128
f 1128 1113 1114
f 1128 1114 1129
f 1129 1114 1115
f 1129 1115 1130
f 1130 1115 1116
f 1130 1116 1131
f 1131 1116 1117
f 1131 1117 1132
f 1132 1117 157
f 1132 157 173
f 1133 1118 1119
f 1133 1119 1134
f 1134 1119 1120
f 1134 1120 1135
f 1135 1120 1121
f 1135 1121 1136
f 1136 1121 1122
f 1136 1122 1137
f 1137 1122 1123
f 1137 1123 1138
f 1138 1123 1124
f 1138 1124 1139
f 1139 1124 1125
f 1139 1125 1140
f 1140 1125 1126
f 1140 1126 1141
f 1141 1126 1127
f 1141 1127 1142
f 1142 1127 1128
f 1142 1128 1143
f 1143 1128 1129
f 1143 1129 1144
f 1144 1129 1130
f 1144 1130 1145
f 1145 1130 1131
f 1145 1131 1146
f 1146 1131 1132
f 1146 1132 1147
f 1147 1132 173
f 1147 173 189
f 1148 1133 1134
f 1148 1134 1149
f 1149 1134 1135
f 1149 1135 1150
f 1150 1135 1136
f 1150 1136 1151
f 1151 1136 1137
f 1151 1137 1152
f 1152 1137 1138
f 1152 1138 1153
f 1153 1138 1139
f 1153 1139 1154
f 1154 1139 1140
f 1154 1140 1155
f 1155 1140 1141
f 1155 1141 1156
f 1156 1141 1142
f 1156 1142 1157
f 1157 1142 1143
f 1157 1143 1158
f 1158 1143 1144
f 1158 1144 1159
f 1159 1144 1145
f 1159 1145 1160
f 1160 1145 1146
f 1160 1146 1161
f 1161 1146 1147
f 1161 1147 1162
f 1162 1147 189
f 1162 189 205
f 1163 1148 1149
f 1163 1149 1164
f 1164 1149 1150
f 1164 1150 1165
f 1165 1150 1151
f 1165 1151 1166
f 1166 1151 1152
f 1166 1152 1167
f 1167 1152 1153
f 1167 1153 1168
f 1168 1153 1154
f 1168 1154 1169
f 1169 1154 1155
f 1169 1155 1170
f 1170 1155 1156
f 1170 1156 1171
f 1171 1156 1157
f 1171 1157 1172
f 1172 1157 1158
f 1172 1158 1173
f 1173 1158 1159
f 1173 1159 1174
f 1174 1159 1160
f 1174 1160 1175
f 1175 1160 1161
f 1175 1161 1176
f 1176 1161 1162
f 1176 1162 1177
f 1177 1162 205
f 1177 205 221
f 1178 1163 1164
f 1178 1164 1179
f 1179 1164 1165
f 1179 1165 1180
f 1180 1165 1166
f 1180 1166 1181
f 1181 1166 1167
f 1181 1167 1182
f 1182 1167 1168
f 1182 1168 1183
f 1183 1168 1169
f 1183 1169 1184
f 1184 1169 1170
f 1184 1170 1185
f 1185 1170 1171
f 1185 1171 1186
f 1186 1171 1172
f 1186 1172 1187
f 1187 1172 1173
f 1187 1173 1188
f 1188 1173 1174
f 1188 1174 1189
f 1189 1174 1175
f 1189 1175 1190
f 1190 1175 1176
f 1190 1176 1191
f 1191 1176 1177
f 1191 1177 1192
f 1192 1177 221
f 1192 221 237
f 1193 1196 1195
f 1193 1195 1194
f 1194 1195 1198
f 1194 1198 1197
f 1197 1198 1200
f 1197 1200 1199
f 1199 1200 1202
f 1199 1202 1201
f 1201 1202 1204
f 1201 1204 1203
f 1203 1204 1206
f 1203 1206 1205
f 1205 1206 1208
f 1205 1208 1207
f 1207 1208 1210
f 1207 1210 1209
f 1209 1210 1212
f 1209 1212 1211
f 1211 1212 1214
f 1211 1214 1213
f 1213 1214 1216
f 1213 1216 1215
f 1215 1216 1218
f 1215 1218 1217
f 1217 1218 1220
f 1217 1220 1219
f 1219 1220 1222
f 1219 1222 1221
f 1221 1222 256
f 1221 256 253
f 1223 1193 1194
f 1223 1194 1224
f 1224 1194 1197
f 1224 1197 1225
f 1225 1197 1199
f 1225 1199 1226
f 1226 1199 1201
f 1226 1201 1227
f 1227 1201 1203
f 1227 1203 1228
f 1228 1203 1205
f 1228 1205 1229
f 1229 1205 1207
f 1229 1207 1230
f 1230 1207 1209
f 1230 1209 1231
f 1231 1209 1211
f 1231 1211 1232
f 1232 1211 1213
f 1232 1213 1233
f 1233 1213 1215
f 1233 1215 1234
f 1234 1215 1217
f 1234 1217 1235
f 1235 1217 1219
f 1235 1219 1236
f 1236 1219 1221
f 1236 1221 1237
f 1237 1221 253
f 1237 253 285
f 1238 1223 1224
f 1238 1224 1239
f 1239 1224 1225
f 1239 1225 1240
f 1240 1225 1226
f 1240 1226 1241
f 1241 1226 1227
f 1241 1227 1242
f 1242 1227 1228
f 1242 1228 1243
f 1243 1228 1229
f 1243 1229 1244
f 1244 1229 1230
f 1244 1230 1245
f 1245 1230 1231
f 1245 1231 1246
f 1246 1231 1232
f 1246 1232 1247
f 1247 1232 1233
f 1247 1233 1248
f 1248 1233 1234
f 1248 1234 1249
f 1249 1234 1235
f 1249 1235 1250
f 1250 1235 1236
f 1250 1236 1251
f 1251 1236 1237
f 1251 1237 1252
f 1252 1237 285
f 1252 285 301
f 1253 1238 1239
f 1253 1239 1254
f 1254 1239 1240
f 1254 1240 1255
f 1255 1240 1241
f 1255 1241 1256
f 1256 1241 1242
f 1256 1242 1257
f 1257 1242 1243
f 1257 1243 1258
f 1258 1243 1244
f 1258 1244 1259
f 1259 1244 1245
f 1259 1245 1260
f 1260 1245 1246
f 1260 1246 1261
f 1261 1246 1247
f 1261 1247 1262
f 1262 1247 1248
f 1262 1248 1263
f 1263 1248 1249
f 1263 1249 1264
f 1264 1249 1250
f 1264 1250 1265
f 1265 1250 1251
f 1265 1251 1266
f 1266 1251 1252
f 1266 1252 1267
f 1267 1252 301
f 1267 301 317
f 1268 1253 1254
f 1268 1254 1269
f 1269 1254 1255
f 1269 1255 1270
f 1270 1255 1256
f 1270 1256 1271
f 1271 1256 1257
f 1271 1257 1272
f 1272 1257 1258
f 1272 1258 1273
f 1273 1258 1259
f 1273 1259 1274
f 1274 1259 1260
f 1274 1260 1275
f 1275 1260 1261
f 1275 1261 1276
f 1276 1261 1262
f 1276 1262 1277
f 1277 1262 1263
f 1277 1263 1278
f 1278 1263 1264
f 1278 1264 1279
f 1279 1264 1265
f 1279 1265 1280
f 1280 1265 1266
f 1280 1266 1281
f 1281 1266 1267
f 1281 1267 1282
f 1282 1267 317
f 1282 317 333
f 1283 1268 1269
f 1283 1269 1284
f 1284 1269 1270
f 1284 1270 1285
f 1285 1270 1271
f 1285 1271 1286
f 1286 1271 1272
f 1286 1272 1287
f 1287 1272 1273
f 1287 1273 1288
f 1288 1273 1274
f 1288 1274 1289
f 1289 1274 1275
f 1289 1275 1290
f 1290 1275 1276
f 1290 1276 1291
f 1291 1276 1277
f 1291 1277 1292
f 1292 1277 1278
f 1292 1278 1293
f 1293 1278 1279
f 1293 1279 1294
f 1294 1279 1280
f 1294 1280 1295
f 1295 1280 1281
f 1295 1281 1296
f 1296 1281 1282
f 1296 1282 1297
f 1297 1282 333
f 1297 333 349
f 1298 1283 1284
f 1298 1284 1299
f 1299 1284 1285
f 1299 1285 1300
f 1300 1285 1286
f 1300 1286 1301
f 1301 1286 1287
f 1301 1287 1302
f 1302 1287 1288
f 1302 1288 1303
f 1303 1288 1289
f 1303 1289 1304
f 1304 1289 1290
f 1304 1290 1305
f 1305 1290 1291
f 1305 1291 1306
f 1306 1291 1292
f 1306 1292 1307
f 1307 1292 1293
f 1307 1293 1308
f 1308 1293 1294
f 1308 1294 1309
f 1309 1294 1295
f 1309 1295 1310
f 1310 1295 1296
f 1310 1296 1311
f 1311 1296 1297
f 1311 1297 1312
f 1312 1297 349
f 1312 349 365
f 1313 1298 1299
f 1313 1299 1314
f 1314 1299 1300
f 1314 1300 1315
f 1315 1300 1301
f 1315 1301 1316
f 1316 1301 1302
f 1316 1302 1317
f 1317 1302 1303
f 1317 1303 1318
f 1318 1303 1304
f 1318 1304 1319
f 1319 1304 1305
f 1319 1305 1320
f 1320 1305 1306
f 1320 1306 1321
f 1321 1306 1307
f 1321 1307 1322
f 1322 1307 1308
f 1322 1308 1323
f 1323 1308 1309
f 1323 1309 1324
f 1324 1309 1310
f 1324 1310 1325
f 1325 1310 1311
f 1325 1311 1326
f 1326 1311 1312
f 1326 1312 1327
f 1327 1312 365
f 1327 365 381
f 1328 1313 1314
f 1328 1314 1329
f 1329 1314 1315
f 1329 1315 1330
f 1330 1315 1316
f 1330 1316 1331
f 1331 1316 1317
f 1331 1317 1332
f 1332 1317 1318
f 1332 1318 1333
f 1333 1318 1319
f 1333 1319 1334
f 1334 1319 1320
f 1334 1320 1335
f 1335 1320 1321
f 1335 1321 1336
f 1336 1321 1322
f 1336 1322 1337
f 1337 1322 1323
f 1337 1323 1338
f 1338 1323 1324
f 1338 1324 1339
f 1339 1324 1325
f 1339 1325 1340
f 1340 1325 1326
f 1340 1326 1341
f 1341 1326 1327
f 1341 1327 1342
f 1342 1327 381
f 1342 381 397
f 1343 1328 1329
f 1343 1329 1344
f 1344 1329 1330
f 1344 1330 1345
f 1345 1330 1331
f 1345 1331 1346
f 1346 1331 1332
f 1346 1332 1347
f 1347 1332 1333
f 1347 1333 1348
f 1348 1333 1334
f 1348 1334 1349
f 1349 1334 1335
f 1349 1335 1350
f 1350 1335 1336
f 1350 1336 1351
f 1351 1336 1337
f 1351 1337 1352
f 1352 1337 1338
f 1352 1338 1353
f 1353 1338 1339
f 1353 1339 1354
f 1354 1339 1340
f 1354 1340 1355
f 1355 1340 1341
f 1355 1341 1356
f 1356 1341 1342
f 1356 1342 1357
f 1357 1342 397
f 1357 397 413
f 1358 1343 1344
f 1358 1344 1359
f 1359 1344 1345
f 1359 1345 1360
f 1360 1345 1346
f 1360 1346 1361
f 1361 1346 1347
f 1361 1347 1362
f 1362 1347 1348
f 1362 1348 1363
f 1363 1348 1349
f 1363 1349 1364
f 1364 1349 1350
f 1364 1350 1365
f 1365 1350 1351
f 1365 1351 1366
f 1366 1351 1352
f 1366 1352 1367
f 1367 1352 1353
f 1367 1353 1368
f 1368 1353 1354
f 1368 1354 1369
f 1369 1354 1355
f 1369 1355 1370
f 1370 1355 1356
f 1370 1356 1371
f 1371 1356 1357
f 1371 1357 1372
f 1372 1357 413
f 1372 413 429
f 1373 1358 1359
f 1373 1359 1374
f 1374 1359 1360
f 1374 1360 1375
f 1375 1360 1361
f 1375 1361 1376
f 1376 1361 1362
f 1376 1362 1377
f 1377 1362 1363
f 1377 1363 1378
f 1378 1363 1364
f 1378 1364 1379
f 1379 1364 1365
f 1379 1365 1380
f 1380 1365 1366
f 1380 1366 1381
f 1381 1366 1367
f 1381 1367 1382
f 1382 1367 1368
f 1382 1368 1383
f 1383 1368 1369
f 1383 1369 1384
f 1384 1369 1370
f 1384 1370 1385
f 1385 1370 1371
f 1385 1371 1386
f 1386 1371 1372
f 1386 1372 1387
f 1387 1372 429
f 1387 429 445
f 1388 1373 1374
f 1388 1374 1389
f 1389 1374 1375
f 1389 1375 1390
f 1390 1375 1376
f 1390 1376 1391
f 1391 1376 1377
f 1391 1377 1392
f 1392 1377 1378
f 1392 1378 1393
f 1393 1378 1379
f 1393 1379 1394
f 1394 1379 1380
f 1394 1380 1395
f 1395 1380 1381
f 1395 1381 1396
f 1396 1381 1382
f 1396 1382 1397
f 1397 1382 1383
f 1397 1383 1398
f 1398 1383 1384
f 1398 1384 1399
f 1399 1384 1385
f 1399 1385 1400
f 1400 1385 1386
f 1400 1386 1401
f 1401 1386 1387
f 1401 1387 1402
f 1402 1387 445
f 1402 445 461
f 1403 1388 1389
f 1403 1389 1404
f 1404 1389 1390
f 1404 1390 1405
f 1405 1390 1391
f 1405 1391 1406
f 1406 1391 1392
f 1406 1392 1407
f 1407 1392 1393
f 1407 1393 1408
f 1408 1393 1394
f 1408 1394 1409
f 1409 1394 1395
f 1409 1395 1410
f 1410 1395 1396
f 1410 1396 1411
f 1411 1396 1397
f 1411 1397 1412
f 1412 1397 1398
f 1412 1398 1413
f 1413 1398 1399
f 1413 1399 1414
f 1414 1399 1400
f 1414 1400 1415
f 1415 1400 1401
f 1415 1401 1416
f 1416 1401 1402
f 1416 1402 1417
f 1417 1402 461
f 1417 461 477
f 956 1403 1404
f 956 1404 955
f 955 1404 1405
f 955 1405 958
f 958 1405 1406
f 958 1406 960
f 960 1406 1407
f 960 1407 962
f 962 1407 1408
f 962 1408 964
f 964 1408 1409
f 964 1409 966
f 966 1409 1410
f 966 1410 968
f 968 1410 1411
f 968 1411 970
f 970 1411 1412
f 970 1412 972
f 972 1412 1413
f 972 1413 974
f 974 1413 1414
f 974 1414 976
f 976 1414 1415
f 976 1415 978
f 978 1415 1416
f 978 1416 980
f 980 1416 1417
f 980 1417 982
f 982 1417 477
f 982 477 4
f 1418 1421 1420
f 1418 1420 1419
f 1419 1420 1423
f 1419 1423 1422
f 1422 1423 1425
f 1422 1425 1424
f 1424 1425 1427
f 1424 1427 1426
f 1426 1427 1429
f 1426 1429 1428
f 1428 1429 1431
f 1428 1431 1430
f 1430 1431 1433
f 1430 1433 1432
f 1432 1433 1435
f 1432 1435 1434
f 1434 1435 1437
f 1434 1437 1436
f 1436 1437 1439
f 1436 1439 1438
f 1438 1439 1441
f 1438 1441 1440
f 1440 1441 1443
f 1440 1443 1442
f 1442 1443 1445
f 1442 1445 1444
f 1444 1445 1447
f 1444 1447 1446
f 1446 1447 496
f 1446 496 493
f 1448 1418 1419
f 1448 1419 1449
f 1449 1419 1422
f 1449 1422 1450
f 1450 1422 1424
f 1450 1424 1451
f 1451 1424 1426
f 1451 1426 1452
f 1452 1426 1428
f 1452 1428 1453
f 1453 1428 1430
f 1453 1430 1454
f 1454 1430 1432
f 1454 1432 1455
f 1455 1432 1434
f 1455 1434 1456
f 1456 1434 1436
f 1456 1436 1457
f 1457 1436 1438
f 1457 1438 1458
f 1458 1438 1440
f 1458 1440 1459
f 1459 1440 1442
f 1459 1442 1460
f 1460 1442 1444
f 1460 1444 1461
f 1461 1444 1446
f 1461 1446 1462
f 1462 1446 493
f 1462 493 525
f 1463 1448 1449
f 1463 1449 1464
f 1464 1449 1450
f 1464 1450 1465
f 1465 1450 1451
f 1465 1451 1466
f 1466 1451 1452
f 1466 1452 1467
f 1467 1452 1453
f 1467 1453 1468
f 1468 1453 1454
f 1468 1454 1469
f 1469 1454 1455
f 1469 1455 1470
f 1470 1455 1456
f 1470 1456 1471
f 1471 1456 1457
f 1471 1457 1472
f 1472 1457 1458
f 1472 1458 1473
f 1473 1458 1459
f 1473 1459 1474
f 1474 1459 1460
f 1474 1460 1475
f 1475 1460 1461
f 1475 1461 1476
f 1476 1461 1462
f 1476 1462 1477
f 1477 1462 525
f 1477 525 541
f 1478 1463 1464
f 1478 1464 1479
f 1479 1464 1465
f 1479 1465 1480
f 1480 1465 1466
f 1480 1466 1481
f 1481 1466 1467
f 1481 1467 1482
f 1482 1467 1468
f 1482 1468 1483
f 1483 1468 1469
f 1483 1469 1484
f 1484 1469 1470
f 1484 1470 1485
f 1485 1470 1471
f 1485 1471 1486
f 1486 1471 1472
f 1486 1472 1487
f 1487 1472 1473
f 1487 1473 1488
f 1488 1473 1474
f 1488 1474 1489
f 1489 1474 1475
f 1489 1475 1490
f 1490 1475 1476
f 1490 1476 1491
f 1491 1476 1477
f 1491 1477 1492
f 1492 1477 541
f 1492 541 557
f 1493 1478 1479
f 1493 1479 1494
f 1494 1479 1480
f 1494 1480 1495
f 1495 1480 1481
f 1495 1481 1496
f 1496 1481 1482
f 1496 1482 1497
f 1497 1482 1483
f 1497 1483 1498
f 1498 1483 1484
f 1498 1484 1499
f 1499 1484 1485
f 1499 1485 1500
f 1500 1485 1486
f 1500 1486 1501
f 1501 1486 1487
f 1501 1487 1502
f 1502 1487 1488
f 1502 1488 1503
f 1503 1488 1489
f 1503 1489 1504
f 1504 1489 1490
f 1504 1490 1505
f 1505 1490 1491
f 1505 1491 1506
f 1506 1491 1492
f 1506 1492 1507
f 1507 1492 557
f 1507 557 573
f 1508 1493 1494
f 1508 1494 1509
f 1509 1494 1495
f 1509 1495 1510
f 1510 1495 1496
f 1510 1496 1511
f 1511 1496 1497
f 1511 1497 1512
f 1512 1497 1498
f 1512 1498 1513
f 1513 1498 1499
f 1513 1499 1514
f 1514 1499 1500
f 1514 1500 1515
f 1515 1500 1501
f 1515 1501 1516
f 1516 1501 1502
f 1516 1502 1517
f 1517 1502 1503
f 1517 1503 1518
f 1518 1503 1504
f 1518 1504 1519
f 1519 1504 1505
f 1519 1505 1520
f 1520 1505 1506
f 1520 1506 1521
f 1521 1506 1507
f 1521 1507 1522
f 1522 1507 573
f 1522 573 589
f 1523 1508 1509
f 1523 1509 1524
f 1524 1509 1510
f 1524 1510 1525
f 1525 1510 1511
f 1525 1511 1526
f 1526 1511 1512
f 1526 1512 1527
f 1527 1512 1513
f 1527 1513 1528
f 1528 1513 1514
f 1528 1514 1529
f 1529 1514 1515
f 1529 1515 1530
f 1530 1515 1516
f 1530 1516 1531
f 1531 1516 1517
f 1531 1517 1532
f 1532 1517 1518
f 1532 1518 1533
f 1533 1518 1519
f 1533 1519 1534
f 1534 1519 1520
f 1534 1520 1535
f 1535 1520 1521
f 1535 1521 1536
f 1536 1521 1522
f 1536 1522 1537
f 1537 1522 589
f 1537 589 605
f 1538 1523 1524
f 1538 1524 1539
f 1539 1524 1525
f 1539 1525 1540
f 1540 1525 1526
f 1540 1526 1541
f 1541 1526 1527
f 1541 1527 1542
f 1542 1527 1528
f 1542 1528 1543
f 1543 1528 1529
f 1543 1529 1544
f 1544 1529 1530
f 1544 1530 1545
f 1545 1530 1531
f 1545 1531 1546
f 1546 1531 1532
f 1546 1532 1547
f 1547 1532 1533
f 1547 1533 1548
f 1548 1533 1534
f 1548 1534 1549
f 1549 1534 1535
f 1549 1535 1550
f 1550 1535 1536
f 1550 1536 1551
f 1551 1536 1537
f 1551 1537 1552
f 1552 1537 605
f 1552 605 621
f 1553 1538 1539
f 1553 1539 1554
f 1554 1539 1540
f 1554 1540 1555
f 1555 1540 1541
f 1555 1541 1556
f 1556 1541 1542
f 1556 1542 1557
f 1557 1542 1543
f 1557 1543 1558
f 1558 1543 1544
f 1558 1544 1559
f 1559 1544 1545
f 1559 1545 1560
f 1560 1545 1546
f 1560 1546 1561
f 1561 1546 1547
f 1561 1547 1562
f 1562 1547 1548
f 1562 1548 1563
f 1563 1548 1549
f 1563 1549 1564
f 1564 1549 1550
f 1564 1550 1565
f 1565 1550 1551
f 1565 1551 1566
f 1566 1551 1552
f 1566 1552 1567
f 1567 1552 621
f 1567 621 636
f 1568 1553 1554
f 1568 1554 1569
f 1569 1554 1555
f 1569 1555 1570
f 1570 1555 1556
f 1570 1556 1571
f 1571 1556 1557
f 1571 1557 1572
f 1572 1557 1558
f 1572 1558 1573
f 1573 1558 1559
f 1573 1559 1574
f 1574 1559 1560
f 1574 1560 1575
f 1575 1560 1561
f 1575 1561 1576
f 1576 1561 1562
f 1576 1562 1577
f 1577 1562 1563
f 1577 1563 1578
f 1578 1563 1564
f 1578 1564 1579
f 1579 1564 1565
f 1579 1565 1580
f 1580 1565 1566
f 1580 1566 1581
f 1581 1566 1567
f 1581 1567 1582
f 1582 1567 636
f 1582 636 651
f 1583 1568 1569
f 1583 1569 1584
f 1584 1569 1570
f 1584 1570 1585
f 1585 1570 1571
f 1585 1571 1586
f 1586 1571 1572
f 1586 1572 1587
f 1587 1572 1573
f 1587 1573 1588
f 1588 1573 1574
f 1588 1574 1589
f 1589 1574 1575
f 1589 1575 1590
f 1590 1575 1576
f 1590 1576 1591
f 1591 1576 1577
f 1591 1577 1592
f 1592 1577 1578
f 1592 1578 1593
f 1593 1578 1579
f 1593 1579 1594
f 1594 1579 1580
f 1594 1580 1595
f 1595 1580 1581
f 1595 1581 1596
f 1596 1581 1582
f 1596 1582 1597
f 1597 1582 651
f 1597 651 666
f 1598 1583 1584
f 1598 1584 1599
f 1599 1584 1585
f 1599 1585 1600
f 1600 1585 1586
f 1600 1586 1601
f 1601 1586 1587
f 1601 1587 1602
f 1602 1587 1588
f 1602 1588 1603
f 1603 1588 1589
f 1603 1589 1604
f 1604 1589 1590
f 1604 1590 1605
f 1605 1590 1591
f 1605 1591 1606
f 1606 1591 1592
f 1606 1592 1607
f 1607 1592 1593
f 1607 1593 1608
f 1608 1593 1594
f 1608 1594 1609
f 1609 1594 1595
f 1609 1595 1610
f 1610 1595 1596
f 1610 1596 1611
f 1611 1596 1597
f 1611 1597 1612
f 1612 1597 666
f 1612 666 681
f 1613 1598 1599
f 1613 1599 1614
f 1614 1599 1600
f 1614 1600 1615
f 1615 1600 1601
f 1615 1601 1616
f 1616 1601 1602
f 1616 1602 1617
f 1617 1602 1603
f 1617 1603 1618
f 1618 1603 1604
f 1618 1604 1619
f 1619 1604 1605
f 1619 1605 1620
f 1620 1605 1606
f 1620 1606 1621
f 1621 1606 1607
f 1621 1607 1622
f 1622 1607 1608
f 1622 1608 1623
f 1623 1608 1609
f 1623 1609 1624
f 1624 1609 1610
f 1624 1610 1625
f 1625 1610 1611
f 1625 1611 1626
f 1626 1611 1612
f 1626 1612 1627
f 1627 1612 681
f 1627 681 697
f 1628 1613 1614
f 1628 1614 1629
f 1629 1614 1615
f 1629 1615 1630
f 1630 1615 1616
f 1630 1616 1631
f 1631 1616 1617
f 1631 1617 1632
f 1632 1617 1618
f 1632 1618 1633
f 1633 1618 1619
f 1633 1619 1634
f 1634 1619 1620
f 1634 1620 1635
f 1635 1620 1621
f 1635 1621 1636
f 1636 1621 1622
f 1636 1622 1637
f 1637 1622 1623
f 1637 1623 1638
f 1638 1623 1624
f 1638 1624 1639
f 1639 1624 1625
f 1639 1625 1640
f 1640 1625 1626
f 1640 1626 1641
f 1641 1626 1627
f 1641 1627 1642
f 1642 1627 697
f 1642 697 713
f 1196 1628 1629
f 1196 1629 1195
f 1195 1629 1630
f 1195 1630 1198
f 1198 1630 1631
f 1198 1631 1200
f 1200 1631 1632
f 1200 1632 1202
f 1202 1632 1633
f 1202 1633 1204
f 1204 1633 1634
f 1204 1634 1206
f 1206 1634 1635
f 1206 1635 1208
f 1208 1635 1636
f 1208 1636 1210
f 1210 1636 1637
f 1210 1637 1212
f 1212 1637 1638
f 1212 1638 1214
f 1214 1638 1639
f 1214 1639 1216
f 1216 1639 1640
f 1216 1640 1218
f 1218 1640 1641
f 1218 1641 1220
f 1220 1641 1642
f 1220 1642 1222
f 1222 1642 713
f 1222 713 256
f 1643 1178 1179
f 1643 1179 1644
f 1644 1179 1180
f 1644 1180 1645
f 1645 1180 1181
f 1645 1181 1646
f 1646 1181 1182
f 1646 1182 1647
f 1647 1182 1183
f 1647 1183 1648
f 1648 1183 1184
f 1648 1184 1649
f 1649 1184 1185
f 1649 1185 1650
f 1650 1185 1186
f 1650 1186 1651
f 1651 1186 1187
f 1651 1187 1652
f 1652 1187 1188
f 1652 1188 1653
f 1653 1188 1189
f 1653 1189 1654
f 1654 1189 1190
f 1654 1190 1655
f 1655 1190 1191
f 1655 1191 1656
f 1656 1191 1192
f 1656 1192 1657
f 1657 1192 237
f 1657 237 729
f 1658 1643 1644
f 1658 1644 1659
f 1659 1644 1645
f 1659 1645 1660
f 1660 1645 1646
f 1660 1646 1661
f 1661 1646 1647
f 1661 1647 1662
f 1662 1647 1648
f 1662 1648 1663
f 1663 1648 1649
f 1663 1649 1664
f 1664 1649 1650
f 1664 1650 1665
f 1665 1650 1651
f 1665 1651 1666
f 1666 1651 1652
f 1666 1652 1667
f 1667 1652 1653
f 1667 1653 1668
f 1668 1653 1654
f 1668 1654 1669
f 1669 1654 1655
f 1669 1655 1670
f 1670 1655 1656
f 1670 1656 1671
f 1671 1656 1657
f 1671 1657 1672
f 1672 1657 729
f 1672 729 745
f 1673 1658 1659
f 1673 1659 1674
f 1674 1659 1660
f 1674 1660 1675
f 1675 1660 1661
f 1675 1661 1676
f 1676 1661 1662
f 1676 1662 1677
f 1677 1662 1663
f 1677 1663 1678
f 1678 1663 1664
f 1678 1664 1679
f 1679 1664 1665
f 1679 1665 1680
f 1680 1665 1666
f 1680 1666 1681
f 1681 1666 1667
f 1681 1667 1682
f 1682 1667 1668
f 1682 1668 1683
f 1683 1668 1669
f 1683 1669 1684
f 1684 1669 1670
f 1684 1670 1685
f 1685 1670 1671
f 1685 1671 1686
f 1686 1671 1672
f 1686 1672 1687
f 1687 1672 745
f 1687 745 761
f 1688 1673 1674
f 1688 1674 1689
f 1689 1674 1675
f 1689 1675 1690
f 1690 1675 1676
f 1690 1676 1691
f 1691 1676 1677
f 1691 1677 1692
f 1692 1677 1678
f 1692 1678 1693
f 1693 1678 1679
f 1693 1679 1694
f 1694 1679 1680
f 1694 1680 1695
f 1695 1680 1681
f 1695 1681 1696
f 1696 1681 1682
f 1696 1682 1697
f 1697 1682 1683
f 1697 1683 1698
f 1698 1683 1684
f 1698 1684 1699
f 1699 1684 1685
f 1699 1685 1700
f 1700 1685 1686
f 1700 1686 1701
f 1701 1686 1687
f 1701 1687 1702
f 1702 1687 761
f 1702 761 777
f 1703 1688 1689
f 1703 1689 1704
f 1704 1689 1690
f 1704 1690 1705
f 1705 1690 1691
f 1705 1691 1706
f 1706 1691 1692
f 1706 1692 1707
f 1707 1692 1693
f 1707 1693 1708
f 1708 1693 1694
f 1708 1694 1709
f 1709 1694 1695
f 1709 1695 1710
f 1710 1695 1696
f 1710 1696 1711
f 1711 1696 1697
f 1711 1697 1712
f 1712 1697 1698
f 1712 1698 1713
f 1713 1698 1699
f 1713 1699 1714
f 1714 1699 1700
f 1714 1700 1715
f 1715 1700 1701
f 1715 1701 1716
f 1716 1701 1702
f 1716 1702 1717
f 1717 1702 777
f 1717 777 793
f 1718 1703 1704
f 1718 1704 1719
f 1719 1704 1705
f 1719 1705 1720
f 1720 1705 1706
f 1720 1706 1721
f 1721 1706 1707
f 1721 1707 1722
f 1722 1707 1708
f 1722 1708 1723
f 1723 1708 1709
f 1723 1709 1724
f 1724 1709 1710
f 1724 1710 1725
f 1725 1710 1711
f 1725 1711 1726
f 1726 1711 1712
f 1726 1712 1727
f 1727 1712 1713
f 1727 1713 1728
f 1728 1713 1714
f 1728 1714 1729
f 1729 1714 1715
f 1729 1715 1730
f 1730 1715 1716
f 1730 1716 1731
f 1731 1716 1717
f 1731 1717 1732
f 1732 1717 793
f 1732 793 809
f 1733 1718 1719
f 1733 1719 1734
f 1734 1719 1720
f 1734 1720 1735
f 1735 1720 1721
f 1735 1721 1736
f 1736 1721 1722
f 1736 1722 1737
f 1737 1722 1723
f 1737 1723 1738
f 1738 1723 1724
f 1738 1724 1739
f 1739 1724 1725
f 1739 1725 1740
f 1740 1725 1726
f 1740 1726 1741
f 1741 1726 1727
f 1741 1727 1742
f 1742 1727 1728
f 1742 1728 1743
f 1743 1728 1729
f 1743 1729 1744
f 1744 1729 1730
f 1744 1730 1745
f 1745 1730 1731
f 1745 1731 1746
f 1746 1731 1732
f 1746 1732 1747
f 1747 1732 809
f 1747 809 825
f 1748 1733 1734
f 1748 1734 1749
f 1749 1734 1735
f 1749 1735 1750
f 1750 1735 1736
f 1750 1736 1751
f 1751 1736 1737
f 1751 1737 1752
f 1752 1737 1738
f 1752 1738 1753
f 1753 1738 1739
f 1753 1739 1754
f 1754 1739 1740
f 1754 1740 1755
f 1755 1740 1741
f 1755 1741 1756
f 1756 1741 1742
f 1756 1742 1757
f 1757 1742 1743
f 1757 1743 1758
f 1758 1743 1744
f 1758 1744 1759
f 1759 1744 1745
f 1759 1745 1760
f 1760 1745 1746
f 1760 1746 1761
f 1761 1746 1747
f 1761 1747 1762
f 1762 1747 825
f 1762 825 841
f 1763 1748 1749
f 1763 1749 1764
f 1764 1749 1750
f 1764 1750 1765
f 1765 1750 1751
f 1765 1751 1766
f 1766 1751 1752
f 1766 1752 1767
f 1767 1752 1753
f 1767 1753 1768
f 1768 1753 1754
f 1768 1754 1769
f 1769 1754 1755
f 1769 1755 1770
f 1770 1755 1756
f 1770 1756 1771
f 1771 1756 1757
f 1771 1757 1772
f 1772 1757 1758
f 1772 1758 1773
f 1773 1758 1759
f 1773 1759 1774
f 1774 1759 1760
f 1774 1760 1775
f 1775 1760 1761
f 1775 1761 1776
f 1776 1761 1762
f 1776 1762 1777
f 1777 1762 841
f 1777 841 857
f 1778 1763 1764
f 1778 1764 1779
f 1779 1764 1765
f 1779 1765 1780
f 1780 1765 1766
f 1780 1766 1781
f 1781 1766 1767
f 1781 1767 1782
f 1782 1767 1768
f 1782 1768 1783
f 1783 1768 1769
f 1783 1769 1784
f 1784 1769 1770
f 1784 1770 1785
f 1785 1770 1771
f 1785 1771 1786
f 1786 1771 1772
f 1786 1772 1787
f 1787 1772 1773
f 1787 1773 1788
f 1788 1773 1774
f 1788 1774 1789
f 1789 1774 1775
f 1789 1775 1790
f 1790 1775 1776
f 1790 1776 1791
f 1791 1776 1777
f 1791 1777 1792
f 1792 1777 857
f 1792 857 873
f 1793 1778 1779
f 1793 1779 1794
f 1794 1779 1780
f 1794 1780 1795
f 1795 1780 1781
f 1795 1781 1796
f 1796 1781 1782
f 1796 1782 1797
f 1797 1782 1783
f 1797 1783 1798
f 1798 1783 1784
f 1798 1784 1799
f 1799 1784 1785
f 1799 1785 1800
f 1800 1785 1786
f 1800 1786 1801
f 1801 1786 1787
f 1801 1787 1802
f 1802 1787 1788
f 1802 1788 1803
f 1803 1788 1789
f 1803 1789 1804
f 1804 1789 1790
f 1804 1790 1805
f 1805 1790 1791
f 1805 1791 1806
f 1806 1791 1792
f 1806 1792 1807
f 1807 1792 873
f 1807 873 889
f 1808 1793 1794
f 1808 1794 1809
f 1809 1794 1795
f 1809 1795 1810
f 1810 1795 1796
f 1810 1796 1811
f 1811 1796 1797
f 1811 1797 1812
f 1812 1797 1798
f 1812 1798 1813
f 1813 1798 1799
f 1813 1799 1814
f 1814 1799 1800
f 1814 1800 1815
f 1815 1800 1801
f 1815 1801 1816
f 1816 1801 1802
f 1816 1802 1817
f 1817 1802 1803
f 1817 1803 1818
f 1818 1803 1804
f 1818 1804 1819
f 1819 1804 1805
f 1819 1805 1820
f 1820 1805 1806
f 1820 1806 1821
f 1821 1806 1807
f 1821 1807 1822
f 1822 1807 889
f 1822 889 905
f 1823 1808 1809
f 1823 1809 1824
f 1824 1809 1810
f 1824 1810 1825
f 1825 1810 1811
f 1825 1811 1826
f 1826 1811 1812
f 1826 1812 1827
f 1827 1812 1813
f 1827 1813 1828
f 1828 1813 1814
f 1828 1814 1829
f 1829 1814 1815
f 1829 1815 1830
f 1830 1815 1816
f 1830 1816 1831
f 1831 1816 1817
f 1831 1817 1832
f 1832 1817 1818
f 1832 1818 1833
f 1833 1818 1819
f 1833 1819 1834
f 1834 1819 1820
f 1834 1820 1835
f 1835 1820 1821
f 1835 1821 1836
f 1836 1821 1822
f 1836 1822 1837
f 1837 1822 905
f 1837 905 921
f 1838 1823 1824
f 1838 1824 1839
f 1839 1824 1825
f 1839 1825 1840
f 1840 1825 1826
f 1840 1826 1841
f 1841 1826 1827
f 1841 1827 1842
f 1842 1827 1828
f 1842 1828 1843
f 1843 1828 1829
f 1843 1829 1844
f 1844 1829 1830
f 1844 1830 1845
f 1845 1830 1831
f 1845 1831 1846
f 1846 1831 1832
f 1846 1832 1847
f 1847 1832 1833
f 1847 1833 1848
f 1848 1833 1834
f 1848 1834 1849
f 1849 1834 1835
f 1849 1835 1850
f 1850 1835 1836
f 1850 1836 1851
f 1851 1836 1837
f 1851 1837 1852
f 1852 1837 921
f 1852 921 937
f 1421 1838 1839
f 1421 1839 1420
f 1420 1839 1840
f 1420 1840 1423
f 1423 1840 1841
f 1423 1841 1425
f 1425 1841 1842
f 1425 1842 1427
f 1427 1842 1843
f 1427 1843 1429
f 1429 1843 1844
f 1429 1844 1431
f 1431 1844 1845
f 1431 1845 1433
f 1433 1845 1846
f 1433 1846 1435
f 1435 1846 1847
f 1435 1847 1437
f 1437 1847 1848
f 1437 1848 1439
f 1439 1848 1849
f 1439 1849 1441
f 1441 1849 1850
f 1441 1850 1443
f 1443 1850 1851
f 1443 1851 1445
f 1445 1851 1852
f 1445 1852 1447
f 1447 1852 937
f 1447 937 496
f 1853 1856 1855
f 1853 1855 1854
f 1854 1855 1858
f 1854 1858 1857
f 1857 1858 1860
f 1857 1860 1859
f 1859 1860 1862
f 1859 1862 1861
f 1861 1862 1864
f 1861 1864 1863
f 1863 1864 1866
f 1863 1866 1865
f 1865 1866 1868
f 1865 1868 1867
f 1867 1868 1870
f 1867 1870 1869
f 1869 1870 1872
f 1869 1872 1871
f 1871 1872 1874
f 1871 1874 1873
f 1873 1874 1876
f 1873 1876 1875
f 1875 1876 1878
f 1875 1878 1877
f 1877 1878 1880
f 1877 1880 1879
f 1879 1880 1882
f 1879 1882 1881
f 1881 1882 956
f 1881 956 953
f 1883 1853 1854
f 1883 1854 1884
f 1884 1854 1857
f 1884 1857 1885
f 1885 1857 1859
f 1885 1859 1886
f 1886 1859 1861
f 1886 1861 1887
f 1887 1861 1863
f 1887 1863 1888
f 1888 1863 1865
f 1888 1865 1889
f 1889 1865 1867
f 1889 1867 1890
f 1890 1867 1869
f 1890 1869 1891
f 1891 1869 1871
f 1891 1871 1892
f 1892 1871 1873
f 1892 1873 1893
f 1893 1873 1875
f 1893 1875 1894
f 1894 1875 1877
f 1894 1877 1895
f 1895 1877 1879
f 1895 1879 1896
f 1896 1879 1881
f 1896 1881 1897
f 1897 1881 953
f 1897 953 983
f 1898 1883 1884
f 1898 1884 1899
f 1899 1884 1885
f 1899 1885 1900
f 1900 1885 1886
f 1900 1886 1901
f 1901 1886 1887
f 1901 1887 1902
f 1902 1887 1888
f 1902 1888 1903
f 1903 1888 1889
f 1903 1889 1904
f 1904 1889 1890
f 1904 1890 1905
f 1905 1890 1891
f 1905 1891 1906
f 1906 1891 1892
f 1906 1892 1907
f 1907 1892 1893
f 1907 1893 1908
f 1908 1893 1894
f 1908 1894 1909
f 1909 1894 1895
f 1909 1895 1910
f 1910 1895 1896
f 1910 1896 1911
f 1911 1896 1897
f 1911 1897 1912
f 1912 1897 983
f 1912 983 998
f 1913 1898 1899
f 1913 1899 1914
f 1914 1899 1900
f 1914 1900 1915
f 1915 1900 1901
f 1915 1901 1916
f 1916 1901 1902
f 1916 1902 1917
f 1917 1902 1903
f 1917 1903 1918
f 1918 1903 1904
f 1918 1904 1919
f 1919 1904 1905
f 1919 1905 1920
f 1920 1905 1906
f 1920 1906 1921
f 1921 1906 1907
f 1921 1907 1922
f 1922 1907 1908
f 1922 1908 1923
f 1923 1908 1909
f 1923 1909 1924
f 1924 1909 1910
f 1924 1910 1925
f 1925 1910 1911
f 1925 1911 1926
f 1926 1911 1912
f 1926 1912 1927
f 1927 1912 998
f 1927 998 1013
f 1928 1913 1914
f 1928 1914 1929
f 1929 1914 1915
f 1929 1915 1930
f 1930 1915 1916
f 1930 1916 1931
f 1931 1916 1917
f 1931 1917 1932
f 1932 1917 1918
f 1932 1918 1933
f 1933 1918 1919
f 1933 1919 1934
f 1934 1919 1920
f 1934 1920 1935
f 1935 1920 1921
f 1935 1921 1936
f 1936 1921 1922
f 1936 1922 1937
f 1937 1922 1923
f 1937 1923 1938
f 1938 1923 1924
f 1938 1924 1939
f 1939 1924 1925
f 1939 1925 1940
f 1940 1925 1926
f 1940 1926 1941
f 1941 1926 1927
f 1941 1927 1942
f 1942 1927 1013
f 1942 1013 1028
f 1943 1928 1929
f 1943 1929 1944
f 1944 1929 1930
f 1944 1930 1945
f 1945 1930 1931
f 1945 1931 1946
f 1946 1931 1932
f 1946 1932 1947
f 1947 1932 1933
f 1947 1933 1948
f 1948 1933 1934
f 1948 1934 1949
f 1949 1934 1935
f 1949 1935 1950
f 1950 1935 1936
f 1950 1936 1951
f 1951 1936 1937
f 1951 1937 1952
f 1952 1937 1938
f 1952 1938 1953
f 1953 1938 1939
f 1953 1939 1954
f 1954 1939 1940
f 1954 1940 1955
f 1955 1940 1941
f 1955 1941 1956
f 1956 1941 1942
f 1956 1942 1957
f 1957 1942 1028
f 1957 1028 1043
f 1958 1943 1944
f 1958 1944 1959
f 1959 1944 1945
f 1959 1945 1960
f 1960 1945 1946
f 1960 1946 1961
f 1961 1946 1947
f 1961 1947 1962
f 1962 1947 1948
f 1962 1948 1963
f 1963 1948 1949
f 1963 1949 1964
f 1964 1949 1950
f 1964 1950 1965
f 1965 1950 1951
f 1965 1951 1966
f 1966 1951 1952
f 1966 1952 1967
f 1967 1952 1953
f 1967 1953 1968
f 1968 1953 1954
f 1968 1954 1969
f 1969 1954 1955
f 1969 1955 1970
f 1970 1955 1956
f 1970 1956 1971
f 1971 1956 1957
f 1971 1957 1972
f 1972 1957 1043
f 1972 1043 1058
f 1973 1958 1959
f 1973 1959 1974
f 1974 1959 1960
f 1974 1960 1975
f 1975 1960 1961
f 1975 1961 1976
f 1976 1961 1962
f 1976 1962 1977
f 1977 1962 1963
f 1977 1963 1978
f 1978 1963 1964
f 1978 1964 1979
f 1979 1964 1965
f 1979 1965 1980
f 1980 1965 1966
f 1980 1966 1981
f 1981 1966 1967
f 1981 1967 1982
f 1982 1967 1968
f 1982 1968 1983
f 1983 1968 1969
f 1983 1969 1984
f 1984 1969 1970
f 1984 1970 1985
f 1985 1970 1971
f 1985 1971 1986
f 1986 1971 1972
f 1986 1972 1987
f 1987 1972 1058
f 1987 1058 1073
f 1988 1973 1974
f 1988 1974 1989
f 1989 1974 1975
f 1989 1975 1990
f 1990 1975 1976
f 1990 1976 1991
f 1991 1976 1977
f 1991 1977 1992
f 1992 1977 1978
f 1992 1978 1993
f 1993 1978 1979
f 1993 1979 1994
f 1994 1979 1980
f 1994 1980 1995
f 1995 1980 1981
f 1995 1981 1996
f 1996 1981 1982
f 1996 1982 1997
f 1997 1982 1983
f 1997 1983 1998
f 1998 1983 1984
f 1998 1984 1999
f 1999 1984 1985
f 1999 1985 2000
f 2000 1985 1986
f 2000 1986 2001
f 2001 1986 1987
f 2001 1987 2002
f 2002 1987 1073
f 2002 1073 1088
f 2003 1988 1989
f 2003 1989 2004
f 2004 1989 1990
f 2004 1990 2005
f 2005 1990 1991
f 2005 1991 2006
f 2006 1991 1992
f 2006 1992 2007
f 2007 1992 1993
f 2007 1993 2008
f 2008 1993 1994
f 2008 1994 2009
f 2009 1994 1995
f 2009 1995 2010
f 2010 1995 1996
f 2010 1996 2011
f 2011 1996 1997
f 2011 1997 2012
f 2012 1997 1998
f 2012 1998 2013
f 2013 1998 1999
f 2013 1999 2014
f 2014 1999 2000
f 2014 2000 2015
f 2015 2000 2001
f 2015 2001 2016
f 2016 2001 2002
f 2016 2002 2017
f 2017 2002 1088
f 2017 1088 1103
f 2018 2003 2004
f 2018 2004 2019
f 2019 2004 2005
f 2019 2005 2020
f 2020 2005 2006
f 2020 2006 2021
f 2021 2006 2007
f 2021 2007 2022
f 2022 2007 2008
f 2022 2008 2023
f 2023 2008 2009
f 2023 2009 2024
f 2024 2009 2010
f 2024 2010 2025
f 2025 2010 2011
f 2025 2011 2026
f 2026 2011 2012
f 2026 2012 2027
f 2027 2012 2013
f 2027 2013 2028
f 2028 2013 2014
f 2028 2014 2029
f 2029 2014 2015
f 2029 2015 2030
f 2030 2015 2016
f 2030 2016 2031
f 2031 2016 2017
f 2031 2017 2032
f 2032 2017 1103
f 2032 1103 1118
f 2033 2018 2019
f 2033 2019 2034
f 2034 2019 2020
f 2034 2020 2035
f 2035 2020 2021
f 2035 2021 2036
f 2036 2021 2022
f 2036 2022 2037
f 2037 2022 2023
f 2037 2023 2038
f 2038 2023 2024
f 2038 2024 2039
f 2039 2024 2025
f 2039 2025 2040
f 2040 2025 2026
f 2040 2026 2041
f 2041 2026 2027
f 2041 2027 2042
f 2042 2027 2028
f 2042 2028 2043
f 2043 2028 2029
f 2043 2029 2044
f 2044 2029 2030
f 2044 2030 2045
f 2045 2030 2031
f 2045 2031 2046
f 2046 2031 2032
f 2046 2032 2047
f 2047 2032 1118
f 2047 1118 1133
f 2048 2033 2034
f 2048 2034 2049
f 2049 2034 2035
f 2049 2035 2050
f 2050 2035 2036
f 2050 2036 2051
f 2051 2036 2037
f 2051 2037 2052
f 2052 2037 2038
f 2052 2038 2053
f 2053 2038 2039
f 2053 2039 2054
f 2054 2039 2040
f 2054 2040 2055
f 2055 2040 2041
f 2055 2041 2056
f 2056 2041 2042
f 2056 2042 2057
f 2057 2042 2043
f 2057 2043 2058
f 2058 2043 2044
f 2058 2044 2059
f 2059 2044 2045
f 2059 2045 2060
f 2060 2045 2046
f 2060 2046 2061
f 2061 2046 2047
f 2061 2047 2062
f 2062 2047 1133
f 2062 1133 1148
f 2063 2048 2049
f 2063 2049 2064
f 2064 2049 2050
f 2064 2050 2065
f 2065 2050 2051
f 2065 2051 2066
f 2066 2051 2052
f 2066 2052 2067
f 2067 2052 2053
f 2067 2053 2068
f 2068 2053 2054
f 2068 2054 2069
f 2069 2054 2055
f 2069 2055 2070
f 2070 2055 2056
f 2070 2056 2071
f 2071 2056 2057
f 2071 2057 2072
f 2072 2057 2058
f 2072 2058 2073
f 2073 2058 2059
f 2073 2059 2074
f 2074 2059 2060
f 2074 2060 2075
f 2075 2060 2061
f 2075 2061 2076
f 2076 2061 2062
f 2076 2062 2077
f 2077 2062 1148
f 2077 1148 1163
f 2078 2063 2064
f 2078 2064 2079
f 2079 2064 2065
f 2079 2065 2080
f 2080 2065 2066
f 2080 2066 2081
f 2081 2066 2067
f 2081 2067 2082
f 2082 2067 2068
f 2082 2068 2083
f 2083 2068 2069
f 2083 2069 2084
f 2084 2069 2070
f 2084 2070 2085
f 2085 2070 2071
f 2085 2071 2086
f 2086 2071 2072
f 2086 2072 2087
f 2087 2072 2073
f 2087 2073 2088
f 2088 2073 2074
f 2088 2074 2089
f 2089 2074 2075
f 2089 2075 2090
f 2090 2075 2076
f 2090 2076 2091
f 2091 2076 2077
f 2091 2077 2092
f 2092 2077 1163
f 2092 1163 1178
f 2093 2096 2095
f 2093 2095 2094
f 2094 2095 2098
f 2094 2098 2097
f 2097 2098 2100
f 2097 2100 2099
f 2099 2100 2102
f 2099 2102 2101
f 2101 2102 2104
f 2101 2104 2103
f 2103 2104 2106
f 2103 2106 2105
f 2105 2106 2108
f 2105 2108 2107
f 2107 2108 2110
f 2107 2110 2109
f 2109 2110 2112
f 2109 2112 2111
f 2111 2112 2114
f 2111 2114 2113
f 2113 2114 2116
f 2113 2116 2115
f 2115 2116 2118
f 2115 2118 2117
f 2117 2118 2120
f 2117 2120 2119
f 2119 2120 2122
f 2119 2122 2121
f 2121 2122 1196
f 2121 1196 1193
f 2123 2093 2094
f 2123 2094 2124
f 2124 2094 2097
f 2124 2097 2125
f 2125 2097 2099
f 2125 2099 2126
f 2126 2099 2101
f 2126 2101 2127
f 2127 2101 2103
f 2127 2103 2128
f 2128 2103 2105
f 2128 2105 2129
f 2129 2105 2107
f 2129 2107 2130
f 2130 2107 2109
f 2130 2109 2131
f 2131 2109 2111
f 2131 2111 2132
f 2132 2111 2113
f 2132 2113 2133
f 2133 2113 2115
f 2133 2115 2134
f 2134 2115 2117
f 2134 2117 2135
f 2135 2117 2119
f 2135 2119 2136
f 2136 2119 2121
f 2136 2121 2137
f 2137 2121 1193
f 2137 1193 1223
f 2138 2123 2124
f 2138 2124 2139
f 2139 2124 2125
f 2139 2125 2140
f 2140 2125 2126
f 2140 2126 2141
f 2141 2126 2127
f 2141 2127 2142
f 2142 2127 2128
f 2142 2128 2143
f 2143 2128 2129
f 2143 2129 2144
f 2144 2129 2130
f 2144 2130 2145
f 2145 2130 2131
f 2145 2131 2146
f 2146 2131 2132
f 2146 2132 2147
f 2147 2132 2133
f 2147 2133 2148
f 2148 2133 2134
f 2148 2134 2149
f 2149 2134 2135
f 2149 2135 2150
f 2150 2135 2136
f 2150 2136 2151
f 2151 2136 2137
f 2151 2137 2152
f 2152 2137 1223
f 2152 1223 1238
f 2153 2138 2139
f 2153 2139 2154
f 2154 2139 2140
f 2154 2140 2155
f 2155 2140 2141
f 2155 2141 2156
f 2156 2141 2142
f 2156 2142 2157
f 2157 2142 2143
f 2157 2143 2158
f 2158 2143 2144
f 2158 2144 2159
f 2159 2144 2145
f 2159 2145 2160
f 2160 2145 2146
f 2160 2146 2161
f 2161 2146 2147
f 2161 2147 2162
f 2162 2147 2148
f 2162 2148 2163
f 2163 2148 2149
f 2163 2149 2164
f 2164 2149 2150
f 2164 2150 2165
f 2165 2150 2151
f 2165 2151 2166
f 2166 2151 2152
f 2166 2152 2167
f 2167 2152 1238
f 2167 1238 1253
f 2168 2153 2154
f 2168 2154 2169
f 2169 2154 2155
f 2169 2155 2170
f 2170 2155 2156
f 2170 2156 2171
f 2171 2156 2157
f 2171 2157 2172
f 2172 2157 2158
f 2172 2158 2173
f 2173 2158 2159
f 2173 2159 2174
f 2174 2159 2160
f 2174 2160 2175
f 2175 2160 2161
f 2175 2161 2176
f 2176 2161 2162
f 2176 2162 2177
f 2177 2162 2163
f 2177 2163 2178
f 2178 2163 2164
f 2178 2164 2179
f 2179 2164 2165
f 2179 2165 2180
f 2180 2165 2166
f 2180 2166 2181
f 2181 2166 2167
f 2181 2167 2182
f 2182 2167 1253
f 2182 1253 1268
f 2183 2168 2169
f 2183 2169 2184
f 2184 2169 2170
f 2184 2170 2185
f 2185 2170 2171
f 2185 2171 2186
f 2186 2171 2172
f 2186 2172 2187
f 2187 2172 2173
f 2187 2173 2188
f 2188 2173 2174
f 2188 2174 2189
f 2189 2174 2175
f 2189 2175 2190
f 2190 2175 2176
f 2190 2176 2191
f 2191 2176 2177
f 2191 2177 2192
f 2192 2177 2178
f 2192 2178 2193
f 2193 2178 2179
f 2193 2179 2194
f 2194 2179 2180
f 2194 2180 2195
f 2195 2180 2181
f 2195 2181 2196
f 2196 2181 2182
f 2196 2182 2197
f 2197 2182 1268
f 2197 1268 1283
f 2198 2183 2184
f 2198 2184 2199
f 2199 2184 2185
f 2199 2185 2200
f 2200 2185 2186
f 2200 2186 2201
f 2201 2186 2187
f 2201 2187 2202
f 2202 2187 2188
f 2202 2188 2203
f 2203 2188 2189
f 2203 2189 2204
f 2204 2189 2190
f 2204 2190 2205
f 2205 2190 2191
f 2205 2191 2206
f 2206 2191 2192
f 2206 2192 2207
f 2207 2192 2193
f 2207 2193 2208
f 2208 2193 2194
f 2208 2194 2209
f 2209 2194 2195
f 2209 2195 2210
f 2210 2195 2196
f 2210 2196 2211
f 2211 2196 2197
f 2211 2197 2212
f 2212 2197 1283
f 2212 1283 1298
f 2213 2198 2199
f 2213 2199 2214
f 2214 2199 2200
f 2214 2200 2215
f 2215 2200 2201
f 2215 2201 2216
f 2216 2201 2202
f 2216 2202 2217
f 2217 2202 2203
f 2217 2203 2218
f 2218 2203 2204
f 2218 2204 2219
f 2219 2204 2205
f 2219 2205 2220
f 2220 2205 2206
f 2220 2206 2221
f 2221 2206 2207
f 2221 2207 2222
f 2222 2207 2208
f 2222 2208 2223
f 2223 2208 2209
f 2223 2209 2224
f 2224 2209 2210
f 2224 2210 2225
f 2225 2210 2211
f 2225 2211 2226
f 2226 2211 2212
f 2226 2212 2227
f 2227 2212 1298
f 2227 1298 1313
f 2228 2213 2214
f 2228 2214 2229
f 2229 2214 2215
f 2229 2215 2230
f 2230 2215 2216
f 2230 2216 2231
f 2231 2216 2217
f 2231 2217 2232
f 2232 2217 2218
f 2232 2218 2233
f 2233 2218 2219
f 2233 2219 2234
f 2234 2219 2220
f 2234 2220 2235
f 2235 2220 2221
f 2235 2221 2236
f 2236 2221 2222
f 2236 2222 2237
f 2237 2222 2223
f 2237 2223 2238
f 2238 2223 2224
f 2238 2224 2239
f 2239 2224 2225
f 2239 2225 2240
f 2240 2225 2226
f 2240 2226 2241
f 2241 2226 2227
f 2241 2227 2242
f 2242 2227 1313
f 2242 1313 1328
f 2243 2228 2229
f 2243 2229 2244
f 2244 2229 2230
f 2244 2230 2245
f 2245 2230 2231
f 2245 2231 2246
f 2246 2231 2232
f 2246 2232 2247
f 2247 2232 2233
f 2247 2233 2248
f 2248 2233 2234
f 2248 2234 2249
f 2249 2234 2235
f 2249 2235 2250
f 2250 2235 2236
f 2250 2236 2251
f 2251 2236 2237
f 2251 2237 2252
f 2252 2237 2238
f 2252 2238 2253
f 2253 2238 2239
f 2253 2239 2254
f 2254 2239 2240
f 2254 2240 2255
f 2255 2240 2241
f 2255 2241 2256
f 2256 2241 2242
f 2256 2242 2257
f 2257 2242 1328
f 2257 1328 1343
f 2258 2243 2244
f 2258 2244 2259
f 2259 2244 2245
f 2259 2245 2260
f 2260 2245 2246
f 2260 2246 2261
f 2261 2246 2247
f 2261 2247 2262
f 2262 2247 2248
f 2262 2248 2263
f 2263 2248 2249
f 2263 2249 2264
f 2264 2249 2250
f 2264 2250 2265
f 2265 2250 2251
f 2265 2251 2266
f 2266 2251 2252
f 2266 2252 2267
f 2267 2252 2253
f 2267 2253 2268
f 2268 2253 2254
f 2268 2254 2269
f 2269 2254 2255
f 2269 2255 2270
f 2270 2255 2256
f 2270 2256 2271
f 2271 2256 2257
f 2271 2257 2272
f 2272 2257 1343
f 2272 1343 1358
f 2273 2258 2259
f 2273 2259 2274
f 2274 2259 2260
f 2274 2260 2275
f 2275 2260 2261
f 2275 2261 2276
f 2276 2261 2262
f 2276 2262 2277
f 2277 2262 2263
f 2277 2263 2278
f 2278 2263 2264
f 2278 2264 2279
f 2279 2264 2265
f 2279 2265 2280
f 2280 2265 2266
f 2280 2266 2281
f 2281 2266 2267
f 2281 2267 2282
f 2282 2267 2268
f 2282 2268 2283
f 2283 2268 2269
f 2283 2269 2284
f 2284 2269 2270
f 2284 2270 2285
f 2285 2270 2271
f 2285 2271 2286
f 2286 2271 2272
f 2286 2272 2287
f 2287 2272 1358
f 2287 1358 1373
f 2288 2273 2274
f 2288 2274 2289
f 2289 2274 2275
f 2289 2275 2290
f 2290 2275 2276
f 2290 2276 2291
f 2291 2276 2277
f 2291 2277 2292
f 2292 2277 2278
f 2292 2278 2293
f 2293 2278 2279
f 2293 2279 2294
f 2294 2279 2280
f 2294 2280 2295
f 2295 2280 2281
f 2295 2281 2296
f 2296 2281 2282
f 2296 2282 2297
f 2297 2282 2283
f 2297 2283 2298
f 2298 2283 2284
f 2298 2284 2299
f 2299 2284 2285
f 2299 2285 2300
f 2300 2285 2286
f 2300 2286 2301
f 2301 2286 2287
f 2301 2287 2302
f 2302 2287 1373
f 2302 1373 1388
f 2303 2288 2289
f 2303 2289 2304
f 2304 2289 2290
f 2304 2290 2305
f 2305 2290 2291
f 2305 2291 2306
f 2306 2291 2292
f 2306 2292 2307
f 2307 2292 2293
f 2307 2293 2308
f 2308 2293 2294
f 2308 2294 2309
f 2309 2294 2295
f 2309 2295 2310
f 2310 2295 2296
f 2310 2296 2311
f 2311 2296 2297
f 2311 2297 2312
f 2312 2297 2298
f 2312 2298 2313
f 2313 2298 2299
f 2313 2299 2314
f 2314 2299 2300
f 2314 2300 2315
f 2315 2300 2301
f 2315 2301 2316
f 2316 2301 2302
f 2316 2302 2317
f 2317 2302 1388
f 2317 1388 1403
f 1856 2303 2304
f 1856 2304 1855
f 1855 2304 2305
f 1855 2305 1858
f 1858 2305 2306
f 1858 2306 1860
f 1860 2306 2307
f 1860 2307 1862
f 1862 2307 2308
f 1862 2308 1864
f 1864 2308 2309
f 1864 2309 1866
f 1866 2309 2310
f 1866 2310 1868
f 1868 2310 2311
f 1868 2311 1870
f 1870 2311 2312
f 1870 2312 1872
f 1872 2312 2313
f 1872 2313 1874
f 1874 2313 2314
f 1874 2314 1876
f 1876 2314 2315
f 1876 2315 1878
f 1878 2315 2316
f 1878 2316 1880
f 1880 2316 2317
f 1880 2317 1882
f 1882 2317 1403
f 1882 1403 956
f 2318 2321 2320
f 2318 2320 2319
f 2319 2320 2323
f 2319 2323 2322
f 2322 2323 2325
f 2322 2325 2324
f 2324 2325 2327
f 2324 2327 2326
f 2326 2327 2329
f 2326 2329 2328
f 2328 2329 2331
f 2328 2331 2330
f 2330 2331 2333
f 2330 2333 2332
f 2332 2333 2335
f 2332 2335 2334
f 2334 2335 2337
f 2334 2337 2336
f 2336 2337 2339
f 2336 2339 2338
f 2338 2339 2341
f 2338 2341 2340
f 2340 2341 2343
f 2340 2343 2342
f 2342 2343 2345
f 2342 2345 2344
f 2344 2345 2347
f 2344 2347 2346
f 2346 2347 1421
f 2346 1421 1418
f 2348 2318 2319
f 2348 2319 2349
f 2349 2319 2322
f 2349 2322 2350
f 2350 2322 2324
f 2350 2324 2351
f 2351 2324 2326
f 2351 2326 2352
f 2352 2326 2328
f 2352 2328 2353
f 2353 2328 2330
f 2353 2330 2354
f 2354 2330 2332
f 2354 2332 2355
f 2355 2332 2334
f 2355 2334 2356
f 2356 2334 2336
f 2356 2336 2357
f 2357 2336 2338
f 2357 2338 2358
f 2358 2338 2340
f 2358 2340 2359
f 2359 2340 2342
f 2359 2342 2360
f 2360 2342 2344
f 2360 2344 2361
f 2361 2344 2346
f 2361 2346 2362
f 2362 2346 1418
f 2362 1418 1448
f 2363 2348 2349
f 2363 2349 2364
f 2364 2349 2350
f 2364 2350 2365
f 2365 2350 2351
f 2365 2351 2366
f 2366 2351 2352
f 2366 2352 2367
f 2367 2352 2353
f 2367 2353 2368
f 2368 2353 2354
f 2368 2354 2369
f 2369 2354 2355
f 2369 2355 2370
f 2370 2355 2356
f 2370 2356 2371
f 2371 2356 2357
f 2371 2357 2372
f 2372 2357 2358
f 2372 2358 2373
f 2373 2358 2359
f 2373 2359 2374
f 2374 2359 2360
f 2374 2360 2375
f 2375 2360 2361
f 2375 2361 2376
f 2376 2361 2362
f 2376 2362 2377
f 2377 2362 1448
f 2377 1448 1463
f 2378 2363 2364
f 2378 2364 2379
f 2379 2364 2365
f 2379 2365 2380
f 2380 2365 2366
f 2380 2366 2381
f 2381 2366 2367
f 2381 2367 2382
f 2382 2367 2368
f 2382 2368 2383
f 2383 2368 2369
f 2383 2369 2384
f 2384 2369 2370
f 2384 2370 2385
f 2385 2370 2371
f 2385 2371 2386
f 2386 2371 2372
f 2386 2372 2387
f 2387 2372 2373
f 2387 2373 2388
f 2388 2373 2374
f 2388 2374 2389
f 2389 2374 2375
f 2389 2375 2390
f 2390 2375 2376
f 2390 2376 2391
f 2391 2376 2377
f 2391 2377 2392
f 2392 2377 1463
f 2392 1463 1478
f 2393 2378 2379
f 2393 2379 2394
f 2394 2379 2380
f 2394 2380 2395
f 2395 2380 2381
f 2395 2381 2396
f 2396 2381 2382
f 2396 2382 2397
f 2397 2382 2383
f 2397 2383 2398
f 2398 2383 2384
f 2398 2384 2399
f 2399 2384 2385
f 2399 2385 2400
f 2400 2385 2386
f 2400 2386 2401
f 2401 2386 2387
f 2401 2387 2402
f 2402 2387 2388
f 2402 2388 2403
f 2403 2388 2389
f 2403 2389 2404
f 2404 2389 2390
f 2404 2390 2405
f 2405 2390 2391
f 2405 2391 2406
f 2406 2391 2392
f 2406 2392 2407
f 2407 2392 1478
f 2407 1478 1493
f 2408 2393 2394
f 2408 2394 2409
f 2409 2394 2395
f 2409 2395 2410
f 2410 2395 2396
f 2410 2396 2411
f 2411 2396 2397
f 2411 2397 2412
f 2412 2397 2398
f 2412 2398 2413
f 2413 2398 2399
f 2413 2399 2414
f 2414 2399 2400
f 2414 2400 2415
f 2415 2400 2401
f 2415 2401 2416
f 2416 2401 2402
f 2416 2402 2417
f 2417 2402 2403
f 2417 2403 2418
f 2418 2403 2404
f 2418 2404 2419
f 2419 2404 2405
f 2419 2405 2420
f 2420 2405 2406
f 2420 2406 2421
f 2421 2406 2407
f 2421 2407 2422
f 2422 2407 1493
f 2422 1493 1508
f 2423 2408 2409
f 2423 2409 2424
f 2424 2409 2410
f 2424 2410 2425
f 2425 2410 2411
f 2425 2411 2426
f 2426 2411 2412
f 2426 2412 2427
f 2427 2412 2413
f 2427 2413 2428
f 2428 2413 2414
f 2428 2414 2429
f 2429 2414 2415
f 2429 2415 2430
f 2430 2415 2416
f 2430 2416 2431
f 2431 2416 2417
f 2431 2417 2432
f 2432 2417 2418
f 2432 2418 2433
f 2433 2418 2419
f 2433 2419 2434
f 2434 2419 2420
f 2434 2420 2435
f 2435 2420 2421
f 2435 2421 2436
f 2436 2421 2422
f 2436 2422 2437
f 2437 2422 1508
f 2437 1508 1523
f 2438 2423 2424
f 2438 2424 2439
f 2439 2424 2425
f 2439 2425 2440
f 2440 2425 2426
f 2440 2426 2441
f 2441 2426 2427
f 2441 2427 2442
f 2442 2427 2428
f 2442 2428 2443
f 2443 2428 2429
f 2443 2429 2444
f 2444 2429 2430
f 2444 2430 2445
f 2445 2430 2431
f 2445 2431 2446
f 2446 2431 2432
f 2446 2432 2447
f 2447 2432 2433
f 2447 2433 2448
f 2448 2433 2434
f 2448 2434 2449
f 2449 2434 2435
f 2449 2435 2450
f 2450 2435 2436
f 2450 2436 2451
f 2451 2436 2437
f 2451 2437 2452
f 2452 2437 1523
f 2452 1523 1538
f 2453 2438 2439
f 2453 2439 2454
f 2454 2439 2440
f 2454 2440 2455
f 2455 2440 2441
f 2455 2441 2456
f 2456 2441 2442
f 2456 2442 2457
f 2457 2442 2443
f 2457 2443 2458
f 2458 2443 2444
f 2458 2444 2459
f 2459 2444 2445
f 2459 2445 2460
f 2460 2445 2446
f 2460 2446 2461
f 2461 2446 2447
f 2461 2447 2462
f 2462 2447 2448
f 2462 2448 2463
f 2463 2448 2449
f 2463 2449 2464
f 2464 2449 2450
f 2464 2450 2465
f 2465 2450 2451
f 2465 2451 2466
f 2466 2451 2452
f 2466 2452 2467
f 2467 2452 1538
f 2467 1538 1553
f 2468 2453 2454
f 2468 2454 2469
f 2469 2454 2455
f 2469 2455 2470
f 2470 2455 2456
f 2470 2456 2471
f 2471 2456 2457
f 2471 2457 2472
f 2472 2457 2458
f 2472 2458 2473
f 2473 2458 2459
f 2473 2459 2474
f 2474 2459 2460
f 2474 2460 2475
f 2475 2460 2461
f 2475 2461 2476
f 2476 2461 2462
f 2476 2462 2477
f 2477 2462 2463
f 2477 2463 2478
f 2478 2463 2464
f 2478 2464 2479
f 2479 2464 2465
f 2479 2465 2480
f 2480 2465 2466
f 2480 2466 2481
f 2481 2466 2467
f 2481 2467 2482
f 2482 2467 1553
f 2482 1553 1568
f 2483 2468 2469
f 2483 2469 2484
f 2484 2469 2470
f 2484 2470 2485
f 2485 2470 2471
f 2485 2471 2486
f 2486 2471 2472
f 2486 2472 2487
f 2487 2472 2473
f 2487 2473 2488
f 2488 2473 2474
f 2488 2474 2489
f 2489 2474 2475
f 2489 2475 2490
f 2490 2475 2476
f 2490 2476 2491
f 2491 2476 2477
f 2491 2477 2492
f 2492 2477 2478
f 2492 2478 2493
f 2493 2478 2479
f 2493 2479 2494
f 2494 2479 2480
f 2494 2480 2495
f 2495 2480 2481
f 2495 2481 2496
f 2496 2481 2482
f 2496 2482 2497
f 2497 2482 1568
f 2497 1568 1583
f 2498 2483 2484
f 2498 2484 2499
f 2499 2484 2485
f 2499 2485 2500
f 2500 2485 2486
f 2500 2486 2501
f 2501 2486 2487
f 2501 2487 2502
f 2502 2487 2488
f 2502 2488 2503
f 2503 2488 2489
f 2503 2489 2504
f 2504 2489 2490
f 2504 2490 2505
f 2505 2490 2491
f 2505 2491 2506
f 2506 2491 2492
f 2506 2492 2507
f 2507 2492 2493
f 2507 2493 2508
f 2508 2493 2494
f 2508 2494 2509
f 2509 2494 2495
f 2509 2495 2510
f 2510 2495 2496
f 2510 2496 2511
f 2511 2496 2497
f 2511 2497 2512
f 2512 2497 1583
f 2512 1583 1598
f 2513 2498 2499
f 2513 2499 2514
f 2514 2499 2500
f 2514 2500 2515
f 2515 2500 2501
f 2515 2501 2516
f 2516 2501 2502
f 2516 2502 2517
f 2517 2502 2503
f 2517 2503 2518
f 2518 2503 2504
f 2518 2504 2519
f 2519 2504 2505
f 2519 2505 2520
f 2520 2505 2506
f 2520 2506 2521
f 2521 2506 2507
f 2521 2507 2522
f 2522 2507 2508
f 2522 2508 2523
f 2523 2508 2509
f 2523 2509 2524
f 2524 2509 2510
f 2524 2510 2525
f 2525 2510 2511
f 2525 2511 2526
f 2526 2511 2512
f 2526 2512 2527
f 2527 2512 1598
f 2527 1598 1613
f 2528 2513 2514
f 2528 2514 2529
f 2529 2514 2515
f 2529 2515 2530
f 2530 2515 2516
f 2530 2516 2531
f 2531 2516 2517
f 2531 2517 2532
f 2532 2517 2518
f 2532 2518 2533
f 2533 2518 2519
f 2533 2519 2534
f 2534 2519 2520
f 2534 2520 2535
f 2535 2520 2521
f 2535 2521 2536
f 2536 2521 2522
f 2536 2522 2537
f 2537 2522 2523
f 2537 2523 2538
f 2538 2523 2524
f 2538 2524 2539
f 2539 2524 2525
f 2539 2525 2540
f 2540 2525 2526
f 2540 2526 2541
f 2541 2526 2527
f 2541 2527 2542
f 2542 2527 1613
f 2542 1613 1628
f 2096 2528 2529
f 2096 2529 2095
f 2095 2529 2530
f 2095 2530 2098
f 2098 2530 2531
f 2098 2531 2100
f 2100 2531 2532
f 2100 2532 2102
f 2102 2532 2533
f 2102 2533 2104
f 2104 2533 2534
f 2104 2534 2106
f 2106 2534 2535
f 2106 2535 2108
f 2108 2535 2536
f 2108 2536 2110
f 2110 2536 2537
f 2110 2537 2112
f 2112 2537 2538
f 2112 2538 2114
f 2114 2538 2539
f 2114 2539 2116
f 2116 2539 2540
f 2116 2540 2118
f 2118 2540 2541
f 2118 2541 2120
f 2120 2541 2542
f 2120 2542 2122
f 2122 2542 1628
f 2122 1628 1196
f 2543 2078 2079
f 2543 2079 2544
f 2544 2079 2080
f 2544 2080 2545
f 2545 2080 2081
f 2545 2081 2546
f 2546 2081 2082
f 2546 2082 2547
f 2547 2082 2083
f 2547 2083 2548
f 2548 2083 2084
f 2548 2084 2549
f 2549 2084 2085
f 2549 2085 2550
f 2550 2085 2086
f 2550 2086 2551
f 2551 2086 2087
f 2551 2087 2552
f 2552 2087 2088
f 2552 2088 2553
f 2553 2088 2089
f 2553 2089 2554
f 2554 2089 2090
f 2554 2090 2555
f 2555 2090 2091
f 2555 2091 2556
f 2556 2091 2092
f 2556 2092 2557
f 2557 2092 1178
f 2557 1178 1643
f 2558 2543 2544
f 2558 2544 2559
f 2559 2544 2545
f 2559 2545 2560
f 2560 2545 2546
f 2560 2546 2561
f 2561 2546 2547
f 2561 2547 2562
f 2562 2547 2548
f 2562 2548 2563
f 2563 2548 2549
f 2563 2549 2564
f 2564 2549 2550
f 2564 2550 2565
f 2565 2550 2551
f 2565 2551 2566
f 2566 2551 2552
f 2566 2552 2567
f 2567 2552 2553
f 2567 2553 2568
f 2568 2553 2554
f 2568 2554 2569
f 2569 2554 2555
f 2569 2555 2570
f 2570 2555 2556
f 2570 2556 2571
f 2571 2556 2557
f 2571 2557 2572
f 2572 2557 1643
f 2572 1643 1658
f 2573 2558 2559
f 2573 2559 2574
f 2574 2559 2560
f 2574 2560 2575
f 2575 2560 2561
f 2575 2561 2576
f 2576 2561 2562
f 2576 2562 2577
f 2577 2562 2563
f 2577 2563 2578
f 2578 2563 2564
f 2578 2564 2579
f 2579 2564 2565
f 2579 2565 2580
f 2580 2565 2566
f 2580 2566 2581
f 2581 2566 2567
f 2581 2567 2582
f 2582 2567 2568
f 2582 2568 2583
f 2583 2568 2569
f 2583 2569 2584
f 2584 2569 2570
f 2584 2570 2585
f 2585 2570 2571
f 2585 2571 2586
f 2586 2571 2572
f 2586 2572 2587
f 2587 2572 1658
f 2587 1658 1673
f 2588 2573 2574
f 2588 2574 2589
f 2589 2574 2575
f 2589 2575 2590
f 2590 2575 2576
f 2590 2576 2591
f 2591 2576 2577
f 2591 2577 2592
f 2592 2577 2578
f 2592 2578 2593
f 2593 2578 2579
f 2593 2579 2594
f 2594 2579 2580
f 2594 2580 2595
f 2595 2580 2581
f 2595 2581 2596
f 2596 2581 2582
f 2596 2582 2597
f 2597 2582 2583
f 2597 2583 2598
f 2598 2583 2584
f 2598 2584 2599
f 2599 2584 2585
f 2599 2585 2600
f 2600 2585 2586
f 2600 2586 2601
f 2601 2586 2587
f 2601 2587 2602
f 2602 2587 1673
f 2602 1673 1688
f 2603 2588 2589
f 2603 2589 2604
f 2604 2589 2590
f 2604 2590 2605
f 2605 2590 2591
f 2605 2591 2606
f 2606 2591 2592
f 2606 2592 2607
f 2607 2592 2593
f 2607 2593 2608
f 2608 2593 2594
f 2608 2594 2609
f 2609 2594 2595
f 2609 2595 2610
f 2610 2595 2596
f 2610 2596 2611
f 2611 2596 2597
f 2611 2597 2612
f 2612 2597 2598
f 2612 2598 2613
f 2613 2598 2599
f 2613 2599 2614
f 2614 2599 2600
f 2614 2600 2615
f 2615 2600 2601
f 2615 2601 2616
f 2616 2601 2602
f 2616 2602 2617
f 2617 2602 1688
f 2617 1688 1703
f 2618 2603 2604
f 2618 2604 2619
f 2619 2604 2605
f 2619 2605 2620
f 2620 2605 2606
f 2620 2606 2621
f 2621 2606 2607
f 2621 2607 2622
f 2622 2607 2608
f 2622 2608 2623
f 2623 2608 2609
f 2623 2609 2624
f 2624 2609 2610
f 2624 2610 2625
f 2625 2610 2611
f 2625 2611 2626
f 2626 2611 2612
f 2626 2612 2627
f 2627 2612 2613
f 2627 2613 2628
f 2628 2613 2614
f 2628 2614 2629
f 2629 2614 2615
f 2629 2615 2630
f 2630 2615 2616
f 2630 2616 2631
f 2631 2616 2617
f 2631 2617 2632
f 2632 2617 1703
f 2632 1703 1718
f 2633 2618 2619
f 2633 2619 2634
f 2634 2619 2620
f 2634 2620 2635
f 2635 2620 2621
f 2635 2621 2636
f 2636 2621 2622
f 2636 2622 2637
f 2637 2622 2623
f 2637 2623 2638
f 2638 2623 2624
f 2638 2624 2639
f 2639 2624 2625
f 2639 2625 2640
f 2640 2625 2626
f 2640 2626 2641
f 2641 2626 2627
f 2641 2627 2642
f 2642 2627 2628
f 2642 2628 2643
f 2643 2628 2629
f 2643 2629 2644
f 2644 2629 2630
f 2644 2630 2645
f 2645 2630 2631
f 2645 2631 2646
f 2646 2631 2632
f 2646 2632 2647
f 2647 2632 1718
f 2647 1718 1733
f 2648 2633 2634
f 2648 2634 2649
f 2649 2634 2635
f 2649 2635 2650
f 2650 2635 2636
f 2650 2636 2651
f 2651 2636 2637
f 2651 2637 2652
f 2652 2637 2638
f 2652 2638 2653
f 2653 2638 2639
f 2653 2639 2654
f 2654 2639 2640
f 2654 2640 2655
f 2655 2640 2641
f 2655 2641 2656
f 2656 2641 2642
f 2656 2642 2657
f 2657 2642 2643
f 2657 2643 2658
f 2658 2643 2644
f 2658 2644 2659
f 2659 2644 2645
f 2659 2645 2660
f 2660 2645 2646
f 2660 2646 2661
f 2661 2646 2647
f 2661 2647 2662
f 2662 2647 1733
f 2662 1733 1748
f 2663 2648 2649
f 2663 2649 2664
f 2664 2649 2650
f 2664 2650 2665
f 2665 2650 2651
f 2665 2651 2666
f 2666 2651 2652
f 2666 2652 2667
f 2667 2652 2653
f 2667 2653 2668
f 2668 2653 2654
f 2668 2654 2669
f 2669 2654 2655
f 2669 2655 2670
f 2670 2655 2656
f 2670 2656 2671
f 2671 2656 2657
f 2671 2657 2672
f 2672 2657 2658
f 2672 2658 2673
f 2673 2658 2659
f 2673 2659 2674
f 2674 2659 2660
f 2674 2660 2675
f 2675 2660 2661
f 2675 2661 2676
f 2676 2661 2662
f 2676 2662 2677
f 2677 2662 1748
f 2677 1748 1763
f 2678 2663 2664
f 2678 2664 2679
f 2679 2664 2665
f 2679 2665 2680
f 2680 2665 2666
f 2680 2666 2681
f 2681 2666 2667
f 2681 2667 2682
f 2682 2667 2668
f 2682 2668 2683
f 2683 2668 2669
f 2683 2669 2684
f 2684 2669 2670
f 2684 2670 2685
f 2685 2670 2671
f 2685 2671 2686
f 2686 2671 2672
f 2686 2672 2687
f 2687 2672 2673
f 2687 2673 2688
f 2688 2673 2674
f 2688 2674 2689
f 2689 2674 2675
f 2689 2675 2690
f 2690 2675 2676
f 2690 2676 2691
f 2691 2676 2677
f 2691 2677 2692
f 2692 2677 1763
f 2692 1763 1778
f 2693 2678 2679
f 2693 2679 2694
f 2694 2679 2680
f 2694 2680 2695
f 2695 2680 2681
f 2695 2681 2696
f 2696 2681 2682
f 2696 2682 2697
f 2697 2682 2683
f 2697 2683 2698
f 2698 2683 2684
f 2698 2684 2699
f 2699 2684 2685
f 2699 2685 2700
f 2700 2685 2686
f 2700 2686 2701
f 2701 2686 2687
f 2701 2687 2702
f 2702 2687 2688
f 2702 2688 2703
f 2703 2688 2689
f 2703 2689 2704
f 2704 2689 2690
f 2704 2690 2705
f 2705 2690 2691
f 2705 2691 2706
f 2706 2691 2692
f 2706 2692 2707
f 2707 2692 1778
f 2707 1778 1793
f 2708 2693 2694
f 2708 2694 2709
f 2709 2694 2695
f 2709 2695 2710
f 2710 2695 2696
f 2710 2696 2711
f 2711 2696 2697
f 2711 2697 2712
f 2712 2697 2698
f 2712 2698 2713
f 2713 2698 2699
f 2713 2699 2714
f 2714 2699 2700
f 2714 2700 2715
f 2715 2700 2701
f 2715 2701 2716
f 2716 2701 2702
f 2716 2702 2717
f 2717 2702 2703
f 2717 2703 2718
f 2718 2703 2704
f 2718 2704 2719
f 2719 2704 2705
f 2719 2705 2720
f 2720 2705 2706
f 2720 2706 2721
f 2721 2706 2707
f 2721 2707 2722
f 2722 2707 1793
f 2722 1793 1808
f 2723 2708 2709
f 2723 2709 2724
f 2724 2709 2710
f 2724 2710 2725
f 2725 2710 2711
f 2725 2711 2726
f 2726 2711 2712
f 2726 2712 2727
f 2727 2712 2713
f 2727 2713 2728
f 2728 2713 2714
f 2728 2714 2729
f 2729 2714 2715
f 2729 2715 2730
f 2730 2715 2716
f 2730 2716 2731
f 2731 2716 2717
f 2731 2717 2732
f 2732 2717 2718
f 2732 2718 2733
f 2733 2718 2719
f 2733 2719 2734
f 2734 2719 2720
f 2734 2720 2735
f 2735 2720 2721
f 2735 2721 2736
f 2736 2721 2722
f 2736 2722 2737
f 2737 2722 1808
f 2737 1808 1823
f 2738 2723 2724
f 2738 2724 2739
f 2739 2724 2725
f 2739 2725 2740
f 2740 2725 2726
f 2740 2726 2741
f 2741 2726 2727
f 2741 2727 2742
f 2742 2727 2728
f 2742 2728 2743
f 2743 2728 2729
f 2743 2729 2744
f 2744 2729 2730
f 2744 2730 2745
f 2745 2730 2731
f 2745 2731 2746
f 2746 2731 2732
f 2746 2732 2747
f 2747 2732 2733
f 2747 2733 2748
f 2748 2733 2734
f 2748 2734 2749
f 2749 2734 2735
f 2749 2735 2750
f 2750 2735 2736
f 2750 2736 2751
f 2751 2736 2737
f 2751 2737 2752
f 2752 2737 1823
f 2752 1823 1838
f 2321 2738 2739
f 2321 2739 2320
f 2320 2739 2740
f 2320 2740 2323
f 2323 2740 2741
f 2323 2741 2325
f 2325 2741 2742
f 2325 2742 2327
f 2327 2742 2743
f 2327 2743 2329
f 2329 2743 2744
f 2329 2744 2331
f 2331 2744 2745
f 2331 2745 2333
f 2333 2745 2746
f 2333 2746 2335
f 2335 2746 2747
f 2335 2747 2337
f 2337 2747 2748
f 2337 2748 2339
f 2339 2748 2749
f 2339 2749 2341
f 2341 2749 2750
f 2341 2750 2343
f 2343 2750 2751
f 2343 2751 2345
f 2345 2751 2752
f 2345 2752 2347
f 2347 2752 1838
f 2347 1838 1421
f 2755 2754 2753
f 2753 2754 2757
f 2753 2757 2756
f 2756 2757 2759
f 2756 2759 2758
f 2758 2759 2761
f 2758 2761 2760
f 2760 2761 2763
f 2760 2763 2762
f 2762 2763 2765
f 2762 2765 2764
f 2764 2765 2767
f 2764 2767 2766
f 2766 2767 2769
f 2766 2769 2768
f 2768 2769 2771
f 2768 2771 2770
f 2770 2771 2773
f 2770 2773 2772
f 2772 2773 2775
f 2772 2775 2774
f 2774 2775 2777
f 2774 2777 2776
f 2776 2777 2779
f 2776 2779 2778
f 2778 2779 2781
f 2778 2781 2780
f 2780 2781 1856
f 2780 1856 1853
f 2755 2753 2782
f 2782 2753 2756
f 2782 2756 2783
f 2783 2756 2758
f 2783 2758 2784
f 2784 2758 2760
f 2784 2760 2785
f 2785 2760 2762
f 2785 2762 2786
f 2786 2762 2764
f 2786 2764 2787
f 2787 2764 2766
f 2787 2766 2788
f 2788 2766 2768
f 2788 2768 2789
f 2789 2768 2770
f 2789 2770 2790
f 2790 2770 2772
f 2790 2772 2791
f 2791 2772 2774
f 2791 2774 2792
f 2792 2774 2776
f 2792 2776 2793
f 2793 2776 2778
f 2793 2778 2794
f 2794 2778 2780
f 2794 2780 2795
f 2795 2780 1853
f 2795 1853 1883
f 2755 2782 2796
f 2796 2782 2783
f 2796 2783 2797
f 2797 2783 2784
f 2797 2784 2798
f 2798 2784 2785
f 2798 2785 2799
f 2799 2785 2786
f 2799 2786 2800
f 2800 2786 2787
f 2800 2787 2801
f 2801 2787 2788
f 2801 2788 2802
f 2802 2788 2789
f 2802 2789 2803
f 2803 2789 2790
f 2803 2790 2804
f 2804 2790 2791
f 2804 2791 2805
f 2805 2791 2792
f 2805 2792 2806
f 2806 2792 2793
f 2806 2793 2807
f 2807 2793 2794
f 2807 2794 2808
f 2808 2794 2795
f 2808 2795 2809
f 2809 2795 1883
f 2809 1883 1898
f 2755 2796 2810
f 2810 2796 2797
f 2810 2797 2811
f 2811 2797 2798
f 2811 2798 2812
f 2812 2798 2799
f 2812 2799 2813
f 2813 2799 2800
f 2813 2800 2814
f 2814 2800 2801
f 2814 2801 2815
f 2815 2801 2802
f 2815 2802 2816
f 2816 2802 2803
f 2816 2803 2817
f 2817 2803 2804
f 2817 2804 2818
f 2818 2804 2805
f 2818 2805 2819
f 2819 2805 2806
f 2819 2806 2820
f 2820 2806 2807
f 2820 2807 2821
f 2821 2807 2808
f 2821 2808 2822
f 2822 2808 2809
f 2822 2809 2823
f 2823 2809 1898
f 2823 1898 1913
f 2755 2810 2824
f 2824 2810 2811
f 2824 2811 2825
f 2825 2811 2812
f 2825 2812 2826
f 2826 2812 2813
f 2826 2813 2827
f 2827 2813 2814
f 2827 2814 2828
f 2828 2814 2815
f 2828 2815 2829
f 2829 2815 2816
f 2829 2816 2830
f 2830 2816 2817
f 2830 2817 2831
f 2831 2817 2818
f 2831 2818 2832
f 2832 2818 2819
f 2832 2819 2833
f 2833 2819 2820
f 2833 2820 2834
f 2834 2820 2821
f 2834 2821 2835
f 2835 2821 2822
f 2835 2822 2836
f 2836 2822 2823
f 2836 2823 2837
f 2837 2823 1913
f 2837 1913 1928
f 2755 2824 2838
f 2838 2824 2825
f 2838 2825 2839
f 2839 2825 2826
f 2839 2826 2840
f 2840 2826 2827
f 2840 2827 2841
f 2841 2827 2828
f 2841 2828 2842
f 2842 2828 2829
f 2842 2829 2843
f 2843 2829 2830
f 2843 2830 2844
f 2844 2830 2831
f 2844 2831 2845
f 2845 2831 2832
f 2845 2832 2846
f 2846 2832 2833
f 2846 2833 2847
f 2847 2833 2834
f 2847 2834 2848
f 2848 2834 2835
f 2848 2835 2849
f 2849 2835 2836
f 2849 2836 2850
f 2850 2836 2837
f 2850 2837 2851
f 2851 2837 1928
f 2851 1928 1943
f 2755 2838 2852
f 2852 2838 2839
f 2852 2839 2853
f 2853 2839 2840
f 2853 2840 2854
f 2854 2840 2841
f 2854 2841 2855
f 2855 2841 2842
f 2855 2842 2856
f 2856 2842 2843
f 2856 2843 2857
f 2857 2843 2844
f 2857 2844 2858
f 2858 2844 2845
f 2858 2845 2859
f 2859 2845 2846
f 2859 2846 2860
f 2860 2846 2847
f 2860 2847 2861
f 2861 2847 2848
f 2861 2848 2862
f 2862 2848 2849
f 2862 2849 2863
f 2863 2849 2850
f 2863 2850 2864
f 2864 2850 2851
f 2864 2851 2865
f 2865 2851 1943
f 2865 1943 1958
f 2755 2852 2866
f 2866 2852 2853
f 2866 2853 2867
f 2867 2853 2854
f 2867 2854 2868
f 2868 2854 2855
f 2868 2855 2869
f 2869 2855 2856
f 2869 2856 2870
f 2870 2856 2857
f 2870 2857 2871
f 2871 2857 2858
f 2871 2858 2872
f 2872 2858 2859
f 2872 2859 2873
f 2873 2859 2860
f 2873 2860 2874
f 2874 2860 2861
f 2874 2861 2875
f 2875 2861 2862
f 2875 2862 2876
f 2876 2862 2863
f 2876 2863 2877
f 2877 2863 2864
f 2877 2864 2878
f 2878 2864 2865
f 2878 2865 2879
f 2879 2865 1958
f 2879 1958 1973
f 2755 2866 2880
f 2880 2866 2867
f 2880 2867 2881
f 2881 2867 2868
f 2881 2868 2882
f 2882 2868 2869
f 2882 2869 2883
f 2883 2869 2870
f 2883 2870 2884
f 2884 2870 2871
f 2884 2871 2885
f 2885 2871 2872
f 2885 2872 2886
f 2886 2872 2873
f 2886 2873 2887
f 2887 2873 2874
f 2887 2874 2888
f 2888 2874 2875
f 2888 2875 2889
f 2889 2875 2876
f 2889 2876 2890
f 2890 2876 2877
f 2890 2877 2891
f 2891 2877 2878
f 2891 2878 2892
f 2892 2878 2879
f 2892 2879 2893
f 2893 2879 1973
f 2893 1973 1988
f 2755 2880 2894
f 2894 2880 2881
f 2894 2881 2895
f 2895 2881 2882
f 2895 2882 2896
f 2896 2882 2883
f 2896 2883 2897
f 2897 2883 2884
f 2897 2884 2898
f 2898 2884 2885
f 2898 2885 2899
f 2899 2885 2886
f 2899 2886 2900
f 2900 2886 2887
f 2900 2887 2901
f 2901 2887 2888
f 2901 2888 2902
f 2902 2888 2889
f 2902 2889 2903
f 2903 2889 2890
f 2903 2890 2904
f 2904 2890 2891
f 2904 2891 2905
f 2905 2891 2892
f 2905 2892 2906
f 2906 2892 2893
f 2906 2893 2907
f 2907 2893 1988
f 2907 1988 2003
f 2755 2894 2908
f 2908 2894 2895
f 2908 2895 2909
f 2909 2895 2896
f 2909 2896 2910
f 2910 2896 2897
f 2910 2897 2911
f 2911 2897 2898
f 2911 2898 2912
f 2912 2898 2899
f 2912 2899 2913
f 2913 2899 2900
f 2913 2900 2914
f 2914 2900 2901
f 2914 2901 2915
f 2915 2901 2902
f 2915 2902 2916
f 2916 2902 2903
f 2916 2903 2917
f 2917 2903 2904
f 2917 2904 2918
f 2918 2904 2905
f 2918 2905 2919
f 2919 2905 2906
f 2919 2906 2920
f 2920 2906 2907
f 2920 2907 2921
f 2921 2907 2003
f 2921 2003 2018
f 2936 2755 2908
f 2936 2908 2922
f 2922 2908 2909
f 2922 2909 2923
f 2923 2909 2910
f 2923 2910 2924
f 2924 2910 2911
f 2924 2911 2925
f 2925 2911 2912
f 2925 2912 2926
f 2926 2912 2913
f 2926 2913 2927
f 2927 2913 2914
f 2927 2914 2928
f 2928 2914 2915
f 2928 2915 2929
f 2929 2915 2916
f 2929 2916 2930
f 2930 2916 2917
f 2930 2917 2931
f 2931 2917 2918
f 2931 2918 2932
f 2932 2918 2919
f 2932 2919 2933
f 2933 2919 2920
f 2933 2920 2934
f 2934 2920 2921
f 2934 2921 2935
f 2935 2921 2018
f 2935 2018 2033
f 2936 2922 2937
f 2937 2922 2923
f 2937 2923 2938
f 2938 2923 2924
f 2938 2924 2939
f 2939 2924 2925
f 2939 2925 2940
f 2940 2925 2926
f 2940 2926 2941
f 2941 2926 2927
f 2941 2927 2942
f 2942 2927 2928
f 2942 2928 2943
f 2943 2928 2929
f 2943 2929 2944
f 2944 2929 2930
f 2944 2930 2945
f 2945 2930 2931
f 2945 2931 2946
f 2946 2931 2932
f 2946 2932 2947
f 2947 2932 2933
f 2947 2933 2948
f 2948 2933 2934
f 2948 2934 2949
f 2949 2934 2935
f 2949 2935 2950
f 2950 2935 2033
f 2950 2033 2048
f 2951 2936 2937
f 2951 2937 2952
f 2952 2937 2938
f 2952 2938 2953
f 2953 2938 2939
f 2953 2939 2954
f 2954 2939 2940
f 2954 2940 2955
f 2955 2940 2941
f 2955 2941 2956
f 2956 2941 2942
f 2956 2942 2957
f 2957 2942 2943
f 2957 2943 2958
f 2958 2943 2944
f 2958 2944 2959
f 2959 2944 2945
f 2959 2945 2960
f 2960 2945 2946
f 2960 2946 2961
f 2961 2946 2947
f 2961 2947 2962
f 2962 2947 2948
f 2962 2948 2963
f 2963 2948 2949
f 2963 2949 2964
f 2964 2949 2950
f 2964 2950 2965
f 2965 2950 2048
f 2965 2048 2063
f 2966 2951 2952
f 2966 2952 2967
f 2967 2952 2953
f 2967 2953 2968
f 2968 2953 2954
f 2968 2954 2969
f 2969 2954 2955
f 2969 2955 2970
f 2970 2955 2956
f 2970 2956 2971
f 2971 2956 2957
f 2971 2957 2972
f 2972 2957 2958
f 2972 2958 2973
f 2973 2958 2959
f 2973 2959 2974
f 2974 2959 2960
f 2974 2960 2975
f 2975 2960 2961
f 2975 2961 2976
f 2976 2961 2962
f 2976 2962 2977
f 2977 2962 2963
f 2977 2963 2978
f 2978 2963 2964
f 2978 2964 2979
f 2979 2964 2965
f 2979 2965 2980
f 2980 2965 2063
f 2980 2063 2078
f 2981 3406 2983
f 2981 2983 2982
f 2982 2983 2985
f 2982 2985 2984
f 2984 2985 2987
f 2984 2987 2986
f 2986 2987 2989
f 2986 2989 2988
f 2988 2989 2991
f 2988 2991 2990
f 2990 2991 2993
f 2990 2993 2992
f 2992 2993 2995
f 2992 2995 2994
f 2994 2995 2997
f 2994 2997 2996
f 2996 2997 2999
f 2996 2999 2998
f 2998 2999 3001
f 2998 3001 3000
f 3000 3001 3003
f 3000 3003 3002
f 3002 3003 3005
f 3002 3005 3004
f 3004 3005 3007
f 3004 3007 3006
f 3006 3007 3009
f 3006 3009 3008
f 3008 3009 2096
f 3008 2096 2093
f 3010 2981 2982
f 3010 2982 3011
f 3011 2982 2984
f 3011 2984 3012
f 3012 2984 2986
f 3012 2986 3013
f 3013 2986 2988
f 3013 2988 3014
f 3014 2988 2990
f 3014 2990 3015
f 3015 2990 2992
f 3015 2992 3016
f 3016 2992 2994
f 3016 2994 3017
f 3017 2994 2996
f 3017 2996 3018
f 3018 2996 2998
f 3018 2998 3019
f 3019 2998 3000
f 3019 3000 3020
f 3020 3000 3002
f 3020 3002 3021
f 3021 3002 3004
f 3021 3004 3022
f 3022 3004 3006
f 3022 3006 3023
f 3023 3006 3008
f 3023 3008 3024
f 3024 3008 2093
f 3024 2093 2123
f 3025 3010 3011
f 3025 3011 3026
f 3026 3011 3012
f 3026 3012 3027
f 3027 3012 3013
f 3027 3013 3028
f 3028 3013 3014
f 3028 3014 3029
f 3029 3014 3015
f 3029 3015 3030
f 3030 3015 3016
f 3030 3016 3031
f 3031 3016 3017
f 3031 3017 3032
f 3032 3017 3018
f 3032 3018 3033
f 3033 3018 3019
f 3033 3019 3034
f 3034 3019 3020
f 3034 3020 3035
f 3035 3020 3021
f 3035 3021 3036
f 3036 3021 3022
f 3036 3022 3037
f 3037 3022 3023
f 3037 3023 3038
f 3038 3023 3024
f 3038 3024 3039
f 3039 3024 2123
f 3039 2123 2138
f 3040 3025 3026
f 3040 3026 3041
f 3041 3026 3027
f 3041 3027 3042
f 3042 3027 3028
f 3042 3028 3043
f 3043 3028 3029
f 3043 3029 3044
f 3044 3029 3030
f 3044 3030 3045
f 3045 3030 3031
f 3045 3031 3046
f 3046 3031 3032
f 3046 3032 3047
f 3047 3032 3033
f 3047 3033 3048
f 3048 3033 3034
f 3048 3034 3049
f 3049 3034 3035
f 3049 3035 3050
f 3050 3035 3036
f 3050 3036 3051
f 3051 3036 3037
f 3051 3037 3052
f 3052 3037 3038
f 3052 3038 3053
f 3053 3038 3039
f 3053 3039 3054
f 3054 3039 2138
f 3054 2138 2153
f 3055 3040 3041
f 3055 3041 3056
f 3056 3041 3042
f 3056 3042 3057
f 3057 3042 3043
f 3057 3043 3058
f 3058 3043 3044
f 3058 3044 3059
f 3059 3044 3045
f 3059 3045 3060
f 3060 3045 3046
f 3060 3046 3061
f 3061 3046 3047
f 3061 3047 3062
f 3062 3047 3048
f 3062 3048 3063
f 3063 3048 3049
f 3063 3049 3064
f 3064 3049 3050
f 3064 3050 3065
f 3065 3050 3051
f 3065 3051 3066
f 3066 3051 3052
f 3066 3052 3067
f 3067 3052 3053
f 3067 3053 3068
f 3068 3053 3054
f 3068 3054 3069
f 3069 3054 2153
f 3069 2153 2168
f 3070 3055 3056
f 3070 3056 3071
f 3071 3056 3057
f 3071 3057 3072
f 3072 3057 3058
f 3072 3058 3073
f 3073 3058 3059
f 3073 3059 3074
f 3074 3059 3060
f 3074 3060 3075
f 3075 3060 3061
f 3075 3061 3076
f 3076 3061 3062
f 3076 3062 3077
f 3077 3062 3063
f 3077 3063 3078
f 3078 3063 3064
f 3078 3064 3079
f 3079 3064 3065
f 3079 3065 3080
f 3080 3065 3066
f 3080 3066 3081
f 3081 3066 3067
f 3081 3067 3082
f 3082 3067 3068
f 3082 3068 3083
f 3083 3068 3069
f 3083 3069 3084
f 3084 3069 2168
f 3084 2168 2183
f 3085 3070 3071
f 3085 3071 3086
f 3086 3071 3072
f 3086 3072 3087
f 3087 3072 3073
f 3087 3073 3088
f 3088 3073 3074
f 3088 3074 3089
f 3089 3074 3075
f 3089 3075 3090
f 3090 3075 3076
f 3090 3076 3091
f 3091 3076 3077
f 3091 3077 3092
f 3092 3077 3078
f 3092 3078 3093
f 3093 3078 3079
f 3093 3079 3094
f 3094 3079 3080
f 3094 3080 3095
f 3095 3080 3081
f 3095 3081 3096
f 3096 3081 3082
f 3096 3082 3097
f 3097 3082 3083
f 3097 3083 3098
f 3098 3083 3084
f 3098 3084 3099
f 3099 3084 2183
f 3099 2183 2198
f 3100 3085 3086
f 3100 3086 3101
f 3101 3086 3087
f 3101 3087 3102
f 3102 3087 3088
f 3102 3088 3103
f 3103 3088 3089
f 3103 3089 3104
f 3104 3089 3090
f 3104 3090 3105
f 3105 3090 3091
f 3105 3091 3106
f 3106 3091 3092
f 3106 3092 3107
f 3107 3092 3093
f 3107 3093 3108
f 3108 3093 3094
f 3108 3094 3109
f 3109 3094 3095
f 3109 3095 3110
f 3110 3095 3096
f 3110 3096 3111
f 3111 3096 3097
f 3111 3097 3112
f 3112 3097 3098
f 3112 3098 3113
f 3113 3098 3099
f 3113 3099 3114
f 3114 3099 2198
f 3114 2198 2213
f 3115 3100 3101
f 3115 3101 3116
f 3116 3101 3102
f 3116 3102 3117
f 3117 3102 3103
f 3117 3103 3118
f 3118 3103 3104
f 3118 3104 3119
f 3119 3104 3105
f 3119 3105 3120
f 3120 3105 3106
f 3120 3106 3121
f 3121 3106 3107
f 3121 3107 3122
f 3122 3107 3108
f 3122 3108 3123
f 3123 3108 3109
f 3123 3109 3124
f 3124 3109 3110
f 3124 3110 3125
f 3125 3110 3111
f 3125 3111 3126
f 3126 3111 3112
f 3126 3112 3127
f 3127 3112 3113
f 3127 3113 3128
f 3128 3113 3114
f 3128 3114 3129
f 3129 3114 2213
f 3129 2213 2228
f 3130 3115 3116
f 3130 3116 3131
f 3131 3116 3117
f 3131 3117 3132
f 3132 3117 3118
f 3132 3118 3133
f 3133 3118 3119
f 3133 3119 3134
f 3134 3119 3120
f 3134 3120 3135
f 3135 3120 3121
f 3135 3121 3136
f 3136 3121 3122
f 3136 3122 3137
f 3137 3122 3123
f 3137 3123 3138
f 3138 3123 3124
f 3138 3124 3139
f 3139 3124 3125
f 3139 3125 3140
f 3140 3125 3126
f 3140 3126 3141
f 3141 3126 3127
f 3141 3127 3142
f 3142 3127 3128
f 3142 3128 3143
f 3143 3128 3129
f 3143 3129 3144
f 3144 3129 2228
f 3144 2228 2243
f 3145 3130 3131
f 3145 3131 3146
f 3146 3131 3132
f 3146 3132 3147
f 3147 3132 3133
f 3147 3133 3148
f 3148 3133 3134
f 3148 3134 3149
f 3149 3134 3135
f 3149 3135 3150
f 3150 3135 3136
f 3150 3136 3151
f 3151 3136 3137
f 3151 3137 3152
f 3152 3137 3138
f 3152 3138 3153
f 3153 3138 3139
f 3153 3139 3154
f 3154 3139 3140
f 3154 3140 3155
f 3155 3140 3141
f 3155 3141 3156
f 3156 3141 3142
f 3156 3142 3157
f 3157 3142 3143
f 3157 3143 3158
f 3158 3143 3144
f 3158 3144 3159
f 3159 3144 2243
f 3159 2243 2258
f 3160 3145 3146
f 3160 3146 3161
f 3161 3146 3147
f 3161 3147 3162
f 3162 3147 3148
f 3162 3148 3163
f 3163 3148 3149
f 3163 3149 3164
f 3164 3149 3150
f 3164 3150 3165
f 3165 3150 3151
f 3165 3151 3166
f 3166 3151 3152
f 3166 3152 3167
f 3167 3152 3153
f 3167 3153 3168
f 3168 3153 3154
f 3168 3154 3169
f 3169 3154 3155
f 3169 3155 3170
f 3170 3155 3156
f 3170 3156 3171
f 3171 3156 3157
f 3171 3157 3172
f 3172 3157 3158
f 3172 3158 3173
f 3173 3158 3159
f 3173 3159 3174
f 3174 3159 2258
f 3174 2258 2273
f 3175 3160 3161
f 3175 3161 3176
f 3176 3161 3162
f 3176 3162 3177
f 3177 3162 3163
f 3177 3163 3178
f 3178 3163 3164
f 3178 3164 3179
f 3179 3164 3165
f 3179 3165 3180
f 3180 3165 3166
f 3180 3166 3181
f 3181 3166 3167
f 3181 3167 3182
f 3182 3167 3168
f 3182 3168 3183
f 3183 3168 3169
f 3183 3169 3184
f 3184 3169 3170
f 3184 3170 3185
f 3185 3170 3171
f 3185 3171 3186
f 3186 3171 3172
f 3186 3172 3187
f 3187 3172 3173
f 3187 3173 3188
f 3188 3173 3174
f 3188 3174 3189
f 3189 3174 2273
f 3189 2273 2288
f 3190 3175 3176
f 3190 3176 3191
f 3191 3176 3177
f 3191 3177 3192
f 3192 3177 3178
f 3192 3178 3193
f 3193 3178 3179
f 3193 3179 3194
f 3194 3179 3180
f 3194 3180 3195
f 3195 3180 3181
f 3195 3181 3196
f 3196 3181 3182
f 3196 3182 3197
f 3197 3182 3183
f 3197 3183 3198
f 3198 3183 3184
f 3198 3184 3199
f 3199 3184 3185
f 3199 3185 3200
f 3200 3185 3186
f 3200 3186 3201
f 3201 3186 3187
f 3201 3187 3202
f 3202 3187 3188
f 3202 3188 3203
f 3203 3188 3189
f 3203 3189 3204
f 3204 3189 2288
f 3204 2288 2303
f 2755 3190 3191
f 2755 3191 2754
f 2754 3191 3192
f 2754 3192 2757
f 2757 3192 3193
f 2757 3193 2759
f 2759 3193 3194
f 2759 3194 2761
f 2761 3194 3195
f 2761 3195 2763
f 2763 3195 3196
f 2763 3196 2765
f 2765 3196 3197
f 2765 3197 2767
f 2767 3197 3198
f 2767 3198 2769
f 2769 3198 3199
f 2769 3199 2771
f 2771 3199 3200
f 2771 3200 2773
f 2773 3200 3201
f 2773 3201 2775
f 2775 3201 3202
f 2775 3202 2777
f 2777 3202 3203
f 2777 3203 2779
f 2779 3203 3204
f 2779 3204 2781
f 2781 3204 2303
f 2781 2303 1856
f 3207 3206 3205
f 3205 3206 3209
f 3205 3209 3208
f 3208 3209 3211
f 3208 3211 3210
f 3210 3211 3213
f 3210 3213 3212
f 3212 3213 3215
f 3212 3215 3214
f 3214 3215 3217
f 3214 3217 3216
f 3216 3217 3219
f 3216 3219 3218
f 3218 3219 3221
f 3218 3221 3220
f 3220 3221 3223
f 3220 3223 3222
f 3222 3223 3225
f 3222 3225 3224
f 3224 3225 3227
f 3224 3227 3226
f 3226 3227 3229
f 3226 3229 3228
f 3228 3229 3231
f 3228 3231 3230
f 3230 3231 3233
f 3230 3233 3232
f 3232 3233 2321
f 3232 2321 2318
f 3207 3205 3234
f 3234 3205 3208
f 3234 3208 3235
f 3235 3208 3210
f 3235 3210 3236
f 3236 3210 3212
f 3236 3212 3237
f 3237 3212 3214
f 3237 3214 3238
f 3238 3214 3216
f 3238 3216 3239
f 3239 3216 3218
f 3239 3218 3240
f 3240 3218 3220
f 3240 3220 3241
f 3241 3220 3222
f 3241 3222 3242
f 3242 3222 3224
f 3242 3224 3243
f 3243 3224 3226
f 3243 3226 3244
f 3244 3226 3228
f 3244 3228 3245
f 3245 3228 3230
f 3245 3230 3246
f 3246 3230 3232
f 3246 3232 3247
f 3247 3232 2318
f 3247 2318 2348
f 3207 3234 3248
f 3248 3234 3235
f 3248 3235 3249
f 3249 3235 3236
f 3249 3236 3250
f 3250 3236 3237
f 3250 3237 3251
f 3251 3237 3238
f 3251 3238 3252
f 3252 3238 3239
f 3252 3239 3253
f 3253 3239 3240
f 3253 3240 3254
f 3254 3240 3241
f 3254 3241 3255
f 3255 3241 3242
f 3255 3242 3256
f 3256 3242 3243
f 3256 3243 3257
f 3257 3243 3244
f 3257 3244 3258
f 3258 3244 3245
f 3258 3245 3259
f 3259 3245 3246
f 3259 3246 3260
f 3260 3246 3247
f 3260 3247 3261
f 3261 3247 2348
f 3261 2348 2363
f 3262 3207 3248
f 3262 3248 3263
f 3263 3248 3249
f 3263 3249 3264
f 3264 3249 3250
f 3264 3250 3265
f 3265 3250 3251
f 3265 3251 3266
f 3266 3251 3252
f 3266 3252 3267
f 3267 3252 3253
f 3267 3253 3268
f 3268 3253 3254
f 3268 3254 3269
f 3269 3254 3255
f 3269 3255 3270
f 3270 3255 3256
f 3270 3256 3271
f 3271 3256 3257
f 3271 3257 3272
f 3272 3257 3258
f 3272 3258 3273
f 3273 3258 3259
f 3273 3259 3274
f 3274 3259 3260
f 3274 3260 3275
f 3275 3260 3261
f 3275 3261 3276
f 3276 3261 2363
f 3276 2363 2378
f 3291 3262 3263
f 3291 3263 3277
f 3277 3263 3264
f 3277 3264 3278
f 3278 3264 3265
f 3278 3265 3279
f 3279 3265 3266
f 3279 3266 3280
f 3280 3266 3267
f 3280 3267 3281
f 3281 3267 3268
f 3281 3268 3282
f 3282 3268 3269
f 3282 3269 3283
f 3283 3269 3270
f 3283 3270 3284
f 3284 3270 3271
f 3284 3271 3285
f 3285 3271 3272
f 3285 3272 3286
f 3286 3272 3273
f 3286 3273 3287
f 3287 3273 3274
f 3287 3274 3288
f 3288 3274 3275
f 3288 3275 3289
f 3289 3275 3276
f 3289 3276 3290
f 3290 3276 2378
f 3290 2378 2393
f 3291 3277 3292
f 3292 3277 3278
f 3292 3278 3293
f 3293 3278 3279
f 3293 3279 3294
f 3294 3279 3280
f 3294 3280 3295
f 3295 3280 3281
f 3295 3281 3296
f 3296 3281 3282
f 3296 3282 3297
f 3297 3282 3283
f 3297 3283 3298
f 3298 3283 3284
f 3298 3284 3299
f 3299 3284 3285
f 3299 3285 3300
f 3300 3285 3286
f 3300 3286 3301
f 3301 3286 3287
f 3301 3287 3302
f 3302 3287 3288
f 3302 3288 3303
f 3303 3288 3289
f 3303 3289 3304
f 3304 3289 3290
f 3304 3290 3305
f 3305 3290 2393
f 3305 2393 2408
f 3291 3292 3306
f 3306 3292 3293
f 3306 3293 3307
f 3307 3293 3294
f 3307 3294 3308
f 3308 3294 3295
f 3308 3295 3309
f 3309 3295 3296
f 3309 3296 3310
f 3310 3296 3297
f 3310 3297 3311
f 3311 3297 3298
f 3311 3298 3312
f 3312 3298 3299
f 3312 3299 3313
f 3313 3299 3300
f 3313 3300 3314
f 3314 3300 3301
f 3314 3301 3315
f 3315 3301 3302
f 3315 3302 3316
f 3316 3302 3303
f 3316 3303 3317
f 3317 3303 3304
f 3317 3304 3318
f 3318 3304 3305
f 3318 3305 3319
f 3319 3305 2408
f 3319 2408 2423
f 3334 3291 3306
f 3334 3306 3320
f 3320 3306 3307
f 3320 3307 3321
f 3321 3307 3308
f 3321 3308 3322
f 3322 3308 3309
f 3322 3309 3323
f 3323 3309 3310
f 3323 3310 3324
f 3324 3310 3311
f 3324 3311 3325
f 3325 3311 3312
f 3325 3312 3326
f 3326 3312 3313
f 3326 3313 3327
f 3327 3313 3314
f 3327 3314 3328
f 3328 3314 3315
f 3328 3315 3329
f 3329 3315 3316
f 3329 3316 3330
f 3330 3316 3317
f 3330 3317 3331
f 3331 3317 3318
f 3331 3318 3332
f 3332 3318 3319
f 3332 3319 3333
f 3333 3319 2423
f 3333 2423 2438
f 3334 3320 3335
f 3335 3320 3321
f 3335 3321 3336
f 3336 3321 3322
f 3336 3322 3337
f 3337 3322 3323
f 3337 3323 3338
f 3338 3323 3324
f 3338 3324 3339
f 3339 3324 3325
f 3339 3325 3340
f 3340 3325 3326
f 3340 3326 3341
f 3341 3326 3327
f 3341 3327 3342
f 3342 3327 3328
f 3342 3328 3343
f 3343 3328 3329
f 3343 3329 3344
f 3344 3329 3330
f 3344 3330 3345
f 3345 3330 3331
f 3345 3331 3346
f 3346 3331 3332
f 3346 3332 3347
f 3347 3332 3333
f 3347 3333 3348
f 3348 3333 2438
f 3348 2438 2453
f 3334 3335 3349
f 3349 3335 3336
f 3349 3336 3350
f 3350 3336 3337
f 3350 3337 3351
f 3351 3337 3338
f 3351 3338 3352
f 3352 3338 3339
f 3352 3339 3353
f 3353 3339 3340
f 3353 3340 3354
f 3354 3340 3341
f 3354 3341 3355
f 3355 3341 3342
f 3355 3342 3356
f 3356 3342 3343
f 3356 3343 3357
f 3357 3343 3344
f 3357 3344 3358
f 3358 3344 3345
f 3358 3345 3359
f 3359 3345 3346
f 3359 3346 3360
f 3360 3346 3347
f 3360 3347 3361
f 3361 3347 3348
f 3361 3348 3362
f 3362 3348 2453
f 3362 2453 2468
f 3363 3334 3349
f 3363 3349 3364
f 3364 3349 3350
f 3364 3350 3365
f 3365 3350 3351
f 3365 3351 3366
f 3366 3351 3352
f 3366 3352 3367
f 3367 3352 3353
f 3367 3353 3368
f 3368 3353 3354
f 3368 3354 3369
f 3369 3354 3355
f 3369 3355 3370
f 3370 3355 3356
f 3370 3356 3371
f 3371 3356 3357
f 3371 3357 3372
f 3372 3357 3358
f 3372 3358 3373
f 3373 3358 3359
f 3373 3359 3374
f 3374 3359 3360
f 3374 3360 3375
f 3375 3360 3361
f 3375 3361 3376
f 3376 3361 3362
f 3376 3362 3377
f 3377 3362 2468
f 3377 2468 2483
f 3363 3364 3378
f 3378 3364 3365
f 3378 3365 3379
f 3379 3365 3366
f 3379 3366 3380
f 3380 3366 3367
f 3380 3367 3381
f 3381 3367 3368
f 3381 3368 3382
f 3382 3368 3369
f 3382 3369 3383
f 3383 3369 3370
f 3383 3370 3384
f 3384 3370 3371
f 3384 3371 3385
f 3385 3371 3372
f 3385 3372 3386
f 3386 3372 3373
f 3386 3373 3387
f 3387 3373 3374
f 3387 3374 3388
f 3388 3374 3375
f 3388 3375 3389
f 3389 3375 3376
f 3389 3376 3390
f 3390 3376 3377
f 3390 3377 3391
f 3391 3377 2483
f 3391 2483 2498
f 3363 3378 3392
f 3392 3378 3379
f 3392 3379 3393
f 3393 3379 3380
f 3393 3380 3394
f 3394 3380 3381
f 3394 3381 3395
f 3395 3381 3382
f 3395 3382 3396
f 3396 3382 3383
f 3396 3383 3397
f 3397 3383 3384
f 3397 3384 3398
f 3398 3384 3385
f 3398 3385 3399
f 3399 3385 3386
f 3399 3386 3400
f 3400 3386 3387
f 3400 3387 3401
f 3401 3387 3388
f 3401 3388 3402
f 3402 3388 3389
f 3402 3389 3403
f 3403 3389 3390
f 3403 3390 3404
f 3404 3390 3391
f 3404 3391 3405
f 3405 3391 2498
f 3405 2498 2513
f 3406 3363 3392
f 3406 3392 3407
f 3407 3392 3393
f 3407 3393 3408
f 3408 3393 3394
f 3408 3394 3409
f 3409 3394 3395
f 3409 3395 3410
f 3410 3395 3396
f 3410 3396 3411
f 3411 3396 3397
f 3411 3397 3412
f 3412 3397 3398
f 3412 3398 3413
f 3413 3398 3399
f 3413 3399 3414
f 3414 3399 3400
f 3414 3400 3415
f 3415 3400 3401
f 3415 3401 3416
f 3416 3401 3402
f 3416 3402 3417
f 3417 3402 3403
f 3417 3403 3418
f 3418 3403 3404
f 3418 3404 3419
f 3419 3404 3405
f 3419 3405 3420
f 3420 3405 2513
f 3420 2513 2528
f 3406 3407 2983
f 2983 3407 3408
f 2983 3408 2985
f 2985 3408 3409
f 2985 3409 2987
f 2987 3409 3410
f 2987 3410 2989
f 2989 3410 3411
f 2989 3411 2991
f 2991 3411 3412
f 2991 3412 2993
f 2993 3412 3413
f 2993 3413 2995
f 2995 3413 3414
f 2995 3414 2997
f 2997 3414 3415
f 2997 3415 2999
f 2999 3415 3416
f 2999 3416 3001
f 3001 3416 3417
f 3001 3417 3003
f 3003 3417 3418
f 3003 3418 3005
f 3005 3418 3419
f 3005 3419 3007
f 3007 3419 3420
f 3007 3420 3009
f 3009 3420 2528
f 3009 2528 2096
f 3421 2966 2967
f 3421 2967 3422
f 3422 2967 2968
f 3422 2968 3423
f 3423 2968 2969
f 3423 2969 3424
f 3424 2969 2970
f 3424 2970 3425
f 3425 2970 2971
f 3425 2971 3426
f 3426 2971 2972
f 3426 2972 3427
f 3427 2972 2973
f 3427 2973 3428
f 3428 2973 2974
f 3428 2974 3429
f 3429 2974 2975
f 3429 2975 3430
f 3430 2975 2976
f 3430 2976 3431
f 3431 2976 2977
f 3431 2977 3432
f 3432 2977 2978
f 3432 2978 3433
f 3433 2978 2979
f 3433 2979 3434
f 3434 2979 2980
f 3434 2980 3435
f 3435 2980 2078
f 3435 2078 2543
f 3436 3421 3422
f 3436 3422 3437
f 3437 3422 3423
f 3437 3423 3438
f 3438 3423 3424
f 3438 3424 3439
f 3439 3424 3425
f 3439 3425 3440
f 3440 3425 3426
f 3440 3426 3441
f 3441 3426 3427
f 3441 3427 3442
f 3442 3427 3428
f 3442 3428 3443
f 3443 3428 3429
f 3443 3429 3444
f 3444 3429 3430
f 3444 3430 3445
f 3445 3430 3431
f 3445 3431 3446
f 3446 3431 3432
f 3446 3432 3447
f 3447 3432 3433
f 3447 3433 3448
f 3448 3433 3434
f 3448 3434 3449
f 3449 3434 3435
f 3449 3435 3450
f 3450 3435 2543
f 3450 2543 2558
f 3451 3436 3437
f 3451 3437 3452
f 3452 3437 3438
f 3452 3438 3453
f 3453 3438 3439
f 3453 3439 3454
f 3454 3439 3440
f 3454 3440 3455
f 3455 3440 3441
f 3455 3441 3456
f 3456 3441 3442
f 3456 3442 3457
f 3457 3442 3443
f 3457 3443 3458
f 3458 3443 3444
f 3458 3444 3459
f 3459 3444 3445
f 3459 3445 3460
f 3460 3445 3446
f 3460 3446 3461
f 3461 3446 3447
f 3461 3447 3462
f 3462 3447 3448
f 3462 3448 3463
f 3463 3448 3449
f 3463 3449 3464
f 3464 3449 3450
f 3464 3450 3465
f 3465 3450 2558
f 3465 2558 2573
f 3466 3451 3452
f 3466 3452 3467
f 3467 3452 3453
f 3467 3453 3468
f 3468 3453 3454
f 3468 3454 3469
f 3469 3454 3455
f 3469 3455 3470
f 3470 3455 3456
f 3470 3456 3471
f 3471 3456 3457
f 3471 3457 3472
f 3472 3457 3458
f 3472 3458 3473
f 3473 3458 3459
f 3473 3459 3474
f 3474 3459 3460
f 3474 3460 3475
f 3475 3460 3461
f 3475 3461 3476
f 3476 3461 3462
f 3476 3462 3477
f 3477 3462 3463
f 3477 3463 3478
f 3478 3463 3464
f 3478 3464 3479
f 3479 3464 3465
f 3479 3465 3480
f 3480 3465 2573
f 3480 2573 2588
f 3481 3466 3467
f 3481 3467 3482
f 3482 3467 3468
f 3482 3468 3483
f 3483 3468 3469
f 3483 3469 3484
f 3484 3469 3470
f 3484 3470 3485
f 3485 3470 3471
f 3485 3471 3486
f 3486 3471 3472
f 3486 3472 3487
f 3487 3472 3473
f 3487 3473 3488
f 3488 3473 3474
f 3488 3474 3489
f 3489 3474 3475
f 3489 3475 3490
f 3490 3475 3476
f 3490 3476 3491
f 3491 3476 3477
f 3491 3477 3492
f 3492 3477 3478
f 3492 3478 3493
f 3493 3478 3479
f 3493 3479 3494
f 3494 3479 3480
f 3494 3480 3495
f 3495 3480 2588
f 3495 2588 2603
f 3496 3481 3482
f 3496 3482 3497
f 3497 3482 3483
f 3497 3483 3498
f 3498 3483 3484
f 3498 3484 3499
f 3499 3484 3485
f 3499 3485 3500
f 3500 3485 3486
f 3500 3486 3501
f 3501 3486 3487
f 3501 3487 3502
f 3502 3487 3488
f 3502 3488 3503
f 3503 3488 3489
f 3503 3489 3504
f 3504 3489 3490
f 3504 3490 3505
f 3505 3490 3491
f 3505 3491 3506
f 3506 3491 3492
f 3506 3492 3507
f 3507 3492 3493
f 3507 3493 3508
f 3508 3493 3494
f 3508 3494 3509
f 3509 3494 3495
f 3509 3495 3510
f 3510 3495 2603
f 3510 2603 2618
f 3511 3496 3497
f 3511 3497 3512
f 3512 3497 3498
f 3512 3498 3513
f 3513 3498 3499
f 3513 3499 3514
f 3514 3499 3500
f 3514 3500 3515
f 3515 3500 3501
f 3515 3501 3516
f 3516 3501 3502
f 3516 3502 3517
f 3517 3502 3503
f 3517 3503 3518
f 3518 3503 3504
f 3518 3504 3519
f 3519 3504 3505
f 3519 3505 3520
f 3520 3505 3506
f 3520 3506 3521
f 3521 3506 3507
f 3521 3507 3522
f 3522 3507 3508
f 3522 3508 3523
f 3523 3508 3509
f 3523 3509 3524
f 3524 3509 3510
f 3524 3510 3525
f 3525 3510 2618
f 3525 2618 2633
f 3526 3511 3512
f 3526 3512 3527
f 3527 3512 3513
f 3527 3513 3528
f 3528 3513 3514
f 3528 3514 3529
f 3529 3514 3515
f 3529 3515 3530
f 3530 3515 3516
f 3530 3516 3531
f 3531 3516 3517
f 3531 3517 3532
f 3532 3517 3518
f 3532 3518 3533
f 3533 3518 3519
f 3533 3519 3534
f 3534 3519 3520
f 3534 3520 3535
f 3535 3520 3521
f 3535 3521 3536
f 3536 3521 3522
f 3536 3522 3537
f 3537 3522 3523
f 3537 3523 3538
f 3538 3523 3524
f 3538 3524 3539
f 3539 3524 3525
f 3539 3525 3540
f 3540 3525 2633
f 3540 2633 2648
f 3541 3526 3527
f 3541 3527 3542
f 3542 3527 3528
f 3542 3528 3543
f 3543 3528 3529
f 3543 3529 3544
f 3544 3529 3530
f 3544 3530 3545
f 3545 3530 3531
f 3545 3531 3546
f 3546 3531 3532
f 3546 3532 3547
f 3547 3532 3533
f 3547 3533 3548
f 3548 3533 3534
f 3548 3534 3549
f 3549 3534 3535
f 3549 3535 3550
f 3550 3535 3536
f 3550 3536 3551
f 3551 3536 3537
f 3551 3537 3552
f 3552 3537 3538
f 3552 3538 3553
f 3553 3538 3539
f 3553 3539 3554
f 3554 3539 3540
f 3554 3540 3555
f 3555 3540 2648
f 3555 2648 2663
f 3556 3541 3542
f 3556 3542 3557
f 3557 3542 3543
f 3557 3543 3558
f 3558 3543 3544
f 3558 3544 3559
f 3559 3544 3545
f 3559 3545 3560
f 3560 3545 3546
f 3560 3546 3561
f 3561 3546 3547
f 3561 3547 3562
f 3562 3547 3548
f 3562 3548 3563
f 3563 3548 3549
f 3563 3549 3564
f 3564 3549 3550
f 3564 3550 3565
f 3565 3550 3551
f 3565 3551 3566
f 3566 3551 3552
f 3566 3552 3567
f 3567 3552 3553
f 3567 3553 3568
f 3568 3553 3554
f 3568 3554 3569
f 3569 3554 3555
f 3569 3555 3570
f 3570 3555 2663
f 3570 2663 2678
f 3571 3556 3557
f 3571 3557 3572
f 3572 3557 3558
f 3572 3558 3573
f 3573 3558 3559
f 3573 3559 3574
f 3574 3559 3560
f 3574 3560 3575
f 3575 3560 3561
f 3575 3561 3576
f 3576 3561 3562
f 3576 3562 3577
f 3577 3562 3563
f 3577 3563 3578
f 3578 3563 3564
f 3578 3564 3579
f 3579 3564 3565
f 3579 3565 3580
f 3580 3565 3566
f 3580 3566 3581
f 3581 3566 3567
f 3581 3567 3582
f 3582 3567 3568
f 3582 3568 3583
f 3583 3568 3569
f 3583 3569 3584
f 3584 3569 3570
f 3584 3570 3585
f 3585 3570 2678
f 3585 2678 2693
f 3586 3571 3572
f 3586 3572 3587
f 3587 3572 3573
f 3587 3573 3588
f 3588 3573 3574
f 3588 3574 3589
f 3589 3574 3575
f 3589 3575 3590
f 3590 3575 3576
f 3590 3576 3591
f 3591 3576 3577
f 3591 3577 3592
f 3592 3577 3578
f 3592 3578 3593
f 3593 3578 3579
f 3593 3579 3594
f 3594 3579 3580
f 3594 3580 3595
f 3595 3580 3581
f 3595 3581 3596
f 3596 3581 3582
f 3596 3582 3597
f 3597 3582 3583
f 3597 3583 3598
f 3598 3583 3584
f 3598 3584 3599
f 3599 3584 3585
f 3599 3585 3600
f 3600 3585 2693
f 3600 2693 2708
f 3601 3586 3587
f 3601 3587 3602
f 3602 3587 3588
f 3602 3588 3603
f 3603 3588 3589
f 3603 3589 3604
f 3604 3589 3590
f 3604 3590 3605
f 3605 3590 3591
f 3605 3591 3606
f 3606 3591 3592
f 3606 3592 3607
f 3607 3592 3593
f 3607 3593 3608
f 3608 3593 3594
f 3608 3594 3609
f 3609 3594 3595
f 3609 3595 3610
f 3610 3595 3596
f 3610 3596 3611
f 3611 3596 3597
f 3611 3597 3612
f 3612 3597 3598
f 3612 3598 3613
f 3613 3598 3599
f 3613 3599 3614
f 3614 3599 3600
f 3614 3600 3615
f 3615 3600 2708
f 3615 2708 2723
f 3616 3601 3602
f 3616 3602 3617
f 3617 3602 3603
f 3617 3603 3618
f 3618 3603 3604
f 3618 3604 3619
f 3619 3604 3605
f 3619 3605 3620
f 3620 3605 3606
f 3620 3606 3621
f 3621 3606 3607
f 3621 3607 3622
f 3622 3607 3608
f 3622 3608 3623
f 3623 3608 3609
f 3623 3609 3624
f 3624 3609 3610
f 3624 3610 3625
f 3625 3610 3611
f 3625 3611 3626
f 3626 3611 3612
f 3626 3612 3627
f 3627 3612 3613
f 3627 3613 3628
f 3628 3613 3614
f 3628 3614 3629
f 3629 3614 3615
f 3629 3615 3630
f 3630 3615 2723
f 3630 2723 2738
f 3207 3616 3617
f 3207 3617 3206
f 3206 3617 3618
f 3206 3618 3209
f 3209 3618 3619
f 3209 3619 3211
f 3211 3619 3620
f 3211 3620 3213
f 3213 3620 3621
f 3213 3621 3215
f 3215 3621 3622
f 3215 3622 3217
f 3217 3622 3623
f 3217 3623 3219
f 3219 3623 3624
f 3219 3624 3221
f 3221 3624 3625
f 3221 3625 3223
f 3223 3625 3626
f 3223 3626 3225
f 3225 3626 3627
f 3225 3627 3227
f 3227 3627 3628
f 3227 3628 3229
f 3229 3628 3629
f 3229 3629 3231
f 3231 3629 3630
f 3231 3630 3233
f 3233 3630 2738
f 3233 2738 2321
