# Exported from robot_room_v2.usdc, material /root/_materials/_________
v 0.761532 -2.16807 1.39492
v 0.761267 -2.16578 1.39492
v 0.760515 -2.16367 1.39492
v 0.759333 -2.16182 1.39492
v 0.757784 -2.16027 1.39492
v 0.755927 -2.15909 1.39492
v 0.753823 -2.15833 1.39492
v 0.751532 -2.15807 1.39492
v 0.74924 -2.15833 1.39492
v 0.747136 -2.15909 1.39492
v 0.745279 -2.16027 1.39492
v 0.74373 -2.16182 1.39492
v 0.742549 -2.16367 1.39492
v 0.741796 -2.16578 1.39492
v 0.741532 -2.16807 1.39492
v 0.741796 -2.17036 1.39492
v 0.742549 -2.17247 1.39492
v 0.74373 -2.17432 1.39492
v 0.745279 -2.17587 1.39492
v 0.747136 -2.17705 1.39492
v 0.74924 -2.17781 1.39492
v 0.751532 -2.17807 1.39492
v 0.753823 -2.17781 1.39492
v 0.755927 -2.17705 1.39492
v 0.757784 -2.17587 1.39492
v 0.759333 -2.17432 1.39492
v 0.760515 -2.17247 1.39492
v 0.761267 -2.17036 1.39492
v 0.761532 -2.16807 1.44766
v 0.761267 -2.16578 1.44766
v 0.760515 -2.16367 1.44766
v 0.759333 -2.16182 1.44766
v 0.757784 -2.16027 1.44766
v 0.755927 -2.15909 1.44766
v 0.753823 -2.15833 1.44766
v 0.751532 -2.15807 1.44766
v 0.74924 -2.15833 1.44766
v 0.747136 -2.15909 1.44766
v 0.745279 -2.16027 1.44766
v 0.74373 -2.16182 1.44766
v 0.742549 -2.16367 1.44766
v 0.741796 -2.16578 1.44766
v 0.741532 -2.16807 1.44766
v 0.741796 -2.17036 1.44766
v 0.742549 -2.17247 1.44766
v 0.74373 -2.17432 1.44766
v 0.745279 -2.17587 1.44766
v 0.747136 -2.17705 1.44766
v 0.74924 -2.17781 1.44766
v 0.751532 -2.17807 1.44766
v 0.753823 -2.17781 1.44766
v 0.755927 -2.17705 1.44766
v 0.757784 -2.17587 1.44766
v 0.759333 -2.17432 1.44766
v 0.760515 -2.17247 1.44766
v 0.761267 -2.17036 1.44766
v 0.771532 -2.18807 1.44629
v 0.771532 -2.14807 1.44629
v 0.771532 -2.14692 1.44616
v 0.771532 -2.14587 1.44578
v 0.771532 -2.14494 1.44519
v 0.771532 -2.14417 1.44442
v 0.771532 -2.14358 1.44349
v 0.771532 -2.1432 1.44244
v 0.771532 -2.14307 1.44129
v 0.771532 -2.14307 1.40129
v 0.771532 -2.1432 1.40014
v 0.771532 -2.14358 1.39909
v 0.771532 -2.14417 1.39816
v 0.771532 -2.14494 1.39739
v 0.771532 -2.14587 1.3968
v 0.771532 -2.14692 1.39642
v 0.771532 -2.14807 1.39629
v 0.771532 -2.18807 1.39629
v 0.771532 -2.18922 1.39642
v 0.771532 -2.19027 1.3968
v 0.771532 -2.1912 1.39739
v 0.771532 -2.19197 1.39816
v 0.771532 -2.19256 1.39909
v 0.771532 -2.19294 1.40014
v 0.771532 -2.19307 1.40129
v 0.771532 -2.19307 1.44129
v 0.771532 -2.19294 1.44244
v 0.771532 -2.19256 1.44349
v 0.771532 -2.19197 1.44442
v 0.771532 -2.1912 1.44519
v 0.771532 -2.19027 1.44578
v 0.771532 -2.18922 1.44616
v 0.766532 -2.18807 1.44629
v 0.766532 -2.14807 1.44629
v 0.766532 -2.14692 1.44616
v 0.766532 -2.14587 1.44578
v 0.766532 -2.14494 1.44519
v 0.766532 -2.14417 1.44442
v 0.766532 -2.14358 1.44349
v 0.766532 -2.1432 1.44244
v 0.766532 -2.14307 1.44129
v 0.766532 -2.14307 1.40129
v 0.766532 -2.1432 1.40014
v 0.766532 -2.14358 1.39909
v 0.766532 -2.14417 1.39816
v 0.766532 -2.14494 1.39739
v 0.766532 -2.14587 1.3968
v 0.766532 -2.14692 1.39642
v 0.766532 -2.14807 1.39629
v 0.766532 -2.18807 1.39629
v 0.766532 -2.18922 1.39642
v 0.766532 -2.19027 1.3968
v 0.766532 -2.1912 1.39739
v 0.766532 -2.19197 1.39816
v 0.766532 -2.19256 1.39909
v 0.766532 -2.19294 1.40014
v 0.766532 -2.19307 1.40129
v 0.766532 -2.19307 1.44129
v 0.766532 -2.19294 1.44244
v 0.766532 -2.19256 1.44349
v 0.766532 -2.19197 1.44442
v 0.766532 -2.1912 1.44519
v 0.766532 -2.19027 1.44578
v 0.766532 -2.18922 1.44616
v 0.771532 -2.18807 0.8227
v 0.771532 -2.14807 0.8227
v 0.771532 -2.14692 0.822568
v 0.771532 -2.14587 0.822191
v 0.771532 -2.14494 0.821601
v 0.771532 -2.14417 0.820826
v 0.771532 -2.14358 0.819898
v 0.771532 -2.1432 0.818846
v 0.771532 -2.14307 0.8177
v 0.771532 -2.14307 0.7777
v 0.771532 -2.1432 0.776554
v 0.771532 -2.14358 0.775502
v 0.771532 -2.14417 0.774574
v 0.771532 -2.14494 0.773799
v 0.771532 -2.14587 0.773209
v 0.771532 -2.14692 0.772832
v 0.771532 -2.14807 0.7727
v 0.771532 -2.18807 0.7727
v 0.771532 -2.18922 0.772832
v 0.771532 -2.19027 0.773209
v 0.771532 -2.1912 0.773799
v 0.771532 -2.19197 0.774574
v 0.771532 -2.19256 0.775502
v 0.771532 -2.19294 0.776554
v 0.771532 -2.19307 0.7777
v 0.771532 -2.19307 0.8177
v 0.771532 -2.19294 0.818846
v 0.771532 -2.19256 0.819898
v 0.771532 -2.19197 0.820826
v 0.771532 -2.1912 0.821601
v 0.771532 -2.19027 0.822191
v 0.771532 -2.18922 0.822568
v 0.766532 -2.18807 0.8227
v 0.766532 -2.14807 0.8227
v 0.766532 -2.14692 0.822568
v 0.766532 -2.14587 0.822191
v 0.766532 -2.14494 0.821601
v 0.766532 -2.14417 0.820826
v 0.766532 -2.14358 0.819898
v 0.766532 -2.1432 0.818846
v 0.766532 -2.14307 0.8177
v 0.766532 -2.14307 0.7777
v 0.766532 -2.1432 0.776554
v 0.766532 -2.14358 0.775502
v 0.766532 -2.14417 0.774574
v 0.766532 -2.14494 0.773799
v 0.766532 -2.14587 0.773209
v 0.766532 -2.14692 0.772832
v 0.766532 -2.14807 0.7727
v 0.766532 -2.18807 0.7727
v 0.766532 -2.18922 0.772832
v 0.766532 -2.19027 0.773209
v 0.766532 -2.1912 0.773799
v 0.766532 -2.19197 0.774574
v 0.766532 -2.19256 0.775502
v 0.766532 -2.19294 0.776554
v 0.766532 -2.19307 0.7777
v 0.766532 -2.19307 0.8177
v 0.766532 -2.19294 0.818846
v 0.766532 -2.19256 0.819898
v 0.766532 -2.19197 0.820826
v 0.766532 -2.1912 0.821601
v 0.766532 -2.19027 0.822191
v 0.766532 -2.18922 0.822568
v 0.75977 -2.16807 0.82366
v 0.759552 -2.16618 0.82366
v 0.758932 -2.16445 0.82366
v 0.757959 -2.16292 0.82366
v 0.756683 -2.16164 0.82366
v 0.755153 -2.16067 0.82366
v 0.753419 -2.16005 0.82366
v 0.751532 -2.15983 0.82366
v 0.749644 -2.16005 0.82366
v 0.747911 -2.16067 0.82366
v 0.746381 -2.16164 0.82366
v 0.745105 -2.16292 0.82366
v 0.744132 -2.16445 0.82366
v 0.743511 -2.16618 0.82366
v 0.743294 -2.16807 0.82366
v 0.743511 -2.16996 0.82366
v 0.744132 -2.17169 0.82366
v 0.745105 -2.17322 0.82366
v 0.746381 -2.1745 0.82366
v 0.747911 -2.17547 0.82366
v 0.749644 -2.17609 0.82366
v 0.751532 -2.17631 0.82366
v 0.753419 -2.17609 0.82366
v 0.755153 -2.17547 0.82366
v 0.756683 -2.1745 0.82366
v 0.757959 -2.17322 0.82366
v 0.758932 -2.17169 0.82366
v 0.759552 -2.16996 0.82366
v 0.75977 -2.16807 0.827522
v 0.759552 -2.16618 0.827522
v 0.758932 -2.16445 0.827522
v 0.757959 -2.16292 0.827522
v 0.756683 -2.16164 0.827522
v 0.755153 -2.16067 0.827522
v 0.753419 -2.16005 0.827522
v 0.751532 -2.15983 0.827522
v 0.749644 -2.16005 0.827522
v 0.747911 -2.16067 0.827522
v 0.746381 -2.16164 0.827522
v 0.745105 -2.16292 0.827522
v 0.744132 -2.16445 0.827522
v 0.743511 -2.16618 0.827522
v 0.743294 -2.16807 0.827522
v 0.743511 -2.16996 0.827522
v 0.744132 -2.17169 0.827522
v 0.745105 -2.17322 0.827522
v 0.746381 -2.1745 0.827522
v 0.747911 -2.17547 0.827522
v 0.749644 -2.17609 0.827522
v 0.751532 -2.17631 0.827522
v 0.753419 -2.17609 0.827522
v 0.755153 -2.17547 0.827522
v 0.756683 -2.1745 0.827522
v 0.757959 -2.17322 0.827522
v 0.758932 -2.17169 0.827522
v 0.759552 -2.16996 0.827522
v 0.75977 -2.16807 0.767056
v 0.759552 -2.16618 0.767056
v 0.758932 -2.16445 0.767056
v 0.757959 -2.16292 0.767056
v 0.756683 -2.16164 0.767056
v 0.755153 -2.16067 0.767056
v 0.753419 -2.16005 0.767056
v 0.751532 -2.15983 0.767056
v 0.749644 -2.16005 0.767056
v 0.747911 -2.16067 0.767056
v 0.746381 -2.16164 0.767056
v 0.745105 -2.16292 0.767056
v 0.744132 -2.16445 0.767056
v 0.743511 -2.16618 0.767056
v 0.743294 -2.16807 0.767056
v 0.743511 -2.16996 0.767056
v 0.744132 -2.17169 0.767056
v 0.745105 -2.17322 0.767056
v 0.746381 -2.1745 0.767056
v 0.747911 -2.17547 0.767056
v 0.749644 -2.17609 0.767056
v 0.751532 -2.17631 0.767056
v 0.753419 -2.17609 0.767056
v 0.755153 -2.17547 0.767056
v 0.756683 -2.1745 0.767056
v 0.757959 -2.17322 0.767056
v 0.758932 -2.17169 0.767056
v 0.759552 -2.16996 0.767056
v 0.75977 -2.16807 0.770918
v 0.759552 -2.16618 0.770918
v 0.758932 -2.16445 0.770918
v 0.757959 -2.16292 0.770918
v 0.756683 -2.16164 0.770918
v 0.755153 -2.16067 0.770918
v 0.753419 -2.16005 0.770918
v 0.751532 -2.15983 0.770918
v 0.749644 -2.16005 0.770918
v 0.747911 -2.16067 0.770918
v 0.746381 -2.16164 0.770918
v 0.745105 -2.16292 0.770918
v 0.744132 -2.16445 0.770918
v 0.743511 -2.16618 0.770918
v 0.743294 -2.16807 0.770918
v 0.743511 -2.16996 0.770918
v 0.744132 -2.17169 0.770918
v 0.745105 -2.17322 0.770918
v 0.746381 -2.1745 0.770918
v 0.747911 -2.17547 0.770918
v 0.749644 -2.17609 0.770918
v 0.751532 -2.17631 0.770918
v 0.753419 -2.17609 0.770918
v 0.755153 -2.17547 0.770918
v 0.756683 -2.1745 0.770918
v 0.757959 -2.17322 0.770918
v 0.758932 -2.17169 0.770918
v 0.759552 -2.16996 0.770918
v 0.75977 -2.16807 1.39106
v 0.759552 -2.16618 1.39106
v 0.758932 -2.16445 1.39106
v 0.757959 -2.16292 1.39106
v 0.756683 -2.16164 1.39106
v 0.755153 -2.16067 1.39106
v 0.753419 -2.16005 1.39106
v 0.751532 -2.15983 1.39106
v 0.749644 -2.16005 1.39106
v 0.747911 -2.16067 1.39106
v 0.746381 -2.16164 1.39106
v 0.745105 -2.16292 1.39106
v 0.744132 -2.16445 1.39106
v 0.743511 -2.16618 1.39106
v 0.743294 -2.16807 1.39106
v 0.743511 -2.16996 1.39106
v 0.744132 -2.17169 1.39106
v 0.745105 -2.17322 1.39106
v 0.746381 -2.1745 1.39106
v 0.747911 -2.17547 1.39106
v 0.749644 -2.17609 1.39106
v 0.751532 -2.17631 1.39106
v 0.753419 -2.17609 1.39106
v 0.755153 -2.17547 1.39106
v 0.756683 -2.1745 1.39106
v 0.757959 -2.17322 1.39106
v 0.758932 -2.17169 1.39106
v 0.759552 -2.16996 1.39106
v 0.75977 -2.16807 1.39492
v 0.759552 -2.16618 1.39492
v 0.758932 -2.16445 1.39492
v 0.757959 -2.16292 1.39492
v 0.756683 -2.16164 1.39492
v 0.755153 -2.16067 1.39492
v 0.753419 -2.16005 1.39492
v 0.751532 -2.15983 1.39492
v 0.749644 -2.16005 1.39492
v 0.747911 -2.16067 1.39492
v 0.746381 -2.16164 1.39492
v 0.745105 -2.16292 1.39492
v 0.744132 -2.16445 1.39492
v 0.743511 -2.16618 1.39492
v 0.743294 -2.16807 1.39492
v 0.743511 -2.16996 1.39492
v 0.744132 -2.17169 1.39492
v 0.745105 -2.17322 1.39492
v 0.746381 -2.1745 1.39492
v 0.747911 -2.17547 1.39492
v 0.749644 -2.17609 1.39492
v 0.751532 -2.17631 1.39492
v 0.753419 -2.17609 1.39492
v 0.755153 -2.17547 1.39492
v 0.756683 -2.1745 1.39492
v 0.757959 -2.17322 1.39492
v 0.758932 -2.17169 1.39492
v 0.759552 -2.16996 1.39492
v 0.75977 -2.16807 1.44766
v 0.759552 -2.16618 1.44766
v 0.758932 -2.16445 1.44766
v 0.757959 -2.16292 1.44766
v 0.756683 -2.16164 1.44766
v 0.755153 -2.16067 1.44766
v 0.753419 -2.16005 1.44766
v 0.751532 -2.15983 1.44766
v 0.749644 -2.16005 1.44766
v 0.747911 -2.16067 1.44766
v 0.746381 -2.16164 1.44766
v 0.745105 -2.16292 1.44766
v 0.744132 -2.16445 1.44766
v 0.743511 -2.16618 1.44766
v 0.743294 -2.16807 1.44766
v 0.743511 -2.16996 1.44766
v 0.744132 -2.17169 1.44766
v 0.745105 -2.17322 1.44766
v 0.746381 -2.1745 1.44766
v 0.747911 -2.17547 1.44766
v 0.749644 -2.17609 1.44766
v 0.751532 -2.17631 1.44766
v 0.753419 -2.17609 1.44766
v 0.755153 -2.17547 1.44766
v 0.756683 -2.1745 1.44766
v 0.757959 -2.17322 1.44766
v 0.758932 -2.17169 1.44766
v 0.759552 -2.16996 1.44766
v 0.75977 -2.16807 1.45152
v 0.759552 -2.16618 1.45152
v 0.758932 -2.16445 1.45152
v 0.757959 -2.16292 1.45152
v 0.756683 -2.16164 1.45152
v 0.755153 -2.16067 1.45152
v 0.753419 -2.16005 1.45152
v 0.751532 -2.15983 1.45152
v 0.749644 -2.16005 1.45152
v 0.747911 -2.16067 1.45152
v 0.746381 -2.16164 1.45152
v 0.745105 -2.16292 1.45152
v 0.744132 -2.16445 1.45152
v 0.743511 -2.16618 1.45152
v 0.743294 -2.16807 1.45152
v 0.743511 -2.16996 1.45152
v 0.744132 -2.17169 1.45152
v 0.745105 -2.17322 1.45152
v 0.746381 -2.1745 1.45152
v 0.747911 -2.17547 1.45152
v 0.749644 -2.17609 1.45152
v 0.751532 -2.17631 1.45152
v 0.753419 -2.17609 1.45152
v 0.755153 -2.17547 1.45152
v 0.756683 -2.1745 1.45152
v 0.757959 -2.17322 1.45152
v 0.758932 -2.17169 1.45152
v 0.759552 -2.16996 1.45152
v 0.761532 -2.16807 0.770917
v 0.761267 -2.16578 0.770917
v 0.760515 -2.16367 0.770917
v 0.759333 -2.16182 0.770917
v 0.757784 -2.16027 0.770917
v 0.755927 -2.15909 0.770917
v 0.753823 -2.15833 0.770917
v 0.751532 -2.15807 0.770917
v 0.74924 -2.15833 0.770917
v 0.747136 -2.15909 0.770917
v 0.745279 -2.16027 0.770917
v 0.74373 -2.16182 0.770917
v 0.742549 -2.16367 0.770917
v 0.741796 -2.16578 0.770917
v 0.741532 -2.16807 0.770917
v 0.741796 -2.17036 0.770917
v 0.742549 -2.17247 0.770917
v 0.74373 -2.17432 0.770917
v 0.745279 -2.17587 0.770917
v 0.747136 -2.17705 0.770917
v 0.74924 -2.17781 0.770917
v 0.751532 -2.17807 0.770917
v 0.753823 -2.17781 0.770917
v 0.755927 -2.17705 0.770917
v 0.757784 -2.17587 0.770917
v 0.759333 -2.17432 0.770917
v 0.760515 -2.17247 0.770917
v 0.761267 -2.17036 0.770917
v 0.761532 -2.16807 0.82366
v 0.761267 -2.16578 0.82366
v 0.760515 -2.16367 0.82366
v 0.759333 -2.16182 0.82366
v 0.757784 -2.16027 0.82366
v 0.755927 -2.15909 0.82366
v 0.753823 -2.15833 0.82366
v 0.751532 -2.15807 0.82366
v 0.74924 -2.15833 0.82366
v 0.747136 -2.15909 0.82366
v 0.745279 -2.16027 0.82366
v 0.74373 -2.16182 0.82366
v 0.742549 -2.16367 0.82366
v 0.741796 -2.16578 0.82366
v 0.741532 -2.16807 0.82366
v 0.741796 -2.17036 0.82366
v 0.742549 -2.17247 0.82366
v 0.74373 -2.17432 0.82366
v 0.745279 -2.17587 0.82366
v 0.747136 -2.17705 0.82366
v 0.74924 -2.17781 0.82366
v 0.751532 -2.17807 0.82366
v 0.753823 -2.17781 0.82366
v 0.755927 -2.17705 0.82366
v 0.757784 -2.17587 0.82366
v 0.759333 -2.17432 0.82366
v 0.760515 -2.17247 0.82366
v 0.761267 -2.17036 0.82366
v -2.16847 3.72267 0.8227
v -2.20847 3.72267 0.8227
v -2.20962 3.72267 0.822568
v -2.21067 3.72267 0.822191
v -2.2116 3.72267 0.821601
v -2.21237 3.72267 0.820826
v -2.21296 3.72267 0.819898
v -2.21334 3.72267 0.818846
v -2.21347 3.72267 0.8177
v -2.21347 3.72267 0.7777
v -2.21334 3.72267 0.776554
v -2.21296 3.72267 0.775502
v -2.21237 3.72267 0.774574
v -2.2116 3.72267 0.773799
v -2.21067 3.72267 0.773209
v -2.20962 3.72267 0.772832
v -2.20847 3.72267 0.7727
v -2.16847 3.72267 0.7727
v -2.16733 3.72267 0.772832
v -2.16627 3.72267 0.773209
v -2.16535 3.72267 0.773799
v -2.16457 3.72267 0.774574
v -2.16398 3.72267 0.775502
v -2.1636 3.72267 0.776554
v -2.16347 3.72267 0.7777
v -2.16347 3.72267 0.8177
v -2.1636 3.72267 0.818846
v -2.16398 3.72267 0.819898
v -2.16457 3.72267 0.820826
v -2.16535 3.72267 0.821601
v -2.16627 3.72267 0.822191
v -2.16733 3.72267 0.822568
v -2.16847 3.71767 0.8227
v -2.20847 3.71767 0.8227
v -2.20962 3.71767 0.822568
v -2.21067 3.71767 0.822191
v -2.2116 3.71767 0.821601
v -2.21237 3.71767 0.820826
v -2.21296 3.71767 0.819898
v -2.21334 3.71767 0.818846
v -2.21347 3.71767 0.8177
v -2.21347 3.71767 0.7777
v -2.21334 3.71767 0.776554
v -2.21296 3.71767 0.775502
v -2.21237 3.71767 0.774574
v -2.2116 3.71767 0.773799
v -2.21067 3.71767 0.773209
v -2.20962 3.71767 0.772832
v -2.20847 3.71767 0.7727
v -2.16847 3.71767 0.7727
v -2.16733 3.71767 0.772832
v -2.16627 3.71767 0.773209
v -2.16535 3.71767 0.773799
v -2.16457 3.71767 0.774574
v -2.16398 3.71767 0.775502
v -2.1636 3.71767 0.776554
v -2.16347 3.71767 0.7777
v -2.16347 3.71767 0.8177
v -2.1636 3.71767 0.818846
v -2.16398 3.71767 0.819898
v -2.16457 3.71767 0.820826
v -2.16535 3.71767 0.821601
v -2.16627 3.71767 0.822191
v -2.16733 3.71767 0.822568
v -2.18847 3.71091 0.767056
v -2.19036 3.71069 0.767056
v -2.19209 3.71007 0.767056
v -2.19362 3.7091 0.767056
v -2.1949 3.70782 0.767056
v -2.19587 3.70629 0.767056
v -2.19649 3.70456 0.767056
v -2.19671 3.70267 0.767056
v -2.19649 3.70078 0.767056
v -2.19587 3.69905 0.767056
v -2.1949 3.69752 0.767056
v -2.19362 3.69624 0.767056
v -2.19209 3.69527 0.767056
v -2.19036 3.69465 0.767056
v -2.18847 3.69443 0.767056
v -2.18658 3.69465 0.767056
v -2.18485 3.69527 0.767056
v -2.18332 3.69624 0.767056
v -2.18204 3.69752 0.767056
v -2.18107 3.69905 0.767056
v -2.18045 3.70078 0.767056
v -2.18023 3.70267 0.767056
v -2.18045 3.70456 0.767056
v -2.18107 3.70629 0.767056
v -2.18204 3.70782 0.767056
v -2.18332 3.7091 0.767056
v -2.18485 3.71007 0.767056
v -2.18658 3.71069 0.767056
v -2.18847 3.71091 0.770918
v -2.19036 3.71069 0.770918
v -2.19209 3.71007 0.770918
v -2.19362 3.7091 0.770918
v -2.1949 3.70782 0.770918
v -2.19587 3.70629 0.770918
v -2.19649 3.70456 0.770918
v -2.19671 3.70267 0.770918
v -2.19649 3.70078 0.770918
v -2.19587 3.69905 0.770918
v -2.1949 3.69752 0.770918
v -2.19362 3.69624 0.770918
v -2.19209 3.69527 0.770918
v -2.19036 3.69465 0.770918
v -2.18847 3.69443 0.770918
v -2.18658 3.69465 0.770918
v -2.18485 3.69527 0.770918
v -2.18332 3.69624 0.770918
v -2.18204 3.69752 0.770918
v -2.18107 3.69905 0.770918
v -2.18045 3.70078 0.770918
v -2.18023 3.70267 0.770918
v -2.18045 3.70456 0.770918
v -2.18107 3.70629 0.770918
v -2.18204 3.70782 0.770918
v -2.18332 3.7091 0.770918
v -2.18485 3.71007 0.770918
v -2.18658 3.71069 0.770918
v -2.18847 3.71091 0.82366
v -2.19036 3.71069 0.82366
v -2.19209 3.71007 0.82366
v -2.19362 3.7091 0.82366
v -2.1949 3.70782 0.82366
v -2.19587 3.70629 0.82366
v -2.19649 3.70456 0.82366
v -2.19671 3.70267 0.82366
v -2.19649 3.70078 0.82366
v -2.19587 3.69905 0.82366
v -2.1949 3.69752 0.82366
v -2.19362 3.69624 0.82366
v -2.19209 3.69527 0.82366
v -2.19036 3.69465 0.82366
v -2.18847 3.69443 0.82366
v -2.18658 3.69465 0.82366
v -2.18485 3.69527 0.82366
v -2.18332 3.69624 0.82366
v -2.18204 3.69752 0.82366
v -2.18107 3.69905 0.82366
v -2.18045 3.70078 0.82366
v -2.18023 3.70267 0.82366
v -2.18045 3.70456 0.82366
v -2.18107 3.70629 0.82366
v -2.18204 3.70782 0.82366
v -2.18332 3.7091 0.82366
v -2.18485 3.71007 0.82366
v -2.18658 3.71069 0.82366
v -2.18847 3.71091 0.827522
v -2.19036 3.71069 0.827522
v -2.19209 3.71007 0.827522
v -2.19362 3.7091 0.827522
v -2.1949 3.70782 0.827522
v -2.19587 3.70629 0.827522
v -2.19649 3.70456 0.827522
v -2.19671 3.70267 0.827522
v -2.19649 3.70078 0.827522
v -2.19587 3.69905 0.827522
v -2.1949 3.69752 0.827522
v -2.19362 3.69624 0.827522
v -2.19209 3.69527 0.827522
v -2.19036 3.69465 0.827522
v -2.18847 3.69443 0.827522
v -2.18658 3.69465 0.827522
v -2.18485 3.69527 0.827522
v -2.18332 3.69624 0.827522
v -2.18204 3.69752 0.827522
v -2.18107 3.69905 0.827522
v -2.18045 3.70078 0.827522
v -2.18023 3.70267 0.827522
v -2.18045 3.70456 0.827522
v -2.18107 3.70629 0.827522
v -2.18204 3.70782 0.827522
v -2.18332 3.7091 0.827522
v -2.18485 3.71007 0.827522
v -2.18658 3.71069 0.827522
v -2.18847 3.71091 1.39106
v -2.19036 3.71069 1.39106
v -2.19209 3.71007 1.39106
v -2.19362 3.7091 1.39106
v -2.1949 3.70782 1.39106
v -2.19587 3.70629 1.39106
v -2.19649 3.70456 1.39106
v -2.19671 3.70267 1.39106
v -2.19649 3.70078 1.39106
v -2.19587 3.69905 1.39106
v -2.1949 3.69752 1.39106
v -2.19362 3.69624 1.39106
v -2.19209 3.69527 1.39106
v -2.19036 3.69465 1.39106
v -2.18847 3.69443 1.39106
v -2.18658 3.69465 1.39106
v -2.18485 3.69527 1.39106
v -2.18332 3.69624 1.39106
v -2.18204 3.69752 1.39106
v -2.18107 3.69905 1.39106
v -2.18045 3.70078 1.39106
v -2.18023 3.70267 1.39106
v -2.18045 3.70456 1.39106
v -2.18107 3.70629 1.39106
v -2.18204 3.70782 1.39106
v -2.18332 3.7091 1.39106
v -2.18485 3.71007 1.39106
v -2.18658 3.71069 1.39106
v -2.18847 3.71091 1.39492
v -2.19036 3.71069 1.39492
v -2.19209 3.71007 1.39492
v -2.19362 3.7091 1.39492
v -2.1949 3.70782 1.39492
v -2.19587 3.70629 1.39492
v -2.19649 3.70456 1.39492
v -2.19671 3.70267 1.39492
v -2.19649 3.70078 1.39492
v -2.19587 3.69905 1.39492
v -2.1949 3.69752 1.39492
v -2.19362 3.69624 1.39492
v -2.19209 3.69527 1.39492
v -2.19036 3.69465 1.39492
v -2.18847 3.69443 1.39492
v -2.18658 3.69465 1.39492
v -2.18485 3.69527 1.39492
v -2.18332 3.69624 1.39492
v -2.18204 3.69752 1.39492
v -2.18107 3.69905 1.39492
v -2.18045 3.70078 1.39492
v -2.18023 3.70267 1.39492
v -2.18045 3.70456 1.39492
v -2.18107 3.70629 1.39492
v -2.18204 3.70782 1.39492
v -2.18332 3.7091 1.39492
v -2.18485 3.71007 1.39492
v -2.18658 3.71069 1.39492
v -2.18847 3.71091 1.44766
v -2.19036 3.71069 1.44766
v -2.19209 3.71007 1.44766
v -2.19362 3.7091 1.44766
v -2.1949 3.70782 1.44766
v -2.19587 3.70629 1.44766
v -2.19649 3.70456 1.44766
v -2.19671 3.70267 1.44766
v -2.19649 3.70078 1.44766
v -2.19587 3.69905 1.44766
v -2.1949 3.69752 1.44766
v -2.19362 3.69624 1.44766
v -2.19209 3.69527 1.44766
v -2.19036 3.69465 1.44766
v -2.18847 3.69443 1.44766
v -2.18658 3.69465 1.44766
v -2.18485 3.69527 1.44766
v -2.18332 3.69624 1.44766
v -2.18204 3.69752 1.44766
v -2.18107 3.69905 1.44766
v -2.18045 3.70078 1.44766
v -2.18023 3.70267 1.44766
v -2.18045 3.70456 1.44766
v -2.18107 3.70629 1.44766
v -2.18204 3.70782 1.44766
v -2.18332 3.7091 1.44766
v -2.18485 3.71007 1.44766
v -2.18658 3.71069 1.44766
v -2.18847 3.71091 1.45152
v -2.19036 3.71069 1.45152
v -2.19209 3.71007 1.45152
v -2.19362 3.7091 1.45152
v -2.1949 3.70782 1.45152
v -2.19587 3.70629 1.45152
v -2.19649 3.70456 1.45152
v -2.19671 3.70267 1.45152
v -2.19649 3.70078 1.45152
v -2.19587 3.69905 1.45152
v -2.1949 3.69752 1.45152
v -2.19362 3.69624 1.45152
v -2.19209 3.69527 1.45152
v -2.19036 3.69465 1.45152
v -2.18847 3.69443 1.45152
v -2.18658 3.69465 1.45152
v -2.18485 3.69527 1.45152
v -2.18332 3.69624 1.45152
v -2.18204 3.69752 1.45152
v -2.18107 3.69905 1.45152
v -2.18045 3.70078 1.45152
v -2.18023 3.70267 1.45152
v -2.18045 3.70456 1.45152
v -2.18107 3.70629 1.45152
v -2.18204 3.70782 1.45152
v -2.18332 3.7091 1.45152
v -2.18485 3.71007 1.45152
v -2.18658 3.71069 1.45152
v -2.18847 3.71267 1.39492
v -2.19076 3.71241 1.39492
v -2.19287 3.71165 1.39492
v -2.19472 3.71047 1.39492
v -2.19627 3.70892 1.39492
v -2.19745 3.70707 1.39492
v -2.19821 3.70496 1.39492
v -2.19847 3.70267 1.39492
v -2.19821 3.70038 1.39492
v -2.19745 3.69827 1.39492
v -2.19627 3.69642 1.39492
v -2.19472 3.69487 1.39492
v -2.19287 3.69369 1.39492
v -2.19076 3.69293 1.39492
v -2.18847 3.69267 1.39492
v -2.18618 3.69293 1.39492
v -2.18408 3.69369 1.39492
v -2.18222 3.69487 1.39492
v -2.18067 3.69642 1.39492
v -2.17949 3.69827 1.39492
v -2.17874 3.70038 1.39492
v -2.17847 3.70267 1.39492
v -2.17874 3.70496 1.39492
v -2.17949 3.70707 1.39492
v -2.18067 3.70892 1.39492
v -2.18222 3.71047 1.39492
v -2.18408 3.71165 1.39492
v -2.18618 3.71241 1.39492
v -2.18847 3.71267 1.44766
v -2.19076 3.71241 1.44766
v -2.19287 3.71165 1.44766
v -2.19472 3.71047 1.44766
v -2.19627 3.70892 1.44766
v -2.19745 3.70707 1.44766
v -2.19821 3.70496 1.44766
v -2.19847 3.70267 1.44766
v -2.19821 3.70038 1.44766
v -2.19745 3.69827 1.44766
v -2.19627 3.69642 1.44766
v -2.19472 3.69487 1.44766
v -2.19287 3.69369 1.44766
v -2.19076 3.69293 1.44766
v -2.18847 3.69267 1.44766
v -2.18618 3.69293 1.44766
v -2.18408 3.69369 1.44766
v -2.18222 3.69487 1.44766
v -2.18067 3.69642 1.44766
v -2.17949 3.69827 1.44766
v -2.17874 3.70038 1.44766
v -2.17847 3.70267 1.44766
v -2.17874 3.70496 1.44766
v -2.17949 3.70707 1.44766
v -2.18067 3.70892 1.44766
v -2.18222 3.71047 1.44766
v -2.18408 3.71165 1.44766
v -2.18618 3.71241 1.44766
v -2.18847 3.71267 0.770917
v -2.19076 3.71241 0.770917
v -2.19287 3.71165 0.770917
v -2.19472 3.71047 0.770917
v -2.19627 3.70892 0.770917
v -2.19745 3.70707 0.770917
v -2.19821 3.70496 0.770917
v -2.19847 3.70267 0.770917
v -2.19821 3.70038 0.770917
v -2.19745 3.69827 0.770917
v -2.19627 3.69642 0.770917
v -2.19472 3.69487 0.770917
v -2.19287 3.69369 0.770917
v -2.19076 3.69293 0.770917
v -2.18847 3.69267 0.770917
v -2.18618 3.69293 0.770917
v -2.18408 3.69369 0.770917
v -2.18222 3.69487 0.770917
v -2.18067 3.69642 0.770917
v -2.17949 3.69827 0.770917
v -2.17874 3.70038 0.770917
v -2.17847 3.70267 0.770917
v -2.17874 3.70496 0.770917
v -2.17949 3.70707 0.770917
v -2.18067 3.70892 0.770917
v -2.18222 3.71047 0.770917
v -2.18408 3.71165 0.770917
v -2.18618 3.71241 0.770917
v -2.18847 3.71267 0.82366
v -2.19076 3.71241 0.82366
v -2.19287 3.71165 0.82366
v -2.19472 3.71047 0.82366
v -2.19627 3.70892 0.82366
v -2.19745 3.70707 0.82366
v -2.19821 3.70496 0.82366
v -2.19847 3.70267 0.82366
v -2.19821 3.70038 0.82366
v -2.19745 3.69827 0.82366
v -2.19627 3.69642 0.82366
v -2.19472 3.69487 0.82366
v -2.19287 3.69369 0.82366
v -2.19076 3.69293 0.82366
v -2.18847 3.69267 0.82366
v -2.18618 3.69293 0.82366
v -2.18408 3.69369 0.82366
v -2.18222 3.69487 0.82366
v -2.18067 3.69642 0.82366
v -2.17949 3.69827 0.82366
v -2.17874 3.70038 0.82366
v -2.17847 3.70267 0.82366
v -2.17874 3.70496 0.82366
v -2.17949 3.70707 0.82366
v -2.18067 3.70892 0.82366
v -2.18222 3.71047 0.82366
v -2.18408 3.71165 0.82366
v -2.18618 3.71241 0.82366
v -2.16847 3.72267 1.44629
v -2.20847 3.72267 1.44629
v -2.20962 3.72267 1.44616
v -2.21067 3.72267 1.44578
v -2.2116 3.72267 1.44519
v -2.21237 3.72267 1.44442
v -2.21296 3.72267 1.44349
v -2.21334 3.72267 1.44244
v -2.21347 3.72267 1.44129
v -2.21347 3.72267 1.40129
v -2.21334 3.72267 1.40014
v -2.21296 3.72267 1.39909
v -2.21237 3.72267 1.39816
v -2.2116 3.72267 1.39739
v -2.21067 3.72267 1.3968
v -2.20962 3.72267 1.39642
v -2.20847 3.72267 1.39629
v -2.16847 3.72267 1.39629
v -2.16733 3.72267 1.39642
v -2.16627 3.72267 1.3968
v -2.16535 3.72267 1.39739
v -2.16457 3.72267 1.39816
v -2.16398 3.72267 1.39909
v -2.1636 3.72267 1.40014
v -2.16347 3.72267 1.40129
v -2.16347 3.72267 1.44129
v -2.1636 3.72267 1.44244
v -2.16398 3.72267 1.44349
v -2.16457 3.72267 1.44442
v -2.16535 3.72267 1.44519
v -2.16627 3.72267 1.44578
v -2.16733 3.72267 1.44616
v -2.16847 3.71767 1.44629
v -2.20847 3.71767 1.44629
v -2.20962 3.71767 1.44616
v -2.21067 3.71767 1.44578
v -2.2116 3.71767 1.44519
v -2.21237 3.71767 1.44442
v -2.21296 3.71767 1.44349
v -2.21334 3.71767 1.44244
v -2.21347 3.71767 1.44129
v -2.21347 3.71767 1.40129
v -2.21334 3.71767 1.40014
v -2.21296 3.71767 1.39909
v -2.21237 3.71767 1.39816
v -2.2116 3.71767 1.39739
v -2.21067 3.71767 1.3968
v -2.20962 3.71767 1.39642
v -2.20847 3.71767 1.39629
v -2.16847 3.71767 1.39629
v -2.16733 3.71767 1.39642
v -2.16627 3.71767 1.3968
v -2.16535 3.71767 1.39739
v -2.16457 3.71767 1.39816
v -2.16398 3.71767 1.39909
v -2.1636 3.71767 1.40014
v -2.16347 3.71767 1.40129
v -2.16347 3.71767 1.44129
v -2.1636 3.71767 1.44244
v -2.16398 3.71767 1.44349
v -2.16457 3.71767 1.44442
v -2.16535 3.71767 1.44519
v -2.16627 3.71767 1.44578
v -2.16733 3.71767 1.44616
v 9.26423 3.66267 0.8227
v 9.22423 3.66267 0.8227
v 9.22309 3.66267 0.822568
v 9.22203 3.66267 0.822191
v 9.22111 3.66267 0.821601
v 9.22033 3.66267 0.820826
v 9.21974 3.66267 0.819898
v 9.21936 3.66267 0.818846
v 9.21923 3.66267 0.8177
v 9.21923 3.66267 0.7777
v 9.21936 3.66267 0.776554
v 9.21974 3.66267 0.775502
v 9.22033 3.66267 0.774574
v 9.22111 3.66267 0.773799
v 9.22203 3.66267 0.773209
v 9.22309 3.66267 0.772832
v 9.22423 3.66267 0.7727
v 9.26423 3.66267 0.7727
v 9.26538 3.66267 0.772832
v 9.26643 3.66267 0.773209
v 9.26736 3.66267 0.773799
v 9.26813 3.66267 0.774574
v 9.26872 3.66267 0.775502
v 9.2691 3.66267 0.776554
v 9.26923 3.66267 0.7777
v 9.26923 3.66267 0.8177
v 9.2691 3.66267 0.818846
v 9.26872 3.66267 0.819898
v 9.26813 3.66267 0.820826
v 9.26736 3.66267 0.821601
v 9.26643 3.66267 0.822191
v 9.26538 3.66267 0.822568
v 9.26423 3.65767 0.8227
v 9.22423 3.65767 0.8227
v 9.22309 3.65767 0.822568
v 9.22203 3.65767 0.822191
v 9.22111 3.65767 0.821601
v 9.22033 3.65767 0.820826
v 9.21974 3.65767 0.819898
v 9.21936 3.65767 0.818846
v 9.21923 3.65767 0.8177
v 9.21923 3.65767 0.7777
v 9.21936 3.65767 0.776554
v 9.21974 3.65767 0.775502
v 9.22033 3.65767 0.774574
v 9.22111 3.65767 0.773799
v 9.22203 3.65767 0.773209
v 9.22309 3.65767 0.772832
v 9.22423 3.65767 0.7727
v 9.26423 3.65767 0.7727
v 9.26538 3.65767 0.772832
v 9.26643 3.65767 0.773209
v 9.26736 3.65767 0.773799
v 9.26813 3.65767 0.774574
v 9.26872 3.65767 0.775502
v 9.2691 3.65767 0.776554
v 9.26923 3.65767 0.7777
v 9.26923 3.65767 0.8177
v 9.2691 3.65767 0.818846
v 9.26872 3.65767 0.819898
v 9.26813 3.65767 0.820826
v 9.26736 3.65767 0.821601
v 9.26643 3.65767 0.822191
v 9.26538 3.65767 0.822568
v 9.24423 3.65091 1.39106
v 9.24234 3.65069 1.39106
v 9.24061 3.65007 1.39106
v 9.23908 3.6491 1.39106
v 9.23781 3.64782 1.39106
v 9.23683 3.64629 1.39106
v 9.23621 3.64456 1.39106
v 9.23599 3.64267 1.39106
v 9.23621 3.64078 1.39106
v 9.23683 3.63905 1.39106
v 9.23781 3.63752 1.39106
v 9.23908 3.63624 1.39106
v 9.24061 3.63527 1.39106
v 9.24234 3.63465 1.39106
v 9.24423 3.63443 1.39106
v 9.24612 3.63465 1.39106
v 9.24785 3.63527 1.39106
v 9.24938 3.63624 1.39106
v 9.25066 3.63752 1.39106
v 9.25163 3.63905 1.39106
v 9.25225 3.64078 1.39106
v 9.25247 3.64267 1.39106
v 9.25225 3.64456 1.39106
v 9.25163 3.64629 1.39106
v 9.25066 3.64782 1.39106
v 9.24938 3.6491 1.39106
v 9.24785 3.65007 1.39106
v 9.24612 3.65069 1.39106
v 9.24423 3.65091 1.39492
v 9.24234 3.65069 1.39492
v 9.24061 3.65007 1.39492
v 9.23908 3.6491 1.39492
v 9.23781 3.64782 1.39492
v 9.23683 3.64629 1.39492
v 9.23621 3.64456 1.39492
v 9.23599 3.64267 1.39492
v 9.23621 3.64078 1.39492
v 9.23683 3.63905 1.39492
v 9.23781 3.63752 1.39492
v 9.23908 3.63624 1.39492
v 9.24061 3.63527 1.39492
v 9.24234 3.63465 1.39492
v 9.24423 3.63443 1.39492
v 9.24612 3.63465 1.39492
v 9.24785 3.63527 1.39492
v 9.24938 3.63624 1.39492
v 9.25066 3.63752 1.39492
v 9.25163 3.63905 1.39492
v 9.25225 3.64078 1.39492
v 9.25247 3.64267 1.39492
v 9.25225 3.64456 1.39492
v 9.25163 3.64629 1.39492
v 9.25066 3.64782 1.39492
v 9.24938 3.6491 1.39492
v 9.24785 3.65007 1.39492
v 9.24612 3.65069 1.39492
v 9.24423 3.65091 1.44766
v 9.24234 3.65069 1.44766
v 9.24061 3.65007 1.44766
v 9.23908 3.6491 1.44766
v 9.23781 3.64782 1.44766
v 9.23683 3.64629 1.44766
v 9.23621 3.64456 1.44766
v 9.23599 3.64267 1.44766
v 9.23621 3.64078 1.44766
v 9.23683 3.63905 1.44766
v 9.23781 3.63752 1.44766
v 9.23908 3.63624 1.44766
v 9.24061 3.63527 1.44766
v 9.24234 3.63465 1.44766
v 9.24423 3.63443 1.44766
v 9.24612 3.63465 1.44766
v 9.24785 3.63527 1.44766
v 9.24938 3.63624 1.44766
v 9.25066 3.63752 1.44766
v 9.25163 3.63905 1.44766
v 9.25225 3.64078 1.44766
v 9.25247 3.64267 1.44766
v 9.25225 3.64456 1.44766
v 9.25163 3.64629 1.44766
v 9.25066 3.64782 1.44766
v 9.24938 3.6491 1.44766
v 9.24785 3.65007 1.44766
v 9.24612 3.65069 1.44766
v 9.24423 3.65091 1.45152
v 9.24234 3.65069 1.45152
v 9.24061 3.65007 1.45152
v 9.23908 3.6491 1.45152
v 9.23781 3.64782 1.45152
v 9.23683 3.64629 1.45152
v 9.23621 3.64456 1.45152
v 9.23599 3.64267 1.45152
v 9.23621 3.64078 1.45152
v 9.23683 3.63905 1.45152
v 9.23781 3.63752 1.45152
v 9.23908 3.63624 1.45152
v 9.24061 3.63527 1.45152
v 9.24234 3.63465 1.45152
v 9.24423 3.63443 1.45152
v 9.24612 3.63465 1.45152
v 9.24785 3.63527 1.45152
v 9.24938 3.63624 1.45152
v 9.25066 3.63752 1.45152
v 9.25163 3.63905 1.45152
v 9.25225 3.64078 1.45152
v 9.25247 3.64267 1.45152
v 9.25225 3.64456 1.45152
v 9.25163 3.64629 1.45152
v 9.25066 3.64782 1.45152
v 9.24938 3.6491 1.45152
v 9.24785 3.65007 1.45152
v 9.24612 3.65069 1.45152
v 9.24423 3.65091 0.767056
v 9.24234 3.65069 0.767056
v 9.24061 3.65007 0.767056
v 9.23908 3.6491 0.767056
v 9.23781 3.64782 0.767056
v 9.23683 3.64629 0.767056
v 9.23621 3.64456 0.767056
v 9.23599 3.64267 0.767056
v 9.23621 3.64078 0.767056
v 9.23683 3.63905 0.767056
v 9.23781 3.63752 0.767056
v 9.23908 3.63624 0.767056
v 9.24061 3.63527 0.767056
v 9.24234 3.63465 0.767056
v 9.24423 3.63443 0.767056
v 9.24612 3.63465 0.767056
v 9.24785 3.63527 0.767056
v 9.24938 3.63624 0.767056
v 9.25066 3.63752 0.767056
v 9.25163 3.63905 0.767056
v 9.25225 3.64078 0.767056
v 9.25247 3.64267 0.767056
v 9.25225 3.64456 0.767056
v 9.25163 3.64629 0.767056
v 9.25066 3.64782 0.767056
v 9.24938 3.6491 0.767056
v 9.24785 3.65007 0.767056
v 9.24612 3.65069 0.767056
v 9.24423 3.65091 0.770918
v 9.24234 3.65069 0.770918
v 9.24061 3.65007 0.770918
v 9.23908 3.6491 0.770918
v 9.23781 3.64782 0.770918
v 9.23683 3.64629 0.770918
v 9.23621 3.64456 0.770918
v 9.23599 3.64267 0.770918
v 9.23621 3.64078 0.770918
v 9.23683 3.63905 0.770918
v 9.23781 3.63752 0.770918
v 9.23908 3.63624 0.770918
v 9.24061 3.63527 0.770918
v 9.24234 3.63465 0.770918
v 9.24423 3.63443 0.770918
v 9.24612 3.63465 0.770918
v 9.24785 3.63527 0.770918
v 9.24938 3.63624 0.770918
v 9.25066 3.63752 0.770918
v 9.25163 3.63905 0.770918
v 9.25225 3.64078 0.770918
v 9.25247 3.64267 0.770918
v 9.25225 3.64456 0.770918
v 9.25163 3.64629 0.770918
v 9.25066 3.64782 0.770918
v 9.24938 3.6491 0.770918
v 9.24785 3.65007 0.770918
v 9.24612 3.65069 0.770918
v 9.24423 3.65091 0.82366
v 9.24234 3.65069 0.82366
v 9.24061 3.65007 0.82366
v 9.23908 3.6491 0.82366
v 9.23781 3.64782 0.82366
v 9.23683 3.64629 0.82366
v 9.23621 3.64456 0.82366
v 9.23599 3.64267 0.82366
v 9.23621 3.64078 0.82366
v 9.23683 3.63905 0.82366
v 9.23781 3.63752 0.82366
v 9.23908 3.63624 0.82366
v 9.24061 3.63527 0.82366
v 9.24234 3.63465 0.82366
v 9.24423 3.63443 0.82366
v 9.24612 3.63465 0.82366
v 9.24785 3.63527 0.82366
v 9.24938 3.63624 0.82366
v 9.25066 3.63752 0.82366
v 9.25163 3.63905 0.82366
v 9.25225 3.64078 0.82366
v 9.25247 3.64267 0.82366
v 9.25225 3.64456 0.82366
v 9.25163 3.64629 0.82366
v 9.25066 3.64782 0.82366
v 9.24938 3.6491 0.82366
v 9.24785 3.65007 0.82366
v 9.24612 3.65069 0.82366
v 9.24423 3.65091 0.827522
v 9.24234 3.65069 0.827522
v 9.24061 3.65007 0.827522
v 9.23908 3.6491 0.827522
v 9.23781 3.64782 0.827522
v 9.23683 3.64629 0.827522
v 9.23621 3.64456 0.827522
v 9.23599 3.64267 0.827522
v 9.23621 3.64078 0.827522
v 9.23683 3.63905 0.827522
v 9.23781 3.63752 0.827522
v 9.23908 3.63624 0.827522
v 9.24061 3.63527 0.827522
v 9.24234 3.63465 0.827522
v 9.24423 3.63443 0.827522
v 9.24612 3.63465 0.827522
v 9.24785 3.63527 0.827522
v 9.24938 3.63624 0.827522
v 9.25066 3.63752 0.827522
v 9.25163 3.63905 0.827522
v 9.25225 3.64078 0.827522
v 9.25247 3.64267 0.827522
v 9.25225 3.64456 0.827522
v 9.25163 3.64629 0.827522
v 9.25066 3.64782 0.827522
v 9.24938 3.6491 0.827522
v 9.24785 3.65007 0.827522
v 9.24612 3.65069 0.827522
v 9.26423 3.66267 1.44629
v 9.22423 3.66267 1.44629
v 9.22309 3.66267 1.44616
v 9.22203 3.66267 1.44578
v 9.22111 3.66267 1.44519
v 9.22033 3.66267 1.44442
v 9.21974 3.66267 1.44349
v 9.21936 3.66267 1.44244
v 9.21923 3.66267 1.44129
v 9.21923 3.66267 1.40129
v 9.21936 3.66267 1.40014
v 9.21974 3.66267 1.39909
v 9.22033 3.66267 1.39816
v 9.22111 3.66267 1.39739
v 9.22203 3.66267 1.3968
v 9.22309 3.66267 1.39642
v 9.22423 3.66267 1.39629
v 9.26423 3.66267 1.39629
v 9.26538 3.66267 1.39642
v 9.26643 3.66267 1.3968
v 9.26736 3.66267 1.39739
v 9.26813 3.66267 1.39816
v 9.26872 3.66267 1.39909
v 9.2691 3.66267 1.40014
v 9.26923 3.66267 1.40129
v 9.26923 3.66267 1.44129
v 9.2691 3.66267 1.44244
v 9.26872 3.66267 1.44349
v 9.26813 3.66267 1.44442
v 9.26736 3.66267 1.44519
v 9.26643 3.66267 1.44578
v 9.26538 3.66267 1.44616
v 9.26423 3.65767 1.44629
v 9.22423 3.65767 1.44629
v 9.22309 3.65767 1.44616
v 9.22203 3.65767 1.44578
v 9.22111 3.65767 1.44519
v 9.22033 3.65767 1.44442
v 9.21974 3.65767 1.44349
v 9.21936 3.65767 1.44244
v 9.21923 3.65767 1.44129
v 9.21923 3.65767 1.40129
v 9.21936 3.65767 1.40014
v 9.21974 3.65767 1.39909
v 9.22033 3.65767 1.39816
v 9.22111 3.65767 1.39739
v 9.22203 3.65767 1.3968
v 9.22309 3.65767 1.39642
v 9.22423 3.65767 1.39629
v 9.26423 3.65767 1.39629
v 9.26538 3.65767 1.39642
v 9.26643 3.65767 1.3968
v 9.26736 3.65767 1.39739
v 9.26813 3.65767 1.39816
v 9.26872 3.65767 1.39909
v 9.2691 3.65767 1.40014
v 9.26923 3.65767 1.40129
v 9.26923 3.65767 1.44129
v 9.2691 3.65767 1.44244
v 9.26872 3.65767 1.44349
v 9.26813 3.65767 1.44442
v 9.26736 3.65767 1.44519
v 9.26643 3.65767 1.44578
v 9.26538 3.65767 1.44616
v 9.24423 3.65267 1.39492
v 9.24194 3.65241 1.39492
v 9.23984 3.65165 1.39492
v 9.23798 3.65047 1.39492
v 9.23643 3.64892 1.39492
v 9.23525 3.64707 1.39492
v 9.2345 3.64496 1.39492
v 9.23423 3.64267 1.39492
v 9.2345 3.64038 1.39492
v 9.23525 3.63827 1.39492
v 9.23643 3.63642 1.39492
v 9.23798 3.63487 1.39492
v 9.23984 3.63369 1.39492
v 9.24194 3.63293 1.39492
v 9.24423 3.63267 1.39492
v 9.24652 3.63293 1.39492
v 9.24863 3.63369 1.39492
v 9.25048 3.63487 1.39492
v 9.25203 3.63642 1.39492
v 9.25322 3.63827 1.39492
v 9.25397 3.64038 1.39492
v 9.25423 3.64267 1.39492
v 9.25397 3.64496 1.39492
v 9.25322 3.64707 1.39492
v 9.25203 3.64892 1.39492
v 9.25048 3.65047 1.39492
v 9.24863 3.65165 1.39492
v 9.24652 3.65241 1.39492
v 9.24423 3.65267 1.44766
v 9.24194 3.65241 1.44766
v 9.23984 3.65165 1.44766
v 9.23798 3.65047 1.44766
v 9.23643 3.64892 1.44766
v 9.23525 3.64707 1.44766
v 9.2345 3.64496 1.44766
v 9.23423 3.64267 1.44766
v 9.2345 3.64038 1.44766
v 9.23525 3.63827 1.44766
v 9.23643 3.63642 1.44766
v 9.23798 3.63487 1.44766
v 9.23984 3.63369 1.44766
v 9.24194 3.63293 1.44766
v 9.24423 3.63267 1.44766
v 9.24652 3.63293 1.44766
v 9.24863 3.63369 1.44766
v 9.25048 3.63487 1.44766
v 9.25203 3.63642 1.44766
v 9.25322 3.63827 1.44766
v 9.25397 3.64038 1.44766
v 9.25423 3.64267 1.44766
v 9.25397 3.64496 1.44766
v 9.25322 3.64707 1.44766
v 9.25203 3.64892 1.44766
v 9.25048 3.65047 1.44766
v 9.24863 3.65165 1.44766
v 9.24652 3.65241 1.44766
v 9.24423 3.65267 0.770917
v 9.24194 3.65241 0.770917
v 9.23984 3.65165 0.770917
v 9.23798 3.65047 0.770917
v 9.23643 3.64892 0.770917
v 9.23525 3.64707 0.770917
v 9.2345 3.64496 0.770917
v 9.23423 3.64267 0.770917
v 9.2345 3.64038 0.770917
v 9.23525 3.63827 0.770917
v 9.23643 3.63642 0.770917
v 9.23798 3.63487 0.770917
v 9.23984 3.63369 0.770917
v 9.24194 3.63293 0.770917
v 9.24423 3.63267 0.770917
v 9.24652 3.63293 0.770917
v 9.24863 3.63369 0.770917
v 9.25048 3.63487 0.770917
v 9.25203 3.63642 0.770917
v 9.25322 3.63827 0.770917
v 9.25397 3.64038 0.770917
v 9.25423 3.64267 0.770917
v 9.25397 3.64496 0.770917
v 9.25322 3.64707 0.770917
v 9.25203 3.64892 0.770917
v 9.25048 3.65047 0.770917
v 9.24863 3.65165 0.770917
v 9.24652 3.65241 0.770917
v 9.24423 3.65267 0.82366
v 9.24194 3.65241 0.82366
v 9.23984 3.65165 0.82366
v 9.23798 3.65047 0.82366
v 9.23643 3.64892 0.82366
v 9.23525 3.64707 0.82366
v 9.2345 3.64496 0.82366
v 9.23423 3.64267 0.82366
v 9.2345 3.64038 0.82366
v 9.23525 3.63827 0.82366
v 9.23643 3.63642 0.82366
v 9.23798 3.63487 0.82366
v 9.23984 3.63369 0.82366
v 9.24194 3.63293 0.82366
v 9.24423 3.63267 0.82366
v 9.24652 3.63293 0.82366
v 9.24863 3.63369 0.82366
v 9.25048 3.63487 0.82366
v 9.25203 3.63642 0.82366
v 9.25322 3.63827 0.82366
v 9.25397 3.64038 0.82366
v 9.25423 3.64267 0.82366
v 9.25397 3.64496 0.82366
v 9.25322 3.64707 0.82366
v 9.25203 3.64892 0.82366
v 9.25048 3.65047 0.82366
v 9.24863 3.65165 0.82366
v 9.24652 3.65241 0.82366
v 1.49153 -2.14807 0.8227
v 1.49153 -2.18807 0.8227
v 1.49153 -2.18922 0.822568
v 1.49153 -2.19027 0.822191
v 1.49153 -2.1912 0.821601
v 1.49153 -2.19197 0.820826
v 1.49153 -2.19256 0.819898
v 1.49153 -2.19294 0.818846
v 1.49153 -2.19307 0.8177
v 1.49153 -2.19307 0.7777
v 1.49153 -2.19294 0.776554
v 1.49153 -2.19256 0.775502
v 1.49153 -2.19197 0.774574
v 1.49153 -2.1912 0.773799
v 1.49153 -2.19027 0.773209
v 1.49153 -2.18922 0.772832
v 1.49153 -2.18807 0.7727
v 1.49153 -2.14807 0.7727
v 1.49153 -2.14692 0.772832
v 1.49153 -2.14587 0.773209
v 1.49153 -2.14494 0.773799
v 1.49153 -2.14417 0.774574
v 1.49153 -2.14358 0.775502
v 1.49153 -2.1432 0.776554
v 1.49153 -2.14307 0.7777
v 1.49153 -2.14307 0.8177
v 1.49153 -2.1432 0.818846
v 1.49153 -2.14358 0.819898
v 1.49153 -2.14417 0.820826
v 1.49153 -2.14494 0.821601
v 1.49153 -2.14587 0.822191
v 1.49153 -2.14692 0.822568
v 1.49653 -2.14807 0.8227
v 1.49653 -2.18807 0.8227
v 1.49653 -2.18922 0.822568
v 1.49653 -2.19027 0.822191
v 1.49653 -2.1912 0.821601
v 1.49653 -2.19197 0.820826
v 1.49653 -2.19256 0.819898
v 1.49653 -2.19294 0.818846
v 1.49653 -2.19307 0.8177
v 1.49653 -2.19307 0.7777
v 1.49653 -2.19294 0.776554
v 1.49653 -2.19256 0.775502
v 1.49653 -2.19197 0.774574
v 1.49653 -2.1912 0.773799
v 1.49653 -2.19027 0.773209
v 1.49653 -2.18922 0.772832
v 1.49653 -2.18807 0.7727
v 1.49653 -2.14807 0.7727
v 1.49653 -2.14692 0.772832
v 1.49653 -2.14587 0.773209
v 1.49653 -2.14494 0.773799
v 1.49653 -2.14417 0.774574
v 1.49653 -2.14358 0.775502
v 1.49653 -2.1432 0.776554
v 1.49653 -2.14307 0.7777
v 1.49653 -2.14307 0.8177
v 1.49653 -2.1432 0.818846
v 1.49653 -2.14358 0.819898
v 1.49653 -2.14417 0.820826
v 1.49653 -2.14494 0.821601
v 1.49653 -2.14587 0.822191
v 1.49653 -2.14692 0.822568
v 1.50153 -2.16807 0.770917
v 1.5018 -2.17036 0.770917
v 1.50255 -2.17247 0.770917
v 1.50373 -2.17432 0.770917
v 1.50528 -2.17587 0.770917
v 1.50714 -2.17705 0.770917
v 1.50924 -2.17781 0.770917
v 1.51153 -2.17807 0.770917
v 1.51382 -2.17781 0.770917
v 1.51593 -2.17705 0.770917
v 1.51778 -2.17587 0.770917
v 1.51933 -2.17432 0.770917
v 1.52051 -2.17247 0.770917
v 1.52127 -2.17036 0.770917
v 1.52153 -2.16807 0.770917
v 1.52127 -2.16578 0.770917
v 1.52051 -2.16367 0.770917
v 1.51933 -2.16182 0.770917
v 1.51778 -2.16027 0.770917
v 1.51593 -2.15909 0.770917
v 1.51382 -2.15833 0.770917
v 1.51153 -2.15807 0.770917
v 1.50924 -2.15833 0.770917
v 1.50714 -2.15909 0.770917
v 1.50528 -2.16027 0.770917
v 1.50373 -2.16182 0.770917
v 1.50255 -2.16367 0.770917
v 1.5018 -2.16578 0.770917
v 1.50153 -2.16807 0.82366
v 1.5018 -2.17036 0.82366
v 1.50255 -2.17247 0.82366
v 1.50373 -2.17432 0.82366
v 1.50528 -2.17587 0.82366
v 1.50714 -2.17705 0.82366
v 1.50924 -2.17781 0.82366
v 1.51153 -2.17807 0.82366
v 1.51382 -2.17781 0.82366
v 1.51593 -2.17705 0.82366
v 1.51778 -2.17587 0.82366
v 1.51933 -2.17432 0.82366
v 1.52051 -2.17247 0.82366
v 1.52127 -2.17036 0.82366
v 1.52153 -2.16807 0.82366
v 1.52127 -2.16578 0.82366
v 1.52051 -2.16367 0.82366
v 1.51933 -2.16182 0.82366
v 1.51778 -2.16027 0.82366
v 1.51593 -2.15909 0.82366
v 1.51382 -2.15833 0.82366
v 1.51153 -2.15807 0.82366
v 1.50924 -2.15833 0.82366
v 1.50714 -2.15909 0.82366
v 1.50528 -2.16027 0.82366
v 1.50373 -2.16182 0.82366
v 1.50255 -2.16367 0.82366
v 1.5018 -2.16578 0.82366
v 1.50329 -2.16807 1.39106
v 1.50351 -2.16996 1.39106
v 1.50413 -2.17169 1.39106
v 1.5051 -2.17322 1.39106
v 1.50638 -2.1745 1.39106
v 1.50791 -2.17547 1.39106
v 1.50964 -2.17609 1.39106
v 1.51153 -2.17631 1.39106
v 1.51342 -2.17609 1.39106
v 1.51515 -2.17547 1.39106
v 1.51668 -2.1745 1.39106
v 1.51796 -2.17322 1.39106
v 1.51893 -2.17169 1.39106
v 1.51955 -2.16996 1.39106
v 1.51977 -2.16807 1.39106
v 1.51955 -2.16618 1.39106
v 1.51893 -2.16445 1.39106
v 1.51796 -2.16292 1.39106
v 1.51668 -2.16164 1.39106
v 1.51515 -2.16067 1.39106
v 1.51342 -2.16005 1.39106
v 1.51153 -2.15983 1.39106
v 1.50964 -2.16005 1.39106
v 1.50791 -2.16067 1.39106
v 1.50638 -2.16164 1.39106
v 1.5051 -2.16292 1.39106
v 1.50413 -2.16445 1.39106
v 1.50351 -2.16618 1.39106
v 1.50329 -2.16807 1.39492
v 1.50351 -2.16996 1.39492
v 1.50413 -2.17169 1.39492
v 1.5051 -2.17322 1.39492
v 1.50638 -2.1745 1.39492
v 1.50791 -2.17547 1.39492
v 1.50964 -2.17609 1.39492
v 1.51153 -2.17631 1.39492
v 1.51342 -2.17609 1.39492
v 1.51515 -2.17547 1.39492
v 1.51668 -2.1745 1.39492
v 1.51796 -2.17322 1.39492
v 1.51893 -2.17169 1.39492
v 1.51955 -2.16996 1.39492
v 1.51977 -2.16807 1.39492
v 1.51955 -2.16618 1.39492
v 1.51893 -2.16445 1.39492
v 1.51796 -2.16292 1.39492
v 1.51668 -2.16164 1.39492
v 1.51515 -2.16067 1.39492
v 1.51342 -2.16005 1.39492
v 1.51153 -2.15983 1.39492
v 1.50964 -2.16005 1.39492
v 1.50791 -2.16067 1.39492
v 1.50638 -2.16164 1.39492
v 1.5051 -2.16292 1.39492
v 1.50413 -2.16445 1.39492
v 1.50351 -2.16618 1.39492
v 1.50329 -2.16807 1.44766
v 1.50351 -2.16996 1.44766
v 1.50413 -2.17169 1.44766
v 1.5051 -2.17322 1.44766
v 1.50638 -2.1745 1.44766
v 1.50791 -2.17547 1.44766
v 1.50964 -2.17609 1.44766
v 1.51153 -2.17631 1.44766
v 1.51342 -2.17609 1.44766
v 1.51515 -2.17547 1.44766
v 1.51668 -2.1745 1.44766
v 1.51796 -2.17322 1.44766
v 1.51893 -2.17169 1.44766
v 1.51955 -2.16996 1.44766
v 1.51977 -2.16807 1.44766
v 1.51955 -2.16618 1.44766
v 1.51893 -2.16445 1.44766
v 1.51796 -2.16292 1.44766
v 1.51668 -2.16164 1.44766
v 1.51515 -2.16067 1.44766
v 1.51342 -2.16005 1.44766
v 1.51153 -2.15983 1.44766
v 1.50964 -2.16005 1.44766
v 1.50791 -2.16067 1.44766
v 1.50638 -2.16164 1.44766
v 1.5051 -2.16292 1.44766
v 1.50413 -2.16445 1.44766
v 1.50351 -2.16618 1.44766
v 1.50329 -2.16807 1.45152
v 1.50351 -2.16996 1.45152
v 1.50413 -2.17169 1.45152
v 1.5051 -2.17322 1.45152
v 1.50638 -2.1745 1.45152
v 1.50791 -2.17547 1.45152
v 1.50964 -2.17609 1.45152
v 1.51153 -2.17631 1.45152
v 1.51342 -2.17609 1.45152
v 1.51515 -2.17547 1.45152
v 1.51668 -2.1745 1.45152
v 1.51796 -2.17322 1.45152
v 1.51893 -2.17169 1.45152
v 1.51955 -2.16996 1.45152
v 1.51977 -2.16807 1.45152
v 1.51955 -2.16618 1.45152
v 1.51893 -2.16445 1.45152
v 1.51796 -2.16292 1.45152
v 1.51668 -2.16164 1.45152
v 1.51515 -2.16067 1.45152
v 1.51342 -2.16005 1.45152
v 1.51153 -2.15983 1.45152
v 1.50964 -2.16005 1.45152
v 1.50791 -2.16067 1.45152
v 1.50638 -2.16164 1.45152
v 1.5051 -2.16292 1.45152
v 1.50413 -2.16445 1.45152
v 1.50351 -2.16618 1.45152
v 1.50329 -2.16807 0.767056
v 1.50351 -2.16996 0.767056
v 1.50413 -2.17169 0.767056
v 1.5051 -2.17322 0.767056
v 1.50638 -2.1745 0.767056
v 1.50791 -2.17547 0.767056
v 1.50964 -2.17609 0.767056
v 1.51153 -2.17631 0.767056
v 1.51342 -2.17609 0.767056
v 1.51515 -2.17547 0.767056
v 1.51668 -2.1745 0.767056
v 1.51796 -2.17322 0.767056
v 1.51893 -2.17169 0.767056
v 1.51955 -2.16996 0.767056
v 1.51977 -2.16807 0.767056
v 1.51955 -2.16618 0.767056
v 1.51893 -2.16445 0.767056
v 1.51796 -2.16292 0.767056
v 1.51668 -2.16164 0.767056
v 1.51515 -2.16067 0.767056
v 1.51342 -2.16005 0.767056
v 1.51153 -2.15983 0.767056
v 1.50964 -2.16005 0.767056
v 1.50791 -2.16067 0.767056
v 1.50638 -2.16164 0.767056
v 1.5051 -2.16292 0.767056
v 1.50413 -2.16445 0.767056
v 1.50351 -2.16618 0.767056
v 1.50329 -2.16807 0.770918
v 1.50351 -2.16996 0.770918
v 1.50413 -2.17169 0.770918
v 1.5051 -2.17322 0.770918
v 1.50638 -2.1745 0.770918
v 1.50791 -2.17547 0.770918
v 1.50964 -2.17609 0.770918
v 1.51153 -2.17631 0.770918
v 1.51342 -2.17609 0.770918
v 1.51515 -2.17547 0.770918
v 1.51668 -2.1745 0.770918
v 1.51796 -2.17322 0.770918
v 1.51893 -2.17169 0.770918
v 1.51955 -2.16996 0.770918
v 1.51977 -2.16807 0.770918
v 1.51955 -2.16618 0.770918
v 1.51893 -2.16445 0.770918
v 1.51796 -2.16292 0.770918
v 1.51668 -2.16164 0.770918
v 1.51515 -2.16067 0.770918
v 1.51342 -2.16005 0.770918
v 1.51153 -2.15983 0.770918
v 1.50964 -2.16005 0.770918
v 1.50791 -2.16067 0.770918
v 1.50638 -2.16164 0.770918
v 1.5051 -2.16292 0.770918
v 1.50413 -2.16445 0.770918
v 1.50351 -2.16618 0.770918
v 1.50329 -2.16807 0.82366
v 1.50351 -2.16996 0.82366
v 1.50413 -2.17169 0.82366
v 1.5051 -2.17322 0.82366
v 1.50638 -2.1745 0.82366
v 1.50791 -2.17547 0.82366
v 1.50964 -2.17609 0.82366
v 1.51153 -2.17631 0.82366
v 1.51342 -2.17609 0.82366
v 1.51515 -2.17547 0.82366
v 1.51668 -2.1745 0.82366
v 1.51796 -2.17322 0.82366
v 1.51893 -2.17169 0.82366
v 1.51955 -2.16996 0.82366
v 1.51977 -2.16807 0.82366
v 1.51955 -2.16618 0.82366
v 1.51893 -2.16445 0.82366
v 1.51796 -2.16292 0.82366
v 1.51668 -2.16164 0.82366
v 1.51515 -2.16067 0.82366
v 1.51342 -2.16005 0.82366
v 1.51153 -2.15983 0.82366
v 1.50964 -2.16005 0.82366
v 1.50791 -2.16067 0.82366
v 1.50638 -2.16164 0.82366
v 1.5051 -2.16292 0.82366
v 1.50413 -2.16445 0.82366
v 1.50351 -2.16618 0.82366
v 1.50329 -2.16807 0.827522
v 1.50351 -2.16996 0.827522
v 1.50413 -2.17169 0.827522
v 1.5051 -2.17322 0.827522
v 1.50638 -2.1745 0.827522
v 1.50791 -2.17547 0.827522
v 1.50964 -2.17609 0.827522
v 1.51153 -2.17631 0.827522
v 1.51342 -2.17609 0.827522
v 1.51515 -2.17547 0.827522
v 1.51668 -2.1745 0.827522
v 1.51796 -2.17322 0.827522
v 1.51893 -2.17169 0.827522
v 1.51955 -2.16996 0.827522
v 1.51977 -2.16807 0.827522
v 1.51955 -2.16618 0.827522
v 1.51893 -2.16445 0.827522
v 1.51796 -2.16292 0.827522
v 1.51668 -2.16164 0.827522
v 1.51515 -2.16067 0.827522
v 1.51342 -2.16005 0.827522
v 1.51153 -2.15983 0.827522
v 1.50964 -2.16005 0.827522
v 1.50791 -2.16067 0.827522
v 1.50638 -2.16164 0.827522
v 1.5051 -2.16292 0.827522
v 1.50413 -2.16445 0.827522
v 1.50351 -2.16618 0.827522
v 1.49153 -2.14807 1.44629
v 1.49153 -2.18807 1.44629
v 1.49153 -2.18922 1.44616
v 1.49153 -2.19027 1.44578
v 1.49153 -2.1912 1.44519
v 1.49153 -2.19197 1.44442
v 1.49153 -2.19256 1.44349
v 1.49153 -2.19294 1.44244
v 1.49153 -2.19307 1.44129
v 1.49153 -2.19307 1.40129
v 1.49153 -2.19294 1.40014
v 1.49153 -2.19256 1.39909
v 1.49153 -2.19197 1.39816
v 1.49153 -2.1912 1.39739
v 1.49153 -2.19027 1.3968
v 1.49153 -2.18922 1.39642
v 1.49153 -2.18807 1.39629
v 1.49153 -2.14807 1.39629
v 1.49153 -2.14692 1.39642
v 1.49153 -2.14587 1.3968
v 1.49153 -2.14494 1.39739
v 1.49153 -2.14417 1.39816
v 1.49153 -2.14358 1.39909
v 1.49153 -2.1432 1.40014
v 1.49153 -2.14307 1.40129
v 1.49153 -2.14307 1.44129
v 1.49153 -2.1432 1.44244
v 1.49153 -2.14358 1.44349
v 1.49153 -2.14417 1.44442
v 1.49153 -2.14494 1.44519
v 1.49153 -2.14587 1.44578
v 1.49153 -2.14692 1.44616
v 1.49653 -2.14807 1.44629
v 1.49653 -2.18807 1.44629
v 1.49653 -2.18922 1.44616
v 1.49653 -2.19027 1.44578
v 1.49653 -2.1912 1.44519
v 1.49653 -2.19197 1.44442
v 1.49653 -2.19256 1.44349
v 1.49653 -2.19294 1.44244
v 1.49653 -2.19307 1.44129
v 1.49653 -2.19307 1.40129
v 1.49653 -2.19294 1.40014
v 1.49653 -2.19256 1.39909
v 1.49653 -2.19197 1.39816
v 1.49653 -2.1912 1.39739
v 1.49653 -2.19027 1.3968
v 1.49653 -2.18922 1.39642
v 1.49653 -2.18807 1.39629
v 1.49653 -2.14807 1.39629
v 1.49653 -2.14692 1.39642
v 1.49653 -2.14587 1.3968
v 1.49653 -2.14494 1.39739
v 1.49653 -2.14417 1.39816
v 1.49653 -2.14358 1.39909
v 1.49653 -2.1432 1.40014
v 1.49653 -2.14307 1.40129
v 1.49653 -2.14307 1.44129
v 1.49653 -2.1432 1.44244
v 1.49653 -2.14358 1.44349
v 1.49653 -2.14417 1.44442
v 1.49653 -2.14494 1.44519
v 1.49653 -2.14587 1.44578
v 1.49653 -2.14692 1.44616
v 1.50153 -2.16807 1.39492
v 1.5018 -2.17036 1.39492
v 1.50255 -2.17247 1.39492
v 1.50373 -2.17432 1.39492
v 1.50528 -2.17587 1.39492
v 1.50714 -2.17705 1.39492
v 1.50924 -2.17781 1.39492
v 1.51153 -2.17807 1.39492
v 1.51382 -2.17781 1.39492
v 1.51593 -2.17705 1.39492
v 1.51778 -2.17587 1.39492
v 1.51933 -2.17432 1.39492
v 1.52051 -2.17247 1.39492
v 1.52127 -2.17036 1.39492
v 1.52153 -2.16807 1.39492
v 1.52127 -2.16578 1.39492
v 1.52051 -2.16367 1.39492
v 1.51933 -2.16182 1.39492
v 1.51778 -2.16027 1.39492
v 1.51593 -2.15909 1.39492
v 1.51382 -2.15833 1.39492
v 1.51153 -2.15807 1.39492
v 1.50924 -2.15833 1.39492
v 1.50714 -2.15909 1.39492
v 1.50528 -2.16027 1.39492
v 1.50373 -2.16182 1.39492
v 1.50255 -2.16367 1.39492
v 1.5018 -2.16578 1.39492
v 1.50153 -2.16807 1.44766
v 1.5018 -2.17036 1.44766
v 1.50255 -2.17247 1.44766
v 1.50373 -2.17432 1.44766
v 1.50528 -2.17587 1.44766
v 1.50714 -2.17705 1.44766
v 1.50924 -2.17781 1.44766
v 1.51153 -2.17807 1.44766
v 1.51382 -2.17781 1.44766
v 1.51593 -2.17705 1.44766
v 1.51778 -2.17587 1.44766
v 1.51933 -2.17432 1.44766
v 1.52051 -2.17247 1.44766
v 1.52127 -2.17036 1.44766
v 1.52153 -2.16807 1.44766
v 1.52127 -2.16578 1.44766
v 1.52051 -2.16367 1.44766
v 1.51933 -2.16182 1.44766
v 1.51778 -2.16027 1.44766
v 1.51593 -2.15909 1.44766
v 1.51382 -2.15833 1.44766
v 1.51153 -2.15807 1.44766
v 1.50924 -2.15833 1.44766
v 1.50714 -2.15909 1.44766
v 1.50528 -2.16027 1.44766
v 1.50373 -2.16182 1.44766
v 1.50255 -2.16367 1.44766
v 1.5018 -2.16578 1.44766
f 1 2 30
f 1 30 29
f 2 3 31
f 2 31 30
f 3 4 32
f 3 32 31
f 4 5 33
f 4 33 32
f 5 6 34
f 5 34 33
f 6 7 35
f 6 35 34
f 7 8 36
f 7 36 35
f 8 9 37
f 8 37 36
f 9 10 38
f 9 38 37
f 10 11 39
f 10 39 38
f 11 12 40
f 11 40 39
f 12 13 41
f 12 41 40
f 13 14 42
f 13 42 41
f 14 15 43
f 14 43 42
f 15 16 44
f 15 44 43
f 16 17 45
f 16 45 44
f 17 18 46
f 17 46 45
f 18 19 47
f 18 47 46
f 19 20 48
f 19 48 47
f 20 21 49
f 20 49 48
f 21 22 50
f 21 50 49
f 22 23 51
f 22 51 50
f 23 24 52
f 23 52 51
f 24 25 53
f 24 53 52
f 25 26 54
f 25 54 53
f 26 27 55
f 26 55 54
f 27 28 56
f 27 56 55
f 28 1 29
f 28 29 56
f 14 16 15
f 13 16 14
f 13 17 16
f 13 18 17
f 12 18 13
f 11 18 12
f 11 19 18
f 11 20 19
f 11 21 20
f 11 22 21
f 11 23 22
f 11 24 23
f 11 25 24
f 11 26 25
f 11 27 26
f 11 28 27
f 11 1 28
f 11 2 1
f 11 3 2
f 11 4 3
f 11 5 4
f 11 6 5
f 11 7 6
f 11 8 7
f 11 9 8
f 11 10 9
f 42 43 44
f 41 42 44
f 41 44 45
f 41 45 46
f 40 41 46
f 39 40 46
f 39 46 47
f 39 47 48
f 39 48 49
f 39 49 50
f 39 50 51
f 39 51 52
f 39 52 53
f 39 53 54
f 39 54 55
f 39 55 56
f 39 56 29
f 39 29 30
f 39 30 31
f 39 31 32
f 39 32 33
f 39 33 34
f 39 34 35
f 39 35 36
f 39 36 37
f 39 37 38
f 57 58 90
f 57 90 89
f 58 59 91
f 58 91 90
f 59 60 92
f 59 92 91
f 60 61 93
f 60 93 92
f 61 62 94
f 61 94 93
f 62 63 95
f 62 95 94
f 63 64 96
f 63 96 95
f 64 65 97
f 64 97 96
f 65 66 98
f 65 98 97
f 66 67 99
f 66 99 98
f 67 68 100
f 67 100 99
f 68 69 101
f 68 101 100
f 69 70 102
f 69 102 101
f 70 71 103
f 70 103 102
f 71 72 104
f 71 104 103
f 72 73 105
f 72 105 104
f 73 74 106
f 73 106 105
f 74 75 107
f 74 107 106
f 75 76 108
f 75 108 107
f 76 77 109
f 76 109 108
f 77 78 110
f 77 110 109
f 78 79 111
f 78 111 110
f 79 80 112
f 79 112 111
f 80 81 113
f 80 113 112
f 81 82 114
f 81 114 113
f 82 83 115
f 82 115 114
f 83 84 116
f 83 116 115
f 84 85 117
f 84 117 116
f 85 86 118
f 85 118 117
f 86 87 119
f 86 119 118
f 87 88 120
f 87 120 119
f 88 57 89
f 88 89 120
f 79 81 80
f 78 81 79
f 77 81 78
f 76 81 77
f 75 81 76
f 74 81 75
f 73 81 74
f 73 82 81
f 72 82 73
f 71 82 72
f 70 82 71
f 69 82 70
f 68 82 69
f 67 82 68
f 66 82 67
f 65 82 66
f 64 82 65
f 63 82 64
f 62 82 63
f 61 82 62
f 60 82 61
f 59 82 60
f 58 82 59
f 57 82 58
f 88 82 57
f 88 83 82
f 87 83 88
f 87 84 83
f 87 85 84
f 86 85 87
f 111 112 113
f 110 111 113
f 109 110 113
f 108 109 113
f 107 108 113
f 106 107 113
f 105 106 113
f 105 113 114
f 104 105 114
f 103 104 114
f 102 103 114
f 101 102 114
f 100 101 114
f 99 100 114
f 98 99 114
f 97 98 114
f 96 97 114
f 95 96 114
f 94 95 114
f 93 94 114
f 92 93 114
f 91 92 114
f 90 91 114
f 89 90 114
f 120 89 114
f 120 114 115
f 119 120 115
f 119 115 116
f 119 116 117
f 118 119 117
f 121 122 154
f 121 154 153
f 122 123 155
f 122 155 154
f 123 124 156
f 123 156 155
f 124 125 157
f 124 157 156
f 125 126 158
f 125 158 157
f 126 127 159
f 126 159 158
f 127 128 160
f 127 160 159
f 128 129 161
f 128 161 160
f 129 130 162
f 129 162 161
f 130 131 163
f 130 163 162
f 131 132 164
f 131 164 163
f 132 133 165
f 132 165 164
f 133 134 166
f 133 166 165
f 134 135 167
f 134 167 166
f 135 136 168
f 135 168 167
f 136 137 169
f 136 169 168
f 137 138 170
f 137 170 169
f 138 139 171
f 138 171 170
f 139 140 172
f 139 172 171
f 140 141 173
f 140 173 172
f 141 142 174
f 141 174 173
f 142 143 175
f 142 175 174
f 143 144 176
f 143 176 175
f 144 145 177
f 144 177 176
f 145 146 178
f 145 178 177
f 146 147 179
f 146 179 178
f 147 148 180
f 147 180 179
f 148 149 181
f 148 181 180
f 149 150 182
f 149 182 181
f 150 151 183
f 150 183 182
f 151 152 184
f 151 184 183
f 152 121 153
f 152 153 184
f 143 145 144
f 142 145 143
f 141 145 142
f 140 145 141
f 139 145 140
f 138 145 139
f 137 145 138
f 137 146 145
f 136 146 137
f 135 146 136
f 134 146 135
f 133 146 134
f 132 146 133
f 131 146 132
f 130 146 131
f 129 146 130
f 128 146 129
f 127 146 128
f 126 146 127
f 125 146 126
f 124 146 125
f 123 146 124
f 122 146 123
f 121 146 122
f 152 146 121
f 152 147 146
f 151 147 152
f 151 148 147
f 151 149 148
f 150 149 151
f 175 176 177
f 174 175 177
f 173 174 177
f 172 173 177
f 171 172 177
f 170 171 177
f 169 170 177
f 169 177 178
f 168 169 178
f 167 168 178
f 166 167 178
f 165 166 178
f 164 165 178
f 163 164 178
f 162 163 178
f 161 162 178
f 160 161 178
f 159 160 178
f 158 159 178
f 157 158 178
f 156 157 178
f 155 156 178
f 154 155 178
f 153 154 178
f 184 153 178
f 184 178 179
f 183 184 179
f 183 179 180
f 183 180 181
f 182 183 181
f 185 186 214
f 185 214 213
f 186 187 215
f 186 215 214
f 187 188 216
f 187 216 215
f 188 189 217
f 188 217 216
f 189 190 218
f 189 218 217
f 190 191 219
f 190 219 218
f 191 192 220
f 191 220 219
f 192 193 221
f 192 221 220
f 193 194 222
f 193 222 221
f 194 195 223
f 194 223 222
f 195 196 224
f 195 224 223
f 196 197 225
f 196 225 224
f 197 198 226
f 197 226 225
f 198 199 227
f 198 227 226
f 199 200 228
f 199 228 227
f 200 201 229
f 200 229 228
f 201 202 230
f 201 230 229
f 202 203 231
f 202 231 230
f 203 204 232
f 203 232 231
f 204 205 233
f 204 233 232
f 205 206 234
f 205 234 233
f 206 207 235
f 206 235 234
f 207 208 236
f 207 236 235
f 208 209 237
f 208 237 236
f 209 210 238
f 209 238 237
f 210 211 239
f 210 239 238
f 211 212 240
f 211 240 239
f 212 185 213
f 212 213 240
f 198 200 199
f 197 200 198
f 197 201 200
f 197 202 201
f 196 202 197
f 195 202 196
f 195 203 202
f 195 204 203
f 195 205 204
f 195 206 205
f 195 207 206
f 195 208 207
f 195 209 208
f 195 210 209
f 195 211 210
f 195 212 211
f 195 185 212
f 195 186 185
f 195 187 186
f 195 188 187
f 195 189 188
f 195 190 189
f 195 191 190
f 195 192 191
f 195 193 192
f 195 194 193
f 226 227 228
f 225 226 228
f 225 228 229
f 225 229 230
f 224 225 230
f 223 224 230
f 223 230 231
f 223 231 232
f 223 232 233
f 223 233 234
f 223 234 235
f 223 235 236
f 223 236 237
f 223 237 238
f 223 238 239
f 223 239 240
f 223 240 213
f 223 213 214
f 223 214 215
f 223 215 216
f 223 216 217
f 223 217 218
f 223 218 219
f 223 219 220
f 223 220 221
f 223 221 222
f 241 242 270
f 241 270 269
f 242 243 271
f 242 271 270
f 243 244 272
f 243 272 271
f 244 245 273
f 244 273 272
f 245 246 274
f 245 274 273
f 246 247 275
f 246 275 274
f 247 248 276
f 247 276 275
f 248 249 277
f 248 277 276
f 249 250 278
f 249 278 277
f 250 251 279
f 250 279 278
f 251 252 280
f 251 280 279
f 252 253 281
f 252 281 280
f 253 254 282
f 253 282 281
f 254 255 283
f 254 283 282
f 255 256 284
f 255 284 283
f 256 257 285
f 256 285 284
f 257 258 286
f 257 286 285
f 258 259 287
f 258 287 286
f 259 260 288
f 259 288 287
f 260 261 289
f 260 289 288
f 261 262 290
f 261 290 289
f 262 263 291
f 262 291 290
f 263 264 292
f 263 292 291
f 264 265 293
f 264 293 292
f 265 266 294
f 265 294 293
f 266 267 295
f 266 295 294
f 267 268 296
f 267 296 295
f 268 241 269
f 268 269 296
f 254 256 255
f 253 256 254
f 253 257 256
f 253 258 257
f 252 258 253
f 251 258 252
f 251 259 258
f 251 260 259
f 251 261 260
f 251 262 261
f 251 263 262
f 251 264 263
f 251 265 264
f 251 266 265
f 251 267 266
f 251 268 267
f 251 241 268
f 251 242 241
f 251 243 242
f 251 244 243
f 251 245 244
f 251 246 245
f 251 247 246
f 251 248 247
f 251 249 248
f 251 250 249
f 282 283 284
f 281 282 284
f 281 284 285
f 281 285 286
f 280 281 286
f 279 280 286
f 279 286 287
f 279 287 288
f 279 288 289
f 279 289 290
f 279 290 291
f 279 291 292
f 279 292 293
f 279 293 294
f 279 294 295
f 279 295 296
f 279 296 269
f 279 269 270
f 279 270 271
f 279 271 272
f 279 272 273
f 279 273 274
f 279 274 275
f 279 275 276
f 279 276 277
f 279 277 278
f 297 298 326
f 297 326 325
f 298 299 327
f 298 327 326
f 299 300 328
f 299 328 327
f 300 301 329
f 300 329 328
f 301 302 330
f 301 330 329
f 302 303 331
f 302 331 330
f 303 304 332
f 303 332 331
f 304 305 333
f 304 333 332
f 305 306 334
f 305 334 333
f 306 307 335
f 306 335 334
f 307 308 336
f 307 336 335
f 308 309 337
f 308 337 336
f 309 310 338
f 309 338 337
f 310 311 339
f 310 339 338
f 311 312 340
f 311 340 339
f 312 313 341
f 312 341 340
f 313 314 342
f 313 342 341
f 314 315 343
f 314 343 342
f 315 316 344
f 315 344 343
f 316 317 345
f 316 345 344
f 317 318 346
f 317 346 345
f 318 319 347
f 318 347 346
f 319 320 348
f 319 348 347
f 320 321 349
f 320 349 348
f 321 322 350
f 321 350 349
f 322 323 351
f 322 351 350
f 323 324 352
f 323 352 351
f 324 297 325
f 324 325 352
f 310 312 311
f 309 312 310
f 309 313 312
f 309 314 313
f 308 314 309
f 307 314 308
f 307 315 314
f 307 316 315
f 307 317 316
f 307 318 317
f 307 319 318
f 307 320 319
f 307 321 320
f 307 322 321
f 307 323 322
f 307 324 323
f 307 297 324
f 307 298 297
f 307 299 298
f 307 300 299
f 307 301 300
f 307 302 301
f 307 303 302
f 307 304 303
f 307 305 304
f 307 306 305
f 338 339 340
f 337 338 340
f 337 340 341
f 337 341 342
f 336 337 342
f 335 336 342
f 335 342 343
f 335 343 344
f 335 344 345
f 335 345 346
f 335 346 347
f 335 347 348
f 335 348 349
f 335 349 350
f 335 350 351
f 335 351 352
f 335 352 325
f 335 325 326
f 335 326 327
f 335 327 328
f 335 328 329
f 335 329 330
f 335 330 331
f 335 331 332
f 335 332 333
f 335 333 334
f 353 354 382
f 353 382 381
f 354 355 383
f 354 383 382
f 355 356 384
f 355 384 383
f 356 357 385
f 356 385 384
f 357 358 386
f 357 386 385
f 358 359 387
f 358 387 386
f 359 360 388
f 359 388 387
f 360 361 389
f 360 389 388
f 361 362 390
f 361 390 389
f 362 363 391
f 362 391 390
f 363 364 392
f 363 392 391
f 364 365 393
f 364 393 392
f 365 366 394
f 365 394 393
f 366 367 395
f 366 395 394
f 367 368 396
f 367 396 395
f 368 369 397
f 368 397 396
f 369 370 398
f 369 398 397
f 370 371 399
f 370 399 398
f 371 372 400
f 371 400 399
f 372 373 401
f 372 401 400
f 373 374 402
f 373 402 401
f 374 375 403
f 374 403 402
f 375 376 404
f 375 404 403
f 376 377 405
f 376 405 404
f 377 378 406
f 377 406 405
f 378 379 407
f 378 407 406
f 379 380 408
f 379 408 407
f 380 353 381
f 380 381 408
f 366 368 367
f 365 368 366
f 365 369 368
f 365 370 369
f 364 370 365
f 363 370 364
f 363 371 370
f 363 372 371
f 363 373 372
f 363 374 373
f 363 375 374
f 363 376 375
f 363 377 376
f 363 378 377
f 363 379 378
f 363 380 379
f 363 353 380
f 363 354 353
f 363 355 354
f 363 356 355
f 363 357 356
f 363 358 357
f 363 359 358
f 363 360 359
f 363 361 360
f 363 362 361
f 394 395 396
f 393 394 396
f 393 396 397
f 393 397 398
f 392 393 398
f 391 392 398
f 391 398 399
f 391 399 400
f 391 400 401
f 391 401 402
f 391 402 403
f 391 403 404
f 391 404 405
f 391 405 406
f 391 406 407
f 391 407 408
f 391 408 381
f 391 381 382
f 391 382 383
f 391 383 384
f 391 384 385
f 391 385 386
f 391 386 387
f 391 387 388
f 391 388 389
f 391 389 390
f 409 410 438
f 409 438 437
f 410 411 439
f 410 439 438
f 411 412 440
f 411 440 439
f 412 413 441
f 412 441 440
f 413 414 442
f 413 442 441
f 414 415 443
f 414 443 442
f 415 416 444
f 415 444 443
f 416 417 445
f 416 445 444
f 417 418 446
f 417 446 445
f 418 419 447
f 418 447 446
f 419 420 448
f 419 448 447
f 420 421 449
f 420 449 448
f 421 422 450
f 421 450 449
f 422 423 451
f 422 451 450
f 423 424 452
f 423 452 451
f 424 425 453
f 424 453 452
f 425 426 454
f 425 454 453
f 426 427 455
f 426 455 454
f 427 428 456
f 427 456 455
f 428 429 457
f 428 457 456
f 429 430 458
f 429 458 457
f 430 431 459
f 430 459 458
f 431 432 460
f 431 460 459
f 432 433 461
f 432 461 460
f 433 434 462
f 433 462 461
f 434 435 463
f 434 463 462
f 435 436 464
f 435 464 463
f 436 409 437
f 436 437 464
f 422 424 423
f 421 424 422
f 421 425 424
f 421 426 425
f 420 426 421
f 419 426 420
f 419 427 426
f 419 428 427
f 419 429 428
f 419 430 429
f 419 431 430
f 419 432 431
f 419 433 432
f 419 434 433
f 419 435 434
f 419 436 435
f 419 409 436
f 419 410 409
f 419 411 410
f 419 412 411
f 419 413 412
f 419 414 413
f 419 415 414
f 419 416 415
f 419 417 416
f 419 418 417
f 450 451 452
f 449 450 452
f 449 452 453
f 449 453 454
f 448 449 454
f 447 448 454
f 447 454 455
f 447 455 456
f 447 456 457
f 447 457 458
f 447 458 459
f 447 459 460
f 447 460 461
f 447 461 462
f 447 462 463
f 447 463 464
f 447 464 437
f 447 437 438
f 447 438 439
f 447 439 440
f 447 440 441
f 447 441 442
f 447 442 443
f 447 443 444
f 447 444 445
f 447 445 446
f 465 466 498
f 465 498 497
f 466 467 499
f 466 499 498
f 467 468 500
f 467 500 499
f 468 469 501
f 468 501 500
f 469 470 502
f 469 502 501
f 470 471 503
f 470 503 502
f 471 472 504
f 471 504 503
f 472 473 505
f 472 505 504
f 473 474 506
f 473 506 505
f 474 475 507
f 474 507 506
f 475 476 508
f 475 508 507
f 476 477 509
f 476 509 508
f 477 478 510
f 477 510 509
f 478 479 511
f 478 511 510
f 479 480 512
f 479 512 511
f 480 481 513
f 480 513 512
f 481 482 514
f 481 514 513
f 482 483 515
f 482 515 514
f 483 484 516
f 483 516 515
f 484 485 517
f 484 517 516
f 485 486 518
f 485 518 517
f 486 487 519
f 486 519 518
f 487 488 520
f 487 520 519
f 488 489 521
f 488 521 520
f 489 490 522
f 489 522 521
f 490 491 523
f 490 523 522
f 491 492 524
f 491 524 523
f 492 493 525
f 492 525 524
f 493 494 526
f 493 526 525
f 494 495 527
f 494 527 526
f 495 496 528
f 495 528 527
f 496 465 497
f 496 497 528
f 487 489 488
f 486 489 487
f 485 489 486
f 484 489 485
f 483 489 484
f 482 489 483
f 481 489 482
f 481 490 489
f 480 490 481
f 479 490 480
f 478 490 479
f 477 490 478
f 476 490 477
f 475 490 476
f 474 490 475
f 473 490 474
f 472 490 473
f 471 490 472
f 470 490 471
f 469 490 470
f 468 490 469
f 467 490 468
f 466 490 467
f 465 490 466
f 496 490 465
f 496 491 490
f 495 491 496
f 495 492 491
f 495 493 492
f 494 493 495
f 519 520 521
f 518 519 521
f 517 518 521
f 516 517 521
f 515 516 521
f 514 515 521
f 513 514 521
f 513 521 522
f 512 513 522
f 511 512 522
f 510 511 522
f 509 510 522
f 508 509 522
f 507 508 522
f 506 507 522
f 505 506 522
f 504 505 522
f 503 504 522
f 502 503 522
f 501 502 522
f 500 501 522
f 499 500 522
f 498 499 522
f 497 498 522
f 528 497 522
f 528 522 523
f 527 528 523
f 527 523 524
f 527 524 525
f 526 527 525
f 529 530 558
f 529 558 557
f 530 531 559
f 530 559 558
f 531 532 560
f 531 560 559
f 532 533 561
f 532 561 560
f 533 534 562
f 533 562 561
f 534 535 563
f 534 563 562
f 535 536 564
f 535 564 563
f 536 537 565
f 536 565 564
f 537 538 566
f 537 566 565
f 538 539 567
f 538 567 566
f 539 540 568
f 539 568 567
f 540 541 569
f 540 569 568
f 541 542 570
f 541 570 569
f 542 543 571
f 542 571 570
f 543 544 572
f 543 572 571
f 544 545 573
f 544 573 572
f 545 546 574
f 545 574 573
f 546 547 575
f 546 575 574
f 547 548 576
f 547 576 575
f 548 549 577
f 548 577 576
f 549 550 578
f 549 578 577
f 550 551 579
f 550 579 578
f 551 552 580
f 551 580 579
f 552 553 581
f 552 581 580
f 553 554 582
f 553 582 581
f 554 555 583
f 554 583 582
f 555 556 584
f 555 584 583
f 556 529 557
f 556 557 584
f 542 544 543
f 541 544 542
f 541 545 544
f 541 546 545
f 540 546 541
f 539 546 540
f 539 547 546
f 539 548 547
f 539 549 548
f 539 550 549
f 539 551 550
f 539 552 551
f 539 553 552
f 539 554 553
f 539 555 554
f 539 556 555
f 539 529 556
f 539 530 529
f 539 531 530
f 539 532 531
f 539 533 532
f 539 534 533
f 539 535 534
f 539 536 535
f 539 537 536
f 539 538 537
f 570 571 572
f 569 570 572
f 569 572 573
f 569 573 574
f 568 569 574
f 567 568 574
f 567 574 575
f 567 575 576
f 567 576 577
f 567 577 578
f 567 578 579
f 567 579 580
f 567 580 581
f 567 581 582
f 567 582 583
f 567 583 584
f 567 584 557
f 567 557 558
f 567 558 559
f 567 559 560
f 567 560 561
f 567 561 562
f 567 562 563
f 567 563 564
f 567 564 565
f 567 565 566
f 585 586 614
f 585 614 613
f 586 587 615
f 586 615 614
f 587 588 616
f 587 616 615
f 588 589 617
f 588 617 616
f 589 590 618
f 589 618 617
f 590 591 619
f 590 619 618
f 591 592 620
f 591 620 619
f 592 593 621
f 592 621 620
f 593 594 622
f 593 622 621
f 594 595 623
f 594 623 622
f 595 596 624
f 595 624 623
f 596 597 625
f 596 625 624
f 597 598 626
f 597 626 625
f 598 599 627
f 598 627 626
f 599 600 628
f 599 628 627
f 600 601 629
f 600 629 628
f 601 602 630
f 601 630 629
f 602 603 631
f 602 631 630
f 603 604 632
f 603 632 631
f 604 605 633
f 604 633 632
f 605 606 634
f 605 634 633
f 606 607 635
f 606 635 634
f 607 608 636
f 607 636 635
f 608 609 637
f 608 637 636
f 609 610 638
f 609 638 637
f 610 611 639
f 610 639 638
f 611 612 640
f 611 640 639
f 612 585 613
f 612 613 640
f 598 600 599
f 597 600 598
f 597 601 600
f 597 602 601
f 596 602 597
f 595 602 596
f 595 603 602
f 595 604 603
f 595 605 604
f 595 606 605
f 595 607 606
f 595 608 607
f 595 609 608
f 595 610 609
f 595 611 610
f 595 612 611
f 595 585 612
f 595 586 585
f 595 587 586
f 595 588 587
f 595 589 588
f 595 590 589
f 595 591 590
f 595 592 591
f 595 593 592
f 595 594 593
f 626 627 628
f 625 626 628
f 625 628 629
f 625 629 630
f 624 625 630
f 623 624 630
f 623 630 631
f 623 631 632
f 623 632 633
f 623 633 634
f 623 634 635
f 623 635 636
f 623 636 637
f 623 637 638
f 623 638 639
f 623 639 640
f 623 640 613
f 623 613 614
f 623 614 615
f 623 615 616
f 623 616 617
f 623 617 618
f 623 618 619
f 623 619 620
f 623 620 621
f 623 621 622
f 641 642 670
f 641 670 669
f 642 643 671
f 642 671 670
f 643 644 672
f 643 672 671
f 644 645 673
f 644 673 672
f 645 646 674
f 645 674 673
f 646 647 675
f 646 675 674
f 647 648 676
f 647 676 675
f 648 649 677
f 648 677 676
f 649 650 678
f 649 678 677
f 650 651 679
f 650 679 678
f 651 652 680
f 651 680 679
f 652 653 681
f 652 681 680
f 653 654 682
f 653 682 681
f 654 655 683
f 654 683 682
f 655 656 684
f 655 684 683
f 656 657 685
f 656 685 684
f 657 658 686
f 657 686 685
f 658 659 687
f 658 687 686
f 659 660 688
f 659 688 687
f 660 661 689
f 660 689 688
f 661 662 690
f 661 690 689
f 662 663 691
f 662 691 690
f 663 664 692
f 663 692 691
f 664 665 693
f 664 693 692
f 665 666 694
f 665 694 693
f 666 667 695
f 666 695 694
f 667 668 696
f 667 696 695
f 668 641 669
f 668 669 696
f 654 656 655
f 653 656 654
f 653 657 656
f 653 658 657
f 652 658 653
f 651 658 652
f 651 659 658
f 651 660 659
f 651 661 660
f 651 662 661
f 651 663 662
f 651 664 663
f 651 665 664
f 651 666 665
f 651 667 666
f 651 668 667
f 651 641 668
f 651 642 641
f 651 643 642
f 651 644 643
f 651 645 644
f 651 646 645
f 651 647 646
f 651 648 647
f 651 649 648
f 651 650 649
f 682 683 684
f 681 682 684
f 681 684 685
f 681 685 686
f 680 681 686
f 679 680 686
f 679 686 687
f 679 687 688
f 679 688 689
f 679 689 690
f 679 690 691
f 679 691 692
f 679 692 693
f 679 693 694
f 679 694 695
f 679 695 696
f 679 696 669
f 679 669 670
f 679 670 671
f 679 671 672
f 679 672 673
f 679 673 674
f 679 674 675
f 679 675 676
f 679 676 677
f 679 677 678
f 697 698 726
f 697 726 725
f 698 699 727
f 698 727 726
f 699 700 728
f 699 728 727
f 700 701 729
f 700 729 728
f 701 702 730
f 701 730 729
f 702 703 731
f 702 731 730
f 703 704 732
f 703 732 731
f 704 705 733
f 704 733 732
f 705 706 734
f 705 734 733
f 706 707 735
f 706 735 734
f 707 708 736
f 707 736 735
f 708 709 737
f 708 737 736
f 709 710 738
f 709 738 737
f 710 711 739
f 710 739 738
f 711 712 740
f 711 740 739
f 712 713 741
f 712 741 740
f 713 714 742
f 713 742 741
f 714 715 743
f 714 743 742
f 715 716 744
f 715 744 743
f 716 717 745
f 716 745 744
f 717 718 746
f 717 746 745
f 718 719 747
f 718 747 746
f 719 720 748
f 719 748 747
f 720 721 749
f 720 749 748
f 721 722 750
f 721 750 749
f 722 723 751
f 722 751 750
f 723 724 752
f 723 752 751
f 724 697 725
f 724 725 752
f 710 712 711
f 709 712 710
f 709 713 712
f 709 714 713
f 708 714 709
f 707 714 708
f 707 715 714
f 707 716 715
f 707 717 716
f 707 718 717
f 707 719 718
f 707 720 719
f 707 721 720
f 707 722 721
f 707 723 722
f 707 724 723
f 707 697 724
f 707 698 697
f 707 699 698
f 707 700 699
f 707 701 700
f 707 702 701
f 707 703 702
f 707 704 703
f 707 705 704
f 707 706 705
f 738 739 740
f 737 738 740
f 737 740 741
f 737 741 742
f 736 737 742
f 735 736 742
f 735 742 743
f 735 743 744
f 735 744 745
f 735 745 746
f 735 746 747
f 735 747 748
f 735 748 749
f 735 749 750
f 735 750 751
f 735 751 752
f 735 752 725
f 735 725 726
f 735 726 727
f 735 727 728
f 735 728 729
f 735 729 730
f 735 730 731
f 735 731 732
f 735 732 733
f 735 733 734
f 753 754 782
f 753 782 781
f 754 755 783
f 754 783 782
f 755 756 784
f 755 784 783
f 756 757 785
f 756 785 784
f 757 758 786
f 757 786 785
f 758 759 787
f 758 787 786
f 759 760 788
f 759 788 787
f 760 761 789
f 760 789 788
f 761 762 790
f 761 790 789
f 762 763 791
f 762 791 790
f 763 764 792
f 763 792 791
f 764 765 793
f 764 793 792
f 765 766 794
f 765 794 793
f 766 767 795
f 766 795 794
f 767 768 796
f 767 796 795
f 768 769 797
f 768 797 796
f 769 770 798
f 769 798 797
f 770 771 799
f 770 799 798
f 771 772 800
f 771 800 799
f 772 773 801
f 772 801 800
f 773 774 802
f 773 802 801
f 774 775 803
f 774 803 802
f 775 776 804
f 775 804 803
f 776 777 805
f 776 805 804
f 777 778 806
f 777 806 805
f 778 779 807
f 778 807 806
f 779 780 808
f 779 808 807
f 780 753 781
f 780 781 808
f 766 768 767
f 765 768 766
f 765 769 768
f 765 770 769
f 764 770 765
f 763 770 764
f 763 771 770
f 763 772 771
f 763 773 772
f 763 774 773
f 763 775 774
f 763 776 775
f 763 777 776
f 763 778 777
f 763 779 778
f 763 780 779
f 763 753 780
f 763 754 753
f 763 755 754
f 763 756 755
f 763 757 756
f 763 758 757
f 763 759 758
f 763 760 759
f 763 761 760
f 763 762 761
f 794 795 796
f 793 794 796
f 793 796 797
f 793 797 798
f 792 793 798
f 791 792 798
f 791 798 799
f 791 799 800
f 791 800 801
f 791 801 802
f 791 802 803
f 791 803 804
f 791 804 805
f 791 805 806
f 791 806 807
f 791 807 808
f 791 808 781
f 791 781 782
f 791 782 783
f 791 783 784
f 791 784 785
f 791 785 786
f 791 786 787
f 791 787 788
f 791 788 789
f 791 789 790
f 809 810 838
f 809 838 837
f 810 811 839
f 810 839 838
f 811 812 840
f 811 840 839
f 812 813 841
f 812 841 840
f 813 814 842
f 813 842 841
f 814 815 843
f 814 843 842
f 815 816 844
f 815 844 843
f 816 817 845
f 816 845 844
f 817 818 846
f 817 846 845
f 818 819 847
f 818 847 846
f 819 820 848
f 819 848 847
f 820 821 849
f 820 849 848
f 821 822 850
f 821 850 849
f 822 823 851
f 822 851 850
f 823 824 852
f 823 852 851
f 824 825 853
f 824 853 852
f 825 826 854
f 825 854 853
f 826 827 855
f 826 855 854
f 827 828 856
f 827 856 855
f 828 829 857
f 828 857 856
f 829 830 858
f 829 858 857
f 830 831 859
f 830 859 858
f 831 832 860
f 831 860 859
f 832 833 861
f 832 861 860
f 833 834 862
f 833 862 861
f 834 835 863
f 834 863 862
f 835 836 864
f 835 864 863
f 836 809 837
f 836 837 864
f 822 824 823
f 821 824 822
f 821 825 824
f 821 826 825
f 820 826 821
f 819 826 820
f 819 827 826
f 819 828 827
f 819 829 828
f 819 830 829
f 819 831 830
f 819 832 831
f 819 833 832
f 819 834 833
f 819 835 834
f 819 836 835
f 819 809 836
f 819 810 809
f 819 811 810
f 819 812 811
f 819 813 812
f 819 814 813
f 819 815 814
f 819 816 815
f 819 817 816
f 819 818 817
f 850 851 852
f 849 850 852
f 849 852 853
f 849 853 854
f 848 849 854
f 847 848 854
f 847 854 855
f 847 855 856
f 847 856 857
f 847 857 858
f 847 858 859
f 847 859 860
f 847 860 861
f 847 861 862
f 847 862 863
f 847 863 864
f 847 864 837
f 847 837 838
f 847 838 839
f 847 839 840
f 847 840 841
f 847 841 842
f 847 842 843
f 847 843 844
f 847 844 845
f 847 845 846
f 865 866 898
f 865 898 897
f 866 867 899
f 866 899 898
f 867 868 900
f 867 900 899
f 868 869 901
f 868 901 900
f 869 870 902
f 869 902 901
f 870 871 903
f 870 903 902
f 871 872 904
f 871 904 903
f 872 873 905
f 872 905 904
f 873 874 906
f 873 906 905
f 874 875 907
f 874 907 906
f 875 876 908
f 875 908 907
f 876 877 909
f 876 909 908
f 877 878 910
f 877 910 909
f 878 879 911
f 878 911 910
f 879 880 912
f 879 912 911
f 880 881 913
f 880 913 912
f 881 882 914
f 881 914 913
f 882 883 915
f 882 915 914
f 883 884 916
f 883 916 915
f 884 885 917
f 884 917 916
f 885 886 918
f 885 918 917
f 886 887 919
f 886 919 918
f 887 888 920
f 887 920 919
f 888 889 921
f 888 921 920
f 889 890 922
f 889 922 921
f 890 891 923
f 890 923 922
f 891 892 924
f 891 924 923
f 892 893 925
f 892 925 924
f 893 894 926
f 893 926 925
f 894 895 927
f 894 927 926
f 895 896 928
f 895 928 927
f 896 865 897
f 896 897 928
f 887 889 888
f 886 889 887
f 885 889 886
f 884 889 885
f 883 889 884
f 882 889 883
f 881 889 882
f 881 890 889
f 880 890 881
f 879 890 880
f 878 890 879
f 877 890 878
f 876 890 877
f 875 890 876
f 874 890 875
f 873 890 874
f 872 890 873
f 871 890 872
f 870 890 871
f 869 890 870
f 868 890 869
f 867 890 868
f 866 890 867
f 865 890 866
f 896 890 865
f 896 891 890
f 895 891 896
f 895 892 891
f 895 893 892
f 894 893 895
f 919 920 921
f 918 919 921
f 917 918 921
f 916 917 921
f 915 916 921
f 914 915 921
f 913 914 921
f 913 921 922
f 912 913 922
f 911 912 922
f 910 911 922
f 909 910 922
f 908 909 922
f 907 908 922
f 906 907 922
f 905 906 922
f 904 905 922
f 903 904 922
f 902 903 922
f 901 902 922
f 900 901 922
f 899 900 922
f 898 899 922
f 897 898 922
f 928 897 922
f 928 922 923
f 927 928 923
f 927 923 924
f 927 924 925
f 926 927 925
f 929 930 962
f 929 962 961
f 930 931 963
f 930 963 962
f 931 932 964
f 931 964 963
f 932 933 965
f 932 965 964
f 933 934 966
f 933 966 965
f 934 935 967
f 934 967 966
f 935 936 968
f 935 968 967
f 936 937 969
f 936 969 968
f 937 938 970
f 937 970 969
f 938 939 971
f 938 971 970
f 939 940 972
f 939 972 971
f 940 941 973
f 940 973 972
f 941 942 974
f 941 974 973
f 942 943 975
f 942 975 974
f 943 944 976
f 943 976 975
f 944 945 977
f 944 977 976
f 945 946 978
f 945 978 977
f 946 947 979
f 946 979 978
f 947 948 980
f 947 980 979
f 948 949 981
f 948 981 980
f 949 950 982
f 949 982 981
f 950 951 983
f 950 983 982
f 951 952 984
f 951 984 983
f 952 953 985
f 952 985 984
f 953 954 986
f 953 986 985
f 954 955 987
f 954 987 986
f 955 956 988
f 955 988 987
f 956 957 989
f 956 989 988
f 957 958 990
f 957 990 989
f 958 959 991
f 958 991 990
f 959 960 992
f 959 992 991
f 960 929 961
f 960 961 992
f 951 953 952
f 950 953 951
f 949 953 950
f 948 953 949
f 947 953 948
f 946 953 947
f 945 953 946
f 945 954 953
f 944 954 945
f 943 954 944
f 942 954 943
f 941 954 942
f 940 954 941
f 939 954 940
f 938 954 939
f 937 954 938
f 936 954 937
f 935 954 936
f 934 954 935
f 933 954 934
f 932 954 933
f 931 954 932
f 930 954 931
f 929 954 930
f 960 954 929
f 960 955 954
f 959 955 960
f 959 956 955
f 959 957 956
f 958 957 959
f 983 984 985
f 982 983 985
f 981 982 985
f 980 981 985
f 979 980 985
f 978 979 985
f 977 978 985
f 977 985 986
f 976 977 986
f 975 976 986
f 974 975 986
f 973 974 986
f 972 973 986
f 971 972 986
f 970 971 986
f 969 970 986
f 968 969 986
f 967 968 986
f 966 967 986
f 965 966 986
f 964 965 986
f 963 964 986
f 962 963 986
f 961 962 986
f 992 961 986
f 992 986 987
f 991 992 987
f 991 987 988
f 991 988 989
f 990 991 989
f 993 994 1022
f 993 1022 1021
f 994 995 1023
f 994 1023 1022
f 995 996 1024
f 995 1024 1023
f 996 997 1025
f 996 1025 1024
f 997 998 1026
f 997 1026 1025
f 998 999 1027
f 998 1027 1026
f 999 1000 1028
f 999 1028 1027
f 1000 1001 1029
f 1000 1029 1028
f 1001 1002 1030
f 1001 1030 1029
f 1002 1003 1031
f 1002 1031 1030
f 1003 1004 1032
f 1003 1032 1031
f 1004 1005 1033
f 1004 1033 1032
f 1005 1006 1034
f 1005 1034 1033
f 1006 1007 1035
f 1006 1035 1034
f 1007 1008 1036
f 1007 1036 1035
f 1008 1009 1037
f 1008 1037 1036
f 1009 1010 1038
f 1009 1038 1037
f 1010 1011 1039
f 1010 1039 1038
f 1011 1012 1040
f 1011 1040 1039
f 1012 1013 1041
f 1012 1041 1040
f 1013 1014 1042
f 1013 1042 1041
f 1014 1015 1043
f 1014 1043 1042
f 1015 1016 1044
f 1015 1044 1043
f 1016 1017 1045
f 1016 1045 1044
f 1017 1018 1046
f 1017 1046 1045
f 1018 1019 1047
f 1018 1047 1046
f 1019 1020 1048
f 1019 1048 1047
f 1020 993 1021
f 1020 1021 1048
f 1006 1008 1007
f 1005 1008 1006
f 1005 1009 1008
f 1005 1010 1009
f 1004 1010 1005
f 1003 1010 1004
f 1003 1011 1010
f 1003 1012 1011
f 1003 1013 1012
f 1003 1014 1013
f 1003 1015 1014
f 1003 1016 1015
f 1003 1017 1016
f 1003 1018 1017
f 1003 1019 1018
f 1003 1020 1019
f 1003 993 1020
f 1003 994 993
f 1003 995 994
f 1003 996 995
f 1003 997 996
f 1003 998 997
f 1003 999 998
f 1003 1000 999
f 1003 1001 1000
f 1003 1002 1001
f 1034 1035 1036
f 1033 1034 1036
f 1033 1036 1037
f 1033 1037 1038
f 1032 1033 1038
f 1031 1032 1038
f 1031 1038 1039
f 1031 1039 1040
f 1031 1040 1041
f 1031 1041 1042
f 1031 1042 1043
f 1031 1043 1044
f 1031 1044 1045
f 1031 1045 1046
f 1031 1046 1047
f 1031 1047 1048
f 1031 1048 1021
f 1031 1021 1022
f 1031 1022 1023
f 1031 1023 1024
f 1031 1024 1025
f 1031 1025 1026
f 1031 1026 1027
f 1031 1027 1028
f 1031 1028 1029
f 1031 1029 1030
f 1049 1050 1078
f 1049 1078 1077
f 1050 1051 1079
f 1050 1079 1078
f 1051 1052 1080
f 1051 1080 1079
f 1052 1053 1081
f 1052 1081 1080
f 1053 1054 1082
f 1053 1082 1081
f 1054 1055 1083
f 1054 1083 1082
f 1055 1056 1084
f 1055 1084 1083
f 1056 1057 1085
f 1056 1085 1084
f 1057 1058 1086
f 1057 1086 1085
f 1058 1059 1087
f 1058 1087 1086
f 1059 1060 1088
f 1059 1088 1087
f 1060 1061 1089
f 1060 1089 1088
f 1061 1062 1090
f 1061 1090 1089
f 1062 1063 1091
f 1062 1091 1090
f 1063 1064 1092
f 1063 1092 1091
f 1064 1065 1093
f 1064 1093 1092
f 1065 1066 1094
f 1065 1094 1093
f 1066 1067 1095
f 1066 1095 1094
f 1067 1068 1096
f 1067 1096 1095
f 1068 1069 1097
f 1068 1097 1096
f 1069 1070 1098
f 1069 1098 1097
f 1070 1071 1099
f 1070 1099 1098
f 1071 1072 1100
f 1071 1100 1099
f 1072 1073 1101
f 1072 1101 1100
f 1073 1074 1102
f 1073 1102 1101
f 1074 1075 1103
f 1074 1103 1102
f 1075 1076 1104
f 1075 1104 1103
f 1076 1049 1077
f 1076 1077 1104
f 1062 1064 1063
f 1061 1064 1062
f 1061 1065 1064
f 1061 1066 1065
f 1060 1066 1061
f 1059 1066 1060
f 1059 1067 1066
f 1059 1068 1067
f 1059 1069 1068
f 1059 1070 1069
f 1059 1071 1070
f 1059 1072 1071
f 1059 1073 1072
f 1059 1074 1073
f 1059 1075 1074
f 1059 1076 1075
f 1059 1049 1076
f 1059 1050 1049
f 1059 1051 1050
f 1059 1052 1051
f 1059 1053 1052
f 1059 1054 1053
f 1059 1055 1054
f 1059 1056 1055
f 1059 1057 1056
f 1059 1058 1057
f 1090 1091 1092
f 1089 1090 1092
f 1089 1092 1093
f 1089 1093 1094
f 1088 1089 1094
f 1087 1088 1094
f 1087 1094 1095
f 1087 1095 1096
f 1087 1096 1097
f 1087 1097 1098
f 1087 1098 1099
f 1087 1099 1100
f 1087 1100 1101
f 1087 1101 1102
f 1087 1102 1103
f 1087 1103 1104
f 1087 1104 1077
f 1087 1077 1078
f 1087 1078 1079
f 1087 1079 1080
f 1087 1080 1081
f 1087 1081 1082
f 1087 1082 1083
f 1087 1083 1084
f 1087 1084 1085
f 1087 1085 1086
f 1105 1106 1134
f 1105 1134 1133
f 1106 1107 1135
f 1106 1135 1134
f 1107 1108 1136
f 1107 1136 1135
f 1108 1109 1137
f 1108 1137 1136
f 1109 1110 1138
f 1109 1138 1137
f 1110 1111 1139
f 1110 1139 1138
f 1111 1112 1140
f 1111 1140 1139
f 1112 1113 1141
f 1112 1141 1140
f 1113 1114 1142
f 1113 1142 1141
f 1114 1115 1143
f 1114 1143 1142
f 1115 1116 1144
f 1115 1144 1143
f 1116 1117 1145
f 1116 1145 1144
f 1117 1118 1146
f 1117 1146 1145
f 1118 1119 1147
f 1118 1147 1146
f 1119 1120 1148
f 1119 1148 1147
f 1120 1121 1149
f 1120 1149 1148
f 1121 1122 1150
f 1121 1150 1149
f 1122 1123 1151
f 1122 1151 1150
f 1123 1124 1152
f 1123 1152 1151
f 1124 1125 1153
f 1124 1153 1152
f 1125 1126 1154
f 1125 1154 1153
f 1126 1127 1155
f 1126 1155 1154
f 1127 1128 1156
f 1127 1156 1155
f 1128 1129 1157
f 1128 1157 1156
f 1129 1130 1158
f 1129 1158 1157
f 1130 1131 1159
f 1130 1159 1158
f 1131 1132 1160
f 1131 1160 1159
f 1132 1105 1133
f 1132 1133 1160
f 1118 1120 1119
f 1117 1120 1118
f 1117 1121 1120
f 1117 1122 1121
f 1116 1122 1117
f 1115 1122 1116
f 1115 1123 1122
f 1115 1124 1123
f 1115 1125 1124
f 1115 1126 1125
f 1115 1127 1126
f 1115 1128 1127
f 1115 1129 1128
f 1115 1130 1129
f 1115 1131 1130
f 1115 1132 1131
f 1115 1105 1132
f 1115 1106 1105
f 1115 1107 1106
f 1115 1108 1107
f 1115 1109 1108
f 1115 1110 1109
f 1115 1111 1110
f 1115 1112 1111
f 1115 1113 1112
f 1115 1114 1113
f 1146 1147 1148
f 1145 1146 1148
f 1145 1148 1149
f 1145 1149 1150
f 1144 1145 1150
f 1143 1144 1150
f 1143 1150 1151
f 1143 1151 1152
f 1143 1152 1153
f 1143 1153 1154
f 1143 1154 1155
f 1143 1155 1156
f 1143 1156 1157
f 1143 1157 1158
f 1143 1158 1159
f 1143 1159 1160
f 1143 1160 1133
f 1143 1133 1134
f 1143 1134 1135
f 1143 1135 1136
f 1143 1136 1137
f 1143 1137 1138
f 1143 1138 1139
f 1143 1139 1140
f 1143 1140 1141
f 1143 1141 1142
f 1161 1162 1190
f 1161 1190 1189
f 1162 1163 1191
f 1162 1191 1190
f 1163 1164 1192
f 1163 1192 1191
f 1164 1165 1193
f 1164 1193 1192
f 1165 1166 1194
f 1165 1194 1193
f 1166 1167 1195
f 1166 1195 1194
f 1167 1168 1196
f 1167 1196 1195
f 1168 1169 1197
f 1168 1197 1196
f 1169 1170 1198
f 1169 1198 1197
f 1170 1171 1199
f 1170 1199 1198
f 1171 1172 1200
f 1171 1200 1199
f 1172 1173 1201
f 1172 1201 1200
f 1173 1174 1202
f 1173 1202 1201
f 1174 1175 1203
f 1174 1203 1202
f 1175 1176 1204
f 1175 1204 1203
f 1176 1177 1205
f 1176 1205 1204
f 1177 1178 1206
f 1177 1206 1205
f 1178 1179 1207
f 1178 1207 1206
f 1179 1180 1208
f 1179 1208 1207
f 1180 1181 1209
f 1180 1209 1208
f 1181 1182 1210
f 1181 1210 1209
f 1182 1183 1211
f 1182 1211 1210
f 1183 1184 1212
f 1183 1212 1211
f 1184 1185 1213
f 1184 1213 1212
f 1185 1186 1214
f 1185 1214 1213
f 1186 1187 1215
f 1186 1215 1214
f 1187 1188 1216
f 1187 1216 1215
f 1188 1161 1189
f 1188 1189 1216
f 1174 1176 1175
f 1173 1176 1174
f 1173 1177 1176
f 1173 1178 1177
f 1172 1178 1173
f 1171 1178 1172
f 1171 1179 1178
f 1171 1180 1179
f 1171 1181 1180
f 1171 1182 1181
f 1171 1183 1182
f 1171 1184 1183
f 1171 1185 1184
f 1171 1186 1185
f 1171 1187 1186
f 1171 1188 1187
f 1171 1161 1188
f 1171 1162 1161
f 1171 1163 1162
f 1171 1164 1163
f 1171 1165 1164
f 1171 1166 1165
f 1171 1167 1166
f 1171 1168 1167
f 1171 1169 1168
f 1171 1170 1169
f 1202 1203 1204
f 1201 1202 1204
f 1201 1204 1205
f 1201 1205 1206
f 1200 1201 1206
f 1199 1200 1206
f 1199 1206 1207
f 1199 1207 1208
f 1199 1208 1209
f 1199 1209 1210
f 1199 1210 1211
f 1199 1211 1212
f 1199 1212 1213
f 1199 1213 1214
f 1199 1214 1215
f 1199 1215 1216
f 1199 1216 1189
f 1199 1189 1190
f 1199 1190 1191
f 1199 1191 1192
f 1199 1192 1193
f 1199 1193 1194
f 1199 1194 1195
f 1199 1195 1196
f 1199 1196 1197
f 1199 1197 1198
f 1217 1218 1250
f 1217 1250 1249
f 1218 1219 1251
f 1218 1251 1250
f 1219 1220 1252
f 1219 1252 1251
f 1220 1221 1253
f 1220 1253 1252
f 1221 1222 1254
f 1221 1254 1253
f 1222 1223 1255
f 1222 1255 1254
f 1223 1224 1256
f 1223 1256 1255
f 1224 1225 1257
f 1224 1257 1256
f 1225 1226 1258
f 1225 1258 1257
f 1226 1227 1259
f 1226 1259 1258
f 1227 1228 1260
f 1227 1260 1259
f 1228 1229 1261
f 1228 1261 1260
f 1229 1230 1262
f 1229 1262 1261
f 1230 1231 1263
f 1230 1263 1262
f 1231 1232 1264
f 1231 1264 1263
f 1232 1233 1265
f 1232 1265 1264
f 1233 1234 1266
f 1233 1266 1265
f 1234 1235 1267
f 1234 1267 1266
f 1235 1236 1268
f 1235 1268 1267
f 1236 1237 1269
f 1236 1269 1268
f 1237 1238 1270
f 1237 1270 1269
f 1238 1239 1271
f 1238 1271 1270
f 1239 1240 1272
f 1239 1272 1271
f 1240 1241 1273
f 1240 1273 1272
f 1241 1242 1274
f 1241 1274 1273
f 1242 1243 1275
f 1242 1275 1274
f 1243 1244 1276
f 1243 1276 1275
f 1244 1245 1277
f 1244 1277 1276
f 1245 1246 1278
f 1245 1278 1277
f 1246 1247 1279
f 1246 1279 1278
f 1247 1248 1280
f 1247 1280 1279
f 1248 1217 1249
f 1248 1249 1280
f 1239 1241 1240
f 1238 1241 1239
f 1237 1241 1238
f 1236 1241 1237
f 1235 1241 1236
f 1234 1241 1235
f 1233 1241 1234
f 1233 1242 1241
f 1232 1242 1233
f 1231 1242 1232
f 1230 1242 1231
f 1229 1242 1230
f 1228 1242 1229
f 1227 1242 1228
f 1226 1242 1227
f 1225 1242 1226
f 1224 1242 1225
f 1223 1242 1224
f 1222 1242 1223
f 1221 1242 1222
f 1220 1242 1221
f 1219 1242 1220
f 1218 1242 1219
f 1217 1242 1218
f 1248 1242 1217
f 1248 1243 1242
f 1247 1243 1248
f 1247 1244 1243
f 1247 1245 1244
f 1246 1245 1247
f 1271 1272 1273
f 1270 1271 1273
f 1269 1270 1273
f 1268 1269 1273
f 1267 1268 1273
f 1266 1267 1273
f 1265 1266 1273
f 1265 1273 1274
f 1264 1265 1274
f 1263 1264 1274
f 1262 1263 1274
f 1261 1262 1274
f 1260 1261 1274
f 1259 1260 1274
f 1258 1259 1274
f 1257 1258 1274
f 1256 1257 1274
f 1255 1256 1274
f 1254 1255 1274
f 1253 1254 1274
f 1252 1253 1274
f 1251 1252 1274
f 1250 1251 1274
f 1249 1250 1274
f 1280 1249 1274
f 1280 1274 1275
f 1279 1280 1275
f 1279 1275 1276
f 1279 1276 1277
f 1278 1279 1277
f 1281 1282 1310
f 1281 1310 1309
f 1282 1283 1311
f 1282 1311 1310
f 1283 1284 1312
f 1283 1312 1311
f 1284 1285 1313
f 1284 1313 1312
f 1285 1286 1314
f 1285 1314 1313
f 1286 1287 1315
f 1286 1315 1314
f 1287 1288 1316
f 1287 1316 1315
f 1288 1289 1317
f 1288 1317 1316
f 1289 1290 1318
f 1289 1318 1317
f 1290 1291 1319
f 1290 1319 1318
f 1291 1292 1320
f 1291 1320 1319
f 1292 1293 1321
f 1292 1321 1320
f 1293 1294 1322
f 1293 1322 1321
f 1294 1295 1323
f 1294 1323 1322
f 1295 1296 1324
f 1295 1324 1323
f 1296 1297 1325
f 1296 1325 1324
f 1297 1298 1326
f 1297 1326 1325
f 1298 1299 1327
f 1298 1327 1326
f 1299 1300 1328
f 1299 1328 1327
f 1300 1301 1329
f 1300 1329 1328
f 1301 1302 1330
f 1301 1330 1329
f 1302 1303 1331
f 1302 1331 1330
f 1303 1304 1332
f 1303 1332 1331
f 1304 1305 1333
f 1304 1333 1332
f 1305 1306 1334
f 1305 1334 1333
f 1306 1307 1335
f 1306 1335 1334
f 1307 1308 1336
f 1307 1336 1335
f 1308 1281 1309
f 1308 1309 1336
f 1294 1296 1295
f 1293 1296 1294
f 1293 1297 1296
f 1293 1298 1297
f 1292 1298 1293
f 1291 1298 1292
f 1291 1299 1298
f 1291 1300 1299
f 1291 1301 1300
f 1291 1302 1301
f 1291 1303 1302
f 1291 1304 1303
f 1291 1305 1304
f 1291 1306 1305
f 1291 1307 1306
f 1291 1308 1307
f 1291 1281 1308
f 1291 1282 1281
f 1291 1283 1282
f 1291 1284 1283
f 1291 1285 1284
f 1291 1286 1285
f 1291 1287 1286
f 1291 1288 1287
f 1291 1289 1288
f 1291 1290 1289
f 1322 1323 1324
f 1321 1322 1324
f 1321 1324 1325
f 1321 1325 1326
f 1320 1321 1326
f 1319 1320 1326
f 1319 1326 1327
f 1319 1327 1328
f 1319 1328 1329
f 1319 1329 1330
f 1319 1330 1331
f 1319 1331 1332
f 1319 1332 1333
f 1319 1333 1334
f 1319 1334 1335
f 1319 1335 1336
f 1319 1336 1309
f 1319 1309 1310
f 1319 1310 1311
f 1319 1311 1312
f 1319 1312 1313
f 1319 1313 1314
f 1319 1314 1315
f 1319 1315 1316
f 1319 1316 1317
f 1319 1317 1318
f 1337 1338 1366
f 1337 1366 1365
f 1338 1339 1367
f 1338 1367 1366
f 1339 1340 1368
f 1339 1368 1367
f 1340 1341 1369
f 1340 1369 1368
f 1341 1342 1370
f 1341 1370 1369
f 1342 1343 1371
f 1342 1371 1370
f 1343 1344 1372
f 1343 1372 1371
f 1344 1345 1373
f 1344 1373 1372
f 1345 1346 1374
f 1345 1374 1373
f 1346 1347 1375
f 1346 1375 1374
f 1347 1348 1376
f 1347 1376 1375
f 1348 1349 1377
f 1348 1377 1376
f 1349 1350 1378
f 1349 1378 1377
f 1350 1351 1379
f 1350 1379 1378
f 1351 1352 1380
f 1351 1380 1379
f 1352 1353 1381
f 1352 1381 1380
f 1353 1354 1382
f 1353 1382 1381
f 1354 1355 1383
f 1354 1383 1382
f 1355 1356 1384
f 1355 1384 1383
f 1356 1357 1385
f 1356 1385 1384
f 1357 1358 1386
f 1357 1386 1385
f 1358 1359 1387
f 1358 1387 1386
f 1359 1360 1388
f 1359 1388 1387
f 1360 1361 1389
f 1360 1389 1388
f 1361 1362 1390
f 1361 1390 1389
f 1362 1363 1391
f 1362 1391 1390
f 1363 1364 1392
f 1363 1392 1391
f 1364 1337 1365
f 1364 1365 1392
f 1350 1352 1351
f 1349 1352 1350
f 1349 1353 1352
f 1349 1354 1353
f 1348 1354 1349
f 1347 1354 1348
f 1347 1355 1354
f 1347 1356 1355
f 1347 1357 1356
f 1347 1358 1357
f 1347 1359 1358
f 1347 1360 1359
f 1347 1361 1360
f 1347 1362 1361
f 1347 1363 1362
f 1347 1364 1363
f 1347 1337 1364
f 1347 1338 1337
f 1347 1339 1338
f 1347 1340 1339
f 1347 1341 1340
f 1347 1342 1341
f 1347 1343 1342
f 1347 1344 1343
f 1347 1345 1344
f 1347 1346 1345
f 1378 1379 1380
f 1377 1378 1380
f 1377 1380 1381
f 1377 1381 1382
f 1376 1377 1382
f 1375 1376 1382
f 1375 1382 1383
f 1375 1383 1384
f 1375 1384 1385
f 1375 1385 1386
f 1375 1386 1387
f 1375 1387 1388
f 1375 1388 1389
f 1375 1389 1390
f 1375 1390 1391
f 1375 1391 1392
f 1375 1392 1365
f 1375 1365 1366
f 1375 1366 1367
f 1375 1367 1368
f 1375 1368 1369
f 1375 1369 1370
f 1375 1370 1371
f 1375 1371 1372
f 1375 1372 1373
f 1375 1373 1374
f 1393 1394 1426
f 1393 1426 1425
f 1394 1395 1427
f 1394 1427 1426
f 1395 1396 1428
f 1395 1428 1427
f 1396 1397 1429
f 1396 1429 1428
f 1397 1398 1430
f 1397 1430 1429
f 1398 1399 1431
f 1398 1431 1430
f 1399 1400 1432
f 1399 1432 1431
f 1400 1401 1433
f 1400 1433 1432
f 1401 1402 1434
f 1401 1434 1433
f 1402 1403 1435
f 1402 1435 1434
f 1403 1404 1436
f 1403 1436 1435
f 1404 1405 1437
f 1404 1437 1436
f 1405 1406 1438
f 1405 1438 1437
f 1406 1407 1439
f 1406 1439 1438
f 1407 1408 1440
f 1407 1440 1439
f 1408 1409 1441
f 1408 1441 1440
f 1409 1410 1442
f 1409 1442 1441
f 1410 1411 1443
f 1410 1443 1442
f 1411 1412 1444
f 1411 1444 1443
f 1412 1413 1445
f 1412 1445 1444
f 1413 1414 1446
f 1413 1446 1445
f 1414 1415 1447
f 1414 1447 1446
f 1415 1416 1448
f 1415 1448 1447
f 1416 1417 1449
f 1416 1449 1448
f 1417 1418 1450
f 1417 1450 1449
f 1418 1419 1451
f 1418 1451 1450
f 1419 1420 1452
f 1419 1452 1451
f 1420 1421 1453
f 1420 1453 1452
f 1421 1422 1454
f 1421 1454 1453
f 1422 1423 1455
f 1422 1455 1454
f 1423 1424 1456
f 1423 1456 1455
f 1424 1393 1425
f 1424 1425 1456
f 1415 1417 1416
f 1414 1417 1415
f 1413 1417 1414
f 1412 1417 1413
f 1411 1417 1412
f 1410 1417 1411
f 1409 1417 1410
f 1409 1418 1417
f 1408 1418 1409
f 1407 1418 1408
f 1406 1418 1407
f 1405 1418 1406
f 1404 1418 1405
f 1403 1418 1404
f 1402 1418 1403
f 1401 1418 1402
f 1400 1418 1401
f 1399 1418 1400
f 1398 1418 1399
f 1397 1418 1398
f 1396 1418 1397
f 1395 1418 1396
f 1394 1418 1395
f 1393 1418 1394
f 1424 1418 1393
f 1424 1419 1418
f 1423 1419 1424
f 1423 1420 1419
f 1423 1421 1420
f 1422 1421 1423
f 1447 1448 1449
f 1446 1447 1449
f 1445 1446 1449
f 1444 1445 1449
f 1443 1444 1449
f 1442 1443 1449
f 1441 1442 1449
f 1441 1449 1450
f 1440 1441 1450
f 1439 1440 1450
f 1438 1439 1450
f 1437 1438 1450
f 1436 1437 1450
f 1435 1436 1450
f 1434 1435 1450
f 1433 1434 1450
f 1432 1433 1450
f 1431 1432 1450
f 1430 1431 1450
f 1429 1430 1450
f 1428 1429 1450
f 1427 1428 1450
f 1426 1427 1450
f 1425 1426 1450
f 1456 1425 1450
f 1456 1450 1451
f 1455 1456 1451
f 1455 1451 1452
f 1455 1452 1453
f 1454 1455 1453
f 1457 1458 1486
f 1457 1486 1485
f 1458 1459 1487
f 1458 1487 1486
f 1459 1460 1488
f 1459 1488 1487
f 1460 1461 1489
f 1460 1489 1488
f 1461 1462 1490
f 1461 1490 1489
f 1462 1463 1491
f 1462 1491 1490
f 1463 1464 1492
f 1463 1492 1491
f 1464 1465 1493
f 1464 1493 1492
f 1465 1466 1494
f 1465 1494 1493
f 1466 1467 1495
f 1466 1495 1494
f 1467 1468 1496
f 1467 1496 1495
f 1468 1469 1497
f 1468 1497 1496
f 1469 1470 1498
f 1469 1498 1497
f 1470 1471 1499
f 1470 1499 1498
f 1471 1472 1500
f 1471 1500 1499
f 1472 1473 1501
f 1472 1501 1500
f 1473 1474 1502
f 1473 1502 1501
f 1474 1475 1503
f 1474 1503 1502
f 1475 1476 1504
f 1475 1504 1503
f 1476 1477 1505
f 1476 1505 1504
f 1477 1478 1506
f 1477 1506 1505
f 1478 1479 1507
f 1478 1507 1506
f 1479 1480 1508
f 1479 1508 1507
f 1480 1481 1509
f 1480 1509 1508
f 1481 1482 1510
f 1481 1510 1509
f 1482 1483 1511
f 1482 1511 1510
f 1483 1484 1512
f 1483 1512 1511
f 1484 1457 1485
f 1484 1485 1512
f 1470 1472 1471
f 1469 1472 1470
f 1469 1473 1472
f 1469 1474 1473
f 1468 1474 1469
f 1467 1474 1468
f 1467 1475 1474
f 1467 1476 1475
f 1467 1477 1476
f 1467 1478 1477
f 1467 1479 1478
f 1467 1480 1479
f 1467 1481 1480
f 1467 1482 1481
f 1467 1483 1482
f 1467 1484 1483
f 1467 1457 1484
f 1467 1458 1457
f 1467 1459 1458
f 1467 1460 1459
f 1467 1461 1460
f 1467 1462 1461
f 1467 1463 1462
f 1467 1464 1463
f 1467 1465 1464
f 1467 1466 1465
f 1498 1499 1500
f 1497 1498 1500
f 1497 1500 1501
f 1497 1501 1502
f 1496 1497 1502
f 1495 1496 1502
f 1495 1502 1503
f 1495 1503 1504
f 1495 1504 1505
f 1495 1505 1506
f 1495 1506 1507
f 1495 1507 1508
f 1495 1508 1509
f 1495 1509 1510
f 1495 1510 1511
f 1495 1511 1512
f 1495 1512 1485
f 1495 1485 1486
f 1495 1486 1487
f 1495 1487 1488
f 1495 1488 1489
f 1495 1489 1490
f 1495 1490 1491
f 1495 1491 1492
f 1495 1492 1493
f 1495 1493 1494
f 1513 1514 1542
f 1513 1542 1541
f 1514 1515 1543
f 1514 1543 1542
f 1515 1516 1544
f 1515 1544 1543
f 1516 1517 1545
f 1516 1545 1544
f 1517 1518 1546
f 1517 1546 1545
f 1518 1519 1547
f 1518 1547 1546
f 1519 1520 1548
f 1519 1548 1547
f 1520 1521 1549
f 1520 1549 1548
f 1521 1522 1550
f 1521 1550 1549
f 1522 1523 1551
f 1522 1551 1550
f 1523 1524 1552
f 1523 1552 1551
f 1524 1525 1553
f 1524 1553 1552
f 1525 1526 1554
f 1525 1554 1553
f 1526 1527 1555
f 1526 1555 1554
f 1527 1528 1556
f 1527 1556 1555
f 1528 1529 1557
f 1528 1557 1556
f 1529 1530 1558
f 1529 1558 1557
f 1530 1531 1559
f 1530 1559 1558
f 1531 1532 1560
f 1531 1560 1559
f 1532 1533 1561
f 1532 1561 1560
f 1533 1534 1562
f 1533 1562 1561
f 1534 1535 1563
f 1534 1563 1562
f 1535 1536 1564
f 1535 1564 1563
f 1536 1537 1565
f 1536 1565 1564
f 1537 1538 1566
f 1537 1566 1565
f 1538 1539 1567
f 1538 1567 1566
f 1539 1540 1568
f 1539 1568 1567
f 1540 1513 1541
f 1540 1541 1568
f 1526 1528 1527
f 1525 1528 1526
f 1525 1529 1528
f 1525 1530 1529
f 1524 1530 1525
f 1523 1530 1524
f 1523 1531 1530
f 1523 1532 1531
f 1523 1533 1532
f 1523 1534 1533
f 1523 1535 1534
f 1523 1536 1535
f 1523 1537 1536
f 1523 1538 1537
f 1523 1539 1538
f 1523 1540 1539
f 1523 1513 1540
f 1523 1514 1513
f 1523 1515 1514
f 1523 1516 1515
f 1523 1517 1516
f 1523 1518 1517
f 1523 1519 1518
f 1523 1520 1519
f 1523 1521 1520
f 1523 1522 1521
f 1554 1555 1556
f 1553 1554 1556
f 1553 1556 1557
f 1553 1557 1558
f 1552 1553 1558
f 1551 1552 1558
f 1551 1558 1559
f 1551 1559 1560
f 1551 1560 1561
f 1551 1561 1562
f 1551 1562 1563
f 1551 1563 1564
f 1551 1564 1565
f 1551 1565 1566
f 1551 1566 1567
f 1551 1567 1568
f 1551 1568 1541
f 1551 1541 1542
f 1551 1542 1543
f 1551 1543 1544
f 1551 1544 1545
f 1551 1545 1546
f 1551 1546 1547
f 1551 1547 1548
f 1551 1548 1549
f 1551 1549 1550
f 1569 1570 1598
f 1569 1598 1597
f 1570 1571 1599
f 1570 1599 1598
f 1571 1572 1600
f 1571 1600 1599
f 1572 1573 1601
f 1572 1601 1600
f 1573 1574 1602
f 1573 1602 1601
f 1574 1575 1603
f 1574 1603 1602
f 1575 1576 1604
f 1575 1604 1603
f 1576 1577 1605
f 1576 1605 1604
f 1577 1578 1606
f 1577 1606 1605
f 1578 1579 1607
f 1578 1607 1606
f 1579 1580 1608
f 1579 1608 1607
f 1580 1581 1609
f 1580 1609 1608
f 1581 1582 1610
f 1581 1610 1609
f 1582 1583 1611
f 1582 1611 1610
f 1583 1584 1612
f 1583 1612 1611
f 1584 1585 1613
f 1584 1613 1612
f 1585 1586 1614
f 1585 1614 1613
f 1586 1587 1615
f 1586 1615 1614
f 1587 1588 1616
f 1587 1616 1615
f 1588 1589 1617
f 1588 1617 1616
f 1589 1590 1618
f 1589 1618 1617
f 1590 1591 1619
f 1590 1619 1618
f 1591 1592 1620
f 1591 1620 1619
f 1592 1593 1621
f 1592 1621 1620
f 1593 1594 1622
f 1593 1622 1621
f 1594 1595 1623
f 1594 1623 1622
f 1595 1596 1624
f 1595 1624 1623
f 1596 1569 1597
f 1596 1597 1624
f 1582 1584 1583
f 1581 1584 1582
f 1581 1585 1584
f 1581 1586 1585
f 1580 1586 1581
f 1579 1586 1580
f 1579 1587 1586
f 1579 1588 1587
f 1579 1589 1588
f 1579 1590 1589
f 1579 1591 1590
f 1579 1592 1591
f 1579 1593 1592
f 1579 1594 1593
f 1579 1595 1594
f 1579 1596 1595
f 1579 1569 1596
f 1579 1570 1569
f 1579 1571 1570
f 1579 1572 1571
f 1579 1573 1572
f 1579 1574 1573
f 1579 1575 1574
f 1579 1576 1575
f 1579 1577 1576
f 1579 1578 1577
f 1610 1611 1612
f 1609 1610 1612
f 1609 1612 1613
f 1609 1613 1614
f 1608 1609 1614
f 1607 1608 1614
f 1607 1614 1615
f 1607 1615 1616
f 1607 1616 1617
f 1607 1617 1618
f 1607 1618 1619
f 1607 1619 1620
f 1607 1620 1621
f 1607 1621 1622
f 1607 1622 1623
f 1607 1623 1624
f 1607 1624 1597
f 1607 1597 1598
f 1607 1598 1599
f 1607 1599 1600
f 1607 1600 1601
f 1607 1601 1602
f 1607 1602 1603
f 1607 1603 1604
f 1607 1604 1605
f 1607 1605 1606
f 1625 1626 1654
f 1625 1654 1653
f 1626 1627 1655
f 1626 1655 1654
f 1627 1628 1656
f 1627 1656 1655
f 1628 1629 1657
f 1628 1657 1656
f 1629 1630 1658
f 1629 1658 1657
f 1630 1631 1659
f 1630 1659 1658
f 1631 1632 1660
f 1631 1660 1659
f 1632 1633 1661
f 1632 1661 1660
f 1633 1634 1662
f 1633 1662 1661
f 1634 1635 1663
f 1634 1663 1662
f 1635 1636 1664
f 1635 1664 1663
f 1636 1637 1665
f 1636 1665 1664
f 1637 1638 1666
f 1637 1666 1665
f 1638 1639 1667
f 1638 1667 1666
f 1639 1640 1668
f 1639 1668 1667
f 1640 1641 1669
f 1640 1669 1668
f 1641 1642 1670
f 1641 1670 1669
f 1642 1643 1671
f 1642 1671 1670
f 1643 1644 1672
f 1643 1672 1671
f 1644 1645 1673
f 1644 1673 1672
f 1645 1646 1674
f 1645 1674 1673
f 1646 1647 1675
f 1646 1675 1674
f 1647 1648 1676
f 1647 1676 1675
f 1648 1649 1677
f 1648 1677 1676
f 1649 1650 1678
f 1649 1678 1677
f 1650 1651 1679
f 1650 1679 1678
f 1651 1652 1680
f 1651 1680 1679
f 1652 1625 1653
f 1652 1653 1680
f 1638 1640 1639
f 1637 1640 1638
f 1637 1641 1640
f 1637 1642 1641
f 1636 1642 1637
f 1635 1642 1636
f 1635 1643 1642
f 1635 1644 1643
f 1635 1645 1644
f 1635 1646 1645
f 1635 1647 1646
f 1635 1648 1647
f 1635 1649 1648
f 1635 1650 1649
f 1635 1651 1650
f 1635 1652 1651
f 1635 1625 1652
f 1635 1626 1625
f 1635 1627 1626
f 1635 1628 1627
f 1635 1629 1628
f 1635 1630 1629
f 1635 1631 1630
f 1635 1632 1631
f 1635 1633 1632
f 1635 1634 1633
f 1666 1667 1668
f 1665 1666 1668
f 1665 1668 1669
f 1665 1669 1670
f 1664 1665 1670
f 1663 1664 1670
f 1663 1670 1671
f 1663 1671 1672
f 1663 1672 1673
f 1663 1673 1674
f 1663 1674 1675
f 1663 1675 1676
f 1663 1676 1677
f 1663 1677 1678
f 1663 1678 1679
f 1663 1679 1680
f 1663 1680 1653
f 1663 1653 1654
f 1663 1654 1655
f 1663 1655 1656
f 1663 1656 1657
f 1663 1657 1658
f 1663 1658 1659
f 1663 1659 1660
f 1663 1660 1661
f 1663 1661 1662
f 1681 1682 1710
f 1681 1710 1709
f 1682 1683 1711
f 1682 1711 1710
f 1683 1684 1712
f 1683 1712 1711
f 1684 1685 1713
f 1684 1713 1712
f 1685 1686 1714
f 1685 1714 1713
f 1686 1687 1715
f 1686 1715 1714
f 1687 1688 1716
f 1687 1716 1715
f 1688 1689 1717
f 1688 1717 1716
f 1689 1690 1718
f 1689 1718 1717
f 1690 1691 1719
f 1690 1719 1718
f 1691 1692 1720
f 1691 1720 1719
f 1692 1693 1721
f 1692 1721 1720
f 1693 1694 1722
f 1693 1722 1721
f 1694 1695 1723
f 1694 1723 1722
f 1695 1696 1724
f 1695 1724 1723
f 1696 1697 1725
f 1696 1725 1724
f 1697 1698 1726
f 1697 1726 1725
f 1698 1699 1727
f 1698 1727 1726
f 1699 1700 1728
f 1699 1728 1727
f 1700 1701 1729
f 1700 1729 1728
f 1701 1702 1730
f 1701 1730 1729
f 1702 1703 1731
f 1702 1731 1730
f 1703 1704 1732
f 1703 1732 1731
f 1704 1705 1733
f 1704 1733 1732
f 1705 1706 1734
f 1705 1734 1733
f 1706 1707 1735
f 1706 1735 1734
f 1707 1708 1736
f 1707 1736 1735
f 1708 1681 1709
f 1708 1709 1736
f 1694 1696 1695
f 1693 1696 1694
f 1693 1697 1696
f 1693 1698 1697
f 1692 1698 1693
f 1691 1698 1692
f 1691 1699 1698
f 1691 1700 1699
f 1691 1701 1700
f 1691 1702 1701
f 1691 1703 1702
f 1691 1704 1703
f 1691 1705 1704
f 1691 1706 1705
f 1691 1707 1706
f 1691 1708 1707
f 1691 1681 1708
f 1691 1682 1681
f 1691 1683 1682
f 1691 1684 1683
f 1691 1685 1684
f 1691 1686 1685
f 1691 1687 1686
f 1691 1688 1687
f 1691 1689 1688
f 1691 1690 1689
f 1722 1723 1724
f 1721 1722 1724
f 1721 1724 1725
f 1721 1725 1726
f 1720 1721 1726
f 1719 1720 1726
f 1719 1726 1727
f 1719 1727 1728
f 1719 1728 1729
f 1719 1729 1730
f 1719 1730 1731
f 1719 1731 1732
f 1719 1732 1733
f 1719 1733 1734
f 1719 1734 1735
f 1719 1735 1736
f 1719 1736 1709
f 1719 1709 1710
f 1719 1710 1711
f 1719 1711 1712
f 1719 1712 1713
f 1719 1713 1714
f 1719 1714 1715
f 1719 1715 1716
f 1719 1716 1717
f 1719 1717 1718
f 1737 1738 1770
f 1737 1770 1769
f 1738 1739 1771
f 1738 1771 1770
f 1739 1740 1772
f 1739 1772 1771
f 1740 1741 1773
f 1740 1773 1772
f 1741 1742 1774
f 1741 1774 1773
f 1742 1743 1775
f 1742 1775 1774
f 1743 1744 1776
f 1743 1776 1775
f 1744 1745 1777
f 1744 1777 1776
f 1745 1746 1778
f 1745 1778 1777
f 1746 1747 1779
f 1746 1779 1778
f 1747 1748 1780
f 1747 1780 1779
f 1748 1749 1781
f 1748 1781 1780
f 1749 1750 1782
f 1749 1782 1781
f 1750 1751 1783
f 1750 1783 1782
f 1751 1752 1784
f 1751 1784 1783
f 1752 1753 1785
f 1752 1785 1784
f 1753 1754 1786
f 1753 1786 1785
f 1754 1755 1787
f 1754 1787 1786
f 1755 1756 1788
f 1755 1788 1787
f 1756 1757 1789
f 1756 1789 1788
f 1757 1758 1790
f 1757 1790 1789
f 1758 1759 1791
f 1758 1791 1790
f 1759 1760 1792
f 1759 1792 1791
f 1760 1761 1793
f 1760 1793 1792
f 1761 1762 1794
f 1761 1794 1793
f 1762 1763 1795
f 1762 1795 1794
f 1763 1764 1796
f 1763 1796 1795
f 1764 1765 1797
f 1764 1797 1796
f 1765 1766 1798
f 1765 1798 1797
f 1766 1767 1799
f 1766 1799 1798
f 1767 1768 1800
f 1767 1800 1799
f 1768 1737 1769
f 1768 1769 1800
f 1759 1761 1760
f 1758 1761 1759
f 1757 1761 1758
f 1756 1761 1757
f 1755 1761 1756
f 1754 1761 1755
f 1753 1761 1754
f 1753 1762 1761
f 1752 1762 1753
f 1751 1762 1752
f 1750 1762 1751
f 1749 1762 1750
f 1748 1762 1749
f 1747 1762 1748
f 1746 1762 1747
f 1745 1762 1746
f 1744 1762 1745
f 1743 1762 1744
f 1742 1762 1743
f 1741 1762 1742
f 1740 1762 1741
f 1739 1762 1740
f 1738 1762 1739
f 1737 1762 1738
f 1768 1762 1737
f 1768 1763 1762
f 1767 1763 1768
f 1767 1764 1763
f 1767 1765 1764
f 1766 1765 1767
f 1791 1792 1793
f 1790 1791 1793
f 1789 1790 1793
f 1788 1789 1793
f 1787 1788 1793
f 1786 1787 1793
f 1785 1786 1793
f 1785 1793 1794
f 1784 1785 1794
f 1783 1784 1794
f 1782 1783 1794
f 1781 1782 1794
f 1780 1781 1794
f 1779 1780 1794
f 1778 1779 1794
f 1777 1778 1794
f 1776 1777 1794
f 1775 1776 1794
f 1774 1775 1794
f 1773 1774 1794
f 1772 1773 1794
f 1771 1772 1794
f 1770 1771 1794
f 1769 1770 1794
f 1800 1769 1794
f 1800 1794 1795
f 1799 1800 1795
f 1799 1795 1796
f 1799 1796 1797
f 1798 1799 1797
f 1801 1802 1830
f 1801 1830 1829
f 1802 1803 1831
f 1802 1831 1830
f 1803 1804 1832
f 1803 1832 1831
f 1804 1805 1833
f 1804 1833 1832
f 1805 1806 1834
f 1805 1834 1833
f 1806 1807 1835
f 1806 1835 1834
f 1807 1808 1836
f 1807 1836 1835
f 1808 1809 1837
f 1808 1837 1836
f 1809 1810 1838
f 1809 1838 1837
f 1810 1811 1839
f 1810 1839 1838
f 1811 1812 1840
f 1811 1840 1839
f 1812 1813 1841
f 1812 1841 1840
f 1813 1814 1842
f 1813 1842 1841
f 1814 1815 1843
f 1814 1843 1842
f 1815 1816 1844
f 1815 1844 1843
f 1816 1817 1845
f 1816 1845 1844
f 1817 1818 1846
f 1817 1846 1845
f 1818 1819 1847
f 1818 1847 1846
f 1819 1820 1848
f 1819 1848 1847
f 1820 1821 1849
f 1820 1849 1848
f 1821 1822 1850
f 1821 1850 1849
f 1822 1823 1851
f 1822 1851 1850
f 1823 1824 1852
f 1823 1852 1851
f 1824 1825 1853
f 1824 1853 1852
f 1825 1826 1854
f 1825 1854 1853
f 1826 1827 1855
f 1826 1855 1854
f 1827 1828 1856
f 1827 1856 1855
f 1828 1801 1829
f 1828 1829 1856
f 1814 1816 1815
f 1813 1816 1814
f 1813 1817 1816
f 1813 1818 1817
f 1812 1818 1813
f 1811 1818 1812
f 1811 1819 1818
f 1811 1820 1819
f 1811 1821 1820
f 1811 1822 1821
f 1811 1823 1822
f 1811 1824 1823
f 1811 1825 1824
f 1811 1826 1825
f 1811 1827 1826
f 1811 1828 1827
f 1811 1801 1828
f 1811 1802 1801
f 1811 1803 1802
f 1811 1804 1803
f 1811 1805 1804
f 1811 1806 1805
f 1811 1807 1806
f 1811 1808 1807
f 1811 1809 1808
f 1811 1810 1809
f 1842 1843 1844
f 1841 1842 1844
f 1841 1844 1845
f 1841 1845 1846
f 1840 1841 1846
f 1839 1840 1846
f 1839 1846 1847
f 1839 1847 1848
f 1839 1848 1849
f 1839 1849 1850
f 1839 1850 1851
f 1839 1851 1852
f 1839 1852 1853
f 1839 1853 1854
f 1839 1854 1855
f 1839 1855 1856
f 1839 1856 1829
f 1839 1829 1830
f 1839 1830 1831
f 1839 1831 1832
f 1839 1832 1833
f 1839 1833 1834
f 1839 1834 1835
f 1839 1835 1836
f 1839 1836 1837
f 1839 1837 1838
