# Exported from robot_room_v2.usdc, material /root/_materials/___255
v 8.02153 4.81242 0.349002
v 8.0145 4.81236 0.349002
v 8.00749 4.81219 0.349002
v 8.00051 4.81191 0.349002
v 7.99356 4.81152 0.349002
v 7.98664 4.81102 0.349002
v 7.97975 4.81041 0.349002
v 7.97289 4.80969 0.349002
v 7.96606 4.80886 0.349002
v 7.95927 4.80793 0.349002
v 7.95251 4.80689 0.349002
v 7.94579 4.80575 0.349002
v 7.9391 4.8045 0.349002
v 7.93244 4.80315 0.349002
v 7.92583 4.8017 0.349002
v 7.91925 4.80015 0.349002
v 7.91271 4.7985 0.349002
v 7.90622 4.79674 0.349002
v 7.89976 4.79489 0.349002
v 7.89334 4.79294 0.349002
v 7.88697 4.7909 0.349002
v 7.88064 4.78875 0.349002
v 7.87436 4.78652 0.349002
v 7.86812 4.78418 0.349002
v 7.86192 4.78176 0.349002
v 7.85578 4.77924 0.349002
v 7.84968 4.77663 0.349002
v 7.84363 4.77393 0.349002
v 7.83763 4.77114 0.349002
v 7.83168 4.76826 0.349002
v 7.82578 4.76529 0.349002
v 7.81993 4.76223 0.349002
v 7.81414 4.75909 0.349002
v 7.8084 4.75586 0.349002
v 7.80271 4.75255 0.349002
v 7.79708 4.74915 0.349002
v 7.79151 4.74567 0.349002
v 7.78599 4.74211 0.349002
v 7.78053 4.73846 0.349002
v 7.77513 4.73474 0.349002
v 7.76979 4.73094 0.349002
v 7.76451 4.72705 0.349002
v 7.7593 4.72309 0.349002
v 7.75414 4.71905 0.349002
v 7.74905 4.71494 0.349002
v 7.74402 4.71075 0.349002
v 7.73906 4.70648 0.349002
v 7.73416 4.70215 0.349002
v 7.72933 4.69773 0.349002
v 7.72457 4.69325 0.349002
v 7.71988 4.6887 0.349002
v 7.71525 4.68407 0.349002
v 7.7107 4.67938 0.349002
v 7.70622 4.67462 0.349002
v 7.70181 4.66979 0.349002
v 7.69747 4.66489 0.349002
v 7.6932 4.65993 0.349002
v 7.68901 4.6549 0.349002
v 7.6849 4.64981 0.349002
v 7.68086 4.64466 0.349002
v 7.6769 4.63944 0.349002
v 7.67302 4.63416 0.349002
v 7.66921 4.62882 0.349002
v 7.66549 4.62342 0.349002
v 7.66184 4.61796 0.349002
v 7.65828 4.61245 0.349002
v 7.6548 4.60687 0.349002
v 7.6514 4.60124 0.349002
v 7.64809 4.59556 0.349002
v 7.64486 4.58982 0.349002
v 7.64172 4.58402 0.349002
v 7.63866 4.57818 0.349002
v 7.63569 4.57228 0.349002
v 7.63281 4.56633 0.349002
v 7.63002 4.56032 0.349002
v 7.62732 4.55427 0.349002
v 7.62471 4.54818 0.349002
v 7.62219 4.54203 0.349002
v 7.61977 4.53584 0.349002
v 7.61744 4.5296 0.349002
v 7.6152 4.52331 0.349002
v 7.61306 4.51698 0.349002
v 7.61101 4.51061 0.349002
v 7.60906 4.50419 0.349002
v 7.60721 4.49774 0.349002
v 7.60546 4.49124 0.349002
v 7.6038 4.4847 0.349002
v 7.60225 4.47812 0.349002
v 7.6008 4.47151 0.349002
v 7.59945 4.46486 0.349002
v 7.5982 4.45817 0.349002
v 7.59706 4.45144 0.349002
v 7.59602 4.44468 0.349002
v 7.59509 4.43789 0.349002
v 7.59426 4.43106 0.349002
v 7.59354 4.4242 0.349002
v 7.59293 4.41731 0.349002
v 7.59243 4.41039 0.349002
v 7.59204 4.40344 0.349002
v 7.59176 4.39646 0.349002
v 7.59159 4.38945 0.349002
v 7.59153 4.38242 0.349002
v 7.59159 4.37539 0.349002
v 7.59176 4.36838 0.349002
v 7.59204 4.3614 0.349002
v 7.59243 4.35445 0.349002
v 7.59293 4.34753 0.349002
v 7.59354 4.34064 0.349002
v 7.59426 4.33378 0.349002
v 7.59509 4.32695 0.349002
v 7.59602 4.32016 0.349002
v 7.59706 4.3134 0.349002
v 7.5982 4.30667 0.349002
v 7.59945 4.29998 0.349002
v 7.6008 4.29333 0.349002
v 7.60225 4.28672 0.349002
v 7.6038 4.28014 0.349002
v 7.60546 4.2736 0.349002
v 7.60721 4.2671 0.349002
v 7.60906 4.26065 0.349002
v 7.61101 4.25423 0.349002
v 7.61306 4.24786 0.349002
v 7.6152 4.24153 0.349002
v 7.61744 4.23524 0.349002
v 7.61977 4.22901 0.349002
v 7.62219 4.22281 0.349002
v 7.62471 4.21666 0.349002
v 7.62732 4.21057 0.349002
v 7.63002 4.20452 0.349002
v 7.63281 4.19851 0.349002
v 7.63569 4.19256 0.349002
v 7.63866 4.18667 0.349002
v 7.64172 4.18082 0.349002
v 7.64486 4.17502 0.349002
v 7.64809 4.16928 0.349002
v 7.6514 4.1636 0.349002
v 7.6548 4.15797 0.349002
v 7.65828 4.15239 0.349002
v 7.66184 4.14688 0.349002
v 7.66549 4.14142 0.349002
v 7.66921 4.13602 0.349002
v 7.67302 4.13068 0.349002
v 7.6769 4.1254 0.349002
v 7.68086 4.12018 0.349002
v 7.6849 4.11503 0.349002
v 7.68901 4.10994 0.349002
v 7.6932 4.10491 0.349002
v 7.69747 4.09995 0.349002
v 7.70181 4.09505 0.349002
v 7.70622 4.09022 0.349002
v 7.7107 4.08546 0.349002
v 7.71525 4.08077 0.349002
v 7.71988 4.07614 0.349002
v 7.72457 4.07159 0.349002
v 7.72933 4.06711 0.349002
v 7.73416 4.06269 0.349002
v 7.73906 4.05836 0.349002
v 7.74402 4.05409 0.349002
v 7.74905 4.0499 0.349002
v 7.75414 4.04579 0.349002
v 7.7593 4.04175 0.349002
v 7.76451 4.03779 0.349002
v 7.76979 4.0339 0.349002
v 7.77513 4.0301 0.349002
v 7.78053 4.02638 0.349002
v 7.78599 4.02273 0.349002
v 7.79151 4.01917 0.349002
v 7.79708 4.01569 0.349002
v 7.80271 4.01229 0.349002
v 7.8084 4.00898 0.349002
v 7.81414 4.00575 0.349002
v 7.81993 4.00261 0.349002
v 7.82578 3.99955 0.349002
v 7.83168 3.99658 0.349002
v 7.83763 3.9937 0.349002
v 7.84363 3.99091 0.349002
v 7.84968 3.98821 0.349002
v 7.85578 3.9856 0.349002
v 7.86192 3.98308 0.349002
v 7.86812 3.98066 0.349002
v 7.87436 3.97832 0.349002
v 7.88064 3.97609 0.349002
v 7.88697 3.97394 0.349002
v 7.89334 3.9719 0.349002
v 7.89976 3.96995 0.349002
v 7.90622 3.9681 0.349002
v 7.91271 3.96634 0.349002
v 7.91925 3.96469 0.349002
v 7.92583 3.96314 0.349002
v 7.93244 3.96169 0.349002
v 7.9391 3.96034 0.349002
v 7.94579 3.95909 0.349002
v 7.95251 3.95795 0.349002
v 7.95927 3.95691 0.349002
v 7.96606 3.95598 0.349002
v 7.97289 3.95515 0.349002
v 7.97975 3.95443 0.349002
v 7.98664 3.95382 0.349002
v 7.99356 3.95332 0.349002
v 8.00051 3.95293 0.349002
v 8.00749 3.95265 0.349002
v 8.0145 3.95248 0.349002
v 8.02153 3.95242 0.349002
v 8.02857 3.95248 0.349002
v 8.03557 3.95265 0.349002
v 8.04255 3.95293 0.349002
v 8.0495 3.95332 0.349002
v 8.05642 3.95382 0.349002
v 8.06332 3.95443 0.349002
v 8.07017 3.95515 0.349002
v 8.077 3.95598 0.349002
v 8.08379 3.95691 0.349002
v 8.09055 3.95795 0.349002
v 8.09728 3.95909 0.349002
v 8.10397 3.96034 0.349002
v 8.11062 3.96169 0.349002
v 8.11724 3.96314 0.349002
v 8.12381 3.96469 0.349002
v 8.13035 3.96634 0.349002
v 8.13685 3.9681 0.349002
v 8.14331 3.96995 0.349002
v 8.14972 3.9719 0.349002
v 8.15609 3.97394 0.349002
v 8.16242 3.97609 0.349002
v 8.16871 3.97832 0.349002
v 8.17495 3.98066 0.349002
v 8.18114 3.98308 0.349002
v 8.18729 3.9856 0.349002
v 8.19339 3.98821 0.349002
v 8.19944 3.99091 0.349002
v 8.20544 3.9937 0.349002
v 8.21139 3.99658 0.349002
v 8.21729 3.99955 0.349002
v 8.22313 4.00261 0.349002
v 8.22893 4.00575 0.349002
v 8.23467 4.00898 0.349002
v 8.24035 4.01229 0.349002
v 8.24599 4.01569 0.349002
v 8.25156 4.01917 0.349002
v 8.25708 4.02273 0.349002
v 8.26253 4.02638 0.349002
v 8.26793 4.0301 0.349002
v 8.27327 4.0339 0.349002
v 8.27855 4.03779 0.349002
v 8.28377 4.04175 0.349002
v 8.28892 4.04579 0.349002
v 8.29401 4.0499 0.349002
v 8.29904 4.05409 0.349002
v 8.304 4.05836 0.349002
v 8.3089 4.06269 0.349002
v 8.31373 4.06711 0.349002
v 8.31849 4.07159 0.349002
v 8.32319 4.07614 0.349002
v 8.32781 4.08077 0.349002
v 8.33236 4.08546 0.349002
v 8.33685 4.09022 0.349002
v 8.34126 4.09505 0.349002
v 8.3456 4.09995 0.349002
v 8.34986 4.10491 0.349002
v 8.35405 4.10994 0.349002
v 8.35817 4.11503 0.349002
v 8.3622 4.12018 0.349002
v 8.36616 4.1254 0.349002
v 8.37005 4.13068 0.349002
v 8.37385 4.13602 0.349002
v 8.37758 4.14142 0.349002
v 8.38122 4.14688 0.349002
v 8.38478 4.15239 0.349002
v 8.38826 4.15797 0.349002
v 8.39166 4.1636 0.349002
v 8.39497 4.16928 0.349002
v 8.3982 4.17502 0.349002
v 8.40135 4.18082 0.349002
v 8.4044 4.18667 0.349002
v 8.40737 4.19256 0.349002
v 8.41025 4.19851 0.349002
v 8.41304 4.20452 0.349002
v 8.41574 4.21057 0.349002
v 8.41835 4.21666 0.349002
v 8.42087 4.22281 0.349002
v 8.4233 4.22901 0.349002
v 8.42563 4.23524 0.349002
v 8.42787 4.24153 0.349002
v 8.43001 4.24786 0.349002
v 8.43206 4.25423 0.349002
v 8.434 4.26065 0.349002
v 8.43586 4.2671 0.349002
v 8.43761 4.2736 0.349002
v 8.43926 4.28014 0.349002
v 8.44082 4.28672 0.349002
v 8.44227 4.29333 0.349002
v 8.44362 4.29998 0.349002
v 8.44486 4.30667 0.349002
v 8.44601 4.3134 0.349002
v 8.44704 4.32016 0.349002
v 8.44798 4.32695 0.349002
v 8.4488 4.33378 0.349002
v 8.44952 4.34064 0.349002
v 8.45013 4.34753 0.349002
v 8.45063 4.35445 0.349002
v 8.45102 4.3614 0.349002
v 8.4513 4.36838 0.349002
v 8.45147 4.37539 0.349002
v 8.45153 4.38242 0.349002
v 8.45147 4.38945 0.349002
v 8.4513 4.39646 0.349002
v 8.45102 4.40344 0.349002
v 8.45063 4.41039 0.349002
v 8.45013 4.41731 0.349002
v 8.44952 4.4242 0.349002
v 8.4488 4.43106 0.349002
v 8.44798 4.43789 0.349002
v 8.44704 4.44468 0.349002
v 8.44601 4.45144 0.349002
v 8.44486 4.45817 0.349002
v 8.44362 4.46486 0.349002
v 8.44227 4.47151 0.349002
v 8.44082 4.47812 0.349002
v 8.43926 4.4847 0.349002
v 8.43761 4.49124 0.349002
v 8.43586 4.49774 0.349002
v 8.434 4.50419 0.349002
v 8.43206 4.51061 0.349002
v 8.43001 4.51698 0.349002
v 8.42787 4.52331 0.349002
v 8.42563 4.5296 0.349002
v 8.4233 4.53584 0.349002
v 8.42087 4.54203 0.349002
v 8.41835 4.54818 0.349002
v 8.41574 4.55427 0.349002
v 8.41304 4.56032 0.349002
v 8.41025 4.56633 0.349002
v 8.40737 4.57228 0.349002
v 8.4044 4.57818 0.349002
v 8.40135 4.58402 0.349002
v 8.3982 4.58982 0.349002
v 8.39498 4.59556 0.349002
v 8.39166 4.60124 0.349002
v 8.38826 4.60687 0.349002
v 8.38478 4.61245 0.349002
v 8.38122 4.61796 0.349002
v 8.37758 4.62342 0.349002
v 8.37385 4.62882 0.349002
v 8.37005 4.63416 0.349002
v 8.36616 4.63944 0.349002
v 8.3622 4.64466 0.349002
v 8.35817 4.64981 0.349002
v 8.35405 4.6549 0.349002
v 8.34986 4.65993 0.349002
v 8.3456 4.66489 0.349002
v 8.34126 4.66979 0.349002
v 8.33685 4.67462 0.349002
v 8.33236 4.67938 0.349002
v 8.32781 4.68407 0.349002
v 8.32319 4.6887 0.349002
v 8.31849 4.69325 0.349002
v 8.31373 4.69773 0.349002
v 8.3089 4.70215 0.349002
v 8.304 4.70648 0.349002
v 8.29904 4.71075 0.349002
v 8.29401 4.71494 0.349002
v 8.28892 4.71905 0.349002
v 8.28377 4.72309 0.349002
v 8.27855 4.72705 0.349002
v 8.27327 4.73094 0.349002
v 8.26793 4.73474 0.349002
v 8.26253 4.73846 0.349002
v 8.25708 4.74211 0.349002
v 8.25156 4.74567 0.349002
v 8.24599 4.74915 0.349002
v 8.24035 4.75255 0.349002
v 8.23467 4.75586 0.349002
v 8.22893 4.75909 0.349002
v 8.22313 4.76223 0.349002
v 8.21729 4.76529 0.349002
v 8.21139 4.76826 0.349002
v 8.20544 4.77114 0.349002
v 8.19944 4.77393 0.349002
v 8.19339 4.77663 0.349002
v 8.18729 4.77924 0.349002
v 8.18114 4.78176 0.349002
v 8.17495 4.78418 0.349002
v 8.16871 4.78652 0.349002
v 8.16242 4.78875 0.349002
v 8.15609 4.7909 0.349002
v 8.14972 4.79294 0.349002
v 8.14331 4.79489 0.349002
v 8.13685 4.79674 0.349002
v 8.13035 4.7985 0.349002
v 8.12381 4.80015 0.349002
v 8.11724 4.8017 0.349002
v 8.11062 4.80315 0.349002
v 8.10397 4.8045 0.349002
v 8.09728 4.80575 0.349002
v 8.09055 4.80689 0.349002
v 8.08379 4.80793 0.349002
v 8.077 4.80886 0.349002
v 8.07017 4.80969 0.349002
v 8.06332 4.81041 0.349002
v 8.05642 4.81102 0.349002
v 8.0495 4.81152 0.349002
v 8.04255 4.81191 0.349002
v 8.03557 4.81219 0.349002
v 8.02857 4.81236 0.349002
v 8.02153 4.81242 0.351002
v 8.0145 4.81236 0.351002
v 8.00749 4.81219 0.351002
v 8.00051 4.81191 0.351002
v 7.99356 4.81152 0.351002
v 7.98664 4.81102 0.351002
v 7.97975 4.81041 0.351002
v 7.97289 4.80969 0.351002
v 7.96606 4.80886 0.351002
v 7.95927 4.80793 0.351002
v 7.95251 4.80689 0.351002
v 7.94579 4.80575 0.351002
v 7.9391 4.8045 0.351002
v 7.93244 4.80315 0.351002
v 7.92583 4.8017 0.351002
v 7.91925 4.80015 0.351002
v 7.91271 4.7985 0.351002
v 7.90622 4.79674 0.351002
v 7.89976 4.79489 0.351002
v 7.89334 4.79294 0.351002
v 7.88697 4.7909 0.351002
v 7.88064 4.78875 0.351002
v 7.87436 4.78652 0.351002
v 7.86812 4.78418 0.351002
v 7.86192 4.78176 0.351002
v 7.85578 4.77924 0.351002
v 7.84968 4.77663 0.351002
v 7.84363 4.77393 0.351002
v 7.83763 4.77114 0.351002
v 7.83168 4.76826 0.351002
v 7.82578 4.76529 0.351002
v 7.81993 4.76223 0.351002
v 7.81414 4.75909 0.351002
v 7.8084 4.75586 0.351002
v 7.80271 4.75255 0.351002
v 7.79708 4.74915 0.351002
v 7.79151 4.74567 0.351002
v 7.78599 4.74211 0.351002
v 7.78053 4.73846 0.351002
v 7.77513 4.73474 0.351002
v 7.76979 4.73094 0.351002
v 7.76451 4.72705 0.351002
v 7.7593 4.72309 0.351002
v 7.75414 4.71905 0.351002
v 7.74905 4.71494 0.351002
v 7.74402 4.71075 0.351002
v 7.73906 4.70648 0.351002
v 7.73416 4.70215 0.351002
v 7.72933 4.69773 0.351002
v 7.72457 4.69325 0.351002
v 7.71988 4.6887 0.351002
v 7.71525 4.68407 0.351002
v 7.7107 4.67938 0.351002
v 7.70622 4.67462 0.351002
v 7.70181 4.66979 0.351002
v 7.69747 4.66489 0.351002
v 7.6932 4.65993 0.351002
v 7.68901 4.6549 0.351002
v 7.6849 4.64981 0.351002
v 7.68086 4.64466 0.351002
v 7.6769 4.63944 0.351002
v 7.67302 4.63416 0.351002
v 7.66921 4.62882 0.351002
v 7.66549 4.62342 0.351002
v 7.66184 4.61796 0.351002
v 7.65828 4.61245 0.351002
v 7.6548 4.60687 0.351002
v 7.6514 4.60124 0.351002
v 7.64809 4.59556 0.351002
v 7.64486 4.58982 0.351002
v 7.64172 4.58402 0.351002
v 7.63866 4.57818 0.351002
v 7.63569 4.57228 0.351002
v 7.63281 4.56633 0.351002
v 7.63002 4.56032 0.351002
v 7.62732 4.55427 0.351002
v 7.62471 4.54818 0.351002
v 7.62219 4.54203 0.351002
v 7.61977 4.53584 0.351002
v 7.61744 4.5296 0.351002
v 7.6152 4.52331 0.351002
v 7.61306 4.51698 0.351002
v 7.61101 4.51061 0.351002
v 7.60906 4.50419 0.351002
v 7.60721 4.49774 0.351002
v 7.60546 4.49124 0.351002
v 7.6038 4.4847 0.351002
v 7.60225 4.47812 0.351002
v 7.6008 4.47151 0.351002
v 7.59945 4.46486 0.351002
v 7.5982 4.45817 0.351002
v 7.59706 4.45144 0.351002
v 7.59602 4.44468 0.351002
v 7.59509 4.43789 0.351002
v 7.59426 4.43106 0.351002
v 7.59354 4.4242 0.351002
v 7.59293 4.41731 0.351002
v 7.59243 4.41039 0.351002
v 7.59204 4.40344 0.351002
v 7.59176 4.39646 0.351002
v 7.59159 4.38945 0.351002
v 7.59153 4.38242 0.351002
v 7.59159 4.37539 0.351002
v 7.59176 4.36838 0.351002
v 7.59204 4.3614 0.351002
v 7.59243 4.35445 0.351002
v 7.59293 4.34753 0.351002
v 7.59354 4.34064 0.351002
v 7.59426 4.33378 0.351002
v 7.59509 4.32695 0.351002
v 7.59602 4.32016 0.351002
v 7.59706 4.3134 0.351002
v 7.5982 4.30667 0.351002
v 7.59945 4.29998 0.351002
v 7.6008 4.29333 0.351002
v 7.60225 4.28672 0.351002
v 7.6038 4.28014 0.351002
v 7.60546 4.2736 0.351002
v 7.60721 4.2671 0.351002
v 7.60906 4.26065 0.351002
v 7.61101 4.25423 0.351002
v 7.61306 4.24786 0.351002
v 7.6152 4.24153 0.351002
v 7.61744 4.23524 0.351002
v 7.61977 4.22901 0.351002
v 7.62219 4.22281 0.351002
v 7.62471 4.21666 0.351002
v 7.62732 4.21057 0.351002
v 7.63002 4.20452 0.351002
v 7.63281 4.19851 0.351002
v 7.63569 4.19256 0.351002
v 7.63866 4.18667 0.351002
v 7.64172 4.18082 0.351002
v 7.64486 4.17502 0.351002
v 7.64809 4.16928 0.351002
v 7.6514 4.1636 0.351002
v 7.6548 4.15797 0.351002
v 7.65828 4.15239 0.351002
v 7.66184 4.14688 0.351002
v 7.66549 4.14142 0.351002
v 7.66921 4.13602 0.351002
v 7.67302 4.13068 0.351002
v 7.6769 4.1254 0.351002
v 7.68086 4.12018 0.351002
v 7.6849 4.11503 0.351002
v 7.68901 4.10994 0.351002
v 7.6932 4.10491 0.351002
v 7.69747 4.09995 0.351002
v 7.70181 4.09505 0.351002
v 7.70622 4.09022 0.351002
v 7.7107 4.08546 0.351002
v 7.71525 4.08077 0.351002
v 7.71988 4.07614 0.351002
v 7.72457 4.07159 0.351002
v 7.72933 4.06711 0.351002
v 7.73416 4.06269 0.351002
v 7.73906 4.05836 0.351002
v 7.74402 4.05409 0.351002
v 7.74905 4.0499 0.351002
v 7.75414 4.04579 0.351002
v 7.7593 4.04175 0.351002
v 7.76451 4.03779 0.351002
v 7.76979 4.0339 0.351002
v 7.77513 4.0301 0.351002
v 7.78053 4.02638 0.351002
v 7.78599 4.02273 0.351002
v 7.79151 4.01917 0.351002
v 7.79708 4.01569 0.351002
v 7.80271 4.01229 0.351002
v 7.8084 4.00898 0.351002
v 7.81414 4.00575 0.351002
v 7.81993 4.00261 0.351002
v 7.82578 3.99955 0.351002
v 7.83168 3.99658 0.351002
v 7.83763 3.9937 0.351002
v 7.84363 3.99091 0.351002
v 7.84968 3.98821 0.351002
v 7.85578 3.9856 0.351002
v 7.86192 3.98308 0.351002
v 7.86812 3.98066 0.351002
v 7.87436 3.97832 0.351002
v 7.88064 3.97609 0.351002
v 7.88697 3.97394 0.351002
v 7.89334 3.9719 0.351002
v 7.89976 3.96995 0.351002
v 7.90622 3.9681 0.351002
v 7.91271 3.96634 0.351002
v 7.91925 3.96469 0.351002
v 7.92583 3.96314 0.351002
v 7.93244 3.96169 0.351002
v 7.9391 3.96034 0.351002
v 7.94579 3.95909 0.351002
v 7.95251 3.95795 0.351002
v 7.95927 3.95691 0.351002
v 7.96606 3.95598 0.351002
v 7.97289 3.95515 0.351002
v 7.97975 3.95443 0.351002
v 7.98664 3.95382 0.351002
v 7.99356 3.95332 0.351002
v 8.00051 3.95293 0.351002
v 8.00749 3.95265 0.351002
v 8.0145 3.95248 0.351002
v 8.02153 3.95242 0.351002
v 8.02857 3.95248 0.351002
v 8.03557 3.95265 0.351002
v 8.04255 3.95293 0.351002
v 8.0495 3.95332 0.351002
v 8.05642 3.95382 0.351002
v 8.06332 3.95443 0.351002
v 8.07017 3.95515 0.351002
v 8.077 3.95598 0.351002
v 8.08379 3.95691 0.351002
v 8.09055 3.95795 0.351002
v 8.09728 3.95909 0.351002
v 8.10397 3.96034 0.351002
v 8.11062 3.96169 0.351002
v 8.11724 3.96314 0.351002
v 8.12381 3.96469 0.351002
v 8.13035 3.96634 0.351002
v 8.13685 3.9681 0.351002
v 8.14331 3.96995 0.351002
v 8.14972 3.9719 0.351002
v 8.15609 3.97394 0.351002
v 8.16242 3.97609 0.351002
v 8.16871 3.97832 0.351002
v 8.17495 3.98066 0.351002
v 8.18114 3.98308 0.351002
v 8.18729 3.9856 0.351002
v 8.19339 3.98821 0.351002
v 8.19944 3.99091 0.351002
v 8.20544 3.9937 0.351002
v 8.21139 3.99658 0.351002
v 8.21729 3.99955 0.351002
v 8.22313 4.00261 0.351002
v 8.22893 4.00575 0.351002
v 8.23467 4.00898 0.351002
v 8.24035 4.01229 0.351002
v 8.24599 4.01569 0.351002
v 8.25156 4.01917 0.351002
v 8.25708 4.02273 0.351002
v 8.26253 4.02638 0.351002
v 8.26793 4.0301 0.351002
v 8.27327 4.0339 0.351002
v 8.27855 4.03779 0.351002
v 8.28377 4.04175 0.351002
v 8.28892 4.04579 0.351002
v 8.29401 4.0499 0.351002
v 8.29904 4.05409 0.351002
v 8.304 4.05836 0.351002
v 8.3089 4.06269 0.351002
v 8.31373 4.06711 0.351002
v 8.31849 4.07159 0.351002
v 8.32319 4.07614 0.351002
v 8.32781 4.08077 0.351002
v 8.33236 4.08546 0.351002
v 8.33685 4.09022 0.351002
v 8.34126 4.09505 0.351002
v 8.3456 4.09995 0.351002
v 8.34986 4.10491 0.351002
v 8.35405 4.10994 0.351002
v 8.35817 4.11503 0.351002
v 8.3622 4.12018 0.351002
v 8.36616 4.1254 0.351002
v 8.37005 4.13068 0.351002
v 8.37385 4.13602 0.351002
v 8.37758 4.14142 0.351002
v 8.38122 4.14688 0.351002
v 8.38478 4.15239 0.351002
v 8.38826 4.15797 0.351002
v 8.39166 4.1636 0.351002
v 8.39497 4.16928 0.351002
v 8.3982 4.17502 0.351002
v 8.40135 4.18082 0.351002
v 8.4044 4.18667 0.351002
v 8.40737 4.19256 0.351002
v 8.41025 4.19851 0.351002
v 8.41304 4.20452 0.351002
v 8.41574 4.21057 0.351002
v 8.41835 4.21666 0.351002
v 8.42087 4.22281 0.351002
v 8.4233 4.22901 0.351002
v 8.42563 4.23524 0.351002
v 8.42787 4.24153 0.351002
v 8.43001 4.24786 0.351002
v 8.43206 4.25423 0.351002
v 8.434 4.26065 0.351002
v 8.43586 4.2671 0.351002
v 8.43761 4.2736 0.351002
v 8.43926 4.28014 0.351002
v 8.44082 4.28672 0.351002
v 8.44227 4.29333 0.351002
v 8.44362 4.29998 0.351002
v 8.44486 4.30667 0.351002
v 8.44601 4.3134 0.351002
v 8.44704 4.32016 0.351002
v 8.44798 4.32695 0.351002
v 8.4488 4.33378 0.351002
v 8.44952 4.34064 0.351002
v 8.45013 4.34753 0.351002
v 8.45063 4.35445 0.351002
v 8.45102 4.3614 0.351002
v 8.4513 4.36838 0.351002
v 8.45147 4.37539 0.351002
v 8.45153 4.38242 0.351002
v 8.45147 4.38945 0.351002
v 8.4513 4.39646 0.351002
v 8.45102 4.40344 0.351002
v 8.45063 4.41039 0.351002
v 8.45013 4.41731 0.351002
v 8.44952 4.4242 0.351002
v 8.4488 4.43106 0.351002
v 8.44798 4.43789 0.351002
v 8.44704 4.44468 0.351002
v 8.44601 4.45144 0.351002
v 8.44486 4.45817 0.351002
v 8.44362 4.46486 0.351002
v 8.44227 4.47151 0.351002
v 8.44082 4.47812 0.351002
v 8.43926 4.4847 0.351002
v 8.43761 4.49124 0.351002
v 8.43586 4.49774 0.351002
v 8.434 4.50419 0.351002
v 8.43206 4.51061 0.351002
v 8.43001 4.51698 0.351002
v 8.42787 4.52331 0.351002
v 8.42563 4.5296 0.351002
v 8.4233 4.53584 0.351002
v 8.42087 4.54203 0.351002
v 8.41835 4.54818 0.351002
v 8.41574 4.55427 0.351002
v 8.41304 4.56032 0.351002
v 8.41025 4.56633 0.351002
v 8.40737 4.57228 0.351002
v 8.4044 4.57818 0.351002
v 8.40135 4.58402 0.351002
v 8.3982 4.58982 0.351002
v 8.39498 4.59556 0.351002
v 8.39166 4.60124 0.351002
v 8.38826 4.60687 0.351002
v 8.38478 4.61245 0.351002
v 8.38122 4.61796 0.351002
v 8.37758 4.62342 0.351002
v 8.37385 4.62882 0.351002
v 8.37005 4.63416 0.351002
v 8.36616 4.63944 0.351002
v 8.3622 4.64466 0.351002
v 8.35817 4.64981 0.351002
v 8.35405 4.6549 0.351002
v 8.34986 4.65993 0.351002
v 8.3456 4.66489 0.351002
v 8.34126 4.66979 0.351002
v 8.33685 4.67462 0.351002
v 8.33236 4.67938 0.351002
v 8.32781 4.68407 0.351002
v 8.32319 4.6887 0.351002
v 8.31849 4.69325 0.351002
v 8.31373 4.69773 0.351002
v 8.3089 4.70215 0.351002
v 8.304 4.70648 0.351002
v 8.29904 4.71075 0.351002
v 8.29401 4.71494 0.351002
v 8.28892 4.71905 0.351002
v 8.28377 4.72309 0.351002
v 8.27855 4.72705 0.351002
v 8.27327 4.73094 0.351002
v 8.26793 4.73474 0.351002
v 8.26253 4.73846 0.351002
v 8.25708 4.74211 0.351002
v 8.25156 4.74567 0.351002
v 8.24599 4.74915 0.351002
v 8.24035 4.75255 0.351002
v 8.23467 4.75586 0.351002
v 8.22893 4.75909 0.351002
v 8.22313 4.76223 0.351002
v 8.21729 4.76529 0.351002
v 8.21139 4.76826 0.351002
v 8.20544 4.77114 0.351002
v 8.19944 4.77393 0.351002
v 8.19339 4.77663 0.351002
v 8.18729 4.77924 0.351002
v 8.18114 4.78176 0.351002
v 8.17495 4.78418 0.351002
v 8.16871 4.78652 0.351002
v 8.16242 4.78875 0.351002
v 8.15609 4.7909 0.351002
v 8.14972 4.79294 0.351002
v 8.14331 4.79489 0.351002
v 8.13685 4.79674 0.351002
v 8.13035 4.7985 0.351002
v 8.12381 4.80015 0.351002
v 8.11724 4.8017 0.351002
v 8.11062 4.80315 0.351002
v 8.10397 4.8045 0.351002
v 8.09728 4.80575 0.351002
v 8.09055 4.80689 0.351002
v 8.08379 4.80793 0.351002
v 8.077 4.80886 0.351002
v 8.07017 4.80969 0.351002
v 8.06332 4.81041 0.351002
v 8.05642 4.81102 0.351002
v 8.0495 4.81152 0.351002
v 8.04255 4.81191 0.351002
v 8.03557 4.81219 0.351002
v 8.02857 4.81236 0.351002
v 8.02153 4.88242 0.349002
v 8.01335 4.88235 0.349002
v 8.00521 4.88216 0.349002
v 7.99709 4.88183 0.349002
v 7.98901 4.88138 0.349002
v 7.98096 4.88079 0.349002
v 7.97295 4.88008 0.349002
v 7.96497 4.87925 0.349002
v 7.95703 4.87829 0.349002
v 7.94913 4.8772 0.349002
v 7.94127 4.876 0.349002
v 7.93345 4.87467 0.349002
v 7.92568 4.87322 0.349002
v 7.91794 4.87165 0.349002
v 7.91025 4.86996 0.349002
v 7.9026 4.86816 0.349002
v 7.895 4.86623 0.349002
v 7.88744 4.86419 0.349002
v 7.87994 4.86204 0.349002
v 7.87248 4.85977 0.349002
v 7.86507 4.8574 0.349002
v 7.85771 4.8549 0.349002
v 7.8504 4.8523 0.349002
v 7.84314 4.84959 0.349002
v 7.83594 4.84677 0.349002
v 7.82879 4.84384 0.349002
v 7.8217 4.84081 0.349002
v 7.81467 4.83767 0.349002
v 7.80769 4.83442 0.349002
v 7.80077 4.83107 0.349002
v 7.79391 4.82762 0.349002
v 7.78711 4.82407 0.349002
v 7.78037 4.82041 0.349002
v 7.7737 4.81666 0.349002
v 7.76709 4.8128 0.349002
v 7.76054 4.80885 0.349002
v 7.75406 4.80481 0.349002
v 7.74764 4.80066 0.349002
v 7.7413 4.79643 0.349002
v 7.73502 4.7921 0.349002
v 7.72881 4.78767 0.349002
v 7.72267 4.78316 0.349002
v 7.71661 4.77855 0.349002
v 7.71061 4.77386 0.349002
v 7.70469 4.76907 0.349002
v 7.69885 4.7642 0.349002
v 7.69308 4.75924 0.349002
v 7.68738 4.7542 0.349002
v 7.68177 4.74907 0.349002
v 7.67623 4.74385 0.349002
v 7.67077 4.73856 0.349002
v 7.66539 4.73318 0.349002
v 7.6601 4.72772 0.349002
v 7.65489 4.72219 0.349002
v 7.64976 4.71657 0.349002
v 7.64471 4.71088 0.349002
v 7.63975 4.70511 0.349002
v 7.63488 4.69926 0.349002
v 7.6301 4.69334 0.349002
v 7.6254 4.68735 0.349002
v 7.6208 4.68128 0.349002
v 7.61628 4.67514 0.349002
v 7.61186 4.66893 0.349002
v 7.60753 4.66266 0.349002
v 7.60329 4.65631 0.349002
v 7.59915 4.64989 0.349002
v 7.5951 4.64341 0.349002
v 7.59115 4.63687 0.349002
v 7.5873 4.63025 0.349002
v 7.58354 4.62358 0.349002
v 7.57989 4.61684 0.349002
v 7.57633 4.61004 0.349002
v 7.57288 4.60318 0.349002
v 7.56953 4.59626 0.349002
v 7.56629 4.58929 0.349002
v 7.56315 4.58225 0.349002
v 7.56011 4.57516 0.349002
v 7.55718 4.56801 0.349002
v 7.55436 4.56081 0.349002
v 7.55165 4.55355 0.349002
v 7.54905 4.54625 0.349002
v 7.54656 4.53889 0.349002
v 7.54418 4.53148 0.349002
v 7.54191 4.52402 0.349002
v 7.53976 4.51651 0.349002
v 7.53772 4.50895 0.349002
v 7.5358 4.50135 0.349002
v 7.53399 4.4937 0.349002
v 7.5323 4.48601 0.349002
v 7.53073 4.47828 0.349002
v 7.52928 4.4705 0.349002
v 7.52796 4.46268 0.349002
v 7.52675 4.45482 0.349002
v 7.52566 4.44692 0.349002
v 7.5247 4.43898 0.349002
v 7.52387 4.431 0.349002
v 7.52316 4.42299 0.349002
v 7.52258 4.41495 0.349002
v 7.52212 4.40686 0.349002
v 7.52179 4.39875 0.349002
v 7.5216 4.3906 0.349002
v 7.52153 4.38242 0.349002
v 7.5216 4.37424 0.349002
v 7.52179 4.36609 0.349002
v 7.52212 4.35798 0.349002
v 7.52258 4.3499 0.349002
v 7.52316 4.34185 0.349002
v 7.52387 4.33384 0.349002
v 7.5247 4.32586 0.349002
v 7.52566 4.31792 0.349002
v 7.52675 4.31002 0.349002
v 7.52796 4.30216 0.349002
v 7.52928 4.29434 0.349002
v 7.53073 4.28656 0.349002
v 7.5323 4.27883 0.349002
v 7.53399 4.27114 0.349002
v 7.5358 4.26349 0.349002
v 7.53772 4.25589 0.349002
v 7.53976 4.24833 0.349002
v 7.54191 4.24082 0.349002
v 7.54418 4.23336 0.349002
v 7.54656 4.22595 0.349002
v 7.54905 4.21859 0.349002
v 7.55165 4.21129 0.349002
v 7.55436 4.20403 0.349002
v 7.55718 4.19683 0.349002
v 7.56011 4.18968 0.349002
v 7.56315 4.18259 0.349002
v 7.56629 4.17555 0.349002
v 7.56953 4.16858 0.349002
v 7.57288 4.16166 0.349002
v 7.57633 4.1548 0.349002
v 7.57989 4.148 0.349002
v 7.58354 4.14126 0.349002
v 7.58729 4.13459 0.349002
v 7.59115 4.12797 0.349002
v 7.5951 4.12143 0.349002
v 7.59914 4.11495 0.349002
v 7.60329 4.10853 0.349002
v 7.60753 4.10219 0.349002
v 7.61186 4.09591 0.349002
v 7.61628 4.0897 0.349002
v 7.6208 4.08356 0.349002
v 7.6254 4.07749 0.349002
v 7.6301 4.0715 0.349002
v 7.63488 4.06558 0.349002
v 7.63975 4.05973 0.349002
v 7.64471 4.05396 0.349002
v 7.64976 4.04827 0.349002
v 7.65489 4.04265 0.349002
v 7.6601 4.03712 0.349002
v 7.66539 4.03166 0.349002
v 7.67077 4.02628 0.349002
v 7.67623 4.02099 0.349002
v 7.68177 4.01577 0.349002
v 7.68738 4.01064 0.349002
v 7.69308 4.0056 0.349002
v 7.69885 4.00064 0.349002
v 7.70469 3.99577 0.349002
v 7.71061 3.99099 0.349002
v 7.71661 3.98629 0.349002
v 7.72267 3.98168 0.349002
v 7.72881 3.97717 0.349002
v 7.73502 3.97274 0.349002
v 7.7413 3.96841 0.349002
v 7.74764 3.96418 0.349002
v 7.75406 3.96003 0.349002
v 7.76054 3.95599 0.349002
v 7.76709 3.95204 0.349002
v 7.7737 3.94818 0.349002
v 7.78037 3.94443 0.349002
v 7.78711 3.94077 0.349002
v 7.79391 3.93722 0.349002
v 7.80077 3.93377 0.349002
v 7.80769 3.93042 0.349002
v 7.81467 3.92717 0.349002
v 7.8217 3.92403 0.349002
v 7.82879 3.921 0.349002
v 7.83594 3.91807 0.349002
v 7.84314 3.91525 0.349002
v 7.8504 3.91254 0.349002
v 7.85771 3.90994 0.349002
v 7.86507 3.90744 0.349002
v 7.87248 3.90507 0.349002
v 7.87994 3.9028 0.349002
v 7.88744 3.90065 0.349002
v 7.895 3.89861 0.349002
v 7.9026 3.89668 0.349002
v 7.91025 3.89488 0.349002
v 7.91794 3.89319 0.349002
v 7.92568 3.89162 0.349002
v 7.93345 3.89017 0.349002
v 7.94127 3.88884 0.349002
v 7.94913 3.88764 0.349002
v 7.95703 3.88655 0.349002
v 7.96497 3.88559 0.349002
v 7.97295 3.88476 0.349002
v 7.98096 3.88405 0.349002
v 7.98901 3.88346 0.349002
v 7.99709 3.88301 0.349002
v 8.0052 3.88268 0.349002
v 8.01335 3.88249 0.349002
v 8.02153 3.88242 0.349002
v 8.02971 3.88249 0.349002
v 8.03786 3.88268 0.349002
v 8.04598 3.88301 0.349002
v 8.05406 3.88346 0.349002
v 8.06211 3.88405 0.349002
v 8.07012 3.88476 0.349002
v 8.07809 3.88559 0.349002
v 8.08603 3.88655 0.349002
v 8.09393 3.88764 0.349002
v 8.10179 3.88884 0.349002
v 8.10961 3.89017 0.349002
v 8.11739 3.89162 0.349002
v 8.12512 3.89319 0.349002
v 8.13282 3.89488 0.349002
v 8.14046 3.89668 0.349002
v 8.14807 3.89861 0.349002
v 8.15562 3.90065 0.349002
v 8.16313 3.9028 0.349002
v 8.17059 3.90507 0.349002
v 8.178 3.90745 0.349002
v 8.18536 3.90994 0.349002
v 8.19267 3.91254 0.349002
v 8.19992 3.91525 0.349002
v 8.20712 3.91807 0.349002
v 8.21427 3.921 0.349002
v 8.22136 3.92403 0.349002
v 8.2284 3.92717 0.349002
v 8.23538 3.93042 0.349002
v 8.2423 3.93377 0.349002
v 8.24916 3.93722 0.349002
v 8.25595 3.94077 0.349002
v 8.26269 3.94443 0.349002
v 8.26937 3.94818 0.349002
v 8.27598 3.95204 0.349002
v 8.28252 3.95599 0.349002
v 8.28901 3.96003 0.349002
v 8.29542 3.96418 0.349002
v 8.30177 3.96841 0.349002
v 8.30805 3.97274 0.349002
v 8.31425 3.97717 0.349002
v 8.32039 3.98168 0.349002
v 8.32646 3.98629 0.349002
v 8.33245 3.99098 0.349002
v 8.33837 3.99577 0.349002
v 8.34422 4.00064 0.349002
v 8.34999 4.0056 0.349002
v 8.35568 4.01064 0.349002
v 8.3613 4.01577 0.349002
v 8.36684 4.02099 0.349002
v 8.37229 4.02628 0.349002
v 8.37767 4.03166 0.349002
v 8.38297 4.03712 0.349002
v 8.38818 4.04265 0.349002
v 8.39331 4.04827 0.349002
v 8.39835 4.05396 0.349002
v 8.40331 4.05973 0.349002
v 8.40818 4.06558 0.349002
v 8.41297 4.0715 0.349002
v 8.41766 4.07749 0.349002
v 8.42227 4.08356 0.349002
v 8.42678 4.0897 0.349002
v 8.43121 4.09591 0.349002
v 8.43554 4.10219 0.349002
v 8.43978 4.10853 0.349002
v 8.44392 4.11495 0.349002
v 8.44797 4.12143 0.349002
v 8.45192 4.12797 0.349002
v 8.45577 4.13459 0.349002
v 8.45952 4.14126 0.349002
v 8.46318 4.148 0.349002
v 8.46673 4.1548 0.349002
v 8.47018 4.16166 0.349002
v 8.47353 4.16858 0.349002
v 8.47678 4.17555 0.349002
v 8.47992 4.18259 0.349002
v 8.48295 4.18968 0.349002
v 8.48588 4.19683 0.349002
v 8.4887 4.20403 0.349002
v 8.49141 4.21129 0.349002
v 8.49402 4.21859 0.349002
v 8.49651 4.22595 0.349002
v 8.49889 4.23336 0.349002
v 8.50115 4.24082 0.349002
v 8.50331 4.24833 0.349002
v 8.50535 4.25589 0.349002
v 8.50727 4.26349 0.349002
v 8.50907 4.27114 0.349002
v 8.51076 4.27883 0.349002
v 8.51233 4.28656 0.349002
v 8.51378 4.29434 0.349002
v 8.51511 4.30216 0.349002
v 8.51632 4.31002 0.349002
v 8.5174 4.31792 0.349002
v 8.51836 4.32586 0.349002
v 8.5192 4.33384 0.349002
v 8.51991 4.34185 0.349002
v 8.52049 4.3499 0.349002
v 8.52094 4.35798 0.349002
v 8.52127 4.36609 0.349002
v 8.52147 4.37424 0.349002
v 8.52153 4.38242 0.349002
v 8.52147 4.3906 0.349002
v 8.52127 4.39875 0.349002
v 8.52094 4.40686 0.349002
v 8.52049 4.41495 0.349002
v 8.51991 4.42299 0.349002
v 8.5192 4.431 0.349002
v 8.51836 4.43898 0.349002
v 8.5174 4.44692 0.349002
v 8.51632 4.45482 0.349002
v 8.51511 4.46268 0.349002
v 8.51378 4.4705 0.349002
v 8.51233 4.47828 0.349002
v 8.51076 4.48601 0.349002
v 8.50907 4.4937 0.349002
v 8.50727 4.50135 0.349002
v 8.50535 4.50895 0.349002
v 8.50331 4.51651 0.349002
v 8.50115 4.52402 0.349002
v 8.49889 4.53148 0.349002
v 8.49651 4.53889 0.349002
v 8.49402 4.54625 0.349002
v 8.49141 4.55355 0.349002
v 8.4887 4.56081 0.349002
v 8.48588 4.56801 0.349002
v 8.48295 4.57516 0.349002
v 8.47992 4.58225 0.349002
v 8.47678 4.58929 0.349002
v 8.47353 4.59626 0.349002
v 8.47018 4.60318 0.349002
v 8.46673 4.61004 0.349002
v 8.46318 4.61684 0.349002
v 8.45952 4.62358 0.349002
v 8.45577 4.63025 0.349002
v 8.45192 4.63687 0.349002
v 8.44797 4.64341 0.349002
v 8.44392 4.64989 0.349002
v 8.43978 4.65631 0.349002
v 8.43554 4.66265 0.349002
v 8.43121 4.66893 0.349002
v 8.42678 4.67514 0.349002
v 8.42227 4.68128 0.349002
v 8.41766 4.68735 0.349002
v 8.41297 4.69334 0.349002
v 8.40818 4.69926 0.349002
v 8.40331 4.70511 0.349002
v 8.39835 4.71088 0.349002
v 8.39331 4.71657 0.349002
v 8.38818 4.72219 0.349002
v 8.38297 4.72772 0.349002
v 8.37767 4.73318 0.349002
v 8.37229 4.73856 0.349002
v 8.36684 4.74385 0.349002
v 8.3613 4.74907 0.349002
v 8.35568 4.7542 0.349002
v 8.34999 4.75924 0.349002
v 8.34422 4.7642 0.349002
v 8.33837 4.76907 0.349002
v 8.33245 4.77386 0.349002
v 8.32646 4.77855 0.349002
v 8.32039 4.78316 0.349002
v 8.31425 4.78767 0.349002
v 8.30805 4.7921 0.349002
v 8.30177 4.79643 0.349002
v 8.29542 4.80066 0.349002
v 8.28901 4.80481 0.349002
v 8.28252 4.80885 0.349002
v 8.27598 4.8128 0.349002
v 8.26937 4.81666 0.349002
v 8.26269 4.82041 0.349002
v 8.25595 4.82407 0.349002
v 8.24916 4.82762 0.349002
v 8.2423 4.83107 0.349002
v 8.23538 4.83442 0.349002
v 8.2284 4.83767 0.349002
v 8.22136 4.84081 0.349002
v 8.21427 4.84384 0.349002
v 8.20712 4.84677 0.349002
v 8.19992 4.84959 0.349002
v 8.19267 4.8523 0.349002
v 8.18536 4.8549 0.349002
v 8.178 4.8574 0.349002
v 8.17059 4.85977 0.349002
v 8.16313 4.86204 0.349002
v 8.15562 4.86419 0.349002
v 8.14807 4.86623 0.349002
v 8.14046 4.86816 0.349002
v 8.13282 4.86996 0.349002
v 8.12512 4.87165 0.349002
v 8.11739 4.87322 0.349002
v 8.10961 4.87467 0.349002
v 8.10179 4.876 0.349002
v 8.09393 4.8772 0.349002
v 8.08603 4.87829 0.349002
v 8.07809 4.87925 0.349002
v 8.07012 4.88008 0.349002
v 8.06211 4.88079 0.349002
v 8.05406 4.88138 0.349002
v 8.04598 4.88183 0.349002
v 8.03786 4.88216 0.349002
v 8.02971 4.88235 0.349002
v 8.02153 4.88242 0.351002
v 8.01335 4.88235 0.351002
v 8.00521 4.88216 0.351002
v 7.99709 4.88183 0.351002
v 7.98901 4.88138 0.351002
v 7.98096 4.88079 0.351002
v 7.97295 4.88008 0.351002
v 7.96497 4.87925 0.351002
v 7.95703 4.87829 0.351002
v 7.94913 4.8772 0.351002
v 7.94127 4.876 0.351002
v 7.93345 4.87467 0.351002
v 7.92568 4.87322 0.351002
v 7.91794 4.87165 0.351002
v 7.91025 4.86996 0.351002
v 7.9026 4.86816 0.351002
v 7.895 4.86623 0.351002
v 7.88744 4.86419 0.351002
v 7.87994 4.86204 0.351002
v 7.87248 4.85977 0.351002
v 7.86507 4.8574 0.351002
v 7.85771 4.8549 0.351002
v 7.8504 4.8523 0.351002
v 7.84314 4.84959 0.351002
v 7.83594 4.84677 0.351002
v 7.82879 4.84384 0.351002
v 7.8217 4.84081 0.351002
v 7.81467 4.83767 0.351002
v 7.80769 4.83442 0.351002
v 7.80077 4.83107 0.351002
v 7.79391 4.82762 0.351002
v 7.78711 4.82407 0.351002
v 7.78037 4.82041 0.351002
v 7.7737 4.81666 0.351002
v 7.76709 4.8128 0.351002
v 7.76054 4.80885 0.351002
v 7.75406 4.80481 0.351002
v 7.74764 4.80066 0.351002
v 7.7413 4.79643 0.351002
v 7.73502 4.7921 0.351002
v 7.72881 4.78767 0.351002
v 7.72267 4.78316 0.351002
v 7.71661 4.77855 0.351002
v 7.71061 4.77386 0.351002
v 7.70469 4.76907 0.351002
v 7.69885 4.7642 0.351002
v 7.69308 4.75924 0.351002
v 7.68738 4.7542 0.351002
v 7.68177 4.74907 0.351002
v 7.67623 4.74385 0.351002
v 7.67077 4.73856 0.351002
v 7.66539 4.73318 0.351002
v 7.6601 4.72772 0.351002
v 7.65489 4.72219 0.351002
v 7.64976 4.71657 0.351002
v 7.64471 4.71088 0.351002
v 7.63975 4.70511 0.351002
v 7.63488 4.69926 0.351002
v 7.6301 4.69334 0.351002
v 7.6254 4.68735 0.351002
v 7.6208 4.68128 0.351002
v 7.61628 4.67514 0.351002
v 7.61186 4.66893 0.351002
v 7.60753 4.66266 0.351002
v 7.60329 4.65631 0.351002
v 7.59915 4.64989 0.351002
v 7.5951 4.64341 0.351002
v 7.59115 4.63687 0.351002
v 7.5873 4.63025 0.351002
v 7.58354 4.62358 0.351002
v 7.57989 4.61684 0.351002
v 7.57633 4.61004 0.351002
v 7.57288 4.60318 0.351002
v 7.56953 4.59626 0.351002
v 7.56629 4.58929 0.351002
v 7.56315 4.58225 0.351002
v 7.56011 4.57516 0.351002
v 7.55718 4.56801 0.351002
v 7.55436 4.56081 0.351002
v 7.55165 4.55355 0.351002
v 7.54905 4.54625 0.351002
v 7.54656 4.53889 0.351002
v 7.54418 4.53148 0.351002
v 7.54191 4.52402 0.351002
v 7.53976 4.51651 0.351002
v 7.53772 4.50895 0.351002
v 7.5358 4.50135 0.351002
v 7.53399 4.4937 0.351002
v 7.5323 4.48601 0.351002
v 7.53073 4.47828 0.351002
v 7.52928 4.4705 0.351002
v 7.52796 4.46268 0.351002
v 7.52675 4.45482 0.351002
v 7.52566 4.44692 0.351002
v 7.5247 4.43898 0.351002
v 7.52387 4.431 0.351002
v 7.52316 4.42299 0.351002
v 7.52258 4.41495 0.351002
v 7.52212 4.40686 0.351002
v 7.52179 4.39875 0.351002
v 7.5216 4.3906 0.351002
v 7.52153 4.38242 0.351002
v 7.5216 4.37424 0.351002
v 7.52179 4.36609 0.351002
v 7.52212 4.35798 0.351002
v 7.52258 4.3499 0.351002
v 7.52316 4.34185 0.351002
v 7.52387 4.33384 0.351002
v 7.5247 4.32586 0.351002
v 7.52566 4.31792 0.351002
v 7.52675 4.31002 0.351002
v 7.52796 4.30216 0.351002
v 7.52928 4.29434 0.351002
v 7.53073 4.28656 0.351002
v 7.5323 4.27883 0.351002
v 7.53399 4.27114 0.351002
v 7.5358 4.26349 0.351002
v 7.53772 4.25589 0.351002
v 7.53976 4.24833 0.351002
v 7.54191 4.24082 0.351002
v 7.54418 4.23336 0.351002
v 7.54656 4.22595 0.351002
v 7.54905 4.21859 0.351002
v 7.55165 4.21129 0.351002
v 7.55436 4.20403 0.351002
v 7.55718 4.19683 0.351002
v 7.56011 4.18968 0.351002
v 7.56315 4.18259 0.351002
v 7.56629 4.17555 0.351002
v 7.56953 4.16858 0.351002
v 7.57288 4.16166 0.351002
v 7.57633 4.1548 0.351002
v 7.57989 4.148 0.351002
v 7.58354 4.14126 0.351002
v 7.58729 4.13459 0.351002
v 7.59115 4.12797 0.351002
v 7.5951 4.12143 0.351002
v 7.59914 4.11495 0.351002
v 7.60329 4.10853 0.351002
v 7.60753 4.10219 0.351002
v 7.61186 4.09591 0.351002
v 7.61628 4.0897 0.351002
v 7.6208 4.08356 0.351002
v 7.6254 4.07749 0.351002
v 7.6301 4.0715 0.351002
v 7.63488 4.06558 0.351002
v 7.63975 4.05973 0.351002
v 7.64471 4.05396 0.351002
v 7.64976 4.04827 0.351002
v 7.65489 4.04265 0.351002
v 7.6601 4.03712 0.351002
v 7.66539 4.03166 0.351002
v 7.67077 4.02628 0.351002
v 7.67623 4.02099 0.351002
v 7.68177 4.01577 0.351002
v 7.68738 4.01064 0.351002
v 7.69308 4.0056 0.351002
v 7.69885 4.00064 0.351002
v 7.70469 3.99577 0.351002
v 7.71061 3.99099 0.351002
v 7.71661 3.98629 0.351002
v 7.72267 3.98168 0.351002
v 7.72881 3.97717 0.351002
v 7.73502 3.97274 0.351002
v 7.7413 3.96841 0.351002
v 7.74764 3.96418 0.351002
v 7.75406 3.96003 0.351002
v 7.76054 3.95599 0.351002
v 7.76709 3.95204 0.351002
v 7.7737 3.94818 0.351002
v 7.78037 3.94443 0.351002
v 7.78711 3.94077 0.351002
v 7.79391 3.93722 0.351002
v 7.80077 3.93377 0.351002
v 7.80769 3.93042 0.351002
v 7.81467 3.92717 0.351002
v 7.8217 3.92403 0.351002
v 7.82879 3.921 0.351002
v 7.83594 3.91807 0.351002
v 7.84314 3.91525 0.351002
v 7.8504 3.91254 0.351002
v 7.85771 3.90994 0.351002
v 7.86507 3.90744 0.351002
v 7.87248 3.90507 0.351002
v 7.87994 3.9028 0.351002
v 7.88744 3.90065 0.351002
v 7.895 3.89861 0.351002
v 7.9026 3.89668 0.351002
v 7.91025 3.89488 0.351002
v 7.91794 3.89319 0.351002
v 7.92568 3.89162 0.351002
v 7.93345 3.89017 0.351002
v 7.94127 3.88884 0.351002
v 7.94913 3.88764 0.351002
v 7.95703 3.88655 0.351002
v 7.96497 3.88559 0.351002
v 7.97295 3.88476 0.351002
v 7.98096 3.88405 0.351002
v 7.98901 3.88346 0.351002
v 7.99709 3.88301 0.351002
v 8.0052 3.88268 0.351002
v 8.01335 3.88249 0.351002
v 8.02153 3.88242 0.351002
v 8.02971 3.88249 0.351002
v 8.03786 3.88268 0.351002
v 8.04598 3.88301 0.351002
v 8.05406 3.88346 0.351002
v 8.06211 3.88405 0.351002
v 8.07012 3.88476 0.351002
v 8.07809 3.88559 0.351002
v 8.08603 3.88655 0.351002
v 8.09393 3.88764 0.351002
v 8.10179 3.88884 0.351002
v 8.10961 3.89017 0.351002
v 8.11739 3.89162 0.351002
v 8.12512 3.89319 0.351002
v 8.13282 3.89488 0.351002
v 8.14046 3.89668 0.351002
v 8.14807 3.89861 0.351002
v 8.15562 3.90065 0.351002
v 8.16313 3.9028 0.351002
v 8.17059 3.90507 0.351002
v 8.178 3.90745 0.351002
v 8.18536 3.90994 0.351002
v 8.19267 3.91254 0.351002
v 8.19992 3.91525 0.351002
v 8.20712 3.91807 0.351002
v 8.21427 3.921 0.351002
v 8.22136 3.92403 0.351002
v 8.2284 3.92717 0.351002
v 8.23538 3.93042 0.351002
v 8.2423 3.93377 0.351002
v 8.24916 3.93722 0.351002
v 8.25595 3.94077 0.351002
v 8.26269 3.94443 0.351002
v 8.26937 3.94818 0.351002
v 8.27598 3.95204 0.351002
v 8.28252 3.95599 0.351002
v 8.28901 3.96003 0.351002
v 8.29542 3.96418 0.351002
v 8.30177 3.96841 0.351002
v 8.30805 3.97274 0.351002
v 8.31425 3.97717 0.351002
v 8.32039 3.98168 0.351002
v 8.32646 3.98629 0.351002
v 8.33245 3.99098 0.351002
v 8.33837 3.99577 0.351002
v 8.34422 4.00064 0.351002
v 8.34999 4.0056 0.351002
v 8.35568 4.01064 0.351002
v 8.3613 4.01577 0.351002
v 8.36684 4.02099 0.351002
v 8.37229 4.02628 0.351002
v 8.37767 4.03166 0.351002
v 8.38297 4.03712 0.351002
v 8.38818 4.04265 0.351002
v 8.39331 4.04827 0.351002
v 8.39835 4.05396 0.351002
v 8.40331 4.05973 0.351002
v 8.40818 4.06558 0.351002
v 8.41297 4.0715 0.351002
v 8.41766 4.07749 0.351002
v 8.42227 4.08356 0.351002
v 8.42678 4.0897 0.351002
v 8.43121 4.09591 0.351002
v 8.43554 4.10219 0.351002
v 8.43978 4.10853 0.351002
v 8.44392 4.11495 0.351002
v 8.44797 4.12143 0.351002
v 8.45192 4.12797 0.351002
v 8.45577 4.13459 0.351002
v 8.45952 4.14126 0.351002
v 8.46318 4.148 0.351002
v 8.46673 4.1548 0.351002
v 8.47018 4.16166 0.351002
v 8.47353 4.16858 0.351002
v 8.47678 4.17555 0.351002
v 8.47992 4.18259 0.351002
v 8.48295 4.18968 0.351002
v 8.48588 4.19683 0.351002
v 8.4887 4.20403 0.351002
v 8.49141 4.21129 0.351002
v 8.49402 4.21859 0.351002
v 8.49651 4.22595 0.351002
v 8.49889 4.23336 0.351002
v 8.50115 4.24082 0.351002
v 8.50331 4.24833 0.351002
v 8.50535 4.25589 0.351002
v 8.50727 4.26349 0.351002
v 8.50907 4.27114 0.351002
v 8.51076 4.27883 0.351002
v 8.51233 4.28656 0.351002
v 8.51378 4.29434 0.351002
v 8.51511 4.30216 0.351002
v 8.51632 4.31002 0.351002
v 8.5174 4.31792 0.351002
v 8.51836 4.32586 0.351002
v 8.5192 4.33384 0.351002
v 8.51991 4.34185 0.351002
v 8.52049 4.3499 0.351002
v 8.52094 4.35798 0.351002
v 8.52127 4.36609 0.351002
v 8.52147 4.37424 0.351002
v 8.52153 4.38242 0.351002
v 8.52147 4.3906 0.351002
v 8.52127 4.39875 0.351002
v 8.52094 4.40686 0.351002
v 8.52049 4.41495 0.351002
v 8.51991 4.42299 0.351002
v 8.5192 4.431 0.351002
v 8.51836 4.43898 0.351002
v 8.5174 4.44692 0.351002
v 8.51632 4.45482 0.351002
v 8.51511 4.46268 0.351002
v 8.51378 4.4705 0.351002
v 8.51233 4.47828 0.351002
v 8.51076 4.48601 0.351002
v 8.50907 4.4937 0.351002
v 8.50727 4.50135 0.351002
v 8.50535 4.50895 0.351002
v 8.50331 4.51651 0.351002
v 8.50115 4.52402 0.351002
v 8.49889 4.53148 0.351002
v 8.49651 4.53889 0.351002
v 8.49402 4.54625 0.351002
v 8.49141 4.55355 0.351002
v 8.4887 4.56081 0.351002
v 8.48588 4.56801 0.351002
v 8.48295 4.57516 0.351002
v 8.47992 4.58225 0.351002
v 8.47678 4.58929 0.351002
v 8.47353 4.59626 0.351002
v 8.47018 4.60318 0.351002
v 8.46673 4.61004 0.351002
v 8.46318 4.61684 0.351002
v 8.45952 4.62358 0.351002
v 8.45577 4.63025 0.351002
v 8.45192 4.63687 0.351002
v 8.44797 4.64341 0.351002
v 8.44392 4.64989 0.351002
v 8.43978 4.65631 0.351002
v 8.43554 4.66265 0.351002
v 8.43121 4.66893 0.351002
v 8.42678 4.67514 0.351002
v 8.42227 4.68128 0.351002
v 8.41766 4.68735 0.351002
v 8.41297 4.69334 0.351002
v 8.40818 4.69926 0.351002
v 8.40331 4.70511 0.351002
v 8.39835 4.71088 0.351002
v 8.39331 4.71657 0.351002
v 8.38818 4.72219 0.351002
v 8.38297 4.72772 0.351002
v 8.37767 4.73318 0.351002
v 8.37229 4.73856 0.351002
v 8.36684 4.74385 0.351002
v 8.3613 4.74907 0.351002
v 8.35568 4.7542 0.351002
v 8.34999 4.75924 0.351002
v 8.34422 4.7642 0.351002
v 8.33837 4.76907 0.351002
v 8.33245 4.77386 0.351002
v 8.32646 4.77855 0.351002
v 8.32039 4.78316 0.351002
v 8.31425 4.78767 0.351002
v 8.30805 4.7921 0.351002
v 8.30177 4.79643 0.351002
v 8.29542 4.80066 0.351002
v 8.28901 4.80481 0.351002
v 8.28252 4.80885 0.351002
v 8.27598 4.8128 0.351002
v 8.26937 4.81666 0.351002
v 8.26269 4.82041 0.351002
v 8.25595 4.82407 0.351002
v 8.24916 4.82762 0.351002
v 8.2423 4.83107 0.351002
v 8.23538 4.83442 0.351002
v 8.2284 4.83767 0.351002
v 8.22136 4.84081 0.351002
v 8.21427 4.84384 0.351002
v 8.20712 4.84677 0.351002
v 8.19992 4.84959 0.351002
v 8.19267 4.8523 0.351002
v 8.18536 4.8549 0.351002
v 8.178 4.8574 0.351002
v 8.17059 4.85977 0.351002
v 8.16313 4.86204 0.351002
v 8.15562 4.86419 0.351002
v 8.14807 4.86623 0.351002
v 8.14046 4.86816 0.351002
v 8.13282 4.86996 0.351002
v 8.12512 4.87165 0.351002
v 8.11739 4.87322 0.351002
v 8.10961 4.87467 0.351002
v 8.10179 4.876 0.351002
v 8.09393 4.8772 0.351002
v 8.08603 4.87829 0.351002
v 8.07809 4.87925 0.351002
v 8.07012 4.88008 0.351002
v 8.06211 4.88079 0.351002
v 8.05406 4.88138 0.351002
v 8.04598 4.88183 0.351002
v 8.03786 4.88216 0.351002
v 8.02971 4.88235 0.351002
v 8.02938 4.86236 0.349002
v 8.03721 4.86217 0.349002
v 8.045 4.86185 0.349002
v 8.05276 4.86142 0.349002
v 8.06048 4.86086 0.349002
v 8.06817 4.86018 0.349002
v 8.07583 4.85937 0.349002
v 8.08345 4.85845 0.349002
v 8.09103 4.85741 0.349002
v 8.09858 4.85625 0.349002
v 8.10609 4.85498 0.349002
v 8.11355 4.85359 0.349002
v 8.12098 4.85208 0.349002
v 8.12837 4.85046 0.349002
v 8.13571 4.84873 0.349002
v 8.143 4.84688 0.349002
v 8.15026 4.84492 0.349002
v 8.15747 4.84286 0.349002
v 8.16463 4.84068 0.349002
v 8.17174 4.8384 0.349002
v 8.17881 4.836 0.349002
v 8.18582 4.83351 0.349002
v 8.19279 4.8309 0.349002
v 8.1997 4.8282 0.349002
v 8.20656 4.82538 0.349002
v 8.21337 4.82247 0.349002
v 8.22012 4.81946 0.349002
v 8.22682 4.81634 0.349002
v 8.23347 4.81312 0.349002
v 8.24005 4.80981 0.349002
v 8.24658 4.8064 0.349002
v 8.25305 4.80289 0.349002
v 8.25945 4.79929 0.349002
v 8.2658 4.79559 0.349002
v 8.27208 4.7918 0.349002
v 8.27831 4.78791 0.349002
v 8.28446 4.78393 0.349002
v 8.29056 4.77987 0.349002
v 8.29659 4.77571 0.349002
v 8.30255 4.77146 0.349002
v 8.30844 4.76713 0.349002
v 8.31426 4.76271 0.349002
v 8.32002 4.7582 0.349002
v 8.3257 4.7536 0.349002
v 8.33131 4.74893 0.349002
v 8.33685 4.74417 0.349002
v 8.34232 4.73932 0.349002
v 8.34771 4.7344 0.349002
v 8.35302 4.7294 0.349002
v 8.35826 4.72431 0.349002
v 8.36342 4.71915 0.349002
v 8.36851 4.71391 0.349002
v 8.37351 4.7086 0.349002
v 8.37844 4.7032 0.349002
v 8.38328 4.69774 0.349002
v 8.38804 4.6922 0.349002
v 8.39272 4.68659 0.349002
v 8.39731 4.6809 0.349002
v 8.40182 4.67515 0.349002
v 8.40624 4.66933 0.349002
v 8.41057 4.66343 0.349002
v 8.41482 4.65747 0.349002
v 8.41898 4.65145 0.349002
v 8.42305 4.64535 0.349002
v 8.42702 4.63919 0.349002
v 8.43091 4.63297 0.349002
v 8.4347 4.62669 0.349002
v 8.4384 4.62034 0.349002
v 8.442 4.61393 0.349002
v 8.44551 4.60746 0.349002
v 8.44892 4.60094 0.349002
v 8.45224 4.59435 0.349002
v 8.45545 4.58771 0.349002
v 8.45857 4.58101 0.349002
v 8.46158 4.57426 0.349002
v 8.4645 4.56745 0.349002
v 8.46731 4.56059 0.349002
v 8.47002 4.55367 0.349002
v 8.47262 4.54671 0.349002
v 8.47512 4.53969 0.349002
v 8.47751 4.53263 0.349002
v 8.47979 4.52551 0.349002
v 8.48197 4.51835 0.349002
v 8.48404 4.51115 0.349002
v 8.48599 4.50389 0.349002
v 8.48784 4.49659 0.349002
v 8.48957 4.48925 0.349002
v 8.49119 4.48187 0.349002
v 8.4927 4.47444 0.349002
v 8.49409 4.46697 0.349002
v 8.49537 4.45947 0.349002
v 8.49652 4.45192 0.349002
v 8.49756 4.44434 0.349002
v 8.49849 4.43672 0.349002
v 8.49929 4.42906 0.349002
v 8.49997 4.42137 0.349002
v 8.50053 4.41364 0.349002
v 8.50097 4.40589 0.349002
v 8.50128 4.39809 0.349002
v 8.50147 4.39027 0.349002
v 8.50153 4.38242 0.349002
v 8.50147 4.37457 0.349002
v 8.50128 4.36675 0.349002
v 8.50097 4.35895 0.349002
v 8.50053 4.3512 0.349002
v 8.49997 4.34347 0.349002
v 8.49929 4.33578 0.349002
v 8.49849 4.32812 0.349002
v 8.49756 4.3205 0.349002
v 8.49652 4.31292 0.349002
v 8.49537 4.30537 0.349002
v 8.49409 4.29787 0.349002
v 8.4927 4.2904 0.349002
v 8.49119 4.28297 0.349002
v 8.48957 4.27559 0.349002
v 8.48784 4.26825 0.349002
v 8.48599 4.26095 0.349002
v 8.48404 4.25369 0.349002
v 8.48197 4.24649 0.349002
v 8.47979 4.23933 0.349002
v 8.47751 4.23221 0.349002
v 8.47512 4.22515 0.349002
v 8.47262 4.21813 0.349002
v 8.47002 4.21117 0.349002
v 8.46731 4.20425 0.349002
v 8.4645 4.19739 0.349002
v 8.46158 4.19058 0.349002
v 8.45857 4.18383 0.349002
v 8.45545 4.17713 0.349002
v 8.45224 4.17049 0.349002
v 8.44892 4.1639 0.349002
v 8.44551 4.15738 0.349002
v 8.442 4.15091 0.349002
v 8.4384 4.1445 0.349002
v 8.4347 4.13815 0.349002
v 8.43091 4.13187 0.349002
v 8.42702 4.12565 0.349002
v 8.42305 4.11949 0.349002
v 8.41898 4.11339 0.349002
v 8.41482 4.10737 0.349002
v 8.41057 4.10141 0.349002
v 8.40624 4.09551 0.349002
v 8.40182 4.08969 0.349002
v 8.39731 4.08394 0.349002
v 8.39272 4.07825 0.349002
v 8.38804 4.07264 0.349002
v 8.38328 4.0671 0.349002
v 8.37844 4.06164 0.349002
v 8.37351 4.05624 0.349002
v 8.36851 4.05093 0.349002
v 8.36342 4.04569 0.349002
v 8.35826 4.04053 0.349002
v 8.35302 4.03544 0.349002
v 8.34771 4.03044 0.349002
v 8.34232 4.02552 0.349002
v 8.33685 4.02067 0.349002
v 8.33131 4.01591 0.349002
v 8.3257 4.01124 0.349002
v 8.32002 4.00664 0.349002
v 8.31426 4.00213 0.349002
v 8.30844 3.99771 0.349002
v 8.30255 3.99338 0.349002
v 8.29658 3.98913 0.349002
v 8.29056 3.98497 0.349002
v 8.28446 3.98091 0.349002
v 8.27831 3.97693 0.349002
v 8.27208 3.97304 0.349002
v 8.2658 3.96925 0.349002
v 8.25945 3.96555 0.349002
v 8.25305 3.96195 0.349002
v 8.24658 3.95844 0.349002
v 8.24005 3.95503 0.349002
v 8.23346 3.95172 0.349002
v 8.22682 3.9485 0.349002
v 8.22012 3.94538 0.349002
v 8.21337 3.94237 0.349002
v 8.20656 3.93946 0.349002
v 8.1997 3.93665 0.349002
v 8.19279 3.93394 0.349002
v 8.18582 3.93133 0.349002
v 8.17881 3.92884 0.349002
v 8.17174 3.92644 0.349002
v 8.16463 3.92416 0.349002
v 8.15747 3.92198 0.349002
v 8.15026 3.91992 0.349002
v 8.143 3.91796 0.349002
v 8.13571 3.91611 0.349002
v 8.12836 3.91438 0.349002
v 8.12098 3.91276 0.349002
v 8.11355 3.91125 0.349002
v 8.10609 3.90986 0.349002
v 8.09858 3.90859 0.349002
v 8.09103 3.90743 0.349002
v 8.08345 3.90639 0.349002
v 8.07583 3.90547 0.349002
v 8.06817 3.90466 0.349002
v 8.06048 3.90398 0.349002
v 8.05276 3.90342 0.349002
v 8.045 3.90299 0.349002
v 8.03721 3.90267 0.349002
v 8.02938 3.90248 0.349002
v 8.02153 3.90242 0.349002
v 8.01368 3.90248 0.349002
v 8.00586 3.90267 0.349002
v 7.99807 3.90299 0.349002
v 7.99031 3.90342 0.349002
v 7.98258 3.90398 0.349002
v 7.97489 3.90466 0.349002
v 7.96723 3.90547 0.349002
v 7.95961 3.90639 0.349002
v 7.95203 3.90743 0.349002
v 7.94448 3.90859 0.349002
v 7.93698 3.90986 0.349002
v 7.92951 3.91125 0.349002
v 7.92208 3.91276 0.349002
v 7.9147 3.91438 0.349002
v 7.90736 3.91611 0.349002
v 7.90006 3.91796 0.349002
v 7.89281 3.91992 0.349002
v 7.8856 3.92198 0.349002
v 7.87844 3.92416 0.349002
v 7.87132 3.92644 0.349002
v 7.86426 3.92884 0.349002
v 7.85724 3.93133 0.349002
v 7.85028 3.93394 0.349002
v 7.84336 3.93665 0.349002
v 7.8365 3.93946 0.349002
v 7.82969 3.94237 0.349002
v 7.82294 3.94538 0.349002
v 7.81624 3.9485 0.349002
v 7.8096 3.95172 0.349002
v 7.80301 3.95503 0.349002
v 7.79649 3.95844 0.349002
v 7.79002 3.96195 0.349002
v 7.78361 3.96555 0.349002
v 7.77726 3.96925 0.349002
v 7.77098 3.97304 0.349002
v 7.76476 3.97693 0.349002
v 7.7586 3.98091 0.349002
v 7.75251 3.98497 0.349002
v 7.74648 3.98913 0.349002
v 7.74052 3.99338 0.349002
v 7.73463 3.99771 0.349002
v 7.7288 4.00213 0.349002
v 7.72305 4.00664 0.349002
v 7.71737 4.01124 0.349002
v 7.71175 4.01591 0.349002
v 7.70621 4.02067 0.349002
v 7.70075 4.02552 0.349002
v 7.69536 4.03044 0.349002
v 7.69004 4.03544 0.349002
v 7.6848 4.04053 0.349002
v 7.67964 4.04569 0.349002
v 7.67456 4.05093 0.349002
v 7.66955 4.05624 0.349002
v 7.66463 4.06164 0.349002
v 7.65979 4.0671 0.349002
v 7.65503 4.07264 0.349002
v 7.65035 4.07825 0.349002
v 7.64576 4.08394 0.349002
v 7.64125 4.08969 0.349002
v 7.63683 4.09551 0.349002
v 7.63249 4.10141 0.349002
v 7.62824 4.10737 0.349002
v 7.62409 4.11339 0.349002
v 7.62002 4.11949 0.349002
v 7.61604 4.12565 0.349002
v 7.61216 4.13187 0.349002
v 7.60836 4.13815 0.349002
v 7.60466 4.1445 0.349002
v 7.60106 4.15091 0.349002
v 7.59755 4.15738 0.349002
v 7.59414 4.1639 0.349002
v 7.59083 4.17049 0.349002
v 7.58761 4.17713 0.349002
v 7.5845 4.18383 0.349002
v 7.58148 4.19058 0.349002
v 7.57857 4.19739 0.349002
v 7.57576 4.20425 0.349002
v 7.57305 4.21117 0.349002
v 7.57045 4.21813 0.349002
v 7.56795 4.22515 0.349002
v 7.56556 4.23221 0.349002
v 7.56327 4.23933 0.349002
v 7.5611 4.24649 0.349002
v 7.55903 4.25369 0.349002
v 7.55707 4.26095 0.349002
v 7.55523 4.26825 0.349002
v 7.55349 4.27559 0.349002
v 7.55187 4.28297 0.349002
v 7.55037 4.2904 0.349002
v 7.54898 4.29787 0.349002
v 7.5477 4.30537 0.349002
v 7.54654 4.31292 0.349002
v 7.5455 4.3205 0.349002
v 7.54458 4.32812 0.349002
v 7.54378 4.33578 0.349002
v 7.54309 4.34347 0.349002
v 7.54254 4.3512 0.349002
v 7.5421 4.35895 0.349002
v 7.54178 4.36675 0.349002
v 7.5416 4.37457 0.349002
v 7.54153 4.38242 0.349002
v 7.5416 4.39027 0.349002
v 7.54178 4.39809 0.349002
v 7.5421 4.40589 0.349002
v 7.54254 4.41364 0.349002
v 7.54309 4.42137 0.349002
v 7.54378 4.42906 0.349002
v 7.54458 4.43672 0.349002
v 7.5455 4.44434 0.349002
v 7.54654 4.45192 0.349002
v 7.5477 4.45947 0.349002
v 7.54898 4.46697 0.349002
v 7.55037 4.47444 0.349002
v 7.55187 4.48187 0.349002
v 7.55349 4.48925 0.349002
v 7.55523 4.49659 0.349002
v 7.55707 4.50389 0.349002
v 7.55903 4.51115 0.349002
v 7.5611 4.51835 0.349002
v 7.56327 4.52551 0.349002
v 7.56556 4.53263 0.349002
v 7.56795 4.53969 0.349002
v 7.57045 4.54671 0.349002
v 7.57305 4.55367 0.349002
v 7.57576 4.56059 0.349002
v 7.57857 4.56745 0.349002
v 7.58148 4.57426 0.349002
v 7.5845 4.58101 0.349002
v 7.58761 4.58771 0.349002
v 7.59083 4.59435 0.349002
v 7.59414 4.60094 0.349002
v 7.59755 4.60746 0.349002
v 7.60106 4.61393 0.349002
v 7.60466 4.62034 0.349002
v 7.60836 4.62669 0.349002
v 7.61216 4.63297 0.349002
v 7.61604 4.63919 0.349002
v 7.62002 4.64535 0.349002
v 7.62409 4.65145 0.349002
v 7.62824 4.65747 0.349002
v 7.63249 4.66343 0.349002
v 7.63683 4.66933 0.349002
v 7.64125 4.67515 0.349002
v 7.64576 4.6809 0.349002
v 7.65035 4.68659 0.349002
v 7.65503 4.6922 0.349002
v 7.65979 4.69774 0.349002
v 7.66463 4.7032 0.349002
v 7.66955 4.7086 0.349002
v 7.67456 4.71391 0.349002
v 7.67964 4.71915 0.349002
v 7.6848 4.72431 0.349002
v 7.69004 4.7294 0.349002
v 7.69536 4.7344 0.349002
v 7.70075 4.73932 0.349002
v 7.70621 4.74417 0.349002
v 7.71175 4.74893 0.349002
v 7.71737 4.7536 0.349002
v 7.72305 4.7582 0.349002
v 7.7288 4.76271 0.349002
v 7.73463 4.76713 0.349002
v 7.74052 4.77146 0.349002
v 7.74648 4.77571 0.349002
v 7.75251 4.77987 0.349002
v 7.7586 4.78393 0.349002
v 7.76476 4.78791 0.349002
v 7.77098 4.7918 0.349002
v 7.77727 4.79559 0.349002
v 7.78361 4.79929 0.349002
v 7.79002 4.80289 0.349002
v 7.79649 4.8064 0.349002
v 7.80301 4.80981 0.349002
v 7.8096 4.81312 0.349002
v 7.81624 4.81634 0.349002
v 7.82294 4.81946 0.349002
v 7.82969 4.82247 0.349002
v 7.8365 4.82538 0.349002
v 7.84336 4.8282 0.349002
v 7.85028 4.8309 0.349002
v 7.85724 4.83351 0.349002
v 7.86426 4.836 0.349002
v 7.87132 4.8384 0.349002
v 7.87844 4.84068 0.349002
v 7.8856 4.84286 0.349002
v 7.89281 4.84492 0.349002
v 7.90006 4.84688 0.349002
v 7.90736 4.84873 0.349002
v 7.9147 4.85046 0.349002
v 7.92208 4.85208 0.349002
v 7.92951 4.85359 0.349002
v 7.93698 4.85498 0.349002
v 7.94448 4.85625 0.349002
v 7.95203 4.85741 0.349002
v 7.95961 4.85845 0.349002
v 7.96723 4.85937 0.349002
v 7.97489 4.86018 0.349002
v 7.98258 4.86086 0.349002
v 7.99031 4.86142 0.349002
v 7.99807 4.86185 0.349002
v 8.00586 4.86217 0.349002
v 8.01368 4.86236 0.349002
v 8.02153 4.86242 0.349002
v 8.02938 4.86236 0.351002
v 8.03721 4.86217 0.351002
v 8.045 4.86185 0.351002
v 8.05276 4.86142 0.351002
v 8.06048 4.86086 0.351002
v 8.06817 4.86018 0.351002
v 8.07583 4.85937 0.351002
v 8.08345 4.85845 0.351002
v 8.09103 4.85741 0.351002
v 8.09858 4.85625 0.351002
v 8.10609 4.85498 0.351002
v 8.11355 4.85359 0.351002
v 8.12098 4.85208 0.351002
v 8.12837 4.85046 0.351002
v 8.13571 4.84873 0.351002
v 8.143 4.84688 0.351002
v 8.15026 4.84492 0.351002
v 8.15747 4.84286 0.351002
v 8.16463 4.84068 0.351002
v 8.17174 4.8384 0.351002
v 8.17881 4.836 0.351002
v 8.18582 4.83351 0.351002
v 8.19279 4.8309 0.351002
v 8.1997 4.8282 0.351002
v 8.20656 4.82538 0.351002
v 8.21337 4.82247 0.351002
v 8.22012 4.81946 0.351002
v 8.22682 4.81634 0.351002
v 8.23347 4.81312 0.351002
v 8.24005 4.80981 0.351002
v 8.24658 4.8064 0.351002
v 8.25305 4.80289 0.351002
v 8.25945 4.79929 0.351002
v 8.2658 4.79559 0.351002
v 8.27208 4.7918 0.351002
v 8.27831 4.78791 0.351002
v 8.28446 4.78393 0.351002
v 8.29056 4.77987 0.351002
v 8.29659 4.77571 0.351002
v 8.30255 4.77146 0.351002
v 8.30844 4.76713 0.351002
v 8.31426 4.76271 0.351002
v 8.32002 4.7582 0.351002
v 8.3257 4.7536 0.351002
v 8.33131 4.74893 0.351002
v 8.33685 4.74417 0.351002
v 8.34232 4.73932 0.351002
v 8.34771 4.7344 0.351002
v 8.35302 4.7294 0.351002
v 8.35826 4.72431 0.351002
v 8.36342 4.71915 0.351002
v 8.36851 4.71391 0.351002
v 8.37351 4.7086 0.351002
v 8.37844 4.7032 0.351002
v 8.38328 4.69774 0.351002
v 8.38804 4.6922 0.351002
v 8.39272 4.68659 0.351002
v 8.39731 4.6809 0.351002
v 8.40182 4.67515 0.351002
v 8.40624 4.66933 0.351002
v 8.41057 4.66343 0.351002
v 8.41482 4.65747 0.351002
v 8.41898 4.65145 0.351002
v 8.42305 4.64535 0.351002
v 8.42702 4.63919 0.351002
v 8.43091 4.63297 0.351002
v 8.4347 4.62669 0.351002
v 8.4384 4.62034 0.351002
v 8.442 4.61393 0.351002
v 8.44551 4.60746 0.351002
v 8.44892 4.60094 0.351002
v 8.45224 4.59435 0.351002
v 8.45545 4.58771 0.351002
v 8.45857 4.58101 0.351002
v 8.46158 4.57426 0.351002
v 8.4645 4.56745 0.351002
v 8.46731 4.56059 0.351002
v 8.47002 4.55367 0.351002
v 8.47262 4.54671 0.351002
v 8.47512 4.53969 0.351002
v 8.47751 4.53263 0.351002
v 8.47979 4.52551 0.351002
v 8.48197 4.51835 0.351002
v 8.48404 4.51115 0.351002
v 8.48599 4.50389 0.351002
v 8.48784 4.49659 0.351002
v 8.48957 4.48925 0.351002
v 8.49119 4.48187 0.351002
v 8.4927 4.47444 0.351002
v 8.49409 4.46697 0.351002
v 8.49537 4.45947 0.351002
v 8.49652 4.45192 0.351002
v 8.49756 4.44434 0.351002
v 8.49849 4.43672 0.351002
v 8.49929 4.42906 0.351002
v 8.49997 4.42137 0.351002
v 8.50053 4.41364 0.351002
v 8.50097 4.40589 0.351002
v 8.50128 4.39809 0.351002
v 8.50147 4.39027 0.351002
v 8.50153 4.38242 0.351002
v 8.50147 4.37457 0.351002
v 8.50128 4.36675 0.351002
v 8.50097 4.35895 0.351002
v 8.50053 4.3512 0.351002
v 8.49997 4.34347 0.351002
v 8.49929 4.33578 0.351002
v 8.49849 4.32812 0.351002
v 8.49756 4.3205 0.351002
v 8.49652 4.31292 0.351002
v 8.49537 4.30537 0.351002
v 8.49409 4.29787 0.351002
v 8.4927 4.2904 0.351002
v 8.49119 4.28297 0.351002
v 8.48957 4.27559 0.351002
v 8.48784 4.26825 0.351002
v 8.48599 4.26095 0.351002
v 8.48404 4.25369 0.351002
v 8.48197 4.24649 0.351002
v 8.47979 4.23933 0.351002
v 8.47751 4.23221 0.351002
v 8.47512 4.22515 0.351002
v 8.47262 4.21813 0.351002
v 8.47002 4.21117 0.351002
v 8.46731 4.20425 0.351002
v 8.4645 4.19739 0.351002
v 8.46158 4.19058 0.351002
v 8.45857 4.18383 0.351002
v 8.45545 4.17713 0.351002
v 8.45224 4.17049 0.351002
v 8.44892 4.1639 0.351002
v 8.44551 4.15738 0.351002
v 8.442 4.15091 0.351002
v 8.4384 4.1445 0.351002
v 8.4347 4.13815 0.351002
v 8.43091 4.13187 0.351002
v 8.42702 4.12565 0.351002
v 8.42305 4.11949 0.351002
v 8.41898 4.11339 0.351002
v 8.41482 4.10737 0.351002
v 8.41057 4.10141 0.351002
v 8.40624 4.09551 0.351002
v 8.40182 4.08969 0.351002
v 8.39731 4.08394 0.351002
v 8.39272 4.07825 0.351002
v 8.38804 4.07264 0.351002
v 8.38328 4.0671 0.351002
v 8.37844 4.06164 0.351002
v 8.37351 4.05624 0.351002
v 8.36851 4.05093 0.351002
v 8.36342 4.04569 0.351002
v 8.35826 4.04053 0.351002
v 8.35302 4.03544 0.351002
v 8.34771 4.03044 0.351002
v 8.34232 4.02552 0.351002
v 8.33685 4.02067 0.351002
v 8.33131 4.01591 0.351002
v 8.3257 4.01124 0.351002
v 8.32002 4.00664 0.351002
v 8.31426 4.00213 0.351002
v 8.30844 3.99771 0.351002
v 8.30255 3.99338 0.351002
v 8.29658 3.98913 0.351002
v 8.29056 3.98497 0.351002
v 8.28446 3.98091 0.351002
v 8.27831 3.97693 0.351002
v 8.27208 3.97304 0.351002
v 8.2658 3.96925 0.351002
v 8.25945 3.96555 0.351002
v 8.25305 3.96195 0.351002
v 8.24658 3.95844 0.351002
v 8.24005 3.95503 0.351002
v 8.23346 3.95172 0.351002
v 8.22682 3.9485 0.351002
v 8.22012 3.94538 0.351002
v 8.21337 3.94237 0.351002
v 8.20656 3.93946 0.351002
v 8.1997 3.93665 0.351002
v 8.19279 3.93394 0.351002
v 8.18582 3.93133 0.351002
v 8.17881 3.92884 0.351002
v 8.17174 3.92644 0.351002
v 8.16463 3.92416 0.351002
v 8.15747 3.92198 0.351002
v 8.15026 3.91992 0.351002
v 8.143 3.91796 0.351002
v 8.13571 3.91611 0.351002
v 8.12836 3.91438 0.351002
v 8.12098 3.91276 0.351002
v 8.11355 3.91125 0.351002
v 8.10609 3.90986 0.351002
v 8.09858 3.90859 0.351002
v 8.09103 3.90743 0.351002
v 8.08345 3.90639 0.351002
v 8.07583 3.90547 0.351002
v 8.06817 3.90466 0.351002
v 8.06048 3.90398 0.351002
v 8.05276 3.90342 0.351002
v 8.045 3.90299 0.351002
v 8.03721 3.90267 0.351002
v 8.02938 3.90248 0.351002
v 8.02153 3.90242 0.351002
v 8.01368 3.90248 0.351002
v 8.00586 3.90267 0.351002
v 7.99807 3.90299 0.351002
v 7.99031 3.90342 0.351002
v 7.98258 3.90398 0.351002
v 7.97489 3.90466 0.351002
v 7.96723 3.90547 0.351002
v 7.95961 3.90639 0.351002
v 7.95203 3.90743 0.351002
v 7.94448 3.90859 0.351002
v 7.93698 3.90986 0.351002
v 7.92951 3.91125 0.351002
v 7.92208 3.91276 0.351002
v 7.9147 3.91438 0.351002
v 7.90736 3.91611 0.351002
v 7.90006 3.91796 0.351002
v 7.89281 3.91992 0.351002
v 7.8856 3.92198 0.351002
v 7.87844 3.92416 0.351002
v 7.87132 3.92644 0.351002
v 7.86426 3.92884 0.351002
v 7.85724 3.93133 0.351002
v 7.85028 3.93394 0.351002
v 7.84336 3.93665 0.351002
v 7.8365 3.93946 0.351002
v 7.82969 3.94237 0.351002
v 7.82294 3.94538 0.351002
v 7.81624 3.9485 0.351002
v 7.8096 3.95172 0.351002
v 7.80301 3.95503 0.351002
v 7.79649 3.95844 0.351002
v 7.79002 3.96195 0.351002
v 7.78361 3.96555 0.351002
v 7.77726 3.96925 0.351002
v 7.77098 3.97304 0.351002
v 7.76476 3.97693 0.351002
v 7.7586 3.98091 0.351002
v 7.75251 3.98497 0.351002
v 7.74648 3.98913 0.351002
v 7.74052 3.99338 0.351002
v 7.73463 3.99771 0.351002
v 7.7288 4.00213 0.351002
v 7.72305 4.00664 0.351002
v 7.71737 4.01124 0.351002
v 7.71175 4.01591 0.351002
v 7.70621 4.02067 0.351002
v 7.70075 4.02552 0.351002
v 7.69536 4.03044 0.351002
v 7.69004 4.03544 0.351002
v 7.6848 4.04053 0.351002
v 7.67964 4.04569 0.351002
v 7.67456 4.05093 0.351002
v 7.66955 4.05624 0.351002
v 7.66463 4.06164 0.351002
v 7.65979 4.0671 0.351002
v 7.65503 4.07264 0.351002
v 7.65035 4.07825 0.351002
v 7.64576 4.08394 0.351002
v 7.64125 4.08969 0.351002
v 7.63683 4.09551 0.351002
v 7.63249 4.10141 0.351002
v 7.62824 4.10737 0.351002
v 7.62409 4.11339 0.351002
v 7.62002 4.11949 0.351002
v 7.61604 4.12565 0.351002
v 7.61216 4.13187 0.351002
v 7.60836 4.13815 0.351002
v 7.60466 4.1445 0.351002
v 7.60106 4.15091 0.351002
v 7.59755 4.15738 0.351002
v 7.59414 4.1639 0.351002
v 7.59083 4.17049 0.351002
v 7.58761 4.17713 0.351002
v 7.5845 4.18383 0.351002
v 7.58148 4.19058 0.351002
v 7.57857 4.19739 0.351002
v 7.57576 4.20425 0.351002
v 7.57305 4.21117 0.351002
v 7.57045 4.21813 0.351002
v 7.56795 4.22515 0.351002
v 7.56556 4.23221 0.351002
v 7.56327 4.23933 0.351002
v 7.5611 4.24649 0.351002
v 7.55903 4.25369 0.351002
v 7.55707 4.26095 0.351002
v 7.55523 4.26825 0.351002
v 7.55349 4.27559 0.351002
v 7.55187 4.28297 0.351002
v 7.55037 4.2904 0.351002
v 7.54898 4.29787 0.351002
v 7.5477 4.30537 0.351002
v 7.54654 4.31292 0.351002
v 7.5455 4.3205 0.351002
v 7.54458 4.32812 0.351002
v 7.54378 4.33578 0.351002
v 7.54309 4.34347 0.351002
v 7.54254 4.3512 0.351002
v 7.5421 4.35895 0.351002
v 7.54178 4.36675 0.351002
v 7.5416 4.37457 0.351002
v 7.54153 4.38242 0.351002
v 7.5416 4.39027 0.351002
v 7.54178 4.39809 0.351002
v 7.5421 4.40589 0.351002
v 7.54254 4.41364 0.351002
v 7.54309 4.42137 0.351002
v 7.54378 4.42906 0.351002
v 7.54458 4.43672 0.351002
v 7.5455 4.44434 0.351002
v 7.54654 4.45192 0.351002
v 7.5477 4.45947 0.351002
v 7.54898 4.46697 0.351002
v 7.55037 4.47444 0.351002
v 7.55187 4.48187 0.351002
v 7.55349 4.48925 0.351002
v 7.55523 4.49659 0.351002
v 7.55707 4.50389 0.351002
v 7.55903 4.51115 0.351002
v 7.5611 4.51835 0.351002
v 7.56327 4.52551 0.351002
v 7.56556 4.53263 0.351002
v 7.56795 4.53969 0.351002
v 7.57045 4.54671 0.351002
v 7.57305 4.55367 0.351002
v 7.57576 4.56059 0.351002
v 7.57857 4.56745 0.351002
v 7.58148 4.57426 0.351002
v 7.5845 4.58101 0.351002
v 7.58761 4.58771 0.351002
v 7.59083 4.59435 0.351002
v 7.59414 4.60094 0.351002
v 7.59755 4.60746 0.351002
v 7.60106 4.61393 0.351002
v 7.60466 4.62034 0.351002
v 7.60836 4.62669 0.351002
v 7.61216 4.63297 0.351002
v 7.61604 4.63919 0.351002
v 7.62002 4.64535 0.351002
v 7.62409 4.65145 0.351002
v 7.62824 4.65747 0.351002
v 7.63249 4.66343 0.351002
v 7.63683 4.66933 0.351002
v 7.64125 4.67515 0.351002
v 7.64576 4.6809 0.351002
v 7.65035 4.68659 0.351002
v 7.65503 4.6922 0.351002
v 7.65979 4.69774 0.351002
v 7.66463 4.7032 0.351002
v 7.66955 4.7086 0.351002
v 7.67456 4.71391 0.351002
v 7.67964 4.71915 0.351002
v 7.6848 4.72431 0.351002
v 7.69004 4.7294 0.351002
v 7.69536 4.7344 0.351002
v 7.70075 4.73932 0.351002
v 7.70621 4.74417 0.351002
v 7.71175 4.74893 0.351002
v 7.71737 4.7536 0.351002
v 7.72305 4.7582 0.351002
v 7.7288 4.76271 0.351002
v 7.73463 4.76713 0.351002
v 7.74052 4.77146 0.351002
v 7.74648 4.77571 0.351002
v 7.75251 4.77987 0.351002
v 7.7586 4.78393 0.351002
v 7.76476 4.78791 0.351002
v 7.77098 4.7918 0.351002
v 7.77727 4.79559 0.351002
v 7.78361 4.79929 0.351002
v 7.79002 4.80289 0.351002
v 7.79649 4.8064 0.351002
v 7.80301 4.80981 0.351002
v 7.8096 4.81312 0.351002
v 7.81624 4.81634 0.351002
v 7.82294 4.81946 0.351002
v 7.82969 4.82247 0.351002
v 7.8365 4.82538 0.351002
v 7.84336 4.8282 0.351002
v 7.85028 4.8309 0.351002
v 7.85724 4.83351 0.351002
v 7.86426 4.836 0.351002
v 7.87132 4.8384 0.351002
v 7.87844 4.84068 0.351002
v 7.8856 4.84286 0.351002
v 7.89281 4.84492 0.351002
v 7.90006 4.84688 0.351002
v 7.90736 4.84873 0.351002
v 7.9147 4.85046 0.351002
v 7.92208 4.85208 0.351002
v 7.92951 4.85359 0.351002
v 7.93698 4.85498 0.351002
v 7.94448 4.85625 0.351002
v 7.95203 4.85741 0.351002
v 7.95961 4.85845 0.351002
v 7.96723 4.85937 0.351002
v 7.97489 4.86018 0.351002
v 7.98258 4.86086 0.351002
v 7.99031 4.86142 0.351002
v 7.99807 4.86185 0.351002
v 8.00586 4.86217 0.351002
v 8.01368 4.86236 0.351002
v 8.02153 4.86242 0.351002
v 5.06053 0.393129 0.349
v 5.05969 0.400461 0.349
v 5.05728 0.407194 0.349
v 5.0535 0.413136 0.349
v 5.04854 0.418093 0.349
v 5.0426 0.421872 0.349
v 5.03586 0.424282 0.349
v 5.02853 0.425128 0.349
v 5.0212 0.424282 0.349
v 5.01447 0.421872 0.349
v 5.00853 0.418093 0.349
v 5.00357 0.413136 0.349
v 4.99979 0.407194 0.349
v 4.99738 0.400461 0.349
v 4.99653 0.393129 0.349
v 4.99738 0.385797 0.349
v 4.99979 0.379064 0.349
v 5.00357 0.373122 0.349
v 5.00853 0.368165 0.349
v 5.01447 0.364386 0.349
v 5.0212 0.361976 0.349
v 5.02853 0.36113 0.349
v 5.03586 0.361976 0.349
v 5.0426 0.364386 0.349
v 5.04854 0.368165 0.349
v 5.0535 0.373122 0.349
v 5.05728 0.379064 0.349
v 5.05969 0.385797 0.349
v 5.06053 0.393129 1.049
v 5.05969 0.400461 1.049
v 5.05728 0.407194 1.049
v 5.0535 0.413136 1.049
v 5.04854 0.418093 1.049
v 5.0426 0.421872 1.049
v 5.03586 0.424282 1.049
v 5.02853 0.425128 1.049
v 5.0212 0.424282 1.049
v 5.01447 0.421872 1.049
v 5.00853 0.418093 1.049
v 5.00357 0.413136 1.049
v 4.99979 0.407194 1.049
v 4.99738 0.400461 1.049
v 4.99653 0.393129 1.049
v 4.99738 0.385797 1.049
v 4.99979 0.379064 1.049
v 5.00357 0.373122 1.049
v 5.00853 0.368165 1.049
v 5.01447 0.364386 1.049
v 5.0212 0.361976 1.049
v 5.02853 0.36113 1.049
v 5.03586 0.361976 1.049
v 5.0426 0.364386 1.049
v 5.04854 0.368165 1.049
v 5.0535 0.373122 1.049
v 5.05728 0.379064 1.049
v 5.05969 0.385797 1.049
v 5.06053 -0.206871 0.349
v 5.05969 -0.199539 0.349
v 5.05728 -0.192806 0.349
v 5.0535 -0.186864 0.349
v 5.04854 -0.181907 0.349
v 5.0426 -0.178128 0.349
v 5.03586 -0.175718 0.349
v 5.02853 -0.174872 0.349
v 5.0212 -0.175718 0.349
v 5.01447 -0.178128 0.349
v 5.00853 -0.181907 0.349
v 5.00357 -0.186864 0.349
v 4.99979 -0.192806 0.349
v 4.99738 -0.199539 0.349
v 4.99653 -0.206871 0.349
v 4.99738 -0.214203 0.349
v 4.99979 -0.220936 0.349
v 5.00357 -0.226878 0.349
v 5.00853 -0.231835 0.349
v 5.01447 -0.235614 0.349
v 5.0212 -0.238024 0.349
v 5.02853 -0.23887 0.349
v 5.03586 -0.238024 0.349
v 5.0426 -0.235614 0.349
v 5.04854 -0.231835 0.349
v 5.0535 -0.226878 0.349
v 5.05728 -0.220936 0.349
v 5.05969 -0.214203 0.349
v 5.06053 -0.206871 1.049
v 5.05969 -0.199539 1.049
v 5.05728 -0.192806 1.049
v 5.0535 -0.186864 1.049
v 5.04854 -0.181907 1.049
v 5.0426 -0.178128 1.049
v 5.03586 -0.175718 1.049
v 5.02853 -0.174872 1.049
v 5.0212 -0.175718 1.049
v 5.01447 -0.178128 1.049
v 5.00853 -0.181907 1.049
v 5.00357 -0.186864 1.049
v 4.99979 -0.192806 1.049
v 4.99738 -0.199539 1.049
v 4.99653 -0.206871 1.049
v 4.99738 -0.214203 1.049
v 4.99979 -0.220936 1.049
v 5.00357 -0.226878 1.049
v 5.00853 -0.231835 1.049
v 5.01447 -0.235614 1.049
v 5.0212 -0.238024 1.049
v 5.02853 -0.23887 1.049
v 5.03586 -0.238024 1.049
v 5.0426 -0.235614 1.049
v 5.04854 -0.231835 1.049
v 5.0535 -0.226878 1.049
v 5.05728 -0.220936 1.049
v 5.05969 -0.214203 1.049
v 3.77933 -0.206871 0.349
v 3.77848 -0.199539 0.349
v 3.77607 -0.192806 0.349
v 3.77229 -0.186864 0.349
v 3.76734 -0.181907 0.349
v 3.76139 -0.178128 0.349
v 3.75466 -0.175718 0.349
v 3.74733 -0.174872 0.349
v 3.74 -0.175718 0.349
v 3.73326 -0.178128 0.349
v 3.72732 -0.181907 0.349
v 3.72237 -0.186864 0.349
v 3.71859 -0.192806 0.349
v 3.71618 -0.199539 0.349
v 3.71533 -0.206871 0.349
v 3.71618 -0.214203 0.349
v 3.71859 -0.220936 0.349
v 3.72237 -0.226878 0.349
v 3.72732 -0.231835 0.349
v 3.73326 -0.235614 0.349
v 3.74 -0.238024 0.349
v 3.74733 -0.23887 0.349
v 3.75466 -0.238024 0.349
v 3.76139 -0.235614 0.349
v 3.76734 -0.231835 0.349
v 3.77229 -0.226878 0.349
v 3.77607 -0.220936 0.349
v 3.77848 -0.214203 0.349
v 3.77933 -0.206871 1.049
v 3.77848 -0.199539 1.049
v 3.77607 -0.192806 1.049
v 3.77229 -0.186864 1.049
v 3.76734 -0.181907 1.049
v 3.76139 -0.178128 1.049
v 3.75466 -0.175718 1.049
v 3.74733 -0.174872 1.049
v 3.74 -0.175718 1.049
v 3.73326 -0.178128 1.049
v 3.72732 -0.181907 1.049
v 3.72237 -0.186864 1.049
v 3.71859 -0.192806 1.049
v 3.71618 -0.199539 1.049
v 3.71533 -0.206871 1.049
v 3.71618 -0.214203 1.049
v 3.71859 -0.220936 1.049
v 3.72237 -0.226878 1.049
v 3.72732 -0.231835 1.049
v 3.73326 -0.235614 1.049
v 3.74 -0.238024 1.049
v 3.74733 -0.23887 1.049
v 3.75466 -0.238024 1.049
v 3.76139 -0.235614 1.049
v 3.76734 -0.231835 1.049
v 3.77229 -0.226878 1.049
v 3.77607 -0.220936 1.049
v 3.77848 -0.214203 1.049
v -0.531173 4.4604 0.349002
v -0.53123 4.46743 0.349002
v -0.531399 4.47444 0.349002
v -0.531679 4.48142 0.349002
v -0.532071 4.48837 0.349002
v -0.532572 4.49529 0.349002
v -0.533182 4.50218 0.349002
v -0.533901 4.50904 0.349002
v -0.534727 4.51587 0.349002
v -0.535659 4.52266 0.349002
v -0.536697 4.52942 0.349002
v -0.53784 4.53615 0.349002
v -0.539086 4.54284 0.349002
v -0.540436 4.54949 0.349002
v -0.541888 4.5561 0.349002
v -0.543441 4.56268 0.349002
v -0.545094 4.56922 0.349002
v -0.546847 4.57572 0.349002
v -0.548698 4.58217 0.349002
v -0.550648 4.58859 0.349002
v -0.552694 4.59496 0.349002
v -0.554837 4.60129 0.349002
v -0.557074 4.60758 0.349002
v -0.559406 4.61382 0.349002
v -0.561832 4.62001 0.349002
v -0.56435 4.62616 0.349002
v -0.566961 4.63225 0.349002
v -0.569661 4.6383 0.349002
v -0.572452 4.64431 0.349002
v -0.575333 4.65026 0.349002
v -0.578301 4.65616 0.349002
v -0.581357 4.662 0.349002
v -0.5845 4.6678 0.349002
v -0.587728 4.67354 0.349002
v -0.591042 4.67922 0.349002
v -0.594439 4.68485 0.349002
v -0.597919 4.69043 0.349002
v -0.601482 4.69594 0.349002
v -0.605126 4.7014 0.349002
v -0.608851 4.7068 0.349002
v -0.612655 4.71214 0.349002
v -0.616538 4.71742 0.349002
v -0.6205 4.72264 0.349002
v -0.624538 4.72779 0.349002
v -0.628652 4.73288 0.349002
v -0.632842 4.73791 0.349002
v -0.637107 4.74287 0.349002
v -0.641445 4.74777 0.349002
v -0.645856 4.7526 0.349002
v -0.650339 4.75736 0.349002
v -0.654893 4.76205 0.349002
v -0.659517 4.76668 0.349002
v -0.664211 4.77123 0.349002
v -0.668973 4.77571 0.349002
v -0.673802 4.78013 0.349002
v -0.678699 4.78446 0.349002
v -0.683661 4.78873 0.349002
v -0.688688 4.79292 0.349002
v -0.69378 4.79703 0.349002
v -0.698935 4.80107 0.349002
v -0.704152 4.80503 0.349002
v -0.709431 4.80892 0.349002
v -0.71477 4.81272 0.349002
v -0.72017 4.81644 0.349002
v -0.725628 4.82009 0.349002
v -0.731144 4.82365 0.349002
v -0.736718 4.82713 0.349002
v -0.742348 4.83053 0.349002
v -0.748034 4.83384 0.349002
v -0.753774 4.83707 0.349002
v -0.759569 4.84021 0.349002
v -0.765416 4.84327 0.349002
v -0.771315 4.84624 0.349002
v -0.777265 4.84912 0.349002
v -0.783266 4.85191 0.349002
v -0.789316 4.85461 0.349002
v -0.795415 4.85722 0.349002
v -0.801562 4.85974 0.349002
v -0.807756 4.86216 0.349002
v -0.813995 4.8645 0.349002
v -0.82028 4.86673 0.349002
v -0.826609 4.86888 0.349002
v -0.832982 4.87092 0.349002
v -0.839397 4.87287 0.349002
v -0.845854 4.87472 0.349002
v -0.852352 4.87648 0.349002
v -0.85889 4.87813 0.349002
v -0.865467 4.87968 0.349002
v -0.872082 4.88113 0.349002
v -0.878735 4.88248 0.349002
v -0.885424 4.88373 0.349002
v -0.892149 4.88487 0.349002
v -0.898909 4.88591 0.349002
v -0.905702 4.88684 0.349002
v -0.912529 4.88767 0.349002
v -0.919388 4.88839 0.349002
v -0.926278 4.889 0.349002
v -0.933199 4.8895 0.349002
v -0.94015 4.88989 0.349002
v -0.947129 4.89017 0.349002
v -0.954136 4.89034 0.349002
v -0.961171 4.8904 0.349002
v -0.968205 4.89034 0.349002
v -0.975212 4.89017 0.349002
v -0.982192 4.88989 0.349002
v -0.989142 4.8895 0.349002
v -0.996063 4.889 0.349002
v -1.00295 4.88839 0.349002
v -1.00981 4.88767 0.349002
v -1.01664 4.88684 0.349002
v -1.02343 4.88591 0.349002
v -1.03019 4.88487 0.349002
v -1.03692 4.88373 0.349002
v -1.04361 4.88248 0.349002
v -1.05026 4.88113 0.349002
v -1.05687 4.87968 0.349002
v -1.06345 4.87813 0.349002
v -1.06999 4.87648 0.349002
v -1.07649 4.87472 0.349002
v -1.08294 4.87287 0.349002
v -1.08936 4.87092 0.349002
v -1.09573 4.86888 0.349002
v -1.10206 4.86673 0.349002
v -1.10835 4.8645 0.349002
v -1.11459 4.86216 0.349002
v -1.12078 4.85974 0.349002
v -1.12693 4.85722 0.349002
v -1.13303 4.85461 0.349002
v -1.13908 4.85191 0.349002
v -1.14508 4.84912 0.349002
v -1.15103 4.84624 0.349002
v -1.15693 4.84327 0.349002
v -1.16277 4.84021 0.349002
v -1.16857 4.83707 0.349002
v -1.17431 4.83384 0.349002
v -1.17999 4.83053 0.349002
v -1.18562 4.82713 0.349002
v -1.1912 4.82365 0.349002
v -1.19671 4.82009 0.349002
v -1.20217 4.81644 0.349002
v -1.20757 4.81272 0.349002
v -1.21291 4.80892 0.349002
v -1.21819 4.80503 0.349002
v -1.22341 4.80107 0.349002
v -1.22856 4.79703 0.349002
v -1.23365 4.79292 0.349002
v -1.23868 4.78873 0.349002
v -1.24364 4.78446 0.349002
v -1.24854 4.78013 0.349002
v -1.25337 4.77571 0.349002
v -1.25813 4.77123 0.349002
v -1.26282 4.76668 0.349002
v -1.26745 4.76205 0.349002
v -1.272 4.75736 0.349002
v -1.27649 4.7526 0.349002
v -1.2809 4.74777 0.349002
v -1.28523 4.74287 0.349002
v -1.2895 4.73791 0.349002
v -1.29369 4.73288 0.349002
v -1.2978 4.72779 0.349002
v -1.30184 4.72264 0.349002
v -1.3058 4.71742 0.349002
v -1.30969 4.71214 0.349002
v -1.31349 4.7068 0.349002
v -1.31722 4.7014 0.349002
v -1.32086 4.69594 0.349002
v -1.32442 4.69043 0.349002
v -1.3279 4.68485 0.349002
v -1.3313 4.67922 0.349002
v -1.33461 4.67354 0.349002
v -1.33784 4.6678 0.349002
v -1.34098 4.662 0.349002
v -1.34404 4.65616 0.349002
v -1.34701 4.65026 0.349002
v -1.34989 4.64431 0.349002
v -1.35268 4.6383 0.349002
v -1.35538 4.63225 0.349002
v -1.35799 4.62616 0.349002
v -1.36051 4.62001 0.349002
v -1.36293 4.61382 0.349002
v -1.36527 4.60758 0.349002
v -1.3675 4.60129 0.349002
v -1.36965 4.59496 0.349002
v -1.37169 4.58859 0.349002
v -1.37364 4.58217 0.349002
v -1.37549 4.57572 0.349002
v -1.37725 4.56922 0.349002
v -1.3789 4.56268 0.349002
v -1.38045 4.5561 0.349002
v -1.38191 4.54949 0.349002
v -1.38326 4.54284 0.349002
v -1.3845 4.53615 0.349002
v -1.38564 4.52942 0.349002
v -1.38668 4.52266 0.349002
v -1.38761 4.51587 0.349002
v -1.38844 4.50904 0.349002
v -1.38916 4.50218 0.349002
v -1.38977 4.49529 0.349002
v -1.39027 4.48837 0.349002
v -1.39066 4.48142 0.349002
v -1.39094 4.47444 0.349002
v -1.39111 4.46743 0.349002
v -1.39117 4.4604 0.349002
v -1.39111 4.45337 0.349002
v -1.39094 4.44636 0.349002
v -1.39066 4.43938 0.349002
v -1.39027 4.43243 0.349002
v -1.38977 4.42551 0.349002
v -1.38916 4.41862 0.349002
v -1.38844 4.41176 0.349002
v -1.38761 4.40493 0.349002
v -1.38668 4.39814 0.349002
v -1.38564 4.39138 0.349002
v -1.3845 4.38465 0.349002
v -1.38326 4.37796 0.349002
v -1.38191 4.37131 0.349002
v -1.38045 4.3647 0.349002
v -1.3789 4.35812 0.349002
v -1.37725 4.35158 0.349002
v -1.37549 4.34508 0.349002
v -1.37364 4.33863 0.349002
v -1.37169 4.33221 0.349002
v -1.36965 4.32584 0.349002
v -1.3675 4.31951 0.349002
v -1.36527 4.31322 0.349002
v -1.36293 4.30699 0.349002
v -1.36051 4.30079 0.349002
v -1.35799 4.29464 0.349002
v -1.35538 4.28855 0.349002
v -1.35268 4.2825 0.349002
v -1.34989 4.27649 0.349002
v -1.34701 4.27054 0.349002
v -1.34404 4.26465 0.349002
v -1.34098 4.2588 0.349002
v -1.33784 4.253 0.349002
v -1.33461 4.24726 0.349002
v -1.3313 4.24158 0.349002
v -1.3279 4.23595 0.349002
v -1.32442 4.23037 0.349002
v -1.32086 4.22486 0.349002
v -1.31722 4.2194 0.349002
v -1.31349 4.214 0.349002
v -1.30969 4.20866 0.349002
v -1.3058 4.20338 0.349002
v -1.30184 4.19816 0.349002
v -1.2978 4.19301 0.349002
v -1.29369 4.18792 0.349002
v -1.2895 4.18289 0.349002
v -1.28523 4.17793 0.349002
v -1.2809 4.17303 0.349002
v -1.27649 4.1682 0.349002
v -1.272 4.16344 0.349002
v -1.26745 4.15875 0.349002
v -1.26282 4.15412 0.349002
v -1.25813 4.14957 0.349002
v -1.25337 4.14509 0.349002
v -1.24854 4.14067 0.349002
v -1.24364 4.13634 0.349002
v -1.23868 4.13207 0.349002
v -1.23365 4.12788 0.349002
v -1.22856 4.12377 0.349002
v -1.22341 4.11973 0.349002
v -1.21819 4.11577 0.349002
v -1.21291 4.11188 0.349002
v -1.20757 4.10808 0.349002
v -1.20217 4.10436 0.349002
v -1.19671 4.10071 0.349002
v -1.1912 4.09715 0.349002
v -1.18562 4.09367 0.349002
v -1.17999 4.09027 0.349002
v -1.17431 4.08696 0.349002
v -1.16857 4.08373 0.349002
v -1.16277 4.08059 0.349002
v -1.15693 4.07753 0.349002
v -1.15103 4.07456 0.349002
v -1.14508 4.07168 0.349002
v -1.13908 4.06889 0.349002
v -1.13302 4.06619 0.349002
v -1.12693 4.06358 0.349002
v -1.12078 4.06106 0.349002
v -1.11459 4.05864 0.349002
v -1.10835 4.0563 0.349002
v -1.10206 4.05407 0.349002
v -1.09573 4.05192 0.349002
v -1.08936 4.04988 0.349002
v -1.08294 4.04793 0.349002
v -1.07649 4.04608 0.349002
v -1.06999 4.04432 0.349002
v -1.06345 4.04267 0.349002
v -1.05687 4.04112 0.349002
v -1.05026 4.03967 0.349002
v -1.04361 4.03832 0.349002
v -1.03692 4.03707 0.349002
v -1.03019 4.03593 0.349002
v -1.02343 4.03489 0.349002
v -1.01664 4.03396 0.349002
v -1.00981 4.03313 0.349002
v -1.00295 4.03241 0.349002
v -0.996063 4.0318 0.349002
v -0.989142 4.0313 0.349002
v -0.982192 4.03091 0.349002
v -0.975212 4.03063 0.349002
v -0.968205 4.03046 0.349002
v -0.961171 4.0304 0.349002
v -0.954136 4.03046 0.349002
v -0.947129 4.03063 0.349002
v -0.94015 4.03091 0.349002
v -0.933199 4.0313 0.349002
v -0.926278 4.0318 0.349002
v -0.919388 4.03241 0.349002
v -0.912529 4.03313 0.349002
v -0.905702 4.03396 0.349002
v -0.898908 4.03489 0.349002
v -0.892149 4.03593 0.349002
v -0.885424 4.03707 0.349002
v -0.878735 4.03832 0.349002
v -0.872082 4.03967 0.349002
v -0.865467 4.04112 0.349002
v -0.85889 4.04267 0.349002
v -0.852352 4.04432 0.349002
v -0.845854 4.04608 0.349002
v -0.839397 4.04793 0.349002
v -0.832982 4.04988 0.349002
v -0.826609 4.05192 0.349002
v -0.82028 4.05407 0.349002
v -0.813995 4.0563 0.349002
v -0.807756 4.05864 0.349002
v -0.801562 4.06106 0.349002
v -0.795415 4.06358 0.349002
v -0.789316 4.06619 0.349002
v -0.783266 4.06889 0.349002
v -0.777265 4.07168 0.349002
v -0.771315 4.07456 0.349002
v -0.765416 4.07753 0.349002
v -0.759568 4.08059 0.349002
v -0.753774 4.08373 0.349002
v -0.748034 4.08696 0.349002
v -0.742348 4.09027 0.349002
v -0.736718 4.09367 0.349002
v -0.731144 4.09715 0.349002
v -0.725628 4.10071 0.349002
v -0.720169 4.10436 0.349002
v -0.71477 4.10808 0.349002
v -0.709431 4.11188 0.349002
v -0.704152 4.11577 0.349002
v -0.698935 4.11973 0.349002
v -0.69378 4.12377 0.349002
v -0.688688 4.12788 0.349002
v -0.683661 4.13207 0.349002
v -0.678699 4.13634 0.349002
v -0.673802 4.14067 0.349002
v -0.668973 4.14509 0.349002
v -0.664211 4.14957 0.349002
v -0.659517 4.15412 0.349002
v -0.654893 4.15875 0.349002
v -0.650339 4.16344 0.349002
v -0.645856 4.1682 0.349002
v -0.641445 4.17303 0.349002
v -0.637107 4.17793 0.349002
v -0.632842 4.18289 0.349002
v -0.628653 4.18792 0.349002
v -0.624538 4.19301 0.349002
v -0.6205 4.19816 0.349002
v -0.616538 4.20338 0.349002
v -0.612655 4.20866 0.349002
v -0.608851 4.214 0.349002
v -0.605126 4.2194 0.349002
v -0.601482 4.22486 0.349002
v -0.597919 4.23037 0.349002
v -0.594439 4.23595 0.349002
v -0.591041 4.24158 0.349002
v -0.587728 4.24726 0.349002
v -0.5845 4.253 0.349002
v -0.581357 4.2588 0.349002
v -0.578301 4.26465 0.349002
v -0.575333 4.27054 0.349002
v -0.572452 4.27649 0.349002
v -0.569661 4.2825 0.349002
v -0.56696 4.28855 0.349002
v -0.56435 4.29464 0.349002
v -0.561832 4.30079 0.349002
v -0.559407 4.30699 0.349002
v -0.557074 4.31322 0.349002
v -0.554837 4.31951 0.349002
v -0.552694 4.32584 0.349002
v -0.550648 4.33221 0.349002
v -0.548698 4.33863 0.349002
v -0.546847 4.34508 0.349002
v -0.545094 4.35158 0.349002
v -0.543441 4.35812 0.349002
v -0.541888 4.3647 0.349002
v -0.540436 4.37131 0.349002
v -0.539086 4.37796 0.349002
v -0.53784 4.38465 0.349002
v -0.536697 4.39138 0.349002
v -0.535659 4.39814 0.349002
v -0.534727 4.40493 0.349002
v -0.533901 4.41176 0.349002
v -0.533182 4.41862 0.349002
v -0.532572 4.42551 0.349002
v -0.532071 4.43243 0.349002
v -0.531679 4.43938 0.349002
v -0.531399 4.44636 0.349002
v -0.53123 4.45337 0.349002
v -0.531173 4.4604 0.351002
v -0.53123 4.46743 0.351002
v -0.531399 4.47444 0.351002
v -0.531679 4.48142 0.351002
v -0.532071 4.48837 0.351002
v -0.532572 4.49529 0.351002
v -0.533182 4.50218 0.351002
v -0.533901 4.50904 0.351002
v -0.534727 4.51587 0.351002
v -0.535659 4.52266 0.351002
v -0.536697 4.52942 0.351002
v -0.53784 4.53615 0.351002
v -0.539086 4.54284 0.351002
v -0.540436 4.54949 0.351002
v -0.541888 4.5561 0.351002
v -0.543441 4.56268 0.351002
v -0.545094 4.56922 0.351002
v -0.546847 4.57572 0.351002
v -0.548698 4.58217 0.351002
v -0.550648 4.58859 0.351002
v -0.552694 4.59496 0.351002
v -0.554837 4.60129 0.351002
v -0.557074 4.60758 0.351002
v -0.559406 4.61382 0.351002
v -0.561832 4.62001 0.351002
v -0.56435 4.62616 0.351002
v -0.566961 4.63225 0.351002
v -0.569661 4.6383 0.351002
v -0.572452 4.64431 0.351002
v -0.575333 4.65026 0.351002
v -0.578301 4.65616 0.351002
v -0.581357 4.662 0.351002
v -0.5845 4.6678 0.351002
v -0.587728 4.67354 0.351002
v -0.591042 4.67922 0.351002
v -0.594439 4.68485 0.351002
v -0.597919 4.69043 0.351002
v -0.601482 4.69594 0.351002
v -0.605126 4.7014 0.351002
v -0.608851 4.7068 0.351002
v -0.612655 4.71214 0.351002
v -0.616538 4.71742 0.351002
v -0.6205 4.72264 0.351002
v -0.624538 4.72779 0.351002
v -0.628652 4.73288 0.351002
v -0.632842 4.73791 0.351002
v -0.637107 4.74287 0.351002
v -0.641445 4.74777 0.351002
v -0.645856 4.7526 0.351002
v -0.650339 4.75736 0.351002
v -0.654893 4.76205 0.351002
v -0.659517 4.76668 0.351002
v -0.664211 4.77123 0.351002
v -0.668973 4.77571 0.351002
v -0.673802 4.78013 0.351002
v -0.678699 4.78446 0.351002
v -0.683661 4.78873 0.351002
v -0.688688 4.79292 0.351002
v -0.69378 4.79703 0.351002
v -0.698935 4.80107 0.351002
v -0.704152 4.80503 0.351002
v -0.709431 4.80892 0.351002
v -0.71477 4.81272 0.351002
v -0.72017 4.81644 0.351002
v -0.725628 4.82009 0.351002
v -0.731144 4.82365 0.351002
v -0.736718 4.82713 0.351002
v -0.742348 4.83053 0.351002
v -0.748034 4.83384 0.351002
v -0.753774 4.83707 0.351002
v -0.759569 4.84021 0.351002
v -0.765416 4.84327 0.351002
v -0.771315 4.84624 0.351002
v -0.777265 4.84912 0.351002
v -0.783266 4.85191 0.351002
v -0.789316 4.85461 0.351002
v -0.795415 4.85722 0.351002
v -0.801562 4.85974 0.351002
v -0.807756 4.86216 0.351002
v -0.813995 4.8645 0.351002
v -0.82028 4.86673 0.351002
v -0.826609 4.86888 0.351002
v -0.832982 4.87092 0.351002
v -0.839397 4.87287 0.351002
v -0.845854 4.87472 0.351002
v -0.852352 4.87648 0.351002
v -0.85889 4.87813 0.351002
v -0.865467 4.87968 0.351002
v -0.872082 4.88113 0.351002
v -0.878735 4.88248 0.351002
v -0.885424 4.88373 0.351002
v -0.892149 4.88487 0.351002
v -0.898909 4.88591 0.351002
v -0.905702 4.88684 0.351002
v -0.912529 4.88767 0.351002
v -0.919388 4.88839 0.351002
v -0.926278 4.889 0.351002
v -0.933199 4.8895 0.351002
v -0.94015 4.88989 0.351002
v -0.947129 4.89017 0.351002
v -0.954136 4.89034 0.351002
v -0.961171 4.8904 0.351002
v -0.968205 4.89034 0.351002
v -0.975212 4.89017 0.351002
v -0.982192 4.88989 0.351002
v -0.989142 4.8895 0.351002
v -0.996063 4.889 0.351002
v -1.00295 4.88839 0.351002
v -1.00981 4.88767 0.351002
v -1.01664 4.88684 0.351002
v -1.02343 4.88591 0.351002
v -1.03019 4.88487 0.351002
v -1.03692 4.88373 0.351002
v -1.04361 4.88248 0.351002
v -1.05026 4.88113 0.351002
v -1.05687 4.87968 0.351002
v -1.06345 4.87813 0.351002
v -1.06999 4.87648 0.351002
v -1.07649 4.87472 0.351002
v -1.08294 4.87287 0.351002
v -1.08936 4.87092 0.351002
v -1.09573 4.86888 0.351002
v -1.10206 4.86673 0.351002
v -1.10835 4.8645 0.351002
v -1.11459 4.86216 0.351002
v -1.12078 4.85974 0.351002
v -1.12693 4.85722 0.351002
v -1.13303 4.85461 0.351002
v -1.13908 4.85191 0.351002
v -1.14508 4.84912 0.351002
v -1.15103 4.84624 0.351002
v -1.15693 4.84327 0.351002
v -1.16277 4.84021 0.351002
v -1.16857 4.83707 0.351002
v -1.17431 4.83384 0.351002
v -1.17999 4.83053 0.351002
v -1.18562 4.82713 0.351002
v -1.1912 4.82365 0.351002
v -1.19671 4.82009 0.351002
v -1.20217 4.81644 0.351002
v -1.20757 4.81272 0.351002
v -1.21291 4.80892 0.351002
v -1.21819 4.80503 0.351002
v -1.22341 4.80107 0.351002
v -1.22856 4.79703 0.351002
v -1.23365 4.79292 0.351002
v -1.23868 4.78873 0.351002
v -1.24364 4.78446 0.351002
v -1.24854 4.78013 0.351002
v -1.25337 4.77571 0.351002
v -1.25813 4.77123 0.351002
v -1.26282 4.76668 0.351002
v -1.26745 4.76205 0.351002
v -1.272 4.75736 0.351002
v -1.27649 4.7526 0.351002
v -1.2809 4.74777 0.351002
v -1.28523 4.74287 0.351002
v -1.2895 4.73791 0.351002
v -1.29369 4.73288 0.351002
v -1.2978 4.72779 0.351002
v -1.30184 4.72264 0.351002
v -1.3058 4.71742 0.351002
v -1.30969 4.71214 0.351002
v -1.31349 4.7068 0.351002
v -1.31722 4.7014 0.351002
v -1.32086 4.69594 0.351002
v -1.32442 4.69043 0.351002
v -1.3279 4.68485 0.351002
v -1.3313 4.67922 0.351002
v -1.33461 4.67354 0.351002
v -1.33784 4.6678 0.351002
v -1.34098 4.662 0.351002
v -1.34404 4.65616 0.351002
v -1.34701 4.65026 0.351002
v -1.34989 4.64431 0.351002
v -1.35268 4.6383 0.351002
v -1.35538 4.63225 0.351002
v -1.35799 4.62616 0.351002
v -1.36051 4.62001 0.351002
v -1.36293 4.61382 0.351002
v -1.36527 4.60758 0.351002
v -1.3675 4.60129 0.351002
v -1.36965 4.59496 0.351002
v -1.37169 4.58859 0.351002
v -1.37364 4.58217 0.351002
v -1.37549 4.57572 0.351002
v -1.37725 4.56922 0.351002
v -1.3789 4.56268 0.351002
v -1.38045 4.5561 0.351002
v -1.38191 4.54949 0.351002
v -1.38326 4.54284 0.351002
v -1.3845 4.53615 0.351002
v -1.38564 4.52942 0.351002
v -1.38668 4.52266 0.351002
v -1.38761 4.51587 0.351002
v -1.38844 4.50904 0.351002
v -1.38916 4.50218 0.351002
v -1.38977 4.49529 0.351002
v -1.39027 4.48837 0.351002
v -1.39066 4.48142 0.351002
v -1.39094 4.47444 0.351002
v -1.39111 4.46743 0.351002
v -1.39117 4.4604 0.351002
v -1.39111 4.45337 0.351002
v -1.39094 4.44636 0.351002
v -1.39066 4.43938 0.351002
v -1.39027 4.43243 0.351002
v -1.38977 4.42551 0.351002
v -1.38916 4.41862 0.351002
v -1.38844 4.41176 0.351002
v -1.38761 4.40493 0.351002
v -1.38668 4.39814 0.351002
v -1.38564 4.39138 0.351002
v -1.3845 4.38465 0.351002
v -1.38326 4.37796 0.351002
v -1.38191 4.37131 0.351002
v -1.38045 4.3647 0.351002
v -1.3789 4.35812 0.351002
v -1.37725 4.35158 0.351002
v -1.37549 4.34508 0.351002
v -1.37364 4.33863 0.351002
v -1.37169 4.33221 0.351002
v -1.36965 4.32584 0.351002
v -1.3675 4.31951 0.351002
v -1.36527 4.31322 0.351002
v -1.36293 4.30699 0.351002
v -1.36051 4.30079 0.351002
v -1.35799 4.29464 0.351002
v -1.35538 4.28855 0.351002
v -1.35268 4.2825 0.351002
v -1.34989 4.27649 0.351002
v -1.34701 4.27054 0.351002
v -1.34404 4.26465 0.351002
v -1.34098 4.2588 0.351002
v -1.33784 4.253 0.351002
v -1.33461 4.24726 0.351002
v -1.3313 4.24158 0.351002
v -1.3279 4.23595 0.351002
v -1.32442 4.23037 0.351002
v -1.32086 4.22486 0.351002
v -1.31722 4.2194 0.351002
v -1.31349 4.214 0.351002
v -1.30969 4.20866 0.351002
v -1.3058 4.20338 0.351002
v -1.30184 4.19816 0.351002
v -1.2978 4.19301 0.351002
v -1.29369 4.18792 0.351002
v -1.2895 4.18289 0.351002
v -1.28523 4.17793 0.351002
v -1.2809 4.17303 0.351002
v -1.27649 4.1682 0.351002
v -1.272 4.16344 0.351002
v -1.26745 4.15875 0.351002
v -1.26282 4.15412 0.351002
v -1.25813 4.14957 0.351002
v -1.25337 4.14509 0.351002
v -1.24854 4.14067 0.351002
v -1.24364 4.13634 0.351002
v -1.23868 4.13207 0.351002
v -1.23365 4.12788 0.351002
v -1.22856 4.12377 0.351002
v -1.22341 4.11973 0.351002
v -1.21819 4.11577 0.351002
v -1.21291 4.11188 0.351002
v -1.20757 4.10808 0.351002
v -1.20217 4.10436 0.351002
v -1.19671 4.10071 0.351002
v -1.1912 4.09715 0.351002
v -1.18562 4.09367 0.351002
v -1.17999 4.09027 0.351002
v -1.17431 4.08696 0.351002
v -1.16857 4.08373 0.351002
v -1.16277 4.08059 0.351002
v -1.15693 4.07753 0.351002
v -1.15103 4.07456 0.351002
v -1.14508 4.07168 0.351002
v -1.13908 4.06889 0.351002
v -1.13302 4.06619 0.351002
v -1.12693 4.06358 0.351002
v -1.12078 4.06106 0.351002
v -1.11459 4.05864 0.351002
v -1.10835 4.0563 0.351002
v -1.10206 4.05407 0.351002
v -1.09573 4.05192 0.351002
v -1.08936 4.04988 0.351002
v -1.08294 4.04793 0.351002
v -1.07649 4.04608 0.351002
v -1.06999 4.04432 0.351002
v -1.06345 4.04267 0.351002
v -1.05687 4.04112 0.351002
v -1.05026 4.03967 0.351002
v -1.04361 4.03832 0.351002
v -1.03692 4.03707 0.351002
v -1.03019 4.03593 0.351002
v -1.02343 4.03489 0.351002
v -1.01664 4.03396 0.351002
v -1.00981 4.03313 0.351002
v -1.00295 4.03241 0.351002
v -0.996063 4.0318 0.351002
v -0.989142 4.0313 0.351002
v -0.982192 4.03091 0.351002
v -0.975212 4.03063 0.351002
v -0.968205 4.03046 0.351002
v -0.961171 4.0304 0.351002
v -0.954136 4.03046 0.351002
v -0.947129 4.03063 0.351002
v -0.94015 4.03091 0.351002
v -0.933199 4.0313 0.351002
v -0.926278 4.0318 0.351002
v -0.919388 4.03241 0.351002
v -0.912529 4.03313 0.351002
v -0.905702 4.03396 0.351002
v -0.898908 4.03489 0.351002
v -0.892149 4.03593 0.351002
v -0.885424 4.03707 0.351002
v -0.878735 4.03832 0.351002
v -0.872082 4.03967 0.351002
v -0.865467 4.04112 0.351002
v -0.85889 4.04267 0.351002
v -0.852352 4.04432 0.351002
v -0.845854 4.04608 0.351002
v -0.839397 4.04793 0.351002
v -0.832982 4.04988 0.351002
v -0.826609 4.05192 0.351002
v -0.82028 4.05407 0.351002
v -0.813995 4.0563 0.351002
v -0.807756 4.05864 0.351002
v -0.801562 4.06106 0.351002
v -0.795415 4.06358 0.351002
v -0.789316 4.06619 0.351002
v -0.783266 4.06889 0.351002
v -0.777265 4.07168 0.351002
v -0.771315 4.07456 0.351002
v -0.765416 4.07753 0.351002
v -0.759568 4.08059 0.351002
v -0.753774 4.08373 0.351002
v -0.748034 4.08696 0.351002
v -0.742348 4.09027 0.351002
v -0.736718 4.09367 0.351002
v -0.731144 4.09715 0.351002
v -0.725628 4.10071 0.351002
v -0.720169 4.10436 0.351002
v -0.71477 4.10808 0.351002
v -0.709431 4.11188 0.351002
v -0.704152 4.11577 0.351002
v -0.698935 4.11973 0.351002
v -0.69378 4.12377 0.351002
v -0.688688 4.12788 0.351002
v -0.683661 4.13207 0.351002
v -0.678699 4.13634 0.351002
v -0.673802 4.14067 0.351002
v -0.668973 4.14509 0.351002
v -0.664211 4.14957 0.351002
v -0.659517 4.15412 0.351002
v -0.654893 4.15875 0.351002
v -0.650339 4.16344 0.351002
v -0.645856 4.1682 0.351002
v -0.641445 4.17303 0.351002
v -0.637107 4.17793 0.351002
v -0.632842 4.18289 0.351002
v -0.628653 4.18792 0.351002
v -0.624538 4.19301 0.351002
v -0.6205 4.19816 0.351002
v -0.616538 4.20338 0.351002
v -0.612655 4.20866 0.351002
v -0.608851 4.214 0.351002
v -0.605126 4.2194 0.351002
v -0.601482 4.22486 0.351002
v -0.597919 4.23037 0.351002
v -0.594439 4.23595 0.351002
v -0.591041 4.24158 0.351002
v -0.587728 4.24726 0.351002
v -0.5845 4.253 0.351002
v -0.581357 4.2588 0.351002
v -0.578301 4.26465 0.351002
v -0.575333 4.27054 0.351002
v -0.572452 4.27649 0.351002
v -0.569661 4.2825 0.351002
v -0.56696 4.28855 0.351002
v -0.56435 4.29464 0.351002
v -0.561832 4.30079 0.351002
v -0.559407 4.30699 0.351002
v -0.557074 4.31322 0.351002
v -0.554837 4.31951 0.351002
v -0.552694 4.32584 0.351002
v -0.550648 4.33221 0.351002
v -0.548698 4.33863 0.351002
v -0.546847 4.34508 0.351002
v -0.545094 4.35158 0.351002
v -0.543441 4.35812 0.351002
v -0.541888 4.3647 0.351002
v -0.540436 4.37131 0.351002
v -0.539086 4.37796 0.351002
v -0.53784 4.38465 0.351002
v -0.536697 4.39138 0.351002
v -0.535659 4.39814 0.351002
v -0.534727 4.40493 0.351002
v -0.533901 4.41176 0.351002
v -0.533182 4.41862 0.351002
v -0.532572 4.42551 0.351002
v -0.532071 4.43243 0.351002
v -0.531679 4.43938 0.351002
v -0.531399 4.44636 0.351002
v -0.53123 4.45337 0.351002
v -0.461171 4.4604 0.349002
v -0.461236 4.46858 0.349002
v -0.461433 4.47673 0.349002
v -0.461759 4.48484 0.349002
v -0.462214 4.49293 0.349002
v -0.462797 4.50097 0.349002
v -0.463507 4.50898 0.349002
v -0.464343 4.51696 0.349002
v -0.465303 4.5249 0.349002
v -0.466387 4.5328 0.349002
v -0.467594 4.54066 0.349002
v -0.468923 4.54848 0.349002
v -0.470372 4.55626 0.349002
v -0.471942 4.56399 0.349002
v -0.47363 4.57168 0.349002
v -0.475435 4.57933 0.349002
v -0.477358 4.58693 0.349002
v -0.479396 4.59449 0.349002
v -0.481549 4.602 0.349002
v -0.483816 4.60946 0.349002
v -0.486196 4.61687 0.349002
v -0.488687 4.62423 0.349002
v -0.491289 4.63153 0.349002
v -0.494001 4.63879 0.349002
v -0.496821 4.64599 0.349002
v -0.499749 4.65314 0.349002
v -0.502785 4.66023 0.349002
v -0.505925 4.66727 0.349002
v -0.509171 4.67424 0.349002
v -0.51252 4.68116 0.349002
v -0.515972 4.68802 0.349002
v -0.519525 4.69482 0.349002
v -0.523179 4.70156 0.349002
v -0.526933 4.70823 0.349002
v -0.530786 4.71485 0.349002
v -0.534736 4.72139 0.349002
v -0.538783 4.72787 0.349002
v -0.542926 4.73429 0.349002
v -0.547163 4.74063 0.349002
v -0.551495 4.74691 0.349002
v -0.555918 4.75312 0.349002
v -0.560434 4.75926 0.349002
v -0.56504 4.76533 0.349002
v -0.569736 4.77132 0.349002
v -0.57452 4.77724 0.349002
v -0.579392 4.78309 0.349002
v -0.584351 4.78886 0.349002
v -0.589395 4.79455 0.349002
v -0.594524 4.80017 0.349002
v -0.599737 4.8057 0.349002
v -0.605032 4.81116 0.349002
v -0.610409 4.81654 0.349002
v -0.615867 4.82183 0.349002
v -0.621404 4.82705 0.349002
v -0.62702 4.83218 0.349002
v -0.632714 4.83722 0.349002
v -0.638484 4.84218 0.349002
v -0.64433 4.84705 0.349002
v -0.65025 4.85184 0.349002
v -0.656244 4.85653 0.349002
v -0.662311 4.86114 0.349002
v -0.668449 4.86565 0.349002
v -0.674658 4.87008 0.349002
v -0.680936 4.87441 0.349002
v -0.687283 4.87864 0.349002
v -0.693697 4.88279 0.349002
v -0.700179 4.88683 0.349002
v -0.706725 4.89078 0.349002
v -0.713337 4.89464 0.349002
v -0.720011 4.89839 0.349002
v -0.726749 4.90205 0.349002
v -0.733548 4.9056 0.349002
v -0.740408 4.90905 0.349002
v -0.747327 4.9124 0.349002
v -0.754304 4.91565 0.349002
v -0.76134 4.91879 0.349002
v -0.768432 4.92182 0.349002
v -0.775579 4.92475 0.349002
v -0.782781 4.92757 0.349002
v -0.790036 4.93028 0.349002
v -0.797344 4.93288 0.349002
v -0.804704 4.93538 0.349002
v -0.812114 4.93775 0.349002
v -0.819573 4.94002 0.349002
v -0.827081 4.94217 0.349002
v -0.834637 4.94421 0.349002
v -0.842239 4.94614 0.349002
v -0.849887 4.94794 0.349002
v -0.857579 4.94963 0.349002
v -0.865315 4.9512 0.349002
v -0.873093 4.95265 0.349002
v -0.880913 4.95398 0.349002
v -0.888773 4.95518 0.349002
v -0.896672 4.95627 0.349002
v -0.90461 4.95723 0.349002
v -0.912586 4.95806 0.349002
v -0.920598 4.95877 0.349002
v -0.928646 4.95936 0.349002
v -0.936728 4.95981 0.349002
v -0.944843 4.96014 0.349002
v -0.952991 4.96033 0.349002
v -0.961171 4.9604 0.349002
v -0.96935 4.96033 0.349002
v -0.977498 4.96014 0.349002
v -0.985614 4.95981 0.349002
v -0.993696 4.95936 0.349002
v -1.00174 4.95877 0.349002
v -1.00976 4.95806 0.349002
v -1.01773 4.95723 0.349002
v -1.02567 4.95627 0.349002
v -1.03357 4.95518 0.349002
v -1.04143 4.95398 0.349002
v -1.04925 4.95265 0.349002
v -1.05703 4.9512 0.349002
v -1.06476 4.94963 0.349002
v -1.07245 4.94794 0.349002
v -1.0801 4.94614 0.349002
v -1.0877 4.94421 0.349002
v -1.09526 4.94217 0.349002
v -1.10277 4.94002 0.349002
v -1.11023 4.93775 0.349002
v -1.11764 4.93538 0.349002
v -1.125 4.93288 0.349002
v -1.13231 4.93028 0.349002
v -1.13956 4.92757 0.349002
v -1.14676 4.92475 0.349002
v -1.15391 4.92182 0.349002
v -1.161 4.91879 0.349002
v -1.16804 4.91565 0.349002
v -1.17501 4.9124 0.349002
v -1.18193 4.90905 0.349002
v -1.18879 4.9056 0.349002
v -1.19559 4.90205 0.349002
v -1.20233 4.89839 0.349002
v -1.209 4.89464 0.349002
v -1.21562 4.89078 0.349002
v -1.22216 4.88683 0.349002
v -1.22864 4.88279 0.349002
v -1.23506 4.87864 0.349002
v -1.24141 4.87441 0.349002
v -1.24768 4.87008 0.349002
v -1.25389 4.86565 0.349002
v -1.26003 4.86114 0.349002
v -1.2661 4.85653 0.349002
v -1.27209 4.85184 0.349002
v -1.27801 4.84705 0.349002
v -1.28386 4.84218 0.349002
v -1.28963 4.83722 0.349002
v -1.29532 4.83218 0.349002
v -1.30094 4.82705 0.349002
v -1.30647 4.82183 0.349002
v -1.31193 4.81654 0.349002
v -1.31731 4.81116 0.349002
v -1.3226 4.8057 0.349002
v -1.32782 4.80017 0.349002
v -1.33295 4.79455 0.349002
v -1.33799 4.78886 0.349002
v -1.34295 4.78309 0.349002
v -1.34782 4.77724 0.349002
v -1.35261 4.77132 0.349002
v -1.3573 4.76533 0.349002
v -1.36191 4.75926 0.349002
v -1.36642 4.75312 0.349002
v -1.37085 4.74691 0.349002
v -1.37518 4.74063 0.349002
v -1.37942 4.73429 0.349002
v -1.38356 4.72787 0.349002
v -1.38761 4.72139 0.349002
v -1.39156 4.71485 0.349002
v -1.39541 4.70823 0.349002
v -1.39916 4.70156 0.349002
v -1.40282 4.69482 0.349002
v -1.40637 4.68802 0.349002
v -1.40982 4.68116 0.349002
v -1.41317 4.67424 0.349002
v -1.41642 4.66727 0.349002
v -1.41956 4.66023 0.349002
v -1.42259 4.65314 0.349002
v -1.42552 4.64599 0.349002
v -1.42834 4.63879 0.349002
v -1.43105 4.63153 0.349002
v -1.43365 4.62423 0.349002
v -1.43615 4.61687 0.349002
v -1.43853 4.60946 0.349002
v -1.44079 4.602 0.349002
v -1.44295 4.59449 0.349002
v -1.44498 4.58693 0.349002
v -1.44691 4.57933 0.349002
v -1.44871 4.57168 0.349002
v -1.4504 4.56399 0.349002
v -1.45197 4.55626 0.349002
v -1.45342 4.54848 0.349002
v -1.45475 4.54066 0.349002
v -1.45595 4.5328 0.349002
v -1.45704 4.5249 0.349002
v -1.458 4.51696 0.349002
v -1.45883 4.50898 0.349002
v -1.45954 4.50097 0.349002
v -1.46013 4.49293 0.349002
v -1.46058 4.48484 0.349002
v -1.46091 4.47673 0.349002
v -1.46111 4.46858 0.349002
v -1.46117 4.4604 0.349002
v -1.46111 4.45222 0.349002
v -1.46091 4.44407 0.349002
v -1.46058 4.43596 0.349002
v -1.46013 4.42788 0.349002
v -1.45954 4.41983 0.349002
v -1.45883 4.41182 0.349002
v -1.458 4.40384 0.349002
v -1.45704 4.3959 0.349002
v -1.45595 4.388 0.349002
v -1.45475 4.38014 0.349002
v -1.45342 4.37232 0.349002
v -1.45197 4.36454 0.349002
v -1.4504 4.35681 0.349002
v -1.44871 4.34912 0.349002
v -1.44691 4.34147 0.349002
v -1.44498 4.33387 0.349002
v -1.44295 4.32631 0.349002
v -1.44079 4.3188 0.349002
v -1.43853 4.31134 0.349002
v -1.43615 4.30393 0.349002
v -1.43365 4.29657 0.349002
v -1.43105 4.28927 0.349002
v -1.42834 4.28201 0.349002
v -1.42552 4.27481 0.349002
v -1.42259 4.26766 0.349002
v -1.41956 4.26057 0.349002
v -1.41642 4.25353 0.349002
v -1.41317 4.24656 0.349002
v -1.40982 4.23964 0.349002
v -1.40637 4.23278 0.349002
v -1.40282 4.22598 0.349002
v -1.39916 4.21924 0.349002
v -1.39541 4.21257 0.349002
v -1.39156 4.20595 0.349002
v -1.38761 4.19941 0.349002
v -1.38356 4.19293 0.349002
v -1.37942 4.18651 0.349002
v -1.37518 4.18017 0.349002
v -1.37085 4.17389 0.349002
v -1.36642 4.16768 0.349002
v -1.36191 4.16154 0.349002
v -1.3573 4.15547 0.349002
v -1.35261 4.14948 0.349002
v -1.34782 4.14356 0.349002
v -1.34295 4.13771 0.349002
v -1.33799 4.13194 0.349002
v -1.33295 4.12625 0.349002
v -1.32782 4.12063 0.349002
v -1.3226 4.1151 0.349002
v -1.31731 4.10964 0.349002
v -1.31193 4.10426 0.349002
v -1.30647 4.09897 0.349002
v -1.30094 4.09375 0.349002
v -1.29532 4.08862 0.349002
v -1.28963 4.08358 0.349002
v -1.28386 4.07862 0.349002
v -1.27801 4.07375 0.349002
v -1.27209 4.06896 0.349002
v -1.2661 4.06427 0.349002
v -1.26003 4.05966 0.349002
v -1.25389 4.05515 0.349002
v -1.24768 4.05072 0.349002
v -1.24141 4.04639 0.349002
v -1.23506 4.04216 0.349002
v -1.22864 4.03801 0.349002
v -1.22216 4.03397 0.349002
v -1.21562 4.03002 0.349002
v -1.209 4.02616 0.349002
v -1.20233 4.02241 0.349002
v -1.19559 4.01875 0.349002
v -1.18879 4.0152 0.349002
v -1.18193 4.01175 0.349002
v -1.17501 4.0084 0.349002
v -1.16804 4.00515 0.349002
v -1.161 4.00201 0.349002
v -1.15391 3.99898 0.349002
v -1.14676 3.99605 0.349002
v -1.13956 3.99323 0.349002
v -1.13231 3.99052 0.349002
v -1.125 3.98792 0.349002
v -1.11764 3.98542 0.349002
v -1.11023 3.98305 0.349002
v -1.10277 3.98078 0.349002
v -1.09526 3.97863 0.349002
v -1.0877 3.97659 0.349002
v -1.0801 3.97466 0.349002
v -1.07245 3.97286 0.349002
v -1.06476 3.97117 0.349002
v -1.05703 3.9696 0.349002
v -1.04925 3.96815 0.349002
v -1.04143 3.96682 0.349002
v -1.03357 3.96562 0.349002
v -1.02567 3.96453 0.349002
v -1.01773 3.96357 0.349002
v -1.00976 3.96274 0.349002
v -1.00174 3.96203 0.349002
v -0.993696 3.96144 0.349002
v -0.985614 3.96099 0.349002
v -0.977498 3.96066 0.349002
v -0.96935 3.96047 0.349002
v -0.961171 3.9604 0.349002
v -0.952991 3.96047 0.349002
v -0.944843 3.96066 0.349002
v -0.936728 3.96099 0.349002
v -0.928646 3.96144 0.349002
v -0.920598 3.96203 0.349002
v -0.912586 3.96274 0.349002
v -0.90461 3.96357 0.349002
v -0.896672 3.96453 0.349002
v -0.888773 3.96562 0.349002
v -0.880912 3.96682 0.349002
v -0.873093 3.96815 0.349002
v -0.865315 3.9696 0.349002
v -0.857579 3.97117 0.349002
v -0.849887 3.97286 0.349002
v -0.842239 3.97466 0.349002
v -0.834637 3.97659 0.349002
v -0.827081 3.97863 0.349002
v -0.819573 3.98078 0.349002
v -0.812114 3.98305 0.349002
v -0.804704 3.98543 0.349002
v -0.797344 3.98792 0.349002
v -0.790036 3.99052 0.349002
v -0.782781 3.99323 0.349002
v -0.775579 3.99605 0.349002
v -0.768432 3.99898 0.349002
v -0.76134 4.00201 0.349002
v -0.754304 4.00515 0.349002
v -0.747327 4.0084 0.349002
v -0.740408 4.01175 0.349002
v -0.733548 4.0152 0.349002
v -0.726749 4.01875 0.349002
v -0.720012 4.02241 0.349002
v -0.713337 4.02616 0.349002
v -0.706725 4.03002 0.349002
v -0.700179 4.03397 0.349002
v -0.693697 4.03801 0.349002
v -0.687283 4.04216 0.349002
v -0.680936 4.04639 0.349002
v -0.674658 4.05072 0.349002
v -0.668449 4.05515 0.349002
v -0.662311 4.05966 0.349002
v -0.656244 4.06427 0.349002
v -0.65025 4.06896 0.349002
v -0.64433 4.07375 0.349002
v -0.638484 4.07862 0.349002
v -0.632714 4.08358 0.349002
v -0.62702 4.08862 0.349002
v -0.621404 4.09375 0.349002
v -0.615867 4.09897 0.349002
v -0.610409 4.10426 0.349002
v -0.605032 4.10964 0.349002
v -0.599737 4.1151 0.349002
v -0.594524 4.12063 0.349002
v -0.589395 4.12625 0.349002
v -0.584351 4.13194 0.349002
v -0.579392 4.13771 0.349002
v -0.57452 4.14356 0.349002
v -0.569736 4.14948 0.349002
v -0.56504 4.15547 0.349002
v -0.560434 4.16154 0.349002
v -0.555918 4.16768 0.349002
v -0.551495 4.17389 0.349002
v -0.547163 4.18017 0.349002
v -0.542926 4.18651 0.349002
v -0.538783 4.19293 0.349002
v -0.534736 4.19941 0.349002
v -0.530786 4.20595 0.349002
v -0.526933 4.21257 0.349002
v -0.523179 4.21924 0.349002
v -0.519525 4.22598 0.349002
v -0.515971 4.23278 0.349002
v -0.51252 4.23964 0.349002
v -0.509171 4.24656 0.349002
v -0.505925 4.25353 0.349002
v -0.502784 4.26057 0.349002
v -0.49975 4.26766 0.349002
v -0.496821 4.27481 0.349002
v -0.494001 4.28201 0.349002
v -0.491289 4.28927 0.349002
v -0.488687 4.29657 0.349002
v -0.486196 4.30393 0.349002
v -0.483816 4.31134 0.349002
v -0.481549 4.3188 0.349002
v -0.479396 4.32631 0.349002
v -0.477358 4.33387 0.349002
v -0.475435 4.34147 0.349002
v -0.47363 4.34912 0.349002
v -0.471942 4.35681 0.349002
v -0.470372 4.36454 0.349002
v -0.468923 4.37232 0.349002
v -0.467594 4.38014 0.349002
v -0.466387 4.388 0.349002
v -0.465303 4.3959 0.349002
v -0.464343 4.40384 0.349002
v -0.463507 4.41182 0.349002
v -0.462797 4.41983 0.349002
v -0.462215 4.42788 0.349002
v -0.461759 4.43596 0.349002
v -0.461433 4.44407 0.349002
v -0.461236 4.45222 0.349002
v -0.461171 4.4604 0.351002
v -0.461236 4.46858 0.351002
v -0.461433 4.47673 0.351002
v -0.461759 4.48484 0.351002
v -0.462214 4.49293 0.351002
v -0.462797 4.50097 0.351002
v -0.463507 4.50898 0.351002
v -0.464343 4.51696 0.351002
v -0.465303 4.5249 0.351002
v -0.466387 4.5328 0.351002
v -0.467594 4.54066 0.351002
v -0.468923 4.54848 0.351002
v -0.470372 4.55626 0.351002
v -0.471942 4.56399 0.351002
v -0.47363 4.57168 0.351002
v -0.475435 4.57933 0.351002
v -0.477358 4.58693 0.351002
v -0.479396 4.59449 0.351002
v -0.481549 4.602 0.351002
v -0.483816 4.60946 0.351002
v -0.486196 4.61687 0.351002
v -0.488687 4.62423 0.351002
v -0.491289 4.63153 0.351002
v -0.494001 4.63879 0.351002
v -0.496821 4.64599 0.351002
v -0.499749 4.65314 0.351002
v -0.502785 4.66023 0.351002
v -0.505925 4.66727 0.351002
v -0.509171 4.67424 0.351002
v -0.51252 4.68116 0.351002
v -0.515972 4.68802 0.351002
v -0.519525 4.69482 0.351002
v -0.523179 4.70156 0.351002
v -0.526933 4.70823 0.351002
v -0.530786 4.71485 0.351002
v -0.534736 4.72139 0.351002
v -0.538783 4.72787 0.351002
v -0.542926 4.73429 0.351002
v -0.547163 4.74063 0.351002
v -0.551495 4.74691 0.351002
v -0.555918 4.75312 0.351002
v -0.560434 4.75926 0.351002
v -0.56504 4.76533 0.351002
v -0.569736 4.77132 0.351002
v -0.57452 4.77724 0.351002
v -0.579392 4.78309 0.351002
v -0.584351 4.78886 0.351002
v -0.589395 4.79455 0.351002
v -0.594524 4.80017 0.351002
v -0.599737 4.8057 0.351002
v -0.605032 4.81116 0.351002
v -0.610409 4.81654 0.351002
v -0.615867 4.82183 0.351002
v -0.621404 4.82705 0.351002
v -0.62702 4.83218 0.351002
v -0.632714 4.83722 0.351002
v -0.638484 4.84218 0.351002
v -0.64433 4.84705 0.351002
v -0.65025 4.85184 0.351002
v -0.656244 4.85653 0.351002
v -0.662311 4.86114 0.351002
v -0.668449 4.86565 0.351002
v -0.674658 4.87008 0.351002
v -0.680936 4.87441 0.351002
v -0.687283 4.87864 0.351002
v -0.693697 4.88279 0.351002
v -0.700179 4.88683 0.351002
v -0.706725 4.89078 0.351002
v -0.713337 4.89464 0.351002
v -0.720011 4.89839 0.351002
v -0.726749 4.90205 0.351002
v -0.733548 4.9056 0.351002
v -0.740408 4.90905 0.351002
v -0.747327 4.9124 0.351002
v -0.754304 4.91565 0.351002
v -0.76134 4.91879 0.351002
v -0.768432 4.92182 0.351002
v -0.775579 4.92475 0.351002
v -0.782781 4.92757 0.351002
v -0.790036 4.93028 0.351002
v -0.797344 4.93288 0.351002
v -0.804704 4.93538 0.351002
v -0.812114 4.93775 0.351002
v -0.819573 4.94002 0.351002
v -0.827081 4.94217 0.351002
v -0.834637 4.94421 0.351002
v -0.842239 4.94614 0.351002
v -0.849887 4.94794 0.351002
v -0.857579 4.94963 0.351002
v -0.865315 4.9512 0.351002
v -0.873093 4.95265 0.351002
v -0.880913 4.95398 0.351002
v -0.888773 4.95518 0.351002
v -0.896672 4.95627 0.351002
v -0.90461 4.95723 0.351002
v -0.912586 4.95806 0.351002
v -0.920598 4.95877 0.351002
v -0.928646 4.95936 0.351002
v -0.936728 4.95981 0.351002
v -0.944843 4.96014 0.351002
v -0.952991 4.96033 0.351002
v -0.961171 4.9604 0.351002
v -0.96935 4.96033 0.351002
v -0.977498 4.96014 0.351002
v -0.985614 4.95981 0.351002
v -0.993696 4.95936 0.351002
v -1.00174 4.95877 0.351002
v -1.00976 4.95806 0.351002
v -1.01773 4.95723 0.351002
v -1.02567 4.95627 0.351002
v -1.03357 4.95518 0.351002
v -1.04143 4.95398 0.351002
v -1.04925 4.95265 0.351002
v -1.05703 4.9512 0.351002
v -1.06476 4.94963 0.351002
v -1.07245 4.94794 0.351002
v -1.0801 4.94614 0.351002
v -1.0877 4.94421 0.351002
v -1.09526 4.94217 0.351002
v -1.10277 4.94002 0.351002
v -1.11023 4.93775 0.351002
v -1.11764 4.93538 0.351002
v -1.125 4.93288 0.351002
v -1.13231 4.93028 0.351002
v -1.13956 4.92757 0.351002
v -1.14676 4.92475 0.351002
v -1.15391 4.92182 0.351002
v -1.161 4.91879 0.351002
v -1.16804 4.91565 0.351002
v -1.17501 4.9124 0.351002
v -1.18193 4.90905 0.351002
v -1.18879 4.9056 0.351002
v -1.19559 4.90205 0.351002
v -1.20233 4.89839 0.351002
v -1.209 4.89464 0.351002
v -1.21562 4.89078 0.351002
v -1.22216 4.88683 0.351002
v -1.22864 4.88279 0.351002
v -1.23506 4.87864 0.351002
v -1.24141 4.87441 0.351002
v -1.24768 4.87008 0.351002
v -1.25389 4.86565 0.351002
v -1.26003 4.86114 0.351002
v -1.2661 4.85653 0.351002
v -1.27209 4.85184 0.351002
v -1.27801 4.84705 0.351002
v -1.28386 4.84218 0.351002
v -1.28963 4.83722 0.351002
v -1.29532 4.83218 0.351002
v -1.30094 4.82705 0.351002
v -1.30647 4.82183 0.351002
v -1.31193 4.81654 0.351002
v -1.31731 4.81116 0.351002
v -1.3226 4.8057 0.351002
v -1.32782 4.80017 0.351002
v -1.33295 4.79455 0.351002
v -1.33799 4.78886 0.351002
v -1.34295 4.78309 0.351002
v -1.34782 4.77724 0.351002
v -1.35261 4.77132 0.351002
v -1.3573 4.76533 0.351002
v -1.36191 4.75926 0.351002
v -1.36642 4.75312 0.351002
v -1.37085 4.74691 0.351002
v -1.37518 4.74063 0.351002
v -1.37942 4.73429 0.351002
v -1.38356 4.72787 0.351002
v -1.38761 4.72139 0.351002
v -1.39156 4.71485 0.351002
v -1.39541 4.70823 0.351002
v -1.39916 4.70156 0.351002
v -1.40282 4.69482 0.351002
v -1.40637 4.68802 0.351002
v -1.40982 4.68116 0.351002
v -1.41317 4.67424 0.351002
v -1.41642 4.66727 0.351002
v -1.41956 4.66023 0.351002
v -1.42259 4.65314 0.351002
v -1.42552 4.64599 0.351002
v -1.42834 4.63879 0.351002
v -1.43105 4.63153 0.351002
v -1.43365 4.62423 0.351002
v -1.43615 4.61687 0.351002
v -1.43853 4.60946 0.351002
v -1.44079 4.602 0.351002
v -1.44295 4.59449 0.351002
v -1.44498 4.58693 0.351002
v -1.44691 4.57933 0.351002
v -1.44871 4.57168 0.351002
v -1.4504 4.56399 0.351002
v -1.45197 4.55626 0.351002
v -1.45342 4.54848 0.351002
v -1.45475 4.54066 0.351002
v -1.45595 4.5328 0.351002
v -1.45704 4.5249 0.351002
v -1.458 4.51696 0.351002
v -1.45883 4.50898 0.351002
v -1.45954 4.50097 0.351002
v -1.46013 4.49293 0.351002
v -1.46058 4.48484 0.351002
v -1.46091 4.47673 0.351002
v -1.46111 4.46858 0.351002
v -1.46117 4.4604 0.351002
v -1.46111 4.45222 0.351002
v -1.46091 4.44407 0.351002
v -1.46058 4.43596 0.351002
v -1.46013 4.42788 0.351002
v -1.45954 4.41983 0.351002
v -1.45883 4.41182 0.351002
v -1.458 4.40384 0.351002
v -1.45704 4.3959 0.351002
v -1.45595 4.388 0.351002
v -1.45475 4.38014 0.351002
v -1.45342 4.37232 0.351002
v -1.45197 4.36454 0.351002
v -1.4504 4.35681 0.351002
v -1.44871 4.34912 0.351002
v -1.44691 4.34147 0.351002
v -1.44498 4.33387 0.351002
v -1.44295 4.32631 0.351002
v -1.44079 4.3188 0.351002
v -1.43853 4.31134 0.351002
v -1.43615 4.30393 0.351002
v -1.43365 4.29657 0.351002
v -1.43105 4.28927 0.351002
v -1.42834 4.28201 0.351002
v -1.42552 4.27481 0.351002
v -1.42259 4.26766 0.351002
v -1.41956 4.26057 0.351002
v -1.41642 4.25353 0.351002
v -1.41317 4.24656 0.351002
v -1.40982 4.23964 0.351002
v -1.40637 4.23278 0.351002
v -1.40282 4.22598 0.351002
v -1.39916 4.21924 0.351002
v -1.39541 4.21257 0.351002
v -1.39156 4.20595 0.351002
v -1.38761 4.19941 0.351002
v -1.38356 4.19293 0.351002
v -1.37942 4.18651 0.351002
v -1.37518 4.18017 0.351002
v -1.37085 4.17389 0.351002
v -1.36642 4.16768 0.351002
v -1.36191 4.16154 0.351002
v -1.3573 4.15547 0.351002
v -1.35261 4.14948 0.351002
v -1.34782 4.14356 0.351002
v -1.34295 4.13771 0.351002
v -1.33799 4.13194 0.351002
v -1.33295 4.12625 0.351002
v -1.32782 4.12063 0.351002
v -1.3226 4.1151 0.351002
v -1.31731 4.10964 0.351002
v -1.31193 4.10426 0.351002
v -1.30647 4.09897 0.351002
v -1.30094 4.09375 0.351002
v -1.29532 4.08862 0.351002
v -1.28963 4.08358 0.351002
v -1.28386 4.07862 0.351002
v -1.27801 4.07375 0.351002
v -1.27209 4.06896 0.351002
v -1.2661 4.06427 0.351002
v -1.26003 4.05966 0.351002
v -1.25389 4.05515 0.351002
v -1.24768 4.05072 0.351002
v -1.24141 4.04639 0.351002
v -1.23506 4.04216 0.351002
v -1.22864 4.03801 0.351002
v -1.22216 4.03397 0.351002
v -1.21562 4.03002 0.351002
v -1.209 4.02616 0.351002
v -1.20233 4.02241 0.351002
v -1.19559 4.01875 0.351002
v -1.18879 4.0152 0.351002
v -1.18193 4.01175 0.351002
v -1.17501 4.0084 0.351002
v -1.16804 4.00515 0.351002
v -1.161 4.00201 0.351002
v -1.15391 3.99898 0.351002
v -1.14676 3.99605 0.351002
v -1.13956 3.99323 0.351002
v -1.13231 3.99052 0.351002
v -1.125 3.98792 0.351002
v -1.11764 3.98542 0.351002
v -1.11023 3.98305 0.351002
v -1.10277 3.98078 0.351002
v -1.09526 3.97863 0.351002
v -1.0877 3.97659 0.351002
v -1.0801 3.97466 0.351002
v -1.07245 3.97286 0.351002
v -1.06476 3.97117 0.351002
v -1.05703 3.9696 0.351002
v -1.04925 3.96815 0.351002
v -1.04143 3.96682 0.351002
v -1.03357 3.96562 0.351002
v -1.02567 3.96453 0.351002
v -1.01773 3.96357 0.351002
v -1.00976 3.96274 0.351002
v -1.00174 3.96203 0.351002
v -0.993696 3.96144 0.351002
v -0.985614 3.96099 0.351002
v -0.977498 3.96066 0.351002
v -0.96935 3.96047 0.351002
v -0.961171 3.9604 0.351002
v -0.952991 3.96047 0.351002
v -0.944843 3.96066 0.351002
v -0.936728 3.96099 0.351002
v -0.928646 3.96144 0.351002
v -0.920598 3.96203 0.351002
v -0.912586 3.96274 0.351002
v -0.90461 3.96357 0.351002
v -0.896672 3.96453 0.351002
v -0.888773 3.96562 0.351002
v -0.880912 3.96682 0.351002
v -0.873093 3.96815 0.351002
v -0.865315 3.9696 0.351002
v -0.857579 3.97117 0.351002
v -0.849887 3.97286 0.351002
v -0.842239 3.97466 0.351002
v -0.834637 3.97659 0.351002
v -0.827081 3.97863 0.351002
v -0.819573 3.98078 0.351002
v -0.812114 3.98305 0.351002
v -0.804704 3.98543 0.351002
v -0.797344 3.98792 0.351002
v -0.790036 3.99052 0.351002
v -0.782781 3.99323 0.351002
v -0.775579 3.99605 0.351002
v -0.768432 3.99898 0.351002
v -0.76134 4.00201 0.351002
v -0.754304 4.00515 0.351002
v -0.747327 4.0084 0.351002
v -0.740408 4.01175 0.351002
v -0.733548 4.0152 0.351002
v -0.726749 4.01875 0.351002
v -0.720012 4.02241 0.351002
v -0.713337 4.02616 0.351002
v -0.706725 4.03002 0.351002
v -0.700179 4.03397 0.351002
v -0.693697 4.03801 0.351002
v -0.687283 4.04216 0.351002
v -0.680936 4.04639 0.351002
v -0.674658 4.05072 0.351002
v -0.668449 4.05515 0.351002
v -0.662311 4.05966 0.351002
v -0.656244 4.06427 0.351002
v -0.65025 4.06896 0.351002
v -0.64433 4.07375 0.351002
v -0.638484 4.07862 0.351002
v -0.632714 4.08358 0.351002
v -0.62702 4.08862 0.351002
v -0.621404 4.09375 0.351002
v -0.615867 4.09897 0.351002
v -0.610409 4.10426 0.351002
v -0.605032 4.10964 0.351002
v -0.599737 4.1151 0.351002
v -0.594524 4.12063 0.351002
v -0.589395 4.12625 0.351002
v -0.584351 4.13194 0.351002
v -0.579392 4.13771 0.351002
v -0.57452 4.14356 0.351002
v -0.569736 4.14948 0.351002
v -0.56504 4.15547 0.351002
v -0.560434 4.16154 0.351002
v -0.555918 4.16768 0.351002
v -0.551495 4.17389 0.351002
v -0.547163 4.18017 0.351002
v -0.542926 4.18651 0.351002
v -0.538783 4.19293 0.351002
v -0.534736 4.19941 0.351002
v -0.530786 4.20595 0.351002
v -0.526933 4.21257 0.351002
v -0.523179 4.21924 0.351002
v -0.519525 4.22598 0.351002
v -0.515971 4.23278 0.351002
v -0.51252 4.23964 0.351002
v -0.509171 4.24656 0.351002
v -0.505925 4.25353 0.351002
v -0.502784 4.26057 0.351002
v -0.49975 4.26766 0.351002
v -0.496821 4.27481 0.351002
v -0.494001 4.28201 0.351002
v -0.491289 4.28927 0.351002
v -0.488687 4.29657 0.351002
v -0.486196 4.30393 0.351002
v -0.483816 4.31134 0.351002
v -0.481549 4.3188 0.351002
v -0.479396 4.32631 0.351002
v -0.477358 4.33387 0.351002
v -0.475435 4.34147 0.351002
v -0.47363 4.34912 0.351002
v -0.471942 4.35681 0.351002
v -0.470372 4.36454 0.351002
v -0.468923 4.37232 0.351002
v -0.467594 4.38014 0.351002
v -0.466387 4.388 0.351002
v -0.465303 4.3959 0.351002
v -0.464343 4.40384 0.351002
v -0.463507 4.41182 0.351002
v -0.462797 4.41983 0.351002
v -0.462215 4.42788 0.351002
v -0.461759 4.43596 0.351002
v -0.461433 4.44407 0.351002
v -0.461236 4.45222 0.351002
v -0.481234 4.45255 0.349002
v -0.481423 4.44473 0.349002
v -0.481737 4.43693 0.349002
v -0.482173 4.42918 0.349002
v -0.482733 4.42145 0.349002
v -0.483414 4.41376 0.349002
v -0.484217 4.4061 0.349002
v -0.485139 4.39848 0.349002
v -0.486179 4.3909 0.349002
v -0.487338 4.38335 0.349002
v -0.488613 4.37585 0.349002
v -0.490005 4.36838 0.349002
v -0.491511 4.36095 0.349002
v -0.493132 4.35357 0.349002
v -0.494865 4.34623 0.349002
v -0.496711 4.33893 0.349002
v -0.498668 4.33167 0.349002
v -0.500735 4.32447 0.349002
v -0.502911 4.31731 0.349002
v -0.505195 4.31019 0.349002
v -0.507587 4.30313 0.349002
v -0.510085 4.29611 0.349002
v -0.512688 4.28915 0.349002
v -0.515396 4.28223 0.349002
v -0.518207 4.27537 0.349002
v -0.52112 4.26856 0.349002
v -0.524135 4.26181 0.349002
v -0.527251 4.25511 0.349002
v -0.530466 4.24847 0.349002
v -0.53378 4.24188 0.349002
v -0.537191 4.23536 0.349002
v -0.540699 4.22889 0.349002
v -0.544303 4.22248 0.349002
v -0.548002 4.21613 0.349002
v -0.551794 4.20985 0.349002
v -0.555679 4.20363 0.349002
v -0.559656 4.19747 0.349002
v -0.563724 4.19137 0.349002
v -0.567882 4.18535 0.349002
v -0.572129 4.17939 0.349002
v -0.576464 4.17349 0.349002
v -0.580886 4.16767 0.349002
v -0.585393 4.16192 0.349002
v -0.589986 4.15623 0.349002
v -0.594664 4.15062 0.349002
v -0.599424 4.14508 0.349002
v -0.604267 4.13962 0.349002
v -0.609191 4.13422 0.349002
v -0.614195 4.12891 0.349002
v -0.619278 4.12367 0.349002
v -0.62444 4.11851 0.349002
v -0.62968 4.11342 0.349002
v -0.634995 4.10842 0.349002
v -0.640387 4.1035 0.349002
v -0.645852 4.09865 0.349002
v -0.651392 4.09389 0.349002
v -0.657004 4.08922 0.349002
v -0.662687 4.08462 0.349002
v -0.668441 4.08011 0.349002
v -0.674265 4.07569 0.349002
v -0.680158 4.07136 0.349002
v -0.686118 4.06711 0.349002
v -0.692145 4.06295 0.349002
v -0.698239 4.05889 0.349002
v -0.704396 4.05491 0.349002
v -0.710618 4.05102 0.349002
v -0.716903 4.04723 0.349002
v -0.72325 4.04353 0.349002
v -0.729658 4.03993 0.349002
v -0.736126 4.03642 0.349002
v -0.742653 4.03301 0.349002
v -0.749238 4.0297 0.349002
v -0.755881 4.02648 0.349002
v -0.762579 4.02336 0.349002
v -0.769333 4.02035 0.349002
v -0.776141 4.01744 0.349002
v -0.783003 4.01463 0.349002
v -0.789916 4.01192 0.349002
v -0.796882 4.00931 0.349002
v -0.803897 4.00682 0.349002
v -0.810962 4.00442 0.349002
v -0.818076 4.00214 0.349002
v -0.825237 3.99996 0.349002
v -0.832445 3.9979 0.349002
v -0.839699 3.99594 0.349002
v -0.846997 3.99409 0.349002
v -0.854338 3.99236 0.349002
v -0.861723 3.99074 0.349002
v -0.869149 3.98923 0.349002
v -0.876616 3.98784 0.349002
v -0.884123 3.98657 0.349002
v -0.891669 3.98541 0.349002
v -0.899252 3.98437 0.349002
v -0.906873 3.98345 0.349002
v -0.914529 3.98264 0.349002
v -0.922221 3.98196 0.349002
v -0.929947 3.9814 0.349002
v -0.937706 3.98097 0.349002
v -0.945496 3.98065 0.349002
v -0.953318 3.98046 0.349002
v -0.961171 3.9804 0.349002
v -0.969023 3.98046 0.349002
v -0.976845 3.98065 0.349002
v -0.984636 3.98097 0.349002
v -0.992395 3.9814 0.349002
v -1.00012 3.98196 0.349002
v -1.00781 3.98264 0.349002
v -1.01547 3.98345 0.349002
v -1.02309 3.98437 0.349002
v -1.03067 3.98541 0.349002
v -1.03822 3.98657 0.349002
v -1.04573 3.98784 0.349002
v -1.05319 3.98923 0.349002
v -1.06062 3.99074 0.349002
v -1.068 3.99236 0.349002
v -1.07534 3.99409 0.349002
v -1.08264 3.99594 0.349002
v -1.0899 3.9979 0.349002
v -1.0971 3.99996 0.349002
v -1.10427 4.00214 0.349002
v -1.11138 4.00442 0.349002
v -1.11844 4.00682 0.349002
v -1.12546 4.00931 0.349002
v -1.13242 4.01192 0.349002
v -1.13934 4.01463 0.349002
v -1.1462 4.01744 0.349002
v -1.15301 4.02035 0.349002
v -1.15976 4.02336 0.349002
v -1.16646 4.02648 0.349002
v -1.1731 4.0297 0.349002
v -1.17969 4.03301 0.349002
v -1.18622 4.03642 0.349002
v -1.19268 4.03993 0.349002
v -1.19909 4.04353 0.349002
v -1.20544 4.04723 0.349002
v -1.21172 4.05102 0.349002
v -1.21794 4.05491 0.349002
v -1.2241 4.05889 0.349002
v -1.2302 4.06295 0.349002
v -1.23622 4.06711 0.349002
v -1.24218 4.07136 0.349002
v -1.24808 4.07569 0.349002
v -1.2539 4.08011 0.349002
v -1.25965 4.08462 0.349002
v -1.26534 4.08922 0.349002
v -1.27095 4.09389 0.349002
v -1.27649 4.09865 0.349002
v -1.28195 4.1035 0.349002
v -1.28735 4.10842 0.349002
v -1.29266 4.11342 0.349002
v -1.2979 4.11851 0.349002
v -1.30306 4.12367 0.349002
v -1.30815 4.12891 0.349002
v -1.31315 4.13422 0.349002
v -1.31807 4.13962 0.349002
v -1.32292 4.14508 0.349002
v -1.32768 4.15062 0.349002
v -1.33235 4.15623 0.349002
v -1.33695 4.16192 0.349002
v -1.34146 4.16767 0.349002
v -1.34588 4.17349 0.349002
v -1.35021 4.17939 0.349002
v -1.35446 4.18535 0.349002
v -1.35862 4.19137 0.349002
v -1.36269 4.19747 0.349002
v -1.36666 4.20363 0.349002
v -1.37055 4.20985 0.349002
v -1.37434 4.21613 0.349002
v -1.37804 4.22248 0.349002
v -1.38164 4.22889 0.349002
v -1.38515 4.23536 0.349002
v -1.38856 4.24188 0.349002
v -1.39188 4.24847 0.349002
v -1.39509 4.25511 0.349002
v -1.39821 4.26181 0.349002
v -1.40122 4.26856 0.349002
v -1.40413 4.27537 0.349002
v -1.40695 4.28223 0.349002
v -1.40965 4.28915 0.349002
v -1.41226 4.29611 0.349002
v -1.41475 4.30313 0.349002
v -1.41715 4.31019 0.349002
v -1.41943 4.31731 0.349002
v -1.42161 4.32447 0.349002
v -1.42367 4.33167 0.349002
v -1.42563 4.33893 0.349002
v -1.42748 4.34623 0.349002
v -1.42921 4.35357 0.349002
v -1.43083 4.36095 0.349002
v -1.43234 4.36838 0.349002
v -1.43373 4.37585 0.349002
v -1.435 4.38335 0.349002
v -1.43616 4.3909 0.349002
v -1.4372 4.39848 0.349002
v -1.43812 4.4061 0.349002
v -1.43893 4.41376 0.349002
v -1.43961 4.42145 0.349002
v -1.44017 4.42918 0.349002
v -1.4406 4.43693 0.349002
v -1.44092 4.44473 0.349002
v -1.44111 4.45255 0.349002
v -1.44117 4.4604 0.349002
v -1.44111 4.46825 0.349002
v -1.44092 4.47607 0.349002
v -1.4406 4.48387 0.349002
v -1.44017 4.49162 0.349002
v -1.43961 4.49935 0.349002
v -1.43893 4.50704 0.349002
v -1.43812 4.5147 0.349002
v -1.4372 4.52232 0.349002
v -1.43616 4.5299 0.349002
v -1.435 4.53745 0.349002
v -1.43373 4.54495 0.349002
v -1.43234 4.55242 0.349002
v -1.43083 4.55985 0.349002
v -1.42921 4.56723 0.349002
v -1.42748 4.57457 0.349002
v -1.42563 4.58187 0.349002
v -1.42367 4.58913 0.349002
v -1.42161 4.59633 0.349002
v -1.41943 4.60349 0.349002
v -1.41715 4.61061 0.349002
v -1.41475 4.61767 0.349002
v -1.41226 4.62469 0.349002
v -1.40965 4.63165 0.349002
v -1.40695 4.63857 0.349002
v -1.40413 4.64543 0.349002
v -1.40122 4.65224 0.349002
v -1.39821 4.65899 0.349002
v -1.39509 4.66569 0.349002
v -1.39188 4.67233 0.349002
v -1.38856 4.67892 0.349002
v -1.38515 4.68544 0.349002
v -1.38164 4.69191 0.349002
v -1.37804 4.69832 0.349002
v -1.37434 4.70467 0.349002
v -1.37055 4.71095 0.349002
v -1.36666 4.71717 0.349002
v -1.36269 4.72333 0.349002
v -1.35862 4.72943 0.349002
v -1.35446 4.73545 0.349002
v -1.35021 4.74141 0.349002
v -1.34588 4.74731 0.349002
v -1.34146 4.75313 0.349002
v -1.33695 4.75888 0.349002
v -1.33236 4.76457 0.349002
v -1.32768 4.77018 0.349002
v -1.32292 4.77572 0.349002
v -1.31807 4.78118 0.349002
v -1.31315 4.78658 0.349002
v -1.30815 4.79189 0.349002
v -1.30306 4.79713 0.349002
v -1.2979 4.80229 0.349002
v -1.29266 4.80738 0.349002
v -1.28735 4.81238 0.349002
v -1.28195 4.8173 0.349002
v -1.27649 4.82215 0.349002
v -1.27095 4.82691 0.349002
v -1.26534 4.83158 0.349002
v -1.25965 4.83618 0.349002
v -1.2539 4.84069 0.349002
v -1.24808 4.84511 0.349002
v -1.24218 4.84944 0.349002
v -1.23622 4.85369 0.349002
v -1.2302 4.85785 0.349002
v -1.2241 4.86191 0.349002
v -1.21794 4.86589 0.349002
v -1.21172 4.86978 0.349002
v -1.20544 4.87357 0.349002
v -1.19909 4.87727 0.349002
v -1.19268 4.88087 0.349002
v -1.18622 4.88438 0.349002
v -1.17969 4.88779 0.349002
v -1.1731 4.8911 0.349002
v -1.16646 4.89432 0.349002
v -1.15976 4.89744 0.349002
v -1.15301 4.90045 0.349002
v -1.1462 4.90336 0.349002
v -1.13934 4.90618 0.349002
v -1.13243 4.90888 0.349002
v -1.12546 4.91149 0.349002
v -1.11844 4.91398 0.349002
v -1.11138 4.91638 0.349002
v -1.10427 4.91866 0.349002
v -1.0971 4.92084 0.349002
v -1.0899 4.9229 0.349002
v -1.08264 4.92486 0.349002
v -1.07534 4.92671 0.349002
v -1.068 4.92844 0.349002
v -1.06062 4.93006 0.349002
v -1.05319 4.93157 0.349002
v -1.04573 4.93296 0.349002
v -1.03822 4.93423 0.349002
v -1.03067 4.93539 0.349002
v -1.02309 4.93643 0.349002
v -1.01547 4.93735 0.349002
v -1.00781 4.93816 0.349002
v -1.00012 4.93884 0.349002
v -0.992395 4.9394 0.349002
v -0.984636 4.93983 0.349002
v -0.976845 4.94015 0.349002
v -0.969023 4.94034 0.349002
v -0.961171 4.9404 0.349002
v -0.953318 4.94034 0.349002
v -0.945496 4.94015 0.349002
v -0.937705 4.93983 0.349002
v -0.929947 4.9394 0.349002
v -0.922221 4.93884 0.349002
v -0.914529 4.93816 0.349002
v -0.906873 4.93735 0.349002
v -0.899252 4.93643 0.349002
v -0.891669 4.93539 0.349002
v -0.884123 4.93423 0.349002
v -0.876616 4.93296 0.349002
v -0.869149 4.93157 0.349002
v -0.861723 4.93006 0.349002
v -0.854338 4.92844 0.349002
v -0.846997 4.92671 0.349002
v -0.839698 4.92486 0.349002
v -0.832445 4.9229 0.349002
v -0.825237 4.92084 0.349002
v -0.818076 4.91866 0.349002
v -0.810962 4.91638 0.349002
v -0.803897 4.91398 0.349002
v -0.796882 4.91149 0.349002
v -0.789917 4.90888 0.349002
v -0.783003 4.90618 0.349002
v -0.776141 4.90336 0.349002
v -0.769333 4.90045 0.349002
v -0.762579 4.89744 0.349002
v -0.755881 4.89432 0.349002
v -0.749238 4.8911 0.349002
v -0.742653 4.88779 0.349002
v -0.736126 4.88438 0.349002
v -0.729658 4.88087 0.349002
v -0.72325 4.87727 0.349002
v -0.716903 4.87357 0.349002
v -0.710618 4.86978 0.349002
v -0.704397 4.86589 0.349002
v -0.698239 4.86191 0.349002
v -0.692145 4.85785 0.349002
v -0.686118 4.85369 0.349002
v -0.680158 4.84944 0.349002
v -0.674265 4.84511 0.349002
v -0.668441 4.84069 0.349002
v -0.662687 4.83618 0.349002
v -0.657004 4.83158 0.349002
v -0.651392 4.82691 0.349002
v -0.645852 4.82215 0.349002
v -0.640387 4.8173 0.349002
v -0.634995 4.81238 0.349002
v -0.62968 4.80738 0.349002
v -0.62444 4.80229 0.349002
v -0.619278 4.79713 0.349002
v -0.614195 4.79189 0.349002
v -0.609191 4.78658 0.349002
v -0.604267 4.78118 0.349002
v -0.599424 4.77572 0.349002
v -0.594664 4.77018 0.349002
v -0.589986 4.76457 0.349002
v -0.585393 4.75888 0.349002
v -0.580886 4.75313 0.349002
v -0.576464 4.74731 0.349002
v -0.572129 4.74141 0.349002
v -0.567882 4.73545 0.349002
v -0.563724 4.72943 0.349002
v -0.559656 4.72333 0.349002
v -0.555679 4.71717 0.349002
v -0.551794 4.71095 0.349002
v -0.548002 4.70467 0.349002
v -0.544303 4.69832 0.349002
v -0.5407 4.69191 0.349002
v -0.537191 4.68544 0.349002
v -0.53378 4.67892 0.349002
v -0.530466 4.67233 0.349002
v -0.527251 4.66569 0.349002
v -0.524135 4.65899 0.349002
v -0.52112 4.65224 0.349002
v -0.518207 4.64543 0.349002
v -0.515396 4.63857 0.349002
v -0.512688 4.63165 0.349002
v -0.510085 4.62469 0.349002
v -0.507587 4.61767 0.349002
v -0.505195 4.61061 0.349002
v -0.502911 4.60349 0.349002
v -0.500735 4.59633 0.349002
v -0.498668 4.58913 0.349002
v -0.496711 4.58187 0.349002
v -0.494865 4.57457 0.349002
v -0.493132 4.56723 0.349002
v -0.491511 4.55985 0.349002
v -0.490005 4.55242 0.349002
v -0.488613 4.54495 0.349002
v -0.487338 4.53745 0.349002
v -0.486179 4.5299 0.349002
v -0.485139 4.52232 0.349002
v -0.484217 4.5147 0.349002
v -0.483414 4.50704 0.349002
v -0.482733 4.49935 0.349002
v -0.482173 4.49162 0.349002
v -0.481736 4.48387 0.349002
v -0.481423 4.47607 0.349002
v -0.481234 4.46825 0.349002
v -0.481171 4.4604 0.349002
v -0.481234 4.45255 0.351002
v -0.481423 4.44473 0.351002
v -0.481737 4.43693 0.351002
v -0.482173 4.42918 0.351002
v -0.482733 4.42145 0.351002
v -0.483414 4.41376 0.351002
v -0.484217 4.4061 0.351002
v -0.485139 4.39848 0.351002
v -0.486179 4.3909 0.351002
v -0.487338 4.38335 0.351002
v -0.488613 4.37585 0.351002
v -0.490005 4.36838 0.351002
v -0.491511 4.36095 0.351002
v -0.493132 4.35357 0.351002
v -0.494865 4.34623 0.351002
v -0.496711 4.33893 0.351002
v -0.498668 4.33167 0.351002
v -0.500735 4.32447 0.351002
v -0.502911 4.31731 0.351002
v -0.505195 4.31019 0.351002
v -0.507587 4.30313 0.351002
v -0.510085 4.29611 0.351002
v -0.512688 4.28915 0.351002
v -0.515396 4.28223 0.351002
v -0.518207 4.27537 0.351002
v -0.52112 4.26856 0.351002
v -0.524135 4.26181 0.351002
v -0.527251 4.25511 0.351002
v -0.530466 4.24847 0.351002
v -0.53378 4.24188 0.351002
v -0.537191 4.23536 0.351002
v -0.540699 4.22889 0.351002
v -0.544303 4.22248 0.351002
v -0.548002 4.21613 0.351002
v -0.551794 4.20985 0.351002
v -0.555679 4.20363 0.351002
v -0.559656 4.19747 0.351002
v -0.563724 4.19137 0.351002
v -0.567882 4.18535 0.351002
v -0.572129 4.17939 0.351002
v -0.576464 4.17349 0.351002
v -0.580886 4.16767 0.351002
v -0.585393 4.16192 0.351002
v -0.589986 4.15623 0.351002
v -0.594664 4.15062 0.351002
v -0.599424 4.14508 0.351002
v -0.604267 4.13962 0.351002
v -0.609191 4.13422 0.351002
v -0.614195 4.12891 0.351002
v -0.619278 4.12367 0.351002
v -0.62444 4.11851 0.351002
v -0.62968 4.11342 0.351002
v -0.634995 4.10842 0.351002
v -0.640387 4.1035 0.351002
v -0.645852 4.09865 0.351002
v -0.651392 4.09389 0.351002
v -0.657004 4.08922 0.351002
v -0.662687 4.08462 0.351002
v -0.668441 4.08011 0.351002
v -0.674265 4.07569 0.351002
v -0.680158 4.07136 0.351002
v -0.686118 4.06711 0.351002
v -0.692145 4.06295 0.351002
v -0.698239 4.05889 0.351002
v -0.704396 4.05491 0.351002
v -0.710618 4.05102 0.351002
v -0.716903 4.04723 0.351002
v -0.72325 4.04353 0.351002
v -0.729658 4.03993 0.351002
v -0.736126 4.03642 0.351002
v -0.742653 4.03301 0.351002
v -0.749238 4.0297 0.351002
v -0.755881 4.02648 0.351002
v -0.762579 4.02336 0.351002
v -0.769333 4.02035 0.351002
v -0.776141 4.01744 0.351002
v -0.783003 4.01463 0.351002
v -0.789916 4.01192 0.351002
v -0.796882 4.00931 0.351002
v -0.803897 4.00682 0.351002
v -0.810962 4.00442 0.351002
v -0.818076 4.00214 0.351002
v -0.825237 3.99996 0.351002
v -0.832445 3.9979 0.351002
v -0.839699 3.99594 0.351002
v -0.846997 3.99409 0.351002
v -0.854338 3.99236 0.351002
v -0.861723 3.99074 0.351002
v -0.869149 3.98923 0.351002
v -0.876616 3.98784 0.351002
v -0.884123 3.98657 0.351002
v -0.891669 3.98541 0.351002
v -0.899252 3.98437 0.351002
v -0.906873 3.98345 0.351002
v -0.914529 3.98264 0.351002
v -0.922221 3.98196 0.351002
v -0.929947 3.9814 0.351002
v -0.937706 3.98097 0.351002
v -0.945496 3.98065 0.351002
v -0.953318 3.98046 0.351002
v -0.961171 3.9804 0.351002
v -0.969023 3.98046 0.351002
v -0.976845 3.98065 0.351002
v -0.984636 3.98097 0.351002
v -0.992395 3.9814 0.351002
v -1.00012 3.98196 0.351002
v -1.00781 3.98264 0.351002
v -1.01547 3.98345 0.351002
v -1.02309 3.98437 0.351002
v -1.03067 3.98541 0.351002
v -1.03822 3.98657 0.351002
v -1.04573 3.98784 0.351002
v -1.05319 3.98923 0.351002
v -1.06062 3.99074 0.351002
v -1.068 3.99236 0.351002
v -1.07534 3.99409 0.351002
v -1.08264 3.99594 0.351002
v -1.0899 3.9979 0.351002
v -1.0971 3.99996 0.351002
v -1.10427 4.00214 0.351002
v -1.11138 4.00442 0.351002
v -1.11844 4.00682 0.351002
v -1.12546 4.00931 0.351002
v -1.13242 4.01192 0.351002
v -1.13934 4.01463 0.351002
v -1.1462 4.01744 0.351002
v -1.15301 4.02035 0.351002
v -1.15976 4.02336 0.351002
v -1.16646 4.02648 0.351002
v -1.1731 4.0297 0.351002
v -1.17969 4.03301 0.351002
v -1.18622 4.03642 0.351002
v -1.19268 4.03993 0.351002
v -1.19909 4.04353 0.351002
v -1.20544 4.04723 0.351002
v -1.21172 4.05102 0.351002
v -1.21794 4.05491 0.351002
v -1.2241 4.05889 0.351002
v -1.2302 4.06295 0.351002
v -1.23622 4.06711 0.351002
v -1.24218 4.07136 0.351002
v -1.24808 4.07569 0.351002
v -1.2539 4.08011 0.351002
v -1.25965 4.08462 0.351002
v -1.26534 4.08922 0.351002
v -1.27095 4.09389 0.351002
v -1.27649 4.09865 0.351002
v -1.28195 4.1035 0.351002
v -1.28735 4.10842 0.351002
v -1.29266 4.11342 0.351002
v -1.2979 4.11851 0.351002
v -1.30306 4.12367 0.351002
v -1.30815 4.12891 0.351002
v -1.31315 4.13422 0.351002
v -1.31807 4.13962 0.351002
v -1.32292 4.14508 0.351002
v -1.32768 4.15062 0.351002
v -1.33235 4.15623 0.351002
v -1.33695 4.16192 0.351002
v -1.34146 4.16767 0.351002
v -1.34588 4.17349 0.351002
v -1.35021 4.17939 0.351002
v -1.35446 4.18535 0.351002
v -1.35862 4.19137 0.351002
v -1.36269 4.19747 0.351002
v -1.36666 4.20363 0.351002
v -1.37055 4.20985 0.351002
v -1.37434 4.21613 0.351002
v -1.37804 4.22248 0.351002
v -1.38164 4.22889 0.351002
v -1.38515 4.23536 0.351002
v -1.38856 4.24188 0.351002
v -1.39188 4.24847 0.351002
v -1.39509 4.25511 0.351002
v -1.39821 4.26181 0.351002
v -1.40122 4.26856 0.351002
v -1.40413 4.27537 0.351002
v -1.40695 4.28223 0.351002
v -1.40965 4.28915 0.351002
v -1.41226 4.29611 0.351002
v -1.41475 4.30313 0.351002
v -1.41715 4.31019 0.351002
v -1.41943 4.31731 0.351002
v -1.42161 4.32447 0.351002
v -1.42367 4.33167 0.351002
v -1.42563 4.33893 0.351002
v -1.42748 4.34623 0.351002
v -1.42921 4.35357 0.351002
v -1.43083 4.36095 0.351002
v -1.43234 4.36838 0.351002
v -1.43373 4.37585 0.351002
v -1.435 4.38335 0.351002
v -1.43616 4.3909 0.351002
v -1.4372 4.39848 0.351002
v -1.43812 4.4061 0.351002
v -1.43893 4.41376 0.351002
v -1.43961 4.42145 0.351002
v -1.44017 4.42918 0.351002
v -1.4406 4.43693 0.351002
v -1.44092 4.44473 0.351002
v -1.44111 4.45255 0.351002
v -1.44117 4.4604 0.351002
v -1.44111 4.46825 0.351002
v -1.44092 4.47607 0.351002
v -1.4406 4.48387 0.351002
v -1.44017 4.49162 0.351002
v -1.43961 4.49935 0.351002
v -1.43893 4.50704 0.351002
v -1.43812 4.5147 0.351002
v -1.4372 4.52232 0.351002
v -1.43616 4.5299 0.351002
v -1.435 4.53745 0.351002
v -1.43373 4.54495 0.351002
v -1.43234 4.55242 0.351002
v -1.43083 4.55985 0.351002
v -1.42921 4.56723 0.351002
v -1.42748 4.57457 0.351002
v -1.42563 4.58187 0.351002
v -1.42367 4.58913 0.351002
v -1.42161 4.59633 0.351002
v -1.41943 4.60349 0.351002
v -1.41715 4.61061 0.351002
v -1.41475 4.61767 0.351002
v -1.41226 4.62469 0.351002
v -1.40965 4.63165 0.351002
v -1.40695 4.63857 0.351002
v -1.40413 4.64543 0.351002
v -1.40122 4.65224 0.351002
v -1.39821 4.65899 0.351002
v -1.39509 4.66569 0.351002
v -1.39188 4.67233 0.351002
v -1.38856 4.67892 0.351002
v -1.38515 4.68544 0.351002
v -1.38164 4.69191 0.351002
v -1.37804 4.69832 0.351002
v -1.37434 4.70467 0.351002
v -1.37055 4.71095 0.351002
v -1.36666 4.71717 0.351002
v -1.36269 4.72333 0.351002
v -1.35862 4.72943 0.351002
v -1.35446 4.73545 0.351002
v -1.35021 4.74141 0.351002
v -1.34588 4.74731 0.351002
v -1.34146 4.75313 0.351002
v -1.33695 4.75888 0.351002
v -1.33236 4.76457 0.351002
v -1.32768 4.77018 0.351002
v -1.32292 4.77572 0.351002
v -1.31807 4.78118 0.351002
v -1.31315 4.78658 0.351002
v -1.30815 4.79189 0.351002
v -1.30306 4.79713 0.351002
v -1.2979 4.80229 0.351002
v -1.29266 4.80738 0.351002
v -1.28735 4.81238 0.351002
v -1.28195 4.8173 0.351002
v -1.27649 4.82215 0.351002
v -1.27095 4.82691 0.351002
v -1.26534 4.83158 0.351002
v -1.25965 4.83618 0.351002
v -1.2539 4.84069 0.351002
v -1.24808 4.84511 0.351002
v -1.24218 4.84944 0.351002
v -1.23622 4.85369 0.351002
v -1.2302 4.85785 0.351002
v -1.2241 4.86191 0.351002
v -1.21794 4.86589 0.351002
v -1.21172 4.86978 0.351002
v -1.20544 4.87357 0.351002
v -1.19909 4.87727 0.351002
v -1.19268 4.88087 0.351002
v -1.18622 4.88438 0.351002
v -1.17969 4.88779 0.351002
v -1.1731 4.8911 0.351002
v -1.16646 4.89432 0.351002
v -1.15976 4.89744 0.351002
v -1.15301 4.90045 0.351002
v -1.1462 4.90336 0.351002
v -1.13934 4.90618 0.351002
v -1.13243 4.90888 0.351002
v -1.12546 4.91149 0.351002
v -1.11844 4.91398 0.351002
v -1.11138 4.91638 0.351002
v -1.10427 4.91866 0.351002
v -1.0971 4.92084 0.351002
v -1.0899 4.9229 0.351002
v -1.08264 4.92486 0.351002
v -1.07534 4.92671 0.351002
v -1.068 4.92844 0.351002
v -1.06062 4.93006 0.351002
v -1.05319 4.93157 0.351002
v -1.04573 4.93296 0.351002
v -1.03822 4.93423 0.351002
v -1.03067 4.93539 0.351002
v -1.02309 4.93643 0.351002
v -1.01547 4.93735 0.351002
v -1.00781 4.93816 0.351002
v -1.00012 4.93884 0.351002
v -0.992395 4.9394 0.351002
v -0.984636 4.93983 0.351002
v -0.976845 4.94015 0.351002
v -0.969023 4.94034 0.351002
v -0.961171 4.9404 0.351002
v -0.953318 4.94034 0.351002
v -0.945496 4.94015 0.351002
v -0.937705 4.93983 0.351002
v -0.929947 4.9394 0.351002
v -0.922221 4.93884 0.351002
v -0.914529 4.93816 0.351002
v -0.906873 4.93735 0.351002
v -0.899252 4.93643 0.351002
v -0.891669 4.93539 0.351002
v -0.884123 4.93423 0.351002
v -0.876616 4.93296 0.351002
v -0.869149 4.93157 0.351002
v -0.861723 4.93006 0.351002
v -0.854338 4.92844 0.351002
v -0.846997 4.92671 0.351002
v -0.839698 4.92486 0.351002
v -0.832445 4.9229 0.351002
v -0.825237 4.92084 0.351002
v -0.818076 4.91866 0.351002
v -0.810962 4.91638 0.351002
v -0.803897 4.91398 0.351002
v -0.796882 4.91149 0.351002
v -0.789917 4.90888 0.351002
v -0.783003 4.90618 0.351002
v -0.776141 4.90336 0.351002
v -0.769333 4.90045 0.351002
v -0.762579 4.89744 0.351002
v -0.755881 4.89432 0.351002
v -0.749238 4.8911 0.351002
v -0.742653 4.88779 0.351002
v -0.736126 4.88438 0.351002
v -0.729658 4.88087 0.351002
v -0.72325 4.87727 0.351002
v -0.716903 4.87357 0.351002
v -0.710618 4.86978 0.351002
v -0.704397 4.86589 0.351002
v -0.698239 4.86191 0.351002
v -0.692145 4.85785 0.351002
v -0.686118 4.85369 0.351002
v -0.680158 4.84944 0.351002
v -0.674265 4.84511 0.351002
v -0.668441 4.84069 0.351002
v -0.662687 4.83618 0.351002
v -0.657004 4.83158 0.351002
v -0.651392 4.82691 0.351002
v -0.645852 4.82215 0.351002
v -0.640387 4.8173 0.351002
v -0.634995 4.81238 0.351002
v -0.62968 4.80738 0.351002
v -0.62444 4.80229 0.351002
v -0.619278 4.79713 0.351002
v -0.614195 4.79189 0.351002
v -0.609191 4.78658 0.351002
v -0.604267 4.78118 0.351002
v -0.599424 4.77572 0.351002
v -0.594664 4.77018 0.351002
v -0.589986 4.76457 0.351002
v -0.585393 4.75888 0.351002
v -0.580886 4.75313 0.351002
v -0.576464 4.74731 0.351002
v -0.572129 4.74141 0.351002
v -0.567882 4.73545 0.351002
v -0.563724 4.72943 0.351002
v -0.559656 4.72333 0.351002
v -0.555679 4.71717 0.351002
v -0.551794 4.71095 0.351002
v -0.548002 4.70467 0.351002
v -0.544303 4.69832 0.351002
v -0.5407 4.69191 0.351002
v -0.537191 4.68544 0.351002
v -0.53378 4.67892 0.351002
v -0.530466 4.67233 0.351002
v -0.527251 4.66569 0.351002
v -0.524135 4.65899 0.351002
v -0.52112 4.65224 0.351002
v -0.518207 4.64543 0.351002
v -0.515396 4.63857 0.351002
v -0.512688 4.63165 0.351002
v -0.510085 4.62469 0.351002
v -0.507587 4.61767 0.351002
v -0.505195 4.61061 0.351002
v -0.502911 4.60349 0.351002
v -0.500735 4.59633 0.351002
v -0.498668 4.58913 0.351002
v -0.496711 4.58187 0.351002
v -0.494865 4.57457 0.351002
v -0.493132 4.56723 0.351002
v -0.491511 4.55985 0.351002
v -0.490005 4.55242 0.351002
v -0.488613 4.54495 0.351002
v -0.487338 4.53745 0.351002
v -0.486179 4.5299 0.351002
v -0.485139 4.52232 0.351002
v -0.484217 4.5147 0.351002
v -0.483414 4.50704 0.351002
v -0.482733 4.49935 0.351002
v -0.482173 4.49162 0.351002
v -0.481736 4.48387 0.351002
v -0.481423 4.47607 0.351002
v -0.481234 4.46825 0.351002
v -0.481171 4.4604 0.351002
v 3.77933 -0.029978 0.349
v 3.77848 -0.022646 0.349
v 3.77607 -0.0159128 0.349
v 3.77229 -0.0099712 0.349
v 3.76734 -0.00501414 0.349
v 3.76139 -0.00123455 0.349
v 3.75466 0.00117467 0.349
v 3.74733 0.00202061 0.349
v 3.74 0.00117467 0.349
v 3.73326 -0.00123455 0.349
v 3.72732 -0.00501415 0.349
v 3.72237 -0.0099712 0.349
v 3.71859 -0.0159128 0.349
v 3.71618 -0.022646 0.349
v 3.71533 -0.029978 0.349
v 3.71618 -0.03731 0.349
v 3.71859 -0.0440432 0.349
v 3.72237 -0.0499848 0.349
v 3.72732 -0.0549419 0.349
v 3.73326 -0.0587214 0.349
v 3.74 -0.0611307 0.349
v 3.74733 -0.0619766 0.349
v 3.75466 -0.0611307 0.349
v 3.76139 -0.0587214 0.349
v 3.76734 -0.0549419 0.349
v 3.77229 -0.0499848 0.349
v 3.77607 -0.0440432 0.349
v 3.77848 -0.03731 0.349
v 3.77933 -0.029978 1.049
v 3.77848 -0.022646 1.049
v 3.77607 -0.0159128 1.049
v 3.77229 -0.0099712 1.049
v 3.76734 -0.00501414 1.049
v 3.76139 -0.00123455 1.049
v 3.75466 0.00117467 1.049
v 3.74733 0.00202061 1.049
v 3.74 0.00117467 1.049
v 3.73326 -0.00123455 1.049
v 3.72732 -0.00501415 1.049
v 3.72237 -0.0099712 1.049
v 3.71859 -0.0159128 1.049
v 3.71618 -0.022646 1.049
v 3.71533 -0.029978 1.049
v 3.71618 -0.03731 1.049
v 3.71859 -0.0440432 1.049
v 3.72237 -0.0499848 1.049
v 3.72732 -0.0549419 1.049
v 3.73326 -0.0587214 1.049
v 3.74 -0.0611307 1.049
v 3.74733 -0.0619766 1.049
v 3.75466 -0.0611307 1.049
v 3.76139 -0.0587214 1.049
v 3.76734 -0.0549419 1.049
v 3.77229 -0.0499848 1.049
v 3.77607 -0.0440432 1.049
v 3.77848 -0.03731 1.049
v 5.06053 -0.629978 0.349
v 5.05969 -0.622646 0.349
v 5.05728 -0.615913 0.349
v 5.0535 -0.609971 0.349
v 5.04854 -0.605014 0.349
v 5.0426 -0.601235 0.349
v 5.03586 -0.598825 0.349
v 5.02853 -0.597979 0.349
v 5.0212 -0.598825 0.349
v 5.01447 -0.601235 0.349
v 5.00853 -0.605014 0.349
v 5.00357 -0.609971 0.349
v 4.99979 -0.615913 0.349
v 4.99738 -0.622646 0.349
v 4.99653 -0.629978 0.349
v 4.99738 -0.63731 0.349
v 4.99979 -0.644043 0.349
v 5.00357 -0.649985 0.349
v 5.00853 -0.654942 0.349
v 5.01447 -0.658722 0.349
v 5.0212 -0.661131 0.349
v 5.02853 -0.661977 0.349
v 5.03586 -0.661131 0.349
v 5.0426 -0.658722 0.349
v 5.04854 -0.654942 0.349
v 5.0535 -0.649985 0.349
v 5.05728 -0.644043 0.349
v 5.05969 -0.63731 0.349
v 5.06053 -0.629978 1.049
v 5.05969 -0.622646 1.049
v 5.05728 -0.615913 1.049
v 5.0535 -0.609971 1.049
v 5.04854 -0.605014 1.049
v 5.0426 -0.601235 1.049
v 5.03586 -0.598825 1.049
v 5.02853 -0.597979 1.049
v 5.0212 -0.598825 1.049
v 5.01447 -0.601235 1.049
v 5.00853 -0.605014 1.049
v 5.00357 -0.609971 1.049
v 4.99979 -0.615913 1.049
v 4.99738 -0.622646 1.049
v 4.99653 -0.629978 1.049
v 4.99738 -0.63731 1.049
v 4.99979 -0.644043 1.049
v 5.00357 -0.649985 1.049
v 5.00853 -0.654942 1.049
v 5.01447 -0.658722 1.049
v 5.0212 -0.661131 1.049
v 5.02853 -0.661977 1.049
v 5.03586 -0.661131 1.049
v 5.0426 -0.658722 1.049
v 5.04854 -0.654942 1.049
v 5.0535 -0.649985 1.049
v 5.05728 -0.644043 1.049
v 5.05969 -0.63731 1.049
v 5.71053 3.68891 3.10213
v 5.71027 3.68891 3.10212
v 5.70997 3.68891 3.1021
v 5.70966 3.68891 3.1021
v 5.70936 3.68891 3.10212
v 5.70909 3.68891 3.10217
v 5.70886 3.68892 3.10227
v 5.70863 3.68894 3.1025
v 5.7085 3.68896 3.1028
v 5.70844 3.68898 3.10316
v 5.70842 3.68901 3.10355
v 5.70842 3.68904 3.10397
v 5.70839 3.68907 3.1044
v 5.70833 3.68909 3.10482
v 5.70817 3.68915 3.10559
v 5.70802 3.68922 3.10662
v 5.70785 3.6893 3.10778
v 5.70767 3.68938 3.10898
v 5.70747 3.68946 3.1101
v 5.70724 3.68952 3.11102
v 5.70698 3.68956 3.11164
v 5.70699 3.68957 3.11178
v 5.707 3.68958 3.11189
v 5.70701 3.68959 3.11199
v 5.70702 3.68959 3.11208
v 5.70704 3.6896 3.11216
v 5.70708 3.6896 3.11224
v 5.70712 3.68961 3.11231
v 5.70736 3.68961 3.11236
v 5.70766 3.68961 3.11231
v 5.70801 3.6896 3.11218
v 5.70837 3.68959 3.11201
v 5.70872 3.68958 3.11183
v 5.70903 3.68956 3.11165
v 5.70927 3.68955 3.11151
v 5.71074 3.68891 3.10214
v 5.71053 3.68973 3.10208
v 5.71027 3.68973 3.10206
v 5.70997 3.68973 3.10205
v 5.70966 3.68973 3.10204
v 5.70936 3.68973 3.10206
v 5.70909 3.68974 3.10212
v 5.70886 3.68974 3.10222
v 5.70863 3.68976 3.10245
v 5.7085 3.68978 3.10275
v 5.70844 3.6898 3.1031
v 5.70842 3.68983 3.1035
v 5.70842 3.68986 3.10391
v 5.70839 3.68989 3.10434
v 5.70833 3.68992 3.10476
v 5.70817 3.68997 3.10554
v 5.70802 3.69004 3.10656
v 5.70785 3.69012 3.10773
v 5.70767 3.6902 3.10892
v 5.70747 3.69028 3.11004
v 5.70724 3.69034 3.11096
v 5.70698 3.69039 3.11159
v 5.70699 3.69039 3.11172
v 5.707 3.6904 3.11184
v 5.70701 3.69041 3.11194
v 5.70702 3.69042 3.11203
v 5.70704 3.69042 3.11211
v 5.70708 3.69043 3.11218
v 5.70712 3.69043 3.11226
v 5.70736 3.69043 3.1123
v 5.70766 3.69043 3.11225
v 5.70801 3.69042 3.11213
v 5.70837 3.69041 3.11196
v 5.70872 3.6904 3.11177
v 5.70903 3.69039 3.11159
v 5.70927 3.69038 3.11145
v 5.71074 3.68973 3.10208
v 5.74473 3.68951 3.11087
v 5.74444 3.68941 3.10944
v 5.74414 3.68931 3.10802
v 5.74385 3.68922 3.10661
v 5.7436 3.68912 3.1052
v 5.74342 3.68903 3.1038
v 5.74335 3.68893 3.10241
v 5.74322 3.68893 3.10241
v 5.74322 3.68892 3.10227
v 5.74134 3.68892 3.10227
v 5.74134 3.68897 3.10306
v 5.74142 3.68903 3.10392
v 5.74154 3.68909 3.10481
v 5.7417 3.68916 3.10572
v 5.74188 3.68922 3.10663
v 5.74208 3.68928 3.10749
v 5.74228 3.68933 3.1083
v 5.74236 3.68936 3.10875
v 5.74241 3.6894 3.10922
v 5.74244 3.68943 3.10969
v 5.74247 3.68946 3.11015
v 5.74253 3.68949 3.11059
v 5.74264 3.68952 3.111
v 5.74281 3.68954 3.11138
v 5.74298 3.68956 3.11159
v 5.74323 3.68957 3.11178
v 5.74355 3.68958 3.11195
v 5.74391 3.68959 3.11209
v 5.74428 3.6896 3.11219
v 5.74464 3.68961 3.11227
v 5.74496 3.68961 3.11231
v 5.74473 3.69033 3.11082
v 5.74444 3.69023 3.10939
v 5.74414 3.69014 3.10796
v 5.74385 3.69004 3.10655
v 5.7436 3.68994 3.10514
v 5.74342 3.68985 3.10374
v 5.74335 3.68975 3.10235
v 5.74322 3.68975 3.10235
v 5.74322 3.68974 3.10222
v 5.74134 3.68974 3.10222
v 5.74134 3.6898 3.103
v 5.74142 3.68986 3.10386
v 5.74154 3.68992 3.10476
v 5.7417 3.68998 3.10567
v 5.74188 3.69004 3.10657
v 5.74208 3.6901 3.10744
v 5.74228 3.69016 3.10824
v 5.74236 3.69019 3.10869
v 5.74241 3.69022 3.10916
v 5.74244 3.69025 3.10963
v 5.74247 3.69028 3.11009
v 5.74253 3.69031 3.11053
v 5.74264 3.69034 3.11095
v 5.74281 3.69037 3.11132
v 5.74298 3.69038 3.11154
v 5.74323 3.69039 3.11173
v 5.74355 3.69041 3.11189
v 5.74391 3.69042 3.11203
v 5.74428 3.69042 3.11214
v 5.74464 3.69043 3.11221
v 5.74496 3.69043 3.11226
v 5.72755 3.6892 3.10635
v 5.72852 3.68922 3.10662
v 5.72948 3.68924 3.10695
v 5.73043 3.68927 3.10733
v 5.73136 3.68929 3.10771
v 5.73227 3.68932 3.10809
v 5.73315 3.68934 3.10843
v 5.73388 3.68936 3.10868
v 5.73463 3.68938 3.1089
v 5.73538 3.68939 3.10912
v 5.73612 3.6894 3.10933
v 5.73682 3.68942 3.10955
v 5.73745 3.68944 3.10978
v 5.73798 3.68945 3.11004
v 5.73831 3.68946 3.11017
v 5.73869 3.68947 3.11026
v 5.73911 3.68947 3.11034
v 5.73954 3.68948 3.11043
v 5.73996 3.68949 3.11054
v 5.74034 3.6895 3.11072
v 5.74067 3.68952 3.11097
v 5.74147 3.68952 3.11097
v 5.74 3.68891 3.10214
v 5.73261 3.68891 3.10214
v 5.73222 3.68891 3.10213
v 5.73177 3.68891 3.1021
v 5.73128 3.68891 3.10208
v 5.7308 3.68891 3.10207
v 5.73035 3.68891 3.10209
v 5.72996 3.68891 3.10215
v 5.72966 3.68892 3.10227
v 5.72914 3.68894 3.10261
v 5.72868 3.68897 3.10306
v 5.72827 3.68901 3.10359
v 5.72787 3.68905 3.10415
v 5.72747 3.68909 3.1047
v 5.72705 3.68912 3.1052
v 5.72658 3.68915 3.10562
v 5.72658 3.68919 3.10615
v 5.72755 3.69002 3.10629
v 5.72852 3.69004 3.10656
v 5.72948 3.69006 3.1069
v 5.73043 3.69009 3.10727
v 5.73136 3.69012 3.10765
v 5.73227 3.69014 3.10803
v 5.73315 3.69016 3.10837
v 5.73388 3.69018 3.10862
v 5.73463 3.6902 3.10885
v 5.73538 3.69021 3.10906
v 5.73612 3.69023 3.10928
v 5.73682 3.69024 3.1095
v 5.73745 3.69026 3.10973
v 5.73798 3.69028 3.10998
v 5.73831 3.69028 3.11011
v 5.73869 3.69029 3.1102
v 5.73911 3.6903 3.11028
v 5.73954 3.6903 3.11037
v 5.73996 3.69031 3.11049
v 5.74034 3.69032 3.11066
v 5.74067 3.69034 3.11092
v 5.74147 3.69034 3.11092
v 5.74 3.68973 3.10208
v 5.73261 3.68973 3.10208
v 5.73222 3.68973 3.10207
v 5.73177 3.68973 3.10205
v 5.73128 3.68973 3.10202
v 5.7308 3.68973 3.10202
v 5.73035 3.68973 3.10204
v 5.72996 3.68973 3.1021
v 5.72966 3.68974 3.10222
v 5.72914 3.68977 3.10255
v 5.72868 3.6898 3.10301
v 5.72827 3.68983 3.10353
v 5.72787 3.68987 3.10409
v 5.72747 3.68991 3.10464
v 5.72705 3.68994 3.10515
v 5.72658 3.68997 3.10556
v 5.72658 3.69001 3.1061
v 5.72531 3.68916 3.10573
v 5.72489 3.68912 3.10512
v 5.72433 3.68907 3.1044
v 5.7237 3.68902 3.10367
v 5.72307 3.68897 3.10302
v 5.72253 3.68894 3.10252
v 5.72215 3.68892 3.10227
v 5.72215 3.68891 3.10214
v 5.71195 3.68891 3.10214
v 5.71195 3.68892 3.10223
v 5.71194 3.68893 3.10246
v 5.7119 3.68896 3.10279
v 5.71186 3.68898 3.10316
v 5.7118 3.68901 3.10355
v 5.71174 3.68903 3.10389
v 5.71168 3.68905 3.10415
v 5.71151 3.68909 3.10479
v 5.71136 3.68914 3.10548
v 5.71124 3.68919 3.1062
v 5.71112 3.68924 3.10692
v 5.71101 3.68929 3.10763
v 5.71089 3.68933 3.10832
v 5.71074 3.68938 3.10897
v 5.7107 3.6894 3.10921
v 5.7107 3.68941 3.10946
v 5.7107 3.68943 3.10971
v 5.71071 3.68945 3.10995
v 5.71071 3.68946 3.11018
v 5.71068 3.68948 3.11039
v 5.71061 3.68949 3.11057
v 5.71061 3.68951 3.11084
v 5.71127 3.6895 3.11077
v 5.71203 3.68949 3.11061
v 5.71283 3.68948 3.11038
v 5.71363 3.68946 3.1101
v 5.71438 3.68944 3.1098
v 5.71505 3.68942 3.10951
v 5.71557 3.6894 3.10923
v 5.71578 3.68939 3.10913
v 5.71608 3.68938 3.10902
v 5.71644 3.68937 3.10889
v 5.71683 3.68937 3.10876
v 5.71722 3.68936 3.10864
v 5.71757 3.68935 3.10852
v 5.71785 3.68934 3.10843
v 5.71866 3.68934 3.10843
v 5.71957 3.68932 3.10805
v 5.72052 3.68929 3.10764
v 5.72151 3.68926 3.10724
v 5.72252 3.68924 3.10687
v 5.72353 3.68921 3.10655
v 5.72453 3.6892 3.1063
v 5.7255 3.68919 3.10615
v 5.72531 3.68998 3.10567
v 5.72489 3.68994 3.10506
v 5.72433 3.68989 3.10435
v 5.7237 3.68984 3.10362
v 5.72307 3.68979 3.10296
v 5.72253 3.68976 3.10246
v 5.72215 3.68974 3.10222
v 5.72215 3.68973 3.10208
v 5.71195 3.68973 3.10208
v 5.71195 3.68974 3.10217
v 5.71194 3.68976 3.1024
v 5.7119 3.68978 3.10273
v 5.71186 3.6898 3.10311
v 5.7118 3.68983 3.10349
v 5.71174 3.68985 3.10383
v 5.71168 3.68987 3.10409
v 5.71151 3.68992 3.10474
v 5.71136 3.68996 3.10543
v 5.71124 3.69001 3.10614
v 5.71112 3.69006 3.10686
v 5.71101 3.69011 3.10757
v 5.71089 3.69016 3.10826
v 5.71074 3.6902 3.10891
v 5.7107 3.69022 3.10915
v 5.7107 3.69024 3.1094
v 5.7107 3.69025 3.10965
v 5.71071 3.69027 3.1099
v 5.71071 3.69029 3.11013
v 5.71068 3.6903 3.11033
v 5.71061 3.69031 3.11052
v 5.71061 3.69033 3.11078
v 5.71127 3.69033 3.11072
v 5.71203 3.69031 3.11056
v 5.71283 3.6903 3.11032
v 5.71363 3.69028 3.11005
v 5.71438 3.69026 3.10975
v 5.71505 3.69024 3.10945
v 5.71557 3.69022 3.10918
v 5.71578 3.69021 3.10908
v 5.71608 3.69021 3.10896
v 5.71644 3.6902 3.10884
v 5.71683 3.69019 3.10871
v 5.71722 3.69018 3.10858
v 5.71757 3.69017 3.10847
v 5.71785 3.69016 3.10837
v 5.71866 3.69016 3.10837
v 5.71957 3.69014 3.10799
v 5.72052 3.69011 3.10759
v 5.72151 3.69008 3.10718
v 5.72252 3.69006 3.10681
v 5.72353 3.69004 3.10649
v 5.72453 3.69002 3.10624
v 5.7255 3.69001 3.1061
v 5.74493 3.68872 3.09934
v 5.74519 3.68872 3.09934
v 5.74545 3.68872 3.09935
v 5.7457 3.68872 3.09934
v 5.74594 3.68872 3.09931
v 5.74614 3.68871 3.09927
v 5.7463 3.68871 3.09919
v 5.74662 3.68869 3.09896
v 5.7469 3.68867 3.09865
v 5.74713 3.68865 3.09827
v 5.74735 3.68862 3.09787
v 5.74757 3.68859 3.09747
v 5.7478 3.68857 3.0971
v 5.74805 3.68854 3.09678
v 5.74805 3.68853 3.09665
v 5.74818 3.68853 3.09665
v 5.7484 3.68856 3.09703
v 5.74865 3.68859 3.09741
v 5.74891 3.68861 3.09777
v 5.74917 3.68864 3.09815
v 5.74941 3.68866 3.09852
v 5.74963 3.68869 3.09892
v 5.74979 3.68872 3.09933
v 5.75006 3.68872 3.09933
v 5.75033 3.68872 3.09933
v 5.7506 3.68872 3.09932
v 5.75087 3.68872 3.09931
v 5.75111 3.68872 3.09928
v 5.75134 3.68871 3.09925
v 5.75154 3.68871 3.09919
v 5.75154 3.68842 3.09504
v 5.75033 3.68842 3.09504
v 5.75033 3.68865 3.09839
v 5.75019 3.68865 3.09839
v 5.74872 3.68847 3.09571
v 5.74804 3.68848 3.0958
v 5.7475 3.68849 3.09604
v 5.74706 3.68852 3.09642
v 5.74671 3.68855 3.09688
v 5.74641 3.68859 3.09738
v 5.74615 3.68862 3.0979
v 5.7459 3.68865 3.09839
v 5.74577 3.68865 3.09839
v 5.74577 3.68842 3.09504
v 5.74469 3.68842 3.09504
v 5.74469 3.68872 3.09933
v 5.74493 3.68954 3.09928
v 5.74519 3.68954 3.09929
v 5.74545 3.68954 3.09929
v 5.7457 3.68954 3.09928
v 5.74594 3.68954 3.09926
v 5.74614 3.68954 3.09921
v 5.7463 3.68953 3.09914
v 5.74662 3.68952 3.09891
v 5.7469 3.68949 3.09859
v 5.74713 3.68947 3.09822
v 5.74735 3.68944 3.09781
v 5.74757 3.68941 3.09741
v 5.7478 3.68939 3.09704
v 5.74805 3.68937 3.09673
v 5.74805 3.68936 3.09659
v 5.74818 3.68936 3.09659
v 5.7484 3.68938 3.09698
v 5.74865 3.68941 3.09735
v 5.74891 3.68943 3.09772
v 5.74917 3.68946 3.09809
v 5.74941 3.68949 3.09847
v 5.74963 3.68951 3.09886
v 5.74979 3.68954 3.09927
v 5.75006 3.68954 3.09927
v 5.75033 3.68954 3.09927
v 5.7506 3.68954 3.09927
v 5.75087 3.68954 3.09925
v 5.75111 3.68954 3.09923
v 5.75134 3.68954 3.09919
v 5.75154 3.68953 3.09914
v 5.75154 3.68925 3.09499
v 5.75033 3.68925 3.09499
v 5.75033 3.68948 3.09833
v 5.75019 3.68948 3.09833
v 5.74872 3.68929 3.09566
v 5.74804 3.6893 3.09574
v 5.7475 3.68932 3.09599
v 5.74706 3.68934 3.09636
v 5.74671 3.68937 3.09682
v 5.74641 3.68941 3.09733
v 5.74615 3.68944 3.09784
v 5.7459 3.68948 3.09833
v 5.74577 3.68948 3.09833
v 5.74577 3.68925 3.09499
v 5.74469 3.68925 3.09499
v 5.74469 3.68954 3.09927
v 5.73747 3.68869 3.09885
v 5.7375 3.68865 3.09828
v 5.73754 3.6886 3.09766
v 5.73755 3.68856 3.09703
v 5.73753 3.68852 3.09645
v 5.73746 3.68849 3.09595
v 5.73731 3.68846 3.09558
v 5.73718 3.68843 3.09518
v 5.73653 3.68843 3.09508
v 5.73583 3.68842 3.09503
v 5.73509 3.68842 3.095
v 5.73433 3.68842 3.095
v 5.73356 3.68842 3.09501
v 5.73281 3.68842 3.09503
v 5.73208 3.68842 3.09504
v 5.73208 3.68848 3.09585
v 5.73259 3.68848 3.09582
v 5.7332 3.68848 3.09578
v 5.73387 3.68847 3.09574
v 5.73454 3.68847 3.09573
v 5.73517 3.68847 3.09575
v 5.73571 3.68848 3.09583
v 5.7361 3.68849 3.09598
v 5.73637 3.68849 3.09598
v 5.73637 3.68866 3.09852
v 5.73208 3.68866 3.09852
v 5.73208 3.68872 3.09933
v 5.73745 3.68872 3.09933
v 5.73747 3.68951 3.09879
v 5.7375 3.68947 3.09822
v 5.73754 3.68943 3.0976
v 5.73755 3.68938 3.09698
v 5.73753 3.68934 3.09639
v 5.73746 3.68931 3.09589
v 5.73731 3.68928 3.09552
v 5.73718 3.68926 3.09512
v 5.73653 3.68925 3.09502
v 5.73583 3.68925 3.09497
v 5.73509 3.68924 3.09495
v 5.73433 3.68924 3.09494
v 5.73356 3.68925 3.09496
v 5.73281 3.68925 3.09497
v 5.73208 3.68925 3.09499
v 5.73208 3.6893 3.09579
v 5.73259 3.6893 3.09577
v 5.7332 3.6893 3.09573
v 5.73387 3.6893 3.09569
v 5.73454 3.68929 3.09567
v 5.73517 3.6893 3.09569
v 5.73571 3.6893 3.09577
v 5.7361 3.68931 3.09592
v 5.73637 3.68931 3.09592
v 5.73637 3.68949 3.09847
v 5.73208 3.68949 3.09847
v 5.73208 3.68954 3.09927
v 5.73745 3.68954 3.09927
v 5.73127 3.68842 3.09504
v 5.7302 3.68842 3.09504
v 5.7302 3.68853 3.09665
v 5.73007 3.68853 3.09665
v 5.73007 3.68854 3.09678
v 5.72956 3.68854 3.09679
v 5.72901 3.68855 3.09681
v 5.72845 3.68855 3.09683
v 5.72789 3.68855 3.09683
v 5.72735 3.68855 3.09681
v 5.72687 3.68854 3.09675
v 5.72644 3.68853 3.09665
v 5.72644 3.68842 3.09504
v 5.72537 3.68842 3.09504
v 5.72537 3.68872 3.09933
v 5.72644 3.68872 3.09933
v 5.72644 3.6887 3.09906
v 5.72644 3.68868 3.09879
v 5.72645 3.68866 3.09852
v 5.72646 3.68864 3.09825
v 5.72648 3.68863 3.09801
v 5.72652 3.68861 3.09778
v 5.72658 3.6886 3.09759
v 5.72709 3.6886 3.09757
v 5.72763 3.6886 3.09756
v 5.72819 3.6886 3.09754
v 5.72875 3.6886 3.09754
v 5.72929 3.6886 3.09756
v 5.72978 3.6886 3.09762
v 5.7302 3.68861 3.09772
v 5.7302 3.68872 3.09933
v 5.73127 3.68872 3.09933
v 5.73127 3.68925 3.09499
v 5.7302 3.68925 3.09499
v 5.7302 3.68936 3.09659
v 5.73007 3.68936 3.09659
v 5.73007 3.68937 3.09673
v 5.72956 3.68937 3.09674
v 5.72901 3.68937 3.09676
v 5.72845 3.68937 3.09677
v 5.72789 3.68937 3.09678
v 5.72735 3.68937 3.09675
v 5.72687 3.68936 3.0967
v 5.72644 3.68936 3.09659
v 5.72644 3.68925 3.09499
v 5.72537 3.68925 3.09499
v 5.72537 3.68954 3.09927
v 5.72644 3.68954 3.09927
v 5.72644 3.68952 3.099
v 5.72644 3.6895 3.09873
v 5.72645 3.68949 3.09846
v 5.72646 3.68947 3.0982
v 5.72648 3.68945 3.09795
v 5.72652 3.68943 3.09773
v 5.72658 3.68942 3.09753
v 5.72709 3.68942 3.09752
v 5.72763 3.68942 3.0975
v 5.72819 3.68942 3.09748
v 5.72875 3.68942 3.09748
v 5.72929 3.68942 3.0975
v 5.72978 3.68942 3.09756
v 5.7302 3.68943 3.09766
v 5.7302 3.68954 3.09927
v 5.73127 3.68954 3.09927
v 5.71607 3.68871 3.09928
v 5.7167 3.6887 3.09908
v 5.71713 3.68868 3.09877
v 5.71744 3.68865 3.09838
v 5.7177 3.68862 3.09792
v 5.71799 3.68859 3.09742
v 5.71839 3.68855 3.09692
v 5.71842 3.68855 3.09684
v 5.71844 3.68854 3.09679
v 5.71845 3.68854 3.09676
v 5.71845 3.68854 3.09674
v 5.71847 3.68854 3.09672
v 5.71849 3.68854 3.09669
v 5.71852 3.68853 3.09665
v 5.72014 3.68872 3.09933
v 5.72042 3.68872 3.09933
v 5.72071 3.68872 3.09933
v 5.72101 3.68872 3.09933
v 5.72129 3.68872 3.09931
v 5.72156 3.68872 3.09929
v 5.7218 3.68871 3.09925
v 5.72201 3.68871 3.09919
v 5.72203 3.68867 3.0986
v 5.72206 3.68862 3.09796
v 5.72208 3.68858 3.09729
v 5.72209 3.68853 3.09663
v 5.72207 3.68849 3.096
v 5.722 3.68845 3.09541
v 5.72188 3.68842 3.09491
v 5.72081 3.68842 3.09491
v 5.72081 3.68865 3.09826
v 5.72054 3.68865 3.09826
v 5.72039 3.68862 3.09785
v 5.72021 3.68859 3.09747
v 5.71999 3.68857 3.0971
v 5.71975 3.68854 3.09675
v 5.71951 3.68852 3.0964
v 5.71928 3.68849 3.09606
v 5.71906 3.68847 3.09571
v 5.71846 3.68848 3.09578
v 5.71793 3.68849 3.09599
v 5.71749 3.68851 3.09633
v 5.71714 3.68854 3.09677
v 5.71687 3.68858 3.09728
v 5.71671 3.68862 3.09783
v 5.71665 3.68865 3.09839
v 5.71657 3.68866 3.09842
v 5.71652 3.68866 3.09843
v 5.71649 3.68866 3.09844
v 5.71647 3.68866 3.09845
v 5.71645 3.68866 3.09846
v 5.71642 3.68866 3.09849
v 5.71638 3.68866 3.09852
v 5.71624 3.68866 3.09852
v 5.71626 3.68863 3.09802
v 5.71627 3.68859 3.09747
v 5.71629 3.68855 3.09691
v 5.71629 3.68851 3.09635
v 5.71627 3.68848 3.09582
v 5.71621 3.68844 3.09533
v 5.71611 3.68842 3.09491
v 5.71592 3.68842 3.09491
v 5.71575 3.68842 3.09492
v 5.71559 3.68842 3.09493
v 5.71543 3.68842 3.09495
v 5.71529 3.68842 3.09497
v 5.71516 3.68842 3.09501
v 5.71504 3.68842 3.09504
v 5.71504 3.68847 3.09567
v 5.71504 3.68851 3.0963
v 5.71504 3.68856 3.09694
v 5.71506 3.6886 3.09758
v 5.71508 3.68864 3.09819
v 5.71512 3.68868 3.09878
v 5.71517 3.68872 3.09933
v 5.71607 3.68954 3.09922
v 5.7167 3.68952 3.09903
v 5.71713 3.6895 3.09872
v 5.71744 3.68948 3.09832
v 5.7177 3.68944 3.09786
v 5.71799 3.68941 3.09736
v 5.71839 3.68938 3.09686
v 5.71842 3.68937 3.09678
v 5.71844 3.68937 3.09673
v 5.71845 3.68936 3.0967
v 5.71845 3.68936 3.09668
v 5.71847 3.68936 3.09667
v 5.71849 3.68936 3.09664
v 5.71852 3.68936 3.09659
v 5.72014 3.68954 3.09927
v 5.72042 3.68954 3.09927
v 5.72071 3.68954 3.09927
v 5.72101 3.68954 3.09927
v 5.72129 3.68954 3.09926
v 5.72156 3.68954 3.09923
v 5.7218 3.68954 3.09919
v 5.72201 3.68953 3.09914
v 5.72203 3.68949 3.09854
v 5.72206 3.68945 3.0979
v 5.72208 3.6894 3.09724
v 5.72209 3.68936 3.09657
v 5.72207 3.68931 3.09594
v 5.722 3.68927 3.09536
v 5.72188 3.68924 3.09485
v 5.72081 3.68924 3.09485
v 5.72081 3.68947 3.0982
v 5.72054 3.68947 3.0982
v 5.72039 3.68944 3.09779
v 5.72021 3.68941 3.09741
v 5.71999 3.68939 3.09705
v 5.71975 3.68936 3.09669
v 5.71951 3.68934 3.09635
v 5.71928 3.68932 3.096
v 5.71906 3.68929 3.09566
v 5.71846 3.6893 3.09572
v 5.71793 3.68931 3.09594
v 5.71749 3.68934 3.09628
v 5.71714 3.68937 3.09672
v 5.71687 3.6894 3.09722
v 5.71671 3.68944 3.09777
v 5.71665 3.68948 3.09833
v 5.71657 3.68948 3.09836
v 5.71652 3.68948 3.09838
v 5.71649 3.68948 3.09839
v 5.71647 3.68948 3.0984
v 5.71645 3.68948 3.09841
v 5.71642 3.68948 3.09843
v 5.71638 3.68949 3.09847
v 5.71624 3.68949 3.09847
v 5.71626 3.68945 3.09796
v 5.71627 3.68941 3.09741
v 5.71629 3.68938 3.09685
v 5.71629 3.68934 3.0963
v 5.71627 3.6893 3.09576
v 5.71621 3.68927 3.09528
v 5.71611 3.68924 3.09485
v 5.71592 3.68924 3.09486
v 5.71575 3.68924 3.09486
v 5.71559 3.68924 3.09488
v 5.71543 3.68924 3.09489
v 5.71529 3.68924 3.09492
v 5.71516 3.68924 3.09495
v 5.71504 3.68925 3.09499
v 5.71504 3.68929 3.09561
v 5.71504 3.68933 3.09625
v 5.71504 3.68938 3.09689
v 5.71506 3.68942 3.09752
v 5.71508 3.68946 3.09813
v 5.71512 3.6895 3.09872
v 5.71517 3.68954 3.09927
v 5.7141 3.68842 3.09504
v 5.71316 3.68842 3.09504
v 5.71318 3.68845 3.09548
v 5.71321 3.68849 3.09599
v 5.71324 3.68853 3.09654
v 5.71325 3.68857 3.0971
v 5.71322 3.6886 3.09762
v 5.71316 3.68863 3.09806
v 5.71302 3.68865 3.09839
v 5.71303 3.68867 3.09856
v 5.71304 3.68868 3.09871
v 5.71305 3.68869 3.09885
v 5.71307 3.68869 3.09898
v 5.71309 3.6887 3.0991
v 5.71312 3.68871 3.09922
v 5.71316 3.68872 3.09933
v 5.7141 3.68872 3.09933
v 5.7141 3.68925 3.09499
v 5.71316 3.68925 3.09499
v 5.71318 3.68928 3.09542
v 5.71321 3.68931 3.09593
v 5.71324 3.68935 3.09648
v 5.71325 3.68939 3.09704
v 5.71322 3.68942 3.09756
v 5.71316 3.68945 3.098
v 5.71302 3.68948 3.09833
v 5.71303 3.68949 3.0985
v 5.71304 3.6895 3.09866
v 5.71305 3.68951 3.0988
v 5.71307 3.68952 3.09893
v 5.71309 3.68953 3.09905
v 5.71312 3.68953 3.09916
v 5.71316 3.68954 3.09927
v 5.7141 3.68954 3.09927
v 5.71222 3.68842 3.09491
v 5.71203 3.68842 3.09491
v 5.71186 3.68842 3.09492
v 5.71169 3.68842 3.09493
v 5.71154 3.68842 3.09495
v 5.7114 3.68842 3.09497
v 5.71127 3.68842 3.09501
v 5.71114 3.68842 3.09504
v 5.71114 3.68866 3.09852
v 5.71082 3.68865 3.09827
v 5.71044 3.68862 3.09782
v 5.71005 3.68858 3.09725
v 5.70965 3.68853 3.09662
v 5.70928 3.68849 3.09599
v 5.70896 3.68845 3.09545
v 5.70873 3.68842 3.09504
v 5.70849 3.68842 3.09503
v 5.70824 3.68842 3.09503
v 5.70797 3.68842 3.09502
v 5.70772 3.68842 3.09503
v 5.70748 3.68843 3.09506
v 5.70728 3.68843 3.0951
v 5.70712 3.68843 3.09518
v 5.70685 3.68843 3.09518
v 5.70685 3.68871 3.09919
v 5.70792 3.68871 3.09919
v 5.70792 3.68847 3.09571
v 5.70821 3.68849 3.09595
v 5.70858 3.68852 3.09639
v 5.70899 3.68856 3.09697
v 5.70941 3.6886 3.09762
v 5.70977 3.68864 3.09825
v 5.71006 3.68868 3.0988
v 5.71021 3.68871 3.09919
v 5.71045 3.68871 3.09924
v 5.71071 3.68871 3.09927
v 5.711 3.68872 3.0993
v 5.71129 3.68872 3.09931
v 5.7116 3.68872 3.09932
v 5.71191 3.68872 3.09933
v 5.71222 3.68872 3.09933
v 5.71222 3.68924 3.09485
v 5.71203 3.68924 3.09486
v 5.71186 3.68924 3.09486
v 5.71169 3.68924 3.09488
v 5.71154 3.68924 3.09489
v 5.7114 3.68924 3.09492
v 5.71127 3.68924 3.09495
v 5.71114 3.68925 3.09499
v 5.71114 3.68949 3.09847
v 5.71082 3.68947 3.09821
v 5.71044 3.68944 3.09776
v 5.71005 3.6894 3.09719
v 5.70965 3.68936 3.09656
v 5.70928 3.68931 3.09594
v 5.70896 3.68927 3.09539
v 5.70873 3.68925 3.09499
v 5.70849 3.68925 3.09498
v 5.70824 3.68925 3.09497
v 5.70797 3.68925 3.09497
v 5.70772 3.68925 3.09498
v 5.70748 3.68925 3.095
v 5.70728 3.68925 3.09505
v 5.70712 3.68926 3.09512
v 5.70685 3.68926 3.09512
v 5.70685 3.68953 3.09914
v 5.70792 3.68953 3.09914
v 5.70792 3.68929 3.09566
v 5.70821 3.68931 3.09589
v 5.70858 3.68934 3.09634
v 5.70899 3.68938 3.09692
v 5.70941 3.68942 3.09756
v 5.70977 3.68947 3.09819
v 5.71006 3.6895 3.09874
v 5.71021 3.68953 3.09914
v 5.71045 3.68953 3.09918
v 5.71071 3.68954 3.09921
v 5.711 3.68954 3.09924
v 5.71129 3.68954 3.09926
v 5.7116 3.68954 3.09927
v 5.71191 3.68954 3.09927
v 5.71222 3.68954 3.09927
v 5.70591 3.68842 3.09504
v 5.70503 3.68842 3.09504
v 5.70419 3.68842 3.09504
v 5.70341 3.68843 3.09506
v 5.70267 3.68843 3.09512
v 5.70197 3.68844 3.09521
v 5.7013 3.68845 3.09536
v 5.70068 3.68846 3.09558
v 5.70059 3.68849 3.09592
v 5.7005 3.68851 3.09633
v 5.70043 3.68854 3.09677
v 5.70039 3.68857 3.09723
v 5.70041 3.6886 3.09767
v 5.7005 3.68863 3.09806
v 5.70068 3.68865 3.09839
v 5.70102 3.68869 3.09887
v 5.7016 3.68871 3.09918
v 5.70236 3.68872 3.09935
v 5.70323 3.68872 3.09941
v 5.70416 3.68872 3.0994
v 5.70507 3.68872 3.09936
v 5.70591 3.68872 3.09933
v 5.70591 3.68925 3.09499
v 5.70503 3.68925 3.09498
v 5.70419 3.68925 3.09498
v 5.70341 3.68925 3.09501
v 5.70267 3.68925 3.09506
v 5.70197 3.68926 3.09516
v 5.7013 3.68927 3.09531
v 5.70068 3.68928 3.09552
v 5.70059 3.68931 3.09587
v 5.7005 3.68934 3.09627
v 5.70043 3.68937 3.09672
v 5.70039 3.6894 3.09717
v 5.70041 3.68943 3.09761
v 5.7005 3.68945 3.098
v 5.70068 3.68948 3.09833
v 5.70102 3.68951 3.09882
v 5.7016 3.68953 3.09913
v 5.70236 3.68954 3.09929
v 5.70323 3.68955 3.09935
v 5.70416 3.68955 3.09935
v 5.70507 3.68954 3.09931
v 5.70591 3.68954 3.09927
v 5.74391 3.68867 3.09867
v 5.74393 3.68863 3.09808
v 5.74395 3.68859 3.09746
v 5.74395 3.68855 3.09685
v 5.7439 3.68851 3.09628
v 5.7438 3.68848 3.0958
v 5.74362 3.68845 3.09544
v 5.74335 3.68842 3.09504
v 5.73839 3.68842 3.09504
v 5.73839 3.68848 3.09585
v 5.73902 3.68848 3.09583
v 5.7397 3.68848 3.09581
v 5.74041 3.68848 3.09579
v 5.74111 3.68848 3.0958
v 5.74177 3.68848 3.09584
v 5.74234 3.68849 3.09594
v 5.74281 3.6885 3.09611
v 5.74281 3.68865 3.09839
v 5.73839 3.68865 3.09839
v 5.73839 3.68871 3.09919
v 5.74389 3.68871 3.09919
v 5.74391 3.6895 3.09861
v 5.74393 3.68946 3.09802
v 5.74395 3.68941 3.0974
v 5.74395 3.68937 3.09679
v 5.7439 3.68933 3.09622
v 5.7438 3.6893 3.09574
v 5.74362 3.68927 3.09539
v 5.74335 3.68925 3.09499
v 5.73839 3.68925 3.09499
v 5.73839 3.6893 3.09579
v 5.73902 3.6893 3.09577
v 5.7397 3.6893 3.09575
v 5.74041 3.6893 3.09573
v 5.74111 3.6893 3.09574
v 5.74177 3.6893 3.09579
v 5.74234 3.68931 3.09589
v 5.74281 3.68932 3.09606
v 5.74281 3.68948 3.09833
v 5.73839 3.68948 3.09833
v 5.73839 3.68953 3.09914
v 5.74389 3.68953 3.09914
v 5.70498 3.68851 3.09623
v 5.70499 3.68853 3.09664
v 5.70499 3.68856 3.09706
v 5.70499 3.68859 3.09747
v 5.70496 3.68862 3.09786
v 5.70492 3.68864 3.09822
v 5.70484 3.68866 3.09852
v 5.70229 3.68866 3.09852
v 5.7021 3.68865 3.09834
v 5.70189 3.68864 3.09812
v 5.70167 3.68862 3.09786
v 5.7015 3.6886 3.09756
v 5.70141 3.68858 3.09724
v 5.70144 3.68855 3.09689
v 5.70162 3.68853 3.09652
v 5.70166 3.68852 3.0964
v 5.70169 3.68851 3.09631
v 5.70172 3.68851 3.09625
v 5.70176 3.6885 3.09619
v 5.70179 3.6885 3.09613
v 5.70184 3.6885 3.09607
v 5.70189 3.68849 3.09598
v 5.70226 3.68848 3.09592
v 5.70268 3.68848 3.09588
v 5.70312 3.68848 3.09585
v 5.70358 3.68848 3.09584
v 5.70405 3.68848 3.09584
v 5.70452 3.68848 3.09584
v 5.70497 3.68848 3.09585
v 5.70498 3.68933 3.09618
v 5.70499 3.68936 3.09659
v 5.70499 3.68939 3.097
v 5.70499 3.68941 3.09741
v 5.70496 3.68944 3.0978
v 5.70492 3.68946 3.09816
v 5.70484 3.68949 3.09847
v 5.70229 3.68949 3.09847
v 5.7021 3.68947 3.09829
v 5.70189 3.68946 3.09806
v 5.70167 3.68944 3.0978
v 5.7015 3.68942 3.09751
v 5.70141 3.6894 3.09718
v 5.70144 3.68937 3.09683
v 5.70162 3.68935 3.09646
v 5.70166 3.68934 3.09634
v 5.70169 3.68933 3.09626
v 5.70172 3.68933 3.09619
v 5.70176 3.68933 3.09614
v 5.70179 3.68932 3.09608
v 5.70184 3.68932 3.09601
v 5.70189 3.68931 3.09592
v 5.70226 3.68931 3.09586
v 5.70268 3.6893 3.09582
v 5.70312 3.6893 3.0958
v 5.70358 3.6893 3.09578
v 5.70405 3.6893 3.09578
v 5.70452 3.6893 3.09578
v 5.70497 3.6893 3.09579
v 5.74187 3.68854 3.09678
v 5.73839 3.68854 3.09678
v 5.73839 3.6886 3.09759
v 5.74187 3.6886 3.09759
v 5.74187 3.68937 3.09673
v 5.73839 3.68937 3.09673
v 5.73839 3.68942 3.09753
v 5.74187 3.68942 3.09753
v 4.42893 -0.240414 2.66467
v 4.4292 -0.240413 2.66466
v 4.42949 -0.240412 2.66464
v 4.42981 -0.240412 2.66464
v 4.43011 -0.240414 2.66466
v 4.43038 -0.240417 2.66471
v 4.4306 -0.240424 2.66481
v 4.43084 -0.24044 2.66504
v 4.43097 -0.24046 2.66534
v 4.43103 -0.240485 2.6657
v 4.43105 -0.240512 2.66609
v 4.43105 -0.24054 2.66651
v 4.43107 -0.24057 2.66694
v 4.43114 -0.240598 2.66736
v 4.43129 -0.240652 2.66813
v 4.43145 -0.240722 2.66916
v 4.43162 -0.240802 2.67032
v 4.4318 -0.240884 2.67152
v 4.432 -0.24096 2.67264
v 4.43223 -0.241024 2.67356
v 4.43248 -0.241067 2.67418
v 4.43248 -0.241076 2.67432
v 4.43247 -0.241084 2.67443
v 4.43246 -0.241091 2.67453
v 4.43245 -0.241097 2.67462
v 4.43242 -0.241102 2.6747
v 4.43239 -0.241107 2.67478
v 4.43235 -0.241112 2.67485
v 4.43211 -0.241116 2.6749
v 4.43181 -0.241112 2.67485
v 4.43146 -0.241104 2.67472
v 4.43109 -0.241092 2.67455
v 4.43075 -0.241079 2.67437
v 4.43044 -0.241067 2.67419
v 4.4302 -0.241057 2.67405
v 4.42873 -0.240415 2.66468
v 4.42893 -0.241237 2.66462
v 4.4292 -0.241236 2.6646
v 4.42949 -0.241235 2.66459
v 4.42981 -0.241234 2.66458
v 4.43011 -0.241236 2.6646
v 4.43038 -0.24124 2.66466
v 4.4306 -0.241246 2.66476
v 4.43084 -0.241262 2.66499
v 4.43097 -0.241283 2.66529
v 4.43103 -0.241307 2.66564
v 4.43105 -0.241334 2.66604
v 4.43105 -0.241363 2.66645
v 4.43107 -0.241392 2.66688
v 4.43114 -0.241421 2.6673
v 4.43129 -0.241474 2.66808
v 4.43145 -0.241544 2.6691
v 4.43162 -0.241624 2.67027
v 4.4318 -0.241706 2.67146
v 4.432 -0.241783 2.67258
v 4.43223 -0.241846 2.6735
v 4.43248 -0.241889 2.67413
v 4.43248 -0.241898 2.67426
v 4.43247 -0.241906 2.67438
v 4.43246 -0.241913 2.67448
v 4.43245 -0.241919 2.67457
v 4.43242 -0.241924 2.67465
v 4.43239 -0.24193 2.67472
v 4.43235 -0.241935 2.6748
v 4.43211 -0.241938 2.67484
v 4.43181 -0.241934 2.67479
v 4.43146 -0.241926 2.67467
v 4.43109 -0.241914 2.6745
v 4.43075 -0.241901 2.67431
v 4.43044 -0.241889 2.67413
v 4.4302 -0.24188 2.67399
v 4.42873 -0.241237 2.66462
v 4.39474 -0.241014 2.67341
v 4.39502 -0.240916 2.67198
v 4.39533 -0.240818 2.67056
v 4.39562 -0.240721 2.66915
v 4.39587 -0.240625 2.66774
v 4.39605 -0.240529 2.66634
v 4.39612 -0.240433 2.66495
v 4.39625 -0.240433 2.66495
v 4.39625 -0.240424 2.66481
v 4.39813 -0.240424 2.66481
v 4.39812 -0.240478 2.6656
v 4.39805 -0.240537 2.66646
v 4.39793 -0.240598 2.66735
v 4.39777 -0.240661 2.66826
v 4.39758 -0.240723 2.66917
v 4.39739 -0.240782 2.67003
v 4.39719 -0.240837 2.67084
v 4.39711 -0.240868 2.67129
v 4.39706 -0.2409 2.67176
v 4.39703 -0.240932 2.67223
v 4.397 -0.240964 2.67269
v 4.39694 -0.240994 2.67313
v 4.39683 -0.241023 2.67354
v 4.39665 -0.241048 2.67392
v 4.39649 -0.241063 2.67413
v 4.39624 -0.241076 2.67432
v 4.39592 -0.241087 2.67449
v 4.39556 -0.241097 2.67463
v 4.39519 -0.241104 2.67473
v 4.39483 -0.241109 2.67481
v 4.39451 -0.241112 2.67485
v 4.39474 -0.241836 2.67336
v 4.39502 -0.241738 2.67193
v 4.39533 -0.24164 2.6705
v 4.39562 -0.241544 2.66909
v 4.39587 -0.241447 2.66768
v 4.39605 -0.241351 2.66628
v 4.39612 -0.241255 2.66489
v 4.39625 -0.241255 2.66489
v 4.39625 -0.241246 2.66476
v 4.39813 -0.241246 2.66476
v 4.39812 -0.2413 2.66554
v 4.39805 -0.241359 2.6664
v 4.39793 -0.24142 2.6673
v 4.39777 -0.241483 2.66821
v 4.39758 -0.241545 2.66911
v 4.39739 -0.241604 2.66998
v 4.39719 -0.241659 2.67078
v 4.39711 -0.24169 2.67123
v 4.39706 -0.241723 2.6717
v 4.39703 -0.241755 2.67217
v 4.397 -0.241786 2.67263
v 4.39694 -0.241817 2.67307
v 4.39683 -0.241845 2.67349
v 4.39665 -0.24187 2.67386
v 4.39649 -0.241885 2.67408
v 4.39624 -0.241898 2.67427
v 4.39592 -0.24191 2.67443
v 4.39556 -0.241919 2.67457
v 4.39519 -0.241927 2.67468
v 4.39483 -0.241932 2.67475
v 4.39451 -0.241935 2.6748
v 4.41192 -0.240703 2.66889
v 4.41095 -0.240722 2.66916
v 4.40999 -0.240745 2.66949
v 4.40904 -0.24077 2.66987
v 4.40811 -0.240797 2.67025
v 4.4072 -0.240823 2.67063
v 4.40632 -0.240846 2.67097
v 4.40559 -0.240863 2.67122
v 4.40484 -0.240879 2.67144
v 4.40408 -0.240894 2.67166
v 4.40334 -0.240908 2.67187
v 4.40265 -0.240923 2.67209
v 4.40202 -0.240939 2.67232
v 4.40148 -0.240956 2.67258
v 4.40116 -0.240965 2.67271
v 4.40078 -0.240972 2.6728
v 4.40036 -0.240977 2.67288
v 4.39993 -0.240983 2.67297
v 4.39951 -0.240991 2.67308
v 4.39912 -0.241003 2.67326
v 4.3988 -0.241021 2.67351
v 4.398 -0.241021 2.67351
v 4.39947 -0.240415 2.66468
v 4.40685 -0.240415 2.66468
v 4.40725 -0.240414 2.66467
v 4.4077 -0.240412 2.66464
v 4.40818 -0.240411 2.66462
v 4.40867 -0.24041 2.66461
v 4.40912 -0.240412 2.66463
v 4.40951 -0.240416 2.66469
v 4.4098 -0.240424 2.66481
v 4.41033 -0.240447 2.66515
v 4.41079 -0.240478 2.6656
v 4.4112 -0.240514 2.66613
v 4.4116 -0.240553 2.66669
v 4.41199 -0.24059 2.66724
v 4.41242 -0.240625 2.66774
v 4.41289 -0.240653 2.66816
v 4.41289 -0.24069 2.66869
v 4.41192 -0.241526 2.66883
v 4.41095 -0.241544 2.6691
v 4.40999 -0.241567 2.66944
v 4.40904 -0.241593 2.66981
v 4.40811 -0.241619 2.67019
v 4.4072 -0.241645 2.67057
v 4.40632 -0.241669 2.67091
v 4.40559 -0.241685 2.67116
v 4.40484 -0.241701 2.67139
v 4.40408 -0.241716 2.6716
v 4.40334 -0.241731 2.67182
v 4.40265 -0.241746 2.67204
v 4.40202 -0.241761 2.67227
v 4.40148 -0.241779 2.67252
v 4.40116 -0.241788 2.67265
v 4.40078 -0.241794 2.67274
v 4.40036 -0.241799 2.67282
v 4.39993 -0.241805 2.67291
v 4.39951 -0.241814 2.67303
v 4.39912 -0.241826 2.6732
v 4.3988 -0.241843 2.67346
v 4.398 -0.241843 2.67346
v 4.39947 -0.241237 2.66462
v 4.40685 -0.241237 2.66462
v 4.40725 -0.241236 2.66461
v 4.4077 -0.241235 2.66459
v 4.40818 -0.241233 2.66456
v 4.40867 -0.241233 2.66456
v 4.40912 -0.241234 2.66458
v 4.40951 -0.241238 2.66464
v 4.4098 -0.241246 2.66476
v 4.41033 -0.241269 2.66509
v 4.41079 -0.241301 2.66555
v 4.4112 -0.241337 2.66607
v 4.4116 -0.241375 2.66663
v 4.41199 -0.241413 2.66718
v 4.41242 -0.241447 2.66769
v 4.41289 -0.241476 2.6681
v 4.41289 -0.241512 2.66864
v 4.41416 -0.240661 2.66827
v 4.41457 -0.240619 2.66766
v 4.41514 -0.24057 2.66694
v 4.41577 -0.24052 2.66621
v 4.41639 -0.240475 2.66556
v 4.41694 -0.240441 2.66506
v 4.41732 -0.240424 2.66481
v 4.41732 -0.240415 2.66468
v 4.42752 -0.240415 2.66468
v 4.42751 -0.240421 2.66477
v 4.42753 -0.240437 2.665
v 4.42756 -0.240459 2.66533
v 4.42761 -0.240485 2.6657
v 4.42766 -0.240511 2.66609
v 4.42772 -0.240535 2.66643
v 4.42779 -0.240553 2.66669
v 4.42796 -0.240597 2.66733
v 4.42811 -0.240644 2.66802
v 4.42823 -0.240693 2.66874
v 4.42834 -0.240742 2.66946
v 4.42846 -0.240791 2.67017
v 4.42858 -0.240839 2.67086
v 4.42873 -0.240883 2.67151
v 4.42876 -0.2409 2.67175
v 4.42877 -0.240917 2.672
v 4.42876 -0.240934 2.67225
v 4.42875 -0.240951 2.67249
v 4.42876 -0.240966 2.67272
v 4.42879 -0.240981 2.67293
v 4.42886 -0.240993 2.67311
v 4.42886 -0.241011 2.67338
v 4.42819 -0.241007 2.67331
v 4.42744 -0.240996 2.67315
v 4.42664 -0.24098 2.67292
v 4.42584 -0.240961 2.67264
v 4.42508 -0.24094 2.67234
v 4.42442 -0.24092 2.67205
v 4.42389 -0.240901 2.67177
v 4.42368 -0.240895 2.67167
v 4.42338 -0.240887 2.67156
v 4.42302 -0.240878 2.67143
v 4.42263 -0.240869 2.6713
v 4.42225 -0.24086 2.67118
v 4.4219 -0.240853 2.67106
v 4.42161 -0.240846 2.67097
v 4.42081 -0.240846 2.67097
v 4.4199 -0.24082 2.67059
v 4.41894 -0.240792 2.67018
v 4.41795 -0.240765 2.66978
v 4.41694 -0.240739 2.66941
v 4.41593 -0.240717 2.66909
v 4.41493 -0.2407 2.66884
v 4.41396 -0.24069 2.66869
v 4.41416 -0.241483 2.66821
v 4.41457 -0.241441 2.6676
v 4.41514 -0.241392 2.66689
v 4.41577 -0.241342 2.66616
v 4.41639 -0.241297 2.6655
v 4.41694 -0.241263 2.665
v 4.41732 -0.241246 2.66476
v 4.41732 -0.241237 2.66462
v 4.42752 -0.241237 2.66462
v 4.42751 -0.241243 2.66471
v 4.42753 -0.241259 2.66494
v 4.42756 -0.241282 2.66527
v 4.42761 -0.241307 2.66565
v 4.42766 -0.241334 2.66603
v 4.42772 -0.241357 2.66637
v 4.42779 -0.241375 2.66663
v 4.42796 -0.241419 2.66728
v 4.42811 -0.241466 2.66797
v 4.42823 -0.241515 2.66868
v 4.42834 -0.241565 2.6694
v 4.42846 -0.241614 2.67011
v 4.42858 -0.241661 2.6708
v 4.42873 -0.241705 2.67145
v 4.42876 -0.241722 2.67169
v 4.42877 -0.241739 2.67194
v 4.42876 -0.241756 2.67219
v 4.42875 -0.241773 2.67244
v 4.42876 -0.241789 2.67267
v 4.42879 -0.241803 2.67287
v 4.42886 -0.241815 2.67306
v 4.42886 -0.241834 2.67332
v 4.42819 -0.241829 2.67326
v 4.42744 -0.241818 2.6731
v 4.42664 -0.241802 2.67286
v 4.42584 -0.241783 2.67259
v 4.42508 -0.241763 2.67229
v 4.42442 -0.241742 2.67199
v 4.42389 -0.241724 2.67172
v 4.42368 -0.241717 2.67162
v 4.42338 -0.241709 2.6715
v 4.42302 -0.2417 2.67138
v 4.42263 -0.241691 2.67125
v 4.42225 -0.241683 2.67112
v 4.4219 -0.241675 2.67101
v 4.42161 -0.241669 2.67091
v 4.42081 -0.241669 2.67091
v 4.4199 -0.241642 2.67053
v 4.41894 -0.241615 2.67013
v 4.41795 -0.241587 2.66972
v 4.41694 -0.241561 2.66935
v 4.41593 -0.241539 2.66903
v 4.41493 -0.241522 2.66878
v 4.41396 -0.241512 2.66864
v 4.39454 -0.240223 2.66188
v 4.39428 -0.240223 2.66188
v 4.39402 -0.240223 2.66189
v 4.39376 -0.240223 2.66188
v 4.39353 -0.240221 2.66185
v 4.39332 -0.240218 2.66181
v 4.39316 -0.240213 2.66173
v 4.39284 -0.240197 2.6615
v 4.39257 -0.240176 2.66119
v 4.39233 -0.24015 2.66081
v 4.39211 -0.240122 2.66041
v 4.3919 -0.240095 2.66001
v 4.39167 -0.240069 2.65964
v 4.39142 -0.240048 2.65932
v 4.39142 -0.240038 2.65919
v 4.39129 -0.240038 2.65919
v 4.39107 -0.240065 2.65957
v 4.39082 -0.24009 2.65995
v 4.39056 -0.240116 2.66031
v 4.3903 -0.240141 2.66069
v 4.39005 -0.240167 2.66106
v 4.38984 -0.240194 2.66146
v 4.38968 -0.240222 2.66187
v 4.38941 -0.240222 2.66187
v 4.38913 -0.240222 2.66187
v 4.38886 -0.240222 2.66186
v 4.3886 -0.240221 2.66185
v 4.38835 -0.240219 2.66182
v 4.38813 -0.240217 2.66179
v 4.38793 -0.240213 2.66173
v 4.38793 -0.239928 2.65758
v 4.38914 -0.239928 2.65758
v 4.38914 -0.240158 2.66093
v 4.38927 -0.240158 2.66093
v 4.39075 -0.239974 2.65825
v 4.39142 -0.23998 2.65834
v 4.39197 -0.239997 2.65858
v 4.3924 -0.240022 2.65896
v 4.39276 -0.240054 2.65942
v 4.39306 -0.240089 2.65992
v 4.39332 -0.240124 2.66044
v 4.39357 -0.240158 2.66093
v 4.3937 -0.240158 2.66093
v 4.3937 -0.239928 2.65758
v 4.39477 -0.239928 2.65758
v 4.39477 -0.240222 2.66187
v 4.39454 -0.241045 2.66182
v 4.39428 -0.241045 2.66183
v 4.39402 -0.241046 2.66183
v 4.39376 -0.241045 2.66182
v 4.39353 -0.241043 2.6618
v 4.39332 -0.24104 2.66175
v 4.39316 -0.241035 2.66168
v 4.39284 -0.24102 2.66145
v 4.39257 -0.240998 2.66113
v 4.39233 -0.240972 2.66076
v 4.39211 -0.240945 2.66035
v 4.3919 -0.240917 2.65995
v 4.39167 -0.240891 2.65958
v 4.39142 -0.24087 2.65927
v 4.39142 -0.240861 2.65913
v 4.39129 -0.240861 2.65913
v 4.39107 -0.240887 2.65952
v 4.39082 -0.240913 2.65989
v 4.39056 -0.240938 2.66026
v 4.3903 -0.240963 2.66063
v 4.39005 -0.240989 2.66101
v 4.38984 -0.241016 2.6614
v 4.38968 -0.241044 2.66181
v 4.38941 -0.241045 2.66181
v 4.38913 -0.241045 2.66181
v 4.38886 -0.241044 2.66181
v 4.3886 -0.241043 2.66179
v 4.38835 -0.241041 2.66177
v 4.38813 -0.241039 2.66173
v 4.38793 -0.241035 2.66168
v 4.38793 -0.240751 2.65753
v 4.38914 -0.240751 2.65753
v 4.38914 -0.24098 2.66087
v 4.38927 -0.24098 2.66087
v 4.39075 -0.240797 2.6582
v 4.39142 -0.240802 2.65828
v 4.39197 -0.240819 2.65853
v 4.3924 -0.240845 2.6589
v 4.39276 -0.240876 2.65936
v 4.39306 -0.240911 2.65987
v 4.39332 -0.240947 2.66038
v 4.39357 -0.24098 2.66087
v 4.3937 -0.24098 2.66087
v 4.3937 -0.240751 2.65753
v 4.39477 -0.240751 2.65753
v 4.39477 -0.241044 2.66181
v 4.402 -0.240189 2.66139
v 4.40196 -0.24015 2.66082
v 4.40193 -0.240108 2.6602
v 4.40191 -0.240065 2.65957
v 4.40193 -0.240025 2.65899
v 4.40201 -0.23999 2.65849
v 4.40216 -0.239965 2.65812
v 4.40229 -0.239938 2.65772
v 4.40293 -0.239931 2.65762
v 4.40364 -0.239927 2.65757
v 4.40438 -0.239926 2.65754
v 4.40514 -0.239925 2.65754
v 4.40591 -0.239926 2.65755
v 4.40666 -0.239928 2.65757
v 4.40739 -0.239928 2.65758
v 4.40739 -0.239983 2.65839
v 4.40688 -0.239982 2.65836
v 4.40627 -0.239979 2.65832
v 4.4056 -0.239976 2.65828
v 4.40493 -0.239975 2.65827
v 4.4043 -0.239977 2.65829
v 4.40376 -0.239982 2.65837
v 4.40336 -0.239993 2.65852
v 4.40309 -0.239993 2.65852
v 4.40309 -0.240167 2.66106
v 4.40739 -0.240167 2.66106
v 4.40739 -0.240222 2.66187
v 4.40202 -0.240222 2.66187
v 4.402 -0.241012 2.66133
v 4.40196 -0.240972 2.66076
v 4.40193 -0.24093 2.66014
v 4.40191 -0.240887 2.65952
v 4.40193 -0.240847 2.65893
v 4.40201 -0.240813 2.65843
v 4.40216 -0.240787 2.65806
v 4.40229 -0.24076 2.65766
v 4.40293 -0.240753 2.65756
v 4.40364 -0.240749 2.65751
v 4.40438 -0.240748 2.65749
v 4.40514 -0.240748 2.65748
v 4.40591 -0.240749 2.6575
v 4.40666 -0.24075 2.65751
v 4.40739 -0.240751 2.65753
v 4.40739 -0.240806 2.65833
v 4.40688 -0.240804 2.65831
v 4.40627 -0.240801 2.65827
v 4.4056 -0.240799 2.65823
v 4.40493 -0.240798 2.65821
v 4.4043 -0.240799 2.65823
v 4.40376 -0.240804 2.65831
v 4.40336 -0.240815 2.65846
v 4.40309 -0.240815 2.65846
v 4.40309 -0.240989 2.66101
v 4.40739 -0.240989 2.66101
v 4.40739 -0.241044 2.66181
v 4.40202 -0.241044 2.66181
v 4.40819 -0.239928 2.65758
v 4.40927 -0.239928 2.65758
v 4.40927 -0.240038 2.65919
v 4.4094 -0.240038 2.65919
v 4.4094 -0.240048 2.65932
v 4.40991 -0.240048 2.65933
v 4.41046 -0.24005 2.65935
v 4.41102 -0.240051 2.65937
v 4.41158 -0.240051 2.65937
v 4.41211 -0.240049 2.65935
v 4.4126 -0.240046 2.65929
v 4.41302 -0.240038 2.65919
v 4.41302 -0.239928 2.65758
v 4.4141 -0.239928 2.65758
v 4.4141 -0.240222 2.66187
v 4.41302 -0.240222 2.66187
v 4.41303 -0.240204 2.6616
v 4.41303 -0.240185 2.66133
v 4.41302 -0.240166 2.66106
v 4.41301 -0.240148 2.66079
v 4.41298 -0.240132 2.66055
v 4.41294 -0.240116 2.66032
v 4.41289 -0.240103 2.66013
v 4.41238 -0.240102 2.66011
v 4.41184 -0.240101 2.6601
v 4.41127 -0.2401 2.66008
v 4.41071 -0.240099 2.66008
v 4.41018 -0.240101 2.6601
v 4.40969 -0.240105 2.66016
v 4.40927 -0.240112 2.66026
v 4.40927 -0.240222 2.66187
v 4.40819 -0.240222 2.66187
v 4.40819 -0.240751 2.65753
v 4.40927 -0.240751 2.65753
v 4.40927 -0.240861 2.65913
v 4.4094 -0.240861 2.65913
v 4.4094 -0.24087 2.65927
v 4.40991 -0.240871 2.65928
v 4.41046 -0.240872 2.6593
v 4.41102 -0.240873 2.65931
v 4.41158 -0.240873 2.65932
v 4.41211 -0.240872 2.65929
v 4.4126 -0.240868 2.65924
v 4.41302 -0.240861 2.65913
v 4.41302 -0.240751 2.65753
v 4.4141 -0.240751 2.65753
v 4.4141 -0.241044 2.66181
v 4.41302 -0.241044 2.66181
v 4.41303 -0.241026 2.66154
v 4.41303 -0.241007 2.66127
v 4.41302 -0.240989 2.661
v 4.41301 -0.240971 2.66074
v 4.41298 -0.240954 2.66049
v 4.41294 -0.240938 2.66027
v 4.41289 -0.240925 2.66007
v 4.41238 -0.240924 2.66006
v 4.41184 -0.240923 2.66004
v 4.41127 -0.240922 2.66002
v 4.41071 -0.240922 2.66002
v 4.41018 -0.240923 2.66004
v 4.40969 -0.240927 2.6601
v 4.40927 -0.240934 2.6602
v 4.40927 -0.241044 2.66181
v 4.40819 -0.241044 2.66181
v 4.42339 -0.240219 2.66182
v 4.42277 -0.240205 2.66162
v 4.42234 -0.240184 2.66131
v 4.42203 -0.240157 2.66092
v 4.42177 -0.240125 2.66046
v 4.42148 -0.240091 2.65996
v 4.42108 -0.240057 2.65946
v 4.42105 -0.240051 2.65938
v 4.42103 -0.240048 2.65933
v 4.42102 -0.240046 2.6593
v 4.42101 -0.240045 2.65928
v 4.421 -0.240043 2.65926
v 4.42098 -0.240042 2.65923
v 4.42094 -0.240038 2.65919
v 4.41933 -0.240222 2.66187
v 4.41905 -0.240222 2.66187
v 4.41875 -0.240222 2.66187
v 4.41846 -0.240222 2.66187
v 4.41818 -0.240221 2.66185
v 4.41791 -0.240219 2.66183
v 4.41767 -0.240217 2.66179
v 4.41745 -0.240213 2.66173
v 4.41744 -0.240172 2.66114
v 4.41741 -0.240128 2.6605
v 4.41739 -0.240083 2.65983
v 4.41738 -0.240037 2.65917
v 4.4174 -0.239994 2.65854
v 4.41747 -0.239954 2.65795
v 4.41759 -0.239919 2.65745
v 4.41866 -0.239919 2.65745
v 4.41866 -0.240149 2.6608
v 4.41893 -0.240149 2.6608
v 4.41907 -0.240121 2.66039
v 4.41926 -0.240095 2.66001
v 4.41948 -0.24007 2.65964
v 4.41971 -0.240045 2.65929
v 4.41995 -0.240022 2.65894
v 4.42019 -0.239998 2.6586
v 4.42041 -0.239974 2.65825
v 4.42101 -0.239979 2.65832
v 4.42153 -0.239994 2.65853
v 4.42198 -0.240017 2.65887
v 4.42233 -0.240047 2.65931
v 4.42259 -0.240082 2.65982
v 4.42276 -0.240119 2.66037
v 4.42282 -0.240158 2.66093
v 4.4229 -0.24016 2.66096
v 4.42295 -0.240161 2.66097
v 4.42298 -0.240162 2.66098
v 4.423 -0.240162 2.66099
v 4.42302 -0.240163 2.661
v 4.42304 -0.240164 2.66103
v 4.42309 -0.240167 2.66106
v 4.42322 -0.240167 2.66106
v 4.42321 -0.240132 2.66056
v 4.42319 -0.240095 2.66001
v 4.42318 -0.240056 2.65945
v 4.42317 -0.240018 2.65889
v 4.4232 -0.239982 2.65836
v 4.42325 -0.239948 2.65787
v 4.42336 -0.239919 2.65745
v 4.42354 -0.239919 2.65745
v 4.42372 -0.23992 2.65746
v 4.42388 -0.239921 2.65747
v 4.42403 -0.239922 2.65749
v 4.42418 -0.239924 2.65751
v 4.42431 -0.239926 2.65755
v 4.42443 -0.239928 2.65758
v 4.42443 -0.239971 2.65821
v 4.42443 -0.240015 2.65884
v 4.42442 -0.240059 2.65948
v 4.42441 -0.240102 2.66012
v 4.42439 -0.240144 2.66073
v 4.42435 -0.240184 2.66132
v 4.4243 -0.240222 2.66187
v 4.42339 -0.241041 2.66176
v 4.42277 -0.241028 2.66157
v 4.42234 -0.241006 2.66126
v 4.42203 -0.240979 2.66086
v 4.42177 -0.240948 2.6604
v 4.42148 -0.240914 2.6599
v 4.42108 -0.240879 2.6594
v 4.42105 -0.240874 2.65932
v 4.42103 -0.24087 2.65927
v 4.42102 -0.240868 2.65924
v 4.42101 -0.240867 2.65922
v 4.421 -0.240866 2.65921
v 4.42098 -0.240864 2.65918
v 4.42094 -0.240861 2.65913
v 4.41933 -0.241044 2.66181
v 4.41905 -0.241045 2.66181
v 4.41875 -0.241045 2.66181
v 4.41846 -0.241044 2.66181
v 4.41818 -0.241043 2.6618
v 4.41791 -0.241042 2.66177
v 4.41767 -0.241039 2.66173
v 4.41745 -0.241035 2.66168
v 4.41744 -0.240994 2.66108
v 4.41741 -0.24095 2.66044
v 4.41739 -0.240905 2.65978
v 4.41738 -0.240859 2.65911
v 4.4174 -0.240816 2.65848
v 4.41747 -0.240776 2.6579
v 4.41759 -0.240741 2.65739
v 4.41866 -0.240741 2.65739
v 4.41866 -0.240971 2.66074
v 4.41893 -0.240971 2.66074
v 4.41907 -0.240943 2.66033
v 4.41926 -0.240917 2.65995
v 4.41948 -0.240892 2.65959
v 4.41971 -0.240868 2.65923
v 4.41995 -0.240844 2.65889
v 4.42019 -0.24082 2.65854
v 4.42041 -0.240797 2.6582
v 4.42101 -0.240801 2.65826
v 4.42153 -0.240816 2.65848
v 4.42198 -0.240839 2.65882
v 4.42233 -0.240869 2.65926
v 4.42259 -0.240904 2.65976
v 4.42276 -0.240942 2.66031
v 4.42282 -0.24098 2.66087
v 4.4229 -0.240982 2.6609
v 4.42295 -0.240983 2.66092
v 4.42298 -0.240984 2.66093
v 4.423 -0.240984 2.66094
v 4.42302 -0.240985 2.66095
v 4.42304 -0.240987 2.66097
v 4.42309 -0.240989 2.66101
v 4.42322 -0.240989 2.66101
v 4.42321 -0.240954 2.6605
v 4.42319 -0.240917 2.65995
v 4.42318 -0.240879 2.65939
v 4.42317 -0.24084 2.65884
v 4.4232 -0.240804 2.6583
v 4.42325 -0.24077 2.65782
v 4.42336 -0.240741 2.65739
v 4.42354 -0.240742 2.6574
v 4.42372 -0.240742 2.6574
v 4.42388 -0.240743 2.65742
v 4.42403 -0.240744 2.65743
v 4.42418 -0.240746 2.65746
v 4.42431 -0.240748 2.65749
v 4.42443 -0.240751 2.65753
v 4.42443 -0.240793 2.65815
v 4.42443 -0.240837 2.65879
v 4.42442 -0.240881 2.65943
v 4.42441 -0.240924 2.66006
v 4.42439 -0.240966 2.66067
v 4.42435 -0.241007 2.66126
v 4.4243 -0.241044 2.66181
v 4.42537 -0.239928 2.65758
v 4.42631 -0.239928 2.65758
v 4.42629 -0.239958 2.65802
v 4.42626 -0.239993 2.65853
v 4.42623 -0.240031 2.65908
v 4.42622 -0.240069 2.65964
v 4.42624 -0.240105 2.66016
v 4.42631 -0.240135 2.6606
v 4.42644 -0.240158 2.66093
v 4.42644 -0.240169 2.6611
v 4.42643 -0.24018 2.66125
v 4.42642 -0.24019 2.66139
v 4.4264 -0.240198 2.66152
v 4.42637 -0.240207 2.66164
v 4.42634 -0.240215 2.66176
v 4.42631 -0.240222 2.66187
v 4.42537 -0.240222 2.66187
v 4.42537 -0.240751 2.65753
v 4.42631 -0.240751 2.65753
v 4.42629 -0.24078 2.65796
v 4.42626 -0.240815 2.65847
v 4.42623 -0.240853 2.65902
v 4.42622 -0.240891 2.65958
v 4.42624 -0.240927 2.6601
v 4.42631 -0.240957 2.66054
v 4.42644 -0.24098 2.66087
v 4.42644 -0.240992 2.66104
v 4.42643 -0.241002 2.6612
v 4.42642 -0.241012 2.66134
v 4.4264 -0.241021 2.66147
v 4.42637 -0.241029 2.66159
v 4.42634 -0.241037 2.6617
v 4.42631 -0.241044 2.66181
v 4.42537 -0.241044 2.66181
v 4.42725 -0.239919 2.65745
v 4.42743 -0.239919 2.65745
v 4.42761 -0.23992 2.65746
v 4.42777 -0.239921 2.65747
v 4.42793 -0.239922 2.65749
v 4.42807 -0.239924 2.65751
v 4.4282 -0.239926 2.65755
v 4.42832 -0.239928 2.65758
v 4.42832 -0.240167 2.66106
v 4.42865 -0.240149 2.66081
v 4.42902 -0.240119 2.66036
v 4.42942 -0.24008 2.65979
v 4.42982 -0.240036 2.65916
v 4.43019 -0.239994 2.65853
v 4.4305 -0.239956 2.65799
v 4.43074 -0.239928 2.65758
v 4.43098 -0.239928 2.65757
v 4.43123 -0.239927 2.65757
v 4.43149 -0.239927 2.65756
v 4.43175 -0.239928 2.65757
v 4.43198 -0.239929 2.6576
v 4.43219 -0.239932 2.65764
v 4.43235 -0.239938 2.65772
v 4.43262 -0.239938 2.65772
v 4.43262 -0.240213 2.66173
v 4.43154 -0.240213 2.66173
v 4.43154 -0.239974 2.65825
v 4.43126 -0.23999 2.65849
v 4.43089 -0.240021 2.65893
v 4.43047 -0.240061 2.65951
v 4.43006 -0.240105 2.66016
v 4.42969 -0.240148 2.66079
v 4.42941 -0.240186 2.66134
v 4.42926 -0.240213 2.66173
v 4.42902 -0.240216 2.66178
v 4.42875 -0.240218 2.66181
v 4.42847 -0.24022 2.66184
v 4.42818 -0.240221 2.66185
v 4.42787 -0.240222 2.66186
v 4.42756 -0.240222 2.66187
v 4.42725 -0.240222 2.66187
v 4.42725 -0.240741 2.65739
v 4.42743 -0.240742 2.6574
v 4.42761 -0.240742 2.6574
v 4.42777 -0.240743 2.65742
v 4.42793 -0.240744 2.65743
v 4.42807 -0.240746 2.65746
v 4.4282 -0.240748 2.65749
v 4.42832 -0.240751 2.65753
v 4.42832 -0.240989 2.66101
v 4.42865 -0.240972 2.66075
v 4.42902 -0.240941 2.6603
v 4.42942 -0.240902 2.65973
v 4.42982 -0.240859 2.6591
v 4.43019 -0.240816 2.65848
v 4.4305 -0.240778 2.65793
v 4.43074 -0.240751 2.65753
v 4.43098 -0.24075 2.65752
v 4.43123 -0.240749 2.65751
v 4.43149 -0.240749 2.65751
v 4.43175 -0.24075 2.65752
v 4.43198 -0.240752 2.65754
v 4.43219 -0.240755 2.65759
v 4.43235 -0.24076 2.65766
v 4.43262 -0.24076 2.65766
v 4.43262 -0.241035 2.66168
v 4.43154 -0.241035 2.66168
v 4.43154 -0.240797 2.6582
v 4.43126 -0.240813 2.65843
v 4.43089 -0.240843 2.65888
v 4.43047 -0.240883 2.65946
v 4.43006 -0.240927 2.6601
v 4.42969 -0.240971 2.66073
v 4.42941 -0.241008 2.66128
v 4.42926 -0.241035 2.66168
v 4.42902 -0.241038 2.66172
v 4.42875 -0.24104 2.66175
v 4.42847 -0.241042 2.66178
v 4.42818 -0.241043 2.6618
v 4.42787 -0.241044 2.66181
v 4.42756 -0.241045 2.66181
v 4.42725 -0.241044 2.66181
v 4.43356 -0.239928 2.65758
v 4.43444 -0.239928 2.65758
v 4.43527 -0.239928 2.65758
v 4.43606 -0.23993 2.6576
v 4.4368 -0.239933 2.65766
v 4.4375 -0.23994 2.65775
v 4.43816 -0.23995 2.6579
v 4.43879 -0.239965 2.65812
v 4.43887 -0.239989 2.65846
v 4.43896 -0.240017 2.65887
v 4.43904 -0.240047 2.65931
v 4.43907 -0.240078 2.65977
v 4.43906 -0.240108 2.66021
v 4.43897 -0.240135 2.6606
v 4.43879 -0.240158 2.66093
v 4.43844 -0.240191 2.66141
v 4.43786 -0.240212 2.66172
v 4.43711 -0.240224 2.66189
v 4.43623 -0.240228 2.66195
v 4.43531 -0.240227 2.66194
v 4.4344 -0.240225 2.6619
v 4.43356 -0.240222 2.66187
v 4.43356 -0.240751 2.65753
v 4.43444 -0.24075 2.65752
v 4.43527 -0.240751 2.65752
v 4.43606 -0.240752 2.65755
v 4.4368 -0.240756 2.6576
v 4.4375 -0.240762 2.6577
v 4.43816 -0.240773 2.65785
v 4.43879 -0.240787 2.65806
v 4.43887 -0.240811 2.65841
v 4.43896 -0.240839 2.65881
v 4.43904 -0.240869 2.65926
v 4.43907 -0.2409 2.65971
v 4.43906 -0.24093 2.66015
v 4.43897 -0.240958 2.66055
v 4.43879 -0.24098 2.66087
v 4.43844 -0.241013 2.66136
v 4.43786 -0.241034 2.66167
v 4.43711 -0.241046 2.66183
v 4.43623 -0.24105 2.66189
v 4.43531 -0.24105 2.66189
v 4.4344 -0.241047 2.66185
v 4.43356 -0.241044 2.66181
v 4.39556 -0.240177 2.66121
v 4.39553 -0.240136 2.66062
v 4.39552 -0.240094 2.66
v 4.39552 -0.240052 2.65939
v 4.39557 -0.240013 2.65882
v 4.39567 -0.23998 2.65834
v 4.39585 -0.239956 2.65798
v 4.39612 -0.239928 2.65758
v 4.40108 -0.239928 2.65758
v 4.40108 -0.239983 2.65839
v 4.40045 -0.239982 2.65837
v 4.39976 -0.239981 2.65835
v 4.39905 -0.23998 2.65833
v 4.39836 -0.23998 2.65834
v 4.3977 -0.239983 2.65838
v 4.39712 -0.23999 2.65848
v 4.39665 -0.240002 2.65865
v 4.39665 -0.240158 2.66093
v 4.40108 -0.240158 2.66093
v 4.40108 -0.240213 2.66173
v 4.39558 -0.240213 2.66173
v 4.39556 -0.240999 2.66115
v 4.39553 -0.240959 2.66056
v 4.39552 -0.240916 2.65994
v 4.39552 -0.240874 2.65933
v 4.39557 -0.240836 2.65876
v 4.39567 -0.240803 2.65828
v 4.39585 -0.240778 2.65793
v 4.39612 -0.240751 2.65753
v 4.40108 -0.240751 2.65753
v 4.40108 -0.240806 2.65833
v 4.40045 -0.240805 2.65831
v 4.39976 -0.240803 2.65829
v 4.39905 -0.240802 2.65827
v 4.39836 -0.240802 2.65828
v 4.3977 -0.240805 2.65833
v 4.39712 -0.240812 2.65843
v 4.39665 -0.240824 2.6586
v 4.39665 -0.24098 2.66087
v 4.40108 -0.24098 2.66087
v 4.40108 -0.241035 2.66168
v 4.39558 -0.241035 2.66168
v 4.43449 -0.24001 2.65877
v 4.43448 -0.240038 2.65918
v 4.43447 -0.240067 2.6596
v 4.43448 -0.240095 2.66001
v 4.4345 -0.240121 2.6604
v 4.43455 -0.240146 2.66076
v 4.43463 -0.240167 2.66106
v 4.43718 -0.240167 2.66106
v 4.43736 -0.240155 2.66088
v 4.43758 -0.240139 2.66066
v 4.43779 -0.240121 2.6604
v 4.43796 -0.240101 2.6601
v 4.43805 -0.240079 2.65978
v 4.43803 -0.240055 2.65943
v 4.43785 -0.240029 2.65906
v 4.43781 -0.240021 2.65894
v 4.43778 -0.240016 2.65885
v 4.43774 -0.240011 2.65879
v 4.43771 -0.240007 2.65873
v 4.43767 -0.240003 2.65867
v 4.43763 -0.239999 2.65861
v 4.43758 -0.239993 2.65852
v 4.4372 -0.239988 2.65846
v 4.43679 -0.239986 2.65842
v 4.43634 -0.239984 2.65839
v 4.43588 -0.239983 2.65838
v 4.43541 -0.239983 2.65838
v 4.43495 -0.239983 2.65838
v 4.4345 -0.239983 2.65839
v 4.43449 -0.240832 2.65872
v 4.43448 -0.24086 2.65913
v 4.43447 -0.240889 2.65954
v 4.43448 -0.240917 2.65995
v 4.4345 -0.240944 2.66034
v 4.43455 -0.240968 2.6607
v 4.43463 -0.240989 2.66101
v 4.43718 -0.240989 2.66101
v 4.43736 -0.240977 2.66083
v 4.43758 -0.240962 2.6606
v 4.43779 -0.240944 2.66034
v 4.43796 -0.240923 2.66005
v 4.43805 -0.240901 2.65972
v 4.43803 -0.240877 2.65937
v 4.43785 -0.240852 2.659
v 4.43781 -0.240844 2.65888
v 4.43778 -0.240838 2.6588
v 4.43774 -0.240833 2.65873
v 4.43771 -0.240829 2.65868
v 4.43767 -0.240826 2.65862
v 4.43763 -0.240821 2.65855
v 4.43758 -0.240815 2.65846
v 4.4372 -0.240811 2.6584
v 4.43679 -0.240808 2.65836
v 4.43634 -0.240806 2.65834
v 4.43588 -0.240805 2.65832
v 4.43541 -0.240805 2.65832
v 4.43495 -0.240805 2.65832
v 4.4345 -0.240806 2.65833
v 4.39759 -0.240048 2.65932
v 4.40108 -0.240048 2.65932
v 4.40108 -0.240103 2.66013
v 4.39759 -0.240103 2.66013
v 4.39759 -0.24087 2.65927
v 4.40108 -0.24087 2.65927
v 4.40108 -0.240925 2.66007
v 4.39759 -0.240925 2.66007
v 3.77933 0.393129 0.349
v 3.77848 0.400461 0.349
v 3.77607 0.407194 0.349
v 3.77229 0.413136 0.349
v 3.76734 0.418093 0.349
v 3.76139 0.421872 0.349
v 3.75466 0.424282 0.349
v 3.74733 0.425128 0.349
v 3.74 0.424282 0.349
v 3.73326 0.421872 0.349
v 3.72732 0.418093 0.349
v 3.72237 0.413136 0.349
v 3.71859 0.407194 0.349
v 3.71618 0.400461 0.349
v 3.71533 0.393129 0.349
v 3.71618 0.385797 0.349
v 3.71859 0.379064 0.349
v 3.72237 0.373122 0.349
v 3.72732 0.368165 0.349
v 3.73326 0.364386 0.349
v 3.74 0.361976 0.349
v 3.74733 0.36113 0.349
v 3.75466 0.361976 0.349
v 3.76139 0.364386 0.349
v 3.76734 0.368165 0.349
v 3.77229 0.373122 0.349
v 3.77607 0.379064 0.349
v 3.77848 0.385797 0.349
v 3.77933 0.393129 1.049
v 3.77848 0.400461 1.049
v 3.77607 0.407194 1.049
v 3.77229 0.413136 1.049
v 3.76734 0.418093 1.049
v 3.76139 0.421872 1.049
v 3.75466 0.424282 1.049
v 3.74733 0.425128 1.049
v 3.74 0.424282 1.049
v 3.73326 0.421872 1.049
v 3.72732 0.418093 1.049
v 3.72237 0.413136 1.049
v 3.71859 0.407194 1.049
v 3.71618 0.400461 1.049
v 3.71533 0.393129 1.049
v 3.71618 0.385797 1.049
v 3.71859 0.379064 1.049
v 3.72237 0.373122 1.049
v 3.72732 0.368165 1.049
v 3.73326 0.364386 1.049
v 3.74 0.361976 1.049
v 3.74733 0.36113 1.049
v 3.75466 0.361976 1.049
v 3.76139 0.364386 1.049
v 3.76734 0.368165 1.049
v 3.77229 0.373122 1.049
v 3.77607 0.379064 1.049
v 3.77848 0.385797 1.049
v 7.65993 -0.774259 0.349002
v 7.65999 -0.781293 0.349002
v 7.66016 -0.788301 0.349002
v 7.66044 -0.79528 0.349002
v 7.66083 -0.802231 0.349002
v 7.66133 -0.809152 0.349002
v 7.66194 -0.816042 0.349002
v 7.66266 -0.822901 0.349002
v 7.66349 -0.829728 0.349002
v 7.66442 -0.836521 0.349002
v 7.66546 -0.843281 0.349002
v 7.6666 -0.850006 0.349002
v 7.66785 -0.856695 0.349002
v 7.6692 -0.863348 0.349002
v 7.67065 -0.869963 0.349002
v 7.6722 -0.87654 0.349002
v 7.67386 -0.883078 0.349002
v 7.67561 -0.889576 0.349002
v 7.67746 -0.896033 0.349002
v 7.67941 -0.902448 0.349002
v 7.68146 -0.90882 0.349002
v 7.6836 -0.91515 0.349002
v 7.68584 -0.921434 0.349002
v 7.68817 -0.927674 0.349002
v 7.69059 -0.933868 0.349002
v 7.69311 -0.940014 0.349002
v 7.69572 -0.946113 0.349002
v 7.69842 -0.952164 0.349002
v 7.70121 -0.958164 0.349002
v 7.70409 -0.964115 0.349002
v 7.70706 -0.970014 0.349002
v 7.71012 -0.975861 0.349002
v 7.71326 -0.981655 0.349002
v 7.71649 -0.987396 0.349002
v 7.7198 -0.993082 0.349002
v 7.7232 -0.998712 0.349002
v 7.72668 -1.00429 0.349002
v 7.73024 -1.0098 0.349002
v 7.73389 -1.01526 0.349002
v 7.73761 -1.02066 0.349002
v 7.74142 -1.026 0.349002
v 7.7453 -1.03128 0.349002
v 7.74926 -1.0365 0.349002
v 7.7533 -1.04165 0.349002
v 7.75741 -1.04674 0.349002
v 7.7616 -1.05177 0.349002
v 7.76587 -1.05673 0.349002
v 7.77021 -1.06163 0.349002
v 7.77462 -1.06646 0.349002
v 7.7791 -1.07122 0.349002
v 7.78365 -1.07591 0.349002
v 7.78828 -1.08054 0.349002
v 7.79297 -1.08509 0.349002
v 7.79773 -1.08957 0.349002
v 7.80256 -1.09398 0.349002
v 7.80746 -1.09832 0.349002
v 7.81242 -1.10259 0.349002
v 7.81745 -1.10678 0.349002
v 7.82254 -1.11089 0.349002
v 7.8277 -1.11493 0.349002
v 7.83291 -1.11889 0.349002
v 7.83819 -1.12277 0.349002
v 7.84353 -1.12658 0.349002
v 7.84893 -1.1303 0.349002
v 7.85439 -1.13395 0.349002
v 7.85991 -1.13751 0.349002
v 7.86548 -1.14099 0.349002
v 7.87111 -1.14439 0.349002
v 7.8768 -1.1477 0.349002
v 7.88254 -1.15093 0.349002
v 7.88833 -1.15407 0.349002
v 7.89418 -1.15713 0.349002
v 7.90008 -1.1601 0.349002
v 7.90603 -1.16298 0.349002
v 7.91203 -1.16577 0.349002
v 7.91808 -1.16847 0.349002
v 7.92418 -1.17108 0.349002
v 7.93032 -1.1736 0.349002
v 7.93652 -1.17602 0.349002
v 7.94276 -1.17836 0.349002
v 7.94904 -1.18059 0.349002
v 7.95537 -1.18274 0.349002
v 7.96174 -1.18478 0.349002
v 7.96816 -1.18673 0.349002
v 7.97462 -1.18858 0.349002
v 7.98111 -1.19034 0.349002
v 7.98765 -1.19199 0.349002
v 7.99423 -1.19354 0.349002
v 8.00084 -1.19499 0.349002
v 8.0075 -1.19634 0.349002
v 8.01419 -1.19759 0.349002
v 8.02091 -1.19873 0.349002
v 8.02767 -1.19977 0.349002
v 8.03446 -1.2007 0.349002
v 8.04129 -1.20153 0.349002
v 8.04815 -1.20225 0.349002
v 8.05504 -1.20286 0.349002
v 8.06196 -1.20336 0.349002
v 8.06891 -1.20375 0.349002
v 8.07589 -1.20403 0.349002
v 8.0829 -1.2042 0.349002
v 8.08993 -1.20426 0.349002
v 8.09697 -1.2042 0.349002
v 8.10397 -1.20403 0.349002
v 8.11095 -1.20375 0.349002
v 8.1179 -1.20336 0.349002
v 8.12482 -1.20286 0.349002
v 8.13172 -1.20225 0.349002
v 8.13857 -1.20153 0.349002
v 8.1454 -1.2007 0.349002
v 8.15219 -1.19977 0.349002
v 8.15895 -1.19873 0.349002
v 8.16568 -1.19759 0.349002
v 8.17237 -1.19634 0.349002
v 8.17902 -1.19499 0.349002
v 8.18564 -1.19354 0.349002
v 8.19221 -1.19199 0.349002
v 8.19875 -1.19034 0.349002
v 8.20525 -1.18858 0.349002
v 8.21171 -1.18673 0.349002
v 8.21812 -1.18478 0.349002
v 8.22449 -1.18274 0.349002
v 8.23082 -1.18059 0.349002
v 8.23711 -1.17836 0.349002
v 8.24335 -1.17602 0.349002
v 8.24954 -1.1736 0.349002
v 8.25569 -1.17108 0.349002
v 8.26179 -1.16847 0.349002
v 8.26784 -1.16577 0.349002
v 8.27384 -1.16298 0.349002
v 8.27979 -1.1601 0.349002
v 8.28569 -1.15713 0.349002
v 8.29153 -1.15407 0.349002
v 8.29733 -1.15093 0.349002
v 8.30307 -1.1477 0.349002
v 8.30875 -1.14439 0.349002
v 8.31439 -1.14099 0.349002
v 8.31996 -1.13751 0.349002
v 8.32548 -1.13395 0.349002
v 8.33093 -1.1303 0.349002
v 8.33633 -1.12658 0.349002
v 8.34167 -1.12277 0.349002
v 8.34695 -1.11889 0.349002
v 8.35217 -1.11493 0.349002
v 8.35732 -1.11089 0.349002
v 8.36241 -1.10678 0.349002
v 8.36744 -1.10259 0.349002
v 8.3724 -1.09832 0.349002
v 8.3773 -1.09398 0.349002
v 8.38213 -1.08957 0.349002
v 8.38689 -1.08509 0.349002
v 8.39159 -1.08054 0.349002
v 8.39621 -1.07591 0.349002
v 8.40076 -1.07122 0.349002
v 8.40525 -1.06646 0.349002
v 8.40966 -1.06163 0.349002
v 8.414 -1.05673 0.349002
v 8.41826 -1.05177 0.349002
v 8.42245 -1.04674 0.349002
v 8.42657 -1.04165 0.349002
v 8.4306 -1.0365 0.349002
v 8.43456 -1.03128 0.349002
v 8.43845 -1.026 0.349002
v 8.44225 -1.02066 0.349002
v 8.44598 -1.01526 0.349002
v 8.44962 -1.0098 0.349002
v 8.45318 -1.00429 0.349002
v 8.45666 -0.998712 0.349002
v 8.46006 -0.993082 0.349002
v 8.46337 -0.987396 0.349002
v 8.4666 -0.981655 0.349002
v 8.46975 -0.975861 0.349002
v 8.4728 -0.970014 0.349002
v 8.47577 -0.964115 0.349002
v 8.47865 -0.958164 0.349002
v 8.48144 -0.952164 0.349002
v 8.48414 -0.946113 0.349002
v 8.48675 -0.940014 0.349002
v 8.48927 -0.933868 0.349002
v 8.4917 -0.927674 0.349002
v 8.49403 -0.921434 0.349002
v 8.49627 -0.91515 0.349002
v 8.49841 -0.90882 0.349002
v 8.50046 -0.902448 0.349002
v 8.5024 -0.896033 0.349002
v 8.50426 -0.889576 0.349002
v 8.50601 -0.883078 0.349002
v 8.50766 -0.87654 0.349002
v 8.50922 -0.869963 0.349002
v 8.51067 -0.863348 0.349002
v 8.51202 -0.856695 0.349002
v 8.51326 -0.850006 0.349002
v 8.51441 -0.843281 0.349002
v 8.51544 -0.836521 0.349002
v 8.51638 -0.829728 0.349002
v 8.5172 -0.822901 0.349002
v 8.51792 -0.816042 0.349002
v 8.51853 -0.809151 0.349002
v 8.51903 -0.802231 0.349002
v 8.51942 -0.79528 0.349002
v 8.5197 -0.788301 0.349002
v 8.51987 -0.781293 0.349002
v 8.51993 -0.774259 0.349002
v 8.51987 -0.767225 0.349002
v 8.5197 -0.760217 0.349002
v 8.51942 -0.753238 0.349002
v 8.51903 -0.746288 0.349002
v 8.51853 -0.739367 0.349002
v 8.51792 -0.732476 0.349002
v 8.5172 -0.725617 0.349002
v 8.51638 -0.71879 0.349002
v 8.51544 -0.711997 0.349002
v 8.51441 -0.705237 0.349002
v 8.51326 -0.698512 0.349002
v 8.51202 -0.691823 0.349002
v 8.51067 -0.68517 0.349002
v 8.50922 -0.678555 0.349002
v 8.50766 -0.671978 0.349002
v 8.50601 -0.66544 0.349002
v 8.50426 -0.658942 0.349002
v 8.5024 -0.652486 0.349002
v 8.50046 -0.64607 0.349002
v 8.49841 -0.639698 0.349002
v 8.49627 -0.633369 0.349002
v 8.49403 -0.627084 0.349002
v 8.4917 -0.620844 0.349002
v 8.48927 -0.61465 0.349002
v 8.48675 -0.608504 0.349002
v 8.48414 -0.602405 0.349002
v 8.48144 -0.596354 0.349002
v 8.47865 -0.590354 0.349002
v 8.47577 -0.584403 0.349002
v 8.4728 -0.578504 0.349002
v 8.46975 -0.572657 0.349002
v 8.4666 -0.566863 0.349002
v 8.46337 -0.561122 0.349002
v 8.46006 -0.555437 0.349002
v 8.45666 -0.549806 0.349002
v 8.45318 -0.544233 0.349002
v 8.44962 -0.538716 0.349002
v 8.44598 -0.533258 0.349002
v 8.44225 -0.527858 0.349002
v 8.43845 -0.522519 0.349002
v 8.43456 -0.51724 0.349002
v 8.4306 -0.512023 0.349002
v 8.42657 -0.506868 0.349002
v 8.42245 -0.501777 0.349002
v 8.41826 -0.496749 0.349002
v 8.414 -0.491787 0.349002
v 8.40966 -0.486891 0.349002
v 8.40525 -0.482061 0.349002
v 8.40076 -0.477299 0.349002
v 8.39621 -0.472605 0.349002
v 8.39159 -0.467981 0.349002
v 8.38689 -0.463427 0.349002
v 8.38213 -0.458944 0.349002
v 8.3773 -0.454533 0.349002
v 8.3724 -0.450195 0.349002
v 8.36744 -0.445931 0.349002
v 8.36241 -0.441741 0.349002
v 8.35732 -0.437626 0.349002
v 8.35217 -0.433588 0.349002
v 8.34695 -0.429627 0.349002
v 8.34167 -0.425743 0.349002
v 8.33633 -0.421939 0.349002
v 8.33093 -0.418214 0.349002
v 8.32548 -0.41457 0.349002
v 8.31996 -0.411007 0.349002
v 8.31438 -0.407527 0.349002
v 8.30875 -0.40413 0.349002
v 8.30307 -0.400817 0.349002
v 8.29733 -0.397588 0.349002
v 8.29153 -0.394446 0.349002
v 8.28569 -0.39139 0.349002
v 8.27979 -0.388421 0.349002
v 8.27384 -0.385541 0.349002
v 8.26784 -0.38275 0.349002
v 8.26179 -0.380049 0.349002
v 8.25569 -0.377439 0.349002
v 8.24954 -0.37492 0.349002
v 8.24335 -0.372495 0.349002
v 8.23711 -0.370163 0.349002
v 8.23082 -0.367925 0.349002
v 8.22449 -0.365783 0.349002
v 8.21812 -0.363736 0.349002
v 8.21171 -0.361787 0.349002
v 8.20525 -0.359935 0.349002
v 8.19875 -0.358182 0.349002
v 8.19221 -0.356529 0.349002
v 8.18564 -0.354976 0.349002
v 8.17902 -0.353524 0.349002
v 8.17237 -0.352175 0.349002
v 8.16568 -0.350928 0.349002
v 8.15895 -0.349786 0.349002
v 8.15219 -0.348748 0.349002
v 8.1454 -0.347815 0.349002
v 8.13857 -0.346989 0.349002
v 8.13172 -0.346271 0.349002
v 8.12482 -0.34566 0.349002
v 8.1179 -0.345159 0.349002
v 8.11095 -0.344768 0.349002
v 8.10397 -0.344487 0.349002
v 8.09697 -0.344318 0.349002
v 8.08993 -0.344261 0.349002
v 8.0829 -0.344318 0.349002
v 8.07589 -0.344487 0.349002
v 8.06891 -0.344768 0.349002
v 8.06196 -0.345159 0.349002
v 8.05504 -0.34566 0.349002
v 8.04815 -0.346271 0.349002
v 8.04129 -0.346989 0.349002
v 8.03446 -0.347815 0.349002
v 8.02767 -0.348748 0.349002
v 8.02091 -0.349785 0.349002
v 8.01419 -0.350928 0.349002
v 8.0075 -0.352175 0.349002
v 8.00084 -0.353524 0.349002
v 7.99423 -0.354976 0.349002
v 7.98765 -0.356529 0.349002
v 7.98111 -0.358182 0.349002
v 7.97462 -0.359935 0.349002
v 7.96816 -0.361787 0.349002
v 7.96174 -0.363736 0.349002
v 7.95537 -0.365783 0.349002
v 7.94904 -0.367925 0.349002
v 7.94276 -0.370163 0.349002
v 7.93652 -0.372495 0.349002
v 7.93032 -0.37492 0.349002
v 7.92418 -0.377439 0.349002
v 7.91808 -0.380049 0.349002
v 7.91203 -0.38275 0.349002
v 7.90603 -0.385541 0.349002
v 7.90008 -0.388421 0.349002
v 7.89418 -0.39139 0.349002
v 7.88833 -0.394446 0.349002
v 7.88254 -0.397588 0.349002
v 7.8768 -0.400816 0.349002
v 7.87111 -0.40413 0.349002
v 7.86548 -0.407527 0.349002
v 7.85991 -0.411008 0.349002
v 7.85439 -0.41457 0.349002
v 7.84893 -0.418214 0.349002
v 7.84353 -0.421939 0.349002
v 7.83819 -0.425743 0.349002
v 7.83291 -0.429627 0.349002
v 7.8277 -0.433588 0.349002
v 7.82254 -0.437626 0.349002
v 7.81745 -0.441741 0.349002
v 7.81242 -0.445931 0.349002
v 7.80746 -0.450195 0.349002
v 7.80256 -0.454534 0.349002
v 7.79773 -0.458944 0.349002
v 7.79297 -0.463427 0.349002
v 7.78828 -0.467981 0.349002
v 7.78365 -0.472605 0.349002
v 7.7791 -0.477299 0.349002
v 7.77462 -0.482061 0.349002
v 7.77021 -0.486891 0.349002
v 7.76587 -0.491787 0.349002
v 7.7616 -0.496749 0.349002
v 7.75741 -0.501777 0.349002
v 7.7533 -0.506868 0.349002
v 7.74926 -0.512023 0.349002
v 7.7453 -0.51724 0.349002
v 7.74142 -0.522519 0.349002
v 7.73761 -0.527858 0.349002
v 7.73389 -0.533258 0.349002
v 7.73024 -0.538716 0.349002
v 7.72668 -0.544233 0.349002
v 7.7232 -0.549806 0.349002
v 7.7198 -0.555437 0.349002
v 7.71649 -0.561122 0.349002
v 7.71326 -0.566863 0.349002
v 7.71012 -0.572657 0.349002
v 7.70706 -0.578504 0.349002
v 7.70409 -0.584403 0.349002
v 7.70121 -0.590354 0.349002
v 7.69842 -0.596355 0.349002
v 7.69572 -0.602405 0.349002
v 7.69311 -0.608504 0.349002
v 7.69059 -0.61465 0.349002
v 7.68817 -0.620844 0.349002
v 7.68584 -0.627084 0.349002
v 7.6836 -0.633369 0.349002
v 7.68146 -0.639698 0.349002
v 7.67941 -0.64607 0.349002
v 7.67746 -0.652486 0.349002
v 7.67561 -0.658943 0.349002
v 7.67386 -0.66544 0.349002
v 7.6722 -0.671978 0.349002
v 7.67065 -0.678555 0.349002
v 7.6692 -0.68517 0.349002
v 7.66785 -0.691823 0.349002
v 7.6666 -0.698512 0.349002
v 7.66546 -0.705237 0.349002
v 7.66442 -0.711997 0.349002
v 7.66349 -0.718791 0.349002
v 7.66266 -0.725617 0.349002
v 7.66194 -0.732476 0.349002
v 7.66133 -0.739367 0.349002
v 7.66083 -0.746288 0.349002
v 7.66044 -0.753238 0.349002
v 7.66016 -0.760218 0.349002
v 7.65999 -0.767225 0.349002
v 7.65993 -0.774259 0.351002
v 7.65999 -0.781293 0.351002
v 7.66016 -0.788301 0.351002
v 7.66044 -0.79528 0.351002
v 7.66083 -0.802231 0.351002
v 7.66133 -0.809152 0.351002
v 7.66194 -0.816042 0.351002
v 7.66266 -0.822901 0.351002
v 7.66349 -0.829728 0.351002
v 7.66442 -0.836521 0.351002
v 7.66546 -0.843281 0.351002
v 7.6666 -0.850006 0.351002
v 7.66785 -0.856695 0.351002
v 7.6692 -0.863348 0.351002
v 7.67065 -0.869963 0.351002
v 7.6722 -0.87654 0.351002
v 7.67386 -0.883078 0.351002
v 7.67561 -0.889576 0.351002
v 7.67746 -0.896033 0.351002
v 7.67941 -0.902448 0.351002
v 7.68146 -0.90882 0.351002
v 7.6836 -0.91515 0.351002
v 7.68584 -0.921434 0.351002
v 7.68817 -0.927674 0.351002
v 7.69059 -0.933868 0.351002
v 7.69311 -0.940014 0.351002
v 7.69572 -0.946113 0.351002
v 7.69842 -0.952164 0.351002
v 7.70121 -0.958164 0.351002
v 7.70409 -0.964115 0.351002
v 7.70706 -0.970014 0.351002
v 7.71012 -0.975861 0.351002
v 7.71326 -0.981655 0.351002
v 7.71649 -0.987396 0.351002
v 7.7198 -0.993082 0.351002
v 7.7232 -0.998712 0.351002
v 7.72668 -1.00429 0.351002
v 7.73024 -1.0098 0.351002
v 7.73389 -1.01526 0.351002
v 7.73761 -1.02066 0.351002
v 7.74142 -1.026 0.351002
v 7.7453 -1.03128 0.351002
v 7.74926 -1.0365 0.351002
v 7.7533 -1.04165 0.351002
v 7.75741 -1.04674 0.351002
v 7.7616 -1.05177 0.351002
v 7.76587 -1.05673 0.351002
v 7.77021 -1.06163 0.351002
v 7.77462 -1.06646 0.351002
v 7.7791 -1.07122 0.351002
v 7.78365 -1.07591 0.351002
v 7.78828 -1.08054 0.351002
v 7.79297 -1.08509 0.351002
v 7.79773 -1.08957 0.351002
v 7.80256 -1.09398 0.351002
v 7.80746 -1.09832 0.351002
v 7.81242 -1.10259 0.351002
v 7.81745 -1.10678 0.351002
v 7.82254 -1.11089 0.351002
v 7.8277 -1.11493 0.351002
v 7.83291 -1.11889 0.351002
v 7.83819 -1.12277 0.351002
v 7.84353 -1.12658 0.351002
v 7.84893 -1.1303 0.351002
v 7.85439 -1.13395 0.351002
v 7.85991 -1.13751 0.351002
v 7.86548 -1.14099 0.351002
v 7.87111 -1.14439 0.351002
v 7.8768 -1.1477 0.351002
v 7.88254 -1.15093 0.351002
v 7.88833 -1.15407 0.351002
v 7.89418 -1.15713 0.351002
v 7.90008 -1.1601 0.351002
v 7.90603 -1.16298 0.351002
v 7.91203 -1.16577 0.351002
v 7.91808 -1.16847 0.351002
v 7.92418 -1.17108 0.351002
v 7.93032 -1.1736 0.351002
v 7.93652 -1.17602 0.351002
v 7.94276 -1.17836 0.351002
v 7.94904 -1.18059 0.351002
v 7.95537 -1.18274 0.351002
v 7.96174 -1.18478 0.351002
v 7.96816 -1.18673 0.351002
v 7.97462 -1.18858 0.351002
v 7.98111 -1.19034 0.351002
v 7.98765 -1.19199 0.351002
v 7.99423 -1.19354 0.351002
v 8.00084 -1.19499 0.351002
v 8.0075 -1.19634 0.351002
v 8.01419 -1.19759 0.351002
v 8.02091 -1.19873 0.351002
v 8.02767 -1.19977 0.351002
v 8.03446 -1.2007 0.351002
v 8.04129 -1.20153 0.351002
v 8.04815 -1.20225 0.351002
v 8.05504 -1.20286 0.351002
v 8.06196 -1.20336 0.351002
v 8.06891 -1.20375 0.351002
v 8.07589 -1.20403 0.351002
v 8.0829 -1.2042 0.351002
v 8.08993 -1.20426 0.351002
v 8.09697 -1.2042 0.351002
v 8.10397 -1.20403 0.351002
v 8.11095 -1.20375 0.351002
v 8.1179 -1.20336 0.351002
v 8.12482 -1.20286 0.351002
v 8.13172 -1.20225 0.351002
v 8.13857 -1.20153 0.351002
v 8.1454 -1.2007 0.351002
v 8.15219 -1.19977 0.351002
v 8.15895 -1.19873 0.351002
v 8.16568 -1.19759 0.351002
v 8.17237 -1.19634 0.351002
v 8.17902 -1.19499 0.351002
v 8.18564 -1.19354 0.351002
v 8.19221 -1.19199 0.351002
v 8.19875 -1.19034 0.351002
v 8.20525 -1.18858 0.351002
v 8.21171 -1.18673 0.351002
v 8.21812 -1.18478 0.351002
v 8.22449 -1.18274 0.351002
v 8.23082 -1.18059 0.351002
v 8.23711 -1.17836 0.351002
v 8.24335 -1.17602 0.351002
v 8.24954 -1.1736 0.351002
v 8.25569 -1.17108 0.351002
v 8.26179 -1.16847 0.351002
v 8.26784 -1.16577 0.351002
v 8.27384 -1.16298 0.351002
v 8.27979 -1.1601 0.351002
v 8.28569 -1.15713 0.351002
v 8.29153 -1.15407 0.351002
v 8.29733 -1.15093 0.351002
v 8.30307 -1.1477 0.351002
v 8.30875 -1.14439 0.351002
v 8.31439 -1.14099 0.351002
v 8.31996 -1.13751 0.351002
v 8.32548 -1.13395 0.351002
v 8.33093 -1.1303 0.351002
v 8.33633 -1.12658 0.351002
v 8.34167 -1.12277 0.351002
v 8.34695 -1.11889 0.351002
v 8.35217 -1.11493 0.351002
v 8.35732 -1.11089 0.351002
v 8.36241 -1.10678 0.351002
v 8.36744 -1.10259 0.351002
v 8.3724 -1.09832 0.351002
v 8.3773 -1.09398 0.351002
v 8.38213 -1.08957 0.351002
v 8.38689 -1.08509 0.351002
v 8.39159 -1.08054 0.351002
v 8.39621 -1.07591 0.351002
v 8.40076 -1.07122 0.351002
v 8.40525 -1.06646 0.351002
v 8.40966 -1.06163 0.351002
v 8.414 -1.05673 0.351002
v 8.41826 -1.05177 0.351002
v 8.42245 -1.04674 0.351002
v 8.42657 -1.04165 0.351002
v 8.4306 -1.0365 0.351002
v 8.43456 -1.03128 0.351002
v 8.43845 -1.026 0.351002
v 8.44225 -1.02066 0.351002
v 8.44598 -1.01526 0.351002
v 8.44962 -1.0098 0.351002
v 8.45318 -1.00429 0.351002
v 8.45666 -0.998712 0.351002
v 8.46006 -0.993082 0.351002
v 8.46337 -0.987396 0.351002
v 8.4666 -0.981655 0.351002
v 8.46975 -0.975861 0.351002
v 8.4728 -0.970014 0.351002
v 8.47577 -0.964115 0.351002
v 8.47865 -0.958164 0.351002
v 8.48144 -0.952164 0.351002
v 8.48414 -0.946113 0.351002
v 8.48675 -0.940014 0.351002
v 8.48927 -0.933868 0.351002
v 8.4917 -0.927674 0.351002
v 8.49403 -0.921434 0.351002
v 8.49627 -0.91515 0.351002
v 8.49841 -0.90882 0.351002
v 8.50046 -0.902448 0.351002
v 8.5024 -0.896033 0.351002
v 8.50426 -0.889576 0.351002
v 8.50601 -0.883078 0.351002
v 8.50766 -0.87654 0.351002
v 8.50922 -0.869963 0.351002
v 8.51067 -0.863348 0.351002
v 8.51202 -0.856695 0.351002
v 8.51326 -0.850006 0.351002
v 8.51441 -0.843281 0.351002
v 8.51544 -0.836521 0.351002
v 8.51638 -0.829728 0.351002
v 8.5172 -0.822901 0.351002
v 8.51792 -0.816042 0.351002
v 8.51853 -0.809151 0.351002
v 8.51903 -0.802231 0.351002
v 8.51942 -0.79528 0.351002
v 8.5197 -0.788301 0.351002
v 8.51987 -0.781293 0.351002
v 8.51993 -0.774259 0.351002
v 8.51987 -0.767225 0.351002
v 8.5197 -0.760217 0.351002
v 8.51942 -0.753238 0.351002
v 8.51903 -0.746288 0.351002
v 8.51853 -0.739367 0.351002
v 8.51792 -0.732476 0.351002
v 8.5172 -0.725617 0.351002
v 8.51638 -0.71879 0.351002
v 8.51544 -0.711997 0.351002
v 8.51441 -0.705237 0.351002
v 8.51326 -0.698512 0.351002
v 8.51202 -0.691823 0.351002
v 8.51067 -0.68517 0.351002
v 8.50922 -0.678555 0.351002
v 8.50766 -0.671978 0.351002
v 8.50601 -0.66544 0.351002
v 8.50426 -0.658942 0.351002
v 8.5024 -0.652486 0.351002
v 8.50046 -0.64607 0.351002
v 8.49841 -0.639698 0.351002
v 8.49627 -0.633369 0.351002
v 8.49403 -0.627084 0.351002
v 8.4917 -0.620844 0.351002
v 8.48927 -0.61465 0.351002
v 8.48675 -0.608504 0.351002
v 8.48414 -0.602405 0.351002
v 8.48144 -0.596354 0.351002
v 8.47865 -0.590354 0.351002
v 8.47577 -0.584403 0.351002
v 8.4728 -0.578504 0.351002
v 8.46975 -0.572657 0.351002
v 8.4666 -0.566863 0.351002
v 8.46337 -0.561122 0.351002
v 8.46006 -0.555437 0.351002
v 8.45666 -0.549806 0.351002
v 8.45318 -0.544233 0.351002
v 8.44962 -0.538716 0.351002
v 8.44598 -0.533258 0.351002
v 8.44225 -0.527858 0.351002
v 8.43845 -0.522519 0.351002
v 8.43456 -0.51724 0.351002
v 8.4306 -0.512023 0.351002
v 8.42657 -0.506868 0.351002
v 8.42245 -0.501777 0.351002
v 8.41826 -0.496749 0.351002
v 8.414 -0.491787 0.351002
v 8.40966 -0.486891 0.351002
v 8.40525 -0.482061 0.351002
v 8.40076 -0.477299 0.351002
v 8.39621 -0.472605 0.351002
v 8.39159 -0.467981 0.351002
v 8.38689 -0.463427 0.351002
v 8.38213 -0.458944 0.351002
v 8.3773 -0.454533 0.351002
v 8.3724 -0.450195 0.351002
v 8.36744 -0.445931 0.351002
v 8.36241 -0.441741 0.351002
v 8.35732 -0.437626 0.351002
v 8.35217 -0.433588 0.351002
v 8.34695 -0.429627 0.351002
v 8.34167 -0.425743 0.351002
v 8.33633 -0.421939 0.351002
v 8.33093 -0.418214 0.351002
v 8.32548 -0.41457 0.351002
v 8.31996 -0.411007 0.351002
v 8.31438 -0.407527 0.351002
v 8.30875 -0.40413 0.351002
v 8.30307 -0.400817 0.351002
v 8.29733 -0.397588 0.351002
v 8.29153 -0.394446 0.351002
v 8.28569 -0.39139 0.351002
v 8.27979 -0.388421 0.351002
v 8.27384 -0.385541 0.351002
v 8.26784 -0.38275 0.351002
v 8.26179 -0.380049 0.351002
v 8.25569 -0.377439 0.351002
v 8.24954 -0.37492 0.351002
v 8.24335 -0.372495 0.351002
v 8.23711 -0.370163 0.351002
v 8.23082 -0.367925 0.351002
v 8.22449 -0.365783 0.351002
v 8.21812 -0.363736 0.351002
v 8.21171 -0.361787 0.351002
v 8.20525 -0.359935 0.351002
v 8.19875 -0.358182 0.351002
v 8.19221 -0.356529 0.351002
v 8.18564 -0.354976 0.351002
v 8.17902 -0.353524 0.351002
v 8.17237 -0.352175 0.351002
v 8.16568 -0.350928 0.351002
v 8.15895 -0.349786 0.351002
v 8.15219 -0.348748 0.351002
v 8.1454 -0.347815 0.351002
v 8.13857 -0.346989 0.351002
v 8.13172 -0.346271 0.351002
v 8.12482 -0.34566 0.351002
v 8.1179 -0.345159 0.351002
v 8.11095 -0.344768 0.351002
v 8.10397 -0.344487 0.351002
v 8.09697 -0.344318 0.351002
v 8.08993 -0.344261 0.351002
v 8.0829 -0.344318 0.351002
v 8.07589 -0.344487 0.351002
v 8.06891 -0.344768 0.351002
v 8.06196 -0.345159 0.351002
v 8.05504 -0.34566 0.351002
v 8.04815 -0.346271 0.351002
v 8.04129 -0.346989 0.351002
v 8.03446 -0.347815 0.351002
v 8.02767 -0.348748 0.351002
v 8.02091 -0.349785 0.351002
v 8.01419 -0.350928 0.351002
v 8.0075 -0.352175 0.351002
v 8.00084 -0.353524 0.351002
v 7.99423 -0.354976 0.351002
v 7.98765 -0.356529 0.351002
v 7.98111 -0.358182 0.351002
v 7.97462 -0.359935 0.351002
v 7.96816 -0.361787 0.351002
v 7.96174 -0.363736 0.351002
v 7.95537 -0.365783 0.351002
v 7.94904 -0.367925 0.351002
v 7.94276 -0.370163 0.351002
v 7.93652 -0.372495 0.351002
v 7.93032 -0.37492 0.351002
v 7.92418 -0.377439 0.351002
v 7.91808 -0.380049 0.351002
v 7.91203 -0.38275 0.351002
v 7.90603 -0.385541 0.351002
v 7.90008 -0.388421 0.351002
v 7.89418 -0.39139 0.351002
v 7.88833 -0.394446 0.351002
v 7.88254 -0.397588 0.351002
v 7.8768 -0.400816 0.351002
v 7.87111 -0.40413 0.351002
v 7.86548 -0.407527 0.351002
v 7.85991 -0.411008 0.351002
v 7.85439 -0.41457 0.351002
v 7.84893 -0.418214 0.351002
v 7.84353 -0.421939 0.351002
v 7.83819 -0.425743 0.351002
v 7.83291 -0.429627 0.351002
v 7.8277 -0.433588 0.351002
v 7.82254 -0.437626 0.351002
v 7.81745 -0.441741 0.351002
v 7.81242 -0.445931 0.351002
v 7.80746 -0.450195 0.351002
v 7.80256 -0.454534 0.351002
v 7.79773 -0.458944 0.351002
v 7.79297 -0.463427 0.351002
v 7.78828 -0.467981 0.351002
v 7.78365 -0.472605 0.351002
v 7.7791 -0.477299 0.351002
v 7.77462 -0.482061 0.351002
v 7.77021 -0.486891 0.351002
v 7.76587 -0.491787 0.351002
v 7.7616 -0.496749 0.351002
v 7.75741 -0.501777 0.351002
v 7.7533 -0.506868 0.351002
v 7.74926 -0.512023 0.351002
v 7.7453 -0.51724 0.351002
v 7.74142 -0.522519 0.351002
v 7.73761 -0.527858 0.351002
v 7.73389 -0.533258 0.351002
v 7.73024 -0.538716 0.351002
v 7.72668 -0.544233 0.351002
v 7.7232 -0.549806 0.351002
v 7.7198 -0.555437 0.351002
v 7.71649 -0.561122 0.351002
v 7.71326 -0.566863 0.351002
v 7.71012 -0.572657 0.351002
v 7.70706 -0.578504 0.351002
v 7.70409 -0.584403 0.351002
v 7.70121 -0.590354 0.351002
v 7.69842 -0.596355 0.351002
v 7.69572 -0.602405 0.351002
v 7.69311 -0.608504 0.351002
v 7.69059 -0.61465 0.351002
v 7.68817 -0.620844 0.351002
v 7.68584 -0.627084 0.351002
v 7.6836 -0.633369 0.351002
v 7.68146 -0.639698 0.351002
v 7.67941 -0.64607 0.351002
v 7.67746 -0.652486 0.351002
v 7.67561 -0.658943 0.351002
v 7.67386 -0.66544 0.351002
v 7.6722 -0.671978 0.351002
v 7.67065 -0.678555 0.351002
v 7.6692 -0.68517 0.351002
v 7.66785 -0.691823 0.351002
v 7.6666 -0.698512 0.351002
v 7.66546 -0.705237 0.351002
v 7.66442 -0.711997 0.351002
v 7.66349 -0.718791 0.351002
v 7.66266 -0.725617 0.351002
v 7.66194 -0.732476 0.351002
v 7.66133 -0.739367 0.351002
v 7.66083 -0.746288 0.351002
v 7.66044 -0.753238 0.351002
v 7.66016 -0.760218 0.351002
v 7.65999 -0.767225 0.351002
v 7.58993 -0.774259 0.349002
v 7.59 -0.782439 0.349002
v 7.59019 -0.790586 0.349002
v 7.59052 -0.798702 0.349002
v 7.59098 -0.806784 0.349002
v 7.59156 -0.814832 0.349002
v 7.59227 -0.822844 0.349002
v 7.5931 -0.830819 0.349002
v 7.59406 -0.838757 0.349002
v 7.59515 -0.846657 0.349002
v 7.59636 -0.854517 0.349002
v 7.59768 -0.862337 0.349002
v 7.59913 -0.870115 0.349002
v 7.6007 -0.877851 0.349002
v 7.60239 -0.885543 0.349002
v 7.6042 -0.893191 0.349002
v 7.60612 -0.900793 0.349002
v 7.60816 -0.908348 0.349002
v 7.61031 -0.915856 0.349002
v 7.61258 -0.923316 0.349002
v 7.61496 -0.930726 0.349002
v 7.61745 -0.938086 0.349002
v 7.62005 -0.945394 0.349002
v 7.62276 -0.952649 0.349002
v 7.62558 -0.959851 0.349002
v 7.62851 -0.966998 0.349002
v 7.63155 -0.97409 0.349002
v 7.63469 -0.981125 0.349002
v 7.63793 -0.988103 0.349002
v 7.64128 -0.995022 0.349002
v 7.64473 -1.00188 0.349002
v 7.64829 -1.00868 0.349002
v 7.65194 -1.01542 0.349002
v 7.65569 -1.02209 0.349002
v 7.65955 -1.0287 0.349002
v 7.6635 -1.03525 0.349002
v 7.66754 -1.04173 0.349002
v 7.67169 -1.04815 0.349002
v 7.67593 -1.05449 0.349002
v 7.68026 -1.06077 0.349002
v 7.68468 -1.06698 0.349002
v 7.6892 -1.07312 0.349002
v 7.6938 -1.07919 0.349002
v 7.6985 -1.08518 0.349002
v 7.70328 -1.0911 0.349002
v 7.70815 -1.09695 0.349002
v 7.71311 -1.10272 0.349002
v 7.71816 -1.10841 0.349002
v 7.72329 -1.11403 0.349002
v 7.7285 -1.11956 0.349002
v 7.73379 -1.12502 0.349002
v 7.73917 -1.1304 0.349002
v 7.74463 -1.13569 0.349002
v 7.75017 -1.14091 0.349002
v 7.75578 -1.14603 0.349002
v 7.76148 -1.15108 0.349002
v 7.76725 -1.15604 0.349002
v 7.77309 -1.16091 0.349002
v 7.77901 -1.16569 0.349002
v 7.78501 -1.17039 0.349002
v 7.79107 -1.175 0.349002
v 7.79721 -1.17951 0.349002
v 7.80342 -1.18394 0.349002
v 7.8097 -1.18827 0.349002
v 7.81604 -1.1925 0.349002
v 7.82246 -1.19665 0.349002
v 7.82894 -1.20069 0.349002
v 7.83549 -1.20464 0.349002
v 7.8421 -1.2085 0.349002
v 7.84877 -1.21225 0.349002
v 7.85551 -1.2159 0.349002
v 7.86231 -1.21946 0.349002
v 7.86917 -1.22291 0.349002
v 7.87609 -1.22626 0.349002
v 7.88307 -1.2295 0.349002
v 7.8901 -1.23265 0.349002
v 7.89719 -1.23568 0.349002
v 7.90434 -1.23861 0.349002
v 7.91154 -1.24143 0.349002
v 7.9188 -1.24414 0.349002
v 7.92611 -1.24674 0.349002
v 7.93347 -1.24923 0.349002
v 7.94088 -1.25161 0.349002
v 7.94834 -1.25388 0.349002
v 7.95584 -1.25603 0.349002
v 7.9634 -1.25807 0.349002
v 7.971 -1.25999 0.349002
v 7.97865 -1.2618 0.349002
v 7.98634 -1.26349 0.349002
v 7.99408 -1.26506 0.349002
v 8.00185 -1.26651 0.349002
v 8.00967 -1.26784 0.349002
v 8.01753 -1.26904 0.349002
v 8.02543 -1.27013 0.349002
v 8.03337 -1.27109 0.349002
v 8.04135 -1.27192 0.349002
v 8.04936 -1.27263 0.349002
v 8.05741 -1.27322 0.349002
v 8.06549 -1.27367 0.349002
v 8.0736 -1.274 0.349002
v 8.08175 -1.27419 0.349002
v 8.08993 -1.27426 0.349002
v 8.09811 -1.27419 0.349002
v 8.10626 -1.274 0.349002
v 8.11438 -1.27367 0.349002
v 8.12246 -1.27322 0.349002
v 8.1305 -1.27263 0.349002
v 8.13852 -1.27192 0.349002
v 8.14649 -1.27109 0.349002
v 8.15443 -1.27013 0.349002
v 8.16233 -1.26904 0.349002
v 8.17019 -1.26784 0.349002
v 8.17801 -1.26651 0.349002
v 8.18579 -1.26506 0.349002
v 8.19352 -1.26349 0.349002
v 8.20122 -1.2618 0.349002
v 8.20886 -1.25999 0.349002
v 8.21647 -1.25807 0.349002
v 8.22402 -1.25603 0.349002
v 8.23153 -1.25388 0.349002
v 8.23899 -1.25161 0.349002
v 8.2464 -1.24923 0.349002
v 8.25376 -1.24674 0.349002
v 8.26107 -1.24414 0.349002
v 8.26832 -1.24143 0.349002
v 8.27552 -1.23861 0.349002
v 8.28267 -1.23568 0.349002
v 8.28976 -1.23265 0.349002
v 8.2968 -1.2295 0.349002
v 8.30378 -1.22626 0.349002
v 8.3107 -1.22291 0.349002
v 8.31756 -1.21946 0.349002
v 8.32435 -1.2159 0.349002
v 8.33109 -1.21225 0.349002
v 8.33777 -1.2085 0.349002
v 8.34438 -1.20464 0.349002
v 8.35092 -1.20069 0.349002
v 8.35741 -1.19665 0.349002
v 8.36382 -1.1925 0.349002
v 8.37017 -1.18827 0.349002
v 8.37645 -1.18394 0.349002
v 8.38265 -1.17951 0.349002
v 8.38879 -1.175 0.349002
v 8.39486 -1.17039 0.349002
v 8.40085 -1.16569 0.349002
v 8.40677 -1.16091 0.349002
v 8.41262 -1.15604 0.349002
v 8.41839 -1.15108 0.349002
v 8.42408 -1.14603 0.349002
v 8.4297 -1.14091 0.349002
v 8.43524 -1.13569 0.349002
v 8.44069 -1.1304 0.349002
v 8.44607 -1.12502 0.349002
v 8.45137 -1.11956 0.349002
v 8.45658 -1.11403 0.349002
v 8.46171 -1.10841 0.349002
v 8.46675 -1.10272 0.349002
v 8.47171 -1.09695 0.349002
v 8.47658 -1.0911 0.349002
v 8.48137 -1.08518 0.349002
v 8.48606 -1.07919 0.349002
v 8.49067 -1.07312 0.349002
v 8.49518 -1.06698 0.349002
v 8.49961 -1.06077 0.349002
v 8.50394 -1.05449 0.349002
v 8.50818 -1.04815 0.349002
v 8.51232 -1.04173 0.349002
v 8.51637 -1.03525 0.349002
v 8.52032 -1.0287 0.349002
v 8.52417 -1.02209 0.349002
v 8.52792 -1.01542 0.349002
v 8.53158 -1.00868 0.349002
v 8.53513 -1.00188 0.349002
v 8.53858 -0.995022 0.349002
v 8.54193 -0.988103 0.349002
v 8.54518 -0.981125 0.349002
v 8.54832 -0.97409 0.349002
v 8.55135 -0.966998 0.349002
v 8.55428 -0.959851 0.349002
v 8.5571 -0.952649 0.349002
v 8.55981 -0.945394 0.349002
v 8.56242 -0.938086 0.349002
v 8.56491 -0.930726 0.349002
v 8.56729 -0.923316 0.349002
v 8.56955 -0.915856 0.349002
v 8.57171 -0.908348 0.349002
v 8.57375 -0.900793 0.349002
v 8.57567 -0.893191 0.349002
v 8.57747 -0.885543 0.349002
v 8.57916 -0.877851 0.349002
v 8.58073 -0.870115 0.349002
v 8.58218 -0.862337 0.349002
v 8.58351 -0.854517 0.349002
v 8.58472 -0.846657 0.349002
v 8.5858 -0.838757 0.349002
v 8.58676 -0.830819 0.349002
v 8.5876 -0.822844 0.349002
v 8.58831 -0.814832 0.349002
v 8.58889 -0.806784 0.349002
v 8.58934 -0.798702 0.349002
v 8.58967 -0.790586 0.349002
v 8.58987 -0.782438 0.349002
v 8.58993 -0.774259 0.349002
v 8.58987 -0.76608 0.349002
v 8.58967 -0.757932 0.349002
v 8.58934 -0.749816 0.349002
v 8.58889 -0.741734 0.349002
v 8.58831 -0.733686 0.349002
v 8.5876 -0.725674 0.349002
v 8.58676 -0.717699 0.349002
v 8.5858 -0.709761 0.349002
v 8.58472 -0.701861 0.349002
v 8.58351 -0.694001 0.349002
v 8.58218 -0.686181 0.349002
v 8.58073 -0.678403 0.349002
v 8.57916 -0.670667 0.349002
v 8.57747 -0.662975 0.349002
v 8.57567 -0.655328 0.349002
v 8.57375 -0.647725 0.349002
v 8.57171 -0.64017 0.349002
v 8.56955 -0.632662 0.349002
v 8.56729 -0.625202 0.349002
v 8.56491 -0.617792 0.349002
v 8.56242 -0.610433 0.349002
v 8.55981 -0.603125 0.349002
v 8.5571 -0.595869 0.349002
v 8.55428 -0.588667 0.349002
v 8.55135 -0.58152 0.349002
v 8.54832 -0.574428 0.349002
v 8.54518 -0.567393 0.349002
v 8.54193 -0.560415 0.349002
v 8.53858 -0.553496 0.349002
v 8.53513 -0.546636 0.349002
v 8.53158 -0.539837 0.349002
v 8.52792 -0.5331 0.349002
v 8.52417 -0.526425 0.349002
v 8.52032 -0.519814 0.349002
v 8.51637 -0.513267 0.349002
v 8.51232 -0.506786 0.349002
v 8.50818 -0.500371 0.349002
v 8.50394 -0.494024 0.349002
v 8.49961 -0.487746 0.349002
v 8.49518 -0.481537 0.349002
v 8.49067 -0.475399 0.349002
v 8.48606 -0.469332 0.349002
v 8.48137 -0.463338 0.349002
v 8.47658 -0.457418 0.349002
v 8.47171 -0.451572 0.349002
v 8.46675 -0.445802 0.349002
v 8.46171 -0.440109 0.349002
v 8.45658 -0.434493 0.349002
v 8.45137 -0.428955 0.349002
v 8.44607 -0.423498 0.349002
v 8.44069 -0.418121 0.349002
v 8.43524 -0.412825 0.349002
v 8.4297 -0.407613 0.349002
v 8.42408 -0.402484 0.349002
v 8.41839 -0.397439 0.349002
v 8.41262 -0.39248 0.349002
v 8.40677 -0.387608 0.349002
v 8.40085 -0.382824 0.349002
v 8.39486 -0.378128 0.349002
v 8.38879 -0.373522 0.349002
v 8.38265 -0.369007 0.349002
v 8.37645 -0.364583 0.349002
v 8.37017 -0.360252 0.349002
v 8.36382 -0.356014 0.349002
v 8.35741 -0.351872 0.349002
v 8.35092 -0.347825 0.349002
v 8.34438 -0.343874 0.349002
v 8.33777 -0.340022 0.349002
v 8.33109 -0.336268 0.349002
v 8.32435 -0.332613 0.349002
v 8.31756 -0.32906 0.349002
v 8.3107 -0.325608 0.349002
v 8.30378 -0.322259 0.349002
v 8.2968 -0.319013 0.349002
v 8.28976 -0.315873 0.349002
v 8.28267 -0.312838 0.349002
v 8.27552 -0.30991 0.349002
v 8.26832 -0.307089 0.349002
v 8.26107 -0.304377 0.349002
v 8.25376 -0.301775 0.349002
v 8.2464 -0.299284 0.349002
v 8.23899 -0.296904 0.349002
v 8.23153 -0.294638 0.349002
v 8.22402 -0.292485 0.349002
v 8.21647 -0.290446 0.349002
v 8.20886 -0.288524 0.349002
v 8.20122 -0.286718 0.349002
v 8.19352 -0.28503 0.349002
v 8.18579 -0.283461 0.349002
v 8.17801 -0.282011 0.349002
v 8.17019 -0.280683 0.349002
v 8.16233 -0.279476 0.349002
v 8.15443 -0.278391 0.349002
v 8.14649 -0.277431 0.349002
v 8.13852 -0.276596 0.349002
v 8.1305 -0.275886 0.349002
v 8.12246 -0.275303 0.349002
v 8.11438 -0.274848 0.349002
v 8.10626 -0.274521 0.349002
v 8.09811 -0.274325 0.349002
v 8.08993 -0.274259 0.349002
v 8.08175 -0.274325 0.349002
v 8.0736 -0.274521 0.349002
v 8.06549 -0.274848 0.349002
v 8.05741 -0.275303 0.349002
v 8.04936 -0.275886 0.349002
v 8.04135 -0.276596 0.349002
v 8.03337 -0.277431 0.349002
v 8.02543 -0.278391 0.349002
v 8.01753 -0.279476 0.349002
v 8.00967 -0.280683 0.349002
v 8.00185 -0.282011 0.349002
v 7.99408 -0.283461 0.349002
v 7.98634 -0.28503 0.349002
v 7.97865 -0.286718 0.349002
v 7.971 -0.288524 0.349002
v 7.9634 -0.290446 0.349002
v 7.95584 -0.292485 0.349002
v 7.94833 -0.294638 0.349002
v 7.94088 -0.296904 0.349002
v 7.93347 -0.299284 0.349002
v 7.92611 -0.301775 0.349002
v 7.9188 -0.304377 0.349002
v 7.91154 -0.307089 0.349002
v 7.90434 -0.30991 0.349002
v 7.89719 -0.312838 0.349002
v 7.8901 -0.315873 0.349002
v 7.88307 -0.319013 0.349002
v 7.87609 -0.322259 0.349002
v 7.86917 -0.325608 0.349002
v 7.86231 -0.32906 0.349002
v 7.85551 -0.332613 0.349002
v 7.84877 -0.336268 0.349002
v 7.8421 -0.340022 0.349002
v 7.83549 -0.343874 0.349002
v 7.82894 -0.347825 0.349002
v 7.82246 -0.351872 0.349002
v 7.81604 -0.356014 0.349002
v 7.8097 -0.360252 0.349002
v 7.80342 -0.364583 0.349002
v 7.79721 -0.369007 0.349002
v 7.79107 -0.373522 0.349002
v 7.78501 -0.378128 0.349002
v 7.77901 -0.382824 0.349002
v 7.77309 -0.387608 0.349002
v 7.76725 -0.39248 0.349002
v 7.76148 -0.397439 0.349002
v 7.75578 -0.402484 0.349002
v 7.75017 -0.407613 0.349002
v 7.74463 -0.412825 0.349002
v 7.73917 -0.418121 0.349002
v 7.73379 -0.423498 0.349002
v 7.7285 -0.428955 0.349002
v 7.72329 -0.434493 0.349002
v 7.71816 -0.440109 0.349002
v 7.71311 -0.445802 0.349002
v 7.70815 -0.451572 0.349002
v 7.70328 -0.457418 0.349002
v 7.6985 -0.463338 0.349002
v 7.6938 -0.469332 0.349002
v 7.6892 -0.475399 0.349002
v 7.68468 -0.481537 0.349002
v 7.68026 -0.487746 0.349002
v 7.67593 -0.494024 0.349002
v 7.67169 -0.500371 0.349002
v 7.66754 -0.506786 0.349002
v 7.6635 -0.513267 0.349002
v 7.65955 -0.519814 0.349002
v 7.65569 -0.526425 0.349002
v 7.65194 -0.5331 0.349002
v 7.64829 -0.539837 0.349002
v 7.64473 -0.546636 0.349002
v 7.64128 -0.553496 0.349002
v 7.63793 -0.560415 0.349002
v 7.63469 -0.567393 0.349002
v 7.63155 -0.574428 0.349002
v 7.62851 -0.58152 0.349002
v 7.62558 -0.588667 0.349002
v 7.62276 -0.595869 0.349002
v 7.62005 -0.603125 0.349002
v 7.61745 -0.610433 0.349002
v 7.61496 -0.617792 0.349002
v 7.61258 -0.625202 0.349002
v 7.61031 -0.632662 0.349002
v 7.60816 -0.64017 0.349002
v 7.60612 -0.647725 0.349002
v 7.6042 -0.655328 0.349002
v 7.60239 -0.662975 0.349002
v 7.6007 -0.670667 0.349002
v 7.59913 -0.678403 0.349002
v 7.59768 -0.686181 0.349002
v 7.59636 -0.694001 0.349002
v 7.59515 -0.701861 0.349002
v 7.59406 -0.709761 0.349002
v 7.5931 -0.717699 0.349002
v 7.59227 -0.725674 0.349002
v 7.59156 -0.733687 0.349002
v 7.59098 -0.741734 0.349002
v 7.59052 -0.749816 0.349002
v 7.59019 -0.757932 0.349002
v 7.59 -0.76608 0.349002
v 7.58993 -0.774259 0.351002
v 7.59 -0.782439 0.351002
v 7.59019 -0.790586 0.351002
v 7.59052 -0.798702 0.351002
v 7.59098 -0.806784 0.351002
v 7.59156 -0.814832 0.351002
v 7.59227 -0.822844 0.351002
v 7.5931 -0.830819 0.351002
v 7.59406 -0.838757 0.351002
v 7.59515 -0.846657 0.351002
v 7.59636 -0.854517 0.351002
v 7.59768 -0.862337 0.351002
v 7.59913 -0.870115 0.351002
v 7.6007 -0.877851 0.351002
v 7.60239 -0.885543 0.351002
v 7.6042 -0.893191 0.351002
v 7.60612 -0.900793 0.351002
v 7.60816 -0.908348 0.351002
v 7.61031 -0.915856 0.351002
v 7.61258 -0.923316 0.351002
v 7.61496 -0.930726 0.351002
v 7.61745 -0.938086 0.351002
v 7.62005 -0.945394 0.351002
v 7.62276 -0.952649 0.351002
v 7.62558 -0.959851 0.351002
v 7.62851 -0.966998 0.351002
v 7.63155 -0.97409 0.351002
v 7.63469 -0.981125 0.351002
v 7.63793 -0.988103 0.351002
v 7.64128 -0.995022 0.351002
v 7.64473 -1.00188 0.351002
v 7.64829 -1.00868 0.351002
v 7.65194 -1.01542 0.351002
v 7.65569 -1.02209 0.351002
v 7.65955 -1.0287 0.351002
v 7.6635 -1.03525 0.351002
v 7.66754 -1.04173 0.351002
v 7.67169 -1.04815 0.351002
v 7.67593 -1.05449 0.351002
v 7.68026 -1.06077 0.351002
v 7.68468 -1.06698 0.351002
v 7.6892 -1.07312 0.351002
v 7.6938 -1.07919 0.351002
v 7.6985 -1.08518 0.351002
v 7.70328 -1.0911 0.351002
v 7.70815 -1.09695 0.351002
v 7.71311 -1.10272 0.351002
v 7.71816 -1.10841 0.351002
v 7.72329 -1.11403 0.351002
v 7.7285 -1.11956 0.351002
v 7.73379 -1.12502 0.351002
v 7.73917 -1.1304 0.351002
v 7.74463 -1.13569 0.351002
v 7.75017 -1.14091 0.351002
v 7.75578 -1.14603 0.351002
v 7.76148 -1.15108 0.351002
v 7.76725 -1.15604 0.351002
v 7.77309 -1.16091 0.351002
v 7.77901 -1.16569 0.351002
v 7.78501 -1.17039 0.351002
v 7.79107 -1.175 0.351002
v 7.79721 -1.17951 0.351002
v 7.80342 -1.18394 0.351002
v 7.8097 -1.18827 0.351002
v 7.81604 -1.1925 0.351002
v 7.82246 -1.19665 0.351002
v 7.82894 -1.20069 0.351002
v 7.83549 -1.20464 0.351002
v 7.8421 -1.2085 0.351002
v 7.84877 -1.21225 0.351002
v 7.85551 -1.2159 0.351002
v 7.86231 -1.21946 0.351002
v 7.86917 -1.22291 0.351002
v 7.87609 -1.22626 0.351002
v 7.88307 -1.2295 0.351002
v 7.8901 -1.23265 0.351002
v 7.89719 -1.23568 0.351002
v 7.90434 -1.23861 0.351002
v 7.91154 -1.24143 0.351002
v 7.9188 -1.24414 0.351002
v 7.92611 -1.24674 0.351002
v 7.93347 -1.24923 0.351002
v 7.94088 -1.25161 0.351002
v 7.94834 -1.25388 0.351002
v 7.95584 -1.25603 0.351002
v 7.9634 -1.25807 0.351002
v 7.971 -1.25999 0.351002
v 7.97865 -1.2618 0.351002
v 7.98634 -1.26349 0.351002
v 7.99408 -1.26506 0.351002
v 8.00185 -1.26651 0.351002
v 8.00967 -1.26784 0.351002
v 8.01753 -1.26904 0.351002
v 8.02543 -1.27013 0.351002
v 8.03337 -1.27109 0.351002
v 8.04135 -1.27192 0.351002
v 8.04936 -1.27263 0.351002
v 8.05741 -1.27322 0.351002
v 8.06549 -1.27367 0.351002
v 8.0736 -1.274 0.351002
v 8.08175 -1.27419 0.351002
v 8.08993 -1.27426 0.351002
v 8.09811 -1.27419 0.351002
v 8.10626 -1.274 0.351002
v 8.11438 -1.27367 0.351002
v 8.12246 -1.27322 0.351002
v 8.1305 -1.27263 0.351002
v 8.13852 -1.27192 0.351002
v 8.14649 -1.27109 0.351002
v 8.15443 -1.27013 0.351002
v 8.16233 -1.26904 0.351002
v 8.17019 -1.26784 0.351002
v 8.17801 -1.26651 0.351002
v 8.18579 -1.26506 0.351002
v 8.19352 -1.26349 0.351002
v 8.20122 -1.2618 0.351002
v 8.20886 -1.25999 0.351002
v 8.21647 -1.25807 0.351002
v 8.22402 -1.25603 0.351002
v 8.23153 -1.25388 0.351002
v 8.23899 -1.25161 0.351002
v 8.2464 -1.24923 0.351002
v 8.25376 -1.24674 0.351002
v 8.26107 -1.24414 0.351002
v 8.26832 -1.24143 0.351002
v 8.27552 -1.23861 0.351002
v 8.28267 -1.23568 0.351002
v 8.28976 -1.23265 0.351002
v 8.2968 -1.2295 0.351002
v 8.30378 -1.22626 0.351002
v 8.3107 -1.22291 0.351002
v 8.31756 -1.21946 0.351002
v 8.32435 -1.2159 0.351002
v 8.33109 -1.21225 0.351002
v 8.33777 -1.2085 0.351002
v 8.34438 -1.20464 0.351002
v 8.35092 -1.20069 0.351002
v 8.35741 -1.19665 0.351002
v 8.36382 -1.1925 0.351002
v 8.37017 -1.18827 0.351002
v 8.37645 -1.18394 0.351002
v 8.38265 -1.17951 0.351002
v 8.38879 -1.175 0.351002
v 8.39486 -1.17039 0.351002
v 8.40085 -1.16569 0.351002
v 8.40677 -1.16091 0.351002
v 8.41262 -1.15604 0.351002
v 8.41839 -1.15108 0.351002
v 8.42408 -1.14603 0.351002
v 8.4297 -1.14091 0.351002
v 8.43524 -1.13569 0.351002
v 8.44069 -1.1304 0.351002
v 8.44607 -1.12502 0.351002
v 8.45137 -1.11956 0.351002
v 8.45658 -1.11403 0.351002
v 8.46171 -1.10841 0.351002
v 8.46675 -1.10272 0.351002
v 8.47171 -1.09695 0.351002
v 8.47658 -1.0911 0.351002
v 8.48137 -1.08518 0.351002
v 8.48606 -1.07919 0.351002
v 8.49067 -1.07312 0.351002
v 8.49518 -1.06698 0.351002
v 8.49961 -1.06077 0.351002
v 8.50394 -1.05449 0.351002
v 8.50818 -1.04815 0.351002
v 8.51232 -1.04173 0.351002
v 8.51637 -1.03525 0.351002
v 8.52032 -1.0287 0.351002
v 8.52417 -1.02209 0.351002
v 8.52792 -1.01542 0.351002
v 8.53158 -1.00868 0.351002
v 8.53513 -1.00188 0.351002
v 8.53858 -0.995022 0.351002
v 8.54193 -0.988103 0.351002
v 8.54518 -0.981125 0.351002
v 8.54832 -0.97409 0.351002
v 8.55135 -0.966998 0.351002
v 8.55428 -0.959851 0.351002
v 8.5571 -0.952649 0.351002
v 8.55981 -0.945394 0.351002
v 8.56242 -0.938086 0.351002
v 8.56491 -0.930726 0.351002
v 8.56729 -0.923316 0.351002
v 8.56955 -0.915856 0.351002
v 8.57171 -0.908348 0.351002
v 8.57375 -0.900793 0.351002
v 8.57567 -0.893191 0.351002
v 8.57747 -0.885543 0.351002
v 8.57916 -0.877851 0.351002
v 8.58073 -0.870115 0.351002
v 8.58218 -0.862337 0.351002
v 8.58351 -0.854517 0.351002
v 8.58472 -0.846657 0.351002
v 8.5858 -0.838757 0.351002
v 8.58676 -0.830819 0.351002
v 8.5876 -0.822844 0.351002
v 8.58831 -0.814832 0.351002
v 8.58889 -0.806784 0.351002
v 8.58934 -0.798702 0.351002
v 8.58967 -0.790586 0.351002
v 8.58987 -0.782438 0.351002
v 8.58993 -0.774259 0.351002
v 8.58987 -0.76608 0.351002
v 8.58967 -0.757932 0.351002
v 8.58934 -0.749816 0.351002
v 8.58889 -0.741734 0.351002
v 8.58831 -0.733686 0.351002
v 8.5876 -0.725674 0.351002
v 8.58676 -0.717699 0.351002
v 8.5858 -0.709761 0.351002
v 8.58472 -0.701861 0.351002
v 8.58351 -0.694001 0.351002
v 8.58218 -0.686181 0.351002
v 8.58073 -0.678403 0.351002
v 8.57916 -0.670667 0.351002
v 8.57747 -0.662975 0.351002
v 8.57567 -0.655328 0.351002
v 8.57375 -0.647725 0.351002
v 8.57171 -0.64017 0.351002
v 8.56955 -0.632662 0.351002
v 8.56729 -0.625202 0.351002
v 8.56491 -0.617792 0.351002
v 8.56242 -0.610433 0.351002
v 8.55981 -0.603125 0.351002
v 8.5571 -0.595869 0.351002
v 8.55428 -0.588667 0.351002
v 8.55135 -0.58152 0.351002
v 8.54832 -0.574428 0.351002
v 8.54518 -0.567393 0.351002
v 8.54193 -0.560415 0.351002
v 8.53858 -0.553496 0.351002
v 8.53513 -0.546636 0.351002
v 8.53158 -0.539837 0.351002
v 8.52792 -0.5331 0.351002
v 8.52417 -0.526425 0.351002
v 8.52032 -0.519814 0.351002
v 8.51637 -0.513267 0.351002
v 8.51232 -0.506786 0.351002
v 8.50818 -0.500371 0.351002
v 8.50394 -0.494024 0.351002
v 8.49961 -0.487746 0.351002
v 8.49518 -0.481537 0.351002
v 8.49067 -0.475399 0.351002
v 8.48606 -0.469332 0.351002
v 8.48137 -0.463338 0.351002
v 8.47658 -0.457418 0.351002
v 8.47171 -0.451572 0.351002
v 8.46675 -0.445802 0.351002
v 8.46171 -0.440109 0.351002
v 8.45658 -0.434493 0.351002
v 8.45137 -0.428955 0.351002
v 8.44607 -0.423498 0.351002
v 8.44069 -0.418121 0.351002
v 8.43524 -0.412825 0.351002
v 8.4297 -0.407613 0.351002
v 8.42408 -0.402484 0.351002
v 8.41839 -0.397439 0.351002
v 8.41262 -0.39248 0.351002
v 8.40677 -0.387608 0.351002
v 8.40085 -0.382824 0.351002
v 8.39486 -0.378128 0.351002
v 8.38879 -0.373522 0.351002
v 8.38265 -0.369007 0.351002
v 8.37645 -0.364583 0.351002
v 8.37017 -0.360252 0.351002
v 8.36382 -0.356014 0.351002
v 8.35741 -0.351872 0.351002
v 8.35092 -0.347825 0.351002
v 8.34438 -0.343874 0.351002
v 8.33777 -0.340022 0.351002
v 8.33109 -0.336268 0.351002
v 8.32435 -0.332613 0.351002
v 8.31756 -0.32906 0.351002
v 8.3107 -0.325608 0.351002
v 8.30378 -0.322259 0.351002
v 8.2968 -0.319013 0.351002
v 8.28976 -0.315873 0.351002
v 8.28267 -0.312838 0.351002
v 8.27552 -0.30991 0.351002
v 8.26832 -0.307089 0.351002
v 8.26107 -0.304377 0.351002
v 8.25376 -0.301775 0.351002
v 8.2464 -0.299284 0.351002
v 8.23899 -0.296904 0.351002
v 8.23153 -0.294638 0.351002
v 8.22402 -0.292485 0.351002
v 8.21647 -0.290446 0.351002
v 8.20886 -0.288524 0.351002
v 8.20122 -0.286718 0.351002
v 8.19352 -0.28503 0.351002
v 8.18579 -0.283461 0.351002
v 8.17801 -0.282011 0.351002
v 8.17019 -0.280683 0.351002
v 8.16233 -0.279476 0.351002
v 8.15443 -0.278391 0.351002
v 8.14649 -0.277431 0.351002
v 8.13852 -0.276596 0.351002
v 8.1305 -0.275886 0.351002
v 8.12246 -0.275303 0.351002
v 8.11438 -0.274848 0.351002
v 8.10626 -0.274521 0.351002
v 8.09811 -0.274325 0.351002
v 8.08993 -0.274259 0.351002
v 8.08175 -0.274325 0.351002
v 8.0736 -0.274521 0.351002
v 8.06549 -0.274848 0.351002
v 8.05741 -0.275303 0.351002
v 8.04936 -0.275886 0.351002
v 8.04135 -0.276596 0.351002
v 8.03337 -0.277431 0.351002
v 8.02543 -0.278391 0.351002
v 8.01753 -0.279476 0.351002
v 8.00967 -0.280683 0.351002
v 8.00185 -0.282011 0.351002
v 7.99408 -0.283461 0.351002
v 7.98634 -0.28503 0.351002
v 7.97865 -0.286718 0.351002
v 7.971 -0.288524 0.351002
v 7.9634 -0.290446 0.351002
v 7.95584 -0.292485 0.351002
v 7.94833 -0.294638 0.351002
v 7.94088 -0.296904 0.351002
v 7.93347 -0.299284 0.351002
v 7.92611 -0.301775 0.351002
v 7.9188 -0.304377 0.351002
v 7.91154 -0.307089 0.351002
v 7.90434 -0.30991 0.351002
v 7.89719 -0.312838 0.351002
v 7.8901 -0.315873 0.351002
v 7.88307 -0.319013 0.351002
v 7.87609 -0.322259 0.351002
v 7.86917 -0.325608 0.351002
v 7.86231 -0.32906 0.351002
v 7.85551 -0.332613 0.351002
v 7.84877 -0.336268 0.351002
v 7.8421 -0.340022 0.351002
v 7.83549 -0.343874 0.351002
v 7.82894 -0.347825 0.351002
v 7.82246 -0.351872 0.351002
v 7.81604 -0.356014 0.351002
v 7.8097 -0.360252 0.351002
v 7.80342 -0.364583 0.351002
v 7.79721 -0.369007 0.351002
v 7.79107 -0.373522 0.351002
v 7.78501 -0.378128 0.351002
v 7.77901 -0.382824 0.351002
v 7.77309 -0.387608 0.351002
v 7.76725 -0.39248 0.351002
v 7.76148 -0.397439 0.351002
v 7.75578 -0.402484 0.351002
v 7.75017 -0.407613 0.351002
v 7.74463 -0.412825 0.351002
v 7.73917 -0.418121 0.351002
v 7.73379 -0.423498 0.351002
v 7.7285 -0.428955 0.351002
v 7.72329 -0.434493 0.351002
v 7.71816 -0.440109 0.351002
v 7.71311 -0.445802 0.351002
v 7.70815 -0.451572 0.351002
v 7.70328 -0.457418 0.351002
v 7.6985 -0.463338 0.351002
v 7.6938 -0.469332 0.351002
v 7.6892 -0.475399 0.351002
v 7.68468 -0.481537 0.351002
v 7.68026 -0.487746 0.351002
v 7.67593 -0.494024 0.351002
v 7.67169 -0.500371 0.351002
v 7.66754 -0.506786 0.351002
v 7.6635 -0.513267 0.351002
v 7.65955 -0.519814 0.351002
v 7.65569 -0.526425 0.351002
v 7.65194 -0.5331 0.351002
v 7.64829 -0.539837 0.351002
v 7.64473 -0.546636 0.351002
v 7.64128 -0.553496 0.351002
v 7.63793 -0.560415 0.351002
v 7.63469 -0.567393 0.351002
v 7.63155 -0.574428 0.351002
v 7.62851 -0.58152 0.351002
v 7.62558 -0.588667 0.351002
v 7.62276 -0.595869 0.351002
v 7.62005 -0.603125 0.351002
v 7.61745 -0.610433 0.351002
v 7.61496 -0.617792 0.351002
v 7.61258 -0.625202 0.351002
v 7.61031 -0.632662 0.351002
v 7.60816 -0.64017 0.351002
v 7.60612 -0.647725 0.351002
v 7.6042 -0.655328 0.351002
v 7.60239 -0.662975 0.351002
v 7.6007 -0.670667 0.351002
v 7.59913 -0.678403 0.351002
v 7.59768 -0.686181 0.351002
v 7.59636 -0.694001 0.351002
v 7.59515 -0.701861 0.351002
v 7.59406 -0.709761 0.351002
v 7.5931 -0.717699 0.351002
v 7.59227 -0.725674 0.351002
v 7.59156 -0.733687 0.351002
v 7.59098 -0.741734 0.351002
v 7.59052 -0.749816 0.351002
v 7.59019 -0.757932 0.351002
v 7.59 -0.76608 0.351002
v 7.61 -0.766407 0.349002
v 7.61018 -0.758585 0.349002
v 7.6105 -0.750794 0.349002
v 7.61094 -0.743035 0.349002
v 7.61149 -0.735309 0.349002
v 7.61218 -0.727618 0.349002
v 7.61298 -0.719961 0.349002
v 7.6139 -0.712341 0.349002
v 7.61494 -0.704757 0.349002
v 7.6161 -0.697211 0.349002
v 7.61738 -0.689704 0.349002
v 7.61877 -0.682237 0.349002
v 7.62027 -0.674811 0.349002
v 7.62189 -0.667427 0.349002
v 7.62363 -0.660085 0.349002
v 7.62547 -0.652787 0.349002
v 7.62743 -0.645533 0.349002
v 7.6295 -0.638326 0.349002
v 7.63167 -0.631164 0.349002
v 7.63396 -0.624051 0.349002
v 7.63635 -0.616986 0.349002
v 7.63885 -0.60997 0.349002
v 7.64145 -0.603005 0.349002
v 7.64416 -0.596091 0.349002
v 7.64697 -0.58923 0.349002
v 7.64988 -0.582421 0.349002
v 7.6529 -0.575668 0.349002
v 7.65601 -0.568969 0.349002
v 7.65923 -0.562327 0.349002
v 7.66254 -0.555741 0.349002
v 7.66595 -0.549214 0.349002
v 7.66946 -0.542746 0.349002
v 7.67306 -0.536338 0.349002
v 7.67676 -0.529992 0.349002
v 7.68056 -0.523707 0.349002
v 7.68444 -0.517485 0.349002
v 7.68842 -0.511327 0.349002
v 7.69249 -0.505234 0.349002
v 7.69664 -0.499207 0.349002
v 7.70089 -0.493246 0.349002
v 7.70523 -0.487353 0.349002
v 7.70965 -0.48153 0.349002
v 7.71416 -0.475775 0.349002
v 7.71875 -0.470092 0.349002
v 7.72343 -0.46448 0.349002
v 7.72819 -0.458941 0.349002
v 7.73303 -0.453475 0.349002
v 7.73795 -0.448084 0.349002
v 7.74296 -0.442768 0.349002
v 7.74804 -0.437529 0.349002
v 7.7532 -0.432367 0.349002
v 7.75844 -0.427283 0.349002
v 7.76376 -0.422279 0.349002
v 7.76915 -0.417355 0.349002
v 7.77461 -0.412512 0.349002
v 7.78015 -0.407752 0.349002
v 7.78577 -0.403075 0.349002
v 7.79145 -0.398482 0.349002
v 7.7972 -0.393974 0.349002
v 7.80303 -0.389552 0.349002
v 7.80892 -0.385217 0.349002
v 7.81488 -0.38097 0.349002
v 7.82091 -0.376813 0.349002
v 7.827 -0.372745 0.349002
v 7.83316 -0.368768 0.349002
v 7.83938 -0.364882 0.349002
v 7.84566 -0.36109 0.349002
v 7.85201 -0.357392 0.349002
v 7.85842 -0.353788 0.349002
v 7.86489 -0.35028 0.349002
v 7.87141 -0.346868 0.349002
v 7.878 -0.343555 0.349002
v 7.88464 -0.340339 0.349002
v 7.89134 -0.337224 0.349002
v 7.89809 -0.334209 0.349002
v 7.9049 -0.331295 0.349002
v 7.91176 -0.328484 0.349002
v 7.91868 -0.325776 0.349002
v 7.92564 -0.323173 0.349002
v 7.93266 -0.320675 0.349002
v 7.93972 -0.318284 0.349002
v 7.94684 -0.315999 0.349002
v 7.954 -0.313823 0.349002
v 7.96121 -0.311756 0.349002
v 7.96846 -0.309799 0.349002
v 7.97576 -0.307954 0.349002
v 7.9831 -0.30622 0.349002
v 7.99048 -0.3046 0.349002
v 7.99791 -0.303093 0.349002
v 8.00538 -0.301702 0.349002
v 8.01288 -0.300426 0.349002
v 8.02043 -0.299268 0.349002
v 8.02801 -0.298227 0.349002
v 8.03563 -0.297305 0.349002
v 8.04329 -0.296503 0.349002
v 8.05098 -0.295821 0.349002
v 8.05871 -0.295262 0.349002
v 8.06647 -0.294825 0.349002
v 8.07426 -0.294512 0.349002
v 8.08208 -0.294323 0.349002
v 8.08993 -0.29426 0.349002
v 8.09778 -0.294323 0.349002
v 8.10561 -0.294511 0.349002
v 8.1134 -0.294825 0.349002
v 8.12116 -0.295262 0.349002
v 8.12888 -0.295821 0.349002
v 8.13657 -0.296503 0.349002
v 8.14423 -0.297305 0.349002
v 8.15185 -0.298227 0.349002
v 8.15943 -0.299268 0.349002
v 8.16698 -0.300426 0.349002
v 8.17449 -0.301702 0.349002
v 8.18195 -0.303093 0.349002
v 8.18938 -0.3046 0.349002
v 8.19676 -0.30622 0.349002
v 8.20411 -0.307954 0.349002
v 8.2114 -0.309799 0.349002
v 8.21866 -0.311756 0.349002
v 8.22587 -0.313823 0.349002
v 8.23303 -0.315999 0.349002
v 8.24014 -0.318284 0.349002
v 8.24721 -0.320675 0.349002
v 8.25422 -0.323173 0.349002
v 8.26119 -0.325776 0.349002
v 8.2681 -0.328484 0.349002
v 8.27496 -0.331295 0.349002
v 8.28177 -0.334209 0.349002
v 8.28852 -0.337224 0.349002
v 8.29522 -0.340339 0.349002
v 8.30186 -0.343555 0.349002
v 8.30845 -0.346868 0.349002
v 8.31498 -0.35028 0.349002
v 8.32145 -0.353788 0.349002
v 8.32785 -0.357392 0.349002
v 8.3342 -0.36109 0.349002
v 8.34048 -0.364882 0.349002
v 8.34671 -0.368768 0.349002
v 8.35286 -0.372745 0.349002
v 8.35896 -0.376812 0.349002
v 8.36498 -0.38097 0.349002
v 8.37095 -0.385217 0.349002
v 8.37684 -0.389552 0.349002
v 8.38266 -0.393974 0.349002
v 8.38842 -0.398482 0.349002
v 8.3941 -0.403075 0.349002
v 8.39971 -0.407752 0.349002
v 8.40525 -0.412512 0.349002
v 8.41072 -0.417355 0.349002
v 8.41611 -0.422279 0.349002
v 8.42142 -0.427283 0.349002
v 8.42666 -0.432367 0.349002
v 8.43182 -0.437529 0.349002
v 8.43691 -0.442768 0.349002
v 8.44191 -0.448084 0.349002
v 8.44684 -0.453475 0.349002
v 8.45168 -0.458941 0.349002
v 8.45644 -0.46448 0.349002
v 8.46112 -0.470092 0.349002
v 8.46571 -0.475775 0.349002
v 8.47022 -0.48153 0.349002
v 8.47464 -0.487353 0.349002
v 8.47897 -0.493246 0.349002
v 8.48322 -0.499207 0.349002
v 8.48738 -0.505234 0.349002
v 8.49145 -0.511327 0.349002
v 8.49542 -0.517485 0.349002
v 8.49931 -0.523707 0.349002
v 8.5031 -0.529992 0.349002
v 8.5068 -0.536338 0.349002
v 8.5104 -0.542746 0.349002
v 8.51391 -0.549214 0.349002
v 8.51732 -0.555741 0.349002
v 8.52064 -0.562327 0.349002
v 8.52385 -0.568969 0.349002
v 8.52697 -0.575668 0.349002
v 8.52998 -0.582421 0.349002
v 8.5329 -0.58923 0.349002
v 8.53571 -0.596091 0.349002
v 8.53841 -0.603005 0.349002
v 8.54102 -0.60997 0.349002
v 8.54352 -0.616986 0.349002
v 8.54591 -0.624051 0.349002
v 8.54819 -0.631164 0.349002
v 8.55037 -0.638326 0.349002
v 8.55244 -0.645533 0.349002
v 8.55439 -0.652787 0.349002
v 8.55624 -0.660085 0.349002
v 8.55797 -0.667427 0.349002
v 8.55959 -0.674811 0.349002
v 8.5611 -0.682237 0.349002
v 8.56249 -0.689704 0.349002
v 8.56377 -0.697211 0.349002
v 8.56492 -0.704757 0.349002
v 8.56596 -0.712341 0.349002
v 8.56689 -0.719961 0.349002
v 8.56769 -0.727618 0.349002
v 8.56837 -0.735309 0.349002
v 8.56893 -0.743035 0.349002
v 8.56937 -0.750794 0.349002
v 8.56968 -0.758585 0.349002
v 8.56987 -0.766407 0.349002
v 8.56993 -0.774259 0.349002
v 8.56987 -0.782111 0.349002
v 8.56968 -0.789933 0.349002
v 8.56937 -0.797724 0.349002
v 8.56893 -0.805483 0.349002
v 8.56837 -0.813209 0.349002
v 8.56769 -0.8209 0.349002
v 8.56689 -0.828557 0.349002
v 8.56596 -0.836178 0.349002
v 8.56492 -0.843761 0.349002
v 8.56377 -0.851307 0.349002
v 8.56249 -0.858814 0.349002
v 8.5611 -0.866281 0.349002
v 8.55959 -0.873707 0.349002
v 8.55797 -0.881092 0.349002
v 8.55624 -0.888433 0.349002
v 8.55439 -0.895731 0.349002
v 8.55244 -0.902985 0.349002
v 8.55037 -0.910192 0.349002
v 8.54819 -0.917354 0.349002
v 8.54591 -0.924467 0.349002
v 8.54352 -0.931532 0.349002
v 8.54102 -0.938548 0.349002
v 8.53841 -0.945513 0.349002
v 8.53571 -0.952427 0.349002
v 8.5329 -0.959289 0.349002
v 8.52998 -0.966097 0.349002
v 8.52697 -0.972851 0.349002
v 8.52385 -0.979549 0.349002
v 8.52064 -0.986192 0.349002
v 8.51732 -0.992777 0.349002
v 8.51391 -0.999304 0.349002
v 8.5104 -1.00577 0.349002
v 8.5068 -1.01218 0.349002
v 8.5031 -1.01853 0.349002
v 8.49931 -1.02481 0.349002
v 8.49542 -1.03103 0.349002
v 8.49145 -1.03719 0.349002
v 8.48738 -1.04328 0.349002
v 8.48322 -1.04931 0.349002
v 8.47897 -1.05527 0.349002
v 8.47464 -1.06116 0.349002
v 8.47022 -1.06699 0.349002
v 8.46571 -1.07274 0.349002
v 8.46112 -1.07843 0.349002
v 8.45644 -1.08404 0.349002
v 8.45168 -1.08958 0.349002
v 8.44684 -1.09504 0.349002
v 8.44191 -1.10043 0.349002
v 8.43691 -1.10575 0.349002
v 8.43182 -1.11099 0.349002
v 8.42666 -1.11615 0.349002
v 8.42142 -1.12123 0.349002
v 8.41611 -1.12624 0.349002
v 8.41072 -1.13116 0.349002
v 8.40525 -1.13601 0.349002
v 8.39971 -1.14077 0.349002
v 8.3941 -1.14544 0.349002
v 8.38842 -1.15004 0.349002
v 8.38266 -1.15454 0.349002
v 8.37684 -1.15897 0.349002
v 8.37095 -1.1633 0.349002
v 8.36498 -1.16755 0.349002
v 8.35896 -1.17171 0.349002
v 8.35286 -1.17577 0.349002
v 8.34671 -1.17975 0.349002
v 8.34048 -1.18364 0.349002
v 8.3342 -1.18743 0.349002
v 8.32785 -1.19113 0.349002
v 8.32145 -1.19473 0.349002
v 8.31498 -1.19824 0.349002
v 8.30845 -1.20165 0.349002
v 8.30186 -1.20496 0.349002
v 8.29522 -1.20818 0.349002
v 8.28852 -1.21129 0.349002
v 8.28177 -1.21431 0.349002
v 8.27496 -1.21722 0.349002
v 8.2681 -1.22003 0.349002
v 8.26119 -1.22274 0.349002
v 8.25422 -1.22534 0.349002
v 8.24721 -1.22784 0.349002
v 8.24014 -1.23023 0.349002
v 8.23303 -1.23252 0.349002
v 8.22587 -1.2347 0.349002
v 8.21866 -1.23676 0.349002
v 8.2114 -1.23872 0.349002
v 8.20411 -1.24056 0.349002
v 8.19676 -1.2423 0.349002
v 8.18938 -1.24392 0.349002
v 8.18195 -1.24542 0.349002
v 8.17449 -1.24682 0.349002
v 8.16698 -1.24809 0.349002
v 8.15943 -1.24925 0.349002
v 8.15185 -1.25029 0.349002
v 8.14423 -1.25121 0.349002
v 8.13657 -1.25202 0.349002
v 8.12888 -1.2527 0.349002
v 8.12116 -1.25326 0.349002
v 8.1134 -1.25369 0.349002
v 8.10561 -1.25401 0.349002
v 8.09778 -1.2542 0.349002
v 8.08993 -1.25426 0.349002
v 8.08208 -1.2542 0.349002
v 8.07426 -1.25401 0.349002
v 8.06647 -1.25369 0.349002
v 8.05871 -1.25326 0.349002
v 8.05098 -1.2527 0.349002
v 8.04329 -1.25202 0.349002
v 8.03563 -1.25121 0.349002
v 8.02801 -1.25029 0.349002
v 8.02043 -1.24925 0.349002
v 8.01288 -1.24809 0.349002
v 8.00538 -1.24682 0.349002
v 7.99791 -1.24542 0.349002
v 7.99048 -1.24392 0.349002
v 7.9831 -1.2423 0.349002
v 7.97576 -1.24056 0.349002
v 7.96846 -1.23872 0.349002
v 7.96121 -1.23676 0.349002
v 7.954 -1.2347 0.349002
v 7.94684 -1.23252 0.349002
v 7.93972 -1.23023 0.349002
v 7.93266 -1.22784 0.349002
v 7.92564 -1.22534 0.349002
v 7.91868 -1.22274 0.349002
v 7.91176 -1.22003 0.349002
v 7.9049 -1.21722 0.349002
v 7.89809 -1.21431 0.349002
v 7.89134 -1.21129 0.349002
v 7.88464 -1.20818 0.349002
v 7.878 -1.20496 0.349002
v 7.87141 -1.20165 0.349002
v 7.86489 -1.19824 0.349002
v 7.85842 -1.19473 0.349002
v 7.85201 -1.19113 0.349002
v 7.84566 -1.18743 0.349002
v 7.83938 -1.18364 0.349002
v 7.83316 -1.17975 0.349002
v 7.827 -1.17577 0.349002
v 7.82091 -1.17171 0.349002
v 7.81488 -1.16755 0.349002
v 7.80892 -1.1633 0.349002
v 7.80303 -1.15897 0.349002
v 7.7972 -1.15454 0.349002
v 7.79145 -1.15004 0.349002
v 7.78577 -1.14544 0.349002
v 7.78015 -1.14077 0.349002
v 7.77461 -1.13601 0.349002
v 7.76915 -1.13116 0.349002
v 7.76376 -1.12624 0.349002
v 7.75844 -1.12124 0.349002
v 7.7532 -1.11615 0.349002
v 7.74804 -1.11099 0.349002
v 7.74296 -1.10575 0.349002
v 7.73795 -1.10043 0.349002
v 7.73303 -1.09504 0.349002
v 7.72819 -1.08958 0.349002
v 7.72343 -1.08404 0.349002
v 7.71875 -1.07843 0.349002
v 7.71416 -1.07274 0.349002
v 7.70965 -1.06699 0.349002
v 7.70523 -1.06116 0.349002
v 7.70089 -1.05527 0.349002
v 7.69664 -1.04931 0.349002
v 7.69249 -1.04328 0.349002
v 7.68842 -1.03719 0.349002
v 7.68444 -1.03103 0.349002
v 7.68056 -1.02481 0.349002
v 7.67676 -1.01853 0.349002
v 7.67306 -1.01218 0.349002
v 7.66946 -1.00577 0.349002
v 7.66595 -0.999304 0.349002
v 7.66254 -0.992777 0.349002
v 7.65923 -0.986192 0.349002
v 7.65601 -0.979549 0.349002
v 7.6529 -0.972851 0.349002
v 7.64988 -0.966097 0.349002
v 7.64697 -0.959289 0.349002
v 7.64416 -0.952427 0.349002
v 7.64145 -0.945513 0.349002
v 7.63885 -0.938548 0.349002
v 7.63635 -0.931532 0.349002
v 7.63396 -0.924467 0.349002
v 7.63167 -0.917354 0.349002
v 7.6295 -0.910192 0.349002
v 7.62743 -0.902985 0.349002
v 7.62547 -0.895731 0.349002
v 7.62363 -0.888433 0.349002
v 7.62189 -0.881092 0.349002
v 7.62027 -0.873707 0.349002
v 7.61877 -0.866281 0.349002
v 7.61738 -0.858814 0.349002
v 7.6161 -0.851307 0.349002
v 7.61494 -0.843761 0.349002
v 7.6139 -0.836178 0.349002
v 7.61298 -0.828557 0.349002
v 7.61218 -0.8209 0.349002
v 7.61149 -0.813209 0.349002
v 7.61094 -0.805483 0.349002
v 7.6105 -0.797724 0.349002
v 7.61018 -0.789933 0.349002
v 7.61 -0.782111 0.349002
v 7.60993 -0.774259 0.349002
v 7.61 -0.766407 0.351002
v 7.61018 -0.758585 0.351002
v 7.6105 -0.750794 0.351002
v 7.61094 -0.743035 0.351002
v 7.61149 -0.735309 0.351002
v 7.61218 -0.727618 0.351002
v 7.61298 -0.719961 0.351002
v 7.6139 -0.712341 0.351002
v 7.61494 -0.704757 0.351002
v 7.6161 -0.697211 0.351002
v 7.61738 -0.689704 0.351002
v 7.61877 -0.682237 0.351002
v 7.62027 -0.674811 0.351002
v 7.62189 -0.667427 0.351002
v 7.62363 -0.660085 0.351002
v 7.62547 -0.652787 0.351002
v 7.62743 -0.645533 0.351002
v 7.6295 -0.638326 0.351002
v 7.63167 -0.631164 0.351002
v 7.63396 -0.624051 0.351002
v 7.63635 -0.616986 0.351002
v 7.63885 -0.60997 0.351002
v 7.64145 -0.603005 0.351002
v 7.64416 -0.596091 0.351002
v 7.64697 -0.58923 0.351002
v 7.64988 -0.582421 0.351002
v 7.6529 -0.575668 0.351002
v 7.65601 -0.568969 0.351002
v 7.65923 -0.562327 0.351002
v 7.66254 -0.555741 0.351002
v 7.66595 -0.549214 0.351002
v 7.66946 -0.542746 0.351002
v 7.67306 -0.536338 0.351002
v 7.67676 -0.529992 0.351002
v 7.68056 -0.523707 0.351002
v 7.68444 -0.517485 0.351002
v 7.68842 -0.511327 0.351002
v 7.69249 -0.505234 0.351002
v 7.69664 -0.499207 0.351002
v 7.70089 -0.493246 0.351002
v 7.70523 -0.487353 0.351002
v 7.70965 -0.48153 0.351002
v 7.71416 -0.475775 0.351002
v 7.71875 -0.470092 0.351002
v 7.72343 -0.46448 0.351002
v 7.72819 -0.458941 0.351002
v 7.73303 -0.453475 0.351002
v 7.73795 -0.448084 0.351002
v 7.74296 -0.442768 0.351002
v 7.74804 -0.437529 0.351002
v 7.7532 -0.432367 0.351002
v 7.75844 -0.427283 0.351002
v 7.76376 -0.422279 0.351002
v 7.76915 -0.417355 0.351002
v 7.77461 -0.412512 0.351002
v 7.78015 -0.407752 0.351002
v 7.78577 -0.403075 0.351002
v 7.79145 -0.398482 0.351002
v 7.7972 -0.393974 0.351002
v 7.80303 -0.389552 0.351002
v 7.80892 -0.385217 0.351002
v 7.81488 -0.38097 0.351002
v 7.82091 -0.376813 0.351002
v 7.827 -0.372745 0.351002
v 7.83316 -0.368768 0.351002
v 7.83938 -0.364882 0.351002
v 7.84566 -0.36109 0.351002
v 7.85201 -0.357392 0.351002
v 7.85842 -0.353788 0.351002
v 7.86489 -0.35028 0.351002
v 7.87141 -0.346868 0.351002
v 7.878 -0.343555 0.351002
v 7.88464 -0.340339 0.351002
v 7.89134 -0.337224 0.351002
v 7.89809 -0.334209 0.351002
v 7.9049 -0.331295 0.351002
v 7.91176 -0.328484 0.351002
v 7.91868 -0.325776 0.351002
v 7.92564 -0.323173 0.351002
v 7.93266 -0.320675 0.351002
v 7.93972 -0.318284 0.351002
v 7.94684 -0.315999 0.351002
v 7.954 -0.313823 0.351002
v 7.96121 -0.311756 0.351002
v 7.96846 -0.309799 0.351002
v 7.97576 -0.307954 0.351002
v 7.9831 -0.30622 0.351002
v 7.99048 -0.3046 0.351002
v 7.99791 -0.303093 0.351002
v 8.00538 -0.301702 0.351002
v 8.01288 -0.300426 0.351002
v 8.02043 -0.299268 0.351002
v 8.02801 -0.298227 0.351002
v 8.03563 -0.297305 0.351002
v 8.04329 -0.296503 0.351002
v 8.05098 -0.295821 0.351002
v 8.05871 -0.295262 0.351002
v 8.06647 -0.294825 0.351002
v 8.07426 -0.294512 0.351002
v 8.08208 -0.294323 0.351002
v 8.08993 -0.29426 0.351002
v 8.09778 -0.294323 0.351002
v 8.10561 -0.294511 0.351002
v 8.1134 -0.294825 0.351002
v 8.12116 -0.295262 0.351002
v 8.12888 -0.295821 0.351002
v 8.13657 -0.296503 0.351002
v 8.14423 -0.297305 0.351002
v 8.15185 -0.298227 0.351002
v 8.15943 -0.299268 0.351002
v 8.16698 -0.300426 0.351002
v 8.17449 -0.301702 0.351002
v 8.18195 -0.303093 0.351002
v 8.18938 -0.3046 0.351002
v 8.19676 -0.30622 0.351002
v 8.20411 -0.307954 0.351002
v 8.2114 -0.309799 0.351002
v 8.21866 -0.311756 0.351002
v 8.22587 -0.313823 0.351002
v 8.23303 -0.315999 0.351002
v 8.24014 -0.318284 0.351002
v 8.24721 -0.320675 0.351002
v 8.25422 -0.323173 0.351002
v 8.26119 -0.325776 0.351002
v 8.2681 -0.328484 0.351002
v 8.27496 -0.331295 0.351002
v 8.28177 -0.334209 0.351002
v 8.28852 -0.337224 0.351002
v 8.29522 -0.340339 0.351002
v 8.30186 -0.343555 0.351002
v 8.30845 -0.346868 0.351002
v 8.31498 -0.35028 0.351002
v 8.32145 -0.353788 0.351002
v 8.32785 -0.357392 0.351002
v 8.3342 -0.36109 0.351002
v 8.34048 -0.364882 0.351002
v 8.34671 -0.368768 0.351002
v 8.35286 -0.372745 0.351002
v 8.35896 -0.376812 0.351002
v 8.36498 -0.38097 0.351002
v 8.37095 -0.385217 0.351002
v 8.37684 -0.389552 0.351002
v 8.38266 -0.393974 0.351002
v 8.38842 -0.398482 0.351002
v 8.3941 -0.403075 0.351002
v 8.39971 -0.407752 0.351002
v 8.40525 -0.412512 0.351002
v 8.41072 -0.417355 0.351002
v 8.41611 -0.422279 0.351002
v 8.42142 -0.427283 0.351002
v 8.42666 -0.432367 0.351002
v 8.43182 -0.437529 0.351002
v 8.43691 -0.442768 0.351002
v 8.44191 -0.448084 0.351002
v 8.44684 -0.453475 0.351002
v 8.45168 -0.458941 0.351002
v 8.45644 -0.46448 0.351002
v 8.46112 -0.470092 0.351002
v 8.46571 -0.475775 0.351002
v 8.47022 -0.48153 0.351002
v 8.47464 -0.487353 0.351002
v 8.47897 -0.493246 0.351002
v 8.48322 -0.499207 0.351002
v 8.48738 -0.505234 0.351002
v 8.49145 -0.511327 0.351002
v 8.49542 -0.517485 0.351002
v 8.49931 -0.523707 0.351002
v 8.5031 -0.529992 0.351002
v 8.5068 -0.536338 0.351002
v 8.5104 -0.542746 0.351002
v 8.51391 -0.549214 0.351002
v 8.51732 -0.555741 0.351002
v 8.52064 -0.562327 0.351002
v 8.52385 -0.568969 0.351002
v 8.52697 -0.575668 0.351002
v 8.52998 -0.582421 0.351002
v 8.5329 -0.58923 0.351002
v 8.53571 -0.596091 0.351002
v 8.53841 -0.603005 0.351002
v 8.54102 -0.60997 0.351002
v 8.54352 -0.616986 0.351002
v 8.54591 -0.624051 0.351002
v 8.54819 -0.631164 0.351002
v 8.55037 -0.638326 0.351002
v 8.55244 -0.645533 0.351002
v 8.55439 -0.652787 0.351002
v 8.55624 -0.660085 0.351002
v 8.55797 -0.667427 0.351002
v 8.55959 -0.674811 0.351002
v 8.5611 -0.682237 0.351002
v 8.56249 -0.689704 0.351002
v 8.56377 -0.697211 0.351002
v 8.56492 -0.704757 0.351002
v 8.56596 -0.712341 0.351002
v 8.56689 -0.719961 0.351002
v 8.56769 -0.727618 0.351002
v 8.56837 -0.735309 0.351002
v 8.56893 -0.743035 0.351002
v 8.56937 -0.750794 0.351002
v 8.56968 -0.758585 0.351002
v 8.56987 -0.766407 0.351002
v 8.56993 -0.774259 0.351002
v 8.56987 -0.782111 0.351002
v 8.56968 -0.789933 0.351002
v 8.56937 -0.797724 0.351002
v 8.56893 -0.805483 0.351002
v 8.56837 -0.813209 0.351002
v 8.56769 -0.8209 0.351002
v 8.56689 -0.828557 0.351002
v 8.56596 -0.836178 0.351002
v 8.56492 -0.843761 0.351002
v 8.56377 -0.851307 0.351002
v 8.56249 -0.858814 0.351002
v 8.5611 -0.866281 0.351002
v 8.55959 -0.873707 0.351002
v 8.55797 -0.881092 0.351002
v 8.55624 -0.888433 0.351002
v 8.55439 -0.895731 0.351002
v 8.55244 -0.902985 0.351002
v 8.55037 -0.910192 0.351002
v 8.54819 -0.917354 0.351002
v 8.54591 -0.924467 0.351002
v 8.54352 -0.931532 0.351002
v 8.54102 -0.938548 0.351002
v 8.53841 -0.945513 0.351002
v 8.53571 -0.952427 0.351002
v 8.5329 -0.959289 0.351002
v 8.52998 -0.966097 0.351002
v 8.52697 -0.972851 0.351002
v 8.52385 -0.979549 0.351002
v 8.52064 -0.986192 0.351002
v 8.51732 -0.992777 0.351002
v 8.51391 -0.999304 0.351002
v 8.5104 -1.00577 0.351002
v 8.5068 -1.01218 0.351002
v 8.5031 -1.01853 0.351002
v 8.49931 -1.02481 0.351002
v 8.49542 -1.03103 0.351002
v 8.49145 -1.03719 0.351002
v 8.48738 -1.04328 0.351002
v 8.48322 -1.04931 0.351002
v 8.47897 -1.05527 0.351002
v 8.47464 -1.06116 0.351002
v 8.47022 -1.06699 0.351002
v 8.46571 -1.07274 0.351002
v 8.46112 -1.07843 0.351002
v 8.45644 -1.08404 0.351002
v 8.45168 -1.08958 0.351002
v 8.44684 -1.09504 0.351002
v 8.44191 -1.10043 0.351002
v 8.43691 -1.10575 0.351002
v 8.43182 -1.11099 0.351002
v 8.42666 -1.11615 0.351002
v 8.42142 -1.12123 0.351002
v 8.41611 -1.12624 0.351002
v 8.41072 -1.13116 0.351002
v 8.40525 -1.13601 0.351002
v 8.39971 -1.14077 0.351002
v 8.3941 -1.14544 0.351002
v 8.38842 -1.15004 0.351002
v 8.38266 -1.15454 0.351002
v 8.37684 -1.15897 0.351002
v 8.37095 -1.1633 0.351002
v 8.36498 -1.16755 0.351002
v 8.35896 -1.17171 0.351002
v 8.35286 -1.17577 0.351002
v 8.34671 -1.17975 0.351002
v 8.34048 -1.18364 0.351002
v 8.3342 -1.18743 0.351002
v 8.32785 -1.19113 0.351002
v 8.32145 -1.19473 0.351002
v 8.31498 -1.19824 0.351002
v 8.30845 -1.20165 0.351002
v 8.30186 -1.20496 0.351002
v 8.29522 -1.20818 0.351002
v 8.28852 -1.21129 0.351002
v 8.28177 -1.21431 0.351002
v 8.27496 -1.21722 0.351002
v 8.2681 -1.22003 0.351002
v 8.26119 -1.22274 0.351002
v 8.25422 -1.22534 0.351002
v 8.24721 -1.22784 0.351002
v 8.24014 -1.23023 0.351002
v 8.23303 -1.23252 0.351002
v 8.22587 -1.2347 0.351002
v 8.21866 -1.23676 0.351002
v 8.2114 -1.23872 0.351002
v 8.20411 -1.24056 0.351002
v 8.19676 -1.2423 0.351002
v 8.18938 -1.24392 0.351002
v 8.18195 -1.24542 0.351002
v 8.17449 -1.24682 0.351002
v 8.16698 -1.24809 0.351002
v 8.15943 -1.24925 0.351002
v 8.15185 -1.25029 0.351002
v 8.14423 -1.25121 0.351002
v 8.13657 -1.25202 0.351002
v 8.12888 -1.2527 0.351002
v 8.12116 -1.25326 0.351002
v 8.1134 -1.25369 0.351002
v 8.10561 -1.25401 0.351002
v 8.09778 -1.2542 0.351002
v 8.08993 -1.25426 0.351002
v 8.08208 -1.2542 0.351002
v 8.07426 -1.25401 0.351002
v 8.06647 -1.25369 0.351002
v 8.05871 -1.25326 0.351002
v 8.05098 -1.2527 0.351002
v 8.04329 -1.25202 0.351002
v 8.03563 -1.25121 0.351002
v 8.02801 -1.25029 0.351002
v 8.02043 -1.24925 0.351002
v 8.01288 -1.24809 0.351002
v 8.00538 -1.24682 0.351002
v 7.99791 -1.24542 0.351002
v 7.99048 -1.24392 0.351002
v 7.9831 -1.2423 0.351002
v 7.97576 -1.24056 0.351002
v 7.96846 -1.23872 0.351002
v 7.96121 -1.23676 0.351002
v 7.954 -1.2347 0.351002
v 7.94684 -1.23252 0.351002
v 7.93972 -1.23023 0.351002
v 7.93266 -1.22784 0.351002
v 7.92564 -1.22534 0.351002
v 7.91868 -1.22274 0.351002
v 7.91176 -1.22003 0.351002
v 7.9049 -1.21722 0.351002
v 7.89809 -1.21431 0.351002
v 7.89134 -1.21129 0.351002
v 7.88464 -1.20818 0.351002
v 7.878 -1.20496 0.351002
v 7.87141 -1.20165 0.351002
v 7.86489 -1.19824 0.351002
v 7.85842 -1.19473 0.351002
v 7.85201 -1.19113 0.351002
v 7.84566 -1.18743 0.351002
v 7.83938 -1.18364 0.351002
v 7.83316 -1.17975 0.351002
v 7.827 -1.17577 0.351002
v 7.82091 -1.17171 0.351002
v 7.81488 -1.16755 0.351002
v 7.80892 -1.1633 0.351002
v 7.80303 -1.15897 0.351002
v 7.7972 -1.15454 0.351002
v 7.79145 -1.15004 0.351002
v 7.78577 -1.14544 0.351002
v 7.78015 -1.14077 0.351002
v 7.77461 -1.13601 0.351002
v 7.76915 -1.13116 0.351002
v 7.76376 -1.12624 0.351002
v 7.75844 -1.12124 0.351002
v 7.7532 -1.11615 0.351002
v 7.74804 -1.11099 0.351002
v 7.74296 -1.10575 0.351002
v 7.73795 -1.10043 0.351002
v 7.73303 -1.09504 0.351002
v 7.72819 -1.08958 0.351002
v 7.72343 -1.08404 0.351002
v 7.71875 -1.07843 0.351002
v 7.71416 -1.07274 0.351002
v 7.70965 -1.06699 0.351002
v 7.70523 -1.06116 0.351002
v 7.70089 -1.05527 0.351002
v 7.69664 -1.04931 0.351002
v 7.69249 -1.04328 0.351002
v 7.68842 -1.03719 0.351002
v 7.68444 -1.03103 0.351002
v 7.68056 -1.02481 0.351002
v 7.67676 -1.01853 0.351002
v 7.67306 -1.01218 0.351002
v 7.66946 -1.00577 0.351002
v 7.66595 -0.999304 0.351002
v 7.66254 -0.992777 0.351002
v 7.65923 -0.986192 0.351002
v 7.65601 -0.979549 0.351002
v 7.6529 -0.972851 0.351002
v 7.64988 -0.966097 0.351002
v 7.64697 -0.959289 0.351002
v 7.64416 -0.952427 0.351002
v 7.64145 -0.945513 0.351002
v 7.63885 -0.938548 0.351002
v 7.63635 -0.931532 0.351002
v 7.63396 -0.924467 0.351002
v 7.63167 -0.917354 0.351002
v 7.6295 -0.910192 0.351002
v 7.62743 -0.902985 0.351002
v 7.62547 -0.895731 0.351002
v 7.62363 -0.888433 0.351002
v 7.62189 -0.881092 0.351002
v 7.62027 -0.873707 0.351002
v 7.61877 -0.866281 0.351002
v 7.61738 -0.858814 0.351002
v 7.6161 -0.851307 0.351002
v 7.61494 -0.843761 0.351002
v 7.6139 -0.836178 0.351002
v 7.61298 -0.828557 0.351002
v 7.61218 -0.8209 0.351002
v 7.61149 -0.813209 0.351002
v 7.61094 -0.805483 0.351002
v 7.6105 -0.797724 0.351002
v 7.61018 -0.789933 0.351002
v 7.61 -0.782111 0.351002
v 7.60993 -0.774259 0.351002
v 5.06053 -0.029978 0.349
v 5.05969 -0.022646 0.349
v 5.05728 -0.0159128 0.349
v 5.0535 -0.0099712 0.349
v 5.04854 -0.00501414 0.349
v 5.0426 -0.00123455 0.349
v 5.03586 0.00117467 0.349
v 5.02853 0.00202061 0.349
v 5.0212 0.00117467 0.349
v 5.01447 -0.00123455 0.349
v 5.00853 -0.00501415 0.349
v 5.00357 -0.0099712 0.349
v 4.99979 -0.0159128 0.349
v 4.99738 -0.022646 0.349
v 4.99653 -0.029978 0.349
v 4.99738 -0.03731 0.349
v 4.99979 -0.0440432 0.349
v 5.00357 -0.0499848 0.349
v 5.00853 -0.0549419 0.349
v 5.01447 -0.0587214 0.349
v 5.0212 -0.0611307 0.349
v 5.02853 -0.0619766 0.349
v 5.03586 -0.0611307 0.349
v 5.0426 -0.0587214 0.349
v 5.04854 -0.0549419 0.349
v 5.0535 -0.0499848 0.349
v 5.05728 -0.0440432 0.349
v 5.05969 -0.03731 0.349
v 5.06053 -0.029978 1.049
v 5.05969 -0.022646 1.049
v 5.05728 -0.0159128 1.049
v 5.0535 -0.0099712 1.049
v 5.04854 -0.00501414 1.049
v 5.0426 -0.00123455 1.049
v 5.03586 0.00117467 1.049
v 5.02853 0.00202061 1.049
v 5.0212 0.00117467 1.049
v 5.01447 -0.00123455 1.049
v 5.00853 -0.00501415 1.049
v 5.00357 -0.0099712 1.049
v 4.99979 -0.0159128 1.049
v 4.99738 -0.022646 1.049
v 4.99653 -0.029978 1.049
v 4.99738 -0.03731 1.049
v 4.99979 -0.0440432 1.049
v 5.00357 -0.0499848 1.049
v 5.00853 -0.0549419 1.049
v 5.01447 -0.0587214 1.049
v 5.0212 -0.0611307 1.049
v 5.02853 -0.0619766 1.049
v 5.03586 -0.0611307 1.049
v 5.0426 -0.0587214 1.049
v 5.04854 -0.0549419 1.049
v 5.0535 -0.0499848 1.049
v 5.05728 -0.0440432 1.049
v 5.05969 -0.03731 1.049
v 1.88784 3.70468 3.10228
v 1.88759 3.70468 3.10227
v 1.8873 3.70468 3.10225
v 1.88701 3.70468 3.10225
v 1.88672 3.70468 3.10227
v 1.88646 3.70468 3.10232
v 1.88625 3.70468 3.10242
v 1.88602 3.70467 3.10264
v 1.8859 3.70467 3.10292
v 1.88584 3.70466 3.10326
v 1.88583 3.70465 3.10364
v 1.88582 3.70465 3.10404
v 1.8858 3.70464 3.10445
v 1.88574 3.70463 3.10485
v 1.88559 3.70462 3.10559
v 1.88544 3.7046 3.10657
v 1.88528 3.70458 3.10769
v 1.88511 3.70456 3.10883
v 1.88492 3.70454 3.1099
v 1.8847 3.70452 3.11078
v 1.88446 3.70451 3.11137
v 1.88446 3.70451 3.1115
v 1.88447 3.7045 3.11161
v 1.88448 3.7045 3.11171
v 1.88449 3.7045 3.1118
v 1.88451 3.7045 3.11187
v 1.88454 3.7045 3.11194
v 1.88458 3.7045 3.11201
v 1.88481 3.7045 3.11206
v 1.8851 3.7045 3.11201
v 1.88543 3.7045 3.11189
v 1.88578 3.7045 3.11173
v 1.88611 3.70451 3.11155
v 1.8864 3.70451 3.11138
v 1.88663 3.70451 3.11125
v 1.88804 3.70468 3.10229
v 1.88784 3.7055 3.1023
v 1.88759 3.7055 3.10228
v 1.8873 3.7055 3.10227
v 1.88701 3.7055 3.10227
v 1.88672 3.7055 3.10229
v 1.88646 3.7055 3.10234
v 1.88625 3.7055 3.10243
v 1.88602 3.7055 3.10265
v 1.8859 3.70549 3.10294
v 1.88584 3.70548 3.10328
v 1.88583 3.70548 3.10366
v 1.88582 3.70547 3.10406
v 1.8858 3.70546 3.10446
v 1.88574 3.70545 3.10486
v 1.88559 3.70544 3.1056
v 1.88544 3.70542 3.10659
v 1.88528 3.7054 3.1077
v 1.88511 3.70538 3.10884
v 1.88492 3.70536 3.10991
v 1.8847 3.70534 3.11079
v 1.88446 3.70533 3.11139
v 1.88446 3.70533 3.11152
v 1.88447 3.70533 3.11163
v 1.88448 3.70533 3.11173
v 1.88449 3.70532 3.11181
v 1.88451 3.70532 3.11189
v 1.88454 3.70532 3.11196
v 1.88458 3.70532 3.11203
v 1.88481 3.70532 3.11208
v 1.8851 3.70532 3.11203
v 1.88543 3.70532 3.11191
v 1.88578 3.70533 3.11175
v 1.88611 3.70533 3.11157
v 1.8864 3.70533 3.1114
v 1.88663 3.70533 3.11126
v 1.88804 3.7055 3.1023
v 1.92045 3.70452 3.11064
v 1.92018 3.70455 3.10927
v 1.91989 3.70457 3.10791
v 1.91961 3.7046 3.10656
v 1.91937 3.70462 3.10522
v 1.9192 3.70465 3.10388
v 1.91914 3.70467 3.10254
v 1.91901 3.70467 3.10254
v 1.91901 3.70468 3.10242
v 1.91722 3.70468 3.10242
v 1.91722 3.70466 3.10317
v 1.91729 3.70465 3.10399
v 1.91741 3.70463 3.10484
v 1.91756 3.70461 3.10572
v 1.91774 3.7046 3.10658
v 1.91793 3.70458 3.10741
v 1.91811 3.70457 3.10818
v 1.91819 3.70456 3.10861
v 1.91824 3.70455 3.10906
v 1.91826 3.70454 3.1095
v 1.9183 3.70454 3.10995
v 1.91835 3.70453 3.11037
v 1.91846 3.70452 3.11076
v 1.91862 3.70451 3.11112
v 1.91878 3.70451 3.11133
v 1.91902 3.70451 3.11151
v 1.91932 3.7045 3.11167
v 1.91967 3.7045 3.1118
v 1.92002 3.7045 3.1119
v 1.92036 3.7045 3.11197
v 1.92067 3.7045 3.11201
v 1.92045 3.70535 3.11065
v 1.92018 3.70537 3.10929
v 1.91989 3.7054 3.10793
v 1.91961 3.70542 3.10658
v 1.91937 3.70545 3.10523
v 1.9192 3.70547 3.10389
v 1.91914 3.7055 3.10256
v 1.91901 3.7055 3.10256
v 1.91901 3.7055 3.10243
v 1.91722 3.7055 3.10243
v 1.91722 3.70549 3.10319
v 1.91729 3.70547 3.104
v 1.91741 3.70545 3.10486
v 1.91756 3.70544 3.10573
v 1.91774 3.70542 3.10659
v 1.91793 3.70541 3.10742
v 1.91811 3.70539 3.10819
v 1.91819 3.70538 3.10862
v 1.91824 3.70538 3.10907
v 1.91826 3.70537 3.10952
v 1.9183 3.70536 3.10996
v 1.91835 3.70535 3.11038
v 1.91846 3.70534 3.11078
v 1.91862 3.70534 3.11113
v 1.91878 3.70533 3.11134
v 1.91902 3.70533 3.11152
v 1.91932 3.70533 3.11168
v 1.91967 3.70532 3.11181
v 1.92002 3.70532 3.11192
v 1.92036 3.70532 3.11199
v 1.92067 3.70532 3.11203
v 1.90407 3.7046 3.10631
v 1.90499 3.7046 3.10657
v 1.90591 3.70459 3.10689
v 1.90681 3.70459 3.10725
v 1.9077 3.70458 3.10761
v 1.90857 3.70457 3.10797
v 1.90941 3.70457 3.1083
v 1.9101 3.70456 3.10854
v 1.91082 3.70456 3.10876
v 1.91154 3.70455 3.10896
v 1.91224 3.70455 3.10917
v 1.9129 3.70455 3.10938
v 1.9135 3.70454 3.1096
v 1.91402 3.70454 3.10984
v 1.91433 3.70453 3.10996
v 1.91469 3.70453 3.11005
v 1.91509 3.70453 3.11013
v 1.9155 3.70453 3.11021
v 1.9159 3.70453 3.11032
v 1.91627 3.70453 3.11049
v 1.91658 3.70452 3.11073
v 1.91734 3.70452 3.11073
v 1.91594 3.70468 3.10229
v 1.9089 3.70468 3.10229
v 1.90852 3.70468 3.10228
v 1.90809 3.70468 3.10225
v 1.90763 3.70468 3.10223
v 1.90717 3.70468 3.10222
v 1.90674 3.70468 3.10224
v 1.90637 3.70468 3.1023
v 1.90608 3.70468 3.10242
v 1.90558 3.70467 3.10274
v 1.90515 3.70466 3.10317
v 1.90475 3.70465 3.10367
v 1.90437 3.70464 3.10421
v 1.904 3.70463 3.10474
v 1.90359 3.70462 3.10522
v 1.90314 3.70462 3.10562
v 1.90314 3.70461 3.10613
v 1.90407 3.70543 3.10633
v 1.90499 3.70542 3.10659
v 1.90591 3.70542 3.10691
v 1.90681 3.70541 3.10726
v 1.9077 3.7054 3.10763
v 1.90857 3.7054 3.10799
v 1.90941 3.70539 3.10832
v 1.9101 3.70539 3.10855
v 1.91082 3.70538 3.10877
v 1.91154 3.70538 3.10898
v 1.91224 3.70537 3.10918
v 1.9129 3.70537 3.10939
v 1.9135 3.70537 3.10961
v 1.91402 3.70536 3.10985
v 1.91433 3.70536 3.10998
v 1.91469 3.70536 3.11007
v 1.91509 3.70536 3.11014
v 1.9155 3.70535 3.11023
v 1.9159 3.70535 3.11034
v 1.91627 3.70535 3.11051
v 1.91658 3.70534 3.11075
v 1.91734 3.70534 3.11075
v 1.91594 3.7055 3.1023
v 1.9089 3.7055 3.1023
v 1.90852 3.7055 3.10229
v 1.90809 3.7055 3.10227
v 1.90763 3.7055 3.10225
v 1.90717 3.7055 3.10224
v 1.90674 3.7055 3.10226
v 1.90637 3.7055 3.10232
v 1.90608 3.7055 3.10243
v 1.90558 3.70549 3.10275
v 1.90515 3.70549 3.10319
v 1.90475 3.70548 3.10369
v 1.90437 3.70547 3.10422
v 1.904 3.70546 3.10475
v 1.90359 3.70545 3.10523
v 1.90314 3.70544 3.10563
v 1.90314 3.70543 3.10614
v 1.90193 3.70461 3.10572
v 1.90153 3.70463 3.10514
v 1.901 3.70464 3.10445
v 1.9004 3.70465 3.10376
v 1.8998 3.70466 3.10313
v 1.89928 3.70467 3.10265
v 1.89892 3.70468 3.10242
v 1.89892 3.70468 3.10229
v 1.88919 3.70468 3.10229
v 1.88919 3.70468 3.10238
v 1.88918 3.70467 3.1026
v 1.88915 3.70467 3.10291
v 1.8891 3.70466 3.10327
v 1.88905 3.70465 3.10363
v 1.88899 3.70465 3.10396
v 1.88893 3.70464 3.10421
v 1.88877 3.70463 3.10483
v 1.88863 3.70462 3.10549
v 1.88851 3.70461 3.10617
v 1.8884 3.70459 3.10686
v 1.88829 3.70458 3.10754
v 1.88818 3.70457 3.1082
v 1.88804 3.70456 3.10882
v 1.888 3.70455 3.10905
v 1.88799 3.70455 3.10929
v 1.888 3.70454 3.10952
v 1.88801 3.70454 3.10976
v 1.88801 3.70453 3.10998
v 1.88798 3.70453 3.11018
v 1.88791 3.70453 3.11035
v 1.88791 3.70452 3.11061
v 1.88855 3.70452 3.11054
v 1.88927 3.70453 3.11039
v 1.89003 3.70453 3.11017
v 1.89079 3.70454 3.1099
v 1.89151 3.70454 3.10962
v 1.89214 3.70455 3.10933
v 1.89265 3.70455 3.10907
v 1.89285 3.70455 3.10898
v 1.89313 3.70456 3.10887
v 1.89348 3.70456 3.10874
v 1.89385 3.70456 3.10862
v 1.89421 3.70456 3.1085
v 1.89455 3.70456 3.10839
v 1.89482 3.70457 3.1083
v 1.89559 3.70457 3.1083
v 1.89646 3.70457 3.10794
v 1.89737 3.70458 3.10755
v 1.89831 3.70459 3.10717
v 1.89927 3.70459 3.10681
v 1.90024 3.7046 3.1065
v 1.90119 3.7046 3.10627
v 1.90212 3.70461 3.10613
v 1.90193 3.70544 3.10574
v 1.90153 3.70545 3.10515
v 1.901 3.70546 3.10447
v 1.9004 3.70548 3.10377
v 1.8998 3.70549 3.10314
v 1.89928 3.7055 3.10267
v 1.89892 3.7055 3.10243
v 1.89892 3.7055 3.1023
v 1.88919 3.7055 3.1023
v 1.88919 3.7055 3.10239
v 1.88918 3.7055 3.10261
v 1.88915 3.70549 3.10292
v 1.8891 3.70548 3.10328
v 1.88905 3.70548 3.10365
v 1.88899 3.70547 3.10398
v 1.88893 3.70547 3.10422
v 1.88877 3.70546 3.10484
v 1.88863 3.70544 3.1055
v 1.88851 3.70543 3.10618
v 1.8884 3.70542 3.10687
v 1.88829 3.7054 3.10755
v 1.88818 3.70539 3.10821
v 1.88804 3.70538 3.10883
v 1.888 3.70538 3.10906
v 1.88799 3.70537 3.1093
v 1.888 3.70537 3.10954
v 1.88801 3.70536 3.10977
v 1.88801 3.70536 3.10999
v 1.88798 3.70535 3.11019
v 1.88791 3.70535 3.11037
v 1.88791 3.70535 3.11062
v 1.88855 3.70535 3.11056
v 1.88927 3.70535 3.1104
v 1.89003 3.70536 3.11018
v 1.89079 3.70536 3.10992
v 1.89151 3.70537 3.10963
v 1.89214 3.70537 3.10935
v 1.89265 3.70538 3.10909
v 1.89285 3.70538 3.10899
v 1.89313 3.70538 3.10888
v 1.89348 3.70538 3.10876
v 1.89385 3.70538 3.10864
v 1.89421 3.70539 3.10852
v 1.89455 3.70539 3.10841
v 1.89482 3.70539 3.10832
v 1.89559 3.70539 3.10832
v 1.89646 3.7054 3.10795
v 1.89737 3.7054 3.10757
v 1.89831 3.70541 3.10718
v 1.89927 3.70542 3.10683
v 1.90024 3.70542 3.10652
v 1.90119 3.70543 3.10628
v 1.90212 3.70543 3.10614
v 1.92064 3.70473 3.09961
v 1.92089 3.70473 3.09962
v 1.92114 3.70473 3.09962
v 1.92138 3.70473 3.09961
v 1.9216 3.70473 3.09959
v 1.9218 3.70473 3.09954
v 1.92195 3.70473 3.09947
v 1.92226 3.70474 3.09925
v 1.92252 3.70474 3.09895
v 1.92274 3.70475 3.09859
v 1.92295 3.70476 3.09821
v 1.92316 3.70476 3.09782
v 1.92338 3.70477 3.09747
v 1.92361 3.70477 3.09717
v 1.92361 3.70478 3.09704
v 1.92374 3.70478 3.09704
v 1.92395 3.70477 3.09741
v 1.92419 3.70476 3.09776
v 1.92444 3.70476 3.09812
v 1.92469 3.70475 3.09847
v 1.92492 3.70474 3.09883
v 1.92512 3.70474 3.09921
v 1.92528 3.70473 3.0996
v 1.92553 3.70473 3.0996
v 1.92579 3.70473 3.0996
v 1.92605 3.70473 3.0996
v 1.9263 3.70473 3.09958
v 1.92654 3.70473 3.09956
v 1.92675 3.70473 3.09952
v 1.92694 3.70473 3.09947
v 1.92694 3.70481 3.09551
v 1.92579 3.70481 3.09551
v 1.92579 3.70475 3.0987
v 1.92566 3.70475 3.0987
v 1.92425 3.70479 3.09615
v 1.92361 3.70479 3.09622
v 1.92309 3.70479 3.09646
v 1.92268 3.70478 3.09682
v 1.92234 3.70477 3.09726
v 1.92205 3.70476 3.09774
v 1.9218 3.70475 3.09824
v 1.92157 3.70475 3.0987
v 1.92144 3.70475 3.0987
v 1.92144 3.70481 3.09551
v 1.92042 3.70481 3.09551
v 1.92042 3.70473 3.0996
v 1.92064 3.70555 3.09962
v 1.92089 3.70555 3.09963
v 1.92114 3.70555 3.09963
v 1.92138 3.70555 3.09963
v 1.9216 3.70555 3.0996
v 1.9218 3.70555 3.09956
v 1.92195 3.70556 3.09949
v 1.92226 3.70556 3.09927
v 1.92252 3.70557 3.09897
v 1.92274 3.70557 3.09861
v 1.92295 3.70558 3.09822
v 1.92316 3.70559 3.09784
v 1.92338 3.70559 3.09748
v 1.92361 3.7056 3.09718
v 1.92361 3.7056 3.09706
v 1.92374 3.7056 3.09706
v 1.92395 3.70559 3.09742
v 1.92419 3.70559 3.09778
v 1.92444 3.70558 3.09813
v 1.92469 3.70557 3.09849
v 1.92492 3.70557 3.09885
v 1.92512 3.70556 3.09922
v 1.92528 3.70555 3.09962
v 1.92553 3.70555 3.09962
v 1.92579 3.70555 3.09962
v 1.92605 3.70555 3.09961
v 1.9263 3.70555 3.0996
v 1.92654 3.70555 3.09958
v 1.92675 3.70555 3.09954
v 1.92694 3.70556 3.09949
v 1.92694 3.70563 3.09552
v 1.92579 3.70563 3.09552
v 1.92579 3.70557 3.09872
v 1.92566 3.70557 3.09872
v 1.92425 3.70562 3.09616
v 1.92361 3.70562 3.09624
v 1.92309 3.70561 3.09648
v 1.92268 3.70561 3.09683
v 1.92234 3.7056 3.09727
v 1.92205 3.70559 3.09776
v 1.9218 3.70558 3.09825
v 1.92157 3.70557 3.09872
v 1.92144 3.70557 3.09872
v 1.92144 3.70563 3.09552
v 1.92042 3.70563 3.09552
v 1.92042 3.70555 3.09962
v 1.91352 3.70474 3.09914
v 1.91356 3.70475 3.0986
v 1.91359 3.70476 3.098
v 1.91361 3.70477 3.09741
v 1.91359 3.70478 3.09685
v 1.91352 3.70479 3.09637
v 1.91338 3.7048 3.09602
v 1.91325 3.7048 3.09563
v 1.91263 3.70481 3.09554
v 1.91197 3.70481 3.09549
v 1.91126 3.70481 3.09547
v 1.91053 3.70481 3.09547
v 1.9098 3.70481 3.09548
v 1.90908 3.70481 3.09549
v 1.90839 3.70481 3.09551
v 1.90839 3.70479 3.09627
v 1.90887 3.70479 3.09625
v 1.90946 3.70479 3.09621
v 1.91009 3.70479 3.09618
v 1.91073 3.70479 3.09616
v 1.91133 3.70479 3.09618
v 1.91185 3.70479 3.09625
v 1.91222 3.70479 3.0964
v 1.91248 3.70479 3.0964
v 1.91248 3.70474 3.09883
v 1.90839 3.70474 3.09883
v 1.90839 3.70473 3.0996
v 1.9135 3.70473 3.0996
v 1.91352 3.70556 3.09916
v 1.91356 3.70557 3.09861
v 1.91359 3.70558 3.09802
v 1.91361 3.70559 3.09742
v 1.91359 3.7056 3.09686
v 1.91352 3.70561 3.09639
v 1.91338 3.70562 3.09603
v 1.91325 3.70563 3.09565
v 1.91263 3.70563 3.09556
v 1.91197 3.70563 3.0955
v 1.91126 3.70563 3.09548
v 1.91053 3.70563 3.09548
v 1.9098 3.70563 3.09549
v 1.90908 3.70563 3.09551
v 1.90839 3.70563 3.09552
v 1.90839 3.70562 3.09629
v 1.90887 3.70562 3.09627
v 1.90946 3.70562 3.09623
v 1.91009 3.70562 3.09619
v 1.91073 3.70562 3.09617
v 1.91133 3.70562 3.09619
v 1.91185 3.70562 3.09627
v 1.91222 3.70561 3.09642
v 1.91248 3.70561 3.09642
v 1.91248 3.70557 3.09885
v 1.90839 3.70557 3.09885
v 1.90839 3.70555 3.09962
v 1.9135 3.70555 3.09962
v 1.90762 3.70481 3.09551
v 1.90659 3.70481 3.09551
v 1.90659 3.70478 3.09704
v 1.90647 3.70478 3.09704
v 1.90647 3.70477 3.09717
v 1.90598 3.70477 3.09718
v 1.90546 3.70477 3.0972
v 1.90492 3.70477 3.09721
v 1.90439 3.70477 3.09722
v 1.90388 3.70477 3.09719
v 1.90342 3.70478 3.09714
v 1.90301 3.70478 3.09704
v 1.90301 3.70481 3.09551
v 1.90199 3.70481 3.09551
v 1.90199 3.70473 3.0996
v 1.90301 3.70473 3.0996
v 1.90301 3.70473 3.09934
v 1.90301 3.70474 3.09908
v 1.90301 3.70474 3.09883
v 1.90303 3.70475 3.09858
v 1.90305 3.70475 3.09834
v 1.90309 3.70476 3.09812
v 1.90314 3.70476 3.09794
v 1.90362 3.70476 3.09793
v 1.90415 3.70476 3.09791
v 1.90468 3.70476 3.09789
v 1.90521 3.70476 3.09789
v 1.90572 3.70476 3.09791
v 1.90619 3.70476 3.09797
v 1.90659 3.70476 3.09807
v 1.90659 3.70473 3.0996
v 1.90762 3.70473 3.0996
v 1.90762 3.70563 3.09552
v 1.90659 3.70563 3.09552
v 1.90659 3.7056 3.09706
v 1.90647 3.7056 3.09706
v 1.90647 3.7056 3.09718
v 1.90598 3.7056 3.0972
v 1.90546 3.7056 3.09721
v 1.90492 3.7056 3.09723
v 1.90439 3.7056 3.09723
v 1.90388 3.7056 3.09721
v 1.90342 3.7056 3.09716
v 1.90301 3.7056 3.09706
v 1.90301 3.70563 3.09552
v 1.90199 3.70563 3.09552
v 1.90199 3.70555 3.09962
v 1.90301 3.70555 3.09962
v 1.90301 3.70556 3.09936
v 1.90301 3.70556 3.0991
v 1.90301 3.70557 3.09884
v 1.90303 3.70557 3.09859
v 1.90305 3.70558 3.09835
v 1.90309 3.70558 3.09814
v 1.90314 3.70558 3.09795
v 1.90362 3.70558 3.09794
v 1.90415 3.70558 3.09792
v 1.90468 3.70559 3.09791
v 1.90521 3.70559 3.09791
v 1.90572 3.70558 3.09793
v 1.90619 3.70558 3.09798
v 1.90659 3.70558 3.09808
v 1.90659 3.70555 3.09962
v 1.90762 3.70555 3.09962
v 1.89312 3.70473 3.09955
v 1.89372 3.70473 3.09937
v 1.89413 3.70474 3.09907
v 1.89442 3.70475 3.09869
v 1.89467 3.70475 3.09825
v 1.89495 3.70476 3.09778
v 1.89533 3.70477 3.0973
v 1.89536 3.70477 3.09722
v 1.89538 3.70477 3.09717
v 1.89539 3.70478 3.09714
v 1.89539 3.70478 3.09713
v 1.89541 3.70478 3.09711
v 1.89543 3.70478 3.09708
v 1.89546 3.70478 3.09704
v 1.897 3.70473 3.0996
v 1.89727 3.70473 3.0996
v 1.89755 3.70473 3.09961
v 1.89783 3.70473 3.0996
v 1.8981 3.70473 3.09959
v 1.89835 3.70473 3.09956
v 1.89859 3.70473 3.09953
v 1.89879 3.70473 3.09947
v 1.8988 3.70474 3.0989
v 1.89883 3.70475 3.09829
v 1.89885 3.70477 3.09766
v 1.89886 3.70478 3.09702
v 1.89884 3.70479 3.09642
v 1.89878 3.7048 3.09586
v 1.89866 3.70481 3.09538
v 1.89764 3.70481 3.09538
v 1.89764 3.70475 3.09858
v 1.89738 3.70475 3.09858
v 1.89724 3.70476 3.09819
v 1.89706 3.70476 3.09782
v 1.89686 3.70477 3.09747
v 1.89663 3.70478 3.09714
v 1.8964 3.70478 3.09681
v 1.89618 3.70479 3.09648
v 1.89597 3.70479 3.09615
v 1.8954 3.70479 3.09621
v 1.8949 3.70479 3.09641
v 1.89447 3.70478 3.09674
v 1.89414 3.70478 3.09716
v 1.89389 3.70477 3.09764
v 1.89373 3.70476 3.09817
v 1.89367 3.70475 3.0987
v 1.89359 3.70475 3.09873
v 1.89354 3.70475 3.09875
v 1.89352 3.70475 3.09876
v 1.8935 3.70474 3.09877
v 1.89348 3.70474 3.09878
v 1.89346 3.70474 3.0988
v 1.89341 3.70474 3.09883
v 1.89329 3.70474 3.09883
v 1.8933 3.70475 3.09835
v 1.89332 3.70476 3.09783
v 1.89333 3.70477 3.09729
v 1.89333 3.70478 3.09676
v 1.89331 3.70479 3.09625
v 1.89326 3.7048 3.09578
v 1.89316 3.70481 3.09538
v 1.89298 3.70481 3.09538
v 1.89281 3.70481 3.09539
v 1.89266 3.70481 3.0954
v 1.89251 3.70481 3.09542
v 1.89238 3.70481 3.09544
v 1.89225 3.70481 3.09547
v 1.89213 3.70481 3.09551
v 1.89213 3.70479 3.0961
v 1.89214 3.70478 3.09671
v 1.89214 3.70477 3.09732
v 1.89215 3.70476 3.09793
v 1.89218 3.70475 3.09851
v 1.89221 3.70474 3.09908
v 1.89226 3.70473 3.0996
v 1.89312 3.70555 3.09957
v 1.89372 3.70556 3.09938
v 1.89413 3.70556 3.09909
v 1.89442 3.70557 3.09871
v 1.89467 3.70558 3.09827
v 1.89495 3.70559 3.09779
v 1.89533 3.7056 3.09731
v 1.89536 3.7056 3.09724
v 1.89538 3.7056 3.09719
v 1.89539 3.7056 3.09716
v 1.89539 3.7056 3.09714
v 1.89541 3.7056 3.09713
v 1.89543 3.7056 3.0971
v 1.89546 3.7056 3.09706
v 1.897 3.70555 3.09962
v 1.89727 3.70555 3.09962
v 1.89755 3.70555 3.09962
v 1.89783 3.70555 3.09962
v 1.8981 3.70555 3.0996
v 1.89835 3.70555 3.09958
v 1.89859 3.70555 3.09954
v 1.89879 3.70556 3.09949
v 1.8988 3.70557 3.09892
v 1.89883 3.70558 3.09831
v 1.89885 3.70559 3.09767
v 1.89886 3.7056 3.09704
v 1.89884 3.70561 3.09643
v 1.89878 3.70562 3.09588
v 1.89866 3.70563 3.09539
v 1.89764 3.70563 3.09539
v 1.89764 3.70557 3.09859
v 1.89738 3.70557 3.09859
v 1.89724 3.70558 3.0982
v 1.89706 3.70559 3.09784
v 1.89686 3.70559 3.09749
v 1.89663 3.7056 3.09715
v 1.8964 3.70561 3.09682
v 1.89618 3.70561 3.09649
v 1.89597 3.70562 3.09616
v 1.8954 3.70562 3.09622
v 1.8949 3.70561 3.09643
v 1.89447 3.70561 3.09676
v 1.89414 3.7056 3.09717
v 1.89389 3.70559 3.09766
v 1.89373 3.70558 3.09818
v 1.89367 3.70557 3.09872
v 1.89359 3.70557 3.09875
v 1.89354 3.70557 3.09876
v 1.89352 3.70557 3.09877
v 1.8935 3.70557 3.09878
v 1.89348 3.70557 3.09879
v 1.89346 3.70557 3.09881
v 1.89341 3.70557 3.09885
v 1.89329 3.70557 3.09885
v 1.8933 3.70558 3.09836
v 1.89332 3.70559 3.09784
v 1.89333 3.7056 3.09731
v 1.89333 3.70561 3.09677
v 1.89331 3.70562 3.09626
v 1.89326 3.70562 3.0958
v 1.89316 3.70563 3.09539
v 1.89298 3.70563 3.0954
v 1.89281 3.70563 3.0954
v 1.89266 3.70563 3.09541
v 1.89251 3.70563 3.09543
v 1.89238 3.70563 3.09546
v 1.89225 3.70563 3.09549
v 1.89213 3.70563 3.09552
v 1.89213 3.70562 3.09612
v 1.89214 3.70561 3.09673
v 1.89214 3.7056 3.09734
v 1.89215 3.70558 3.09794
v 1.89218 3.70557 3.09853
v 1.89221 3.70556 3.09909
v 1.89226 3.70555 3.09962
v 1.89124 3.70481 3.09551
v 1.89034 3.70481 3.09551
v 1.89036 3.7048 3.09592
v 1.89039 3.70479 3.09641
v 1.89042 3.70478 3.09694
v 1.89043 3.70477 3.09747
v 1.89041 3.70476 3.09797
v 1.89034 3.70475 3.09839
v 1.89021 3.70475 3.0987
v 1.89022 3.70474 3.09887
v 1.89023 3.70474 3.09901
v 1.89024 3.70474 3.09915
v 1.89026 3.70474 3.09927
v 1.89028 3.70473 3.09939
v 1.89031 3.70473 3.0995
v 1.89034 3.70473 3.0996
v 1.89124 3.70473 3.0996
v 1.89124 3.70563 3.09552
v 1.89034 3.70563 3.09552
v 1.89036 3.70562 3.09593
v 1.89039 3.70561 3.09642
v 1.89042 3.7056 3.09695
v 1.89043 3.70559 3.09748
v 1.89041 3.70558 3.09798
v 1.89034 3.70558 3.0984
v 1.89021 3.70557 3.09872
v 1.89022 3.70557 3.09888
v 1.89023 3.70556 3.09903
v 1.89024 3.70556 3.09916
v 1.89026 3.70556 3.09929
v 1.89028 3.70556 3.0994
v 1.89031 3.70556 3.09951
v 1.89034 3.70555 3.09962
v 1.89124 3.70555 3.09962
v 1.88945 3.70481 3.09538
v 1.88927 3.70481 3.09538
v 1.8891 3.70481 3.09539
v 1.88895 3.70481 3.0954
v 1.8888 3.70481 3.09542
v 1.88867 3.70481 3.09544
v 1.88854 3.70481 3.09547
v 1.88842 3.70481 3.09551
v 1.88842 3.70474 3.09883
v 1.88811 3.70475 3.09859
v 1.88776 3.70476 3.09816
v 1.88738 3.70477 3.09761
v 1.887 3.70478 3.09701
v 1.88664 3.70479 3.09642
v 1.88634 3.7048 3.09589
v 1.88612 3.70481 3.09551
v 1.88589 3.70481 3.0955
v 1.88565 3.70481 3.09549
v 1.8854 3.70481 3.09549
v 1.88516 3.70481 3.0955
v 1.88493 3.70481 3.09552
v 1.88474 3.7048 3.09556
v 1.88458 3.7048 3.09563
v 1.88433 3.7048 3.09563
v 1.88433 3.70473 3.09947
v 1.88535 3.70473 3.09947
v 1.88535 3.70479 3.09615
v 1.88562 3.70479 3.09637
v 1.88598 3.70478 3.0968
v 1.88637 3.70477 3.09735
v 1.88676 3.70476 3.09797
v 1.88712 3.70475 3.09857
v 1.88738 3.70474 3.0991
v 1.88753 3.70473 3.09947
v 1.88776 3.70473 3.09951
v 1.88801 3.70473 3.09955
v 1.88828 3.70473 3.09957
v 1.88856 3.70473 3.09959
v 1.88885 3.70473 3.0996
v 1.88915 3.70473 3.0996
v 1.88945 3.70473 3.0996
v 1.88945 3.70563 3.09539
v 1.88927 3.70563 3.0954
v 1.8891 3.70563 3.0954
v 1.88895 3.70563 3.09541
v 1.8888 3.70563 3.09543
v 1.88867 3.70563 3.09546
v 1.88854 3.70563 3.09549
v 1.88842 3.70563 3.09552
v 1.88842 3.70557 3.09885
v 1.88811 3.70557 3.0986
v 1.88776 3.70558 3.09818
v 1.88738 3.70559 3.09763
v 1.887 3.7056 3.09703
v 1.88664 3.70561 3.09643
v 1.88634 3.70562 3.09591
v 1.88612 3.70563 3.09552
v 1.88589 3.70563 3.09551
v 1.88565 3.70563 3.09551
v 1.8854 3.70563 3.0955
v 1.88516 3.70563 3.09551
v 1.88493 3.70563 3.09553
v 1.88474 3.70563 3.09558
v 1.88458 3.70563 3.09565
v 1.88433 3.70563 3.09565
v 1.88433 3.70556 3.09949
v 1.88535 3.70556 3.09949
v 1.88535 3.70562 3.09616
v 1.88562 3.70561 3.09639
v 1.88598 3.70561 3.09681
v 1.88637 3.7056 3.09737
v 1.88676 3.70558 3.09798
v 1.88712 3.70557 3.09859
v 1.88738 3.70556 3.09911
v 1.88753 3.70556 3.09949
v 1.88776 3.70555 3.09953
v 1.88801 3.70555 3.09956
v 1.88828 3.70555 3.09959
v 1.88856 3.70555 3.0996
v 1.88885 3.70555 3.09961
v 1.88915 3.70555 3.09962
v 1.88945 3.70555 3.09962
v 1.88343 3.70481 3.09551
v 1.88259 3.70481 3.0955
v 1.88179 3.70481 3.0955
v 1.88105 3.70481 3.09553
v 1.88034 3.7048 3.09558
v 1.87967 3.7048 3.09567
v 1.87904 3.7048 3.09581
v 1.87844 3.7048 3.09602
v 1.87836 3.70479 3.09635
v 1.87827 3.70478 3.09674
v 1.87821 3.70477 3.09716
v 1.87817 3.70477 3.09759
v 1.87818 3.70476 3.09801
v 1.87827 3.70475 3.09839
v 1.87844 3.70475 3.0987
v 1.87877 3.70474 3.09917
v 1.87932 3.70473 3.09946
v 1.88005 3.70473 3.09962
v 1.88088 3.70473 3.09968
v 1.88176 3.70473 3.09967
v 1.88263 3.70473 3.09964
v 1.88343 3.70473 3.0996
v 1.88343 3.70563 3.09552
v 1.88259 3.70563 3.09552
v 1.88179 3.70563 3.09552
v 1.88105 3.70563 3.09554
v 1.88034 3.70563 3.09559
v 1.87967 3.70563 3.09568
v 1.87904 3.70562 3.09583
v 1.87844 3.70562 3.09603
v 1.87836 3.70561 3.09636
v 1.87827 3.70561 3.09675
v 1.87821 3.7056 3.09718
v 1.87817 3.70559 3.09761
v 1.87818 3.70558 3.09803
v 1.87827 3.70558 3.09841
v 1.87844 3.70557 3.09872
v 1.87877 3.70556 3.09918
v 1.87932 3.70556 3.09948
v 1.88005 3.70555 3.09964
v 1.88088 3.70555 3.0997
v 1.88176 3.70555 3.09969
v 1.88263 3.70555 3.09965
v 1.88343 3.70555 3.09962
v 1.91966 3.70474 3.09897
v 1.91969 3.70475 3.09841
v 1.91971 3.70476 3.09781
v 1.9197 3.70477 3.09723
v 1.91966 3.70478 3.09669
v 1.91956 3.70479 3.09623
v 1.91939 3.7048 3.09589
v 1.91914 3.70481 3.09551
v 1.9144 3.70481 3.09551
v 1.9144 3.70479 3.09627
v 1.915 3.70479 3.09626
v 1.91566 3.70479 3.09623
v 1.91633 3.70479 3.09622
v 1.917 3.70479 3.09623
v 1.91762 3.70479 3.09627
v 1.91818 3.70479 3.09637
v 1.91862 3.70479 3.09653
v 1.91862 3.70475 3.0987
v 1.9144 3.70475 3.0987
v 1.9144 3.70473 3.09947
v 1.91965 3.70473 3.09947
v 1.91966 3.70556 3.09899
v 1.91969 3.70558 3.09842
v 1.91971 3.70559 3.09783
v 1.9197 3.7056 3.09725
v 1.91966 3.70561 3.0967
v 1.91956 3.70562 3.09625
v 1.91939 3.70562 3.0959
v 1.91914 3.70563 3.09552
v 1.9144 3.70563 3.09552
v 1.9144 3.70562 3.09629
v 1.915 3.70562 3.09627
v 1.91566 3.70562 3.09625
v 1.91633 3.70562 3.09623
v 1.917 3.70562 3.09624
v 1.91762 3.70562 3.09629
v 1.91818 3.70561 3.09638
v 1.91862 3.70561 3.09654
v 1.91862 3.70557 3.09872
v 1.9144 3.70557 3.09872
v 1.9144 3.70556 3.09949
v 1.91965 3.70556 3.09949
v 1.88254 3.70478 3.09664
v 1.88255 3.70478 3.09703
v 1.88256 3.70477 3.09743
v 1.88255 3.70476 3.09782
v 1.88253 3.70476 3.0982
v 1.88248 3.70475 3.09854
v 1.88241 3.70474 3.09883
v 1.87998 3.70474 3.09883
v 1.8798 3.70475 3.09866
v 1.87959 3.70475 3.09845
v 1.87939 3.70476 3.0982
v 1.87923 3.70476 3.09791
v 1.87914 3.70477 3.0976
v 1.87917 3.70477 3.09727
v 1.87934 3.70478 3.09691
v 1.87937 3.70478 3.0968
v 1.87941 3.70478 3.09672
v 1.87944 3.70478 3.09666
v 1.87947 3.70479 3.0966
v 1.8795 3.70479 3.09655
v 1.87954 3.70479 3.09649
v 1.87959 3.70479 3.0964
v 1.87995 3.70479 3.09634
v 1.88035 3.70479 3.0963
v 1.88077 3.70479 3.09628
v 1.88121 3.70479 3.09627
v 1.88166 3.70479 3.09627
v 1.8821 3.70479 3.09627
v 1.88254 3.70479 3.09627
v 1.88254 3.70561 3.09666
v 1.88255 3.7056 3.09705
v 1.88256 3.70559 3.09745
v 1.88255 3.70559 3.09784
v 1.88253 3.70558 3.09821
v 1.88248 3.70557 3.09855
v 1.88241 3.70557 3.09885
v 1.87998 3.70557 3.09885
v 1.8798 3.70557 3.09868
v 1.87959 3.70557 3.09846
v 1.87939 3.70558 3.09821
v 1.87923 3.70558 3.09793
v 1.87914 3.70559 3.09762
v 1.87917 3.7056 3.09728
v 1.87934 3.7056 3.09693
v 1.87937 3.70561 3.09682
v 1.87941 3.70561 3.09674
v 1.87944 3.70561 3.09667
v 1.87947 3.70561 3.09662
v 1.8795 3.70561 3.09657
v 1.87954 3.70561 3.0965
v 1.87959 3.70561 3.09642
v 1.87995 3.70561 3.09636
v 1.88035 3.70561 3.09632
v 1.88077 3.70562 3.0963
v 1.88121 3.70562 3.09628
v 1.88166 3.70562 3.09628
v 1.8821 3.70562 3.09628
v 1.88254 3.70562 3.09629
v 1.91773 3.70477 3.09717
v 1.9144 3.70477 3.09717
v 1.9144 3.70476 3.09794
v 1.91773 3.70476 3.09794
v 1.91773 3.7056 3.09718
v 1.9144 3.7056 3.09718
v 1.9144 3.70558 3.09795
v 1.91773 3.70558 3.09795
v 3.77933 -0.629978 0.349
v 3.77848 -0.622646 0.349
v 3.77607 -0.615913 0.349
v 3.77229 -0.609971 0.349
v 3.76734 -0.605014 0.349
v 3.76139 -0.601235 0.349
v 3.75466 -0.598825 0.349
v 3.74733 -0.597979 0.349
v 3.74 -0.598825 0.349
v 3.73326 -0.601235 0.349
v 3.72732 -0.605014 0.349
v 3.72237 -0.609971 0.349
v 3.71859 -0.615913 0.349
v 3.71618 -0.622646 0.349
v 3.71533 -0.629978 0.349
v 3.71618 -0.63731 0.349
v 3.71859 -0.644043 0.349
v 3.72237 -0.649985 0.349
v 3.72732 -0.654942 0.349
v 3.73326 -0.658722 0.349
v 3.74 -0.661131 0.349
v 3.74733 -0.661977 0.349
v 3.75466 -0.661131 0.349
v 3.76139 -0.658722 0.349
v 3.76734 -0.654942 0.349
v 3.77229 -0.649985 0.349
v 3.77607 -0.644043 0.349
v 3.77848 -0.63731 0.349
v 3.77933 -0.629978 1.049
v 3.77848 -0.622646 1.049
v 3.77607 -0.615913 1.049
v 3.77229 -0.609971 1.049
v 3.76734 -0.605014 1.049
v 3.76139 -0.601235 1.049
v 3.75466 -0.598825 1.049
v 3.74733 -0.597979 1.049
v 3.74 -0.598825 1.049
v 3.73326 -0.601235 1.049
v 3.72732 -0.605014 1.049
v 3.72237 -0.609971 1.049
v 3.71859 -0.615913 1.049
v 3.71618 -0.622646 1.049
v 3.71533 -0.629978 1.049
v 3.71618 -0.63731 1.049
v 3.71859 -0.644043 1.049
v 3.72237 -0.649985 1.049
v 3.72732 -0.654942 1.049
v 3.73326 -0.658722 1.049
v 3.74 -0.661131 1.049
v 3.74733 -0.661977 1.049
v 3.75466 -0.661131 1.049
v 3.76139 -0.658722 1.049
v 3.76734 -0.654942 1.049
v 3.77229 -0.649985 1.049
v 3.77607 -0.644043 1.049
v 3.77848 -0.63731 1.049
f 1 2 406
f 1 406 405
f 2 3 407
f 2 407 406
f 3 4 408
f 3 408 407
f 4 5 409
f 4 409 408
f 5 6 410
f 5 410 409
f 6 7 411
f 6 411 410
f 7 8 412
f 7 412 411
f 8 9 413
f 8 413 412
f 9 10 414
f 9 414 413
f 10 11 415
f 10 415 414
f 11 12 416
f 11 416 415
f 12 13 417
f 12 417 416
f 13 14 418
f 13 418 417
f 14 15 419
f 14 419 418
f 15 16 420
f 15 420 419
f 16 17 421
f 16 421 420
f 17 18 422
f 17 422 421
f 18 19 423
f 18 423 422
f 19 20 424
f 19 424 423
f 20 21 425
f 20 425 424
f 21 22 426
f 21 426 425
f 22 23 427
f 22 427 426
f 23 24 428
f 23 428 427
f 24 25 429
f 24 429 428
f 25 26 430
f 25 430 429
f 26 27 431
f 26 431 430
f 27 28 432
f 27 432 431
f 28 29 433
f 28 433 432
f 29 30 434
f 29 434 433
f 30 31 435
f 30 435 434
f 31 32 436
f 31 436 435
f 32 33 437
f 32 437 436
f 33 34 438
f 33 438 437
f 34 35 439
f 34 439 438
f 35 36 440
f 35 440 439
f 36 37 441
f 36 441 440
f 37 38 442
f 37 442 441
f 38 39 443
f 38 443 442
f 39 40 444
f 39 444 443
f 40 41 445
f 40 445 444
f 41 42 446
f 41 446 445
f 42 43 447
f 42 447 446
f 43 44 448
f 43 448 447
f 44 45 449
f 44 449 448
f 45 46 450
f 45 450 449
f 46 47 451
f 46 451 450
f 47 48 452
f 47 452 451
f 48 49 453
f 48 453 452
f 49 50 454
f 49 454 453
f 50 51 455
f 50 455 454
f 51 52 456
f 51 456 455
f 52 53 457
f 52 457 456
f 53 54 458
f 53 458 457
f 54 55 459
f 54 459 458
f 55 56 460
f 55 460 459
f 56 57 461
f 56 461 460
f 57 58 462
f 57 462 461
f 58 59 463
f 58 463 462
f 59 60 464
f 59 464 463
f 60 61 465
f 60 465 464
f 61 62 466
f 61 466 465
f 62 63 467
f 62 467 466
f 63 64 468
f 63 468 467
f 64 65 469
f 64 469 468
f 65 66 470
f 65 470 469
f 66 67 471
f 66 471 470
f 67 68 472
f 67 472 471
f 68 69 473
f 68 473 472
f 69 70 474
f 69 474 473
f 70 71 475
f 70 475 474
f 71 72 476
f 71 476 475
f 72 73 477
f 72 477 476
f 73 74 478
f 73 478 477
f 74 75 479
f 74 479 478
f 75 76 480
f 75 480 479
f 76 77 481
f 76 481 480
f 77 78 482
f 77 482 481
f 78 79 483
f 78 483 482
f 79 80 484
f 79 484 483
f 80 81 485
f 80 485 484
f 81 82 486
f 81 486 485
f 82 83 487
f 82 487 486
f 83 84 488
f 83 488 487
f 84 85 489
f 84 489 488
f 85 86 490
f 85 490 489
f 86 87 491
f 86 491 490
f 87 88 492
f 87 492 491
f 88 89 493
f 88 493 492
f 89 90 494
f 89 494 493
f 90 91 495
f 90 495 494
f 91 92 496
f 91 496 495
f 92 93 497
f 92 497 496
f 93 94 498
f 93 498 497
f 94 95 499
f 94 499 498
f 95 96 500
f 95 500 499
f 96 97 501
f 96 501 500
f 97 98 502
f 97 502 501
f 98 99 503
f 98 503 502
f 99 100 504
f 99 504 503
f 100 101 505
f 100 505 504
f 101 102 506
f 101 506 505
f 102 103 507
f 102 507 506
f 103 104 508
f 103 508 507
f 104 105 509
f 104 509 508
f 105 106 510
f 105 510 509
f 106 107 511
f 106 511 510
f 107 108 512
f 107 512 511
f 108 109 513
f 108 513 512
f 109 110 514
f 109 514 513
f 110 111 515
f 110 515 514
f 111 112 516
f 111 516 515
f 112 113 517
f 112 517 516
f 113 114 518
f 113 518 517
f 114 115 519
f 114 519 518
f 115 116 520
f 115 520 519
f 116 117 521
f 116 521 520
f 117 118 522
f 117 522 521
f 118 119 523
f 118 523 522
f 119 120 524
f 119 524 523
f 120 121 525
f 120 525 524
f 121 122 526
f 121 526 525
f 122 123 527
f 122 527 526
f 123 124 528
f 123 528 527
f 124 125 529
f 124 529 528
f 125 126 530
f 125 530 529
f 126 127 531
f 126 531 530
f 127 128 532
f 127 532 531
f 128 129 533
f 128 533 532
f 129 130 534
f 129 534 533
f 130 131 535
f 130 535 534
f 131 132 536
f 131 536 535
f 132 133 537
f 132 537 536
f 133 134 538
f 133 538 537
f 134 135 539
f 134 539 538
f 135 136 540
f 135 540 539
f 136 137 541
f 136 541 540
f 137 138 542
f 137 542 541
f 138 139 543
f 138 543 542
f 139 140 544
f 139 544 543
f 140 141 545
f 140 545 544
f 141 142 546
f 141 546 545
f 142 143 547
f 142 547 546
f 143 144 548
f 143 548 547
f 144 145 549
f 144 549 548
f 145 146 550
f 145 550 549
f 146 147 551
f 146 551 550
f 147 148 552
f 147 552 551
f 148 149 553
f 148 553 552
f 149 150 554
f 149 554 553
f 150 151 555
f 150 555 554
f 151 152 556
f 151 556 555
f 152 153 557
f 152 557 556
f 153 154 558
f 153 558 557
f 154 155 559
f 154 559 558
f 155 156 560
f 155 560 559
f 156 157 561
f 156 561 560
f 157 158 562
f 157 562 561
f 158 159 563
f 158 563 562
f 159 160 564
f 159 564 563
f 160 161 565
f 160 565 564
f 161 162 566
f 161 566 565
f 162 163 567
f 162 567 566
f 163 164 568
f 163 568 567
f 164 165 569
f 164 569 568
f 165 166 570
f 165 570 569
f 166 167 571
f 166 571 570
f 167 168 572
f 167 572 571
f 168 169 573
f 168 573 572
f 169 170 574
f 169 574 573
f 170 171 575
f 170 575 574
f 171 172 576
f 171 576 575
f 172 173 577
f 172 577 576
f 173 174 578
f 173 578 577
f 174 175 579
f 174 579 578
f 175 176 580
f 175 580 579
f 176 177 581
f 176 581 580
f 177 178 582
f 177 582 581
f 178 179 583
f 178 583 582
f 179 180 584
f 179 584 583
f 180 181 585
f 180 585 584
f 181 182 586
f 181 586 585
f 182 183 587
f 182 587 586
f 183 184 588
f 183 588 587
f 184 185 589
f 184 589 588
f 185 186 590
f 185 590 589
f 186 187 591
f 186 591 590
f 187 188 592
f 187 592 591
f 188 189 593
f 188 593 592
f 189 190 594
f 189 594 593
f 190 191 595
f 190 595 594
f 191 192 596
f 191 596 595
f 192 193 597
f 192 597 596
f 193 194 598
f 193 598 597
f 194 195 599
f 194 599 598
f 195 196 600
f 195 600 599
f 196 197 601
f 196 601 600
f 197 198 602
f 197 602 601
f 198 199 603
f 198 603 602
f 199 200 604
f 199 604 603
f 200 201 605
f 200 605 604
f 201 202 606
f 201 606 605
f 202 203 607
f 202 607 606
f 203 204 608
f 203 608 607
f 204 205 609
f 204 609 608
f 205 206 610
f 205 610 609
f 206 207 611
f 206 611 610
f 207 208 612
f 207 612 611
f 208 209 613
f 208 613 612
f 209 210 614
f 209 614 613
f 210 211 615
f 210 615 614
f 211 212 616
f 211 616 615
f 212 213 617
f 212 617 616
f 213 214 618
f 213 618 617
f 214 215 619
f 214 619 618
f 215 216 620
f 215 620 619
f 216 217 621
f 216 621 620
f 217 218 622
f 217 622 621
f 218 219 623
f 218 623 622
f 219 220 624
f 219 624 623
f 220 221 625
f 220 625 624
f 221 222 626
f 221 626 625
f 222 223 627
f 222 627 626
f 223 224 628
f 223 628 627
f 224 225 629
f 224 629 628
f 225 226 630
f 225 630 629
f 226 227 631
f 226 631 630
f 227 228 632
f 227 632 631
f 228 229 633
f 228 633 632
f 229 230 634
f 229 634 633
f 230 231 635
f 230 635 634
f 231 232 636
f 231 636 635
f 232 233 637
f 232 637 636
f 233 234 638
f 233 638 637
f 234 235 639
f 234 639 638
f 235 236 640
f 235 640 639
f 236 237 641
f 236 641 640
f 237 238 642
f 237 642 641
f 238 239 643
f 238 643 642
f 239 240 644
f 239 644 643
f 240 241 645
f 240 645 644
f 241 242 646
f 241 646 645
f 242 243 647
f 242 647 646
f 243 244 648
f 243 648 647
f 244 245 649
f 244 649 648
f 245 246 650
f 245 650 649
f 246 247 651
f 246 651 650
f 247 248 652
f 247 652 651
f 248 249 653
f 248 653 652
f 249 250 654
f 249 654 653
f 250 251 655
f 250 655 654
f 251 252 656
f 251 656 655
f 252 253 657
f 252 657 656
f 253 254 658
f 253 658 657
f 254 255 659
f 254 659 658
f 255 256 660
f 255 660 659
f 256 257 661
f 256 661 660
f 257 258 662
f 257 662 661
f 258 259 663
f 258 663 662
f 259 260 664
f 259 664 663
f 260 261 665
f 260 665 664
f 261 262 666
f 261 666 665
f 262 263 667
f 262 667 666
f 263 264 668
f 263 668 667
f 264 265 669
f 264 669 668
f 265 266 670
f 265 670 669
f 266 267 671
f 266 671 670
f 267 268 672
f 267 672 671
f 268 269 673
f 268 673 672
f 269 270 674
f 269 674 673
f 270 271 675
f 270 675 674
f 271 272 676
f 271 676 675
f 272 273 677
f 272 677 676
f 273 274 678
f 273 678 677
f 274 275 679
f 274 679 678
f 275 276 680
f 275 680 679
f 276 277 681
f 276 681 680
f 277 278 682
f 277 682 681
f 278 279 683
f 278 683 682
f 279 280 684
f 279 684 683
f 280 281 685
f 280 685 684
f 281 282 686
f 281 686 685
f 282 283 687
f 282 687 686
f 283 284 688
f 283 688 687
f 284 285 689
f 284 689 688
f 285 286 690
f 285 690 689
f 286 287 691
f 286 691 690
f 287 288 692
f 287 692 691
f 288 289 693
f 288 693 692
f 289 290 694
f 289 694 693
f 290 291 695
f 290 695 694
f 291 292 696
f 291 696 695
f 292 293 697
f 292 697 696
f 293 294 698
f 293 698 697
f 294 295 699
f 294 699 698
f 295 296 700
f 295 700 699
f 296 297 701
f 296 701 700
f 297 298 702
f 297 702 701
f 298 299 703
f 298 703 702
f 299 300 704
f 299 704 703
f 300 301 705
f 300 705 704
f 301 302 706
f 301 706 705
f 302 303 707
f 302 707 706
f 303 304 708
f 303 708 707
f 304 305 709
f 304 709 708
f 305 306 710
f 305 710 709
f 306 307 711
f 306 711 710
f 307 308 712
f 307 712 711
f 308 309 713
f 308 713 712
f 309 310 714
f 309 714 713
f 310 311 715
f 310 715 714
f 311 312 716
f 311 716 715
f 312 313 717
f 312 717 716
f 313 314 718
f 313 718 717
f 314 315 719
f 314 719 718
f 315 316 720
f 315 720 719
f 316 317 721
f 316 721 720
f 317 318 722
f 317 722 721
f 318 319 723
f 318 723 722
f 319 320 724
f 319 724 723
f 320 321 725
f 320 725 724
f 321 322 726
f 321 726 725
f 322 323 727
f 322 727 726
f 323 324 728
f 323 728 727
f 324 325 729
f 324 729 728
f 325 326 730
f 325 730 729
f 326 327 731
f 326 731 730
f 327 328 732
f 327 732 731
f 328 329 733
f 328 733 732
f 329 330 734
f 329 734 733
f 330 331 735
f 330 735 734
f 331 332 736
f 331 736 735
f 332 333 737
f 332 737 736
f 333 334 738
f 333 738 737
f 334 335 739
f 334 739 738
f 335 336 740
f 335 740 739
f 336 337 741
f 336 741 740
f 337 338 742
f 337 742 741
f 338 339 743
f 338 743 742
f 339 340 744
f 339 744 743
f 340 341 745
f 340 745 744
f 341 342 746
f 341 746 745
f 342 343 747
f 342 747 746
f 343 344 748
f 343 748 747
f 344 345 749
f 344 749 748
f 345 346 750
f 345 750 749
f 346 347 751
f 346 751 750
f 347 348 752
f 347 752 751
f 348 349 753
f 348 753 752
f 349 350 754
f 349 754 753
f 350 351 755
f 350 755 754
f 351 352 756
f 351 756 755
f 352 353 757
f 352 757 756
f 353 354 758
f 353 758 757
f 354 355 759
f 354 759 758
f 355 356 760
f 355 760 759
f 356 357 761
f 356 761 760
f 357 358 762
f 357 762 761
f 358 359 763
f 358 763 762
f 359 360 764
f 359 764 763
f 360 361 765
f 360 765 764
f 361 362 766
f 361 766 765
f 362 363 767
f 362 767 766
f 363 364 768
f 363 768 767
f 364 365 769
f 364 769 768
f 365 366 770
f 365 770 769
f 366 367 771
f 366 771 770
f 367 368 772
f 367 772 771
f 368 369 773
f 368 773 772
f 369 370 774
f 369 774 773
f 370 371 775
f 370 775 774
f 371 372 776
f 371 776 775
f 372 373 777
f 372 777 776
f 373 374 778
f 373 778 777
f 374 375 779
f 374 779 778
f 375 376 780
f 375 780 779
f 376 377 781
f 376 781 780
f 377 378 782
f 377 782 781
f 378 379 783
f 378 783 782
f 379 380 784
f 379 784 783
f 380 381 785
f 380 785 784
f 381 382 786
f 381 786 785
f 382 383 787
f 382 787 786
f 383 384 788
f 383 788 787
f 384 385 789
f 384 789 788
f 385 386 790
f 385 790 789
f 386 387 791
f 386 791 790
f 387 388 792
f 387 792 791
f 388 389 793
f 388 793 792
f 389 390 794
f 389 794 793
f 390 391 795
f 390 795 794
f 391 392 796
f 391 796 795
f 392 393 797
f 392 797 796
f 393 394 798
f 393 798 797
f 394 395 799
f 394 799 798
f 395 396 800
f 395 800 799
f 396 397 801
f 396 801 800
f 397 398 802
f 397 802 801
f 398 399 803
f 398 803 802
f 399 400 804
f 399 804 803
f 400 401 805
f 400 805 804
f 401 402 806
f 401 806 805
f 402 403 807
f 402 807 806
f 403 404 808
f 403 808 807
f 404 1 405
f 404 405 808
f 201 203 202
f 200 203 201
f 199 203 200
f 198 203 199
f 197 203 198
f 196 203 197
f 195 203 196
f 194 203 195
f 193 203 194
f 192 203 193
f 191 203 192
f 190 203 191
f 189 203 190
f 188 203 189
f 187 203 188
f 186 203 187
f 185 203 186
f 184 203 185
f 183 203 184
f 182 203 183
f 181 203 182
f 180 203 181
f 179 203 180
f 178 203 179
f 177 203 178
f 176 203 177
f 175 203 176
f 174 203 175
f 173 203 174
f 172 203 173
f 171 203 172
f 170 203 171
f 169 203 170
f 168 203 169
f 167 203 168
f 166 203 167
f 165 203 166
f 164 203 165
f 163 203 164
f 162 203 163
f 161 203 162
f 161 204 203
f 160 204 161
f 159 204 160
f 159 205 204
f 158 205 159
f 157 205 158
f 157 206 205
f 156 206 157
f 156 207 206
f 155 207 156
f 155 208 207
f 154 208 155
f 154 209 208
f 154 210 209
f 154 211 210
f 154 212 211
f 154 213 212
f 154 214 213
f 154 215 214
f 154 216 215
f 154 217 216
f 154 218 217
f 154 219 218
f 154 220 219
f 154 221 220
f 154 222 221
f 154 223 222
f 154 224 223
f 154 225 224
f 154 226 225
f 154 227 226
f 154 228 227
f 154 229 228
f 154 230 229
f 154 231 230
f 154 232 231
f 154 233 232
f 154 234 233
f 154 235 234
f 154 236 235
f 154 237 236
f 154 238 237
f 154 239 238
f 154 240 239
f 154 241 240
f 154 242 241
f 154 243 242
f 154 244 243
f 154 245 244
f 154 246 245
f 154 247 246
f 154 248 247
f 154 249 248
f 154 250 249
f 154 251 250
f 154 252 251
f 153 252 154
f 153 253 252
f 153 254 253
f 152 254 153
f 151 254 152
f 151 255 254
f 151 256 255
f 150 256 151
f 149 256 150
f 149 257 256
f 149 258 257
f 148 258 149
f 147 258 148
f 147 259 258
f 147 260 259
f 146 260 147
f 145 260 146
f 145 261 260
f 145 262 261
f 144 262 145
f 143 262 144
f 143 263 262
f 143 264 263
f 142 264 143
f 141 264 142
f 141 265 264
f 141 266 265
f 140 266 141
f 140 267 266
f 139 267 140
f 138 267 139
f 138 268 267
f 138 269 268
f 138 270 269
f 138 271 270
f 138 272 271
f 138 273 272
f 138 274 273
f 138 275 274
f 138 276 275
f 138 277 276
f 138 278 277
f 138 279 278
f 138 280 279
f 138 281 280
f 138 282 281
f 138 283 282
f 138 284 283
f 138 285 284
f 138 286 285
f 138 287 286
f 138 288 287
f 138 289 288
f 138 290 289
f 138 291 290
f 138 292 291
f 138 293 292
f 138 294 293
f 138 295 294
f 138 296 295
f 138 297 296
f 138 298 297
f 138 299 298
f 138 300 299
f 138 301 300
f 138 302 301
f 138 303 302
f 138 304 303
f 138 305 304
f 138 306 305
f 138 307 306
f 138 308 307
f 138 309 308
f 138 310 309
f 138 311 310
f 138 312 311
f 138 313 312
f 138 314 313
f 138 315 314
f 138 316 315
f 138 317 316
f 138 318 317
f 138 319 318
f 138 320 319
f 138 321 320
f 138 322 321
f 138 323 322
f 138 324 323
f 138 325 324
f 138 326 325
f 138 327 326
f 138 328 327
f 138 329 328
f 138 330 329
f 138 331 330
f 138 332 331
f 138 333 332
f 138 334 333
f 138 335 334
f 138 336 335
f 138 337 336
f 138 338 337
f 138 339 338
f 138 340 339
f 138 341 340
f 138 342 341
f 138 343 342
f 138 344 343
f 138 345 344
f 138 346 345
f 138 347 346
f 138 348 347
f 138 349 348
f 138 350 349
f 138 351 350
f 138 352 351
f 138 353 352
f 138 354 353
f 138 355 354
f 138 356 355
f 138 357 356
f 138 358 357
f 138 359 358
f 138 360 359
f 138 361 360
f 138 362 361
f 138 363 362
f 138 364 363
f 138 365 364
f 138 366 365
f 138 367 366
f 138 368 367
f 138 369 368
f 138 370 369
f 138 371 370
f 137 371 138
f 136 371 137
f 136 372 371
f 136 373 372
f 136 374 373
f 136 375 374
f 136 376 375
f 136 377 376
f 136 378 377
f 136 379 378
f 136 380 379
f 136 381 380
f 136 382 381
f 136 383 382
f 136 384 383
f 136 385 384
f 136 386 385
f 136 387 386
f 136 388 387
f 136 389 388
f 136 390 389
f 136 391 390
f 136 392 391
f 136 393 392
f 136 394 393
f 136 395 394
f 136 396 395
f 136 397 396
f 136 398 397
f 136 399 398
f 136 400 399
f 136 401 400
f 136 402 401
f 136 403 402
f 136 404 403
f 136 1 404
f 136 2 1
f 136 3 2
f 136 4 3
f 136 5 4
f 136 6 5
f 136 7 6
f 136 8 7
f 136 9 8
f 136 10 9
f 136 11 10
f 136 12 11
f 136 13 12
f 136 14 13
f 136 15 14
f 136 16 15
f 136 17 16
f 136 18 17
f 136 19 18
f 136 20 19
f 136 21 20
f 136 22 21
f 136 23 22
f 136 24 23
f 136 25 24
f 136 26 25
f 136 27 26
f 136 28 27
f 136 29 28
f 136 30 29
f 136 31 30
f 136 32 31
f 136 33 32
f 136 34 33
f 136 35 34
f 136 36 35
f 136 37 36
f 136 38 37
f 136 39 38
f 136 40 39
f 136 41 40
f 136 42 41
f 136 43 42
f 136 44 43
f 136 45 44
f 136 46 45
f 136 47 46
f 136 48 47
f 136 49 48
f 136 50 49
f 136 51 50
f 136 52 51
f 136 53 52
f 136 54 53
f 136 55 54
f 136 56 55
f 136 57 56
f 136 58 57
f 136 59 58
f 136 60 59
f 136 61 60
f 136 62 61
f 136 63 62
f 136 64 63
f 136 65 64
f 136 66 65
f 136 67 66
f 136 68 67
f 136 69 68
f 135 69 136
f 134 69 135
f 134 70 69
f 134 71 70
f 134 72 71
f 134 73 72
f 134 74 73
f 134 75 74
f 134 76 75
f 134 77 76
f 134 78 77
f 134 79 78
f 134 80 79
f 134 81 80
f 134 82 81
f 134 83 82
f 134 84 83
f 134 85 84
f 134 86 85
f 134 87 86
f 134 88 87
f 134 89 88
f 134 90 89
f 134 91 90
f 134 92 91
f 134 93 92
f 134 94 93
f 134 95 94
f 134 96 95
f 134 97 96
f 134 98 97
f 134 99 98
f 134 100 99
f 134 101 100
f 134 102 101
f 134 103 102
f 134 104 103
f 134 105 104
f 134 106 105
f 134 107 106
f 134 108 107
f 134 109 108
f 134 110 109
f 134 111 110
f 134 112 111
f 134 113 112
f 133 113 134
f 133 114 113
f 132 114 133
f 132 115 114
f 132 116 115
f 132 117 116
f 131 117 132
f 130 117 131
f 130 118 117
f 130 119 118
f 130 120 119
f 130 121 120
f 130 122 121
f 130 123 122
f 130 124 123
f 130 125 124
f 130 126 125
f 130 127 126
f 130 128 127
f 129 128 130
f 605 606 607
f 604 605 607
f 603 604 607
f 602 603 607
f 601 602 607
f 600 601 607
f 599 600 607
f 598 599 607
f 597 598 607
f 596 597 607
f 595 596 607
f 594 595 607
f 593 594 607
f 592 593 607
f 591 592 607
f 590 591 607
f 589 590 607
f 588 589 607
f 587 588 607
f 586 587 607
f 585 586 607
f 584 585 607
f 583 584 607
f 582 583 607
f 581 582 607
f 580 581 607
f 579 580 607
f 578 579 607
f 577 578 607
f 576 577 607
f 575 576 607
f 574 575 607
f 573 574 607
f 572 573 607
f 571 572 607
f 570 571 607
f 569 570 607
f 568 569 607
f 567 568 607
f 566 567 607
f 565 566 607
f 565 607 608
f 564 565 608
f 563 564 608
f 563 608 609
f 562 563 609
f 561 562 609
f 561 609 610
f 560 561 610
f 560 610 611
f 559 560 611
f 559 611 612
f 558 559 612
f 558 612 613
f 558 613 614
f 558 614 615
f 558 615 616
f 558 616 617
f 558 617 618
f 558 618 619
f 558 619 620
f 558 620 621
f 558 621 622
f 558 622 623
f 558 623 624
f 558 624 625
f 558 625 626
f 558 626 627
f 558 627 628
f 558 628 629
f 558 629 630
f 558 630 631
f 558 631 632
f 558 632 633
f 558 633 634
f 558 634 635
f 558 635 636
f 558 636 637
f 558 637 638
f 558 638 639
f 558 639 640
f 558 640 641
f 558 641 642
f 558 642 643
f 558 643 644
f 558 644 645
f 558 645 646
f 558 646 647
f 558 647 648
f 558 648 649
f 558 649 650
f 558 650 651
f 558 651 652
f 558 652 653
f 558 653 654
f 558 654 655
f 558 655 656
f 557 558 656
f 557 656 657
f 557 657 658
f 556 557 658
f 555 556 658
f 555 658 659
f 555 659 660
f 554 555 660
f 553 554 660
f 553 660 661
f 553 661 662
f 552 553 662
f 551 552 662
f 551 662 663
f 551 663 664
f 550 551 664
f 549 550 664
f 549 664 665
f 549 665 666
f 548 549 666
f 547 548 666
f 547 666 667
f 547 667 668
f 546 547 668
f 545 546 668
f 545 668 669
f 545 669 670
f 544 545 670
f 544 670 671
f 543 544 671
f 542 543 671
f 542 671 672
f 542 672 673
f 542 673 674
f 542 674 675
f 542 675 676
f 542 676 677
f 542 677 678
f 542 678 679
f 542 679 680
f 542 680 681
f 542 681 682
f 542 682 683
f 542 683 684
f 542 684 685
f 542 685 686
f 542 686 687
f 542 687 688
f 542 688 689
f 542 689 690
f 542 690 691
f 542 691 692
f 542 692 693
f 542 693 694
f 542 694 695
f 542 695 696
f 542 696 697
f 542 697 698
f 542 698 699
f 542 699 700
f 542 700 701
f 542 701 702
f 542 702 703
f 542 703 704
f 542 704 705
f 542 705 706
f 542 706 707
f 542 707 708
f 542 708 709
f 542 709 710
f 542 710 711
f 542 711 712
f 542 712 713
f 542 713 714
f 542 714 715
f 542 715 716
f 542 716 717
f 542 717 718
f 542 718 719
f 542 719 720
f 542 720 721
f 542 721 722
f 542 722 723
f 542 723 724
f 542 724 725
f 542 725 726
f 542 726 727
f 542 727 728
f 542 728 729
f 542 729 730
f 542 730 731
f 542 731 732
f 542 732 733
f 542 733 734
f 542 734 735
f 542 735 736
f 542 736 737
f 542 737 738
f 542 738 739
f 542 739 740
f 542 740 741
f 542 741 742
f 542 742 743
f 542 743 744
f 542 744 745
f 542 745 746
f 542 746 747
f 542 747 748
f 542 748 749
f 542 749 750
f 542 750 751
f 542 751 752
f 542 752 753
f 542 753 754
f 542 754 755
f 542 755 756
f 542 756 757
f 542 757 758
f 542 758 759
f 542 759 760
f 542 760 761
f 542 761 762
f 542 762 763
f 542 763 764
f 542 764 765
f 542 765 766
f 542 766 767
f 542 767 768
f 542 768 769
f 542 769 770
f 542 770 771
f 542 771 772
f 542 772 773
f 542 773 774
f 542 774 775
f 541 542 775
f 540 541 775
f 540 775 776
f 540 776 777
f 540 777 778
f 540 778 779
f 540 779 780
f 540 780 781
f 540 781 782
f 540 782 783
f 540 783 784
f 540 784 785
f 540 785 786
f 540 786 787
f 540 787 788
f 540 788 789
f 540 789 790
f 540 790 791
f 540 791 792
f 540 792 793
f 540 793 794
f 540 794 795
f 540 795 796
f 540 796 797
f 540 797 798
f 540 798 799
f 540 799 800
f 540 800 801
f 540 801 802
f 540 802 803
f 540 803 804
f 540 804 805
f 540 805 806
f 540 806 807
f 540 807 808
f 540 808 405
f 540 405 406
f 540 406 407
f 540 407 408
f 540 408 409
f 540 409 410
f 540 410 411
f 540 411 412
f 540 412 413
f 540 413 414
f 540 414 415
f 540 415 416
f 540 416 417
f 540 417 418
f 540 418 419
f 540 419 420
f 540 420 421
f 540 421 422
f 540 422 423
f 540 423 424
f 540 424 425
f 540 425 426
f 540 426 427
f 540 427 428
f 540 428 429
f 540 429 430
f 540 430 431
f 540 431 432
f 540 432 433
f 540 433 434
f 540 434 435
f 540 435 436
f 540 436 437
f 540 437 438
f 540 438 439
f 540 439 440
f 540 440 441
f 540 441 442
f 540 442 443
f 540 443 444
f 540 444 445
f 540 445 446
f 540 446 447
f 540 447 448
f 540 448 449
f 540 449 450
f 540 450 451
f 540 451 452
f 540 452 453
f 540 453 454
f 540 454 455
f 540 455 456
f 540 456 457
f 540 457 458
f 540 458 459
f 540 459 460
f 540 460 461
f 540 461 462
f 540 462 463
f 540 463 464
f 540 464 465
f 540 465 466
f 540 466 467
f 540 467 468
f 540 468 469
f 540 469 470
f 540 470 471
f 540 471 472
f 540 472 473
f 539 540 473
f 538 539 473
f 538 473 474
f 538 474 475
f 538 475 476
f 538 476 477
f 538 477 478
f 538 478 479
f 538 479 480
f 538 480 481
f 538 481 482
f 538 482 483
f 538 483 484
f 538 484 485
f 538 485 486
f 538 486 487
f 538 487 488
f 538 488 489
f 538 489 490
f 538 490 491
f 538 491 492
f 538 492 493
f 538 493 494
f 538 494 495
f 538 495 496
f 538 496 497
f 538 497 498
f 538 498 499
f 538 499 500
f 538 500 501
f 538 501 502
f 538 502 503
f 538 503 504
f 538 504 505
f 538 505 506
f 538 506 507
f 538 507 508
f 538 508 509
f 538 509 510
f 538 510 511
f 538 511 512
f 538 512 513
f 538 513 514
f 538 514 515
f 538 515 516
f 538 516 517
f 537 538 517
f 537 517 518
f 536 537 518
f 536 518 519
f 536 519 520
f 536 520 521
f 535 536 521
f 534 535 521
f 534 521 522
f 534 522 523
f 534 523 524
f 534 524 525
f 534 525 526
f 534 526 527
f 534 527 528
f 534 528 529
f 534 529 530
f 534 530 531
f 534 531 532
f 533 534 532
f 809 810 1214
f 809 1214 1213
f 810 811 1215
f 810 1215 1214
f 811 812 1216
f 811 1216 1215
f 812 813 1217
f 812 1217 1216
f 813 814 1218
f 813 1218 1217
f 814 815 1219
f 814 1219 1218
f 815 816 1220
f 815 1220 1219
f 816 817 1221
f 816 1221 1220
f 817 818 1222
f 817 1222 1221
f 818 819 1223
f 818 1223 1222
f 819 820 1224
f 819 1224 1223
f 820 821 1225
f 820 1225 1224
f 821 822 1226
f 821 1226 1225
f 822 823 1227
f 822 1227 1226
f 823 824 1228
f 823 1228 1227
f 824 825 1229
f 824 1229 1228
f 825 826 1230
f 825 1230 1229
f 826 827 1231
f 826 1231 1230
f 827 828 1232
f 827 1232 1231
f 828 829 1233
f 828 1233 1232
f 829 830 1234
f 829 1234 1233
f 830 831 1235
f 830 1235 1234
f 831 832 1236
f 831 1236 1235
f 832 833 1237
f 832 1237 1236
f 833 834 1238
f 833 1238 1237
f 834 835 1239
f 834 1239 1238
f 835 836 1240
f 835 1240 1239
f 836 837 1241
f 836 1241 1240
f 837 838 1242
f 837 1242 1241
f 838 839 1243
f 838 1243 1242
f 839 840 1244
f 839 1244 1243
f 840 841 1245
f 840 1245 1244
f 841 842 1246
f 841 1246 1245
f 842 843 1247
f 842 1247 1246
f 843 844 1248
f 843 1248 1247
f 844 845 1249
f 844 1249 1248
f 845 846 1250
f 845 1250 1249
f 846 847 1251
f 846 1251 1250
f 847 848 1252
f 847 1252 1251
f 848 849 1253
f 848 1253 1252
f 849 850 1254
f 849 1254 1253
f 850 851 1255
f 850 1255 1254
f 851 852 1256
f 851 1256 1255
f 852 853 1257
f 852 1257 1256
f 853 854 1258
f 853 1258 1257
f 854 855 1259
f 854 1259 1258
f 855 856 1260
f 855 1260 1259
f 856 857 1261
f 856 1261 1260
f 857 858 1262
f 857 1262 1261
f 858 859 1263
f 858 1263 1262
f 859 860 1264
f 859 1264 1263
f 860 861 1265
f 860 1265 1264
f 861 862 1266
f 861 1266 1265
f 862 863 1267
f 862 1267 1266
f 863 864 1268
f 863 1268 1267
f 864 865 1269
f 864 1269 1268
f 865 866 1270
f 865 1270 1269
f 866 867 1271
f 866 1271 1270
f 867 868 1272
f 867 1272 1271
f 868 869 1273
f 868 1273 1272
f 869 870 1274
f 869 1274 1273
f 870 871 1275
f 870 1275 1274
f 871 872 1276
f 871 1276 1275
f 872 873 1277
f 872 1277 1276
f 873 874 1278
f 873 1278 1277
f 874 875 1279
f 874 1279 1278
f 875 876 1280
f 875 1280 1279
f 876 877 1281
f 876 1281 1280
f 877 878 1282
f 877 1282 1281
f 878 879 1283
f 878 1283 1282
f 879 880 1284
f 879 1284 1283
f 880 881 1285
f 880 1285 1284
f 881 882 1286
f 881 1286 1285
f 882 883 1287
f 882 1287 1286
f 883 884 1288
f 883 1288 1287
f 884 885 1289
f 884 1289 1288
f 885 886 1290
f 885 1290 1289
f 886 887 1291
f 886 1291 1290
f 887 888 1292
f 887 1292 1291
f 888 889 1293
f 888 1293 1292
f 889 890 1294
f 889 1294 1293
f 890 891 1295
f 890 1295 1294
f 891 892 1296
f 891 1296 1295
f 892 893 1297
f 892 1297 1296
f 893 894 1298
f 893 1298 1297
f 894 895 1299
f 894 1299 1298
f 895 896 1300
f 895 1300 1299
f 896 897 1301
f 896 1301 1300
f 897 898 1302
f 897 1302 1301
f 898 899 1303
f 898 1303 1302
f 899 900 1304
f 899 1304 1303
f 900 901 1305
f 900 1305 1304
f 901 902 1306
f 901 1306 1305
f 902 903 1307
f 902 1307 1306
f 903 904 1308
f 903 1308 1307
f 904 905 1309
f 904 1309 1308
f 905 906 1310
f 905 1310 1309
f 906 907 1311
f 906 1311 1310
f 907 908 1312
f 907 1312 1311
f 908 909 1313
f 908 1313 1312
f 909 910 1314
f 909 1314 1313
f 910 911 1315
f 910 1315 1314
f 911 912 1316
f 911 1316 1315
f 912 913 1317
f 912 1317 1316
f 913 914 1318
f 913 1318 1317
f 914 915 1319
f 914 1319 1318
f 915 916 1320
f 915 1320 1319
f 916 917 1321
f 916 1321 1320
f 917 918 1322
f 917 1322 1321
f 918 919 1323
f 918 1323 1322
f 919 920 1324
f 919 1324 1323
f 920 921 1325
f 920 1325 1324
f 921 922 1326
f 921 1326 1325
f 922 923 1327
f 922 1327 1326
f 923 924 1328
f 923 1328 1327
f 924 925 1329
f 924 1329 1328
f 925 926 1330
f 925 1330 1329
f 926 927 1331
f 926 1331 1330
f 927 928 1332
f 927 1332 1331
f 928 929 1333
f 928 1333 1332
f 929 930 1334
f 929 1334 1333
f 930 931 1335
f 930 1335 1334
f 931 932 1336
f 931 1336 1335
f 932 933 1337
f 932 1337 1336
f 933 934 1338
f 933 1338 1337
f 934 935 1339
f 934 1339 1338
f 935 936 1340
f 935 1340 1339
f 936 937 1341
f 936 1341 1340
f 937 938 1342
f 937 1342 1341
f 938 939 1343
f 938 1343 1342
f 939 940 1344
f 939 1344 1343
f 940 941 1345
f 940 1345 1344
f 941 942 1346
f 941 1346 1345
f 942 943 1347
f 942 1347 1346
f 943 944 1348
f 943 1348 1347
f 944 945 1349
f 944 1349 1348
f 945 946 1350
f 945 1350 1349
f 946 947 1351
f 946 1351 1350
f 947 948 1352
f 947 1352 1351
f 948 949 1353
f 948 1353 1352
f 949 950 1354
f 949 1354 1353
f 950 951 1355
f 950 1355 1354
f 951 952 1356
f 951 1356 1355
f 952 953 1357
f 952 1357 1356
f 953 954 1358
f 953 1358 1357
f 954 955 1359
f 954 1359 1358
f 955 956 1360
f 955 1360 1359
f 956 957 1361
f 956 1361 1360
f 957 958 1362
f 957 1362 1361
f 958 959 1363
f 958 1363 1362
f 959 960 1364
f 959 1364 1363
f 960 961 1365
f 960 1365 1364
f 961 962 1366
f 961 1366 1365
f 962 963 1367
f 962 1367 1366
f 963 964 1368
f 963 1368 1367
f 964 965 1369
f 964 1369 1368
f 965 966 1370
f 965 1370 1369
f 966 967 1371
f 966 1371 1370
f 967 968 1372
f 967 1372 1371
f 968 969 1373
f 968 1373 1372
f 969 970 1374
f 969 1374 1373
f 970 971 1375
f 970 1375 1374
f 971 972 1376
f 971 1376 1375
f 972 973 1377
f 972 1377 1376
f 973 974 1378
f 973 1378 1377
f 974 975 1379
f 974 1379 1378
f 975 976 1380
f 975 1380 1379
f 976 977 1381
f 976 1381 1380
f 977 978 1382
f 977 1382 1381
f 978 979 1383
f 978 1383 1382
f 979 980 1384
f 979 1384 1383
f 980 981 1385
f 980 1385 1384
f 981 982 1386
f 981 1386 1385
f 982 983 1387
f 982 1387 1386
f 983 984 1388
f 983 1388 1387
f 984 985 1389
f 984 1389 1388
f 985 986 1390
f 985 1390 1389
f 986 987 1391
f 986 1391 1390
f 987 988 1392
f 987 1392 1391
f 988 989 1393
f 988 1393 1392
f 989 990 1394
f 989 1394 1393
f 990 991 1395
f 990 1395 1394
f 991 992 1396
f 991 1396 1395
f 992 993 1397
f 992 1397 1396
f 993 994 1398
f 993 1398 1397
f 994 995 1399
f 994 1399 1398
f 995 996 1400
f 995 1400 1399
f 996 997 1401
f 996 1401 1400
f 997 998 1402
f 997 1402 1401
f 998 999 1403
f 998 1403 1402
f 999 1000 1404
f 999 1404 1403
f 1000 1001 1405
f 1000 1405 1404
f 1001 1002 1406
f 1001 1406 1405
f 1002 1003 1407
f 1002 1407 1406
f 1003 1004 1408
f 1003 1408 1407
f 1004 1005 1409
f 1004 1409 1408
f 1005 1006 1410
f 1005 1410 1409
f 1006 1007 1411
f 1006 1411 1410
f 1007 1008 1412
f 1007 1412 1411
f 1008 1009 1413
f 1008 1413 1412
f 1009 1010 1414
f 1009 1414 1413
f 1010 1011 1415
f 1010 1415 1414
f 1011 1012 1416
f 1011 1416 1415
f 1012 1013 1417
f 1012 1417 1416
f 1013 1014 1418
f 1013 1418 1417
f 1014 1015 1419
f 1014 1419 1418
f 1015 1016 1420
f 1015 1420 1419
f 1016 1017 1421
f 1016 1421 1420
f 1017 1018 1422
f 1017 1422 1421
f 1018 1019 1423
f 1018 1423 1422
f 1019 1020 1424
f 1019 1424 1423
f 1020 1021 1425
f 1020 1425 1424
f 1021 1022 1426
f 1021 1426 1425
f 1022 1023 1427
f 1022 1427 1426
f 1023 1024 1428
f 1023 1428 1427
f 1024 1025 1429
f 1024 1429 1428
f 1025 1026 1430
f 1025 1430 1429
f 1026 1027 1431
f 1026 1431 1430
f 1027 1028 1432
f 1027 1432 1431
f 1028 1029 1433
f 1028 1433 1432
f 1029 1030 1434
f 1029 1434 1433
f 1030 1031 1435
f 1030 1435 1434
f 1031 1032 1436
f 1031 1436 1435
f 1032 1033 1437
f 1032 1437 1436
f 1033 1034 1438
f 1033 1438 1437
f 1034 1035 1439
f 1034 1439 1438
f 1035 1036 1440
f 1035 1440 1439
f 1036 1037 1441
f 1036 1441 1440
f 1037 1038 1442
f 1037 1442 1441
f 1038 1039 1443
f 1038 1443 1442
f 1039 1040 1444
f 1039 1444 1443
f 1040 1041 1445
f 1040 1445 1444
f 1041 1042 1446
f 1041 1446 1445
f 1042 1043 1447
f 1042 1447 1446
f 1043 1044 1448
f 1043 1448 1447
f 1044 1045 1449
f 1044 1449 1448
f 1045 1046 1450
f 1045 1450 1449
f 1046 1047 1451
f 1046 1451 1450
f 1047 1048 1452
f 1047 1452 1451
f 1048 1049 1453
f 1048 1453 1452
f 1049 1050 1454
f 1049 1454 1453
f 1050 1051 1455
f 1050 1455 1454
f 1051 1052 1456
f 1051 1456 1455
f 1052 1053 1457
f 1052 1457 1456
f 1053 1054 1458
f 1053 1458 1457
f 1054 1055 1459
f 1054 1459 1458
f 1055 1056 1460
f 1055 1460 1459
f 1056 1057 1461
f 1056 1461 1460
f 1057 1058 1462
f 1057 1462 1461
f 1058 1059 1463
f 1058 1463 1462
f 1059 1060 1464
f 1059 1464 1463
f 1060 1061 1465
f 1060 1465 1464
f 1061 1062 1466
f 1061 1466 1465
f 1062 1063 1467
f 1062 1467 1466
f 1063 1064 1468
f 1063 1468 1467
f 1064 1065 1469
f 1064 1469 1468
f 1065 1066 1470
f 1065 1470 1469
f 1066 1067 1471
f 1066 1471 1470
f 1067 1068 1472
f 1067 1472 1471
f 1068 1069 1473
f 1068 1473 1472
f 1069 1070 1474
f 1069 1474 1473
f 1070 1071 1475
f 1070 1475 1474
f 1071 1072 1476
f 1071 1476 1475
f 1072 1073 1477
f 1072 1477 1476
f 1073 1074 1478
f 1073 1478 1477
f 1074 1075 1479
f 1074 1479 1478
f 1075 1076 1480
f 1075 1480 1479
f 1076 1077 1481
f 1076 1481 1480
f 1077 1078 1482
f 1077 1482 1481
f 1078 1079 1483
f 1078 1483 1482
f 1079 1080 1484
f 1079 1484 1483
f 1080 1081 1485
f 1080 1485 1484
f 1081 1082 1486
f 1081 1486 1485
f 1082 1083 1487
f 1082 1487 1486
f 1083 1084 1488
f 1083 1488 1487
f 1084 1085 1489
f 1084 1489 1488
f 1085 1086 1490
f 1085 1490 1489
f 1086 1087 1491
f 1086 1491 1490
f 1087 1088 1492
f 1087 1492 1491
f 1088 1089 1493
f 1088 1493 1492
f 1089 1090 1494
f 1089 1494 1493
f 1090 1091 1495
f 1090 1495 1494
f 1091 1092 1496
f 1091 1496 1495
f 1092 1093 1497
f 1092 1497 1496
f 1093 1094 1498
f 1093 1498 1497
f 1094 1095 1499
f 1094 1499 1498
f 1095 1096 1500
f 1095 1500 1499
f 1096 1097 1501
f 1096 1501 1500
f 1097 1098 1502
f 1097 1502 1501
f 1098 1099 1503
f 1098 1503 1502
f 1099 1100 1504
f 1099 1504 1503
f 1100 1101 1505
f 1100 1505 1504
f 1101 1102 1506
f 1101 1506 1505
f 1102 1103 1507
f 1102 1507 1506
f 1103 1104 1508
f 1103 1508 1507
f 1104 1105 1509
f 1104 1509 1508
f 1105 1106 1510
f 1105 1510 1509
f 1106 1107 1511
f 1106 1511 1510
f 1107 1108 1512
f 1107 1512 1511
f 1108 1109 1513
f 1108 1513 1512
f 1109 1110 1514
f 1109 1514 1513
f 1110 1111 1515
f 1110 1515 1514
f 1111 1112 1516
f 1111 1516 1515
f 1112 1113 1517
f 1112 1517 1516
f 1113 1114 1518
f 1113 1518 1517
f 1114 1115 1519
f 1114 1519 1518
f 1115 1116 1520
f 1115 1520 1519
f 1116 1117 1521
f 1116 1521 1520
f 1117 1118 1522
f 1117 1522 1521
f 1118 1119 1523
f 1118 1523 1522
f 1119 1120 1524
f 1119 1524 1523
f 1120 1121 1525
f 1120 1525 1524
f 1121 1122 1526
f 1121 1526 1525
f 1122 1123 1527
f 1122 1527 1526
f 1123 1124 1528
f 1123 1528 1527
f 1124 1125 1529
f 1124 1529 1528
f 1125 1126 1530
f 1125 1530 1529
f 1126 1127 1531
f 1126 1531 1530
f 1127 1128 1532
f 1127 1532 1531
f 1128 1129 1533
f 1128 1533 1532
f 1129 1130 1534
f 1129 1534 1533
f 1130 1131 1535
f 1130 1535 1534
f 1131 1132 1536
f 1131 1536 1535
f 1132 1133 1537
f 1132 1537 1536
f 1133 1134 1538
f 1133 1538 1537
f 1134 1135 1539
f 1134 1539 1538
f 1135 1136 1540
f 1135 1540 1539
f 1136 1137 1541
f 1136 1541 1540
f 1137 1138 1542
f 1137 1542 1541
f 1138 1139 1543
f 1138 1543 1542
f 1139 1140 1544
f 1139 1544 1543
f 1140 1141 1545
f 1140 1545 1544
f 1141 1142 1546
f 1141 1546 1545
f 1142 1143 1547
f 1142 1547 1546
f 1143 1144 1548
f 1143 1548 1547
f 1144 1145 1549
f 1144 1549 1548
f 1145 1146 1550
f 1145 1550 1549
f 1146 1147 1551
f 1146 1551 1550
f 1147 1148 1552
f 1147 1552 1551
f 1148 1149 1553
f 1148 1553 1552
f 1149 1150 1554
f 1149 1554 1553
f 1150 1151 1555
f 1150 1555 1554
f 1151 1152 1556
f 1151 1556 1555
f 1152 1153 1557
f 1152 1557 1556
f 1153 1154 1558
f 1153 1558 1557
f 1154 1155 1559
f 1154 1559 1558
f 1155 1156 1560
f 1155 1560 1559
f 1156 1157 1561
f 1156 1561 1560
f 1157 1158 1562
f 1157 1562 1561
f 1158 1159 1563
f 1158 1563 1562
f 1159 1160 1564
f 1159 1564 1563
f 1160 1161 1565
f 1160 1565 1564
f 1161 1162 1566
f 1161 1566 1565
f 1162 1163 1567
f 1162 1567 1566
f 1163 1164 1568
f 1163 1568 1567
f 1164 1165 1569
f 1164 1569 1568
f 1165 1166 1570
f 1165 1570 1569
f 1166 1167 1571
f 1166 1571 1570
f 1167 1168 1572
f 1167 1572 1571
f 1168 1169 1573
f 1168 1573 1572
f 1169 1170 1574
f 1169 1574 1573
f 1170 1171 1575
f 1170 1575 1574
f 1171 1172 1576
f 1171 1576 1575
f 1172 1173 1577
f 1172 1577 1576
f 1173 1174 1578
f 1173 1578 1577
f 1174 1175 1579
f 1174 1579 1578
f 1175 1176 1580
f 1175 1580 1579
f 1176 1177 1581
f 1176 1581 1580
f 1177 1178 1582
f 1177 1582 1581
f 1178 1179 1583
f 1178 1583 1582
f 1179 1180 1584
f 1179 1584 1583
f 1180 1181 1585
f 1180 1585 1584
f 1181 1182 1586
f 1181 1586 1585
f 1182 1183 1587
f 1182 1587 1586
f 1183 1184 1588
f 1183 1588 1587
f 1184 1185 1589
f 1184 1589 1588
f 1185 1186 1590
f 1185 1590 1589
f 1186 1187 1591
f 1186 1591 1590
f 1187 1188 1592
f 1187 1592 1591
f 1188 1189 1593
f 1188 1593 1592
f 1189 1190 1594
f 1189 1594 1593
f 1190 1191 1595
f 1190 1595 1594
f 1191 1192 1596
f 1191 1596 1595
f 1192 1193 1597
f 1192 1597 1596
f 1193 1194 1598
f 1193 1598 1597
f 1194 1195 1599
f 1194 1599 1598
f 1195 1196 1600
f 1195 1600 1599
f 1196 1197 1601
f 1196 1601 1600
f 1197 1198 1602
f 1197 1602 1601
f 1198 1199 1603
f 1198 1603 1602
f 1199 1200 1604
f 1199 1604 1603
f 1200 1201 1605
f 1200 1605 1604
f 1201 1202 1606
f 1201 1606 1605
f 1202 1203 1607
f 1202 1607 1606
f 1203 1204 1608
f 1203 1608 1607
f 1204 1205 1609
f 1204 1609 1608
f 1205 1206 1610
f 1205 1610 1609
f 1206 1207 1611
f 1206 1611 1610
f 1207 1208 1612
f 1207 1612 1611
f 1208 1209 1613
f 1208 1613 1612
f 1209 1210 1614
f 1209 1614 1613
f 1210 1211 1615
f 1210 1615 1614
f 1211 1212 1616
f 1211 1616 1615
f 1212 809 1213
f 1212 1213 1616
f 1617 1618 2022
f 1617 2022 2021
f 1618 1619 2023
f 1618 2023 2022
f 1619 1620 2024
f 1619 2024 2023
f 1620 1621 2025
f 1620 2025 2024
f 1621 1622 2026
f 1621 2026 2025
f 1622 1623 2027
f 1622 2027 2026
f 1623 1624 2028
f 1623 2028 2027
f 1624 1625 2029
f 1624 2029 2028
f 1625 1626 2030
f 1625 2030 2029
f 1626 1627 2031
f 1626 2031 2030
f 1627 1628 2032
f 1627 2032 2031
f 1628 1629 2033
f 1628 2033 2032
f 1629 1630 2034
f 1629 2034 2033
f 1630 1631 2035
f 1630 2035 2034
f 1631 1632 2036
f 1631 2036 2035
f 1632 1633 2037
f 1632 2037 2036
f 1633 1634 2038
f 1633 2038 2037
f 1634 1635 2039
f 1634 2039 2038
f 1635 1636 2040
f 1635 2040 2039
f 1636 1637 2041
f 1636 2041 2040
f 1637 1638 2042
f 1637 2042 2041
f 1638 1639 2043
f 1638 2043 2042
f 1639 1640 2044
f 1639 2044 2043
f 1640 1641 2045
f 1640 2045 2044
f 1641 1642 2046
f 1641 2046 2045
f 1642 1643 2047
f 1642 2047 2046
f 1643 1644 2048
f 1643 2048 2047
f 1644 1645 2049
f 1644 2049 2048
f 1645 1646 2050
f 1645 2050 2049
f 1646 1647 2051
f 1646 2051 2050
f 1647 1648 2052
f 1647 2052 2051
f 1648 1649 2053
f 1648 2053 2052
f 1649 1650 2054
f 1649 2054 2053
f 1650 1651 2055
f 1650 2055 2054
f 1651 1652 2056
f 1651 2056 2055
f 1652 1653 2057
f 1652 2057 2056
f 1653 1654 2058
f 1653 2058 2057
f 1654 1655 2059
f 1654 2059 2058
f 1655 1656 2060
f 1655 2060 2059
f 1656 1657 2061
f 1656 2061 2060
f 1657 1658 2062
f 1657 2062 2061
f 1658 1659 2063
f 1658 2063 2062
f 1659 1660 2064
f 1659 2064 2063
f 1660 1661 2065
f 1660 2065 2064
f 1661 1662 2066
f 1661 2066 2065
f 1662 1663 2067
f 1662 2067 2066
f 1663 1664 2068
f 1663 2068 2067
f 1664 1665 2069
f 1664 2069 2068
f 1665 1666 2070
f 1665 2070 2069
f 1666 1667 2071
f 1666 2071 2070
f 1667 1668 2072
f 1667 2072 2071
f 1668 1669 2073
f 1668 2073 2072
f 1669 1670 2074
f 1669 2074 2073
f 1670 1671 2075
f 1670 2075 2074
f 1671 1672 2076
f 1671 2076 2075
f 1672 1673 2077
f 1672 2077 2076
f 1673 1674 2078
f 1673 2078 2077
f 1674 1675 2079
f 1674 2079 2078
f 1675 1676 2080
f 1675 2080 2079
f 1676 1677 2081
f 1676 2081 2080
f 1677 1678 2082
f 1677 2082 2081
f 1678 1679 2083
f 1678 2083 2082
f 1679 1680 2084
f 1679 2084 2083
f 1680 1681 2085
f 1680 2085 2084
f 1681 1682 2086
f 1681 2086 2085
f 1682 1683 2087
f 1682 2087 2086
f 1683 1684 2088
f 1683 2088 2087
f 1684 1685 2089
f 1684 2089 2088
f 1685 1686 2090
f 1685 2090 2089
f 1686 1687 2091
f 1686 2091 2090
f 1687 1688 2092
f 1687 2092 2091
f 1688 1689 2093
f 1688 2093 2092
f 1689 1690 2094
f 1689 2094 2093
f 1690 1691 2095
f 1690 2095 2094
f 1691 1692 2096
f 1691 2096 2095
f 1692 1693 2097
f 1692 2097 2096
f 1693 1694 2098
f 1693 2098 2097
f 1694 1695 2099
f 1694 2099 2098
f 1695 1696 2100
f 1695 2100 2099
f 1696 1697 2101
f 1696 2101 2100
f 1697 1698 2102
f 1697 2102 2101
f 1698 1699 2103
f 1698 2103 2102
f 1699 1700 2104
f 1699 2104 2103
f 1700 1701 2105
f 1700 2105 2104
f 1701 1702 2106
f 1701 2106 2105
f 1702 1703 2107
f 1702 2107 2106
f 1703 1704 2108
f 1703 2108 2107
f 1704 1705 2109
f 1704 2109 2108
f 1705 1706 2110
f 1705 2110 2109
f 1706 1707 2111
f 1706 2111 2110
f 1707 1708 2112
f 1707 2112 2111
f 1708 1709 2113
f 1708 2113 2112
f 1709 1710 2114
f 1709 2114 2113
f 1710 1711 2115
f 1710 2115 2114
f 1711 1712 2116
f 1711 2116 2115
f 1712 1713 2117
f 1712 2117 2116
f 1713 1714 2118
f 1713 2118 2117
f 1714 1715 2119
f 1714 2119 2118
f 1715 1716 2120
f 1715 2120 2119
f 1716 1717 2121
f 1716 2121 2120
f 1717 1718 2122
f 1717 2122 2121
f 1718 1719 2123
f 1718 2123 2122
f 1719 1720 2124
f 1719 2124 2123
f 1720 1721 2125
f 1720 2125 2124
f 1721 1722 2126
f 1721 2126 2125
f 1722 1723 2127
f 1722 2127 2126
f 1723 1724 2128
f 1723 2128 2127
f 1724 1725 2129
f 1724 2129 2128
f 1725 1726 2130
f 1725 2130 2129
f 1726 1727 2131
f 1726 2131 2130
f 1727 1728 2132
f 1727 2132 2131
f 1728 1729 2133
f 1728 2133 2132
f 1729 1730 2134
f 1729 2134 2133
f 1730 1731 2135
f 1730 2135 2134
f 1731 1732 2136
f 1731 2136 2135
f 1732 1733 2137
f 1732 2137 2136
f 1733 1734 2138
f 1733 2138 2137
f 1734 1735 2139
f 1734 2139 2138
f 1735 1736 2140
f 1735 2140 2139
f 1736 1737 2141
f 1736 2141 2140
f 1737 1738 2142
f 1737 2142 2141
f 1738 1739 2143
f 1738 2143 2142
f 1739 1740 2144
f 1739 2144 2143
f 1740 1741 2145
f 1740 2145 2144
f 1741 1742 2146
f 1741 2146 2145
f 1742 1743 2147
f 1742 2147 2146
f 1743 1744 2148
f 1743 2148 2147
f 1744 1745 2149
f 1744 2149 2148
f 1745 1746 2150
f 1745 2150 2149
f 1746 1747 2151
f 1746 2151 2150
f 1747 1748 2152
f 1747 2152 2151
f 1748 1749 2153
f 1748 2153 2152
f 1749 1750 2154
f 1749 2154 2153
f 1750 1751 2155
f 1750 2155 2154
f 1751 1752 2156
f 1751 2156 2155
f 1752 1753 2157
f 1752 2157 2156
f 1753 1754 2158
f 1753 2158 2157
f 1754 1755 2159
f 1754 2159 2158
f 1755 1756 2160
f 1755 2160 2159
f 1756 1757 2161
f 1756 2161 2160
f 1757 1758 2162
f 1757 2162 2161
f 1758 1759 2163
f 1758 2163 2162
f 1759 1760 2164
f 1759 2164 2163
f 1760 1761 2165
f 1760 2165 2164
f 1761 1762 2166
f 1761 2166 2165
f 1762 1763 2167
f 1762 2167 2166
f 1763 1764 2168
f 1763 2168 2167
f 1764 1765 2169
f 1764 2169 2168
f 1765 1766 2170
f 1765 2170 2169
f 1766 1767 2171
f 1766 2171 2170
f 1767 1768 2172
f 1767 2172 2171
f 1768 1769 2173
f 1768 2173 2172
f 1769 1770 2174
f 1769 2174 2173
f 1770 1771 2175
f 1770 2175 2174
f 1771 1772 2176
f 1771 2176 2175
f 1772 1773 2177
f 1772 2177 2176
f 1773 1774 2178
f 1773 2178 2177
f 1774 1775 2179
f 1774 2179 2178
f 1775 1776 2180
f 1775 2180 2179
f 1776 1777 2181
f 1776 2181 2180
f 1777 1778 2182
f 1777 2182 2181
f 1778 1779 2183
f 1778 2183 2182
f 1779 1780 2184
f 1779 2184 2183
f 1780 1781 2185
f 1780 2185 2184
f 1781 1782 2186
f 1781 2186 2185
f 1782 1783 2187
f 1782 2187 2186
f 1783 1784 2188
f 1783 2188 2187
f 1784 1785 2189
f 1784 2189 2188
f 1785 1786 2190
f 1785 2190 2189
f 1786 1787 2191
f 1786 2191 2190
f 1787 1788 2192
f 1787 2192 2191
f 1788 1789 2193
f 1788 2193 2192
f 1789 1790 2194
f 1789 2194 2193
f 1790 1791 2195
f 1790 2195 2194
f 1791 1792 2196
f 1791 2196 2195
f 1792 1793 2197
f 1792 2197 2196
f 1793 1794 2198
f 1793 2198 2197
f 1794 1795 2199
f 1794 2199 2198
f 1795 1796 2200
f 1795 2200 2199
f 1796 1797 2201
f 1796 2201 2200
f 1797 1798 2202
f 1797 2202 2201
f 1798 1799 2203
f 1798 2203 2202
f 1799 1800 2204
f 1799 2204 2203
f 1800 1801 2205
f 1800 2205 2204
f 1801 1802 2206
f 1801 2206 2205
f 1802 1803 2207
f 1802 2207 2206
f 1803 1804 2208
f 1803 2208 2207
f 1804 1805 2209
f 1804 2209 2208
f 1805 1806 2210
f 1805 2210 2209
f 1806 1807 2211
f 1806 2211 2210
f 1807 1808 2212
f 1807 2212 2211
f 1808 1809 2213
f 1808 2213 2212
f 1809 1810 2214
f 1809 2214 2213
f 1810 1811 2215
f 1810 2215 2214
f 1811 1812 2216
f 1811 2216 2215
f 1812 1813 2217
f 1812 2217 2216
f 1813 1814 2218
f 1813 2218 2217
f 1814 1815 2219
f 1814 2219 2218
f 1815 1816 2220
f 1815 2220 2219
f 1816 1817 2221
f 1816 2221 2220
f 1817 1818 2222
f 1817 2222 2221
f 1818 1819 2223
f 1818 2223 2222
f 1819 1820 2224
f 1819 2224 2223
f 1820 1821 2225
f 1820 2225 2224
f 1821 1822 2226
f 1821 2226 2225
f 1822 1823 2227
f 1822 2227 2226
f 1823 1824 2228
f 1823 2228 2227
f 1824 1825 2229
f 1824 2229 2228
f 1825 1826 2230
f 1825 2230 2229
f 1826 1827 2231
f 1826 2231 2230
f 1827 1828 2232
f 1827 2232 2231
f 1828 1829 2233
f 1828 2233 2232
f 1829 1830 2234
f 1829 2234 2233
f 1830 1831 2235
f 1830 2235 2234
f 1831 1832 2236
f 1831 2236 2235
f 1832 1833 2237
f 1832 2237 2236
f 1833 1834 2238
f 1833 2238 2237
f 1834 1835 2239
f 1834 2239 2238
f 1835 1836 2240
f 1835 2240 2239
f 1836 1837 2241
f 1836 2241 2240
f 1837 1838 2242
f 1837 2242 2241
f 1838 1839 2243
f 1838 2243 2242
f 1839 1840 2244
f 1839 2244 2243
f 1840 1841 2245
f 1840 2245 2244
f 1841 1842 2246
f 1841 2246 2245
f 1842 1843 2247
f 1842 2247 2246
f 1843 1844 2248
f 1843 2248 2247
f 1844 1845 2249
f 1844 2249 2248
f 1845 1846 2250
f 1845 2250 2249
f 1846 1847 2251
f 1846 2251 2250
f 1847 1848 2252
f 1847 2252 2251
f 1848 1849 2253
f 1848 2253 2252
f 1849 1850 2254
f 1849 2254 2253
f 1850 1851 2255
f 1850 2255 2254
f 1851 1852 2256
f 1851 2256 2255
f 1852 1853 2257
f 1852 2257 2256
f 1853 1854 2258
f 1853 2258 2257
f 1854 1855 2259
f 1854 2259 2258
f 1855 1856 2260
f 1855 2260 2259
f 1856 1857 2261
f 1856 2261 2260
f 1857 1858 2262
f 1857 2262 2261
f 1858 1859 2263
f 1858 2263 2262
f 1859 1860 2264
f 1859 2264 2263
f 1860 1861 2265
f 1860 2265 2264
f 1861 1862 2266
f 1861 2266 2265
f 1862 1863 2267
f 1862 2267 2266
f 1863 1864 2268
f 1863 2268 2267
f 1864 1865 2269
f 1864 2269 2268
f 1865 1866 2270
f 1865 2270 2269
f 1866 1867 2271
f 1866 2271 2270
f 1867 1868 2272
f 1867 2272 2271
f 1868 1869 2273
f 1868 2273 2272
f 1869 1870 2274
f 1869 2274 2273
f 1870 1871 2275
f 1870 2275 2274
f 1871 1872 2276
f 1871 2276 2275
f 1872 1873 2277
f 1872 2277 2276
f 1873 1874 2278
f 1873 2278 2277
f 1874 1875 2279
f 1874 2279 2278
f 1875 1876 2280
f 1875 2280 2279
f 1876 1877 2281
f 1876 2281 2280
f 1877 1878 2282
f 1877 2282 2281
f 1878 1879 2283
f 1878 2283 2282
f 1879 1880 2284
f 1879 2284 2283
f 1880 1881 2285
f 1880 2285 2284
f 1881 1882 2286
f 1881 2286 2285
f 1882 1883 2287
f 1882 2287 2286
f 1883 1884 2288
f 1883 2288 2287
f 1884 1885 2289
f 1884 2289 2288
f 1885 1886 2290
f 1885 2290 2289
f 1886 1887 2291
f 1886 2291 2290
f 1887 1888 2292
f 1887 2292 2291
f 1888 1889 2293
f 1888 2293 2292
f 1889 1890 2294
f 1889 2294 2293
f 1890 1891 2295
f 1890 2295 2294
f 1891 1892 2296
f 1891 2296 2295
f 1892 1893 2297
f 1892 2297 2296
f 1893 1894 2298
f 1893 2298 2297
f 1894 1895 2299
f 1894 2299 2298
f 1895 1896 2300
f 1895 2300 2299
f 1896 1897 2301
f 1896 2301 2300
f 1897 1898 2302
f 1897 2302 2301
f 1898 1899 2303
f 1898 2303 2302
f 1899 1900 2304
f 1899 2304 2303
f 1900 1901 2305
f 1900 2305 2304
f 1901 1902 2306
f 1901 2306 2305
f 1902 1903 2307
f 1902 2307 2306
f 1903 1904 2308
f 1903 2308 2307
f 1904 1905 2309
f 1904 2309 2308
f 1905 1906 2310
f 1905 2310 2309
f 1906 1907 2311
f 1906 2311 2310
f 1907 1908 2312
f 1907 2312 2311
f 1908 1909 2313
f 1908 2313 2312
f 1909 1910 2314
f 1909 2314 2313
f 1910 1911 2315
f 1910 2315 2314
f 1911 1912 2316
f 1911 2316 2315
f 1912 1913 2317
f 1912 2317 2316
f 1913 1914 2318
f 1913 2318 2317
f 1914 1915 2319
f 1914 2319 2318
f 1915 1916 2320
f 1915 2320 2319
f 1916 1917 2321
f 1916 2321 2320
f 1917 1918 2322
f 1917 2322 2321
f 1918 1919 2323
f 1918 2323 2322
f 1919 1920 2324
f 1919 2324 2323
f 1920 1921 2325
f 1920 2325 2324
f 1921 1922 2326
f 1921 2326 2325
f 1922 1923 2327
f 1922 2327 2326
f 1923 1924 2328
f 1923 2328 2327
f 1924 1925 2329
f 1924 2329 2328
f 1925 1926 2330
f 1925 2330 2329
f 1926 1927 2331
f 1926 2331 2330
f 1927 1928 2332
f 1927 2332 2331
f 1928 1929 2333
f 1928 2333 2332
f 1929 1930 2334
f 1929 2334 2333
f 1930 1931 2335
f 1930 2335 2334
f 1931 1932 2336
f 1931 2336 2335
f 1932 1933 2337
f 1932 2337 2336
f 1933 1934 2338
f 1933 2338 2337
f 1934 1935 2339
f 1934 2339 2338
f 1935 1936 2340
f 1935 2340 2339
f 1936 1937 2341
f 1936 2341 2340
f 1937 1938 2342
f 1937 2342 2341
f 1938 1939 2343
f 1938 2343 2342
f 1939 1940 2344
f 1939 2344 2343
f 1940 1941 2345
f 1940 2345 2344
f 1941 1942 2346
f 1941 2346 2345
f 1942 1943 2347
f 1942 2347 2346
f 1943 1944 2348
f 1943 2348 2347
f 1944 1945 2349
f 1944 2349 2348
f 1945 1946 2350
f 1945 2350 2349
f 1946 1947 2351
f 1946 2351 2350
f 1947 1948 2352
f 1947 2352 2351
f 1948 1949 2353
f 1948 2353 2352
f 1949 1950 2354
f 1949 2354 2353
f 1950 1951 2355
f 1950 2355 2354
f 1951 1952 2356
f 1951 2356 2355
f 1952 1953 2357
f 1952 2357 2356
f 1953 1954 2358
f 1953 2358 2357
f 1954 1955 2359
f 1954 2359 2358
f 1955 1956 2360
f 1955 2360 2359
f 1956 1957 2361
f 1956 2361 2360
f 1957 1958 2362
f 1957 2362 2361
f 1958 1959 2363
f 1958 2363 2362
f 1959 1960 2364
f 1959 2364 2363
f 1960 1961 2365
f 1960 2365 2364
f 1961 1962 2366
f 1961 2366 2365
f 1962 1963 2367
f 1962 2367 2366
f 1963 1964 2368
f 1963 2368 2367
f 1964 1965 2369
f 1964 2369 2368
f 1965 1966 2370
f 1965 2370 2369
f 1966 1967 2371
f 1966 2371 2370
f 1967 1968 2372
f 1967 2372 2371
f 1968 1969 2373
f 1968 2373 2372
f 1969 1970 2374
f 1969 2374 2373
f 1970 1971 2375
f 1970 2375 2374
f 1971 1972 2376
f 1971 2376 2375
f 1972 1973 2377
f 1972 2377 2376
f 1973 1974 2378
f 1973 2378 2377
f 1974 1975 2379
f 1974 2379 2378
f 1975 1976 2380
f 1975 2380 2379
f 1976 1977 2381
f 1976 2381 2380
f 1977 1978 2382
f 1977 2382 2381
f 1978 1979 2383
f 1978 2383 2382
f 1979 1980 2384
f 1979 2384 2383
f 1980 1981 2385
f 1980 2385 2384
f 1981 1982 2386
f 1981 2386 2385
f 1982 1983 2387
f 1982 2387 2386
f 1983 1984 2388
f 1983 2388 2387
f 1984 1985 2389
f 1984 2389 2388
f 1985 1986 2390
f 1985 2390 2389
f 1986 1987 2391
f 1986 2391 2390
f 1987 1988 2392
f 1987 2392 2391
f 1988 1989 2393
f 1988 2393 2392
f 1989 1990 2394
f 1989 2394 2393
f 1990 1991 2395
f 1990 2395 2394
f 1991 1992 2396
f 1991 2396 2395
f 1992 1993 2397
f 1992 2397 2396
f 1993 1994 2398
f 1993 2398 2397
f 1994 1995 2399
f 1994 2399 2398
f 1995 1996 2400
f 1995 2400 2399
f 1996 1997 2401
f 1996 2401 2400
f 1997 1998 2402
f 1997 2402 2401
f 1998 1999 2403
f 1998 2403 2402
f 1999 2000 2404
f 1999 2404 2403
f 2000 2001 2405
f 2000 2405 2404
f 2001 2002 2406
f 2001 2406 2405
f 2002 2003 2407
f 2002 2407 2406
f 2003 2004 2408
f 2003 2408 2407
f 2004 2005 2409
f 2004 2409 2408
f 2005 2006 2410
f 2005 2410 2409
f 2006 2007 2411
f 2006 2411 2410
f 2007 2008 2412
f 2007 2412 2411
f 2008 2009 2413
f 2008 2413 2412
f 2009 2010 2414
f 2009 2414 2413
f 2010 2011 2415
f 2010 2415 2414
f 2011 2012 2416
f 2011 2416 2415
f 2012 2013 2417
f 2012 2417 2416
f 2013 2014 2418
f 2013 2418 2417
f 2014 2015 2419
f 2014 2419 2418
f 2015 2016 2420
f 2015 2420 2419
f 2016 2017 2421
f 2016 2421 2420
f 2017 2018 2422
f 2017 2422 2421
f 2018 2019 2423
f 2018 2423 2422
f 2019 2020 2424
f 2019 2424 2423
f 2020 1617 2021
f 2020 2021 2424
f 1212 2020 809
f 1212 1617 2020
f 2020 810 809
f 2019 810 2020
f 2019 811 810
f 2018 811 2019
f 1211 1617 1212
f 1211 1618 1617
f 1210 1618 1211
f 1210 1619 1618
f 2018 812 811
f 2017 812 2018
f 1209 1619 1210
f 1209 1620 1619
f 2017 813 812
f 2016 813 2017
f 1208 1620 1209
f 1208 1621 1620
f 2016 814 813
f 2015 814 2016
f 1207 1621 1208
f 1207 1622 1621
f 2015 815 814
f 2014 815 2015
f 1206 1622 1207
f 1206 1623 1622
f 2014 816 815
f 2013 816 2014
f 2013 817 816
f 2012 817 2013
f 2012 818 817
f 2011 818 2012
f 2011 819 818
f 2010 819 2011
f 2010 820 819
f 2009 820 2010
f 2009 821 820
f 2008 821 2009
f 2008 822 821
f 2007 822 2008
f 2007 823 822
f 2006 823 2007
f 2006 824 823
f 2005 824 2006
f 2005 825 824
f 2004 825 2005
f 2004 826 825
f 2003 826 2004
f 2003 827 826
f 2002 827 2003
f 2002 828 827
f 2001 828 2002
f 2001 829 828
f 2000 829 2001
f 2000 830 829
f 1999 830 2000
f 1999 831 830
f 1998 831 1999
f 1998 832 831
f 1997 832 1998
f 1997 833 832
f 1996 833 1997
f 1996 834 833
f 1995 834 1996
f 1995 835 834
f 1994 835 1995
f 1994 836 835
f 1993 836 1994
f 1993 837 836
f 1992 837 1993
f 1992 838 837
f 1991 838 1992
f 1991 839 838
f 1990 839 1991
f 1990 840 839
f 1989 840 1990
f 1989 841 840
f 1988 841 1989
f 1988 842 841
f 1987 842 1988
f 1987 843 842
f 1986 843 1987
f 1986 844 843
f 1985 844 1986
f 1985 845 844
f 1984 845 1985
f 1984 846 845
f 1983 846 1984
f 1983 847 846
f 1982 847 1983
f 1982 848 847
f 1981 848 1982
f 1981 849 848
f 1980 849 1981
f 1980 850 849
f 1979 850 1980
f 1979 851 850
f 1978 851 1979
f 1978 852 851
f 1977 852 1978
f 1977 853 852
f 1976 853 1977
f 1976 854 853
f 1975 854 1976
f 1975 855 854
f 1974 855 1975
f 1974 856 855
f 1973 856 1974
f 1973 857 856
f 1972 857 1973
f 1972 858 857
f 1971 858 1972
f 1971 859 858
f 1970 859 1971
f 1970 860 859
f 1969 860 1970
f 1969 861 860
f 1968 861 1969
f 1968 862 861
f 1967 862 1968
f 1967 863 862
f 1966 863 1967
f 1966 864 863
f 1965 864 1966
f 1205 1623 1206
f 1205 1624 1623
f 1204 1624 1205
f 1204 1625 1624
f 1203 1625 1204
f 1203 1626 1625
f 1202 1626 1203
f 1202 1627 1626
f 1201 1627 1202
f 1201 1628 1627
f 1200 1628 1201
f 1200 1629 1628
f 1199 1629 1200
f 1199 1630 1629
f 1198 1630 1199
f 1198 1631 1630
f 1197 1631 1198
f 1197 1632 1631
f 1196 1632 1197
f 1196 1633 1632
f 1195 1633 1196
f 1195 1634 1633
f 1194 1634 1195
f 1194 1635 1634
f 1193 1635 1194
f 1193 1636 1635
f 1192 1636 1193
f 1192 1637 1636
f 1191 1637 1192
f 1191 1638 1637
f 1190 1638 1191
f 1190 1639 1638
f 1189 1639 1190
f 1189 1640 1639
f 1188 1640 1189
f 1188 1641 1640
f 1187 1641 1188
f 1187 1642 1641
f 1186 1642 1187
f 1186 1643 1642
f 1185 1643 1186
f 1185 1644 1643
f 1184 1644 1185
f 1184 1645 1644
f 1183 1645 1184
f 1183 1646 1645
f 1182 1646 1183
f 1182 1647 1646
f 1181 1647 1182
f 1181 1648 1647
f 1180 1648 1181
f 1180 1649 1648
f 1179 1649 1180
f 1179 1650 1649
f 1178 1650 1179
f 1178 1651 1650
f 1177 1651 1178
f 1177 1652 1651
f 1176 1652 1177
f 1176 1653 1652
f 1175 1653 1176
f 1175 1654 1653
f 1174 1654 1175
f 1174 1655 1654
f 1173 1655 1174
f 1173 1656 1655
f 1172 1656 1173
f 1172 1657 1656
f 1171 1657 1172
f 1171 1658 1657
f 1170 1658 1171
f 1170 1659 1658
f 1169 1659 1170
f 1169 1660 1659
f 1168 1660 1169
f 1168 1661 1660
f 1167 1661 1168
f 1167 1662 1661
f 1166 1662 1167
f 1166 1663 1662
f 1165 1663 1166
f 1165 1664 1663
f 1164 1664 1165
f 1164 1665 1664
f 1163 1665 1164
f 1163 1666 1665
f 1162 1666 1163
f 1162 1667 1666
f 1161 1667 1162
f 1161 1668 1667
f 1160 1668 1161
f 1160 1669 1668
f 1159 1669 1160
f 1159 1670 1669
f 1158 1670 1159
f 1158 1671 1670
f 1157 1671 1158
f 1157 1672 1671
f 1965 865 864
f 1964 865 1965
f 1156 1672 1157
f 1156 1673 1672
f 1964 866 865
f 1963 866 1964
f 1155 1673 1156
f 1155 1674 1673
f 1963 867 866
f 1962 867 1963
f 1962 868 867
f 1961 868 1962
f 1154 1674 1155
f 1154 1675 1674
f 1961 869 868
f 1960 869 1961
f 1153 1675 1154
f 1153 1676 1675
f 1960 870 869
f 1959 870 1960
f 1152 1676 1153
f 1152 1677 1676
f 1151 1677 1152
f 1151 1678 1677
f 1959 871 870
f 1958 871 1959
f 1958 872 871
f 1957 872 1958
f 1150 1678 1151
f 1150 1679 1678
f 1957 873 872
f 1956 873 1957
f 1149 1679 1150
f 1149 1680 1679
f 1148 1680 1149
f 1148 1681 1680
f 1956 874 873
f 1955 874 1956
f 1955 875 874
f 1954 875 1955
f 1147 1681 1148
f 1147 1682 1681
f 1146 1682 1147
f 1146 1683 1682
f 1954 876 875
f 1953 876 1954
f 1953 877 876
f 1952 877 1953
f 1952 878 877
f 1951 878 1952
f 1951 879 878
f 1950 879 1951
f 1950 880 879
f 1949 880 1950
f 1949 881 880
f 1948 881 1949
f 1948 882 881
f 1947 882 1948
f 1947 883 882
f 1946 883 1947
f 1946 884 883
f 1945 884 1946
f 1945 885 884
f 1944 885 1945
f 1944 886 885
f 1943 886 1944
f 1943 887 886
f 1942 887 1943
f 1942 888 887
f 1941 888 1942
f 1941 889 888
f 1940 889 1941
f 1940 890 889
f 1939 890 1940
f 1939 891 890
f 1938 891 1939
f 1938 892 891
f 1937 892 1938
f 1937 893 892
f 1936 893 1937
f 1936 894 893
f 1935 894 1936
f 1935 895 894
f 1934 895 1935
f 1934 896 895
f 1933 896 1934
f 1933 897 896
f 1932 897 1933
f 1932 898 897
f 1931 898 1932
f 1931 899 898
f 1930 899 1931
f 1930 900 899
f 1929 900 1930
f 1929 901 900
f 1928 901 1929
f 1928 902 901
f 1927 902 1928
f 1927 903 902
f 1926 903 1927
f 1926 904 903
f 1925 904 1926
f 1925 905 904
f 1924 905 1925
f 1924 906 905
f 1923 906 1924
f 1923 907 906
f 1922 907 1923
f 1922 908 907
f 1921 908 1922
f 1921 909 908
f 1920 909 1921
f 1920 910 909
f 1919 910 1920
f 1919 911 910
f 1918 911 1919
f 1918 912 911
f 1917 912 1918
f 1917 913 912
f 1916 913 1917
f 1916 914 913
f 1915 914 1916
f 1915 915 914
f 1914 915 1915
f 1914 916 915
f 1913 916 1914
f 1913 917 916
f 1912 917 1913
f 1912 918 917
f 1911 918 1912
f 1911 919 918
f 1910 919 1911
f 1910 920 919
f 1909 920 1910
f 1909 921 920
f 1908 921 1909
f 1908 922 921
f 1907 922 1908
f 1907 923 922
f 1906 923 1907
f 1906 924 923
f 1905 924 1906
f 1905 925 924
f 1904 925 1905
f 1904 926 925
f 1903 926 1904
f 1903 927 926
f 1902 927 1903
f 1902 928 927
f 1901 928 1902
f 1901 929 928
f 1900 929 1901
f 1900 930 929
f 1899 930 1900
f 1899 931 930
f 1898 931 1899
f 1898 932 931
f 1897 932 1898
f 1897 933 932
f 1896 933 1897
f 1896 934 933
f 1895 934 1896
f 1895 935 934
f 1894 935 1895
f 1894 936 935
f 1893 936 1894
f 1893 937 936
f 1892 937 1893
f 1892 938 937
f 1891 938 1892
f 1891 939 938
f 1890 939 1891
f 1890 940 939
f 1889 940 1890
f 1889 941 940
f 1888 941 1889
f 1888 942 941
f 1887 942 1888
f 1887 943 942
f 1886 943 1887
f 1886 944 943
f 1885 944 1886
f 1885 945 944
f 1884 945 1885
f 1884 946 945
f 1883 946 1884
f 1883 947 946
f 1882 947 1883
f 1882 948 947
f 1881 948 1882
f 1881 949 948
f 1880 949 1881
f 1880 950 949
f 1879 950 1880
f 1879 951 950
f 1878 951 1879
f 1878 952 951
f 1877 952 1878
f 1877 953 952
f 1876 953 1877
f 1876 954 953
f 1875 954 1876
f 1875 955 954
f 1874 955 1875
f 1874 956 955
f 1873 956 1874
f 1873 957 956
f 1872 957 1873
f 1872 958 957
f 1871 958 1872
f 1871 959 958
f 1870 959 1871
f 1870 960 959
f 1869 960 1870
f 1869 961 960
f 1868 961 1869
f 1868 962 961
f 1867 962 1868
f 1867 963 962
f 1866 963 1867
f 1866 964 963
f 1865 964 1866
f 1865 965 964
f 1864 965 1865
f 1864 966 965
f 1863 966 1864
f 1863 967 966
f 1862 967 1863
f 1862 968 967
f 1861 968 1862
f 1861 969 968
f 1860 969 1861
f 1860 970 969
f 1859 970 1860
f 1859 971 970
f 1858 971 1859
f 1858 972 971
f 1857 972 1858
f 1857 973 972
f 1856 973 1857
f 1856 974 973
f 1855 974 1856
f 1855 975 974
f 1854 975 1855
f 1854 976 975
f 1853 976 1854
f 1853 977 976
f 1852 977 1853
f 1852 978 977
f 1851 978 1852
f 1851 979 978
f 1850 979 1851
f 1850 980 979
f 1849 980 1850
f 1849 981 980
f 1848 981 1849
f 1848 982 981
f 1847 982 1848
f 1847 983 982
f 1846 983 1847
f 1846 984 983
f 1845 984 1846
f 1845 985 984
f 1844 985 1845
f 1844 986 985
f 1843 986 1844
f 1843 987 986
f 1842 987 1843
f 1842 988 987
f 1841 988 1842
f 1841 989 988
f 1840 989 1841
f 1840 990 989
f 1839 990 1840
f 1839 991 990
f 1838 991 1839
f 1838 992 991
f 1837 992 1838
f 1837 993 992
f 1836 993 1837
f 1836 994 993
f 1835 994 1836
f 1835 995 994
f 1834 995 1835
f 1834 996 995
f 1833 996 1834
f 1833 997 996
f 1832 997 1833
f 1832 998 997
f 1831 998 1832
f 1831 999 998
f 1830 999 1831
f 1830 1000 999
f 1829 1000 1830
f 1829 1001 1000
f 1828 1001 1829
f 1828 1002 1001
f 1827 1002 1828
f 1827 1003 1002
f 1826 1003 1827
f 1826 1004 1003
f 1825 1004 1826
f 1825 1005 1004
f 1824 1005 1825
f 1824 1006 1005
f 1823 1006 1824
f 1823 1007 1006
f 1822 1007 1823
f 1822 1008 1007
f 1821 1008 1822
f 1821 1009 1008
f 1820 1009 1821
f 1820 1010 1009
f 1819 1010 1820
f 1819 1011 1010
f 1818 1011 1819
f 1818 1012 1011
f 1817 1012 1818
f 1817 1013 1012
f 1816 1013 1817
f 1816 1014 1013
f 1815 1014 1816
f 1815 1015 1014
f 1814 1015 1815
f 1814 1016 1015
f 1813 1016 1814
f 1813 1017 1016
f 1812 1017 1813
f 1812 1018 1017
f 1811 1018 1812
f 1811 1019 1018
f 1810 1019 1811
f 1810 1020 1019
f 1809 1020 1810
f 1809 1021 1020
f 1808 1021 1809
f 1808 1022 1021
f 1807 1022 1808
f 1807 1023 1022
f 1806 1023 1807
f 1806 1024 1023
f 1805 1024 1806
f 1805 1025 1024
f 1804 1025 1805
f 1804 1026 1025
f 1803 1026 1804
f 1803 1027 1026
f 1802 1027 1803
f 1802 1028 1027
f 1801 1028 1802
f 1801 1029 1028
f 1800 1029 1801
f 1800 1030 1029
f 1799 1030 1800
f 1799 1031 1030
f 1798 1031 1799
f 1798 1032 1031
f 1797 1032 1798
f 1797 1033 1032
f 1796 1033 1797
f 1796 1034 1033
f 1795 1034 1796
f 1795 1035 1034
f 1794 1035 1795
f 1794 1036 1035
f 1793 1036 1794
f 1793 1037 1036
f 1792 1037 1793
f 1792 1038 1037
f 1791 1038 1792
f 1791 1039 1038
f 1790 1039 1791
f 1790 1040 1039
f 1789 1040 1790
f 1789 1041 1040
f 1788 1041 1789
f 1788 1042 1041
f 1787 1042 1788
f 1787 1043 1042
f 1786 1043 1787
f 1786 1044 1043
f 1785 1044 1786
f 1785 1045 1044
f 1784 1045 1785
f 1784 1046 1045
f 1783 1046 1784
f 1783 1047 1046
f 1782 1047 1783
f 1782 1048 1047
f 1781 1048 1782
f 1781 1049 1048
f 1780 1049 1781
f 1780 1050 1049
f 1779 1050 1780
f 1779 1051 1050
f 1778 1051 1779
f 1778 1052 1051
f 1777 1052 1778
f 1777 1053 1052
f 1776 1053 1777
f 1776 1054 1053
f 1775 1054 1776
f 1775 1055 1054
f 1774 1055 1775
f 1774 1056 1055
f 1773 1056 1774
f 1773 1057 1056
f 1772 1057 1773
f 1772 1058 1057
f 1771 1058 1772
f 1771 1059 1058
f 1770 1059 1771
f 1770 1060 1059
f 1769 1060 1770
f 1769 1061 1060
f 1768 1061 1769
f 1768 1062 1061
f 1767 1062 1768
f 1767 1063 1062
f 1766 1063 1767
f 1766 1064 1063
f 1765 1064 1766
f 1765 1065 1064
f 1764 1065 1765
f 1764 1066 1065
f 1763 1066 1764
f 1763 1067 1066
f 1762 1067 1763
f 1762 1068 1067
f 1761 1068 1762
f 1761 1069 1068
f 1760 1069 1761
f 1760 1070 1069
f 1759 1070 1760
f 1759 1071 1070
f 1758 1071 1759
f 1758 1072 1071
f 1757 1072 1758
f 1757 1073 1072
f 1756 1073 1757
f 1756 1074 1073
f 1755 1074 1756
f 1755 1075 1074
f 1754 1075 1755
f 1754 1076 1075
f 1753 1076 1754
f 1753 1077 1076
f 1752 1077 1753
f 1752 1078 1077
f 1751 1078 1752
f 1751 1079 1078
f 1750 1079 1751
f 1750 1080 1079
f 1749 1080 1750
f 1749 1081 1080
f 1748 1081 1749
f 1748 1082 1081
f 1747 1082 1748
f 1747 1083 1082
f 1746 1083 1747
f 1746 1084 1083
f 1745 1084 1746
f 1745 1085 1084
f 1744 1085 1745
f 1744 1086 1085
f 1743 1086 1744
f 1743 1087 1086
f 1742 1087 1743
f 1742 1088 1087
f 1741 1088 1742
f 1741 1089 1088
f 1740 1089 1741
f 1740 1090 1089
f 1739 1090 1740
f 1739 1091 1090
f 1738 1091 1739
f 1738 1092 1091
f 1737 1092 1738
f 1737 1093 1092
f 1736 1093 1737
f 1736 1094 1093
f 1735 1094 1736
f 1735 1095 1094
f 1734 1095 1735
f 1734 1096 1095
f 1733 1096 1734
f 1733 1097 1096
f 1732 1097 1733
f 1732 1098 1097
f 1731 1098 1732
f 1731 1099 1098
f 1730 1099 1731
f 1730 1100 1099
f 1729 1100 1730
f 1729 1101 1100
f 1728 1101 1729
f 1728 1102 1101
f 1727 1102 1728
f 1727 1103 1102
f 1726 1103 1727
f 1726 1104 1103
f 1725 1104 1726
f 1725 1105 1104
f 1724 1105 1725
f 1724 1106 1105
f 1723 1106 1724
f 1723 1107 1106
f 1722 1107 1723
f 1722 1108 1107
f 1721 1108 1722
f 1721 1109 1108
f 1720 1109 1721
f 1720 1110 1109
f 1719 1110 1720
f 1719 1111 1110
f 1718 1111 1719
f 1718 1112 1111
f 1717 1112 1718
f 1717 1113 1112
f 1716 1113 1717
f 1716 1114 1113
f 1715 1114 1716
f 1715 1115 1114
f 1714 1115 1715
f 1714 1116 1115
f 1713 1116 1714
f 1713 1117 1116
f 1712 1117 1713
f 1712 1118 1117
f 1711 1118 1712
f 1711 1119 1118
f 1710 1119 1711
f 1710 1120 1119
f 1709 1120 1710
f 1709 1121 1120
f 1708 1121 1709
f 1708 1122 1121
f 1707 1122 1708
f 1707 1123 1122
f 1706 1123 1707
f 1706 1124 1123
f 1705 1124 1706
f 1705 1125 1124
f 1704 1125 1705
f 1704 1126 1125
f 1703 1126 1704
f 1703 1127 1126
f 1702 1127 1703
f 1702 1128 1127
f 1701 1128 1702
f 1701 1129 1128
f 1700 1129 1701
f 1700 1130 1129
f 1699 1130 1700
f 1699 1131 1130
f 1698 1131 1699
f 1698 1132 1131
f 1697 1132 1698
f 1697 1133 1132
f 1696 1133 1697
f 1696 1134 1133
f 1695 1134 1696
f 1695 1135 1134
f 1694 1135 1695
f 1694 1136 1135
f 1693 1136 1694
f 1693 1137 1136
f 1692 1137 1693
f 1692 1138 1137
f 1691 1138 1692
f 1691 1139 1138
f 1690 1139 1691
f 1690 1140 1139
f 1689 1140 1690
f 1689 1141 1140
f 1688 1141 1689
f 1688 1142 1141
f 1687 1142 1688
f 1687 1143 1142
f 1686 1143 1687
f 1686 1144 1143
f 1685 1144 1686
f 1685 1145 1144
f 1684 1145 1685
f 1684 1146 1145
f 1684 1683 1146
f 1616 1213 2424
f 1616 2424 2021
f 2424 1213 1214
f 2423 2424 1214
f 2423 1214 1215
f 2422 2423 1215
f 1615 1616 2021
f 1615 2021 2022
f 1614 1615 2022
f 1614 2022 2023
f 2422 1215 1216
f 2421 2422 1216
f 1613 1614 2023
f 1613 2023 2024
f 2421 1216 1217
f 2420 2421 1217
f 1612 1613 2024
f 1612 2024 2025
f 2420 1217 1218
f 2419 2420 1218
f 1611 1612 2025
f 1611 2025 2026
f 2419 1218 1219
f 2418 2419 1219
f 1610 1611 2026
f 1610 2026 2027
f 2418 1219 1220
f 2417 2418 1220
f 2417 1220 1221
f 2416 2417 1221
f 2416 1221 1222
f 2415 2416 1222
f 2415 1222 1223
f 2414 2415 1223
f 2414 1223 1224
f 2413 2414 1224
f 2413 1224 1225
f 2412 2413 1225
f 2412 1225 1226
f 2411 2412 1226
f 2411 1226 1227
f 2410 2411 1227
f 2410 1227 1228
f 2409 2410 1228
f 2409 1228 1229
f 2408 2409 1229
f 2408 1229 1230
f 2407 2408 1230
f 2407 1230 1231
f 2406 2407 1231
f 2406 1231 1232
f 2405 2406 1232
f 2405 1232 1233
f 2404 2405 1233
f 2404 1233 1234
f 2403 2404 1234
f 2403 1234 1235
f 2402 2403 1235
f 2402 1235 1236
f 2401 2402 1236
f 2401 1236 1237
f 2400 2401 1237
f 2400 1237 1238
f 2399 2400 1238
f 2399 1238 1239
f 2398 2399 1239
f 2398 1239 1240
f 2397 2398 1240
f 2397 1240 1241
f 2396 2397 1241
f 2396 1241 1242
f 2395 2396 1242
f 2395 1242 1243
f 2394 2395 1243
f 2394 1243 1244
f 2393 2394 1244
f 2393 1244 1245
f 2392 2393 1245
f 2392 1245 1246
f 2391 2392 1246
f 2391 1246 1247
f 2390 2391 1247
f 2390 1247 1248
f 2389 2390 1248
f 2389 1248 1249
f 2388 2389 1249
f 2388 1249 1250
f 2387 2388 1250
f 2387 1250 1251
f 2386 2387 1251
f 2386 1251 1252
f 2385 2386 1252
f 2385 1252 1253
f 2384 2385 1253
f 2384 1253 1254
f 2383 2384 1254
f 2383 1254 1255
f 2382 2383 1255
f 2382 1255 1256
f 2381 2382 1256
f 2381 1256 1257
f 2380 2381 1257
f 2380 1257 1258
f 2379 2380 1258
f 2379 1258 1259
f 2378 2379 1259
f 2378 1259 1260
f 2377 2378 1260
f 2377 1260 1261
f 2376 2377 1261
f 2376 1261 1262
f 2375 2376 1262
f 2375 1262 1263
f 2374 2375 1263
f 2374 1263 1264
f 2373 2374 1264
f 2373 1264 1265
f 2372 2373 1265
f 2372 1265 1266
f 2371 2372 1266
f 2371 1266 1267
f 2370 2371 1267
f 2370 1267 1268
f 2369 2370 1268
f 1609 1610 2027
f 1609 2027 2028
f 1608 1609 2028
f 1608 2028 2029
f 1607 1608 2029
f 1607 2029 2030
f 1606 1607 2030
f 1606 2030 2031
f 1605 1606 2031
f 1605 2031 2032
f 1604 1605 2032
f 1604 2032 2033
f 1603 1604 2033
f 1603 2033 2034
f 1602 1603 2034
f 1602 2034 2035
f 1601 1602 2035
f 1601 2035 2036
f 1600 1601 2036
f 1600 2036 2037
f 1599 1600 2037
f 1599 2037 2038
f 1598 1599 2038
f 1598 2038 2039
f 1597 1598 2039
f 1597 2039 2040
f 1596 1597 2040
f 1596 2040 2041
f 1595 1596 2041
f 1595 2041 2042
f 1594 1595 2042
f 1594 2042 2043
f 1593 1594 2043
f 1593 2043 2044
f 1592 1593 2044
f 1592 2044 2045
f 1591 1592 2045
f 1591 2045 2046
f 1590 1591 2046
f 1590 2046 2047
f 1589 1590 2047
f 1589 2047 2048
f 1588 1589 2048
f 1588 2048 2049
f 1587 1588 2049
f 1587 2049 2050
f 1586 1587 2050
f 1586 2050 2051
f 1585 1586 2051
f 1585 2051 2052
f 1584 1585 2052
f 1584 2052 2053
f 1583 1584 2053
f 1583 2053 2054
f 1582 1583 2054
f 1582 2054 2055
f 1581 1582 2055
f 1581 2055 2056
f 1580 1581 2056
f 1580 2056 2057
f 1579 1580 2057
f 1579 2057 2058
f 1578 1579 2058
f 1578 2058 2059
f 1577 1578 2059
f 1577 2059 2060
f 1576 1577 2060
f 1576 2060 2061
f 1575 1576 2061
f 1575 2061 2062
f 1574 1575 2062
f 1574 2062 2063
f 1573 1574 2063
f 1573 2063 2064
f 1572 1573 2064
f 1572 2064 2065
f 1571 1572 2065
f 1571 2065 2066
f 1570 1571 2066
f 1570 2066 2067
f 1569 1570 2067
f 1569 2067 2068
f 1568 1569 2068
f 1568 2068 2069
f 1567 1568 2069
f 1567 2069 2070
f 1566 1567 2070
f 1566 2070 2071
f 1565 1566 2071
f 1565 2071 2072
f 1564 1565 2072
f 1564 2072 2073
f 1563 1564 2073
f 1563 2073 2074
f 1562 1563 2074
f 1562 2074 2075
f 1561 1562 2075
f 1561 2075 2076
f 2369 1268 1269
f 2368 2369 1269
f 1560 1561 2076
f 1560 2076 2077
f 2368 1269 1270
f 2367 2368 1270
f 1559 1560 2077
f 1559 2077 2078
f 2367 1270 1271
f 2366 2367 1271
f 2366 1271 1272
f 2365 2366 1272
f 1558 1559 2078
f 1558 2078 2079
f 2365 1272 1273
f 2364 2365 1273
f 1557 1558 2079
f 1557 2079 2080
f 2364 1273 1274
f 2363 2364 1274
f 1556 1557 2080
f 1556 2080 2081
f 1555 1556 2081
f 1555 2081 2082
f 2363 1274 1275
f 2362 2363 1275
f 2362 1275 1276
f 2361 2362 1276
f 1554 1555 2082
f 1554 2082 2083
f 2361 1276 1277
f 2360 2361 1277
f 1553 1554 2083
f 1553 2083 2084
f 1552 1553 2084
f 1552 2084 2085
f 2360 1277 1278
f 2359 2360 1278
f 2359 1278 1279
f 2358 2359 1279
f 1551 1552 2085
f 1551 2085 2086
f 1550 1551 2086
f 1550 2086 2087
f 2358 1279 1280
f 2357 2358 1280
f 2357 1280 1281
f 2356 2357 1281
f 2356 1281 1282
f 2355 2356 1282
f 2355 1282 1283
f 2354 2355 1283
f 2354 1283 1284
f 2353 2354 1284
f 2353 1284 1285
f 2352 2353 1285
f 2352 1285 1286
f 2351 2352 1286
f 2351 1286 1287
f 2350 2351 1287
f 2350 1287 1288
f 2349 2350 1288
f 2349 1288 1289
f 2348 2349 1289
f 2348 1289 1290
f 2347 2348 1290
f 2347 1290 1291
f 2346 2347 1291
f 2346 1291 1292
f 2345 2346 1292
f 2345 1292 1293
f 2344 2345 1293
f 2344 1293 1294
f 2343 2344 1294
f 2343 1294 1295
f 2342 2343 1295
f 2342 1295 1296
f 2341 2342 1296
f 2341 1296 1297
f 2340 2341 1297
f 2340 1297 1298
f 2339 2340 1298
f 2339 1298 1299
f 2338 2339 1299
f 2338 1299 1300
f 2337 2338 1300
f 2337 1300 1301
f 2336 2337 1301
f 2336 1301 1302
f 2335 2336 1302
f 2335 1302 1303
f 2334 2335 1303
f 2334 1303 1304
f 2333 2334 1304
f 2333 1304 1305
f 2332 2333 1305
f 2332 1305 1306
f 2331 2332 1306
f 2331 1306 1307
f 2330 2331 1307
f 2330 1307 1308
f 2329 2330 1308
f 2329 1308 1309
f 2328 2329 1309
f 2328 1309 1310
f 2327 2328 1310
f 2327 1310 1311
f 2326 2327 1311
f 2326 1311 1312
f 2325 2326 1312
f 2325 1312 1313
f 2324 2325 1313
f 2324 1313 1314
f 2323 2324 1314
f 2323 1314 1315
f 2322 2323 1315
f 2322 1315 1316
f 2321 2322 1316
f 2321 1316 1317
f 2320 2321 1317
f 2320 1317 1318
f 2319 2320 1318
f 2319 1318 1319
f 2318 2319 1319
f 2318 1319 1320
f 2317 2318 1320
f 2317 1320 1321
f 2316 2317 1321
f 2316 1321 1322
f 2315 2316 1322
f 2315 1322 1323
f 2314 2315 1323
f 2314 1323 1324
f 2313 2314 1324
f 2313 1324 1325
f 2312 2313 1325
f 2312 1325 1326
f 2311 2312 1326
f 2311 1326 1327
f 2310 2311 1327
f 2310 1327 1328
f 2309 2310 1328
f 2309 1328 1329
f 2308 2309 1329
f 2308 1329 1330
f 2307 2308 1330
f 2307 1330 1331
f 2306 2307 1331
f 2306 1331 1332
f 2305 2306 1332
f 2305 1332 1333
f 2304 2305 1333
f 2304 1333 1334
f 2303 2304 1334
f 2303 1334 1335
f 2302 2303 1335
f 2302 1335 1336
f 2301 2302 1336
f 2301 1336 1337
f 2300 2301 1337
f 2300 1337 1338
f 2299 2300 1338
f 2299 1338 1339
f 2298 2299 1339
f 2298 1339 1340
f 2297 2298 1340
f 2297 1340 1341
f 2296 2297 1341
f 2296 1341 1342
f 2295 2296 1342
f 2295 1342 1343
f 2294 2295 1343
f 2294 1343 1344
f 2293 2294 1344
f 2293 1344 1345
f 2292 2293 1345
f 2292 1345 1346
f 2291 2292 1346
f 2291 1346 1347
f 2290 2291 1347
f 2290 1347 1348
f 2289 2290 1348
f 2289 1348 1349
f 2288 2289 1349
f 2288 1349 1350
f 2287 2288 1350
f 2287 1350 1351
f 2286 2287 1351
f 2286 1351 1352
f 2285 2286 1352
f 2285 1352 1353
f 2284 2285 1353
f 2284 1353 1354
f 2283 2284 1354
f 2283 1354 1355
f 2282 2283 1355
f 2282 1355 1356
f 2281 2282 1356
f 2281 1356 1357
f 2280 2281 1357
f 2280 1357 1358
f 2279 2280 1358
f 2279 1358 1359
f 2278 2279 1359
f 2278 1359 1360
f 2277 2278 1360
f 2277 1360 1361
f 2276 2277 1361
f 2276 1361 1362
f 2275 2276 1362
f 2275 1362 1363
f 2274 2275 1363
f 2274 1363 1364
f 2273 2274 1364
f 2273 1364 1365
f 2272 2273 1365
f 2272 1365 1366
f 2271 2272 1366
f 2271 1366 1367
f 2270 2271 1367
f 2270 1367 1368
f 2269 2270 1368
f 2269 1368 1369
f 2268 2269 1369
f 2268 1369 1370
f 2267 2268 1370
f 2267 1370 1371
f 2266 2267 1371
f 2266 1371 1372
f 2265 2266 1372
f 2265 1372 1373
f 2264 2265 1373
f 2264 1373 1374
f 2263 2264 1374
f 2263 1374 1375
f 2262 2263 1375
f 2262 1375 1376
f 2261 2262 1376
f 2261 1376 1377
f 2260 2261 1377
f 2260 1377 1378
f 2259 2260 1378
f 2259 1378 1379
f 2258 2259 1379
f 2258 1379 1380
f 2257 2258 1380
f 2257 1380 1381
f 2256 2257 1381
f 2256 1381 1382
f 2255 2256 1382
f 2255 1382 1383
f 2254 2255 1383
f 2254 1383 1384
f 2253 2254 1384
f 2253 1384 1385
f 2252 2253 1385
f 2252 1385 1386
f 2251 2252 1386
f 2251 1386 1387
f 2250 2251 1387
f 2250 1387 1388
f 2249 2250 1388
f 2249 1388 1389
f 2248 2249 1389
f 2248 1389 1390
f 2247 2248 1390
f 2247 1390 1391
f 2246 2247 1391
f 2246 1391 1392
f 2245 2246 1392
f 2245 1392 1393
f 2244 2245 1393
f 2244 1393 1394
f 2243 2244 1394
f 2243 1394 1395
f 2242 2243 1395
f 2242 1395 1396
f 2241 2242 1396
f 2241 1396 1397
f 2240 2241 1397
f 2240 1397 1398
f 2239 2240 1398
f 2239 1398 1399
f 2238 2239 1399
f 2238 1399 1400
f 2237 2238 1400
f 2237 1400 1401
f 2236 2237 1401
f 2236 1401 1402
f 2235 2236 1402
f 2235 1402 1403
f 2234 2235 1403
f 2234 1403 1404
f 2233 2234 1404
f 2233 1404 1405
f 2232 2233 1405
f 2232 1405 1406
f 2231 2232 1406
f 2231 1406 1407
f 2230 2231 1407
f 2230 1407 1408
f 2229 2230 1408
f 2229 1408 1409
f 2228 2229 1409
f 2228 1409 1410
f 2227 2228 1410
f 2227 1410 1411
f 2226 2227 1411
f 2226 1411 1412
f 2225 2226 1412
f 2225 1412 1413
f 2224 2225 1413
f 2224 1413 1414
f 2223 2224 1414
f 2223 1414 1415
f 2222 2223 1415
f 2222 1415 1416
f 2221 2222 1416
f 2221 1416 1417
f 2220 2221 1417
f 2220 1417 1418
f 2219 2220 1418
f 2219 1418 1419
f 2218 2219 1419
f 2218 1419 1420
f 2217 2218 1420
f 2217 1420 1421
f 2216 2217 1421
f 2216 1421 1422
f 2215 2216 1422
f 2215 1422 1423
f 2214 2215 1423
f 2214 1423 1424
f 2213 2214 1424
f 2213 1424 1425
f 2212 2213 1425
f 2212 1425 1426
f 2211 2212 1426
f 2211 1426 1427
f 2210 2211 1427
f 2210 1427 1428
f 2209 2210 1428
f 2209 1428 1429
f 2208 2209 1429
f 2208 1429 1430
f 2207 2208 1430
f 2207 1430 1431
f 2206 2207 1431
f 2206 1431 1432
f 2205 2206 1432
f 2205 1432 1433
f 2204 2205 1433
f 2204 1433 1434
f 2203 2204 1434
f 2203 1434 1435
f 2202 2203 1435
f 2202 1435 1436
f 2201 2202 1436
f 2201 1436 1437
f 2200 2201 1437
f 2200 1437 1438
f 2199 2200 1438
f 2199 1438 1439
f 2198 2199 1439
f 2198 1439 1440
f 2197 2198 1440
f 2197 1440 1441
f 2196 2197 1441
f 2196 1441 1442
f 2195 2196 1442
f 2195 1442 1443
f 2194 2195 1443
f 2194 1443 1444
f 2193 2194 1444
f 2193 1444 1445
f 2192 2193 1445
f 2192 1445 1446
f 2191 2192 1446
f 2191 1446 1447
f 2190 2191 1447
f 2190 1447 1448
f 2189 2190 1448
f 2189 1448 1449
f 2188 2189 1449
f 2188 1449 1450
f 2187 2188 1450
f 2187 1450 1451
f 2186 2187 1451
f 2186 1451 1452
f 2185 2186 1452
f 2185 1452 1453
f 2184 2185 1453
f 2184 1453 1454
f 2183 2184 1454
f 2183 1454 1455
f 2182 2183 1455
f 2182 1455 1456
f 2181 2182 1456
f 2181 1456 1457
f 2180 2181 1457
f 2180 1457 1458
f 2179 2180 1458
f 2179 1458 1459
f 2178 2179 1459
f 2178 1459 1460
f 2177 2178 1460
f 2177 1460 1461
f 2176 2177 1461
f 2176 1461 1462
f 2175 2176 1462
f 2175 1462 1463
f 2174 2175 1463
f 2174 1463 1464
f 2173 2174 1464
f 2173 1464 1465
f 2172 2173 1465
f 2172 1465 1466
f 2171 2172 1466
f 2171 1466 1467
f 2170 2171 1467
f 2170 1467 1468
f 2169 2170 1468
f 2169 1468 1469
f 2168 2169 1469
f 2168 1469 1470
f 2167 2168 1470
f 2167 1470 1471
f 2166 2167 1471
f 2166 1471 1472
f 2165 2166 1472
f 2165 1472 1473
f 2164 2165 1473
f 2164 1473 1474
f 2163 2164 1474
f 2163 1474 1475
f 2162 2163 1475
f 2162 1475 1476
f 2161 2162 1476
f 2161 1476 1477
f 2160 2161 1477
f 2160 1477 1478
f 2159 2160 1478
f 2159 1478 1479
f 2158 2159 1479
f 2158 1479 1480
f 2157 2158 1480
f 2157 1480 1481
f 2156 2157 1481
f 2156 1481 1482
f 2155 2156 1482
f 2155 1482 1483
f 2154 2155 1483
f 2154 1483 1484
f 2153 2154 1484
f 2153 1484 1485
f 2152 2153 1485
f 2152 1485 1486
f 2151 2152 1486
f 2151 1486 1487
f 2150 2151 1487
f 2150 1487 1488
f 2149 2150 1488
f 2149 1488 1489
f 2148 2149 1489
f 2148 1489 1490
f 2147 2148 1490
f 2147 1490 1491
f 2146 2147 1491
f 2146 1491 1492
f 2145 2146 1492
f 2145 1492 1493
f 2144 2145 1493
f 2144 1493 1494
f 2143 2144 1494
f 2143 1494 1495
f 2142 2143 1495
f 2142 1495 1496
f 2141 2142 1496
f 2141 1496 1497
f 2140 2141 1497
f 2140 1497 1498
f 2139 2140 1498
f 2139 1498 1499
f 2138 2139 1499
f 2138 1499 1500
f 2137 2138 1500
f 2137 1500 1501
f 2136 2137 1501
f 2136 1501 1502
f 2135 2136 1502
f 2135 1502 1503
f 2134 2135 1503
f 2134 1503 1504
f 2133 2134 1504
f 2133 1504 1505
f 2132 2133 1505
f 2132 1505 1506
f 2131 2132 1506
f 2131 1506 1507
f 2130 2131 1507
f 2130 1507 1508
f 2129 2130 1508
f 2129 1508 1509
f 2128 2129 1509
f 2128 1509 1510
f 2127 2128 1510
f 2127 1510 1511
f 2126 2127 1511
f 2126 1511 1512
f 2125 2126 1512
f 2125 1512 1513
f 2124 2125 1513
f 2124 1513 1514
f 2123 2124 1514
f 2123 1514 1515
f 2122 2123 1515
f 2122 1515 1516
f 2121 2122 1516
f 2121 1516 1517
f 2120 2121 1517
f 2120 1517 1518
f 2119 2120 1518
f 2119 1518 1519
f 2118 2119 1519
f 2118 1519 1520
f 2117 2118 1520
f 2117 1520 1521
f 2116 2117 1521
f 2116 1521 1522
f 2115 2116 1522
f 2115 1522 1523
f 2114 2115 1523
f 2114 1523 1524
f 2113 2114 1524
f 2113 1524 1525
f 2112 2113 1525
f 2112 1525 1526
f 2111 2112 1526
f 2111 1526 1527
f 2110 2111 1527
f 2110 1527 1528
f 2109 2110 1528
f 2109 1528 1529
f 2108 2109 1529
f 2108 1529 1530
f 2107 2108 1530
f 2107 1530 1531
f 2106 2107 1531
f 2106 1531 1532
f 2105 2106 1532
f 2105 1532 1533
f 2104 2105 1533
f 2104 1533 1534
f 2103 2104 1534
f 2103 1534 1535
f 2102 2103 1535
f 2102 1535 1536
f 2101 2102 1536
f 2101 1536 1537
f 2100 2101 1537
f 2100 1537 1538
f 2099 2100 1538
f 2099 1538 1539
f 2098 2099 1539
f 2098 1539 1540
f 2097 2098 1540
f 2097 1540 1541
f 2096 2097 1541
f 2096 1541 1542
f 2095 2096 1542
f 2095 1542 1543
f 2094 2095 1543
f 2094 1543 1544
f 2093 2094 1544
f 2093 1544 1545
f 2092 2093 1545
f 2092 1545 1546
f 2091 2092 1546
f 2091 1546 1547
f 2090 2091 1547
f 2090 1547 1548
f 2089 2090 1548
f 2089 1548 1549
f 2088 2089 1549
f 2088 1549 1550
f 2088 1550 2087
f 2425 2426 2454
f 2425 2454 2453
f 2426 2427 2455
f 2426 2455 2454
f 2427 2428 2456
f 2427 2456 2455
f 2428 2429 2457
f 2428 2457 2456
f 2429 2430 2458
f 2429 2458 2457
f 2430 2431 2459
f 2430 2459 2458
f 2431 2432 2460
f 2431 2460 2459
f 2432 2433 2461
f 2432 2461 2460
f 2433 2434 2462
f 2433 2462 2461
f 2434 2435 2463
f 2434 2463 2462
f 2435 2436 2464
f 2435 2464 2463
f 2436 2437 2465
f 2436 2465 2464
f 2437 2438 2466
f 2437 2466 2465
f 2438 2439 2467
f 2438 2467 2466
f 2439 2440 2468
f 2439 2468 2467
f 2440 2441 2469
f 2440 2469 2468
f 2441 2442 2470
f 2441 2470 2469
f 2442 2443 2471
f 2442 2471 2470
f 2443 2444 2472
f 2443 2472 2471
f 2444 2445 2473
f 2444 2473 2472
f 2445 2446 2474
f 2445 2474 2473
f 2446 2447 2475
f 2446 2475 2474
f 2447 2448 2476
f 2447 2476 2475
f 2448 2449 2477
f 2448 2477 2476
f 2449 2450 2478
f 2449 2478 2477
f 2450 2451 2479
f 2450 2479 2478
f 2451 2452 2480
f 2451 2480 2479
f 2452 2425 2453
f 2452 2453 2480
f 2445 2447 2446
f 2445 2448 2447
f 2444 2448 2445
f 2444 2449 2448
f 2443 2449 2444
f 2442 2449 2443
f 2442 2450 2449
f 2442 2451 2450
f 2442 2452 2451
f 2442 2425 2452
f 2442 2426 2425
f 2442 2427 2426
f 2442 2428 2427
f 2442 2429 2428
f 2442 2430 2429
f 2442 2431 2430
f 2442 2432 2431
f 2442 2433 2432
f 2442 2434 2433
f 2442 2435 2434
f 2442 2436 2435
f 2442 2437 2436
f 2442 2438 2437
f 2442 2439 2438
f 2442 2440 2439
f 2442 2441 2440
f 2473 2474 2475
f 2473 2475 2476
f 2472 2473 2476
f 2472 2476 2477
f 2471 2472 2477
f 2470 2471 2477
f 2470 2477 2478
f 2470 2478 2479
f 2470 2479 2480
f 2470 2480 2453
f 2470 2453 2454
f 2470 2454 2455
f 2470 2455 2456
f 2470 2456 2457
f 2470 2457 2458
f 2470 2458 2459
f 2470 2459 2460
f 2470 2460 2461
f 2470 2461 2462
f 2470 2462 2463
f 2470 2463 2464
f 2470 2464 2465
f 2470 2465 2466
f 2470 2466 2467
f 2470 2467 2468
f 2470 2468 2469
f 2481 2482 2510
f 2481 2510 2509
f 2482 2483 2511
f 2482 2511 2510
f 2483 2484 2512
f 2483 2512 2511
f 2484 2485 2513
f 2484 2513 2512
f 2485 2486 2514
f 2485 2514 2513
f 2486 2487 2515
f 2486 2515 2514
f 2487 2488 2516
f 2487 2516 2515
f 2488 2489 2517
f 2488 2517 2516
f 2489 2490 2518
f 2489 2518 2517
f 2490 2491 2519
f 2490 2519 2518
f 2491 2492 2520
f 2491 2520 2519
f 2492 2493 2521
f 2492 2521 2520
f 2493 2494 2522
f 2493 2522 2521
f 2494 2495 2523
f 2494 2523 2522
f 2495 2496 2524
f 2495 2524 2523
f 2496 2497 2525
f 2496 2525 2524
f 2497 2498 2526
f 2497 2526 2525
f 2498 2499 2527
f 2498 2527 2526
f 2499 2500 2528
f 2499 2528 2527
f 2500 2501 2529
f 2500 2529 2528
f 2501 2502 2530
f 2501 2530 2529
f 2502 2503 2531
f 2502 2531 2530
f 2503 2504 2532
f 2503 2532 2531
f 2504 2505 2533
f 2504 2533 2532
f 2505 2506 2534
f 2505 2534 2533
f 2506 2507 2535
f 2506 2535 2534
f 2507 2508 2536
f 2507 2536 2535
f 2508 2481 2509
f 2508 2509 2536
f 2501 2503 2502
f 2501 2504 2503
f 2500 2504 2501
f 2500 2505 2504
f 2499 2505 2500
f 2498 2505 2499
f 2498 2506 2505
f 2498 2507 2506
f 2498 2508 2507
f 2498 2481 2508
f 2498 2482 2481
f 2498 2483 2482
f 2498 2484 2483
f 2498 2485 2484
f 2498 2486 2485
f 2498 2487 2486
f 2498 2488 2487
f 2498 2489 2488
f 2498 2490 2489
f 2498 2491 2490
f 2498 2492 2491
f 2498 2493 2492
f 2498 2494 2493
f 2498 2495 2494
f 2498 2496 2495
f 2498 2497 2496
f 2529 2530 2531
f 2529 2531 2532
f 2528 2529 2532
f 2528 2532 2533
f 2527 2528 2533
f 2526 2527 2533
f 2526 2533 2534
f 2526 2534 2535
f 2526 2535 2536
f 2526 2536 2509
f 2526 2509 2510
f 2526 2510 2511
f 2526 2511 2512
f 2526 2512 2513
f 2526 2513 2514
f 2526 2514 2515
f 2526 2515 2516
f 2526 2516 2517
f 2526 2517 2518
f 2526 2518 2519
f 2526 2519 2520
f 2526 2520 2521
f 2526 2521 2522
f 2526 2522 2523
f 2526 2523 2524
f 2526 2524 2525
f 2537 2538 2566
f 2537 2566 2565
f 2538 2539 2567
f 2538 2567 2566
f 2539 2540 2568
f 2539 2568 2567
f 2540 2541 2569
f 2540 2569 2568
f 2541 2542 2570
f 2541 2570 2569
f 2542 2543 2571
f 2542 2571 2570
f 2543 2544 2572
f 2543 2572 2571
f 2544 2545 2573
f 2544 2573 2572
f 2545 2546 2574
f 2545 2574 2573
f 2546 2547 2575
f 2546 2575 2574
f 2547 2548 2576
f 2547 2576 2575
f 2548 2549 2577
f 2548 2577 2576
f 2549 2550 2578
f 2549 2578 2577
f 2550 2551 2579
f 2550 2579 2578
f 2551 2552 2580
f 2551 2580 2579
f 2552 2553 2581
f 2552 2581 2580
f 2553 2554 2582
f 2553 2582 2581
f 2554 2555 2583
f 2554 2583 2582
f 2555 2556 2584
f 2555 2584 2583
f 2556 2557 2585
f 2556 2585 2584
f 2557 2558 2586
f 2557 2586 2585
f 2558 2559 2587
f 2558 2587 2586
f 2559 2560 2588
f 2559 2588 2587
f 2560 2561 2589
f 2560 2589 2588
f 2561 2562 2590
f 2561 2590 2589
f 2562 2563 2591
f 2562 2591 2590
f 2563 2564 2592
f 2563 2592 2591
f 2564 2537 2565
f 2564 2565 2592
f 2557 2559 2558
f 2557 2560 2559
f 2556 2560 2557
f 2556 2561 2560
f 2555 2561 2556
f 2554 2561 2555
f 2554 2562 2561
f 2554 2563 2562
f 2554 2564 2563
f 2554 2537 2564
f 2554 2538 2537
f 2554 2539 2538
f 2554 2540 2539
f 2554 2541 2540
f 2554 2542 2541
f 2554 2543 2542
f 2554 2544 2543
f 2554 2545 2544
f 2554 2546 2545
f 2554 2547 2546
f 2554 2548 2547
f 2554 2549 2548
f 2554 2550 2549
f 2554 2551 2550
f 2554 2552 2551
f 2554 2553 2552
f 2585 2586 2587
f 2585 2587 2588
f 2584 2585 2588
f 2584 2588 2589
f 2583 2584 2589
f 2582 2583 2589
f 2582 2589 2590
f 2582 2590 2591
f 2582 2591 2592
f 2582 2592 2565
f 2582 2565 2566
f 2582 2566 2567
f 2582 2567 2568
f 2582 2568 2569
f 2582 2569 2570
f 2582 2570 2571
f 2582 2571 2572
f 2582 2572 2573
f 2582 2573 2574
f 2582 2574 2575
f 2582 2575 2576
f 2582 2576 2577
f 2582 2577 2578
f 2582 2578 2579
f 2582 2579 2580
f 2582 2580 2581
f 2593 2594 2998
f 2593 2998 2997
f 2594 2595 2999
f 2594 2999 2998
f 2595 2596 3000
f 2595 3000 2999
f 2596 2597 3001
f 2596 3001 3000
f 2597 2598 3002
f 2597 3002 3001
f 2598 2599 3003
f 2598 3003 3002
f 2599 2600 3004
f 2599 3004 3003
f 2600 2601 3005
f 2600 3005 3004
f 2601 2602 3006
f 2601 3006 3005
f 2602 2603 3007
f 2602 3007 3006
f 2603 2604 3008
f 2603 3008 3007
f 2604 2605 3009
f 2604 3009 3008
f 2605 2606 3010
f 2605 3010 3009
f 2606 2607 3011
f 2606 3011 3010
f 2607 2608 3012
f 2607 3012 3011
f 2608 2609 3013
f 2608 3013 3012
f 2609 2610 3014
f 2609 3014 3013
f 2610 2611 3015
f 2610 3015 3014
f 2611 2612 3016
f 2611 3016 3015
f 2612 2613 3017
f 2612 3017 3016
f 2613 2614 3018
f 2613 3018 3017
f 2614 2615 3019
f 2614 3019 3018
f 2615 2616 3020
f 2615 3020 3019
f 2616 2617 3021
f 2616 3021 3020
f 2617 2618 3022
f 2617 3022 3021
f 2618 2619 3023
f 2618 3023 3022
f 2619 2620 3024
f 2619 3024 3023
f 2620 2621 3025
f 2620 3025 3024
f 2621 2622 3026
f 2621 3026 3025
f 2622 2623 3027
f 2622 3027 3026
f 2623 2624 3028
f 2623 3028 3027
f 2624 2625 3029
f 2624 3029 3028
f 2625 2626 3030
f 2625 3030 3029
f 2626 2627 3031
f 2626 3031 3030
f 2627 2628 3032
f 2627 3032 3031
f 2628 2629 3033
f 2628 3033 3032
f 2629 2630 3034
f 2629 3034 3033
f 2630 2631 3035
f 2630 3035 3034
f 2631 2632 3036
f 2631 3036 3035
f 2632 2633 3037
f 2632 3037 3036
f 2633 2634 3038
f 2633 3038 3037
f 2634 2635 3039
f 2634 3039 3038
f 2635 2636 3040
f 2635 3040 3039
f 2636 2637 3041
f 2636 3041 3040
f 2637 2638 3042
f 2637 3042 3041
f 2638 2639 3043
f 2638 3043 3042
f 2639 2640 3044
f 2639 3044 3043
f 2640 2641 3045
f 2640 3045 3044
f 2641 2642 3046
f 2641 3046 3045
f 2642 2643 3047
f 2642 3047 3046
f 2643 2644 3048
f 2643 3048 3047
f 2644 2645 3049
f 2644 3049 3048
f 2645 2646 3050
f 2645 3050 3049
f 2646 2647 3051
f 2646 3051 3050
f 2647 2648 3052
f 2647 3052 3051
f 2648 2649 3053
f 2648 3053 3052
f 2649 2650 3054
f 2649 3054 3053
f 2650 2651 3055
f 2650 3055 3054
f 2651 2652 3056
f 2651 3056 3055
f 2652 2653 3057
f 2652 3057 3056
f 2653 2654 3058
f 2653 3058 3057
f 2654 2655 3059
f 2654 3059 3058
f 2655 2656 3060
f 2655 3060 3059
f 2656 2657 3061
f 2656 3061 3060
f 2657 2658 3062
f 2657 3062 3061
f 2658 2659 3063
f 2658 3063 3062
f 2659 2660 3064
f 2659 3064 3063
f 2660 2661 3065
f 2660 3065 3064
f 2661 2662 3066
f 2661 3066 3065
f 2662 2663 3067
f 2662 3067 3066
f 2663 2664 3068
f 2663 3068 3067
f 2664 2665 3069
f 2664 3069 3068
f 2665 2666 3070
f 2665 3070 3069
f 2666 2667 3071
f 2666 3071 3070
f 2667 2668 3072
f 2667 3072 3071
f 2668 2669 3073
f 2668 3073 3072
f 2669 2670 3074
f 2669 3074 3073
f 2670 2671 3075
f 2670 3075 3074
f 2671 2672 3076
f 2671 3076 3075
f 2672 2673 3077
f 2672 3077 3076
f 2673 2674 3078
f 2673 3078 3077
f 2674 2675 3079
f 2674 3079 3078
f 2675 2676 3080
f 2675 3080 3079
f 2676 2677 3081
f 2676 3081 3080
f 2677 2678 3082
f 2677 3082 3081
f 2678 2679 3083
f 2678 3083 3082
f 2679 2680 3084
f 2679 3084 3083
f 2680 2681 3085
f 2680 3085 3084
f 2681 2682 3086
f 2681 3086 3085
f 2682 2683 3087
f 2682 3087 3086
f 2683 2684 3088
f 2683 3088 3087
f 2684 2685 3089
f 2684 3089 3088
f 2685 2686 3090
f 2685 3090 3089
f 2686 2687 3091
f 2686 3091 3090
f 2687 2688 3092
f 2687 3092 3091
f 2688 2689 3093
f 2688 3093 3092
f 2689 2690 3094
f 2689 3094 3093
f 2690 2691 3095
f 2690 3095 3094
f 2691 2692 3096
f 2691 3096 3095
f 2692 2693 3097
f 2692 3097 3096
f 2693 2694 3098
f 2693 3098 3097
f 2694 2695 3099
f 2694 3099 3098
f 2695 2696 3100
f 2695 3100 3099
f 2696 2697 3101
f 2696 3101 3100
f 2697 2698 3102
f 2697 3102 3101
f 2698 2699 3103
f 2698 3103 3102
f 2699 2700 3104
f 2699 3104 3103
f 2700 2701 3105
f 2700 3105 3104
f 2701 2702 3106
f 2701 3106 3105
f 2702 2703 3107
f 2702 3107 3106
f 2703 2704 3108
f 2703 3108 3107
f 2704 2705 3109
f 2704 3109 3108
f 2705 2706 3110
f 2705 3110 3109
f 2706 2707 3111
f 2706 3111 3110
f 2707 2708 3112
f 2707 3112 3111
f 2708 2709 3113
f 2708 3113 3112
f 2709 2710 3114
f 2709 3114 3113
f 2710 2711 3115
f 2710 3115 3114
f 2711 2712 3116
f 2711 3116 3115
f 2712 2713 3117
f 2712 3117 3116
f 2713 2714 3118
f 2713 3118 3117
f 2714 2715 3119
f 2714 3119 3118
f 2715 2716 3120
f 2715 3120 3119
f 2716 2717 3121
f 2716 3121 3120
f 2717 2718 3122
f 2717 3122 3121
f 2718 2719 3123
f 2718 3123 3122
f 2719 2720 3124
f 2719 3124 3123
f 2720 2721 3125
f 2720 3125 3124
f 2721 2722 3126
f 2721 3126 3125
f 2722 2723 3127
f 2722 3127 3126
f 2723 2724 3128
f 2723 3128 3127
f 2724 2725 3129
f 2724 3129 3128
f 2725 2726 3130
f 2725 3130 3129
f 2726 2727 3131
f 2726 3131 3130
f 2727 2728 3132
f 2727 3132 3131
f 2728 2729 3133
f 2728 3133 3132
f 2729 2730 3134
f 2729 3134 3133
f 2730 2731 3135
f 2730 3135 3134
f 2731 2732 3136
f 2731 3136 3135
f 2732 2733 3137
f 2732 3137 3136
f 2733 2734 3138
f 2733 3138 3137
f 2734 2735 3139
f 2734 3139 3138
f 2735 2736 3140
f 2735 3140 3139
f 2736 2737 3141
f 2736 3141 3140
f 2737 2738 3142
f 2737 3142 3141
f 2738 2739 3143
f 2738 3143 3142
f 2739 2740 3144
f 2739 3144 3143
f 2740 2741 3145
f 2740 3145 3144
f 2741 2742 3146
f 2741 3146 3145
f 2742 2743 3147
f 2742 3147 3146
f 2743 2744 3148
f 2743 3148 3147
f 2744 2745 3149
f 2744 3149 3148
f 2745 2746 3150
f 2745 3150 3149
f 2746 2747 3151
f 2746 3151 3150
f 2747 2748 3152
f 2747 3152 3151
f 2748 2749 3153
f 2748 3153 3152
f 2749 2750 3154
f 2749 3154 3153
f 2750 2751 3155
f 2750 3155 3154
f 2751 2752 3156
f 2751 3156 3155
f 2752 2753 3157
f 2752 3157 3156
f 2753 2754 3158
f 2753 3158 3157
f 2754 2755 3159
f 2754 3159 3158
f 2755 2756 3160
f 2755 3160 3159
f 2756 2757 3161
f 2756 3161 3160
f 2757 2758 3162
f 2757 3162 3161
f 2758 2759 3163
f 2758 3163 3162
f 2759 2760 3164
f 2759 3164 3163
f 2760 2761 3165
f 2760 3165 3164
f 2761 2762 3166
f 2761 3166 3165
f 2762 2763 3167
f 2762 3167 3166
f 2763 2764 3168
f 2763 3168 3167
f 2764 2765 3169
f 2764 3169 3168
f 2765 2766 3170
f 2765 3170 3169
f 2766 2767 3171
f 2766 3171 3170
f 2767 2768 3172
f 2767 3172 3171
f 2768 2769 3173
f 2768 3173 3172
f 2769 2770 3174
f 2769 3174 3173
f 2770 2771 3175
f 2770 3175 3174
f 2771 2772 3176
f 2771 3176 3175
f 2772 2773 3177
f 2772 3177 3176
f 2773 2774 3178
f 2773 3178 3177
f 2774 2775 3179
f 2774 3179 3178
f 2775 2776 3180
f 2775 3180 3179
f 2776 2777 3181
f 2776 3181 3180
f 2777 2778 3182
f 2777 3182 3181
f 2778 2779 3183
f 2778 3183 3182
f 2779 2780 3184
f 2779 3184 3183
f 2780 2781 3185
f 2780 3185 3184
f 2781 2782 3186
f 2781 3186 3185
f 2782 2783 3187
f 2782 3187 3186
f 2783 2784 3188
f 2783 3188 3187
f 2784 2785 3189
f 2784 3189 3188
f 2785 2786 3190
f 2785 3190 3189
f 2786 2787 3191
f 2786 3191 3190
f 2787 2788 3192
f 2787 3192 3191
f 2788 2789 3193
f 2788 3193 3192
f 2789 2790 3194
f 2789 3194 3193
f 2790 2791 3195
f 2790 3195 3194
f 2791 2792 3196
f 2791 3196 3195
f 2792 2793 3197
f 2792 3197 3196
f 2793 2794 3198
f 2793 3198 3197
f 2794 2795 3199
f 2794 3199 3198
f 2795 2796 3200
f 2795 3200 3199
f 2796 2797 3201
f 2796 3201 3200
f 2797 2798 3202
f 2797 3202 3201
f 2798 2799 3203
f 2798 3203 3202
f 2799 2800 3204
f 2799 3204 3203
f 2800 2801 3205
f 2800 3205 3204
f 2801 2802 3206
f 2801 3206 3205
f 2802 2803 3207
f 2802 3207 3206
f 2803 2804 3208
f 2803 3208 3207
f 2804 2805 3209
f 2804 3209 3208
f 2805 2806 3210
f 2805 3210 3209
f 2806 2807 3211
f 2806 3211 3210
f 2807 2808 3212
f 2807 3212 3211
f 2808 2809 3213
f 2808 3213 3212
f 2809 2810 3214
f 2809 3214 3213
f 2810 2811 3215
f 2810 3215 3214
f 2811 2812 3216
f 2811 3216 3215
f 2812 2813 3217
f 2812 3217 3216
f 2813 2814 3218
f 2813 3218 3217
f 2814 2815 3219
f 2814 3219 3218
f 2815 2816 3220
f 2815 3220 3219
f 2816 2817 3221
f 2816 3221 3220
f 2817 2818 3222
f 2817 3222 3221
f 2818 2819 3223
f 2818 3223 3222
f 2819 2820 3224
f 2819 3224 3223
f 2820 2821 3225
f 2820 3225 3224
f 2821 2822 3226
f 2821 3226 3225
f 2822 2823 3227
f 2822 3227 3226
f 2823 2824 3228
f 2823 3228 3227
f 2824 2825 3229
f 2824 3229 3228
f 2825 2826 3230
f 2825 3230 3229
f 2826 2827 3231
f 2826 3231 3230
f 2827 2828 3232
f 2827 3232 3231
f 2828 2829 3233
f 2828 3233 3232
f 2829 2830 3234
f 2829 3234 3233
f 2830 2831 3235
f 2830 3235 3234
f 2831 2832 3236
f 2831 3236 3235
f 2832 2833 3237
f 2832 3237 3236
f 2833 2834 3238
f 2833 3238 3237
f 2834 2835 3239
f 2834 3239 3238
f 2835 2836 3240
f 2835 3240 3239
f 2836 2837 3241
f 2836 3241 3240
f 2837 2838 3242
f 2837 3242 3241
f 2838 2839 3243
f 2838 3243 3242
f 2839 2840 3244
f 2839 3244 3243
f 2840 2841 3245
f 2840 3245 3244
f 2841 2842 3246
f 2841 3246 3245
f 2842 2843 3247
f 2842 3247 3246
f 2843 2844 3248
f 2843 3248 3247
f 2844 2845 3249
f 2844 3249 3248
f 2845 2846 3250
f 2845 3250 3249
f 2846 2847 3251
f 2846 3251 3250
f 2847 2848 3252
f 2847 3252 3251
f 2848 2849 3253
f 2848 3253 3252
f 2849 2850 3254
f 2849 3254 3253
f 2850 2851 3255
f 2850 3255 3254
f 2851 2852 3256
f 2851 3256 3255
f 2852 2853 3257
f 2852 3257 3256
f 2853 2854 3258
f 2853 3258 3257
f 2854 2855 3259
f 2854 3259 3258
f 2855 2856 3260
f 2855 3260 3259
f 2856 2857 3261
f 2856 3261 3260
f 2857 2858 3262
f 2857 3262 3261
f 2858 2859 3263
f 2858 3263 3262
f 2859 2860 3264
f 2859 3264 3263
f 2860 2861 3265
f 2860 3265 3264
f 2861 2862 3266
f 2861 3266 3265
f 2862 2863 3267
f 2862 3267 3266
f 2863 2864 3268
f 2863 3268 3267
f 2864 2865 3269
f 2864 3269 3268
f 2865 2866 3270
f 2865 3270 3269
f 2866 2867 3271
f 2866 3271 3270
f 2867 2868 3272
f 2867 3272 3271
f 2868 2869 3273
f 2868 3273 3272
f 2869 2870 3274
f 2869 3274 3273
f 2870 2871 3275
f 2870 3275 3274
f 2871 2872 3276
f 2871 3276 3275
f 2872 2873 3277
f 2872 3277 3276
f 2873 2874 3278
f 2873 3278 3277
f 2874 2875 3279
f 2874 3279 3278
f 2875 2876 3280
f 2875 3280 3279
f 2876 2877 3281
f 2876 3281 3280
f 2877 2878 3282
f 2877 3282 3281
f 2878 2879 3283
f 2878 3283 3282
f 2879 2880 3284
f 2879 3284 3283
f 2880 2881 3285
f 2880 3285 3284
f 2881 2882 3286
f 2881 3286 3285
f 2882 2883 3287
f 2882 3287 3286
f 2883 2884 3288
f 2883 3288 3287
f 2884 2885 3289
f 2884 3289 3288
f 2885 2886 3290
f 2885 3290 3289
f 2886 2887 3291
f 2886 3291 3290
f 2887 2888 3292
f 2887 3292 3291
f 2888 2889 3293
f 2888 3293 3292
f 2889 2890 3294
f 2889 3294 3293
f 2890 2891 3295
f 2890 3295 3294
f 2891 2892 3296
f 2891 3296 3295
f 2892 2893 3297
f 2892 3297 3296
f 2893 2894 3298
f 2893 3298 3297
f 2894 2895 3299
f 2894 3299 3298
f 2895 2896 3300
f 2895 3300 3299
f 2896 2897 3301
f 2896 3301 3300
f 2897 2898 3302
f 2897 3302 3301
f 2898 2899 3303
f 2898 3303 3302
f 2899 2900 3304
f 2899 3304 3303
f 2900 2901 3305
f 2900 3305 3304
f 2901 2902 3306
f 2901 3306 3305
f 2902 2903 3307
f 2902 3307 3306
f 2903 2904 3308
f 2903 3308 3307
f 2904 2905 3309
f 2904 3309 3308
f 2905 2906 3310
f 2905 3310 3309
f 2906 2907 3311
f 2906 3311 3310
f 2907 2908 3312
f 2907 3312 3311
f 2908 2909 3313
f 2908 3313 3312
f 2909 2910 3314
f 2909 3314 3313
f 2910 2911 3315
f 2910 3315 3314
f 2911 2912 3316
f 2911 3316 3315
f 2912 2913 3317
f 2912 3317 3316
f 2913 2914 3318
f 2913 3318 3317
f 2914 2915 3319
f 2914 3319 3318
f 2915 2916 3320
f 2915 3320 3319
f 2916 2917 3321
f 2916 3321 3320
f 2917 2918 3322
f 2917 3322 3321
f 2918 2919 3323
f 2918 3323 3322
f 2919 2920 3324
f 2919 3324 3323
f 2920 2921 3325
f 2920 3325 3324
f 2921 2922 3326
f 2921 3326 3325
f 2922 2923 3327
f 2922 3327 3326
f 2923 2924 3328
f 2923 3328 3327
f 2924 2925 3329
f 2924 3329 3328
f 2925 2926 3330
f 2925 3330 3329
f 2926 2927 3331
f 2926 3331 3330
f 2927 2928 3332
f 2927 3332 3331
f 2928 2929 3333
f 2928 3333 3332
f 2929 2930 3334
f 2929 3334 3333
f 2930 2931 3335
f 2930 3335 3334
f 2931 2932 3336
f 2931 3336 3335
f 2932 2933 3337
f 2932 3337 3336
f 2933 2934 3338
f 2933 3338 3337
f 2934 2935 3339
f 2934 3339 3338
f 2935 2936 3340
f 2935 3340 3339
f 2936 2937 3341
f 2936 3341 3340
f 2937 2938 3342
f 2937 3342 3341
f 2938 2939 3343
f 2938 3343 3342
f 2939 2940 3344
f 2939 3344 3343
f 2940 2941 3345
f 2940 3345 3344
f 2941 2942 3346
f 2941 3346 3345
f 2942 2943 3347
f 2942 3347 3346
f 2943 2944 3348
f 2943 3348 3347
f 2944 2945 3349
f 2944 3349 3348
f 2945 2946 3350
f 2945 3350 3349
f 2946 2947 3351
f 2946 3351 3350
f 2947 2948 3352
f 2947 3352 3351
f 2948 2949 3353
f 2948 3353 3352
f 2949 2950 3354
f 2949 3354 3353
f 2950 2951 3355
f 2950 3355 3354
f 2951 2952 3356
f 2951 3356 3355
f 2952 2953 3357
f 2952 3357 3356
f 2953 2954 3358
f 2953 3358 3357
f 2954 2955 3359
f 2954 3359 3358
f 2955 2956 3360
f 2955 3360 3359
f 2956 2957 3361
f 2956 3361 3360
f 2957 2958 3362
f 2957 3362 3361
f 2958 2959 3363
f 2958 3363 3362
f 2959 2960 3364
f 2959 3364 3363
f 2960 2961 3365
f 2960 3365 3364
f 2961 2962 3366
f 2961 3366 3365
f 2962 2963 3367
f 2962 3367 3366
f 2963 2964 3368
f 2963 3368 3367
f 2964 2965 3369
f 2964 3369 3368
f 2965 2966 3370
f 2965 3370 3369
f 2966 2967 3371
f 2966 3371 3370
f 2967 2968 3372
f 2967 3372 3371
f 2968 2969 3373
f 2968 3373 3372
f 2969 2970 3374
f 2969 3374 3373
f 2970 2971 3375
f 2970 3375 3374
f 2971 2972 3376
f 2971 3376 3375
f 2972 2973 3377
f 2972 3377 3376
f 2973 2974 3378
f 2973 3378 3377
f 2974 2975 3379
f 2974 3379 3378
f 2975 2976 3380
f 2975 3380 3379
f 2976 2977 3381
f 2976 3381 3380
f 2977 2978 3382
f 2977 3382 3381
f 2978 2979 3383
f 2978 3383 3382
f 2979 2980 3384
f 2979 3384 3383
f 2980 2981 3385
f 2980 3385 3384
f 2981 2982 3386
f 2981 3386 3385
f 2982 2983 3387
f 2982 3387 3386
f 2983 2984 3388
f 2983 3388 3387
f 2984 2985 3389
f 2984 3389 3388
f 2985 2986 3390
f 2985 3390 3389
f 2986 2987 3391
f 2986 3391 3390
f 2987 2988 3392
f 2987 3392 3391
f 2988 2989 3393
f 2988 3393 3392
f 2989 2990 3394
f 2989 3394 3393
f 2990 2991 3395
f 2990 3395 3394
f 2991 2992 3396
f 2991 3396 3395
f 2992 2993 3397
f 2992 3397 3396
f 2993 2994 3398
f 2993 3398 3397
f 2994 2995 3399
f 2994 3399 3398
f 2995 2996 3400
f 2995 3400 3399
f 2996 2593 2997
f 2996 2997 3400
f 2793 2795 2794
f 2792 2795 2793
f 2791 2795 2792
f 2790 2795 2791
f 2789 2795 2790
f 2788 2795 2789
f 2787 2795 2788
f 2786 2795 2787
f 2785 2795 2786
f 2784 2795 2785
f 2783 2795 2784
f 2782 2795 2783
f 2781 2795 2782
f 2780 2795 2781
f 2779 2795 2780
f 2778 2795 2779
f 2777 2795 2778
f 2776 2795 2777
f 2775 2795 2776
f 2774 2795 2775
f 2773 2795 2774
f 2772 2795 2773
f 2771 2795 2772
f 2770 2795 2771
f 2769 2795 2770
f 2768 2795 2769
f 2767 2795 2768
f 2766 2795 2767
f 2765 2795 2766
f 2764 2795 2765
f 2763 2795 2764
f 2762 2795 2763
f 2761 2795 2762
f 2760 2795 2761
f 2759 2795 2760
f 2758 2795 2759
f 2757 2795 2758
f 2756 2795 2757
f 2755 2795 2756
f 2754 2795 2755
f 2753 2795 2754
f 2753 2796 2795
f 2752 2796 2753
f 2751 2796 2752
f 2751 2797 2796
f 2750 2797 2751
f 2749 2797 2750
f 2749 2798 2797
f 2748 2798 2749
f 2748 2799 2798
f 2747 2799 2748
f 2747 2800 2799
f 2746 2800 2747
f 2746 2801 2800
f 2746 2802 2801
f 2746 2803 2802
f 2746 2804 2803
f 2746 2805 2804
f 2746 2806 2805
f 2746 2807 2806
f 2746 2808 2807
f 2746 2809 2808
f 2746 2810 2809
f 2746 2811 2810
f 2746 2812 2811
f 2746 2813 2812
f 2746 2814 2813
f 2746 2815 2814
f 2746 2816 2815
f 2746 2817 2816
f 2746 2818 2817
f 2746 2819 2818
f 2746 2820 2819
f 2746 2821 2820
f 2746 2822 2821
f 2746 2823 2822
f 2746 2824 2823
f 2746 2825 2824
f 2746 2826 2825
f 2746 2827 2826
f 2746 2828 2827
f 2746 2829 2828
f 2746 2830 2829
f 2746 2831 2830
f 2746 2832 2831
f 2746 2833 2832
f 2746 2834 2833
f 2746 2835 2834
f 2746 2836 2835
f 2746 2837 2836
f 2746 2838 2837
f 2746 2839 2838
f 2746 2840 2839
f 2746 2841 2840
f 2746 2842 2841
f 2746 2843 2842
f 2746 2844 2843
f 2745 2844 2746
f 2745 2845 2844
f 2745 2846 2845
f 2744 2846 2745
f 2743 2846 2744
f 2743 2847 2846
f 2743 2848 2847
f 2742 2848 2743
f 2741 2848 2742
f 2741 2849 2848
f 2741 2850 2849
f 2740 2850 2741
f 2739 2850 2740
f 2739 2851 2850
f 2739 2852 2851
f 2738 2852 2739
f 2737 2852 2738
f 2737 2853 2852
f 2737 2854 2853
f 2736 2854 2737
f 2735 2854 2736
f 2735 2855 2854
f 2735 2856 2855
f 2734 2856 2735
f 2733 2856 2734
f 2733 2857 2856
f 2733 2858 2857
f 2732 2858 2733
f 2732 2859 2858
f 2731 2859 2732
f 2730 2859 2731
f 2730 2860 2859
f 2730 2861 2860
f 2730 2862 2861
f 2730 2863 2862
f 2730 2864 2863
f 2730 2865 2864
f 2730 2866 2865
f 2730 2867 2866
f 2730 2868 2867
f 2730 2869 2868
f 2730 2870 2869
f 2730 2871 2870
f 2730 2872 2871
f 2730 2873 2872
f 2730 2874 2873
f 2730 2875 2874
f 2730 2876 2875
f 2730 2877 2876
f 2730 2878 2877
f 2730 2879 2878
f 2730 2880 2879
f 2730 2881 2880
f 2730 2882 2881
f 2730 2883 2882
f 2730 2884 2883
f 2730 2885 2884
f 2730 2886 2885
f 2730 2887 2886
f 2730 2888 2887
f 2730 2889 2888
f 2730 2890 2889
f 2730 2891 2890
f 2730 2892 2891
f 2730 2893 2892
f 2730 2894 2893
f 2730 2895 2894
f 2730 2896 2895
f 2730 2897 2896
f 2730 2898 2897
f 2730 2899 2898
f 2730 2900 2899
f 2730 2901 2900
f 2730 2902 2901
f 2730 2903 2902
f 2730 2904 2903
f 2730 2905 2904
f 2730 2906 2905
f 2730 2907 2906
f 2730 2908 2907
f 2730 2909 2908
f 2730 2910 2909
f 2730 2911 2910
f 2730 2912 2911
f 2730 2913 2912
f 2730 2914 2913
f 2730 2915 2914
f 2730 2916 2915
f 2730 2917 2916
f 2730 2918 2917
f 2730 2919 2918
f 2730 2920 2919
f 2730 2921 2920
f 2730 2922 2921
f 2730 2923 2922
f 2730 2924 2923
f 2730 2925 2924
f 2730 2926 2925
f 2730 2927 2926
f 2730 2928 2927
f 2730 2929 2928
f 2730 2930 2929
f 2730 2931 2930
f 2730 2932 2931
f 2730 2933 2932
f 2730 2934 2933
f 2730 2935 2934
f 2730 2936 2935
f 2730 2937 2936
f 2730 2938 2937
f 2730 2939 2938
f 2730 2940 2939
f 2730 2941 2940
f 2730 2942 2941
f 2730 2943 2942
f 2730 2944 2943
f 2730 2945 2944
f 2730 2946 2945
f 2730 2947 2946
f 2730 2948 2947
f 2730 2949 2948
f 2730 2950 2949
f 2730 2951 2950
f 2730 2952 2951
f 2730 2953 2952
f 2730 2954 2953
f 2730 2955 2954
f 2730 2956 2955
f 2730 2957 2956
f 2730 2958 2957
f 2730 2959 2958
f 2730 2960 2959
f 2730 2961 2960
f 2730 2962 2961
f 2730 2963 2962
f 2729 2963 2730
f 2728 2963 2729
f 2728 2964 2963
f 2728 2965 2964
f 2728 2966 2965
f 2728 2967 2966
f 2728 2968 2967
f 2728 2969 2968
f 2728 2970 2969
f 2728 2971 2970
f 2728 2972 2971
f 2728 2973 2972
f 2728 2974 2973
f 2728 2975 2974
f 2728 2976 2975
f 2728 2977 2976
f 2728 2978 2977
f 2728 2979 2978
f 2728 2980 2979
f 2728 2981 2980
f 2728 2982 2981
f 2728 2983 2982
f 2728 2984 2983
f 2728 2985 2984
f 2728 2986 2985
f 2728 2987 2986
f 2728 2988 2987
f 2728 2989 2988
f 2728 2990 2989
f 2728 2991 2990
f 2728 2992 2991
f 2728 2993 2992
f 2728 2994 2993
f 2728 2995 2994
f 2728 2996 2995
f 2728 2593 2996
f 2728 2594 2593
f 2728 2595 2594
f 2728 2596 2595
f 2728 2597 2596
f 2728 2598 2597
f 2728 2599 2598
f 2728 2600 2599
f 2728 2601 2600
f 2728 2602 2601
f 2728 2603 2602
f 2728 2604 2603
f 2728 2605 2604
f 2728 2606 2605
f 2728 2607 2606
f 2728 2608 2607
f 2728 2609 2608
f 2728 2610 2609
f 2728 2611 2610
f 2728 2612 2611
f 2728 2613 2612
f 2728 2614 2613
f 2728 2615 2614
f 2728 2616 2615
f 2728 2617 2616
f 2728 2618 2617
f 2728 2619 2618
f 2728 2620 2619
f 2728 2621 2620
f 2728 2622 2621
f 2728 2623 2622
f 2728 2624 2623
f 2728 2625 2624
f 2728 2626 2625
f 2728 2627 2626
f 2728 2628 2627
f 2728 2629 2628
f 2728 2630 2629
f 2728 2631 2630
f 2728 2632 2631
f 2728 2633 2632
f 2728 2634 2633
f 2728 2635 2634
f 2728 2636 2635
f 2728 2637 2636
f 2728 2638 2637
f 2728 2639 2638
f 2728 2640 2639
f 2728 2641 2640
f 2728 2642 2641
f 2728 2643 2642
f 2728 2644 2643
f 2728 2645 2644
f 2728 2646 2645
f 2728 2647 2646
f 2728 2648 2647
f 2728 2649 2648
f 2728 2650 2649
f 2728 2651 2650
f 2728 2652 2651
f 2728 2653 2652
f 2728 2654 2653
f 2728 2655 2654
f 2728 2656 2655
f 2728 2657 2656
f 2728 2658 2657
f 2728 2659 2658
f 2728 2660 2659
f 2728 2661 2660
f 2727 2661 2728
f 2726 2661 2727
f 2726 2662 2661
f 2726 2663 2662
f 2726 2664 2663
f 2726 2665 2664
f 2726 2666 2665
f 2726 2667 2666
f 2726 2668 2667
f 2726 2669 2668
f 2726 2670 2669
f 2726 2671 2670
f 2726 2672 2671
f 2726 2673 2672
f 2726 2674 2673
f 2726 2675 2674
f 2726 2676 2675
f 2726 2677 2676
f 2726 2678 2677
f 2726 2679 2678
f 2726 2680 2679
f 2726 2681 2680
f 2726 2682 2681
f 2726 2683 2682
f 2726 2684 2683
f 2726 2685 2684
f 2726 2686 2685
f 2726 2687 2686
f 2726 2688 2687
f 2726 2689 2688
f 2726 2690 2689
f 2726 2691 2690
f 2726 2692 2691
f 2726 2693 2692
f 2726 2694 2693
f 2726 2695 2694
f 2726 2696 2695
f 2726 2697 2696
f 2726 2698 2697
f 2726 2699 2698
f 2726 2700 2699
f 2726 2701 2700
f 2726 2702 2701
f 2726 2703 2702
f 2726 2704 2703
f 2726 2705 2704
f 2725 2705 2726
f 2725 2706 2705
f 2724 2706 2725
f 2724 2707 2706
f 2724 2708 2707
f 2724 2709 2708
f 2723 2709 2724
f 2722 2709 2723
f 2722 2710 2709
f 2722 2711 2710
f 2722 2712 2711
f 2722 2713 2712
f 2722 2714 2713
f 2722 2715 2714
f 2722 2716 2715
f 2722 2717 2716
f 2722 2718 2717
f 2722 2719 2718
f 2722 2720 2719
f 2721 2720 2722
f 3197 3198 3199
f 3196 3197 3199
f 3195 3196 3199
f 3194 3195 3199
f 3193 3194 3199
f 3192 3193 3199
f 3191 3192 3199
f 3190 3191 3199
f 3189 3190 3199
f 3188 3189 3199
f 3187 3188 3199
f 3186 3187 3199
f 3185 3186 3199
f 3184 3185 3199
f 3183 3184 3199
f 3182 3183 3199
f 3181 3182 3199
f 3180 3181 3199
f 3179 3180 3199
f 3178 3179 3199
f 3177 3178 3199
f 3176 3177 3199
f 3175 3176 3199
f 3174 3175 3199
f 3173 3174 3199
f 3172 3173 3199
f 3171 3172 3199
f 3170 3171 3199
f 3169 3170 3199
f 3168 3169 3199
f 3167 3168 3199
f 3166 3167 3199
f 3165 3166 3199
f 3164 3165 3199
f 3163 3164 3199
f 3162 3163 3199
f 3161 3162 3199
f 3160 3161 3199
f 3159 3160 3199
f 3158 3159 3199
f 3157 3158 3199
f 3157 3199 3200
f 3156 3157 3200
f 3155 3156 3200
f 3155 3200 3201
f 3154 3155 3201
f 3153 3154 3201
f 3153 3201 3202
f 3152 3153 3202
f 3152 3202 3203
f 3151 3152 3203
f 3151 3203 3204
f 3150 3151 3204
f 3150 3204 3205
f 3150 3205 3206
f 3150 3206 3207
f 3150 3207 3208
f 3150 3208 3209
f 3150 3209 3210
f 3150 3210 3211
f 3150 3211 3212
f 3150 3212 3213
f 3150 3213 3214
f 3150 3214 3215
f 3150 3215 3216
f 3150 3216 3217
f 3150 3217 3218
f 3150 3218 3219
f 3150 3219 3220
f 3150 3220 3221
f 3150 3221 3222
f 3150 3222 3223
f 3150 3223 3224
f 3150 3224 3225
f 3150 3225 3226
f 3150 3226 3227
f 3150 3227 3228
f 3150 3228 3229
f 3150 3229 3230
f 3150 3230 3231
f 3150 3231 3232
f 3150 3232 3233
f 3150 3233 3234
f 3150 3234 3235
f 3150 3235 3236
f 3150 3236 3237
f 3150 3237 3238
f 3150 3238 3239
f 3150 3239 3240
f 3150 3240 3241
f 3150 3241 3242
f 3150 3242 3243
f 3150 3243 3244
f 3150 3244 3245
f 3150 3245 3246
f 3150 3246 3247
f 3150 3247 3248
f 3149 3150 3248
f 3149 3248 3249
f 3149 3249 3250
f 3148 3149 3250
f 3147 3148 3250
f 3147 3250 3251
f 3147 3251 3252
f 3146 3147 3252
f 3145 3146 3252
f 3145 3252 3253
f 3145 3253 3254
f 3144 3145 3254
f 3143 3144 3254
f 3143 3254 3255
f 3143 3255 3256
f 3142 3143 3256
f 3141 3142 3256
f 3141 3256 3257
f 3141 3257 3258
f 3140 3141 3258
f 3139 3140 3258
f 3139 3258 3259
f 3139 3259 3260
f 3138 3139 3260
f 3137 3138 3260
f 3137 3260 3261
f 3137 3261 3262
f 3136 3137 3262
f 3136 3262 3263
f 3135 3136 3263
f 3134 3135 3263
f 3134 3263 3264
f 3134 3264 3265
f 3134 3265 3266
f 3134 3266 3267
f 3134 3267 3268
f 3134 3268 3269
f 3134 3269 3270
f 3134 3270 3271
f 3134 3271 3272
f 3134 3272 3273
f 3134 3273 3274
f 3134 3274 3275
f 3134 3275 3276
f 3134 3276 3277
f 3134 3277 3278
f 3134 3278 3279
f 3134 3279 3280
f 3134 3280 3281
f 3134 3281 3282
f 3134 3282 3283
f 3134 3283 3284
f 3134 3284 3285
f 3134 3285 3286
f 3134 3286 3287
f 3134 3287 3288
f 3134 3288 3289
f 3134 3289 3290
f 3134 3290 3291
f 3134 3291 3292
f 3134 3292 3293
f 3134 3293 3294
f 3134 3294 3295
f 3134 3295 3296
f 3134 3296 3297
f 3134 3297 3298
f 3134 3298 3299
f 3134 3299 3300
f 3134 3300 3301
f 3134 3301 3302
f 3134 3302 3303
f 3134 3303 3304
f 3134 3304 3305
f 3134 3305 3306
f 3134 3306 3307
f 3134 3307 3308
f 3134 3308 3309
f 3134 3309 3310
f 3134 3310 3311
f 3134 3311 3312
f 3134 3312 3313
f 3134 3313 3314
f 3134 3314 3315
f 3134 3315 3316
f 3134 3316 3317
f 3134 3317 3318
f 3134 3318 3319
f 3134 3319 3320
f 3134 3320 3321
f 3134 3321 3322
f 3134 3322 3323
f 3134 3323 3324
f 3134 3324 3325
f 3134 3325 3326
f 3134 3326 3327
f 3134 3327 3328
f 3134 3328 3329
f 3134 3329 3330
f 3134 3330 3331
f 3134 3331 3332
f 3134 3332 3333
f 3134 3333 3334
f 3134 3334 3335
f 3134 3335 3336
f 3134 3336 3337
f 3134 3337 3338
f 3134 3338 3339
f 3134 3339 3340
f 3134 3340 3341
f 3134 3341 3342
f 3134 3342 3343
f 3134 3343 3344
f 3134 3344 3345
f 3134 3345 3346
f 3134 3346 3347
f 3134 3347 3348
f 3134 3348 3349
f 3134 3349 3350
f 3134 3350 3351
f 3134 3351 3352
f 3134 3352 3353
f 3134 3353 3354
f 3134 3354 3355
f 3134 3355 3356
f 3134 3356 3357
f 3134 3357 3358
f 3134 3358 3359
f 3134 3359 3360
f 3134 3360 3361
f 3134 3361 3362
f 3134 3362 3363
f 3134 3363 3364
f 3134 3364 3365
f 3134 3365 3366
f 3134 3366 3367
f 3133 3134 3367
f 3132 3133 3367
f 3132 3367 3368
f 3132 3368 3369
f 3132 3369 3370
f 3132 3370 3371
f 3132 3371 3372
f 3132 3372 3373
f 3132 3373 3374
f 3132 3374 3375
f 3132 3375 3376
f 3132 3376 3377
f 3132 3377 3378
f 3132 3378 3379
f 3132 3379 3380
f 3132 3380 3381
f 3132 3381 3382
f 3132 3382 3383
f 3132 3383 3384
f 3132 3384 3385
f 3132 3385 3386
f 3132 3386 3387
f 3132 3387 3388
f 3132 3388 3389
f 3132 3389 3390
f 3132 3390 3391
f 3132 3391 3392
f 3132 3392 3393
f 3132 3393 3394
f 3132 3394 3395
f 3132 3395 3396
f 3132 3396 3397
f 3132 3397 3398
f 3132 3398 3399
f 3132 3399 3400
f 3132 3400 2997
f 3132 2997 2998
f 3132 2998 2999
f 3132 2999 3000
f 3132 3000 3001
f 3132 3001 3002
f 3132 3002 3003
f 3132 3003 3004
f 3132 3004 3005
f 3132 3005 3006
f 3132 3006 3007
f 3132 3007 3008
f 3132 3008 3009
f 3132 3009 3010
f 3132 3010 3011
f 3132 3011 3012
f 3132 3012 3013
f 3132 3013 3014
f 3132 3014 3015
f 3132 3015 3016
f 3132 3016 3017
f 3132 3017 3018
f 3132 3018 3019
f 3132 3019 3020
f 3132 3020 3021
f 3132 3021 3022
f 3132 3022 3023
f 3132 3023 3024
f 3132 3024 3025
f 3132 3025 3026
f 3132 3026 3027
f 3132 3027 3028
f 3132 3028 3029
f 3132 3029 3030
f 3132 3030 3031
f 3132 3031 3032
f 3132 3032 3033
f 3132 3033 3034
f 3132 3034 3035
f 3132 3035 3036
f 3132 3036 3037
f 3132 3037 3038
f 3132 3038 3039
f 3132 3039 3040
f 3132 3040 3041
f 3132 3041 3042
f 3132 3042 3043
f 3132 3043 3044
f 3132 3044 3045
f 3132 3045 3046
f 3132 3046 3047
f 3132 3047 3048
f 3132 3048 3049
f 3132 3049 3050
f 3132 3050 3051
f 3132 3051 3052
f 3132 3052 3053
f 3132 3053 3054
f 3132 3054 3055
f 3132 3055 3056
f 3132 3056 3057
f 3132 3057 3058
f 3132 3058 3059
f 3132 3059 3060
f 3132 3060 3061
f 3132 3061 3062
f 3132 3062 3063
f 3132 3063 3064
f 3132 3064 3065
f 3131 3132 3065
f 3130 3131 3065
f 3130 3065 3066
f 3130 3066 3067
f 3130 3067 3068
f 3130 3068 3069
f 3130 3069 3070
f 3130 3070 3071
f 3130 3071 3072
f 3130 3072 3073
f 3130 3073 3074
f 3130 3074 3075
f 3130 3075 3076
f 3130 3076 3077
f 3130 3077 3078
f 3130 3078 3079
f 3130 3079 3080
f 3130 3080 3081
f 3130 3081 3082
f 3130 3082 3083
f 3130 3083 3084
f 3130 3084 3085
f 3130 3085 3086
f 3130 3086 3087
f 3130 3087 3088
f 3130 3088 3089
f 3130 3089 3090
f 3130 3090 3091
f 3130 3091 3092
f 3130 3092 3093
f 3130 3093 3094
f 3130 3094 3095
f 3130 3095 3096
f 3130 3096 3097
f 3130 3097 3098
f 3130 3098 3099
f 3130 3099 3100
f 3130 3100 3101
f 3130 3101 3102
f 3130 3102 3103
f 3130 3103 3104
f 3130 3104 3105
f 3130 3105 3106
f 3130 3106 3107
f 3130 3107 3108
f 3130 3108 3109
f 3129 3130 3109
f 3129 3109 3110
f 3128 3129 3110
f 3128 3110 3111
f 3128 3111 3112
f 3128 3112 3113
f 3127 3128 3113
f 3126 3127 3113
f 3126 3113 3114
f 3126 3114 3115
f 3126 3115 3116
f 3126 3116 3117
f 3126 3117 3118
f 3126 3118 3119
f 3126 3119 3120
f 3126 3120 3121
f 3126 3121 3122
f 3126 3122 3123
f 3126 3123 3124
f 3125 3126 3124
f 3401 3402 3806
f 3401 3806 3805
f 3402 3403 3807
f 3402 3807 3806
f 3403 3404 3808
f 3403 3808 3807
f 3404 3405 3809
f 3404 3809 3808
f 3405 3406 3810
f 3405 3810 3809
f 3406 3407 3811
f 3406 3811 3810
f 3407 3408 3812
f 3407 3812 3811
f 3408 3409 3813
f 3408 3813 3812
f 3409 3410 3814
f 3409 3814 3813
f 3410 3411 3815
f 3410 3815 3814
f 3411 3412 3816
f 3411 3816 3815
f 3412 3413 3817
f 3412 3817 3816
f 3413 3414 3818
f 3413 3818 3817
f 3414 3415 3819
f 3414 3819 3818
f 3415 3416 3820
f 3415 3820 3819
f 3416 3417 3821
f 3416 3821 3820
f 3417 3418 3822
f 3417 3822 3821
f 3418 3419 3823
f 3418 3823 3822
f 3419 3420 3824
f 3419 3824 3823
f 3420 3421 3825
f 3420 3825 3824
f 3421 3422 3826
f 3421 3826 3825
f 3422 3423 3827
f 3422 3827 3826
f 3423 3424 3828
f 3423 3828 3827
f 3424 3425 3829
f 3424 3829 3828
f 3425 3426 3830
f 3425 3830 3829
f 3426 3427 3831
f 3426 3831 3830
f 3427 3428 3832
f 3427 3832 3831
f 3428 3429 3833
f 3428 3833 3832
f 3429 3430 3834
f 3429 3834 3833
f 3430 3431 3835
f 3430 3835 3834
f 3431 3432 3836
f 3431 3836 3835
f 3432 3433 3837
f 3432 3837 3836
f 3433 3434 3838
f 3433 3838 3837
f 3434 3435 3839
f 3434 3839 3838
f 3435 3436 3840
f 3435 3840 3839
f 3436 3437 3841
f 3436 3841 3840
f 3437 3438 3842
f 3437 3842 3841
f 3438 3439 3843
f 3438 3843 3842
f 3439 3440 3844
f 3439 3844 3843
f 3440 3441 3845
f 3440 3845 3844
f 3441 3442 3846
f 3441 3846 3845
f 3442 3443 3847
f 3442 3847 3846
f 3443 3444 3848
f 3443 3848 3847
f 3444 3445 3849
f 3444 3849 3848
f 3445 3446 3850
f 3445 3850 3849
f 3446 3447 3851
f 3446 3851 3850
f 3447 3448 3852
f 3447 3852 3851
f 3448 3449 3853
f 3448 3853 3852
f 3449 3450 3854
f 3449 3854 3853
f 3450 3451 3855
f 3450 3855 3854
f 3451 3452 3856
f 3451 3856 3855
f 3452 3453 3857
f 3452 3857 3856
f 3453 3454 3858
f 3453 3858 3857
f 3454 3455 3859
f 3454 3859 3858
f 3455 3456 3860
f 3455 3860 3859
f 3456 3457 3861
f 3456 3861 3860
f 3457 3458 3862
f 3457 3862 3861
f 3458 3459 3863
f 3458 3863 3862
f 3459 3460 3864
f 3459 3864 3863
f 3460 3461 3865
f 3460 3865 3864
f 3461 3462 3866
f 3461 3866 3865
f 3462 3463 3867
f 3462 3867 3866
f 3463 3464 3868
f 3463 3868 3867
f 3464 3465 3869
f 3464 3869 3868
f 3465 3466 3870
f 3465 3870 3869
f 3466 3467 3871
f 3466 3871 3870
f 3467 3468 3872
f 3467 3872 3871
f 3468 3469 3873
f 3468 3873 3872
f 3469 3470 3874
f 3469 3874 3873
f 3470 3471 3875
f 3470 3875 3874
f 3471 3472 3876
f 3471 3876 3875
f 3472 3473 3877
f 3472 3877 3876
f 3473 3474 3878
f 3473 3878 3877
f 3474 3475 3879
f 3474 3879 3878
f 3475 3476 3880
f 3475 3880 3879
f 3476 3477 3881
f 3476 3881 3880
f 3477 3478 3882
f 3477 3882 3881
f 3478 3479 3883
f 3478 3883 3882
f 3479 3480 3884
f 3479 3884 3883
f 3480 3481 3885
f 3480 3885 3884
f 3481 3482 3886
f 3481 3886 3885
f 3482 3483 3887
f 3482 3887 3886
f 3483 3484 3888
f 3483 3888 3887
f 3484 3485 3889
f 3484 3889 3888
f 3485 3486 3890
f 3485 3890 3889
f 3486 3487 3891
f 3486 3891 3890
f 3487 3488 3892
f 3487 3892 3891
f 3488 3489 3893
f 3488 3893 3892
f 3489 3490 3894
f 3489 3894 3893
f 3490 3491 3895
f 3490 3895 3894
f 3491 3492 3896
f 3491 3896 3895
f 3492 3493 3897
f 3492 3897 3896
f 3493 3494 3898
f 3493 3898 3897
f 3494 3495 3899
f 3494 3899 3898
f 3495 3496 3900
f 3495 3900 3899
f 3496 3497 3901
f 3496 3901 3900
f 3497 3498 3902
f 3497 3902 3901
f 3498 3499 3903
f 3498 3903 3902
f 3499 3500 3904
f 3499 3904 3903
f 3500 3501 3905
f 3500 3905 3904
f 3501 3502 3906
f 3501 3906 3905
f 3502 3503 3907
f 3502 3907 3906
f 3503 3504 3908
f 3503 3908 3907
f 3504 3505 3909
f 3504 3909 3908
f 3505 3506 3910
f 3505 3910 3909
f 3506 3507 3911
f 3506 3911 3910
f 3507 3508 3912
f 3507 3912 3911
f 3508 3509 3913
f 3508 3913 3912
f 3509 3510 3914
f 3509 3914 3913
f 3510 3511 3915
f 3510 3915 3914
f 3511 3512 3916
f 3511 3916 3915
f 3512 3513 3917
f 3512 3917 3916
f 3513 3514 3918
f 3513 3918 3917
f 3514 3515 3919
f 3514 3919 3918
f 3515 3516 3920
f 3515 3920 3919
f 3516 3517 3921
f 3516 3921 3920
f 3517 3518 3922
f 3517 3922 3921
f 3518 3519 3923
f 3518 3923 3922
f 3519 3520 3924
f 3519 3924 3923
f 3520 3521 3925
f 3520 3925 3924
f 3521 3522 3926
f 3521 3926 3925
f 3522 3523 3927
f 3522 3927 3926
f 3523 3524 3928
f 3523 3928 3927
f 3524 3525 3929
f 3524 3929 3928
f 3525 3526 3930
f 3525 3930 3929
f 3526 3527 3931
f 3526 3931 3930
f 3527 3528 3932
f 3527 3932 3931
f 3528 3529 3933
f 3528 3933 3932
f 3529 3530 3934
f 3529 3934 3933
f 3530 3531 3935
f 3530 3935 3934
f 3531 3532 3936
f 3531 3936 3935
f 3532 3533 3937
f 3532 3937 3936
f 3533 3534 3938
f 3533 3938 3937
f 3534 3535 3939
f 3534 3939 3938
f 3535 3536 3940
f 3535 3940 3939
f 3536 3537 3941
f 3536 3941 3940
f 3537 3538 3942
f 3537 3942 3941
f 3538 3539 3943
f 3538 3943 3942
f 3539 3540 3944
f 3539 3944 3943
f 3540 3541 3945
f 3540 3945 3944
f 3541 3542 3946
f 3541 3946 3945
f 3542 3543 3947
f 3542 3947 3946
f 3543 3544 3948
f 3543 3948 3947
f 3544 3545 3949
f 3544 3949 3948
f 3545 3546 3950
f 3545 3950 3949
f 3546 3547 3951
f 3546 3951 3950
f 3547 3548 3952
f 3547 3952 3951
f 3548 3549 3953
f 3548 3953 3952
f 3549 3550 3954
f 3549 3954 3953
f 3550 3551 3955
f 3550 3955 3954
f 3551 3552 3956
f 3551 3956 3955
f 3552 3553 3957
f 3552 3957 3956
f 3553 3554 3958
f 3553 3958 3957
f 3554 3555 3959
f 3554 3959 3958
f 3555 3556 3960
f 3555 3960 3959
f 3556 3557 3961
f 3556 3961 3960
f 3557 3558 3962
f 3557 3962 3961
f 3558 3559 3963
f 3558 3963 3962
f 3559 3560 3964
f 3559 3964 3963
f 3560 3561 3965
f 3560 3965 3964
f 3561 3562 3966
f 3561 3966 3965
f 3562 3563 3967
f 3562 3967 3966
f 3563 3564 3968
f 3563 3968 3967
f 3564 3565 3969
f 3564 3969 3968
f 3565 3566 3970
f 3565 3970 3969
f 3566 3567 3971
f 3566 3971 3970
f 3567 3568 3972
f 3567 3972 3971
f 3568 3569 3973
f 3568 3973 3972
f 3569 3570 3974
f 3569 3974 3973
f 3570 3571 3975
f 3570 3975 3974
f 3571 3572 3976
f 3571 3976 3975
f 3572 3573 3977
f 3572 3977 3976
f 3573 3574 3978
f 3573 3978 3977
f 3574 3575 3979
f 3574 3979 3978
f 3575 3576 3980
f 3575 3980 3979
f 3576 3577 3981
f 3576 3981 3980
f 3577 3578 3982
f 3577 3982 3981
f 3578 3579 3983
f 3578 3983 3982
f 3579 3580 3984
f 3579 3984 3983
f 3580 3581 3985
f 3580 3985 3984
f 3581 3582 3986
f 3581 3986 3985
f 3582 3583 3987
f 3582 3987 3986
f 3583 3584 3988
f 3583 3988 3987
f 3584 3585 3989
f 3584 3989 3988
f 3585 3586 3990
f 3585 3990 3989
f 3586 3587 3991
f 3586 3991 3990
f 3587 3588 3992
f 3587 3992 3991
f 3588 3589 3993
f 3588 3993 3992
f 3589 3590 3994
f 3589 3994 3993
f 3590 3591 3995
f 3590 3995 3994
f 3591 3592 3996
f 3591 3996 3995
f 3592 3593 3997
f 3592 3997 3996
f 3593 3594 3998
f 3593 3998 3997
f 3594 3595 3999
f 3594 3999 3998
f 3595 3596 4000
f 3595 4000 3999
f 3596 3597 4001
f 3596 4001 4000
f 3597 3598 4002
f 3597 4002 4001
f 3598 3599 4003
f 3598 4003 4002
f 3599 3600 4004
f 3599 4004 4003
f 3600 3601 4005
f 3600 4005 4004
f 3601 3602 4006
f 3601 4006 4005
f 3602 3603 4007
f 3602 4007 4006
f 3603 3604 4008
f 3603 4008 4007
f 3604 3605 4009
f 3604 4009 4008
f 3605 3606 4010
f 3605 4010 4009
f 3606 3607 4011
f 3606 4011 4010
f 3607 3608 4012
f 3607 4012 4011
f 3608 3609 4013
f 3608 4013 4012
f 3609 3610 4014
f 3609 4014 4013
f 3610 3611 4015
f 3610 4015 4014
f 3611 3612 4016
f 3611 4016 4015
f 3612 3613 4017
f 3612 4017 4016
f 3613 3614 4018
f 3613 4018 4017
f 3614 3615 4019
f 3614 4019 4018
f 3615 3616 4020
f 3615 4020 4019
f 3616 3617 4021
f 3616 4021 4020
f 3617 3618 4022
f 3617 4022 4021
f 3618 3619 4023
f 3618 4023 4022
f 3619 3620 4024
f 3619 4024 4023
f 3620 3621 4025
f 3620 4025 4024
f 3621 3622 4026
f 3621 4026 4025
f 3622 3623 4027
f 3622 4027 4026
f 3623 3624 4028
f 3623 4028 4027
f 3624 3625 4029
f 3624 4029 4028
f 3625 3626 4030
f 3625 4030 4029
f 3626 3627 4031
f 3626 4031 4030
f 3627 3628 4032
f 3627 4032 4031
f 3628 3629 4033
f 3628 4033 4032
f 3629 3630 4034
f 3629 4034 4033
f 3630 3631 4035
f 3630 4035 4034
f 3631 3632 4036
f 3631 4036 4035
f 3632 3633 4037
f 3632 4037 4036
f 3633 3634 4038
f 3633 4038 4037
f 3634 3635 4039
f 3634 4039 4038
f 3635 3636 4040
f 3635 4040 4039
f 3636 3637 4041
f 3636 4041 4040
f 3637 3638 4042
f 3637 4042 4041
f 3638 3639 4043
f 3638 4043 4042
f 3639 3640 4044
f 3639 4044 4043
f 3640 3641 4045
f 3640 4045 4044
f 3641 3642 4046
f 3641 4046 4045
f 3642 3643 4047
f 3642 4047 4046
f 3643 3644 4048
f 3643 4048 4047
f 3644 3645 4049
f 3644 4049 4048
f 3645 3646 4050
f 3645 4050 4049
f 3646 3647 4051
f 3646 4051 4050
f 3647 3648 4052
f 3647 4052 4051
f 3648 3649 4053
f 3648 4053 4052
f 3649 3650 4054
f 3649 4054 4053
f 3650 3651 4055
f 3650 4055 4054
f 3651 3652 4056
f 3651 4056 4055
f 3652 3653 4057
f 3652 4057 4056
f 3653 3654 4058
f 3653 4058 4057
f 3654 3655 4059
f 3654 4059 4058
f 3655 3656 4060
f 3655 4060 4059
f 3656 3657 4061
f 3656 4061 4060
f 3657 3658 4062
f 3657 4062 4061
f 3658 3659 4063
f 3658 4063 4062
f 3659 3660 4064
f 3659 4064 4063
f 3660 3661 4065
f 3660 4065 4064
f 3661 3662 4066
f 3661 4066 4065
f 3662 3663 4067
f 3662 4067 4066
f 3663 3664 4068
f 3663 4068 4067
f 3664 3665 4069
f 3664 4069 4068
f 3665 3666 4070
f 3665 4070 4069
f 3666 3667 4071
f 3666 4071 4070
f 3667 3668 4072
f 3667 4072 4071
f 3668 3669 4073
f 3668 4073 4072
f 3669 3670 4074
f 3669 4074 4073
f 3670 3671 4075
f 3670 4075 4074
f 3671 3672 4076
f 3671 4076 4075
f 3672 3673 4077
f 3672 4077 4076
f 3673 3674 4078
f 3673 4078 4077
f 3674 3675 4079
f 3674 4079 4078
f 3675 3676 4080
f 3675 4080 4079
f 3676 3677 4081
f 3676 4081 4080
f 3677 3678 4082
f 3677 4082 4081
f 3678 3679 4083
f 3678 4083 4082
f 3679 3680 4084
f 3679 4084 4083
f 3680 3681 4085
f 3680 4085 4084
f 3681 3682 4086
f 3681 4086 4085
f 3682 3683 4087
f 3682 4087 4086
f 3683 3684 4088
f 3683 4088 4087
f 3684 3685 4089
f 3684 4089 4088
f 3685 3686 4090
f 3685 4090 4089
f 3686 3687 4091
f 3686 4091 4090
f 3687 3688 4092
f 3687 4092 4091
f 3688 3689 4093
f 3688 4093 4092
f 3689 3690 4094
f 3689 4094 4093
f 3690 3691 4095
f 3690 4095 4094
f 3691 3692 4096
f 3691 4096 4095
f 3692 3693 4097
f 3692 4097 4096
f 3693 3694 4098
f 3693 4098 4097
f 3694 3695 4099
f 3694 4099 4098
f 3695 3696 4100
f 3695 4100 4099
f 3696 3697 4101
f 3696 4101 4100
f 3697 3698 4102
f 3697 4102 4101
f 3698 3699 4103
f 3698 4103 4102
f 3699 3700 4104
f 3699 4104 4103
f 3700 3701 4105
f 3700 4105 4104
f 3701 3702 4106
f 3701 4106 4105
f 3702 3703 4107
f 3702 4107 4106
f 3703 3704 4108
f 3703 4108 4107
f 3704 3705 4109
f 3704 4109 4108
f 3705 3706 4110
f 3705 4110 4109
f 3706 3707 4111
f 3706 4111 4110
f 3707 3708 4112
f 3707 4112 4111
f 3708 3709 4113
f 3708 4113 4112
f 3709 3710 4114
f 3709 4114 4113
f 3710 3711 4115
f 3710 4115 4114
f 3711 3712 4116
f 3711 4116 4115
f 3712 3713 4117
f 3712 4117 4116
f 3713 3714 4118
f 3713 4118 4117
f 3714 3715 4119
f 3714 4119 4118
f 3715 3716 4120
f 3715 4120 4119
f 3716 3717 4121
f 3716 4121 4120
f 3717 3718 4122
f 3717 4122 4121
f 3718 3719 4123
f 3718 4123 4122
f 3719 3720 4124
f 3719 4124 4123
f 3720 3721 4125
f 3720 4125 4124
f 3721 3722 4126
f 3721 4126 4125
f 3722 3723 4127
f 3722 4127 4126
f 3723 3724 4128
f 3723 4128 4127
f 3724 3725 4129
f 3724 4129 4128
f 3725 3726 4130
f 3725 4130 4129
f 3726 3727 4131
f 3726 4131 4130
f 3727 3728 4132
f 3727 4132 4131
f 3728 3729 4133
f 3728 4133 4132
f 3729 3730 4134
f 3729 4134 4133
f 3730 3731 4135
f 3730 4135 4134
f 3731 3732 4136
f 3731 4136 4135
f 3732 3733 4137
f 3732 4137 4136
f 3733 3734 4138
f 3733 4138 4137
f 3734 3735 4139
f 3734 4139 4138
f 3735 3736 4140
f 3735 4140 4139
f 3736 3737 4141
f 3736 4141 4140
f 3737 3738 4142
f 3737 4142 4141
f 3738 3739 4143
f 3738 4143 4142
f 3739 3740 4144
f 3739 4144 4143
f 3740 3741 4145
f 3740 4145 4144
f 3741 3742 4146
f 3741 4146 4145
f 3742 3743 4147
f 3742 4147 4146
f 3743 3744 4148
f 3743 4148 4147
f 3744 3745 4149
f 3744 4149 4148
f 3745 3746 4150
f 3745 4150 4149
f 3746 3747 4151
f 3746 4151 4150
f 3747 3748 4152
f 3747 4152 4151
f 3748 3749 4153
f 3748 4153 4152
f 3749 3750 4154
f 3749 4154 4153
f 3750 3751 4155
f 3750 4155 4154
f 3751 3752 4156
f 3751 4156 4155
f 3752 3753 4157
f 3752 4157 4156
f 3753 3754 4158
f 3753 4158 4157
f 3754 3755 4159
f 3754 4159 4158
f 3755 3756 4160
f 3755 4160 4159
f 3756 3757 4161
f 3756 4161 4160
f 3757 3758 4162
f 3757 4162 4161
f 3758 3759 4163
f 3758 4163 4162
f 3759 3760 4164
f 3759 4164 4163
f 3760 3761 4165
f 3760 4165 4164
f 3761 3762 4166
f 3761 4166 4165
f 3762 3763 4167
f 3762 4167 4166
f 3763 3764 4168
f 3763 4168 4167
f 3764 3765 4169
f 3764 4169 4168
f 3765 3766 4170
f 3765 4170 4169
f 3766 3767 4171
f 3766 4171 4170
f 3767 3768 4172
f 3767 4172 4171
f 3768 3769 4173
f 3768 4173 4172
f 3769 3770 4174
f 3769 4174 4173
f 3770 3771 4175
f 3770 4175 4174
f 3771 3772 4176
f 3771 4176 4175
f 3772 3773 4177
f 3772 4177 4176
f 3773 3774 4178
f 3773 4178 4177
f 3774 3775 4179
f 3774 4179 4178
f 3775 3776 4180
f 3775 4180 4179
f 3776 3777 4181
f 3776 4181 4180
f 3777 3778 4182
f 3777 4182 4181
f 3778 3779 4183
f 3778 4183 4182
f 3779 3780 4184
f 3779 4184 4183
f 3780 3781 4185
f 3780 4185 4184
f 3781 3782 4186
f 3781 4186 4185
f 3782 3783 4187
f 3782 4187 4186
f 3783 3784 4188
f 3783 4188 4187
f 3784 3785 4189
f 3784 4189 4188
f 3785 3786 4190
f 3785 4190 4189
f 3786 3787 4191
f 3786 4191 4190
f 3787 3788 4192
f 3787 4192 4191
f 3788 3789 4193
f 3788 4193 4192
f 3789 3790 4194
f 3789 4194 4193
f 3790 3791 4195
f 3790 4195 4194
f 3791 3792 4196
f 3791 4196 4195
f 3792 3793 4197
f 3792 4197 4196
f 3793 3794 4198
f 3793 4198 4197
f 3794 3795 4199
f 3794 4199 4198
f 3795 3796 4200
f 3795 4200 4199
f 3796 3797 4201
f 3796 4201 4200
f 3797 3798 4202
f 3797 4202 4201
f 3798 3799 4203
f 3798 4203 4202
f 3799 3800 4204
f 3799 4204 4203
f 3800 3801 4205
f 3800 4205 4204
f 3801 3802 4206
f 3801 4206 4205
f 3802 3803 4207
f 3802 4207 4206
f 3803 3804 4208
f 3803 4208 4207
f 3804 3401 3805
f 3804 3805 4208
f 4209 4210 4614
f 4209 4614 4613
f 4210 4211 4615
f 4210 4615 4614
f 4211 4212 4616
f 4211 4616 4615
f 4212 4213 4617
f 4212 4617 4616
f 4213 4214 4618
f 4213 4618 4617
f 4214 4215 4619
f 4214 4619 4618
f 4215 4216 4620
f 4215 4620 4619
f 4216 4217 4621
f 4216 4621 4620
f 4217 4218 4622
f 4217 4622 4621
f 4218 4219 4623
f 4218 4623 4622
f 4219 4220 4624
f 4219 4624 4623
f 4220 4221 4625
f 4220 4625 4624
f 4221 4222 4626
f 4221 4626 4625
f 4222 4223 4627
f 4222 4627 4626
f 4223 4224 4628
f 4223 4628 4627
f 4224 4225 4629
f 4224 4629 4628
f 4225 4226 4630
f 4225 4630 4629
f 4226 4227 4631
f 4226 4631 4630
f 4227 4228 4632
f 4227 4632 4631
f 4228 4229 4633
f 4228 4633 4632
f 4229 4230 4634
f 4229 4634 4633
f 4230 4231 4635
f 4230 4635 4634
f 4231 4232 4636
f 4231 4636 4635
f 4232 4233 4637
f 4232 4637 4636
f 4233 4234 4638
f 4233 4638 4637
f 4234 4235 4639
f 4234 4639 4638
f 4235 4236 4640
f 4235 4640 4639
f 4236 4237 4641
f 4236 4641 4640
f 4237 4238 4642
f 4237 4642 4641
f 4238 4239 4643
f 4238 4643 4642
f 4239 4240 4644
f 4239 4644 4643
f 4240 4241 4645
f 4240 4645 4644
f 4241 4242 4646
f 4241 4646 4645
f 4242 4243 4647
f 4242 4647 4646
f 4243 4244 4648
f 4243 4648 4647
f 4244 4245 4649
f 4244 4649 4648
f 4245 4246 4650
f 4245 4650 4649
f 4246 4247 4651
f 4246 4651 4650
f 4247 4248 4652
f 4247 4652 4651
f 4248 4249 4653
f 4248 4653 4652
f 4249 4250 4654
f 4249 4654 4653
f 4250 4251 4655
f 4250 4655 4654
f 4251 4252 4656
f 4251 4656 4655
f 4252 4253 4657
f 4252 4657 4656
f 4253 4254 4658
f 4253 4658 4657
f 4254 4255 4659
f 4254 4659 4658
f 4255 4256 4660
f 4255 4660 4659
f 4256 4257 4661
f 4256 4661 4660
f 4257 4258 4662
f 4257 4662 4661
f 4258 4259 4663
f 4258 4663 4662
f 4259 4260 4664
f 4259 4664 4663
f 4260 4261 4665
f 4260 4665 4664
f 4261 4262 4666
f 4261 4666 4665
f 4262 4263 4667
f 4262 4667 4666
f 4263 4264 4668
f 4263 4668 4667
f 4264 4265 4669
f 4264 4669 4668
f 4265 4266 4670
f 4265 4670 4669
f 4266 4267 4671
f 4266 4671 4670
f 4267 4268 4672
f 4267 4672 4671
f 4268 4269 4673
f 4268 4673 4672
f 4269 4270 4674
f 4269 4674 4673
f 4270 4271 4675
f 4270 4675 4674
f 4271 4272 4676
f 4271 4676 4675
f 4272 4273 4677
f 4272 4677 4676
f 4273 4274 4678
f 4273 4678 4677
f 4274 4275 4679
f 4274 4679 4678
f 4275 4276 4680
f 4275 4680 4679
f 4276 4277 4681
f 4276 4681 4680
f 4277 4278 4682
f 4277 4682 4681
f 4278 4279 4683
f 4278 4683 4682
f 4279 4280 4684
f 4279 4684 4683
f 4280 4281 4685
f 4280 4685 4684
f 4281 4282 4686
f 4281 4686 4685
f 4282 4283 4687
f 4282 4687 4686
f 4283 4284 4688
f 4283 4688 4687
f 4284 4285 4689
f 4284 4689 4688
f 4285 4286 4690
f 4285 4690 4689
f 4286 4287 4691
f 4286 4691 4690
f 4287 4288 4692
f 4287 4692 4691
f 4288 4289 4693
f 4288 4693 4692
f 4289 4290 4694
f 4289 4694 4693
f 4290 4291 4695
f 4290 4695 4694
f 4291 4292 4696
f 4291 4696 4695
f 4292 4293 4697
f 4292 4697 4696
f 4293 4294 4698
f 4293 4698 4697
f 4294 4295 4699
f 4294 4699 4698
f 4295 4296 4700
f 4295 4700 4699
f 4296 4297 4701
f 4296 4701 4700
f 4297 4298 4702
f 4297 4702 4701
f 4298 4299 4703
f 4298 4703 4702
f 4299 4300 4704
f 4299 4704 4703
f 4300 4301 4705
f 4300 4705 4704
f 4301 4302 4706
f 4301 4706 4705
f 4302 4303 4707
f 4302 4707 4706
f 4303 4304 4708
f 4303 4708 4707
f 4304 4305 4709
f 4304 4709 4708
f 4305 4306 4710
f 4305 4710 4709
f 4306 4307 4711
f 4306 4711 4710
f 4307 4308 4712
f 4307 4712 4711
f 4308 4309 4713
f 4308 4713 4712
f 4309 4310 4714
f 4309 4714 4713
f 4310 4311 4715
f 4310 4715 4714
f 4311 4312 4716
f 4311 4716 4715
f 4312 4313 4717
f 4312 4717 4716
f 4313 4314 4718
f 4313 4718 4717
f 4314 4315 4719
f 4314 4719 4718
f 4315 4316 4720
f 4315 4720 4719
f 4316 4317 4721
f 4316 4721 4720
f 4317 4318 4722
f 4317 4722 4721
f 4318 4319 4723
f 4318 4723 4722
f 4319 4320 4724
f 4319 4724 4723
f 4320 4321 4725
f 4320 4725 4724
f 4321 4322 4726
f 4321 4726 4725
f 4322 4323 4727
f 4322 4727 4726
f 4323 4324 4728
f 4323 4728 4727
f 4324 4325 4729
f 4324 4729 4728
f 4325 4326 4730
f 4325 4730 4729
f 4326 4327 4731
f 4326 4731 4730
f 4327 4328 4732
f 4327 4732 4731
f 4328 4329 4733
f 4328 4733 4732
f 4329 4330 4734
f 4329 4734 4733
f 4330 4331 4735
f 4330 4735 4734
f 4331 4332 4736
f 4331 4736 4735
f 4332 4333 4737
f 4332 4737 4736
f 4333 4334 4738
f 4333 4738 4737
f 4334 4335 4739
f 4334 4739 4738
f 4335 4336 4740
f 4335 4740 4739
f 4336 4337 4741
f 4336 4741 4740
f 4337 4338 4742
f 4337 4742 4741
f 4338 4339 4743
f 4338 4743 4742
f 4339 4340 4744
f 4339 4744 4743
f 4340 4341 4745
f 4340 4745 4744
f 4341 4342 4746
f 4341 4746 4745
f 4342 4343 4747
f 4342 4747 4746
f 4343 4344 4748
f 4343 4748 4747
f 4344 4345 4749
f 4344 4749 4748
f 4345 4346 4750
f 4345 4750 4749
f 4346 4347 4751
f 4346 4751 4750
f 4347 4348 4752
f 4347 4752 4751
f 4348 4349 4753
f 4348 4753 4752
f 4349 4350 4754
f 4349 4754 4753
f 4350 4351 4755
f 4350 4755 4754
f 4351 4352 4756
f 4351 4756 4755
f 4352 4353 4757
f 4352 4757 4756
f 4353 4354 4758
f 4353 4758 4757
f 4354 4355 4759
f 4354 4759 4758
f 4355 4356 4760
f 4355 4760 4759
f 4356 4357 4761
f 4356 4761 4760
f 4357 4358 4762
f 4357 4762 4761
f 4358 4359 4763
f 4358 4763 4762
f 4359 4360 4764
f 4359 4764 4763
f 4360 4361 4765
f 4360 4765 4764
f 4361 4362 4766
f 4361 4766 4765
f 4362 4363 4767
f 4362 4767 4766
f 4363 4364 4768
f 4363 4768 4767
f 4364 4365 4769
f 4364 4769 4768
f 4365 4366 4770
f 4365 4770 4769
f 4366 4367 4771
f 4366 4771 4770
f 4367 4368 4772
f 4367 4772 4771
f 4368 4369 4773
f 4368 4773 4772
f 4369 4370 4774
f 4369 4774 4773
f 4370 4371 4775
f 4370 4775 4774
f 4371 4372 4776
f 4371 4776 4775
f 4372 4373 4777
f 4372 4777 4776
f 4373 4374 4778
f 4373 4778 4777
f 4374 4375 4779
f 4374 4779 4778
f 4375 4376 4780
f 4375 4780 4779
f 4376 4377 4781
f 4376 4781 4780
f 4377 4378 4782
f 4377 4782 4781
f 4378 4379 4783
f 4378 4783 4782
f 4379 4380 4784
f 4379 4784 4783
f 4380 4381 4785
f 4380 4785 4784
f 4381 4382 4786
f 4381 4786 4785
f 4382 4383 4787
f 4382 4787 4786
f 4383 4384 4788
f 4383 4788 4787
f 4384 4385 4789
f 4384 4789 4788
f 4385 4386 4790
f 4385 4790 4789
f 4386 4387 4791
f 4386 4791 4790
f 4387 4388 4792
f 4387 4792 4791
f 4388 4389 4793
f 4388 4793 4792
f 4389 4390 4794
f 4389 4794 4793
f 4390 4391 4795
f 4390 4795 4794
f 4391 4392 4796
f 4391 4796 4795
f 4392 4393 4797
f 4392 4797 4796
f 4393 4394 4798
f 4393 4798 4797
f 4394 4395 4799
f 4394 4799 4798
f 4395 4396 4800
f 4395 4800 4799
f 4396 4397 4801
f 4396 4801 4800
f 4397 4398 4802
f 4397 4802 4801
f 4398 4399 4803
f 4398 4803 4802
f 4399 4400 4804
f 4399 4804 4803
f 4400 4401 4805
f 4400 4805 4804
f 4401 4402 4806
f 4401 4806 4805
f 4402 4403 4807
f 4402 4807 4806
f 4403 4404 4808
f 4403 4808 4807
f 4404 4405 4809
f 4404 4809 4808
f 4405 4406 4810
f 4405 4810 4809
f 4406 4407 4811
f 4406 4811 4810
f 4407 4408 4812
f 4407 4812 4811
f 4408 4409 4813
f 4408 4813 4812
f 4409 4410 4814
f 4409 4814 4813
f 4410 4411 4815
f 4410 4815 4814
f 4411 4412 4816
f 4411 4816 4815
f 4412 4413 4817
f 4412 4817 4816
f 4413 4414 4818
f 4413 4818 4817
f 4414 4415 4819
f 4414 4819 4818
f 4415 4416 4820
f 4415 4820 4819
f 4416 4417 4821
f 4416 4821 4820
f 4417 4418 4822
f 4417 4822 4821
f 4418 4419 4823
f 4418 4823 4822
f 4419 4420 4824
f 4419 4824 4823
f 4420 4421 4825
f 4420 4825 4824
f 4421 4422 4826
f 4421 4826 4825
f 4422 4423 4827
f 4422 4827 4826
f 4423 4424 4828
f 4423 4828 4827
f 4424 4425 4829
f 4424 4829 4828
f 4425 4426 4830
f 4425 4830 4829
f 4426 4427 4831
f 4426 4831 4830
f 4427 4428 4832
f 4427 4832 4831
f 4428 4429 4833
f 4428 4833 4832
f 4429 4430 4834
f 4429 4834 4833
f 4430 4431 4835
f 4430 4835 4834
f 4431 4432 4836
f 4431 4836 4835
f 4432 4433 4837
f 4432 4837 4836
f 4433 4434 4838
f 4433 4838 4837
f 4434 4435 4839
f 4434 4839 4838
f 4435 4436 4840
f 4435 4840 4839
f 4436 4437 4841
f 4436 4841 4840
f 4437 4438 4842
f 4437 4842 4841
f 4438 4439 4843
f 4438 4843 4842
f 4439 4440 4844
f 4439 4844 4843
f 4440 4441 4845
f 4440 4845 4844
f 4441 4442 4846
f 4441 4846 4845
f 4442 4443 4847
f 4442 4847 4846
f 4443 4444 4848
f 4443 4848 4847
f 4444 4445 4849
f 4444 4849 4848
f 4445 4446 4850
f 4445 4850 4849
f 4446 4447 4851
f 4446 4851 4850
f 4447 4448 4852
f 4447 4852 4851
f 4448 4449 4853
f 4448 4853 4852
f 4449 4450 4854
f 4449 4854 4853
f 4450 4451 4855
f 4450 4855 4854
f 4451 4452 4856
f 4451 4856 4855
f 4452 4453 4857
f 4452 4857 4856
f 4453 4454 4858
f 4453 4858 4857
f 4454 4455 4859
f 4454 4859 4858
f 4455 4456 4860
f 4455 4860 4859
f 4456 4457 4861
f 4456 4861 4860
f 4457 4458 4862
f 4457 4862 4861
f 4458 4459 4863
f 4458 4863 4862
f 4459 4460 4864
f 4459 4864 4863
f 4460 4461 4865
f 4460 4865 4864
f 4461 4462 4866
f 4461 4866 4865
f 4462 4463 4867
f 4462 4867 4866
f 4463 4464 4868
f 4463 4868 4867
f 4464 4465 4869
f 4464 4869 4868
f 4465 4466 4870
f 4465 4870 4869
f 4466 4467 4871
f 4466 4871 4870
f 4467 4468 4872
f 4467 4872 4871
f 4468 4469 4873
f 4468 4873 4872
f 4469 4470 4874
f 4469 4874 4873
f 4470 4471 4875
f 4470 4875 4874
f 4471 4472 4876
f 4471 4876 4875
f 4472 4473 4877
f 4472 4877 4876
f 4473 4474 4878
f 4473 4878 4877
f 4474 4475 4879
f 4474 4879 4878
f 4475 4476 4880
f 4475 4880 4879
f 4476 4477 4881
f 4476 4881 4880
f 4477 4478 4882
f 4477 4882 4881
f 4478 4479 4883
f 4478 4883 4882
f 4479 4480 4884
f 4479 4884 4883
f 4480 4481 4885
f 4480 4885 4884
f 4481 4482 4886
f 4481 4886 4885
f 4482 4483 4887
f 4482 4887 4886
f 4483 4484 4888
f 4483 4888 4887
f 4484 4485 4889
f 4484 4889 4888
f 4485 4486 4890
f 4485 4890 4889
f 4486 4487 4891
f 4486 4891 4890
f 4487 4488 4892
f 4487 4892 4891
f 4488 4489 4893
f 4488 4893 4892
f 4489 4490 4894
f 4489 4894 4893
f 4490 4491 4895
f 4490 4895 4894
f 4491 4492 4896
f 4491 4896 4895
f 4492 4493 4897
f 4492 4897 4896
f 4493 4494 4898
f 4493 4898 4897
f 4494 4495 4899
f 4494 4899 4898
f 4495 4496 4900
f 4495 4900 4899
f 4496 4497 4901
f 4496 4901 4900
f 4497 4498 4902
f 4497 4902 4901
f 4498 4499 4903
f 4498 4903 4902
f 4499 4500 4904
f 4499 4904 4903
f 4500 4501 4905
f 4500 4905 4904
f 4501 4502 4906
f 4501 4906 4905
f 4502 4503 4907
f 4502 4907 4906
f 4503 4504 4908
f 4503 4908 4907
f 4504 4505 4909
f 4504 4909 4908
f 4505 4506 4910
f 4505 4910 4909
f 4506 4507 4911
f 4506 4911 4910
f 4507 4508 4912
f 4507 4912 4911
f 4508 4509 4913
f 4508 4913 4912
f 4509 4510 4914
f 4509 4914 4913
f 4510 4511 4915
f 4510 4915 4914
f 4511 4512 4916
f 4511 4916 4915
f 4512 4513 4917
f 4512 4917 4916
f 4513 4514 4918
f 4513 4918 4917
f 4514 4515 4919
f 4514 4919 4918
f 4515 4516 4920
f 4515 4920 4919
f 4516 4517 4921
f 4516 4921 4920
f 4517 4518 4922
f 4517 4922 4921
f 4518 4519 4923
f 4518 4923 4922
f 4519 4520 4924
f 4519 4924 4923
f 4520 4521 4925
f 4520 4925 4924
f 4521 4522 4926
f 4521 4926 4925
f 4522 4523 4927
f 4522 4927 4926
f 4523 4524 4928
f 4523 4928 4927
f 4524 4525 4929
f 4524 4929 4928
f 4525 4526 4930
f 4525 4930 4929
f 4526 4527 4931
f 4526 4931 4930
f 4527 4528 4932
f 4527 4932 4931
f 4528 4529 4933
f 4528 4933 4932
f 4529 4530 4934
f 4529 4934 4933
f 4530 4531 4935
f 4530 4935 4934
f 4531 4532 4936
f 4531 4936 4935
f 4532 4533 4937
f 4532 4937 4936
f 4533 4534 4938
f 4533 4938 4937
f 4534 4535 4939
f 4534 4939 4938
f 4535 4536 4940
f 4535 4940 4939
f 4536 4537 4941
f 4536 4941 4940
f 4537 4538 4942
f 4537 4942 4941
f 4538 4539 4943
f 4538 4943 4942
f 4539 4540 4944
f 4539 4944 4943
f 4540 4541 4945
f 4540 4945 4944
f 4541 4542 4946
f 4541 4946 4945
f 4542 4543 4947
f 4542 4947 4946
f 4543 4544 4948
f 4543 4948 4947
f 4544 4545 4949
f 4544 4949 4948
f 4545 4546 4950
f 4545 4950 4949
f 4546 4547 4951
f 4546 4951 4950
f 4547 4548 4952
f 4547 4952 4951
f 4548 4549 4953
f 4548 4953 4952
f 4549 4550 4954
f 4549 4954 4953
f 4550 4551 4955
f 4550 4955 4954
f 4551 4552 4956
f 4551 4956 4955
f 4552 4553 4957
f 4552 4957 4956
f 4553 4554 4958
f 4553 4958 4957
f 4554 4555 4959
f 4554 4959 4958
f 4555 4556 4960
f 4555 4960 4959
f 4556 4557 4961
f 4556 4961 4960
f 4557 4558 4962
f 4557 4962 4961
f 4558 4559 4963
f 4558 4963 4962
f 4559 4560 4964
f 4559 4964 4963
f 4560 4561 4965
f 4560 4965 4964
f 4561 4562 4966
f 4561 4966 4965
f 4562 4563 4967
f 4562 4967 4966
f 4563 4564 4968
f 4563 4968 4967
f 4564 4565 4969
f 4564 4969 4968
f 4565 4566 4970
f 4565 4970 4969
f 4566 4567 4971
f 4566 4971 4970
f 4567 4568 4972
f 4567 4972 4971
f 4568 4569 4973
f 4568 4973 4972
f 4569 4570 4974
f 4569 4974 4973
f 4570 4571 4975
f 4570 4975 4974
f 4571 4572 4976
f 4571 4976 4975
f 4572 4573 4977
f 4572 4977 4976
f 4573 4574 4978
f 4573 4978 4977
f 4574 4575 4979
f 4574 4979 4978
f 4575 4576 4980
f 4575 4980 4979
f 4576 4577 4981
f 4576 4981 4980
f 4577 4578 4982
f 4577 4982 4981
f 4578 4579 4983
f 4578 4983 4982
f 4579 4580 4984
f 4579 4984 4983
f 4580 4581 4985
f 4580 4985 4984
f 4581 4582 4986
f 4581 4986 4985
f 4582 4583 4987
f 4582 4987 4986
f 4583 4584 4988
f 4583 4988 4987
f 4584 4585 4989
f 4584 4989 4988
f 4585 4586 4990
f 4585 4990 4989
f 4586 4587 4991
f 4586 4991 4990
f 4587 4588 4992
f 4587 4992 4991
f 4588 4589 4993
f 4588 4993 4992
f 4589 4590 4994
f 4589 4994 4993
f 4590 4591 4995
f 4590 4995 4994
f 4591 4592 4996
f 4591 4996 4995
f 4592 4593 4997
f 4592 4997 4996
f 4593 4594 4998
f 4593 4998 4997
f 4594 4595 4999
f 4594 4999 4998
f 4595 4596 5000
f 4595 5000 4999
f 4596 4597 5001
f 4596 5001 5000
f 4597 4598 5002
f 4597 5002 5001
f 4598 4599 5003
f 4598 5003 5002
f 4599 4600 5004
f 4599 5004 5003
f 4600 4601 5005
f 4600 5005 5004
f 4601 4602 5006
f 4601 5006 5005
f 4602 4603 5007
f 4602 5007 5006
f 4603 4604 5008
f 4603 5008 5007
f 4604 4605 5009
f 4604 5009 5008
f 4605 4606 5010
f 4605 5010 5009
f 4606 4607 5011
f 4606 5011 5010
f 4607 4608 5012
f 4607 5012 5011
f 4608 4609 5013
f 4608 5013 5012
f 4609 4610 5014
f 4609 5014 5013
f 4610 4611 5015
f 4610 5015 5014
f 4611 4612 5016
f 4611 5016 5015
f 4612 4209 4613
f 4612 4613 5016
f 3804 4612 3401
f 3804 4209 4612
f 4612 3402 3401
f 4611 3402 4612
f 4611 3403 3402
f 4610 3403 4611
f 3803 4209 3804
f 3803 4210 4209
f 3802 4210 3803
f 3802 4211 4210
f 4610 3404 3403
f 4609 3404 4610
f 3801 4211 3802
f 3801 4212 4211
f 4609 3405 3404
f 4608 3405 4609
f 3800 4212 3801
f 3800 4213 4212
f 4608 3406 3405
f 4607 3406 4608
f 3799 4213 3800
f 3799 4214 4213
f 4607 3407 3406
f 4606 3407 4607
f 3798 4214 3799
f 3798 4215 4214
f 4606 3408 3407
f 4605 3408 4606
f 4605 3409 3408
f 4604 3409 4605
f 4604 3410 3409
f 4603 3410 4604
f 4603 3411 3410
f 4602 3411 4603
f 4602 3412 3411
f 4601 3412 4602
f 4601 3413 3412
f 4600 3413 4601
f 4600 3414 3413
f 4599 3414 4600
f 4599 3415 3414
f 4598 3415 4599
f 4598 3416 3415
f 4597 3416 4598
f 4597 3417 3416
f 4596 3417 4597
f 4596 3418 3417
f 4595 3418 4596
f 4595 3419 3418
f 4594 3419 4595
f 4594 3420 3419
f 4593 3420 4594
f 4593 3421 3420
f 4592 3421 4593
f 4592 3422 3421
f 4591 3422 4592
f 4591 3423 3422
f 4590 3423 4591
f 4590 3424 3423
f 4589 3424 4590
f 4589 3425 3424
f 4588 3425 4589
f 4588 3426 3425
f 4587 3426 4588
f 4587 3427 3426
f 4586 3427 4587
f 4586 3428 3427
f 4585 3428 4586
f 4585 3429 3428
f 4584 3429 4585
f 4584 3430 3429
f 4583 3430 4584
f 4583 3431 3430
f 4582 3431 4583
f 4582 3432 3431
f 4581 3432 4582
f 4581 3433 3432
f 4580 3433 4581
f 4580 3434 3433
f 4579 3434 4580
f 4579 3435 3434
f 4578 3435 4579
f 4578 3436 3435
f 4577 3436 4578
f 4577 3437 3436
f 4576 3437 4577
f 4576 3438 3437
f 4575 3438 4576
f 4575 3439 3438
f 4574 3439 4575
f 4574 3440 3439
f 4573 3440 4574
f 4573 3441 3440
f 4572 3441 4573
f 4572 3442 3441
f 4571 3442 4572
f 4571 3443 3442
f 4570 3443 4571
f 4570 3444 3443
f 4569 3444 4570
f 4569 3445 3444
f 4568 3445 4569
f 4568 3446 3445
f 4567 3446 4568
f 4567 3447 3446
f 4566 3447 4567
f 4566 3448 3447
f 4565 3448 4566
f 4565 3449 3448
f 4564 3449 4565
f 4564 3450 3449
f 4563 3450 4564
f 4563 3451 3450
f 4562 3451 4563
f 4562 3452 3451
f 4561 3452 4562
f 4561 3453 3452
f 4560 3453 4561
f 4560 3454 3453
f 4559 3454 4560
f 4559 3455 3454
f 4558 3455 4559
f 4558 3456 3455
f 4557 3456 4558
f 3797 4215 3798
f 3797 4216 4215
f 3796 4216 3797
f 3796 4217 4216
f 3795 4217 3796
f 3795 4218 4217
f 3794 4218 3795
f 3794 4219 4218
f 3793 4219 3794
f 3793 4220 4219
f 3792 4220 3793
f 3792 4221 4220
f 3791 4221 3792
f 3791 4222 4221
f 3790 4222 3791
f 3790 4223 4222
f 3789 4223 3790
f 3789 4224 4223
f 3788 4224 3789
f 3788 4225 4224
f 3787 4225 3788
f 3787 4226 4225
f 3786 4226 3787
f 3786 4227 4226
f 3785 4227 3786
f 3785 4228 4227
f 3784 4228 3785
f 3784 4229 4228
f 3783 4229 3784
f 3783 4230 4229
f 3782 4230 3783
f 3782 4231 4230
f 3781 4231 3782
f 3781 4232 4231
f 3780 4232 3781
f 3780 4233 4232
f 3779 4233 3780
f 3779 4234 4233
f 3778 4234 3779
f 3778 4235 4234
f 3777 4235 3778
f 3777 4236 4235
f 3776 4236 3777
f 3776 4237 4236
f 3775 4237 3776
f 3775 4238 4237
f 3774 4238 3775
f 3774 4239 4238
f 3773 4239 3774
f 3773 4240 4239
f 3772 4240 3773
f 3772 4241 4240
f 3771 4241 3772
f 3771 4242 4241
f 3770 4242 3771
f 3770 4243 4242
f 3769 4243 3770
f 3769 4244 4243
f 3768 4244 3769
f 3768 4245 4244
f 3767 4245 3768
f 3767 4246 4245
f 3766 4246 3767
f 3766 4247 4246
f 3765 4247 3766
f 3765 4248 4247
f 3764 4248 3765
f 3764 4249 4248
f 3763 4249 3764
f 3763 4250 4249
f 3762 4250 3763
f 3762 4251 4250
f 3761 4251 3762
f 3761 4252 4251
f 3760 4252 3761
f 3760 4253 4252
f 3759 4253 3760
f 3759 4254 4253
f 3758 4254 3759
f 3758 4255 4254
f 3757 4255 3758
f 3757 4256 4255
f 3756 4256 3757
f 3756 4257 4256
f 3755 4257 3756
f 3755 4258 4257
f 3754 4258 3755
f 3754 4259 4258
f 3753 4259 3754
f 3753 4260 4259
f 3752 4260 3753
f 3752 4261 4260
f 3751 4261 3752
f 3751 4262 4261
f 3750 4262 3751
f 3750 4263 4262
f 3749 4263 3750
f 3749 4264 4263
f 4557 3457 3456
f 4556 3457 4557
f 3748 4264 3749
f 3748 4265 4264
f 4556 3458 3457
f 4555 3458 4556
f 3747 4265 3748
f 3747 4266 4265
f 4555 3459 3458
f 4554 3459 4555
f 4554 3460 3459
f 4553 3460 4554
f 3746 4266 3747
f 3746 4267 4266
f 4553 3461 3460
f 4552 3461 4553
f 3745 4267 3746
f 3745 4268 4267
f 4552 3462 3461
f 4551 3462 4552
f 3744 4268 3745
f 3744 4269 4268
f 3743 4269 3744
f 3743 4270 4269
f 4551 3463 3462
f 4550 3463 4551
f 4550 3464 3463
f 4549 3464 4550
f 3742 4270 3743
f 3742 4271 4270
f 4549 3465 3464
f 4548 3465 4549
f 3741 4271 3742
f 3741 4272 4271
f 3740 4272 3741
f 3740 4273 4272
f 4548 3466 3465
f 4547 3466 4548
f 4547 3467 3466
f 4546 3467 4547
f 3739 4273 3740
f 3739 4274 4273
f 3738 4274 3739
f 3738 4275 4274
f 4546 3468 3467
f 4545 3468 4546
f 4545 3469 3468
f 4544 3469 4545
f 4544 3470 3469
f 4543 3470 4544
f 4543 3471 3470
f 4542 3471 4543
f 4542 3472 3471
f 4541 3472 4542
f 4541 3473 3472
f 4540 3473 4541
f 4540 3474 3473
f 4539 3474 4540
f 4539 3475 3474
f 4538 3475 4539
f 4538 3476 3475
f 4537 3476 4538
f 4537 3477 3476
f 4536 3477 4537
f 4536 3478 3477
f 4535 3478 4536
f 4535 3479 3478
f 4534 3479 4535
f 4534 3480 3479
f 4533 3480 4534
f 4533 3481 3480
f 4532 3481 4533
f 4532 3482 3481
f 4531 3482 4532
f 4531 3483 3482
f 4530 3483 4531
f 4530 3484 3483
f 4529 3484 4530
f 4529 3485 3484
f 4528 3485 4529
f 4528 3486 3485
f 4527 3486 4528
f 4527 3487 3486
f 4526 3487 4527
f 4526 3488 3487
f 4525 3488 4526
f 4525 3489 3488
f 4524 3489 4525
f 4524 3490 3489
f 4523 3490 4524
f 4523 3491 3490
f 4522 3491 4523
f 4522 3492 3491
f 4521 3492 4522
f 4521 3493 3492
f 4520 3493 4521
f 4520 3494 3493
f 4519 3494 4520
f 4519 3495 3494
f 4518 3495 4519
f 4518 3496 3495
f 4517 3496 4518
f 4517 3497 3496
f 4516 3497 4517
f 4516 3498 3497
f 4515 3498 4516
f 4515 3499 3498
f 4514 3499 4515
f 4514 3500 3499
f 4513 3500 4514
f 4513 3501 3500
f 4512 3501 4513
f 4512 3502 3501
f 4511 3502 4512
f 4511 3503 3502
f 4510 3503 4511
f 4510 3504 3503
f 4509 3504 4510
f 4509 3505 3504
f 4508 3505 4509
f 4508 3506 3505
f 4507 3506 4508
f 4507 3507 3506
f 4506 3507 4507
f 4506 3508 3507
f 4505 3508 4506
f 4505 3509 3508
f 4504 3509 4505
f 4504 3510 3509
f 4503 3510 4504
f 4503 3511 3510
f 4502 3511 4503
f 4502 3512 3511
f 4501 3512 4502
f 4501 3513 3512
f 4500 3513 4501
f 4500 3514 3513
f 4499 3514 4500
f 4499 3515 3514
f 4498 3515 4499
f 4498 3516 3515
f 4497 3516 4498
f 4497 3517 3516
f 4496 3517 4497
f 4496 3518 3517
f 4495 3518 4496
f 4495 3519 3518
f 4494 3519 4495
f 4494 3520 3519
f 4493 3520 4494
f 4493 3521 3520
f 4492 3521 4493
f 4492 3522 3521
f 4491 3522 4492
f 4491 3523 3522
f 4490 3523 4491
f 4490 3524 3523
f 4489 3524 4490
f 4489 3525 3524
f 4488 3525 4489
f 4488 3526 3525
f 4487 3526 4488
f 4487 3527 3526
f 4486 3527 4487
f 4486 3528 3527
f 4485 3528 4486
f 4485 3529 3528
f 4484 3529 4485
f 4484 3530 3529
f 4483 3530 4484
f 4483 3531 3530
f 4482 3531 4483
f 4482 3532 3531
f 4481 3532 4482
f 4481 3533 3532
f 4480 3533 4481
f 4480 3534 3533
f 4479 3534 4480
f 4479 3535 3534
f 4478 3535 4479
f 4478 3536 3535
f 4477 3536 4478
f 4477 3537 3536
f 4476 3537 4477
f 4476 3538 3537
f 4475 3538 4476
f 4475 3539 3538
f 4474 3539 4475
f 4474 3540 3539
f 4473 3540 4474
f 4473 3541 3540
f 4472 3541 4473
f 4472 3542 3541
f 4471 3542 4472
f 4471 3543 3542
f 4470 3543 4471
f 4470 3544 3543
f 4469 3544 4470
f 4469 3545 3544
f 4468 3545 4469
f 4468 3546 3545
f 4467 3546 4468
f 4467 3547 3546
f 4466 3547 4467
f 4466 3548 3547
f 4465 3548 4466
f 4465 3549 3548
f 4464 3549 4465
f 4464 3550 3549
f 4463 3550 4464
f 4463 3551 3550
f 4462 3551 4463
f 4462 3552 3551
f 4461 3552 4462
f 4461 3553 3552
f 4460 3553 4461
f 4460 3554 3553
f 4459 3554 4460
f 4459 3555 3554
f 4458 3555 4459
f 4458 3556 3555
f 4457 3556 4458
f 4457 3557 3556
f 4456 3557 4457
f 4456 3558 3557
f 4455 3558 4456
f 4455 3559 3558
f 4454 3559 4455
f 4454 3560 3559
f 4453 3560 4454
f 4453 3561 3560
f 4452 3561 4453
f 4452 3562 3561
f 4451 3562 4452
f 4451 3563 3562
f 4450 3563 4451
f 4450 3564 3563
f 4449 3564 4450
f 4449 3565 3564
f 4448 3565 4449
f 4448 3566 3565
f 4447 3566 4448
f 4447 3567 3566
f 4446 3567 4447
f 4446 3568 3567
f 4445 3568 4446
f 4445 3569 3568
f 4444 3569 4445
f 4444 3570 3569
f 4443 3570 4444
f 4443 3571 3570
f 4442 3571 4443
f 4442 3572 3571
f 4441 3572 4442
f 4441 3573 3572
f 4440 3573 4441
f 4440 3574 3573
f 4439 3574 4440
f 4439 3575 3574
f 4438 3575 4439
f 4438 3576 3575
f 4437 3576 4438
f 4437 3577 3576
f 4436 3577 4437
f 4436 3578 3577
f 4435 3578 4436
f 4435 3579 3578
f 4434 3579 4435
f 4434 3580 3579
f 4433 3580 4434
f 4433 3581 3580
f 4432 3581 4433
f 4432 3582 3581
f 4431 3582 4432
f 4431 3583 3582
f 4430 3583 4431
f 4430 3584 3583
f 4429 3584 4430
f 4429 3585 3584
f 4428 3585 4429
f 4428 3586 3585
f 4427 3586 4428
f 4427 3587 3586
f 4426 3587 4427
f 4426 3588 3587
f 4425 3588 4426
f 4425 3589 3588
f 4424 3589 4425
f 4424 3590 3589
f 4423 3590 4424
f 4423 3591 3590
f 4422 3591 4423
f 4422 3592 3591
f 4421 3592 4422
f 4421 3593 3592
f 4420 3593 4421
f 4420 3594 3593
f 4419 3594 4420
f 4419 3595 3594
f 4418 3595 4419
f 4418 3596 3595
f 4417 3596 4418
f 4417 3597 3596
f 4416 3597 4417
f 4416 3598 3597
f 4415 3598 4416
f 4415 3599 3598
f 4414 3599 4415
f 4414 3600 3599
f 4413 3600 4414
f 4413 3601 3600
f 4412 3601 4413
f 4412 3602 3601
f 4411 3602 4412
f 4411 3603 3602
f 4410 3603 4411
f 4410 3604 3603
f 4409 3604 4410
f 4409 3605 3604
f 4408 3605 4409
f 4408 3606 3605
f 4407 3606 4408
f 4407 3607 3606
f 4406 3607 4407
f 4406 3608 3607
f 4405 3608 4406
f 4405 3609 3608
f 4404 3609 4405
f 4404 3610 3609
f 4403 3610 4404
f 4403 3611 3610
f 4402 3611 4403
f 4402 3612 3611
f 4401 3612 4402
f 4401 3613 3612
f 4400 3613 4401
f 4400 3614 3613
f 4399 3614 4400
f 4399 3615 3614
f 4398 3615 4399
f 4398 3616 3615
f 4397 3616 4398
f 4397 3617 3616
f 4396 3617 4397
f 4396 3618 3617
f 4395 3618 4396
f 4395 3619 3618
f 4394 3619 4395
f 4394 3620 3619
f 4393 3620 4394
f 4393 3621 3620
f 4392 3621 4393
f 4392 3622 3621
f 4391 3622 4392
f 4391 3623 3622
f 4390 3623 4391
f 4390 3624 3623
f 4389 3624 4390
f 4389 3625 3624
f 4388 3625 4389
f 4388 3626 3625
f 4387 3626 4388
f 4387 3627 3626
f 4386 3627 4387
f 4386 3628 3627
f 4385 3628 4386
f 4385 3629 3628
f 4384 3629 4385
f 4384 3630 3629
f 4383 3630 4384
f 4383 3631 3630
f 4382 3631 4383
f 4382 3632 3631
f 4381 3632 4382
f 4381 3633 3632
f 4380 3633 4381
f 4380 3634 3633
f 4379 3634 4380
f 4379 3635 3634
f 4378 3635 4379
f 4378 3636 3635
f 4377 3636 4378
f 4377 3637 3636
f 4376 3637 4377
f 4376 3638 3637
f 4375 3638 4376
f 4375 3639 3638
f 4374 3639 4375
f 4374 3640 3639
f 4373 3640 4374
f 4373 3641 3640
f 4372 3641 4373
f 4372 3642 3641
f 4371 3642 4372
f 4371 3643 3642
f 4370 3643 4371
f 4370 3644 3643
f 4369 3644 4370
f 4369 3645 3644
f 4368 3645 4369
f 4368 3646 3645
f 4367 3646 4368
f 4367 3647 3646
f 4366 3647 4367
f 4366 3648 3647
f 4365 3648 4366
f 4365 3649 3648
f 4364 3649 4365
f 4364 3650 3649
f 4363 3650 4364
f 4363 3651 3650
f 4362 3651 4363
f 4362 3652 3651
f 4361 3652 4362
f 4361 3653 3652
f 4360 3653 4361
f 4360 3654 3653
f 4359 3654 4360
f 4359 3655 3654
f 4358 3655 4359
f 4358 3656 3655
f 4357 3656 4358
f 4357 3657 3656
f 4356 3657 4357
f 4356 3658 3657
f 4355 3658 4356
f 4355 3659 3658
f 4354 3659 4355
f 4354 3660 3659
f 4353 3660 4354
f 4353 3661 3660
f 4352 3661 4353
f 4352 3662 3661
f 4351 3662 4352
f 4351 3663 3662
f 4350 3663 4351
f 4350 3664 3663
f 4349 3664 4350
f 4349 3665 3664
f 4348 3665 4349
f 4348 3666 3665
f 4347 3666 4348
f 4347 3667 3666
f 4346 3667 4347
f 4346 3668 3667
f 4345 3668 4346
f 4345 3669 3668
f 4344 3669 4345
f 4344 3670 3669
f 4343 3670 4344
f 4343 3671 3670
f 4342 3671 4343
f 4342 3672 3671
f 4341 3672 4342
f 4341 3673 3672
f 4340 3673 4341
f 4340 3674 3673
f 4339 3674 4340
f 4339 3675 3674
f 4338 3675 4339
f 4338 3676 3675
f 4337 3676 4338
f 4337 3677 3676
f 4336 3677 4337
f 4336 3678 3677
f 4335 3678 4336
f 4335 3679 3678
f 4334 3679 4335
f 4334 3680 3679
f 4333 3680 4334
f 4333 3681 3680
f 4332 3681 4333
f 4332 3682 3681
f 4331 3682 4332
f 4331 3683 3682
f 4330 3683 4331
f 4330 3684 3683
f 4329 3684 4330
f 4329 3685 3684
f 4328 3685 4329
f 4328 3686 3685
f 4327 3686 4328
f 4327 3687 3686
f 4326 3687 4327
f 4326 3688 3687
f 4325 3688 4326
f 4325 3689 3688
f 4324 3689 4325
f 4324 3690 3689
f 4323 3690 4324
f 4323 3691 3690
f 4322 3691 4323
f 4322 3692 3691
f 4321 3692 4322
f 4321 3693 3692
f 4320 3693 4321
f 4320 3694 3693
f 4319 3694 4320
f 4319 3695 3694
f 4318 3695 4319
f 4318 3696 3695
f 4317 3696 4318
f 4317 3697 3696
f 4316 3697 4317
f 4316 3698 3697
f 4315 3698 4316
f 4315 3699 3698
f 4314 3699 4315
f 4314 3700 3699
f 4313 3700 4314
f 4313 3701 3700
f 4312 3701 4313
f 4312 3702 3701
f 4311 3702 4312
f 4311 3703 3702
f 4310 3703 4311
f 4310 3704 3703
f 4309 3704 4310
f 4309 3705 3704
f 4308 3705 4309
f 4308 3706 3705
f 4307 3706 4308
f 4307 3707 3706
f 4306 3707 4307
f 4306 3708 3707
f 4305 3708 4306
f 4305 3709 3708
f 4304 3709 4305
f 4304 3710 3709
f 4303 3710 4304
f 4303 3711 3710
f 4302 3711 4303
f 4302 3712 3711
f 4301 3712 4302
f 4301 3713 3712
f 4300 3713 4301
f 4300 3714 3713
f 4299 3714 4300
f 4299 3715 3714
f 4298 3715 4299
f 4298 3716 3715
f 4297 3716 4298
f 4297 3717 3716
f 4296 3717 4297
f 4296 3718 3717
f 4295 3718 4296
f 4295 3719 3718
f 4294 3719 4295
f 4294 3720 3719
f 4293 3720 4294
f 4293 3721 3720
f 4292 3721 4293
f 4292 3722 3721
f 4291 3722 4292
f 4291 3723 3722
f 4290 3723 4291
f 4290 3724 3723
f 4289 3724 4290
f 4289 3725 3724
f 4288 3725 4289
f 4288 3726 3725
f 4287 3726 4288
f 4287 3727 3726
f 4286 3727 4287
f 4286 3728 3727
f 4285 3728 4286
f 4285 3729 3728
f 4284 3729 4285
f 4284 3730 3729
f 4283 3730 4284
f 4283 3731 3730
f 4282 3731 4283
f 4282 3732 3731
f 4281 3732 4282
f 4281 3733 3732
f 4280 3733 4281
f 4280 3734 3733
f 4279 3734 4280
f 4279 3735 3734
f 4278 3735 4279
f 4278 3736 3735
f 4277 3736 4278
f 4277 3737 3736
f 4276 3737 4277
f 4276 3738 3737
f 4276 4275 3738
f 4208 3805 5016
f 4208 5016 4613
f 5016 3805 3806
f 5015 5016 3806
f 5015 3806 3807
f 5014 5015 3807
f 4207 4208 4613
f 4207 4613 4614
f 4206 4207 4614
f 4206 4614 4615
f 5014 3807 3808
f 5013 5014 3808
f 4205 4206 4615
f 4205 4615 4616
f 5013 3808 3809
f 5012 5013 3809
f 4204 4205 4616
f 4204 4616 4617
f 5012 3809 3810
f 5011 5012 3810
f 4203 4204 4617
f 4203 4617 4618
f 5011 3810 3811
f 5010 5011 3811
f 4202 4203 4618
f 4202 4618 4619
f 5010 3811 3812
f 5009 5010 3812
f 5009 3812 3813
f 5008 5009 3813
f 5008 3813 3814
f 5007 5008 3814
f 5007 3814 3815
f 5006 5007 3815
f 5006 3815 3816
f 5005 5006 3816
f 5005 3816 3817
f 5004 5005 3817
f 5004 3817 3818
f 5003 5004 3818
f 5003 3818 3819
f 5002 5003 3819
f 5002 3819 3820
f 5001 5002 3820
f 5001 3820 3821
f 5000 5001 3821
f 5000 3821 3822
f 4999 5000 3822
f 4999 3822 3823
f 4998 4999 3823
f 4998 3823 3824
f 4997 4998 3824
f 4997 3824 3825
f 4996 4997 3825
f 4996 3825 3826
f 4995 4996 3826
f 4995 3826 3827
f 4994 4995 3827
f 4994 3827 3828
f 4993 4994 3828
f 4993 3828 3829
f 4992 4993 3829
f 4992 3829 3830
f 4991 4992 3830
f 4991 3830 3831
f 4990 4991 3831
f 4990 3831 3832
f 4989 4990 3832
f 4989 3832 3833
f 4988 4989 3833
f 4988 3833 3834
f 4987 4988 3834
f 4987 3834 3835
f 4986 4987 3835
f 4986 3835 3836
f 4985 4986 3836
f 4985 3836 3837
f 4984 4985 3837
f 4984 3837 3838
f 4983 4984 3838
f 4983 3838 3839
f 4982 4983 3839
f 4982 3839 3840
f 4981 4982 3840
f 4981 3840 3841
f 4980 4981 3841
f 4980 3841 3842
f 4979 4980 3842
f 4979 3842 3843
f 4978 4979 3843
f 4978 3843 3844
f 4977 4978 3844
f 4977 3844 3845
f 4976 4977 3845
f 4976 3845 3846
f 4975 4976 3846
f 4975 3846 3847
f 4974 4975 3847
f 4974 3847 3848
f 4973 4974 3848
f 4973 3848 3849
f 4972 4973 3849
f 4972 3849 3850
f 4971 4972 3850
f 4971 3850 3851
f 4970 4971 3851
f 4970 3851 3852
f 4969 4970 3852
f 4969 3852 3853
f 4968 4969 3853
f 4968 3853 3854
f 4967 4968 3854
f 4967 3854 3855
f 4966 4967 3855
f 4966 3855 3856
f 4965 4966 3856
f 4965 3856 3857
f 4964 4965 3857
f 4964 3857 3858
f 4963 4964 3858
f 4963 3858 3859
f 4962 4963 3859
f 4962 3859 3860
f 4961 4962 3860
f 4201 4202 4619
f 4201 4619 4620
f 4200 4201 4620
f 4200 4620 4621
f 4199 4200 4621
f 4199 4621 4622
f 4198 4199 4622
f 4198 4622 4623
f 4197 4198 4623
f 4197 4623 4624
f 4196 4197 4624
f 4196 4624 4625
f 4195 4196 4625
f 4195 4625 4626
f 4194 4195 4626
f 4194 4626 4627
f 4193 4194 4627
f 4193 4627 4628
f 4192 4193 4628
f 4192 4628 4629
f 4191 4192 4629
f 4191 4629 4630
f 4190 4191 4630
f 4190 4630 4631
f 4189 4190 4631
f 4189 4631 4632
f 4188 4189 4632
f 4188 4632 4633
f 4187 4188 4633
f 4187 4633 4634
f 4186 4187 4634
f 4186 4634 4635
f 4185 4186 4635
f 4185 4635 4636
f 4184 4185 4636
f 4184 4636 4637
f 4183 4184 4637
f 4183 4637 4638
f 4182 4183 4638
f 4182 4638 4639
f 4181 4182 4639
f 4181 4639 4640
f 4180 4181 4640
f 4180 4640 4641
f 4179 4180 4641
f 4179 4641 4642
f 4178 4179 4642
f 4178 4642 4643
f 4177 4178 4643
f 4177 4643 4644
f 4176 4177 4644
f 4176 4644 4645
f 4175 4176 4645
f 4175 4645 4646
f 4174 4175 4646
f 4174 4646 4647
f 4173 4174 4647
f 4173 4647 4648
f 4172 4173 4648
f 4172 4648 4649
f 4171 4172 4649
f 4171 4649 4650
f 4170 4171 4650
f 4170 4650 4651
f 4169 4170 4651
f 4169 4651 4652
f 4168 4169 4652
f 4168 4652 4653
f 4167 4168 4653
f 4167 4653 4654
f 4166 4167 4654
f 4166 4654 4655
f 4165 4166 4655
f 4165 4655 4656
f 4164 4165 4656
f 4164 4656 4657
f 4163 4164 4657
f 4163 4657 4658
f 4162 4163 4658
f 4162 4658 4659
f 4161 4162 4659
f 4161 4659 4660
f 4160 4161 4660
f 4160 4660 4661
f 4159 4160 4661
f 4159 4661 4662
f 4158 4159 4662
f 4158 4662 4663
f 4157 4158 4663
f 4157 4663 4664
f 4156 4157 4664
f 4156 4664 4665
f 4155 4156 4665
f 4155 4665 4666
f 4154 4155 4666
f 4154 4666 4667
f 4153 4154 4667
f 4153 4667 4668
f 4961 3860 3861
f 4960 4961 3861
f 4152 4153 4668
f 4152 4668 4669
f 4960 3861 3862
f 4959 4960 3862
f 4151 4152 4669
f 4151 4669 4670
f 4959 3862 3863
f 4958 4959 3863
f 4958 3863 3864
f 4957 4958 3864
f 4150 4151 4670
f 4150 4670 4671
f 4957 3864 3865
f 4956 4957 3865
f 4149 4150 4671
f 4149 4671 4672
f 4956 3865 3866
f 4955 4956 3866
f 4148 4149 4672
f 4148 4672 4673
f 4147 4148 4673
f 4147 4673 4674
f 4955 3866 3867
f 4954 4955 3867
f 4954 3867 3868
f 4953 4954 3868
f 4146 4147 4674
f 4146 4674 4675
f 4953 3868 3869
f 4952 4953 3869
f 4145 4146 4675
f 4145 4675 4676
f 4144 4145 4676
f 4144 4676 4677
f 4952 3869 3870
f 4951 4952 3870
f 4951 3870 3871
f 4950 4951 3871
f 4143 4144 4677
f 4143 4677 4678
f 4142 4143 4678
f 4142 4678 4679
f 4950 3871 3872
f 4949 4950 3872
f 4949 3872 3873
f 4948 4949 3873
f 4948 3873 3874
f 4947 4948 3874
f 4947 3874 3875
f 4946 4947 3875
f 4946 3875 3876
f 4945 4946 3876
f 4945 3876 3877
f 4944 4945 3877
f 4944 3877 3878
f 4943 4944 3878
f 4943 3878 3879
f 4942 4943 3879
f 4942 3879 3880
f 4941 4942 3880
f 4941 3880 3881
f 4940 4941 3881
f 4940 3881 3882
f 4939 4940 3882
f 4939 3882 3883
f 4938 4939 3883
f 4938 3883 3884
f 4937 4938 3884
f 4937 3884 3885
f 4936 4937 3885
f 4936 3885 3886
f 4935 4936 3886
f 4935 3886 3887
f 4934 4935 3887
f 4934 3887 3888
f 4933 4934 3888
f 4933 3888 3889
f 4932 4933 3889
f 4932 3889 3890
f 4931 4932 3890
f 4931 3890 3891
f 4930 4931 3891
f 4930 3891 3892
f 4929 4930 3892
f 4929 3892 3893
f 4928 4929 3893
f 4928 3893 3894
f 4927 4928 3894
f 4927 3894 3895
f 4926 4927 3895
f 4926 3895 3896
f 4925 4926 3896
f 4925 3896 3897
f 4924 4925 3897
f 4924 3897 3898
f 4923 4924 3898
f 4923 3898 3899
f 4922 4923 3899
f 4922 3899 3900
f 4921 4922 3900
f 4921 3900 3901
f 4920 4921 3901
f 4920 3901 3902
f 4919 4920 3902
f 4919 3902 3903
f 4918 4919 3903
f 4918 3903 3904
f 4917 4918 3904
f 4917 3904 3905
f 4916 4917 3905
f 4916 3905 3906
f 4915 4916 3906
f 4915 3906 3907
f 4914 4915 3907
f 4914 3907 3908
f 4913 4914 3908
f 4913 3908 3909
f 4912 4913 3909
f 4912 3909 3910
f 4911 4912 3910
f 4911 3910 3911
f 4910 4911 3911
f 4910 3911 3912
f 4909 4910 3912
f 4909 3912 3913
f 4908 4909 3913
f 4908 3913 3914
f 4907 4908 3914
f 4907 3914 3915
f 4906 4907 3915
f 4906 3915 3916
f 4905 4906 3916
f 4905 3916 3917
f 4904 4905 3917
f 4904 3917 3918
f 4903 4904 3918
f 4903 3918 3919
f 4902 4903 3919
f 4902 3919 3920
f 4901 4902 3920
f 4901 3920 3921
f 4900 4901 3921
f 4900 3921 3922
f 4899 4900 3922
f 4899 3922 3923
f 4898 4899 3923
f 4898 3923 3924
f 4897 4898 3924
f 4897 3924 3925
f 4896 4897 3925
f 4896 3925 3926
f 4895 4896 3926
f 4895 3926 3927
f 4894 4895 3927
f 4894 3927 3928
f 4893 4894 3928
f 4893 3928 3929
f 4892 4893 3929
f 4892 3929 3930
f 4891 4892 3930
f 4891 3930 3931
f 4890 4891 3931
f 4890 3931 3932
f 4889 4890 3932
f 4889 3932 3933
f 4888 4889 3933
f 4888 3933 3934
f 4887 4888 3934
f 4887 3934 3935
f 4886 4887 3935
f 4886 3935 3936
f 4885 4886 3936
f 4885 3936 3937
f 4884 4885 3937
f 4884 3937 3938
f 4883 4884 3938
f 4883 3938 3939
f 4882 4883 3939
f 4882 3939 3940
f 4881 4882 3940
f 4881 3940 3941
f 4880 4881 3941
f 4880 3941 3942
f 4879 4880 3942
f 4879 3942 3943
f 4878 4879 3943
f 4878 3943 3944
f 4877 4878 3944
f 4877 3944 3945
f 4876 4877 3945
f 4876 3945 3946
f 4875 4876 3946
f 4875 3946 3947
f 4874 4875 3947
f 4874 3947 3948
f 4873 4874 3948
f 4873 3948 3949
f 4872 4873 3949
f 4872 3949 3950
f 4871 4872 3950
f 4871 3950 3951
f 4870 4871 3951
f 4870 3951 3952
f 4869 4870 3952
f 4869 3952 3953
f 4868 4869 3953
f 4868 3953 3954
f 4867 4868 3954
f 4867 3954 3955
f 4866 4867 3955
f 4866 3955 3956
f 4865 4866 3956
f 4865 3956 3957
f 4864 4865 3957
f 4864 3957 3958
f 4863 4864 3958
f 4863 3958 3959
f 4862 4863 3959
f 4862 3959 3960
f 4861 4862 3960
f 4861 3960 3961
f 4860 4861 3961
f 4860 3961 3962
f 4859 4860 3962
f 4859 3962 3963
f 4858 4859 3963
f 4858 3963 3964
f 4857 4858 3964
f 4857 3964 3965
f 4856 4857 3965
f 4856 3965 3966
f 4855 4856 3966
f 4855 3966 3967
f 4854 4855 3967
f 4854 3967 3968
f 4853 4854 3968
f 4853 3968 3969
f 4852 4853 3969
f 4852 3969 3970
f 4851 4852 3970
f 4851 3970 3971
f 4850 4851 3971
f 4850 3971 3972
f 4849 4850 3972
f 4849 3972 3973
f 4848 4849 3973
f 4848 3973 3974
f 4847 4848 3974
f 4847 3974 3975
f 4846 4847 3975
f 4846 3975 3976
f 4845 4846 3976
f 4845 3976 3977
f 4844 4845 3977
f 4844 3977 3978
f 4843 4844 3978
f 4843 3978 3979
f 4842 4843 3979
f 4842 3979 3980
f 4841 4842 3980
f 4841 3980 3981
f 4840 4841 3981
f 4840 3981 3982
f 4839 4840 3982
f 4839 3982 3983
f 4838 4839 3983
f 4838 3983 3984
f 4837 4838 3984
f 4837 3984 3985
f 4836 4837 3985
f 4836 3985 3986
f 4835 4836 3986
f 4835 3986 3987
f 4834 4835 3987
f 4834 3987 3988
f 4833 4834 3988
f 4833 3988 3989
f 4832 4833 3989
f 4832 3989 3990
f 4831 4832 3990
f 4831 3990 3991
f 4830 4831 3991
f 4830 3991 3992
f 4829 4830 3992
f 4829 3992 3993
f 4828 4829 3993
f 4828 3993 3994
f 4827 4828 3994
f 4827 3994 3995
f 4826 4827 3995
f 4826 3995 3996
f 4825 4826 3996
f 4825 3996 3997
f 4824 4825 3997
f 4824 3997 3998
f 4823 4824 3998
f 4823 3998 3999
f 4822 4823 3999
f 4822 3999 4000
f 4821 4822 4000
f 4821 4000 4001
f 4820 4821 4001
f 4820 4001 4002
f 4819 4820 4002
f 4819 4002 4003
f 4818 4819 4003
f 4818 4003 4004
f 4817 4818 4004
f 4817 4004 4005
f 4816 4817 4005
f 4816 4005 4006
f 4815 4816 4006
f 4815 4006 4007
f 4814 4815 4007
f 4814 4007 4008
f 4813 4814 4008
f 4813 4008 4009
f 4812 4813 4009
f 4812 4009 4010
f 4811 4812 4010
f 4811 4010 4011
f 4810 4811 4011
f 4810 4011 4012
f 4809 4810 4012
f 4809 4012 4013
f 4808 4809 4013
f 4808 4013 4014
f 4807 4808 4014
f 4807 4014 4015
f 4806 4807 4015
f 4806 4015 4016
f 4805 4806 4016
f 4805 4016 4017
f 4804 4805 4017
f 4804 4017 4018
f 4803 4804 4018
f 4803 4018 4019
f 4802 4803 4019
f 4802 4019 4020
f 4801 4802 4020
f 4801 4020 4021
f 4800 4801 4021
f 4800 4021 4022
f 4799 4800 4022
f 4799 4022 4023
f 4798 4799 4023
f 4798 4023 4024
f 4797 4798 4024
f 4797 4024 4025
f 4796 4797 4025
f 4796 4025 4026
f 4795 4796 4026
f 4795 4026 4027
f 4794 4795 4027
f 4794 4027 4028
f 4793 4794 4028
f 4793 4028 4029
f 4792 4793 4029
f 4792 4029 4030
f 4791 4792 4030
f 4791 4030 4031
f 4790 4791 4031
f 4790 4031 4032
f 4789 4790 4032
f 4789 4032 4033
f 4788 4789 4033
f 4788 4033 4034
f 4787 4788 4034
f 4787 4034 4035
f 4786 4787 4035
f 4786 4035 4036
f 4785 4786 4036
f 4785 4036 4037
f 4784 4785 4037
f 4784 4037 4038
f 4783 4784 4038
f 4783 4038 4039
f 4782 4783 4039
f 4782 4039 4040
f 4781 4782 4040
f 4781 4040 4041
f 4780 4781 4041
f 4780 4041 4042
f 4779 4780 4042
f 4779 4042 4043
f 4778 4779 4043
f 4778 4043 4044
f 4777 4778 4044
f 4777 4044 4045
f 4776 4777 4045
f 4776 4045 4046
f 4775 4776 4046
f 4775 4046 4047
f 4774 4775 4047
f 4774 4047 4048
f 4773 4774 4048
f 4773 4048 4049
f 4772 4773 4049
f 4772 4049 4050
f 4771 4772 4050
f 4771 4050 4051
f 4770 4771 4051
f 4770 4051 4052
f 4769 4770 4052
f 4769 4052 4053
f 4768 4769 4053
f 4768 4053 4054
f 4767 4768 4054
f 4767 4054 4055
f 4766 4767 4055
f 4766 4055 4056
f 4765 4766 4056
f 4765 4056 4057
f 4764 4765 4057
f 4764 4057 4058
f 4763 4764 4058
f 4763 4058 4059
f 4762 4763 4059
f 4762 4059 4060
f 4761 4762 4060
f 4761 4060 4061
f 4760 4761 4061
f 4760 4061 4062
f 4759 4760 4062
f 4759 4062 4063
f 4758 4759 4063
f 4758 4063 4064
f 4757 4758 4064
f 4757 4064 4065
f 4756 4757 4065
f 4756 4065 4066
f 4755 4756 4066
f 4755 4066 4067
f 4754 4755 4067
f 4754 4067 4068
f 4753 4754 4068
f 4753 4068 4069
f 4752 4753 4069
f 4752 4069 4070
f 4751 4752 4070
f 4751 4070 4071
f 4750 4751 4071
f 4750 4071 4072
f 4749 4750 4072
f 4749 4072 4073
f 4748 4749 4073
f 4748 4073 4074
f 4747 4748 4074
f 4747 4074 4075
f 4746 4747 4075
f 4746 4075 4076
f 4745 4746 4076
f 4745 4076 4077
f 4744 4745 4077
f 4744 4077 4078
f 4743 4744 4078
f 4743 4078 4079
f 4742 4743 4079
f 4742 4079 4080
f 4741 4742 4080
f 4741 4080 4081
f 4740 4741 4081
f 4740 4081 4082
f 4739 4740 4082
f 4739 4082 4083
f 4738 4739 4083
f 4738 4083 4084
f 4737 4738 4084
f 4737 4084 4085
f 4736 4737 4085
f 4736 4085 4086
f 4735 4736 4086
f 4735 4086 4087
f 4734 4735 4087
f 4734 4087 4088
f 4733 4734 4088
f 4733 4088 4089
f 4732 4733 4089
f 4732 4089 4090
f 4731 4732 4090
f 4731 4090 4091
f 4730 4731 4091
f 4730 4091 4092
f 4729 4730 4092
f 4729 4092 4093
f 4728 4729 4093
f 4728 4093 4094
f 4727 4728 4094
f 4727 4094 4095
f 4726 4727 4095
f 4726 4095 4096
f 4725 4726 4096
f 4725 4096 4097
f 4724 4725 4097
f 4724 4097 4098
f 4723 4724 4098
f 4723 4098 4099
f 4722 4723 4099
f 4722 4099 4100
f 4721 4722 4100
f 4721 4100 4101
f 4720 4721 4101
f 4720 4101 4102
f 4719 4720 4102
f 4719 4102 4103
f 4718 4719 4103
f 4718 4103 4104
f 4717 4718 4104
f 4717 4104 4105
f 4716 4717 4105
f 4716 4105 4106
f 4715 4716 4106
f 4715 4106 4107
f 4714 4715 4107
f 4714 4107 4108
f 4713 4714 4108
f 4713 4108 4109
f 4712 4713 4109
f 4712 4109 4110
f 4711 4712 4110
f 4711 4110 4111
f 4710 4711 4111
f 4710 4111 4112
f 4709 4710 4112
f 4709 4112 4113
f 4708 4709 4113
f 4708 4113 4114
f 4707 4708 4114
f 4707 4114 4115
f 4706 4707 4115
f 4706 4115 4116
f 4705 4706 4116
f 4705 4116 4117
f 4704 4705 4117
f 4704 4117 4118
f 4703 4704 4118
f 4703 4118 4119
f 4702 4703 4119
f 4702 4119 4120
f 4701 4702 4120
f 4701 4120 4121
f 4700 4701 4121
f 4700 4121 4122
f 4699 4700 4122
f 4699 4122 4123
f 4698 4699 4123
f 4698 4123 4124
f 4697 4698 4124
f 4697 4124 4125
f 4696 4697 4125
f 4696 4125 4126
f 4695 4696 4126
f 4695 4126 4127
f 4694 4695 4127
f 4694 4127 4128
f 4693 4694 4128
f 4693 4128 4129
f 4692 4693 4129
f 4692 4129 4130
f 4691 4692 4130
f 4691 4130 4131
f 4690 4691 4131
f 4690 4131 4132
f 4689 4690 4132
f 4689 4132 4133
f 4688 4689 4133
f 4688 4133 4134
f 4687 4688 4134
f 4687 4134 4135
f 4686 4687 4135
f 4686 4135 4136
f 4685 4686 4136
f 4685 4136 4137
f 4684 4685 4137
f 4684 4137 4138
f 4683 4684 4138
f 4683 4138 4139
f 4682 4683 4139
f 4682 4139 4140
f 4681 4682 4140
f 4681 4140 4141
f 4680 4681 4141
f 4680 4141 4142
f 4680 4142 4679
f 5017 5018 5046
f 5017 5046 5045
f 5018 5019 5047
f 5018 5047 5046
f 5019 5020 5048
f 5019 5048 5047
f 5020 5021 5049
f 5020 5049 5048
f 5021 5022 5050
f 5021 5050 5049
f 5022 5023 5051
f 5022 5051 5050
f 5023 5024 5052
f 5023 5052 5051
f 5024 5025 5053
f 5024 5053 5052
f 5025 5026 5054
f 5025 5054 5053
f 5026 5027 5055
f 5026 5055 5054
f 5027 5028 5056
f 5027 5056 5055
f 5028 5029 5057
f 5028 5057 5056
f 5029 5030 5058
f 5029 5058 5057
f 5030 5031 5059
f 5030 5059 5058
f 5031 5032 5060
f 5031 5060 5059
f 5032 5033 5061
f 5032 5061 5060
f 5033 5034 5062
f 5033 5062 5061
f 5034 5035 5063
f 5034 5063 5062
f 5035 5036 5064
f 5035 5064 5063
f 5036 5037 5065
f 5036 5065 5064
f 5037 5038 5066
f 5037 5066 5065
f 5038 5039 5067
f 5038 5067 5066
f 5039 5040 5068
f 5039 5068 5067
f 5040 5041 5069
f 5040 5069 5068
f 5041 5042 5070
f 5041 5070 5069
f 5042 5043 5071
f 5042 5071 5070
f 5043 5044 5072
f 5043 5072 5071
f 5044 5017 5045
f 5044 5045 5072
f 5037 5039 5038
f 5037 5040 5039
f 5036 5040 5037
f 5036 5041 5040
f 5035 5041 5036
f 5034 5041 5035
f 5034 5042 5041
f 5034 5043 5042
f 5034 5044 5043
f 5034 5017 5044
f 5034 5018 5017
f 5034 5019 5018
f 5034 5020 5019
f 5034 5021 5020
f 5034 5022 5021
f 5034 5023 5022
f 5034 5024 5023
f 5034 5025 5024
f 5034 5026 5025
f 5034 5027 5026
f 5034 5028 5027
f 5034 5029 5028
f 5034 5030 5029
f 5034 5031 5030
f 5034 5032 5031
f 5034 5033 5032
f 5065 5066 5067
f 5065 5067 5068
f 5064 5065 5068
f 5064 5068 5069
f 5063 5064 5069
f 5062 5063 5069
f 5062 5069 5070
f 5062 5070 5071
f 5062 5071 5072
f 5062 5072 5045
f 5062 5045 5046
f 5062 5046 5047
f 5062 5047 5048
f 5062 5048 5049
f 5062 5049 5050
f 5062 5050 5051
f 5062 5051 5052
f 5062 5052 5053
f 5062 5053 5054
f 5062 5054 5055
f 5062 5055 5056
f 5062 5056 5057
f 5062 5057 5058
f 5062 5058 5059
f 5062 5059 5060
f 5062 5060 5061
f 5073 5074 5102
f 5073 5102 5101
f 5074 5075 5103
f 5074 5103 5102
f 5075 5076 5104
f 5075 5104 5103
f 5076 5077 5105
f 5076 5105 5104
f 5077 5078 5106
f 5077 5106 5105
f 5078 5079 5107
f 5078 5107 5106
f 5079 5080 5108
f 5079 5108 5107
f 5080 5081 5109
f 5080 5109 5108
f 5081 5082 5110
f 5081 5110 5109
f 5082 5083 5111
f 5082 5111 5110
f 5083 5084 5112
f 5083 5112 5111
f 5084 5085 5113
f 5084 5113 5112
f 5085 5086 5114
f 5085 5114 5113
f 5086 5087 5115
f 5086 5115 5114
f 5087 5088 5116
f 5087 5116 5115
f 5088 5089 5117
f 5088 5117 5116
f 5089 5090 5118
f 5089 5118 5117
f 5090 5091 5119
f 5090 5119 5118
f 5091 5092 5120
f 5091 5120 5119
f 5092 5093 5121
f 5092 5121 5120
f 5093 5094 5122
f 5093 5122 5121
f 5094 5095 5123
f 5094 5123 5122
f 5095 5096 5124
f 5095 5124 5123
f 5096 5097 5125
f 5096 5125 5124
f 5097 5098 5126
f 5097 5126 5125
f 5098 5099 5127
f 5098 5127 5126
f 5099 5100 5128
f 5099 5128 5127
f 5100 5073 5101
f 5100 5101 5128
f 5093 5095 5094
f 5093 5096 5095
f 5092 5096 5093
f 5092 5097 5096
f 5091 5097 5092
f 5090 5097 5091
f 5090 5098 5097
f 5090 5099 5098
f 5090 5100 5099
f 5090 5073 5100
f 5090 5074 5073
f 5090 5075 5074
f 5090 5076 5075
f 5090 5077 5076
f 5090 5078 5077
f 5090 5079 5078
f 5090 5080 5079
f 5090 5081 5080
f 5090 5082 5081
f 5090 5083 5082
f 5090 5084 5083
f 5090 5085 5084
f 5090 5086 5085
f 5090 5087 5086
f 5090 5088 5087
f 5090 5089 5088
f 5121 5122 5123
f 5121 5123 5124
f 5120 5121 5124
f 5120 5124 5125
f 5119 5120 5125
f 5118 5119 5125
f 5118 5125 5126
f 5118 5126 5127
f 5118 5127 5128
f 5118 5128 5101
f 5118 5101 5102
f 5118 5102 5103
f 5118 5103 5104
f 5118 5104 5105
f 5118 5105 5106
f 5118 5106 5107
f 5118 5107 5108
f 5118 5108 5109
f 5118 5109 5110
f 5118 5110 5111
f 5118 5111 5112
f 5118 5112 5113
f 5118 5113 5114
f 5118 5114 5115
f 5118 5115 5116
f 5118 5116 5117
f 5129 5130 5166
f 5129 5166 5165
f 5130 5131 5167
f 5130 5167 5166
f 5131 5132 5168
f 5131 5168 5167
f 5132 5133 5169
f 5132 5169 5168
f 5133 5134 5170
f 5133 5170 5169
f 5134 5135 5171
f 5134 5171 5170
f 5135 5136 5172
f 5135 5172 5171
f 5136 5137 5173
f 5136 5173 5172
f 5137 5138 5174
f 5137 5174 5173
f 5138 5139 5175
f 5138 5175 5174
f 5139 5140 5176
f 5139 5176 5175
f 5140 5141 5177
f 5140 5177 5176
f 5141 5142 5178
f 5141 5178 5177
f 5142 5143 5179
f 5142 5179 5178
f 5143 5144 5180
f 5143 5180 5179
f 5144 5145 5181
f 5144 5181 5180
f 5145 5146 5182
f 5145 5182 5181
f 5146 5147 5183
f 5146 5183 5182
f 5147 5148 5184
f 5147 5184 5183
f 5148 5149 5185
f 5148 5185 5184
f 5149 5150 5186
f 5149 5186 5185
f 5150 5151 5187
f 5150 5187 5186
f 5151 5152 5188
f 5151 5188 5187
f 5152 5153 5189
f 5152 5189 5188
f 5153 5154 5190
f 5153 5190 5189
f 5154 5155 5191
f 5154 5191 5190
f 5155 5156 5192
f 5155 5192 5191
f 5156 5157 5193
f 5156 5193 5192
f 5157 5158 5194
f 5157 5194 5193
f 5158 5159 5195
f 5158 5195 5194
f 5159 5160 5196
f 5159 5196 5195
f 5160 5161 5197
f 5160 5197 5196
f 5161 5162 5198
f 5161 5198 5197
f 5162 5163 5199
f 5162 5199 5198
f 5163 5164 5200
f 5163 5200 5199
f 5164 5129 5165
f 5164 5165 5200
f 5201 5202 5233
f 5201 5233 5232
f 5202 5203 5234
f 5202 5234 5233
f 5203 5204 5235
f 5203 5235 5234
f 5204 5205 5236
f 5204 5236 5235
f 5205 5206 5237
f 5205 5237 5236
f 5206 5207 5238
f 5206 5238 5237
f 5207 5208 5239
f 5207 5239 5238
f 5208 5209 5240
f 5208 5240 5239
f 5209 5210 5241
f 5209 5241 5240
f 5210 5211 5242
f 5210 5242 5241
f 5211 5212 5243
f 5211 5243 5242
f 5212 5213 5244
f 5212 5244 5243
f 5213 5214 5245
f 5213 5245 5244
f 5214 5215 5246
f 5214 5246 5245
f 5215 5216 5247
f 5215 5247 5246
f 5216 5217 5248
f 5216 5248 5247
f 5217 5218 5249
f 5217 5249 5248
f 5218 5219 5250
f 5218 5250 5249
f 5219 5220 5251
f 5219 5251 5250
f 5220 5221 5252
f 5220 5252 5251
f 5221 5222 5253
f 5221 5253 5252
f 5222 5223 5254
f 5222 5254 5253
f 5223 5224 5255
f 5223 5255 5254
f 5224 5225 5256
f 5224 5256 5255
f 5225 5226 5257
f 5225 5257 5256
f 5226 5227 5258
f 5226 5258 5257
f 5227 5228 5259
f 5227 5259 5258
f 5228 5229 5260
f 5228 5260 5259
f 5229 5230 5261
f 5229 5261 5260
f 5230 5231 5262
f 5230 5262 5261
f 5231 5201 5232
f 5231 5232 5262
f 5263 5264 5303
f 5263 5303 5302
f 5264 5265 5304
f 5264 5304 5303
f 5265 5266 5305
f 5265 5305 5304
f 5266 5267 5306
f 5266 5306 5305
f 5267 5268 5307
f 5267 5307 5306
f 5268 5269 5308
f 5268 5308 5307
f 5269 5270 5309
f 5269 5309 5308
f 5270 5271 5310
f 5270 5310 5309
f 5271 5272 5311
f 5271 5311 5310
f 5272 5273 5312
f 5272 5312 5311
f 5273 5274 5313
f 5273 5313 5312
f 5274 5275 5314
f 5274 5314 5313
f 5275 5276 5315
f 5275 5315 5314
f 5276 5277 5316
f 5276 5316 5315
f 5277 5278 5317
f 5277 5317 5316
f 5278 5279 5318
f 5278 5318 5317
f 5279 5280 5319
f 5279 5319 5318
f 5280 5281 5320
f 5280 5320 5319
f 5281 5282 5321
f 5281 5321 5320
f 5282 5283 5322
f 5282 5322 5321
f 5283 5284 5323
f 5283 5323 5322
f 5284 5285 5324
f 5284 5324 5323
f 5285 5286 5325
f 5285 5325 5324
f 5286 5287 5326
f 5286 5326 5325
f 5287 5288 5327
f 5287 5327 5326
f 5288 5289 5328
f 5288 5328 5327
f 5289 5290 5329
f 5289 5329 5328
f 5290 5291 5330
f 5290 5330 5329
f 5291 5292 5331
f 5291 5331 5330
f 5292 5293 5332
f 5292 5332 5331
f 5293 5294 5333
f 5293 5333 5332
f 5294 5295 5334
f 5294 5334 5333
f 5295 5296 5335
f 5295 5335 5334
f 5296 5297 5336
f 5296 5336 5335
f 5297 5298 5337
f 5297 5337 5336
f 5298 5299 5338
f 5298 5338 5337
f 5299 5300 5339
f 5299 5339 5338
f 5300 5301 5340
f 5300 5340 5339
f 5301 5263 5302
f 5301 5302 5340
f 5341 5342 5395
f 5341 5395 5394
f 5342 5343 5396
f 5342 5396 5395
f 5343 5344 5397
f 5343 5397 5396
f 5344 5345 5398
f 5344 5398 5397
f 5345 5346 5399
f 5345 5399 5398
f 5346 5347 5400
f 5346 5400 5399
f 5347 5348 5401
f 5347 5401 5400
f 5348 5349 5402
f 5348 5402 5401
f 5349 5350 5403
f 5349 5403 5402
f 5350 5351 5404
f 5350 5404 5403
f 5351 5352 5405
f 5351 5405 5404
f 5352 5353 5406
f 5352 5406 5405
f 5353 5354 5407
f 5353 5407 5406
f 5354 5355 5408
f 5354 5408 5407
f 5355 5356 5409
f 5355 5409 5408
f 5356 5357 5410
f 5356 5410 5409
f 5357 5358 5411
f 5357 5411 5410
f 5358 5359 5412
f 5358 5412 5411
f 5359 5360 5413
f 5359 5413 5412
f 5360 5361 5414
f 5360 5414 5413
f 5361 5362 5415
f 5361 5415 5414
f 5362 5363 5416
f 5362 5416 5415
f 5363 5364 5417
f 5363 5417 5416
f 5364 5365 5418
f 5364 5418 5417
f 5365 5366 5419
f 5365 5419 5418
f 5366 5367 5420
f 5366 5420 5419
f 5367 5368 5421
f 5367 5421 5420
f 5368 5369 5422
f 5368 5422 5421
f 5369 5370 5423
f 5369 5423 5422
f 5370 5371 5424
f 5370 5424 5423
f 5371 5372 5425
f 5371 5425 5424
f 5372 5373 5426
f 5372 5426 5425
f 5373 5374 5427
f 5373 5427 5426
f 5374 5375 5428
f 5374 5428 5427
f 5375 5376 5429
f 5375 5429 5428
f 5376 5377 5430
f 5376 5430 5429
f 5377 5378 5431
f 5377 5431 5430
f 5378 5379 5432
f 5378 5432 5431
f 5379 5380 5433
f 5379 5433 5432
f 5380 5381 5434
f 5380 5434 5433
f 5381 5382 5435
f 5381 5435 5434
f 5382 5383 5436
f 5382 5436 5435
f 5383 5384 5437
f 5383 5437 5436
f 5384 5385 5438
f 5384 5438 5437
f 5385 5386 5439
f 5385 5439 5438
f 5386 5387 5440
f 5386 5440 5439
f 5387 5388 5441
f 5387 5441 5440
f 5388 5389 5442
f 5388 5442 5441
f 5389 5390 5443
f 5389 5443 5442
f 5390 5391 5444
f 5390 5444 5443
f 5391 5392 5445
f 5391 5445 5444
f 5392 5393 5446
f 5392 5446 5445
f 5393 5341 5394
f 5393 5394 5446
f 5447 5448 5494
f 5447 5494 5493
f 5448 5449 5495
f 5448 5495 5494
f 5449 5450 5496
f 5449 5496 5495
f 5450 5451 5497
f 5450 5497 5496
f 5451 5452 5498
f 5451 5498 5497
f 5452 5453 5499
f 5452 5499 5498
f 5453 5454 5500
f 5453 5500 5499
f 5454 5455 5501
f 5454 5501 5500
f 5455 5456 5502
f 5455 5502 5501
f 5456 5457 5503
f 5456 5503 5502
f 5457 5458 5504
f 5457 5504 5503
f 5458 5459 5505
f 5458 5505 5504
f 5459 5460 5506
f 5459 5506 5505
f 5460 5461 5507
f 5460 5507 5506
f 5461 5462 5508
f 5461 5508 5507
f 5462 5463 5509
f 5462 5509 5508
f 5463 5464 5510
f 5463 5510 5509
f 5464 5465 5511
f 5464 5511 5510
f 5465 5466 5512
f 5465 5512 5511
f 5466 5467 5513
f 5466 5513 5512
f 5467 5468 5514
f 5467 5514 5513
f 5468 5469 5515
f 5468 5515 5514
f 5469 5470 5516
f 5469 5516 5515
f 5470 5471 5517
f 5470 5517 5516
f 5471 5472 5518
f 5471 5518 5517
f 5472 5473 5519
f 5472 5519 5518
f 5473 5474 5520
f 5473 5520 5519
f 5474 5475 5521
f 5474 5521 5520
f 5475 5476 5522
f 5475 5522 5521
f 5476 5477 5523
f 5476 5523 5522
f 5477 5478 5524
f 5477 5524 5523
f 5478 5479 5525
f 5478 5525 5524
f 5479 5480 5526
f 5479 5526 5525
f 5480 5481 5527
f 5480 5527 5526
f 5481 5482 5528
f 5481 5528 5527
f 5482 5483 5529
f 5482 5529 5528
f 5483 5484 5530
f 5483 5530 5529
f 5484 5485 5531
f 5484 5531 5530
f 5485 5486 5532
f 5485 5532 5531
f 5486 5487 5533
f 5486 5533 5532
f 5487 5488 5534
f 5487 5534 5533
f 5488 5489 5535
f 5488 5535 5534
f 5489 5490 5536
f 5489 5536 5535
f 5490 5491 5537
f 5490 5537 5536
f 5491 5492 5538
f 5491 5538 5537
f 5492 5447 5493
f 5492 5493 5538
f 5539 5540 5568
f 5539 5568 5567
f 5540 5541 5569
f 5540 5569 5568
f 5541 5542 5570
f 5541 5570 5569
f 5542 5543 5571
f 5542 5571 5570
f 5543 5544 5572
f 5543 5572 5571
f 5544 5545 5573
f 5544 5573 5572
f 5545 5546 5574
f 5545 5574 5573
f 5546 5547 5575
f 5546 5575 5574
f 5547 5548 5576
f 5547 5576 5575
f 5548 5549 5577
f 5548 5577 5576
f 5549 5550 5578
f 5549 5578 5577
f 5550 5551 5579
f 5550 5579 5578
f 5551 5552 5580
f 5551 5580 5579
f 5552 5553 5581
f 5552 5581 5580
f 5553 5554 5582
f 5553 5582 5581
f 5554 5555 5583
f 5554 5583 5582
f 5555 5556 5584
f 5555 5584 5583
f 5556 5557 5585
f 5556 5585 5584
f 5557 5558 5586
f 5557 5586 5585
f 5558 5559 5587
f 5558 5587 5586
f 5559 5560 5588
f 5559 5588 5587
f 5560 5561 5589
f 5560 5589 5588
f 5561 5562 5590
f 5561 5590 5589
f 5562 5563 5591
f 5562 5591 5590
f 5563 5564 5592
f 5563 5592 5591
f 5564 5565 5593
f 5564 5593 5592
f 5565 5566 5594
f 5565 5594 5593
f 5566 5539 5567
f 5566 5567 5594
f 5595 5596 5628
f 5595 5628 5627
f 5596 5597 5629
f 5596 5629 5628
f 5597 5598 5630
f 5597 5630 5629
f 5598 5599 5631
f 5598 5631 5630
f 5599 5600 5632
f 5599 5632 5631
f 5600 5601 5633
f 5600 5633 5632
f 5601 5602 5634
f 5601 5634 5633
f 5602 5603 5635
f 5602 5635 5634
f 5603 5604 5636
f 5603 5636 5635
f 5604 5605 5637
f 5604 5637 5636
f 5605 5606 5638
f 5605 5638 5637
f 5606 5607 5639
f 5606 5639 5638
f 5607 5608 5640
f 5607 5640 5639
f 5608 5609 5641
f 5608 5641 5640
f 5609 5610 5642
f 5609 5642 5641
f 5610 5611 5643
f 5610 5643 5642
f 5611 5612 5644
f 5611 5644 5643
f 5612 5613 5645
f 5612 5645 5644
f 5613 5614 5646
f 5613 5646 5645
f 5614 5615 5647
f 5614 5647 5646
f 5615 5616 5648
f 5615 5648 5647
f 5616 5617 5649
f 5616 5649 5648
f 5617 5618 5650
f 5617 5650 5649
f 5618 5619 5651
f 5618 5651 5650
f 5619 5620 5652
f 5619 5652 5651
f 5620 5621 5653
f 5620 5653 5652
f 5621 5622 5654
f 5621 5654 5653
f 5622 5623 5655
f 5622 5655 5654
f 5623 5624 5656
f 5623 5656 5655
f 5624 5625 5657
f 5624 5657 5656
f 5625 5626 5658
f 5625 5658 5657
f 5626 5595 5627
f 5626 5627 5658
f 5659 5660 5735
f 5659 5735 5734
f 5660 5661 5736
f 5660 5736 5735
f 5661 5662 5737
f 5661 5737 5736
f 5662 5663 5738
f 5662 5738 5737
f 5663 5664 5739
f 5663 5739 5738
f 5664 5665 5740
f 5664 5740 5739
f 5665 5666 5741
f 5665 5741 5740
f 5666 5667 5742
f 5666 5742 5741
f 5667 5668 5743
f 5667 5743 5742
f 5668 5669 5744
f 5668 5744 5743
f 5669 5670 5745
f 5669 5745 5744
f 5670 5671 5746
f 5670 5746 5745
f 5671 5672 5747
f 5671 5747 5746
f 5672 5673 5748
f 5672 5748 5747
f 5673 5674 5749
f 5673 5749 5748
f 5674 5675 5750
f 5674 5750 5749
f 5675 5676 5751
f 5675 5751 5750
f 5676 5677 5752
f 5676 5752 5751
f 5677 5678 5753
f 5677 5753 5752
f 5678 5679 5754
f 5678 5754 5753
f 5679 5680 5755
f 5679 5755 5754
f 5680 5681 5756
f 5680 5756 5755
f 5681 5682 5757
f 5681 5757 5756
f 5682 5683 5758
f 5682 5758 5757
f 5683 5684 5759
f 5683 5759 5758
f 5684 5685 5760
f 5684 5760 5759
f 5685 5686 5761
f 5685 5761 5760
f 5686 5687 5762
f 5686 5762 5761
f 5687 5688 5763
f 5687 5763 5762
f 5688 5689 5764
f 5688 5764 5763
f 5689 5690 5765
f 5689 5765 5764
f 5690 5691 5766
f 5690 5766 5765
f 5691 5692 5767
f 5691 5767 5766
f 5692 5693 5768
f 5692 5768 5767
f 5693 5694 5769
f 5693 5769 5768
f 5694 5695 5770
f 5694 5770 5769
f 5695 5696 5771
f 5695 5771 5770
f 5696 5697 5772
f 5696 5772 5771
f 5697 5698 5773
f 5697 5773 5772
f 5698 5699 5774
f 5698 5774 5773
f 5699 5700 5775
f 5699 5775 5774
f 5700 5701 5776
f 5700 5776 5775
f 5701 5702 5777
f 5701 5777 5776
f 5702 5703 5778
f 5702 5778 5777
f 5703 5704 5779
f 5703 5779 5778
f 5704 5705 5780
f 5704 5780 5779
f 5705 5706 5781
f 5705 5781 5780
f 5706 5707 5782
f 5706 5782 5781
f 5707 5708 5783
f 5707 5783 5782
f 5708 5709 5784
f 5708 5784 5783
f 5709 5710 5785
f 5709 5785 5784
f 5710 5711 5786
f 5710 5786 5785
f 5711 5712 5787
f 5711 5787 5786
f 5712 5713 5788
f 5712 5788 5787
f 5713 5714 5789
f 5713 5789 5788
f 5714 5715 5790
f 5714 5790 5789
f 5715 5716 5791
f 5715 5791 5790
f 5716 5717 5792
f 5716 5792 5791
f 5717 5718 5793
f 5717 5793 5792
f 5718 5719 5794
f 5718 5794 5793
f 5719 5720 5795
f 5719 5795 5794
f 5720 5721 5796
f 5720 5796 5795
f 5721 5722 5797
f 5721 5797 5796
f 5722 5723 5798
f 5722 5798 5797
f 5723 5724 5799
f 5723 5799 5798
f 5724 5725 5800
f 5724 5800 5799
f 5725 5726 5801
f 5725 5801 5800
f 5726 5727 5802
f 5726 5802 5801
f 5727 5728 5803
f 5727 5803 5802
f 5728 5729 5804
f 5728 5804 5803
f 5729 5730 5805
f 5729 5805 5804
f 5730 5731 5806
f 5730 5806 5805
f 5731 5732 5807
f 5731 5807 5806
f 5732 5733 5808
f 5732 5808 5807
f 5733 5659 5734
f 5733 5734 5808
f 5809 5810 5827
f 5809 5827 5826
f 5810 5811 5828
f 5810 5828 5827
f 5811 5812 5829
f 5811 5829 5828
f 5812 5813 5830
f 5812 5830 5829
f 5813 5814 5831
f 5813 5831 5830
f 5814 5815 5832
f 5814 5832 5831
f 5815 5816 5833
f 5815 5833 5832
f 5816 5817 5834
f 5816 5834 5833
f 5817 5818 5835
f 5817 5835 5834
f 5818 5819 5836
f 5818 5836 5835
f 5819 5820 5837
f 5819 5837 5836
f 5820 5821 5838
f 5820 5838 5837
f 5821 5822 5839
f 5821 5839 5838
f 5822 5823 5840
f 5822 5840 5839
f 5823 5824 5841
f 5823 5841 5840
f 5824 5825 5842
f 5824 5842 5841
f 5825 5809 5826
f 5825 5826 5842
f 5843 5844 5885
f 5843 5885 5884
f 5844 5845 5886
f 5844 5886 5885
f 5845 5846 5887
f 5845 5887 5886
f 5846 5847 5888
f 5846 5888 5887
f 5847 5848 5889
f 5847 5889 5888
f 5848 5849 5890
f 5848 5890 5889
f 5849 5850 5891
f 5849 5891 5890
f 5850 5851 5892
f 5850 5892 5891
f 5851 5852 5893
f 5851 5893 5892
f 5852 5853 5894
f 5852 5894 5893
f 5853 5854 5895
f 5853 5895 5894
f 5854 5855 5896
f 5854 5896 5895
f 5855 5856 5897
f 5855 5897 5896
f 5856 5857 5898
f 5856 5898 5897
f 5857 5858 5899
f 5857 5899 5898
f 5858 5859 5900
f 5858 5900 5899
f 5859 5860 5901
f 5859 5901 5900
f 5860 5861 5902
f 5860 5902 5901
f 5861 5862 5903
f 5861 5903 5902
f 5862 5863 5904
f 5862 5904 5903
f 5863 5864 5905
f 5863 5905 5904
f 5864 5865 5906
f 5864 5906 5905
f 5865 5866 5907
f 5865 5907 5906
f 5866 5867 5908
f 5866 5908 5907
f 5867 5868 5909
f 5867 5909 5908
f 5868 5869 5910
f 5868 5910 5909
f 5869 5870 5911
f 5869 5911 5910
f 5870 5871 5912
f 5870 5912 5911
f 5871 5872 5913
f 5871 5913 5912
f 5872 5873 5914
f 5872 5914 5913
f 5873 5874 5915
f 5873 5915 5914
f 5874 5875 5916
f 5874 5916 5915
f 5875 5876 5917
f 5875 5917 5916
f 5876 5877 5918
f 5876 5918 5917
f 5877 5878 5919
f 5877 5919 5918
f 5878 5879 5920
f 5878 5920 5919
f 5879 5880 5921
f 5879 5921 5920
f 5880 5881 5922
f 5880 5922 5921
f 5881 5882 5923
f 5881 5923 5922
f 5882 5883 5924
f 5882 5924 5923
f 5883 5843 5884
f 5883 5884 5924
f 5925 5926 5948
f 5925 5948 5947
f 5926 5927 5949
f 5926 5949 5948
f 5927 5928 5950
f 5927 5950 5949
f 5928 5929 5951
f 5928 5951 5950
f 5929 5930 5952
f 5929 5952 5951
f 5930 5931 5953
f 5930 5953 5952
f 5931 5932 5954
f 5931 5954 5953
f 5932 5933 5955
f 5932 5955 5954
f 5933 5934 5956
f 5933 5956 5955
f 5934 5935 5957
f 5934 5957 5956
f 5935 5936 5958
f 5935 5958 5957
f 5936 5937 5959
f 5936 5959 5958
f 5937 5938 5960
f 5937 5960 5959
f 5938 5939 5961
f 5938 5961 5960
f 5939 5940 5962
f 5939 5962 5961
f 5940 5941 5963
f 5940 5963 5962
f 5941 5942 5964
f 5941 5964 5963
f 5942 5943 5965
f 5942 5965 5964
f 5943 5944 5966
f 5943 5966 5965
f 5944 5945 5967
f 5944 5967 5966
f 5945 5946 5968
f 5945 5968 5967
f 5946 5925 5947
f 5946 5947 5968
f 5969 5970 5991
f 5969 5991 5990
f 5970 5971 5992
f 5970 5992 5991
f 5971 5972 5993
f 5971 5993 5992
f 5972 5973 5994
f 5972 5994 5993
f 5973 5974 5995
f 5973 5995 5994
f 5974 5975 5996
f 5974 5996 5995
f 5975 5976 5997
f 5975 5997 5996
f 5976 5977 5998
f 5976 5998 5997
f 5977 5978 5999
f 5977 5999 5998
f 5978 5979 6000
f 5978 6000 5999
f 5979 5980 6001
f 5979 6001 6000
f 5980 5981 6002
f 5980 6002 6001
f 5981 5982 6003
f 5981 6003 6002
f 5982 5983 6004
f 5982 6004 6003
f 5983 5984 6005
f 5983 6005 6004
f 5984 5985 6006
f 5984 6006 6005
f 5985 5986 6007
f 5985 6007 6006
f 5986 5987 6008
f 5986 6008 6007
f 5987 5988 6009
f 5987 6009 6008
f 5988 5989 6010
f 5988 6010 6009
f 5989 5969 5990
f 5989 5990 6010
f 6011 6012 6041
f 6011 6041 6040
f 6012 6013 6042
f 6012 6042 6041
f 6013 6014 6043
f 6013 6043 6042
f 6014 6015 6044
f 6014 6044 6043
f 6015 6016 6045
f 6015 6045 6044
f 6016 6017 6046
f 6016 6046 6045
f 6017 6018 6047
f 6017 6047 6046
f 6018 6019 6048
f 6018 6048 6047
f 6019 6020 6049
f 6019 6049 6048
f 6020 6021 6050
f 6020 6050 6049
f 6021 6022 6051
f 6021 6051 6050
f 6022 6023 6052
f 6022 6052 6051
f 6023 6024 6053
f 6023 6053 6052
f 6024 6025 6054
f 6024 6054 6053
f 6025 6026 6055
f 6025 6055 6054
f 6026 6027 6056
f 6026 6056 6055
f 6027 6028 6057
f 6027 6057 6056
f 6028 6029 6058
f 6028 6058 6057
f 6029 6030 6059
f 6029 6059 6058
f 6030 6031 6060
f 6030 6060 6059
f 6031 6032 6061
f 6031 6061 6060
f 6032 6033 6062
f 6032 6062 6061
f 6033 6034 6063
f 6033 6063 6062
f 6034 6035 6064
f 6034 6064 6063
f 6035 6036 6065
f 6035 6065 6064
f 6036 6037 6066
f 6036 6066 6065
f 6037 6038 6067
f 6037 6067 6066
f 6038 6039 6068
f 6038 6068 6067
f 6039 6011 6040
f 6039 6040 6068
f 6069 6070 6074
f 6069 6074 6073
f 6070 6071 6075
f 6070 6075 6074
f 6071 6072 6076
f 6071 6076 6075
f 6072 6069 6073
f 6072 6073 6076
f 5163 5129 5164
f 5163 5130 5129
f 5163 5131 5130
f 5163 5132 5131
f 5163 5133 5132
f 5163 5134 5133
f 5163 5135 5134
f 5163 5136 5135
f 5163 5137 5136
f 5163 5138 5137
f 5163 5139 5138
f 5163 5140 5139
f 5163 5141 5140
f 5163 5142 5141
f 5163 5143 5142
f 5163 5144 5143
f 5163 5145 5144
f 5163 5146 5145
f 5163 5147 5146
f 5163 5148 5147
f 5162 5148 5163
f 5161 5148 5162
f 5160 5148 5161
f 5159 5148 5160
f 5159 5149 5148
f 5158 5149 5159
f 5158 5150 5149
f 5157 5150 5158
f 5157 5151 5150
f 5157 5152 5151
f 5157 5153 5152
f 5156 5153 5157
f 5155 5153 5156
f 5155 5154 5153
f 5230 5201 5231
f 5229 5201 5230
f 5209 5211 5210
f 5208 5211 5209
f 5228 5201 5229
f 5206 5208 5207
f 5206 5211 5208
f 5206 5212 5211
f 5206 5213 5212
f 5205 5213 5206
f 5205 5214 5213
f 5204 5214 5205
f 5204 5215 5214
f 5204 5216 5215
f 5203 5216 5204
f 5203 5217 5216
f 5203 5218 5217
f 5202 5218 5203
f 5202 5219 5218
f 5202 5220 5219
f 5202 5221 5220
f 5201 5221 5202
f 5201 5222 5221
f 5228 5222 5201
f 5227 5222 5228
f 5227 5223 5222
f 5226 5223 5227
f 5226 5224 5223
f 5225 5224 5226
f 5283 5285 5284
f 5282 5285 5283
f 5281 5285 5282
f 5280 5285 5281
f 5279 5285 5280
f 5279 5286 5285
f 5278 5286 5279
f 5277 5286 5278
f 5276 5286 5277
f 5275 5286 5276
f 5274 5286 5275
f 5273 5286 5274
f 5272 5286 5273
f 5271 5286 5272
f 5270 5286 5271
f 5269 5286 5270
f 5268 5286 5269
f 5267 5286 5268
f 5267 5287 5286
f 5266 5287 5267
f 5266 5288 5287
f 5266 5289 5288
f 5265 5289 5266
f 5265 5290 5289
f 5265 5291 5290
f 5265 5292 5291
f 5265 5293 5292
f 5265 5294 5293
f 5265 5295 5294
f 5265 5296 5295
f 5264 5296 5265
f 5264 5297 5296
f 5264 5298 5297
f 5263 5298 5264
f 5263 5299 5298
f 5301 5299 5263
f 5301 5300 5299
f 5392 5341 5393
f 5370 5372 5371
f 5369 5372 5370
f 5348 5350 5349
f 5347 5350 5348
f 5392 5342 5341
f 5347 5351 5350
f 5347 5352 5351
f 5347 5353 5352
f 5347 5354 5353
f 5347 5355 5354
f 5347 5356 5355
f 5368 5372 5369
f 5347 5357 5356
f 5347 5358 5357
f 5347 5359 5358
f 5347 5360 5359
f 5391 5342 5392
f 5391 5343 5342
f 5391 5344 5343
f 5390 5344 5391
f 5390 5345 5344
f 5389 5345 5390
f 5389 5346 5345
f 5389 5347 5346
f 5389 5360 5347
f 5388 5360 5389
f 5387 5360 5388
f 5386 5360 5387
f 5385 5360 5386
f 5384 5360 5385
f 5383 5360 5384
f 5382 5360 5383
f 5381 5360 5382
f 5380 5360 5381
f 5379 5360 5380
f 5378 5360 5379
f 5377 5360 5378
f 5376 5360 5377
f 5376 5361 5360
f 5375 5361 5376
f 5375 5362 5361
f 5374 5362 5375
f 5374 5363 5362
f 5373 5363 5374
f 5373 5364 5363
f 5373 5365 5364
f 5373 5366 5365
f 5372 5366 5373
f 5372 5367 5366
f 5368 5367 5372
f 5490 5492 5491
f 5489 5492 5490
f 5489 5447 5492
f 5489 5448 5447
f 5489 5449 5448
f 5489 5450 5449
f 5489 5451 5450
f 5488 5451 5489
f 5488 5452 5451
f 5488 5453 5452
f 5488 5454 5453
f 5477 5479 5478
f 5476 5479 5477
f 5475 5479 5476
f 5474 5479 5475
f 5473 5479 5474
f 5472 5479 5473
f 5471 5479 5472
f 5470 5479 5471
f 5470 5480 5479
f 5488 5455 5454
f 5487 5455 5488
f 5487 5456 5455
f 5486 5456 5487
f 5486 5457 5456
f 5485 5457 5486
f 5485 5458 5457
f 5485 5459 5458
f 5484 5459 5485
f 5483 5459 5484
f 5483 5460 5459
f 5483 5461 5460
f 5482 5461 5483
f 5482 5462 5461
f 5481 5462 5482
f 5480 5462 5481
f 5480 5463 5462
f 5480 5464 5463
f 5480 5465 5464
f 5480 5466 5465
f 5480 5467 5466
f 5480 5468 5467
f 5470 5468 5480
f 5470 5469 5468
f 5553 5555 5554
f 5552 5555 5553
f 5552 5556 5555
f 5551 5556 5552
f 5551 5557 5556
f 5550 5557 5551
f 5550 5558 5557
f 5549 5558 5550
f 5549 5559 5558
f 5548 5559 5549
f 5548 5560 5559
f 5564 5566 5565
f 5563 5566 5564
f 5563 5539 5566
f 5563 5540 5539
f 5562 5540 5563
f 5562 5541 5540
f 5562 5542 5541
f 5562 5543 5542
f 5562 5544 5543
f 5562 5545 5544
f 5547 5560 5548
f 5547 5561 5560
f 5547 5562 5561
f 5547 5545 5562
f 5546 5545 5547
f 5609 5611 5610
f 5608 5611 5609
f 5608 5612 5611
f 5608 5613 5612
f 5608 5614 5613
f 5608 5615 5614
f 5608 5616 5615
f 5608 5617 5616
f 5625 5595 5626
f 5624 5595 5625
f 5606 5608 5607
f 5606 5617 5608
f 5605 5617 5606
f 5605 5618 5617
f 5604 5618 5605
f 5604 5619 5618
f 5603 5619 5604
f 5603 5620 5619
f 5602 5620 5603
f 5602 5621 5620
f 5601 5621 5602
f 5601 5622 5621
f 5600 5622 5601
f 5600 5623 5622
f 5599 5623 5600
f 5599 5624 5623
f 5597 5599 5598
f 5595 5597 5596
f 5624 5597 5595
f 5599 5597 5624
f 5687 5689 5688
f 5686 5689 5687
f 5685 5689 5686
f 5684 5689 5685
f 5683 5689 5684
f 5682 5689 5683
f 5681 5689 5682
f 5732 5659 5733
f 5718 5720 5719
f 5680 5689 5681
f 5679 5689 5680
f 5678 5689 5679
f 5677 5689 5678
f 5676 5689 5677
f 5675 5689 5676
f 5675 5690 5689
f 5674 5690 5675
f 5673 5690 5674
f 5672 5690 5673
f 5672 5691 5690
f 5672 5692 5691
f 5672 5693 5692
f 5672 5694 5693
f 5672 5695 5694
f 5672 5696 5695
f 5672 5697 5696
f 5672 5698 5697
f 5672 5699 5698
f 5672 5700 5699
f 5671 5700 5672
f 5670 5700 5671
f 5669 5700 5670
f 5668 5700 5669
f 5667 5700 5668
f 5666 5700 5667
f 5665 5700 5666
f 5664 5700 5665
f 5664 5701 5700
f 5664 5702 5701
f 5663 5702 5664
f 5663 5703 5702
f 5662 5703 5663
f 5662 5704 5703
f 5661 5704 5662
f 5660 5704 5661
f 5660 5705 5704
f 5660 5706 5705
f 5660 5707 5706
f 5660 5708 5707
f 5660 5709 5708
f 5660 5710 5709
f 5660 5711 5710
f 5659 5711 5660
f 5659 5712 5711
f 5732 5712 5659
f 5731 5712 5732
f 5731 5713 5712
f 5730 5713 5731
f 5730 5714 5713
f 5729 5714 5730
f 5729 5715 5714
f 5728 5715 5729
f 5728 5716 5715
f 5728 5717 5716
f 5727 5717 5728
f 5727 5718 5717
f 5727 5720 5718
f 5727 5721 5720
f 5727 5722 5721
f 5726 5722 5727
f 5726 5723 5722
f 5726 5724 5723
f 5726 5725 5724
f 5809 5811 5810
f 5825 5811 5809
f 5825 5812 5811
f 5825 5813 5812
f 5825 5814 5813
f 5825 5815 5814
f 5825 5816 5815
f 5824 5816 5825
f 5823 5816 5824
f 5822 5816 5823
f 5821 5816 5822
f 5820 5816 5821
f 5819 5816 5820
f 5819 5817 5816
f 5819 5818 5817
f 5883 5844 5843
f 5882 5844 5883
f 5882 5845 5844
f 5882 5846 5845
f 5882 5847 5846
f 5881 5847 5882
f 5881 5848 5847
f 5881 5849 5848
f 5881 5850 5849
f 5881 5851 5850
f 5880 5851 5881
f 5879 5851 5880
f 5867 5869 5868
f 5866 5869 5867
f 5865 5869 5866
f 5864 5869 5865
f 5863 5869 5864
f 5862 5869 5863
f 5861 5869 5862
f 5860 5869 5861
f 5878 5851 5879
f 5878 5852 5851
f 5877 5852 5878
f 5876 5852 5877
f 5875 5852 5876
f 5874 5852 5875
f 5874 5853 5852
f 5873 5853 5874
f 5873 5854 5853
f 5873 5855 5854
f 5872 5855 5873
f 5872 5856 5855
f 5871 5856 5872
f 5871 5857 5856
f 5870 5857 5871
f 5870 5858 5857
f 5870 5859 5858
f 5869 5859 5870
f 5860 5859 5869
f 6016 5925 6017
f 6015 5925 6016
f 6014 5925 6015
f 5946 6017 5925
f 6013 5925 6014
f 6012 5925 6013
f 6011 5925 6012
f 6039 5925 6011
f 5945 6017 5946
f 6039 5926 5925
f 5944 6017 5945
f 5944 6018 6017
f 5943 6018 5944
f 5942 6018 5943
f 5941 6018 5942
f 6039 5927 5926
f 6038 5927 6039
f 6037 5927 6038
f 6037 5928 5927
f 6036 5928 6037
f 6035 5928 6036
f 6035 5929 5928
f 6034 5929 6035
f 6034 5930 5929
f 6033 5930 6034
f 6032 5930 6033
f 6032 5931 5930
f 5941 6019 6018
f 5940 6019 5941
f 5940 6020 6019
f 5939 6020 5940
f 5939 6021 6020
f 5939 6022 6021
f 5938 6022 5939
f 5937 6022 5938
f 5937 6023 6022
f 5936 6023 5937
f 5935 6023 5936
f 5935 6024 6023
f 5934 6024 5935
f 5934 6025 6024
f 5933 6025 5934
f 5933 6026 6025
f 5933 6027 6026
f 5932 6027 5933
f 5931 6027 5932
f 5931 6028 6027
f 5931 6029 6028
f 6032 6029 5931
f 6032 6030 6029
f 6031 6030 6032
f 5977 5979 5978
f 5976 5979 5977
f 5976 5980 5979
f 5976 5981 5980
f 5976 5982 5981
f 5976 5983 5982
f 5976 5984 5983
f 5976 5985 5984
f 5975 5985 5976
f 5974 5985 5975
f 5973 5985 5974
f 5973 5986 5985
f 5972 5986 5973
f 5971 5986 5972
f 5970 5986 5971
f 5969 5986 5970
f 5987 5989 5988
f 5986 5989 5987
f 5969 5989 5986
f 6071 6069 6072
f 6071 6070 6069
f 5199 5200 5165
f 5199 5165 5166
f 5199 5166 5167
f 5199 5167 5168
f 5199 5168 5169
f 5199 5169 5170
f 5199 5170 5171
f 5199 5171 5172
f 5199 5172 5173
f 5199 5173 5174
f 5199 5174 5175
f 5199 5175 5176
f 5199 5176 5177
f 5199 5177 5178
f 5199 5178 5179
f 5199 5179 5180
f 5199 5180 5181
f 5199 5181 5182
f 5199 5182 5183
f 5199 5183 5184
f 5198 5199 5184
f 5197 5198 5184
f 5196 5197 5184
f 5195 5196 5184
f 5195 5184 5185
f 5194 5195 5185
f 5194 5185 5186
f 5193 5194 5186
f 5193 5186 5187
f 5193 5187 5188
f 5193 5188 5189
f 5192 5193 5189
f 5191 5192 5189
f 5191 5189 5190
f 5261 5262 5232
f 5260 5261 5232
f 5240 5241 5242
f 5239 5240 5242
f 5259 5260 5232
f 5237 5238 5239
f 5237 5239 5242
f 5237 5242 5243
f 5237 5243 5244
f 5236 5237 5244
f 5236 5244 5245
f 5235 5236 5245
f 5235 5245 5246
f 5235 5246 5247
f 5234 5235 5247
f 5234 5247 5248
f 5234 5248 5249
f 5233 5234 5249
f 5233 5249 5250
f 5233 5250 5251
f 5233 5251 5252
f 5232 5233 5252
f 5232 5252 5253
f 5259 5232 5253
f 5258 5259 5253
f 5258 5253 5254
f 5257 5258 5254
f 5257 5254 5255
f 5256 5257 5255
f 5322 5323 5324
f 5321 5322 5324
f 5320 5321 5324
f 5319 5320 5324
f 5318 5319 5324
f 5318 5324 5325
f 5317 5318 5325
f 5316 5317 5325
f 5315 5316 5325
f 5314 5315 5325
f 5313 5314 5325
f 5312 5313 5325
f 5311 5312 5325
f 5310 5311 5325
f 5309 5310 5325
f 5308 5309 5325
f 5307 5308 5325
f 5306 5307 5325
f 5306 5325 5326
f 5305 5306 5326
f 5305 5326 5327
f 5305 5327 5328
f 5304 5305 5328
f 5304 5328 5329
f 5304 5329 5330
f 5304 5330 5331
f 5304 5331 5332
f 5304 5332 5333
f 5304 5333 5334
f 5304 5334 5335
f 5303 5304 5335
f 5303 5335 5336
f 5303 5336 5337
f 5302 5303 5337
f 5302 5337 5338
f 5340 5302 5338
f 5340 5338 5339
f 5445 5446 5394
f 5423 5424 5425
f 5422 5423 5425
f 5401 5402 5403
f 5400 5401 5403
f 5445 5394 5395
f 5400 5403 5404
f 5400 5404 5405
f 5400 5405 5406
f 5400 5406 5407
f 5400 5407 5408
f 5400 5408 5409
f 5421 5422 5425
f 5400 5409 5410
f 5400 5410 5411
f 5400 5411 5412
f 5400 5412 5413
f 5444 5445 5395
f 5444 5395 5396
f 5444 5396 5397
f 5443 5444 5397
f 5443 5397 5398
f 5442 5443 5398
f 5442 5398 5399
f 5442 5399 5400
f 5442 5400 5413
f 5441 5442 5413
f 5440 5441 5413
f 5439 5440 5413
f 5438 5439 5413
f 5437 5438 5413
f 5436 5437 5413
f 5435 5436 5413
f 5434 5435 5413
f 5433 5434 5413
f 5432 5433 5413
f 5431 5432 5413
f 5430 5431 5413
f 5429 5430 5413
f 5429 5413 5414
f 5428 5429 5414
f 5428 5414 5415
f 5427 5428 5415
f 5427 5415 5416
f 5426 5427 5416
f 5426 5416 5417
f 5426 5417 5418
f 5426 5418 5419
f 5425 5426 5419
f 5425 5419 5420
f 5421 5425 5420
f 5536 5537 5538
f 5535 5536 5538
f 5535 5538 5493
f 5535 5493 5494
f 5535 5494 5495
f 5535 5495 5496
f 5535 5496 5497
f 5534 5535 5497
f 5534 5497 5498
f 5534 5498 5499
f 5534 5499 5500
f 5523 5524 5525
f 5522 5523 5525
f 5521 5522 5525
f 5520 5521 5525
f 5519 5520 5525
f 5518 5519 5525
f 5517 5518 5525
f 5516 5517 5525
f 5516 5525 5526
f 5534 5500 5501
f 5533 5534 5501
f 5533 5501 5502
f 5532 5533 5502
f 5532 5502 5503
f 5531 5532 5503
f 5531 5503 5504
f 5531 5504 5505
f 5530 5531 5505
f 5529 5530 5505
f 5529 5505 5506
f 5529 5506 5507
f 5528 5529 5507
f 5528 5507 5508
f 5527 5528 5508
f 5526 5527 5508
f 5526 5508 5509
f 5526 5509 5510
f 5526 5510 5511
f 5526 5511 5512
f 5526 5512 5513
f 5526 5513 5514
f 5516 5526 5514
f 5516 5514 5515
f 5581 5582 5583
f 5580 5581 5583
f 5580 5583 5584
f 5579 5580 5584
f 5579 5584 5585
f 5578 5579 5585
f 5578 5585 5586
f 5577 5578 5586
f 5577 5586 5587
f 5576 5577 5587
f 5576 5587 5588
f 5592 5593 5594
f 5591 5592 5594
f 5591 5594 5567
f 5591 5567 5568
f 5590 5591 5568
f 5590 5568 5569
f 5590 5569 5570
f 5590 5570 5571
f 5590 5571 5572
f 5590 5572 5573
f 5575 5576 5588
f 5575 5588 5589
f 5575 5589 5590
f 5575 5590 5573
f 5574 5575 5573
f 5641 5642 5643
f 5640 5641 5643
f 5640 5643 5644
f 5640 5644 5645
f 5640 5645 5646
f 5640 5646 5647
f 5640 5647 5648
f 5640 5648 5649
f 5657 5658 5627
f 5656 5657 5627
f 5638 5639 5640
f 5638 5640 5649
f 5637 5638 5649
f 5637 5649 5650
f 5636 5637 5650
f 5636 5650 5651
f 5635 5636 5651
f 5635 5651 5652
f 5634 5635 5652
f 5634 5652 5653
f 5633 5634 5653
f 5633 5653 5654
f 5632 5633 5654
f 5632 5654 5655
f 5631 5632 5655
f 5631 5655 5656
f 5629 5630 5631
f 5627 5628 5629
f 5656 5627 5629
f 5631 5656 5629
f 5762 5763 5764
f 5761 5762 5764
f 5760 5761 5764
f 5759 5760 5764
f 5758 5759 5764
f 5757 5758 5764
f 5756 5757 5764
f 5807 5808 5734
f 5793 5794 5795
f 5755 5756 5764
f 5754 5755 5764
f 5753 5754 5764
f 5752 5753 5764
f 5751 5752 5764
f 5750 5751 5764
f 5750 5764 5765
f 5749 5750 5765
f 5748 5749 5765
f 5747 5748 5765
f 5747 5765 5766
f 5747 5766 5767
f 5747 5767 5768
f 5747 5768 5769
f 5747 5769 5770
f 5747 5770 5771
f 5747 5771 5772
f 5747 5772 5773
f 5747 5773 5774
f 5747 5774 5775
f 5746 5747 5775
f 5745 5746 5775
f 5744 5745 5775
f 5743 5744 5775
f 5742 5743 5775
f 5741 5742 5775
f 5740 5741 5775
f 5739 5740 5775
f 5739 5775 5776
f 5739 5776 5777
f 5738 5739 5777
f 5738 5777 5778
f 5737 5738 5778
f 5737 5778 5779
f 5736 5737 5779
f 5735 5736 5779
f 5735 5779 5780
f 5735 5780 5781
f 5735 5781 5782
f 5735 5782 5783
f 5735 5783 5784
f 5735 5784 5785
f 5735 5785 5786
f 5734 5735 5786
f 5734 5786 5787
f 5807 5734 5787
f 5806 5807 5787
f 5806 5787 5788
f 5805 5806 5788
f 5805 5788 5789
f 5804 5805 5789
f 5804 5789 5790
f 5803 5804 5790
f 5803 5790 5791
f 5803 5791 5792
f 5802 5803 5792
f 5802 5792 5793
f 5802 5793 5795
f 5802 5795 5796
f 5802 5796 5797
f 5801 5802 5797
f 5801 5797 5798
f 5801 5798 5799
f 5801 5799 5800
f 5826 5827 5828
f 5842 5826 5828
f 5842 5828 5829
f 5842 5829 5830
f 5842 5830 5831
f 5842 5831 5832
f 5842 5832 5833
f 5841 5842 5833
f 5840 5841 5833
f 5839 5840 5833
f 5838 5839 5833
f 5837 5838 5833
f 5836 5837 5833
f 5836 5833 5834
f 5836 5834 5835
f 5924 5884 5885
f 5923 5924 5885
f 5923 5885 5886
f 5923 5886 5887
f 5923 5887 5888
f 5922 5923 5888
f 5922 5888 5889
f 5922 5889 5890
f 5922 5890 5891
f 5922 5891 5892
f 5921 5922 5892
f 5920 5921 5892
f 5908 5909 5910
f 5907 5908 5910
f 5906 5907 5910
f 5905 5906 5910
f 5904 5905 5910
f 5903 5904 5910
f 5902 5903 5910
f 5901 5902 5910
f 5919 5920 5892
f 5919 5892 5893
f 5918 5919 5893
f 5917 5918 5893
f 5916 5917 5893
f 5915 5916 5893
f 5915 5893 5894
f 5914 5915 5894
f 5914 5894 5895
f 5914 5895 5896
f 5913 5914 5896
f 5913 5896 5897
f 5912 5913 5897
f 5912 5897 5898
f 5911 5912 5898
f 5911 5898 5899
f 5911 5899 5900
f 5910 5911 5900
f 5901 5910 5900
f 6045 6046 5947
f 6044 6045 5947
f 6043 6044 5947
f 5968 5947 6046
f 6042 6043 5947
f 6041 6042 5947
f 6040 6041 5947
f 6068 6040 5947
f 5967 5968 6046
f 6068 5947 5948
f 5966 5967 6046
f 5966 6046 6047
f 5965 5966 6047
f 5964 5965 6047
f 5963 5964 6047
f 6068 5948 5949
f 6067 6068 5949
f 6066 6067 5949
f 6066 5949 5950
f 6065 6066 5950
f 6064 6065 5950
f 6064 5950 5951
f 6063 6064 5951
f 6063 5951 5952
f 6062 6063 5952
f 6061 6062 5952
f 6061 5952 5953
f 5963 6047 6048
f 5962 5963 6048
f 5962 6048 6049
f 5961 5962 6049
f 5961 6049 6050
f 5961 6050 6051
f 5960 5961 6051
f 5959 5960 6051
f 5959 6051 6052
f 5958 5959 6052
f 5957 5958 6052
f 5957 6052 6053
f 5956 5957 6053
f 5956 6053 6054
f 5955 5956 6054
f 5955 6054 6055
f 5955 6055 6056
f 5954 5955 6056
f 5953 5954 6056
f 5953 6056 6057
f 5953 6057 6058
f 6061 5953 6058
f 6061 6058 6059
f 6060 6061 6059
f 5998 5999 6000
f 5997 5998 6000
f 5997 6000 6001
f 5997 6001 6002
f 5997 6002 6003
f 5997 6003 6004
f 5997 6004 6005
f 5997 6005 6006
f 5996 5997 6006
f 5995 5996 6006
f 5994 5995 6006
f 5994 6006 6007
f 5993 5994 6007
f 5992 5993 6007
f 5991 5992 6007
f 5990 5991 6007
f 6008 6009 6010
f 6007 6008 6010
f 5990 6007 6010
f 6075 6076 6073
f 6075 6073 6074
f 6077 6078 6114
f 6077 6114 6113
f 6078 6079 6115
f 6078 6115 6114
f 6079 6080 6116
f 6079 6116 6115
f 6080 6081 6117
f 6080 6117 6116
f 6081 6082 6118
f 6081 6118 6117
f 6082 6083 6119
f 6082 6119 6118
f 6083 6084 6120
f 6083 6120 6119
f 6084 6085 6121
f 6084 6121 6120
f 6085 6086 6122
f 6085 6122 6121
f 6086 6087 6123
f 6086 6123 6122
f 6087 6088 6124
f 6087 6124 6123
f 6088 6089 6125
f 6088 6125 6124
f 6089 6090 6126
f 6089 6126 6125
f 6090 6091 6127
f 6090 6127 6126
f 6091 6092 6128
f 6091 6128 6127
f 6092 6093 6129
f 6092 6129 6128
f 6093 6094 6130
f 6093 6130 6129
f 6094 6095 6131
f 6094 6131 6130
f 6095 6096 6132
f 6095 6132 6131
f 6096 6097 6133
f 6096 6133 6132
f 6097 6098 6134
f 6097 6134 6133
f 6098 6099 6135
f 6098 6135 6134
f 6099 6100 6136
f 6099 6136 6135
f 6100 6101 6137
f 6100 6137 6136
f 6101 6102 6138
f 6101 6138 6137
f 6102 6103 6139
f 6102 6139 6138
f 6103 6104 6140
f 6103 6140 6139
f 6104 6105 6141
f 6104 6141 6140
f 6105 6106 6142
f 6105 6142 6141
f 6106 6107 6143
f 6106 6143 6142
f 6107 6108 6144
f 6107 6144 6143
f 6108 6109 6145
f 6108 6145 6144
f 6109 6110 6146
f 6109 6146 6145
f 6110 6111 6147
f 6110 6147 6146
f 6111 6112 6148
f 6111 6148 6147
f 6112 6077 6113
f 6112 6113 6148
f 6149 6150 6181
f 6149 6181 6180
f 6150 6151 6182
f 6150 6182 6181
f 6151 6152 6183
f 6151 6183 6182
f 6152 6153 6184
f 6152 6184 6183
f 6153 6154 6185
f 6153 6185 6184
f 6154 6155 6186
f 6154 6186 6185
f 6155 6156 6187
f 6155 6187 6186
f 6156 6157 6188
f 6156 6188 6187
f 6157 6158 6189
f 6157 6189 6188
f 6158 6159 6190
f 6158 6190 6189
f 6159 6160 6191
f 6159 6191 6190
f 6160 6161 6192
f 6160 6192 6191
f 6161 6162 6193
f 6161 6193 6192
f 6162 6163 6194
f 6162 6194 6193
f 6163 6164 6195
f 6163 6195 6194
f 6164 6165 6196
f 6164 6196 6195
f 6165 6166 6197
f 6165 6197 6196
f 6166 6167 6198
f 6166 6198 6197
f 6167 6168 6199
f 6167 6199 6198
f 6168 6169 6200
f 6168 6200 6199
f 6169 6170 6201
f 6169 6201 6200
f 6170 6171 6202
f 6170 6202 6201
f 6171 6172 6203
f 6171 6203 6202
f 6172 6173 6204
f 6172 6204 6203
f 6173 6174 6205
f 6173 6205 6204
f 6174 6175 6206
f 6174 6206 6205
f 6175 6176 6207
f 6175 6207 6206
f 6176 6177 6208
f 6176 6208 6207
f 6177 6178 6209
f 6177 6209 6208
f 6178 6179 6210
f 6178 6210 6209
f 6179 6149 6180
f 6179 6180 6210
f 6211 6212 6251
f 6211 6251 6250
f 6212 6213 6252
f 6212 6252 6251
f 6213 6214 6253
f 6213 6253 6252
f 6214 6215 6254
f 6214 6254 6253
f 6215 6216 6255
f 6215 6255 6254
f 6216 6217 6256
f 6216 6256 6255
f 6217 6218 6257
f 6217 6257 6256
f 6218 6219 6258
f 6218 6258 6257
f 6219 6220 6259
f 6219 6259 6258
f 6220 6221 6260
f 6220 6260 6259
f 6221 6222 6261
f 6221 6261 6260
f 6222 6223 6262
f 6222 6262 6261
f 6223 6224 6263
f 6223 6263 6262
f 6224 6225 6264
f 6224 6264 6263
f 6225 6226 6265
f 6225 6265 6264
f 6226 6227 6266
f 6226 6266 6265
f 6227 6228 6267
f 6227 6267 6266
f 6228 6229 6268
f 6228 6268 6267
f 6229 6230 6269
f 6229 6269 6268
f 6230 6231 6270
f 6230 6270 6269
f 6231 6232 6271
f 6231 6271 6270
f 6232 6233 6272
f 6232 6272 6271
f 6233 6234 6273
f 6233 6273 6272
f 6234 6235 6274
f 6234 6274 6273
f 6235 6236 6275
f 6235 6275 6274
f 6236 6237 6276
f 6236 6276 6275
f 6237 6238 6277
f 6237 6277 6276
f 6238 6239 6278
f 6238 6278 6277
f 6239 6240 6279
f 6239 6279 6278
f 6240 6241 6280
f 6240 6280 6279
f 6241 6242 6281
f 6241 6281 6280
f 6242 6243 6282
f 6242 6282 6281
f 6243 6244 6283
f 6243 6283 6282
f 6244 6245 6284
f 6244 6284 6283
f 6245 6246 6285
f 6245 6285 6284
f 6246 6247 6286
f 6246 6286 6285
f 6247 6248 6287
f 6247 6287 6286
f 6248 6249 6288
f 6248 6288 6287
f 6249 6211 6250
f 6249 6250 6288
f 6289 6290 6343
f 6289 6343 6342
f 6290 6291 6344
f 6290 6344 6343
f 6291 6292 6345
f 6291 6345 6344
f 6292 6293 6346
f 6292 6346 6345
f 6293 6294 6347
f 6293 6347 6346
f 6294 6295 6348
f 6294 6348 6347
f 6295 6296 6349
f 6295 6349 6348
f 6296 6297 6350
f 6296 6350 6349
f 6297 6298 6351
f 6297 6351 6350
f 6298 6299 6352
f 6298 6352 6351
f 6299 6300 6353
f 6299 6353 6352
f 6300 6301 6354
f 6300 6354 6353
f 6301 6302 6355
f 6301 6355 6354
f 6302 6303 6356
f 6302 6356 6355
f 6303 6304 6357
f 6303 6357 6356
f 6304 6305 6358
f 6304 6358 6357
f 6305 6306 6359
f 6305 6359 6358
f 6306 6307 6360
f 6306 6360 6359
f 6307 6308 6361
f 6307 6361 6360
f 6308 6309 6362
f 6308 6362 6361
f 6309 6310 6363
f 6309 6363 6362
f 6310 6311 6364
f 6310 6364 6363
f 6311 6312 6365
f 6311 6365 6364
f 6312 6313 6366
f 6312 6366 6365
f 6313 6314 6367
f 6313 6367 6366
f 6314 6315 6368
f 6314 6368 6367
f 6315 6316 6369
f 6315 6369 6368
f 6316 6317 6370
f 6316 6370 6369
f 6317 6318 6371
f 6317 6371 6370
f 6318 6319 6372
f 6318 6372 6371
f 6319 6320 6373
f 6319 6373 6372
f 6320 6321 6374
f 6320 6374 6373
f 6321 6322 6375
f 6321 6375 6374
f 6322 6323 6376
f 6322 6376 6375
f 6323 6324 6377
f 6323 6377 6376
f 6324 6325 6378
f 6324 6378 6377
f 6325 6326 6379
f 6325 6379 6378
f 6326 6327 6380
f 6326 6380 6379
f 6327 6328 6381
f 6327 6381 6380
f 6328 6329 6382
f 6328 6382 6381
f 6329 6330 6383
f 6329 6383 6382
f 6330 6331 6384
f 6330 6384 6383
f 6331 6332 6385
f 6331 6385 6384
f 6332 6333 6386
f 6332 6386 6385
f 6333 6334 6387
f 6333 6387 6386
f 6334 6335 6388
f 6334 6388 6387
f 6335 6336 6389
f 6335 6389 6388
f 6336 6337 6390
f 6336 6390 6389
f 6337 6338 6391
f 6337 6391 6390
f 6338 6339 6392
f 6338 6392 6391
f 6339 6340 6393
f 6339 6393 6392
f 6340 6341 6394
f 6340 6394 6393
f 6341 6289 6342
f 6341 6342 6394
f 6395 6396 6442
f 6395 6442 6441
f 6396 6397 6443
f 6396 6443 6442
f 6397 6398 6444
f 6397 6444 6443
f 6398 6399 6445
f 6398 6445 6444
f 6399 6400 6446
f 6399 6446 6445
f 6400 6401 6447
f 6400 6447 6446
f 6401 6402 6448
f 6401 6448 6447
f 6402 6403 6449
f 6402 6449 6448
f 6403 6404 6450
f 6403 6450 6449
f 6404 6405 6451
f 6404 6451 6450
f 6405 6406 6452
f 6405 6452 6451
f 6406 6407 6453
f 6406 6453 6452
f 6407 6408 6454
f 6407 6454 6453
f 6408 6409 6455
f 6408 6455 6454
f 6409 6410 6456
f 6409 6456 6455
f 6410 6411 6457
f 6410 6457 6456
f 6411 6412 6458
f 6411 6458 6457
f 6412 6413 6459
f 6412 6459 6458
f 6413 6414 6460
f 6413 6460 6459
f 6414 6415 6461
f 6414 6461 6460
f 6415 6416 6462
f 6415 6462 6461
f 6416 6417 6463
f 6416 6463 6462
f 6417 6418 6464
f 6417 6464 6463
f 6418 6419 6465
f 6418 6465 6464
f 6419 6420 6466
f 6419 6466 6465
f 6420 6421 6467
f 6420 6467 6466
f 6421 6422 6468
f 6421 6468 6467
f 6422 6423 6469
f 6422 6469 6468
f 6423 6424 6470
f 6423 6470 6469
f 6424 6425 6471
f 6424 6471 6470
f 6425 6426 6472
f 6425 6472 6471
f 6426 6427 6473
f 6426 6473 6472
f 6427 6428 6474
f 6427 6474 6473
f 6428 6429 6475
f 6428 6475 6474
f 6429 6430 6476
f 6429 6476 6475
f 6430 6431 6477
f 6430 6477 6476
f 6431 6432 6478
f 6431 6478 6477
f 6432 6433 6479
f 6432 6479 6478
f 6433 6434 6480
f 6433 6480 6479
f 6434 6435 6481
f 6434 6481 6480
f 6435 6436 6482
f 6435 6482 6481
f 6436 6437 6483
f 6436 6483 6482
f 6437 6438 6484
f 6437 6484 6483
f 6438 6439 6485
f 6438 6485 6484
f 6439 6440 6486
f 6439 6486 6485
f 6440 6395 6441
f 6440 6441 6486
f 6487 6488 6516
f 6487 6516 6515
f 6488 6489 6517
f 6488 6517 6516
f 6489 6490 6518
f 6489 6518 6517
f 6490 6491 6519
f 6490 6519 6518
f 6491 6492 6520
f 6491 6520 6519
f 6492 6493 6521
f 6492 6521 6520
f 6493 6494 6522
f 6493 6522 6521
f 6494 6495 6523
f 6494 6523 6522
f 6495 6496 6524
f 6495 6524 6523
f 6496 6497 6525
f 6496 6525 6524
f 6497 6498 6526
f 6497 6526 6525
f 6498 6499 6527
f 6498 6527 6526
f 6499 6500 6528
f 6499 6528 6527
f 6500 6501 6529
f 6500 6529 6528
f 6501 6502 6530
f 6501 6530 6529
f 6502 6503 6531
f 6502 6531 6530
f 6503 6504 6532
f 6503 6532 6531
f 6504 6505 6533
f 6504 6533 6532
f 6505 6506 6534
f 6505 6534 6533
f 6506 6507 6535
f 6506 6535 6534
f 6507 6508 6536
f 6507 6536 6535
f 6508 6509 6537
f 6508 6537 6536
f 6509 6510 6538
f 6509 6538 6537
f 6510 6511 6539
f 6510 6539 6538
f 6511 6512 6540
f 6511 6540 6539
f 6512 6513 6541
f 6512 6541 6540
f 6513 6514 6542
f 6513 6542 6541
f 6514 6487 6515
f 6514 6515 6542
f 6543 6544 6576
f 6543 6576 6575
f 6544 6545 6577
f 6544 6577 6576
f 6545 6546 6578
f 6545 6578 6577
f 6546 6547 6579
f 6546 6579 6578
f 6547 6548 6580
f 6547 6580 6579
f 6548 6549 6581
f 6548 6581 6580
f 6549 6550 6582
f 6549 6582 6581
f 6550 6551 6583
f 6550 6583 6582
f 6551 6552 6584
f 6551 6584 6583
f 6552 6553 6585
f 6552 6585 6584
f 6553 6554 6586
f 6553 6586 6585
f 6554 6555 6587
f 6554 6587 6586
f 6555 6556 6588
f 6555 6588 6587
f 6556 6557 6589
f 6556 6589 6588
f 6557 6558 6590
f 6557 6590 6589
f 6558 6559 6591
f 6558 6591 6590
f 6559 6560 6592
f 6559 6592 6591
f 6560 6561 6593
f 6560 6593 6592
f 6561 6562 6594
f 6561 6594 6593
f 6562 6563 6595
f 6562 6595 6594
f 6563 6564 6596
f 6563 6596 6595
f 6564 6565 6597
f 6564 6597 6596
f 6565 6566 6598
f 6565 6598 6597
f 6566 6567 6599
f 6566 6599 6598
f 6567 6568 6600
f 6567 6600 6599
f 6568 6569 6601
f 6568 6601 6600
f 6569 6570 6602
f 6569 6602 6601
f 6570 6571 6603
f 6570 6603 6602
f 6571 6572 6604
f 6571 6604 6603
f 6572 6573 6605
f 6572 6605 6604
f 6573 6574 6606
f 6573 6606 6605
f 6574 6543 6575
f 6574 6575 6606
f 6607 6608 6683
f 6607 6683 6682
f 6608 6609 6684
f 6608 6684 6683
f 6609 6610 6685
f 6609 6685 6684
f 6610 6611 6686
f 6610 6686 6685
f 6611 6612 6687
f 6611 6687 6686
f 6612 6613 6688
f 6612 6688 6687
f 6613 6614 6689
f 6613 6689 6688
f 6614 6615 6690
f 6614 6690 6689
f 6615 6616 6691
f 6615 6691 6690
f 6616 6617 6692
f 6616 6692 6691
f 6617 6618 6693
f 6617 6693 6692
f 6618 6619 6694
f 6618 6694 6693
f 6619 6620 6695
f 6619 6695 6694
f 6620 6621 6696
f 6620 6696 6695
f 6621 6622 6697
f 6621 6697 6696
f 6622 6623 6698
f 6622 6698 6697
f 6623 6624 6699
f 6623 6699 6698
f 6624 6625 6700
f 6624 6700 6699
f 6625 6626 6701
f 6625 6701 6700
f 6626 6627 6702
f 6626 6702 6701
f 6627 6628 6703
f 6627 6703 6702
f 6628 6629 6704
f 6628 6704 6703
f 6629 6630 6705
f 6629 6705 6704
f 6630 6631 6706
f 6630 6706 6705
f 6631 6632 6707
f 6631 6707 6706
f 6632 6633 6708
f 6632 6708 6707
f 6633 6634 6709
f 6633 6709 6708
f 6634 6635 6710
f 6634 6710 6709
f 6635 6636 6711
f 6635 6711 6710
f 6636 6637 6712
f 6636 6712 6711
f 6637 6638 6713
f 6637 6713 6712
f 6638 6639 6714
f 6638 6714 6713
f 6639 6640 6715
f 6639 6715 6714
f 6640 6641 6716
f 6640 6716 6715
f 6641 6642 6717
f 6641 6717 6716
f 6642 6643 6718
f 6642 6718 6717
f 6643 6644 6719
f 6643 6719 6718
f 6644 6645 6720
f 6644 6720 6719
f 6645 6646 6721
f 6645 6721 6720
f 6646 6647 6722
f 6646 6722 6721
f 6647 6648 6723
f 6647 6723 6722
f 6648 6649 6724
f 6648 6724 6723
f 6649 6650 6725
f 6649 6725 6724
f 6650 6651 6726
f 6650 6726 6725
f 6651 6652 6727
f 6651 6727 6726
f 6652 6653 6728
f 6652 6728 6727
f 6653 6654 6729
f 6653 6729 6728
f 6654 6655 6730
f 6654 6730 6729
f 6655 6656 6731
f 6655 6731 6730
f 6656 6657 6732
f 6656 6732 6731
f 6657 6658 6733
f 6657 6733 6732
f 6658 6659 6734
f 6658 6734 6733
f 6659 6660 6735
f 6659 6735 6734
f 6660 6661 6736
f 6660 6736 6735
f 6661 6662 6737
f 6661 6737 6736
f 6662 6663 6738
f 6662 6738 6737
f 6663 6664 6739
f 6663 6739 6738
f 6664 6665 6740
f 6664 6740 6739
f 6665 6666 6741
f 6665 6741 6740
f 6666 6667 6742
f 6666 6742 6741
f 6667 6668 6743
f 6667 6743 6742
f 6668 6669 6744
f 6668 6744 6743
f 6669 6670 6745
f 6669 6745 6744
f 6670 6671 6746
f 6670 6746 6745
f 6671 6672 6747
f 6671 6747 6746
f 6672 6673 6748
f 6672 6748 6747
f 6673 6674 6749
f 6673 6749 6748
f 6674 6675 6750
f 6674 6750 6749
f 6675 6676 6751
f 6675 6751 6750
f 6676 6677 6752
f 6676 6752 6751
f 6677 6678 6753
f 6677 6753 6752
f 6678 6679 6754
f 6678 6754 6753
f 6679 6680 6755
f 6679 6755 6754
f 6680 6681 6756
f 6680 6756 6755
f 6681 6607 6682
f 6681 6682 6756
f 6757 6758 6775
f 6757 6775 6774
f 6758 6759 6776
f 6758 6776 6775
f 6759 6760 6777
f 6759 6777 6776
f 6760 6761 6778
f 6760 6778 6777
f 6761 6762 6779
f 6761 6779 6778
f 6762 6763 6780
f 6762 6780 6779
f 6763 6764 6781
f 6763 6781 6780
f 6764 6765 6782
f 6764 6782 6781
f 6765 6766 6783
f 6765 6783 6782
f 6766 6767 6784
f 6766 6784 6783
f 6767 6768 6785
f 6767 6785 6784
f 6768 6769 6786
f 6768 6786 6785
f 6769 6770 6787
f 6769 6787 6786
f 6770 6771 6788
f 6770 6788 6787
f 6771 6772 6789
f 6771 6789 6788
f 6772 6773 6790
f 6772 6790 6789
f 6773 6757 6774
f 6773 6774 6790
f 6791 6792 6833
f 6791 6833 6832
f 6792 6793 6834
f 6792 6834 6833
f 6793 6794 6835
f 6793 6835 6834
f 6794 6795 6836
f 6794 6836 6835
f 6795 6796 6837
f 6795 6837 6836
f 6796 6797 6838
f 6796 6838 6837
f 6797 6798 6839
f 6797 6839 6838
f 6798 6799 6840
f 6798 6840 6839
f 6799 6800 6841
f 6799 6841 6840
f 6800 6801 6842
f 6800 6842 6841
f 6801 6802 6843
f 6801 6843 6842
f 6802 6803 6844
f 6802 6844 6843
f 6803 6804 6845
f 6803 6845 6844
f 6804 6805 6846
f 6804 6846 6845
f 6805 6806 6847
f 6805 6847 6846
f 6806 6807 6848
f 6806 6848 6847
f 6807 6808 6849
f 6807 6849 6848
f 6808 6809 6850
f 6808 6850 6849
f 6809 6810 6851
f 6809 6851 6850
f 6810 6811 6852
f 6810 6852 6851
f 6811 6812 6853
f 6811 6853 6852
f 6812 6813 6854
f 6812 6854 6853
f 6813 6814 6855
f 6813 6855 6854
f 6814 6815 6856
f 6814 6856 6855
f 6815 6816 6857
f 6815 6857 6856
f 6816 6817 6858
f 6816 6858 6857
f 6817 6818 6859
f 6817 6859 6858
f 6818 6819 6860
f 6818 6860 6859
f 6819 6820 6861
f 6819 6861 6860
f 6820 6821 6862
f 6820 6862 6861
f 6821 6822 6863
f 6821 6863 6862
f 6822 6823 6864
f 6822 6864 6863
f 6823 6824 6865
f 6823 6865 6864
f 6824 6825 6866
f 6824 6866 6865
f 6825 6826 6867
f 6825 6867 6866
f 6826 6827 6868
f 6826 6868 6867
f 6827 6828 6869
f 6827 6869 6868
f 6828 6829 6870
f 6828 6870 6869
f 6829 6830 6871
f 6829 6871 6870
f 6830 6831 6872
f 6830 6872 6871
f 6831 6791 6832
f 6831 6832 6872
f 6873 6874 6896
f 6873 6896 6895
f 6874 6875 6897
f 6874 6897 6896
f 6875 6876 6898
f 6875 6898 6897
f 6876 6877 6899
f 6876 6899 6898
f 6877 6878 6900
f 6877 6900 6899
f 6878 6879 6901
f 6878 6901 6900
f 6879 6880 6902
f 6879 6902 6901
f 6880 6881 6903
f 6880 6903 6902
f 6881 6882 6904
f 6881 6904 6903
f 6882 6883 6905
f 6882 6905 6904
f 6883 6884 6906
f 6883 6906 6905
f 6884 6885 6907
f 6884 6907 6906
f 6885 6886 6908
f 6885 6908 6907
f 6886 6887 6909
f 6886 6909 6908
f 6887 6888 6910
f 6887 6910 6909
f 6888 6889 6911
f 6888 6911 6910
f 6889 6890 6912
f 6889 6912 6911
f 6890 6891 6913
f 6890 6913 6912
f 6891 6892 6914
f 6891 6914 6913
f 6892 6893 6915
f 6892 6915 6914
f 6893 6894 6916
f 6893 6916 6915
f 6894 6873 6895
f 6894 6895 6916
f 6917 6918 6939
f 6917 6939 6938
f 6918 6919 6940
f 6918 6940 6939
f 6919 6920 6941
f 6919 6941 6940
f 6920 6921 6942
f 6920 6942 6941
f 6921 6922 6943
f 6921 6943 6942
f 6922 6923 6944
f 6922 6944 6943
f 6923 6924 6945
f 6923 6945 6944
f 6924 6925 6946
f 6924 6946 6945
f 6925 6926 6947
f 6925 6947 6946
f 6926 6927 6948
f 6926 6948 6947
f 6927 6928 6949
f 6927 6949 6948
f 6928 6929 6950
f 6928 6950 6949
f 6929 6930 6951
f 6929 6951 6950
f 6930 6931 6952
f 6930 6952 6951
f 6931 6932 6953
f 6931 6953 6952
f 6932 6933 6954
f 6932 6954 6953
f 6933 6934 6955
f 6933 6955 6954
f 6934 6935 6956
f 6934 6956 6955
f 6935 6936 6957
f 6935 6957 6956
f 6936 6937 6958
f 6936 6958 6957
f 6937 6917 6938
f 6937 6938 6958
f 6959 6960 6989
f 6959 6989 6988
f 6960 6961 6990
f 6960 6990 6989
f 6961 6962 6991
f 6961 6991 6990
f 6962 6963 6992
f 6962 6992 6991
f 6963 6964 6993
f 6963 6993 6992
f 6964 6965 6994
f 6964 6994 6993
f 6965 6966 6995
f 6965 6995 6994
f 6966 6967 6996
f 6966 6996 6995
f 6967 6968 6997
f 6967 6997 6996
f 6968 6969 6998
f 6968 6998 6997
f 6969 6970 6999
f 6969 6999 6998
f 6970 6971 7000
f 6970 7000 6999
f 6971 6972 7001
f 6971 7001 7000
f 6972 6973 7002
f 6972 7002 7001
f 6973 6974 7003
f 6973 7003 7002
f 6974 6975 7004
f 6974 7004 7003
f 6975 6976 7005
f 6975 7005 7004
f 6976 6977 7006
f 6976 7006 7005
f 6977 6978 7007
f 6977 7007 7006
f 6978 6979 7008
f 6978 7008 7007
f 6979 6980 7009
f 6979 7009 7008
f 6980 6981 7010
f 6980 7010 7009
f 6981 6982 7011
f 6981 7011 7010
f 6982 6983 7012
f 6982 7012 7011
f 6983 6984 7013
f 6983 7013 7012
f 6984 6985 7014
f 6984 7014 7013
f 6985 6986 7015
f 6985 7015 7014
f 6986 6987 7016
f 6986 7016 7015
f 6987 6959 6988
f 6987 6988 7016
f 7017 7018 7022
f 7017 7022 7021
f 7018 7019 7023
f 7018 7023 7022
f 7019 7020 7024
f 7019 7024 7023
f 7020 7017 7021
f 7020 7021 7024
f 6111 6077 6112
f 6111 6078 6077
f 6111 6079 6078
f 6111 6080 6079
f 6111 6081 6080
f 6111 6082 6081
f 6111 6083 6082
f 6111 6084 6083
f 6111 6085 6084
f 6111 6086 6085
f 6111 6087 6086
f 6111 6088 6087
f 6111 6089 6088
f 6111 6090 6089
f 6111 6091 6090
f 6111 6092 6091
f 6111 6093 6092
f 6111 6094 6093
f 6111 6095 6094
f 6111 6096 6095
f 6110 6096 6111
f 6109 6096 6110
f 6108 6096 6109
f 6107 6096 6108
f 6107 6097 6096
f 6106 6097 6107
f 6106 6098 6097
f 6105 6098 6106
f 6105 6099 6098
f 6105 6100 6099
f 6105 6101 6100
f 6104 6101 6105
f 6103 6101 6104
f 6103 6102 6101
f 6178 6149 6179
f 6177 6149 6178
f 6157 6159 6158
f 6156 6159 6157
f 6176 6149 6177
f 6154 6156 6155
f 6154 6159 6156
f 6154 6160 6159
f 6154 6161 6160
f 6153 6161 6154
f 6153 6162 6161
f 6152 6162 6153
f 6152 6163 6162
f 6152 6164 6163
f 6151 6164 6152
f 6151 6165 6164
f 6151 6166 6165
f 6150 6166 6151
f 6150 6167 6166
f 6150 6168 6167
f 6150 6169 6168
f 6149 6169 6150
f 6149 6170 6169
f 6176 6170 6149
f 6175 6170 6176
f 6175 6171 6170
f 6174 6171 6175
f 6174 6172 6171
f 6173 6172 6174
f 6231 6233 6232
f 6230 6233 6231
f 6229 6233 6230
f 6228 6233 6229
f 6227 6233 6228
f 6227 6234 6233
f 6226 6234 6227
f 6225 6234 6226
f 6224 6234 6225
f 6223 6234 6224
f 6222 6234 6223
f 6221 6234 6222
f 6220 6234 6221
f 6219 6234 6220
f 6218 6234 6219
f 6217 6234 6218
f 6216 6234 6217
f 6215 6234 6216
f 6215 6235 6234
f 6214 6235 6215
f 6214 6236 6235
f 6214 6237 6236
f 6213 6237 6214
f 6213 6238 6237
f 6213 6239 6238
f 6213 6240 6239
f 6213 6241 6240
f 6213 6242 6241
f 6213 6243 6242
f 6213 6244 6243
f 6212 6244 6213
f 6212 6245 6244
f 6212 6246 6245
f 6211 6246 6212
f 6211 6247 6246
f 6249 6247 6211
f 6249 6248 6247
f 6340 6289 6341
f 6318 6320 6319
f 6317 6320 6318
f 6296 6298 6297
f 6295 6298 6296
f 6340 6290 6289
f 6295 6299 6298
f 6295 6300 6299
f 6295 6301 6300
f 6295 6302 6301
f 6295 6303 6302
f 6295 6304 6303
f 6316 6320 6317
f 6295 6305 6304
f 6295 6306 6305
f 6295 6307 6306
f 6295 6308 6307
f 6339 6290 6340
f 6339 6291 6290
f 6339 6292 6291
f 6338 6292 6339
f 6338 6293 6292
f 6337 6293 6338
f 6337 6294 6293
f 6337 6295 6294
f 6337 6308 6295
f 6336 6308 6337
f 6335 6308 6336
f 6334 6308 6335
f 6333 6308 6334
f 6332 6308 6333
f 6331 6308 6332
f 6330 6308 6331
f 6329 6308 6330
f 6328 6308 6329
f 6327 6308 6328
f 6326 6308 6327
f 6325 6308 6326
f 6324 6308 6325
f 6324 6309 6308
f 6323 6309 6324
f 6323 6310 6309
f 6322 6310 6323
f 6322 6311 6310
f 6321 6311 6322
f 6321 6312 6311
f 6321 6313 6312
f 6321 6314 6313
f 6320 6314 6321
f 6320 6315 6314
f 6316 6315 6320
f 6438 6440 6439
f 6437 6440 6438
f 6437 6395 6440
f 6437 6396 6395
f 6437 6397 6396
f 6437 6398 6397
f 6437 6399 6398
f 6436 6399 6437
f 6436 6400 6399
f 6436 6401 6400
f 6436 6402 6401
f 6425 6427 6426
f 6424 6427 6425
f 6423 6427 6424
f 6422 6427 6423
f 6421 6427 6422
f 6420 6427 6421
f 6419 6427 6420
f 6418 6427 6419
f 6418 6428 6427
f 6436 6403 6402
f 6435 6403 6436
f 6435 6404 6403
f 6434 6404 6435
f 6434 6405 6404
f 6433 6405 6434
f 6433 6406 6405
f 6433 6407 6406
f 6432 6407 6433
f 6431 6407 6432
f 6431 6408 6407
f 6431 6409 6408
f 6430 6409 6431
f 6430 6410 6409
f 6429 6410 6430
f 6428 6410 6429
f 6428 6411 6410
f 6428 6412 6411
f 6428 6413 6412
f 6428 6414 6413
f 6428 6415 6414
f 6428 6416 6415
f 6418 6416 6428
f 6418 6417 6416
f 6501 6503 6502
f 6500 6503 6501
f 6500 6504 6503
f 6499 6504 6500
f 6499 6505 6504
f 6498 6505 6499
f 6498 6506 6505
f 6497 6506 6498
f 6497 6507 6506
f 6496 6507 6497
f 6496 6508 6507
f 6512 6514 6513
f 6511 6514 6512
f 6511 6487 6514
f 6511 6488 6487
f 6510 6488 6511
f 6510 6489 6488
f 6510 6490 6489
f 6510 6491 6490
f 6510 6492 6491
f 6510 6493 6492
f 6495 6508 6496
f 6495 6509 6508
f 6495 6510 6509
f 6495 6493 6510
f 6494 6493 6495
f 6557 6559 6558
f 6556 6559 6557
f 6556 6560 6559
f 6556 6561 6560
f 6556 6562 6561
f 6556 6563 6562
f 6556 6564 6563
f 6556 6565 6564
f 6573 6543 6574
f 6572 6543 6573
f 6554 6556 6555
f 6554 6565 6556
f 6553 6565 6554
f 6553 6566 6565
f 6552 6566 6553
f 6552 6567 6566
f 6551 6567 6552
f 6551 6568 6567
f 6550 6568 6551
f 6550 6569 6568
f 6549 6569 6550
f 6549 6570 6569
f 6548 6570 6549
f 6548 6571 6570
f 6547 6571 6548
f 6547 6572 6571
f 6545 6547 6546
f 6543 6545 6544
f 6572 6545 6543
f 6547 6545 6572
f 6635 6637 6636
f 6634 6637 6635
f 6633 6637 6634
f 6632 6637 6633
f 6631 6637 6632
f 6630 6637 6631
f 6629 6637 6630
f 6680 6607 6681
f 6666 6668 6667
f 6628 6637 6629
f 6627 6637 6628
f 6626 6637 6627
f 6625 6637 6626
f 6624 6637 6625
f 6623 6637 6624
f 6623 6638 6637
f 6622 6638 6623
f 6621 6638 6622
f 6620 6638 6621
f 6620 6639 6638
f 6620 6640 6639
f 6620 6641 6640
f 6620 6642 6641
f 6620 6643 6642
f 6620 6644 6643
f 6620 6645 6644
f 6620 6646 6645
f 6620 6647 6646
f 6620 6648 6647
f 6619 6648 6620
f 6618 6648 6619
f 6617 6648 6618
f 6616 6648 6617
f 6615 6648 6616
f 6614 6648 6615
f 6613 6648 6614
f 6612 6648 6613
f 6612 6649 6648
f 6612 6650 6649
f 6611 6650 6612
f 6611 6651 6650
f 6610 6651 6611
f 6610 6652 6651
f 6609 6652 6610
f 6608 6652 6609
f 6608 6653 6652
f 6608 6654 6653
f 6608 6655 6654
f 6608 6656 6655
f 6608 6657 6656
f 6608 6658 6657
f 6608 6659 6658
f 6607 6659 6608
f 6607 6660 6659
f 6680 6660 6607
f 6679 6660 6680
f 6679 6661 6660
f 6678 6661 6679
f 6678 6662 6661
f 6677 6662 6678
f 6677 6663 6662
f 6676 6663 6677
f 6676 6664 6663
f 6676 6665 6664
f 6675 6665 6676
f 6675 6666 6665
f 6675 6668 6666
f 6675 6669 6668
f 6675 6670 6669
f 6674 6670 6675
f 6674 6671 6670
f 6674 6672 6671
f 6674 6673 6672
f 6757 6759 6758
f 6773 6759 6757
f 6773 6760 6759
f 6773 6761 6760
f 6773 6762 6761
f 6773 6763 6762
f 6773 6764 6763
f 6772 6764 6773
f 6771 6764 6772
f 6770 6764 6771
f 6769 6764 6770
f 6768 6764 6769
f 6767 6764 6768
f 6767 6765 6764
f 6767 6766 6765
f 6831 6792 6791
f 6830 6792 6831
f 6830 6793 6792
f 6830 6794 6793
f 6830 6795 6794
f 6829 6795 6830
f 6829 6796 6795
f 6829 6797 6796
f 6829 6798 6797
f 6829 6799 6798
f 6828 6799 6829
f 6827 6799 6828
f 6815 6817 6816
f 6814 6817 6815
f 6813 6817 6814
f 6812 6817 6813
f 6811 6817 6812
f 6810 6817 6811
f 6809 6817 6810
f 6808 6817 6809
f 6826 6799 6827
f 6826 6800 6799
f 6825 6800 6826
f 6824 6800 6825
f 6823 6800 6824
f 6822 6800 6823
f 6822 6801 6800
f 6821 6801 6822
f 6821 6802 6801
f 6821 6803 6802
f 6820 6803 6821
f 6820 6804 6803
f 6819 6804 6820
f 6819 6805 6804
f 6818 6805 6819
f 6818 6806 6805
f 6818 6807 6806
f 6817 6807 6818
f 6808 6807 6817
f 6964 6873 6965
f 6963 6873 6964
f 6962 6873 6963
f 6894 6965 6873
f 6961 6873 6962
f 6960 6873 6961
f 6959 6873 6960
f 6987 6873 6959
f 6893 6965 6894
f 6987 6874 6873
f 6892 6965 6893
f 6892 6966 6965
f 6891 6966 6892
f 6890 6966 6891
f 6889 6966 6890
f 6987 6875 6874
f 6986 6875 6987
f 6985 6875 6986
f 6985 6876 6875
f 6984 6876 6985
f 6983 6876 6984
f 6983 6877 6876
f 6982 6877 6983
f 6982 6878 6877
f 6981 6878 6982
f 6980 6878 6981
f 6980 6879 6878
f 6889 6967 6966
f 6888 6967 6889
f 6888 6968 6967
f 6887 6968 6888
f 6887 6969 6968
f 6887 6970 6969
f 6886 6970 6887
f 6885 6970 6886
f 6885 6971 6970
f 6884 6971 6885
f 6883 6971 6884
f 6883 6972 6971
f 6882 6972 6883
f 6882 6973 6972
f 6881 6973 6882
f 6881 6974 6973
f 6881 6975 6974
f 6880 6975 6881
f 6879 6975 6880
f 6879 6976 6975
f 6879 6977 6976
f 6980 6977 6879
f 6980 6978 6977
f 6979 6978 6980
f 6925 6927 6926
f 6924 6927 6925
f 6924 6928 6927
f 6924 6929 6928
f 6924 6930 6929
f 6924 6931 6930
f 6924 6932 6931
f 6924 6933 6932
f 6923 6933 6924
f 6922 6933 6923
f 6921 6933 6922
f 6921 6934 6933
f 6920 6934 6921
f 6919 6934 6920
f 6918 6934 6919
f 6917 6934 6918
f 6935 6937 6936
f 6934 6937 6935
f 6917 6937 6934
f 7019 7017 7020
f 7019 7018 7017
f 6147 6148 6113
f 6147 6113 6114
f 6147 6114 6115
f 6147 6115 6116
f 6147 6116 6117
f 6147 6117 6118
f 6147 6118 6119
f 6147 6119 6120
f 6147 6120 6121
f 6147 6121 6122
f 6147 6122 6123
f 6147 6123 6124
f 6147 6124 6125
f 6147 6125 6126
f 6147 6126 6127
f 6147 6127 6128
f 6147 6128 6129
f 6147 6129 6130
f 6147 6130 6131
f 6147 6131 6132
f 6146 6147 6132
f 6145 6146 6132
f 6144 6145 6132
f 6143 6144 6132
f 6143 6132 6133
f 6142 6143 6133
f 6142 6133 6134
f 6141 6142 6134
f 6141 6134 6135
f 6141 6135 6136
f 6141 6136 6137
f 6140 6141 6137
f 6139 6140 6137
f 6139 6137 6138
f 6209 6210 6180
f 6208 6209 6180
f 6188 6189 6190
f 6187 6188 6190
f 6207 6208 6180
f 6185 6186 6187
f 6185 6187 6190
f 6185 6190 6191
f 6185 6191 6192
f 6184 6185 6192
f 6184 6192 6193
f 6183 6184 6193
f 6183 6193 6194
f 6183 6194 6195
f 6182 6183 6195
f 6182 6195 6196
f 6182 6196 6197
f 6181 6182 6197
f 6181 6197 6198
f 6181 6198 6199
f 6181 6199 6200
f 6180 6181 6200
f 6180 6200 6201
f 6207 6180 6201
f 6206 6207 6201
f 6206 6201 6202
f 6205 6206 6202
f 6205 6202 6203
f 6204 6205 6203
f 6270 6271 6272
f 6269 6270 6272
f 6268 6269 6272
f 6267 6268 6272
f 6266 6267 6272
f 6266 6272 6273
f 6265 6266 6273
f 6264 6265 6273
f 6263 6264 6273
f 6262 6263 6273
f 6261 6262 6273
f 6260 6261 6273
f 6259 6260 6273
f 6258 6259 6273
f 6257 6258 6273
f 6256 6257 6273
f 6255 6256 6273
f 6254 6255 6273
f 6254 6273 6274
f 6253 6254 6274
f 6253 6274 6275
f 6253 6275 6276
f 6252 6253 6276
f 6252 6276 6277
f 6252 6277 6278
f 6252 6278 6279
f 6252 6279 6280
f 6252 6280 6281
f 6252 6281 6282
f 6252 6282 6283
f 6251 6252 6283
f 6251 6283 6284
f 6251 6284 6285
f 6250 6251 6285
f 6250 6285 6286
f 6288 6250 6286
f 6288 6286 6287
f 6393 6394 6342
f 6371 6372 6373
f 6370 6371 6373
f 6349 6350 6351
f 6348 6349 6351
f 6393 6342 6343
f 6348 6351 6352
f 6348 6352 6353
f 6348 6353 6354
f 6348 6354 6355
f 6348 6355 6356
f 6348 6356 6357
f 6369 6370 6373
f 6348 6357 6358
f 6348 6358 6359
f 6348 6359 6360
f 6348 6360 6361
f 6392 6393 6343
f 6392 6343 6344
f 6392 6344 6345
f 6391 6392 6345
f 6391 6345 6346
f 6390 6391 6346
f 6390 6346 6347
f 6390 6347 6348
f 6390 6348 6361
f 6389 6390 6361
f 6388 6389 6361
f 6387 6388 6361
f 6386 6387 6361
f 6385 6386 6361
f 6384 6385 6361
f 6383 6384 6361
f 6382 6383 6361
f 6381 6382 6361
f 6380 6381 6361
f 6379 6380 6361
f 6378 6379 6361
f 6377 6378 6361
f 6377 6361 6362
f 6376 6377 6362
f 6376 6362 6363
f 6375 6376 6363
f 6375 6363 6364
f 6374 6375 6364
f 6374 6364 6365
f 6374 6365 6366
f 6374 6366 6367
f 6373 6374 6367
f 6373 6367 6368
f 6369 6373 6368
f 6484 6485 6486
f 6483 6484 6486
f 6483 6486 6441
f 6483 6441 6442
f 6483 6442 6443
f 6483 6443 6444
f 6483 6444 6445
f 6482 6483 6445
f 6482 6445 6446
f 6482 6446 6447
f 6482 6447 6448
f 6471 6472 6473
f 6470 6471 6473
f 6469 6470 6473
f 6468 6469 6473
f 6467 6468 6473
f 6466 6467 6473
f 6465 6466 6473
f 6464 6465 6473
f 6464 6473 6474
f 6482 6448 6449
f 6481 6482 6449
f 6481 6449 6450
f 6480 6481 6450
f 6480 6450 6451
f 6479 6480 6451
f 6479 6451 6452
f 6479 6452 6453
f 6478 6479 6453
f 6477 6478 6453
f 6477 6453 6454
f 6477 6454 6455
f 6476 6477 6455
f 6476 6455 6456
f 6475 6476 6456
f 6474 6475 6456
f 6474 6456 6457
f 6474 6457 6458
f 6474 6458 6459
f 6474 6459 6460
f 6474 6460 6461
f 6474 6461 6462
f 6464 6474 6462
f 6464 6462 6463
f 6529 6530 6531
f 6528 6529 6531
f 6528 6531 6532
f 6527 6528 6532
f 6527 6532 6533
f 6526 6527 6533
f 6526 6533 6534
f 6525 6526 6534
f 6525 6534 6535
f 6524 6525 6535
f 6524 6535 6536
f 6540 6541 6542
f 6539 6540 6542
f 6539 6542 6515
f 6539 6515 6516
f 6538 6539 6516
f 6538 6516 6517
f 6538 6517 6518
f 6538 6518 6519
f 6538 6519 6520
f 6538 6520 6521
f 6523 6524 6536
f 6523 6536 6537
f 6523 6537 6538
f 6523 6538 6521
f 6522 6523 6521
f 6589 6590 6591
f 6588 6589 6591
f 6588 6591 6592
f 6588 6592 6593
f 6588 6593 6594
f 6588 6594 6595
f 6588 6595 6596
f 6588 6596 6597
f 6605 6606 6575
f 6604 6605 6575
f 6586 6587 6588
f 6586 6588 6597
f 6585 6586 6597
f 6585 6597 6598
f 6584 6585 6598
f 6584 6598 6599
f 6583 6584 6599
f 6583 6599 6600
f 6582 6583 6600
f 6582 6600 6601
f 6581 6582 6601
f 6581 6601 6602
f 6580 6581 6602
f 6580 6602 6603
f 6579 6580 6603
f 6579 6603 6604
f 6577 6578 6579
f 6575 6576 6577
f 6604 6575 6577
f 6579 6604 6577
f 6710 6711 6712
f 6709 6710 6712
f 6708 6709 6712
f 6707 6708 6712
f 6706 6707 6712
f 6705 6706 6712
f 6704 6705 6712
f 6755 6756 6682
f 6741 6742 6743
f 6703 6704 6712
f 6702 6703 6712
f 6701 6702 6712
f 6700 6701 6712
f 6699 6700 6712
f 6698 6699 6712
f 6698 6712 6713
f 6697 6698 6713
f 6696 6697 6713
f 6695 6696 6713
f 6695 6713 6714
f 6695 6714 6715
f 6695 6715 6716
f 6695 6716 6717
f 6695 6717 6718
f 6695 6718 6719
f 6695 6719 6720
f 6695 6720 6721
f 6695 6721 6722
f 6695 6722 6723
f 6694 6695 6723
f 6693 6694 6723
f 6692 6693 6723
f 6691 6692 6723
f 6690 6691 6723
f 6689 6690 6723
f 6688 6689 6723
f 6687 6688 6723
f 6687 6723 6724
f 6687 6724 6725
f 6686 6687 6725
f 6686 6725 6726
f 6685 6686 6726
f 6685 6726 6727
f 6684 6685 6727
f 6683 6684 6727
f 6683 6727 6728
f 6683 6728 6729
f 6683 6729 6730
f 6683 6730 6731
f 6683 6731 6732
f 6683 6732 6733
f 6683 6733 6734
f 6682 6683 6734
f 6682 6734 6735
f 6755 6682 6735
f 6754 6755 6735
f 6754 6735 6736
f 6753 6754 6736
f 6753 6736 6737
f 6752 6753 6737
f 6752 6737 6738
f 6751 6752 6738
f 6751 6738 6739
f 6751 6739 6740
f 6750 6751 6740
f 6750 6740 6741
f 6750 6741 6743
f 6750 6743 6744
f 6750 6744 6745
f 6749 6750 6745
f 6749 6745 6746
f 6749 6746 6747
f 6749 6747 6748
f 6774 6775 6776
f 6790 6774 6776
f 6790 6776 6777
f 6790 6777 6778
f 6790 6778 6779
f 6790 6779 6780
f 6790 6780 6781
f 6789 6790 6781
f 6788 6789 6781
f 6787 6788 6781
f 6786 6787 6781
f 6785 6786 6781
f 6784 6785 6781
f 6784 6781 6782
f 6784 6782 6783
f 6872 6832 6833
f 6871 6872 6833
f 6871 6833 6834
f 6871 6834 6835
f 6871 6835 6836
f 6870 6871 6836
f 6870 6836 6837
f 6870 6837 6838
f 6870 6838 6839
f 6870 6839 6840
f 6869 6870 6840
f 6868 6869 6840
f 6856 6857 6858
f 6855 6856 6858
f 6854 6855 6858
f 6853 6854 6858
f 6852 6853 6858
f 6851 6852 6858
f 6850 6851 6858
f 6849 6850 6858
f 6867 6868 6840
f 6867 6840 6841
f 6866 6867 6841
f 6865 6866 6841
f 6864 6865 6841
f 6863 6864 6841
f 6863 6841 6842
f 6862 6863 6842
f 6862 6842 6843
f 6862 6843 6844
f 6861 6862 6844
f 6861 6844 6845
f 6860 6861 6845
f 6860 6845 6846
f 6859 6860 6846
f 6859 6846 6847
f 6859 6847 6848
f 6858 6859 6848
f 6849 6858 6848
f 6993 6994 6895
f 6992 6993 6895
f 6991 6992 6895
f 6916 6895 6994
f 6990 6991 6895
f 6989 6990 6895
f 6988 6989 6895
f 7016 6988 6895
f 6915 6916 6994
f 7016 6895 6896
f 6914 6915 6994
f 6914 6994 6995
f 6913 6914 6995
f 6912 6913 6995
f 6911 6912 6995
f 7016 6896 6897
f 7015 7016 6897
f 7014 7015 6897
f 7014 6897 6898
f 7013 7014 6898
f 7012 7013 6898
f 7012 6898 6899
f 7011 7012 6899
f 7011 6899 6900
f 7010 7011 6900
f 7009 7010 6900
f 7009 6900 6901
f 6911 6995 6996
f 6910 6911 6996
f 6910 6996 6997
f 6909 6910 6997
f 6909 6997 6998
f 6909 6998 6999
f 6908 6909 6999
f 6907 6908 6999
f 6907 6999 7000
f 6906 6907 7000
f 6905 6906 7000
f 6905 7000 7001
f 6904 6905 7001
f 6904 7001 7002
f 6903 6904 7002
f 6903 7002 7003
f 6903 7003 7004
f 6902 6903 7004
f 6901 6902 7004
f 6901 7004 7005
f 6901 7005 7006
f 7009 6901 7006
f 7009 7006 7007
f 7008 7009 7007
f 6946 6947 6948
f 6945 6946 6948
f 6945 6948 6949
f 6945 6949 6950
f 6945 6950 6951
f 6945 6951 6952
f 6945 6952 6953
f 6945 6953 6954
f 6944 6945 6954
f 6943 6944 6954
f 6942 6943 6954
f 6942 6954 6955
f 6941 6942 6955
f 6940 6941 6955
f 6939 6940 6955
f 6938 6939 6955
f 6956 6957 6958
f 6955 6956 6958
f 6938 6955 6958
f 7023 7024 7021
f 7023 7021 7022
f 7025 7026 7054
f 7025 7054 7053
f 7026 7027 7055
f 7026 7055 7054
f 7027 7028 7056
f 7027 7056 7055
f 7028 7029 7057
f 7028 7057 7056
f 7029 7030 7058
f 7029 7058 7057
f 7030 7031 7059
f 7030 7059 7058
f 7031 7032 7060
f 7031 7060 7059
f 7032 7033 7061
f 7032 7061 7060
f 7033 7034 7062
f 7033 7062 7061
f 7034 7035 7063
f 7034 7063 7062
f 7035 7036 7064
f 7035 7064 7063
f 7036 7037 7065
f 7036 7065 7064
f 7037 7038 7066
f 7037 7066 7065
f 7038 7039 7067
f 7038 7067 7066
f 7039 7040 7068
f 7039 7068 7067
f 7040 7041 7069
f 7040 7069 7068
f 7041 7042 7070
f 7041 7070 7069
f 7042 7043 7071
f 7042 7071 7070
f 7043 7044 7072
f 7043 7072 7071
f 7044 7045 7073
f 7044 7073 7072
f 7045 7046 7074
f 7045 7074 7073
f 7046 7047 7075
f 7046 7075 7074
f 7047 7048 7076
f 7047 7076 7075
f 7048 7049 7077
f 7048 7077 7076
f 7049 7050 7078
f 7049 7078 7077
f 7050 7051 7079
f 7050 7079 7078
f 7051 7052 7080
f 7051 7080 7079
f 7052 7025 7053
f 7052 7053 7080
f 7045 7047 7046
f 7045 7048 7047
f 7044 7048 7045
f 7044 7049 7048
f 7043 7049 7044
f 7042 7049 7043
f 7042 7050 7049
f 7042 7051 7050
f 7042 7052 7051
f 7042 7025 7052
f 7042 7026 7025
f 7042 7027 7026
f 7042 7028 7027
f 7042 7029 7028
f 7042 7030 7029
f 7042 7031 7030
f 7042 7032 7031
f 7042 7033 7032
f 7042 7034 7033
f 7042 7035 7034
f 7042 7036 7035
f 7042 7037 7036
f 7042 7038 7037
f 7042 7039 7038
f 7042 7040 7039
f 7042 7041 7040
f 7073 7074 7075
f 7073 7075 7076
f 7072 7073 7076
f 7072 7076 7077
f 7071 7072 7077
f 7070 7071 7077
f 7070 7077 7078
f 7070 7078 7079
f 7070 7079 7080
f 7070 7080 7053
f 7070 7053 7054
f 7070 7054 7055
f 7070 7055 7056
f 7070 7056 7057
f 7070 7057 7058
f 7070 7058 7059
f 7070 7059 7060
f 7070 7060 7061
f 7070 7061 7062
f 7070 7062 7063
f 7070 7063 7064
f 7070 7064 7065
f 7070 7065 7066
f 7070 7066 7067
f 7070 7067 7068
f 7070 7068 7069
f 7081 7082 7486
f 7081 7486 7485
f 7082 7083 7487
f 7082 7487 7486
f 7083 7084 7488
f 7083 7488 7487
f 7084 7085 7489
f 7084 7489 7488
f 7085 7086 7490
f 7085 7490 7489
f 7086 7087 7491
f 7086 7491 7490
f 7087 7088 7492
f 7087 7492 7491
f 7088 7089 7493
f 7088 7493 7492
f 7089 7090 7494
f 7089 7494 7493
f 7090 7091 7495
f 7090 7495 7494
f 7091 7092 7496
f 7091 7496 7495
f 7092 7093 7497
f 7092 7497 7496
f 7093 7094 7498
f 7093 7498 7497
f 7094 7095 7499
f 7094 7499 7498
f 7095 7096 7500
f 7095 7500 7499
f 7096 7097 7501
f 7096 7501 7500
f 7097 7098 7502
f 7097 7502 7501
f 7098 7099 7503
f 7098 7503 7502
f 7099 7100 7504
f 7099 7504 7503
f 7100 7101 7505
f 7100 7505 7504
f 7101 7102 7506
f 7101 7506 7505
f 7102 7103 7507
f 7102 7507 7506
f 7103 7104 7508
f 7103 7508 7507
f 7104 7105 7509
f 7104 7509 7508
f 7105 7106 7510
f 7105 7510 7509
f 7106 7107 7511
f 7106 7511 7510
f 7107 7108 7512
f 7107 7512 7511
f 7108 7109 7513
f 7108 7513 7512
f 7109 7110 7514
f 7109 7514 7513
f 7110 7111 7515
f 7110 7515 7514
f 7111 7112 7516
f 7111 7516 7515
f 7112 7113 7517
f 7112 7517 7516
f 7113 7114 7518
f 7113 7518 7517
f 7114 7115 7519
f 7114 7519 7518
f 7115 7116 7520
f 7115 7520 7519
f 7116 7117 7521
f 7116 7521 7520
f 7117 7118 7522
f 7117 7522 7521
f 7118 7119 7523
f 7118 7523 7522
f 7119 7120 7524
f 7119 7524 7523
f 7120 7121 7525
f 7120 7525 7524
f 7121 7122 7526
f 7121 7526 7525
f 7122 7123 7527
f 7122 7527 7526
f 7123 7124 7528
f 7123 7528 7527
f 7124 7125 7529
f 7124 7529 7528
f 7125 7126 7530
f 7125 7530 7529
f 7126 7127 7531
f 7126 7531 7530
f 7127 7128 7532
f 7127 7532 7531
f 7128 7129 7533
f 7128 7533 7532
f 7129 7130 7534
f 7129 7534 7533
f 7130 7131 7535
f 7130 7535 7534
f 7131 7132 7536
f 7131 7536 7535
f 7132 7133 7537
f 7132 7537 7536
f 7133 7134 7538
f 7133 7538 7537
f 7134 7135 7539
f 7134 7539 7538
f 7135 7136 7540
f 7135 7540 7539
f 7136 7137 7541
f 7136 7541 7540
f 7137 7138 7542
f 7137 7542 7541
f 7138 7139 7543
f 7138 7543 7542
f 7139 7140 7544
f 7139 7544 7543
f 7140 7141 7545
f 7140 7545 7544
f 7141 7142 7546
f 7141 7546 7545
f 7142 7143 7547
f 7142 7547 7546
f 7143 7144 7548
f 7143 7548 7547
f 7144 7145 7549
f 7144 7549 7548
f 7145 7146 7550
f 7145 7550 7549
f 7146 7147 7551
f 7146 7551 7550
f 7147 7148 7552
f 7147 7552 7551
f 7148 7149 7553
f 7148 7553 7552
f 7149 7150 7554
f 7149 7554 7553
f 7150 7151 7555
f 7150 7555 7554
f 7151 7152 7556
f 7151 7556 7555
f 7152 7153 7557
f 7152 7557 7556
f 7153 7154 7558
f 7153 7558 7557
f 7154 7155 7559
f 7154 7559 7558
f 7155 7156 7560
f 7155 7560 7559
f 7156 7157 7561
f 7156 7561 7560
f 7157 7158 7562
f 7157 7562 7561
f 7158 7159 7563
f 7158 7563 7562
f 7159 7160 7564
f 7159 7564 7563
f 7160 7161 7565
f 7160 7565 7564
f 7161 7162 7566
f 7161 7566 7565
f 7162 7163 7567
f 7162 7567 7566
f 7163 7164 7568
f 7163 7568 7567
f 7164 7165 7569
f 7164 7569 7568
f 7165 7166 7570
f 7165 7570 7569
f 7166 7167 7571
f 7166 7571 7570
f 7167 7168 7572
f 7167 7572 7571
f 7168 7169 7573
f 7168 7573 7572
f 7169 7170 7574
f 7169 7574 7573
f 7170 7171 7575
f 7170 7575 7574
f 7171 7172 7576
f 7171 7576 7575
f 7172 7173 7577
f 7172 7577 7576
f 7173 7174 7578
f 7173 7578 7577
f 7174 7175 7579
f 7174 7579 7578
f 7175 7176 7580
f 7175 7580 7579
f 7176 7177 7581
f 7176 7581 7580
f 7177 7178 7582
f 7177 7582 7581
f 7178 7179 7583
f 7178 7583 7582
f 7179 7180 7584
f 7179 7584 7583
f 7180 7181 7585
f 7180 7585 7584
f 7181 7182 7586
f 7181 7586 7585
f 7182 7183 7587
f 7182 7587 7586
f 7183 7184 7588
f 7183 7588 7587
f 7184 7185 7589
f 7184 7589 7588
f 7185 7186 7590
f 7185 7590 7589
f 7186 7187 7591
f 7186 7591 7590
f 7187 7188 7592
f 7187 7592 7591
f 7188 7189 7593
f 7188 7593 7592
f 7189 7190 7594
f 7189 7594 7593
f 7190 7191 7595
f 7190 7595 7594
f 7191 7192 7596
f 7191 7596 7595
f 7192 7193 7597
f 7192 7597 7596
f 7193 7194 7598
f 7193 7598 7597
f 7194 7195 7599
f 7194 7599 7598
f 7195 7196 7600
f 7195 7600 7599
f 7196 7197 7601
f 7196 7601 7600
f 7197 7198 7602
f 7197 7602 7601
f 7198 7199 7603
f 7198 7603 7602
f 7199 7200 7604
f 7199 7604 7603
f 7200 7201 7605
f 7200 7605 7604
f 7201 7202 7606
f 7201 7606 7605
f 7202 7203 7607
f 7202 7607 7606
f 7203 7204 7608
f 7203 7608 7607
f 7204 7205 7609
f 7204 7609 7608
f 7205 7206 7610
f 7205 7610 7609
f 7206 7207 7611
f 7206 7611 7610
f 7207 7208 7612
f 7207 7612 7611
f 7208 7209 7613
f 7208 7613 7612
f 7209 7210 7614
f 7209 7614 7613
f 7210 7211 7615
f 7210 7615 7614
f 7211 7212 7616
f 7211 7616 7615
f 7212 7213 7617
f 7212 7617 7616
f 7213 7214 7618
f 7213 7618 7617
f 7214 7215 7619
f 7214 7619 7618
f 7215 7216 7620
f 7215 7620 7619
f 7216 7217 7621
f 7216 7621 7620
f 7217 7218 7622
f 7217 7622 7621
f 7218 7219 7623
f 7218 7623 7622
f 7219 7220 7624
f 7219 7624 7623
f 7220 7221 7625
f 7220 7625 7624
f 7221 7222 7626
f 7221 7626 7625
f 7222 7223 7627
f 7222 7627 7626
f 7223 7224 7628
f 7223 7628 7627
f 7224 7225 7629
f 7224 7629 7628
f 7225 7226 7630
f 7225 7630 7629
f 7226 7227 7631
f 7226 7631 7630
f 7227 7228 7632
f 7227 7632 7631
f 7228 7229 7633
f 7228 7633 7632
f 7229 7230 7634
f 7229 7634 7633
f 7230 7231 7635
f 7230 7635 7634
f 7231 7232 7636
f 7231 7636 7635
f 7232 7233 7637
f 7232 7637 7636
f 7233 7234 7638
f 7233 7638 7637
f 7234 7235 7639
f 7234 7639 7638
f 7235 7236 7640
f 7235 7640 7639
f 7236 7237 7641
f 7236 7641 7640
f 7237 7238 7642
f 7237 7642 7641
f 7238 7239 7643
f 7238 7643 7642
f 7239 7240 7644
f 7239 7644 7643
f 7240 7241 7645
f 7240 7645 7644
f 7241 7242 7646
f 7241 7646 7645
f 7242 7243 7647
f 7242 7647 7646
f 7243 7244 7648
f 7243 7648 7647
f 7244 7245 7649
f 7244 7649 7648
f 7245 7246 7650
f 7245 7650 7649
f 7246 7247 7651
f 7246 7651 7650
f 7247 7248 7652
f 7247 7652 7651
f 7248 7249 7653
f 7248 7653 7652
f 7249 7250 7654
f 7249 7654 7653
f 7250 7251 7655
f 7250 7655 7654
f 7251 7252 7656
f 7251 7656 7655
f 7252 7253 7657
f 7252 7657 7656
f 7253 7254 7658
f 7253 7658 7657
f 7254 7255 7659
f 7254 7659 7658
f 7255 7256 7660
f 7255 7660 7659
f 7256 7257 7661
f 7256 7661 7660
f 7257 7258 7662
f 7257 7662 7661
f 7258 7259 7663
f 7258 7663 7662
f 7259 7260 7664
f 7259 7664 7663
f 7260 7261 7665
f 7260 7665 7664
f 7261 7262 7666
f 7261 7666 7665
f 7262 7263 7667
f 7262 7667 7666
f 7263 7264 7668
f 7263 7668 7667
f 7264 7265 7669
f 7264 7669 7668
f 7265 7266 7670
f 7265 7670 7669
f 7266 7267 7671
f 7266 7671 7670
f 7267 7268 7672
f 7267 7672 7671
f 7268 7269 7673
f 7268 7673 7672
f 7269 7270 7674
f 7269 7674 7673
f 7270 7271 7675
f 7270 7675 7674
f 7271 7272 7676
f 7271 7676 7675
f 7272 7273 7677
f 7272 7677 7676
f 7273 7274 7678
f 7273 7678 7677
f 7274 7275 7679
f 7274 7679 7678
f 7275 7276 7680
f 7275 7680 7679
f 7276 7277 7681
f 7276 7681 7680
f 7277 7278 7682
f 7277 7682 7681
f 7278 7279 7683
f 7278 7683 7682
f 7279 7280 7684
f 7279 7684 7683
f 7280 7281 7685
f 7280 7685 7684
f 7281 7282 7686
f 7281 7686 7685
f 7282 7283 7687
f 7282 7687 7686
f 7283 7284 7688
f 7283 7688 7687
f 7284 7285 7689
f 7284 7689 7688
f 7285 7286 7690
f 7285 7690 7689
f 7286 7287 7691
f 7286 7691 7690
f 7287 7288 7692
f 7287 7692 7691
f 7288 7289 7693
f 7288 7693 7692
f 7289 7290 7694
f 7289 7694 7693
f 7290 7291 7695
f 7290 7695 7694
f 7291 7292 7696
f 7291 7696 7695
f 7292 7293 7697
f 7292 7697 7696
f 7293 7294 7698
f 7293 7698 7697
f 7294 7295 7699
f 7294 7699 7698
f 7295 7296 7700
f 7295 7700 7699
f 7296 7297 7701
f 7296 7701 7700
f 7297 7298 7702
f 7297 7702 7701
f 7298 7299 7703
f 7298 7703 7702
f 7299 7300 7704
f 7299 7704 7703
f 7300 7301 7705
f 7300 7705 7704
f 7301 7302 7706
f 7301 7706 7705
f 7302 7303 7707
f 7302 7707 7706
f 7303 7304 7708
f 7303 7708 7707
f 7304 7305 7709
f 7304 7709 7708
f 7305 7306 7710
f 7305 7710 7709
f 7306 7307 7711
f 7306 7711 7710
f 7307 7308 7712
f 7307 7712 7711
f 7308 7309 7713
f 7308 7713 7712
f 7309 7310 7714
f 7309 7714 7713
f 7310 7311 7715
f 7310 7715 7714
f 7311 7312 7716
f 7311 7716 7715
f 7312 7313 7717
f 7312 7717 7716
f 7313 7314 7718
f 7313 7718 7717
f 7314 7315 7719
f 7314 7719 7718
f 7315 7316 7720
f 7315 7720 7719
f 7316 7317 7721
f 7316 7721 7720
f 7317 7318 7722
f 7317 7722 7721
f 7318 7319 7723
f 7318 7723 7722
f 7319 7320 7724
f 7319 7724 7723
f 7320 7321 7725
f 7320 7725 7724
f 7321 7322 7726
f 7321 7726 7725
f 7322 7323 7727
f 7322 7727 7726
f 7323 7324 7728
f 7323 7728 7727
f 7324 7325 7729
f 7324 7729 7728
f 7325 7326 7730
f 7325 7730 7729
f 7326 7327 7731
f 7326 7731 7730
f 7327 7328 7732
f 7327 7732 7731
f 7328 7329 7733
f 7328 7733 7732
f 7329 7330 7734
f 7329 7734 7733
f 7330 7331 7735
f 7330 7735 7734
f 7331 7332 7736
f 7331 7736 7735
f 7332 7333 7737
f 7332 7737 7736
f 7333 7334 7738
f 7333 7738 7737
f 7334 7335 7739
f 7334 7739 7738
f 7335 7336 7740
f 7335 7740 7739
f 7336 7337 7741
f 7336 7741 7740
f 7337 7338 7742
f 7337 7742 7741
f 7338 7339 7743
f 7338 7743 7742
f 7339 7340 7744
f 7339 7744 7743
f 7340 7341 7745
f 7340 7745 7744
f 7341 7342 7746
f 7341 7746 7745
f 7342 7343 7747
f 7342 7747 7746
f 7343 7344 7748
f 7343 7748 7747
f 7344 7345 7749
f 7344 7749 7748
f 7345 7346 7750
f 7345 7750 7749
f 7346 7347 7751
f 7346 7751 7750
f 7347 7348 7752
f 7347 7752 7751
f 7348 7349 7753
f 7348 7753 7752
f 7349 7350 7754
f 7349 7754 7753
f 7350 7351 7755
f 7350 7755 7754
f 7351 7352 7756
f 7351 7756 7755
f 7352 7353 7757
f 7352 7757 7756
f 7353 7354 7758
f 7353 7758 7757
f 7354 7355 7759
f 7354 7759 7758
f 7355 7356 7760
f 7355 7760 7759
f 7356 7357 7761
f 7356 7761 7760
f 7357 7358 7762
f 7357 7762 7761
f 7358 7359 7763
f 7358 7763 7762
f 7359 7360 7764
f 7359 7764 7763
f 7360 7361 7765
f 7360 7765 7764
f 7361 7362 7766
f 7361 7766 7765
f 7362 7363 7767
f 7362 7767 7766
f 7363 7364 7768
f 7363 7768 7767
f 7364 7365 7769
f 7364 7769 7768
f 7365 7366 7770
f 7365 7770 7769
f 7366 7367 7771
f 7366 7771 7770
f 7367 7368 7772
f 7367 7772 7771
f 7368 7369 7773
f 7368 7773 7772
f 7369 7370 7774
f 7369 7774 7773
f 7370 7371 7775
f 7370 7775 7774
f 7371 7372 7776
f 7371 7776 7775
f 7372 7373 7777
f 7372 7777 7776
f 7373 7374 7778
f 7373 7778 7777
f 7374 7375 7779
f 7374 7779 7778
f 7375 7376 7780
f 7375 7780 7779
f 7376 7377 7781
f 7376 7781 7780
f 7377 7378 7782
f 7377 7782 7781
f 7378 7379 7783
f 7378 7783 7782
f 7379 7380 7784
f 7379 7784 7783
f 7380 7381 7785
f 7380 7785 7784
f 7381 7382 7786
f 7381 7786 7785
f 7382 7383 7787
f 7382 7787 7786
f 7383 7384 7788
f 7383 7788 7787
f 7384 7385 7789
f 7384 7789 7788
f 7385 7386 7790
f 7385 7790 7789
f 7386 7387 7791
f 7386 7791 7790
f 7387 7388 7792
f 7387 7792 7791
f 7388 7389 7793
f 7388 7793 7792
f 7389 7390 7794
f 7389 7794 7793
f 7390 7391 7795
f 7390 7795 7794
f 7391 7392 7796
f 7391 7796 7795
f 7392 7393 7797
f 7392 7797 7796
f 7393 7394 7798
f 7393 7798 7797
f 7394 7395 7799
f 7394 7799 7798
f 7395 7396 7800
f 7395 7800 7799
f 7396 7397 7801
f 7396 7801 7800
f 7397 7398 7802
f 7397 7802 7801
f 7398 7399 7803
f 7398 7803 7802
f 7399 7400 7804
f 7399 7804 7803
f 7400 7401 7805
f 7400 7805 7804
f 7401 7402 7806
f 7401 7806 7805
f 7402 7403 7807
f 7402 7807 7806
f 7403 7404 7808
f 7403 7808 7807
f 7404 7405 7809
f 7404 7809 7808
f 7405 7406 7810
f 7405 7810 7809
f 7406 7407 7811
f 7406 7811 7810
f 7407 7408 7812
f 7407 7812 7811
f 7408 7409 7813
f 7408 7813 7812
f 7409 7410 7814
f 7409 7814 7813
f 7410 7411 7815
f 7410 7815 7814
f 7411 7412 7816
f 7411 7816 7815
f 7412 7413 7817
f 7412 7817 7816
f 7413 7414 7818
f 7413 7818 7817
f 7414 7415 7819
f 7414 7819 7818
f 7415 7416 7820
f 7415 7820 7819
f 7416 7417 7821
f 7416 7821 7820
f 7417 7418 7822
f 7417 7822 7821
f 7418 7419 7823
f 7418 7823 7822
f 7419 7420 7824
f 7419 7824 7823
f 7420 7421 7825
f 7420 7825 7824
f 7421 7422 7826
f 7421 7826 7825
f 7422 7423 7827
f 7422 7827 7826
f 7423 7424 7828
f 7423 7828 7827
f 7424 7425 7829
f 7424 7829 7828
f 7425 7426 7830
f 7425 7830 7829
f 7426 7427 7831
f 7426 7831 7830
f 7427 7428 7832
f 7427 7832 7831
f 7428 7429 7833
f 7428 7833 7832
f 7429 7430 7834
f 7429 7834 7833
f 7430 7431 7835
f 7430 7835 7834
f 7431 7432 7836
f 7431 7836 7835
f 7432 7433 7837
f 7432 7837 7836
f 7433 7434 7838
f 7433 7838 7837
f 7434 7435 7839
f 7434 7839 7838
f 7435 7436 7840
f 7435 7840 7839
f 7436 7437 7841
f 7436 7841 7840
f 7437 7438 7842
f 7437 7842 7841
f 7438 7439 7843
f 7438 7843 7842
f 7439 7440 7844
f 7439 7844 7843
f 7440 7441 7845
f 7440 7845 7844
f 7441 7442 7846
f 7441 7846 7845
f 7442 7443 7847
f 7442 7847 7846
f 7443 7444 7848
f 7443 7848 7847
f 7444 7445 7849
f 7444 7849 7848
f 7445 7446 7850
f 7445 7850 7849
f 7446 7447 7851
f 7446 7851 7850
f 7447 7448 7852
f 7447 7852 7851
f 7448 7449 7853
f 7448 7853 7852
f 7449 7450 7854
f 7449 7854 7853
f 7450 7451 7855
f 7450 7855 7854
f 7451 7452 7856
f 7451 7856 7855
f 7452 7453 7857
f 7452 7857 7856
f 7453 7454 7858
f 7453 7858 7857
f 7454 7455 7859
f 7454 7859 7858
f 7455 7456 7860
f 7455 7860 7859
f 7456 7457 7861
f 7456 7861 7860
f 7457 7458 7862
f 7457 7862 7861
f 7458 7459 7863
f 7458 7863 7862
f 7459 7460 7864
f 7459 7864 7863
f 7460 7461 7865
f 7460 7865 7864
f 7461 7462 7866
f 7461 7866 7865
f 7462 7463 7867
f 7462 7867 7866
f 7463 7464 7868
f 7463 7868 7867
f 7464 7465 7869
f 7464 7869 7868
f 7465 7466 7870
f 7465 7870 7869
f 7466 7467 7871
f 7466 7871 7870
f 7467 7468 7872
f 7467 7872 7871
f 7468 7469 7873
f 7468 7873 7872
f 7469 7470 7874
f 7469 7874 7873
f 7470 7471 7875
f 7470 7875 7874
f 7471 7472 7876
f 7471 7876 7875
f 7472 7473 7877
f 7472 7877 7876
f 7473 7474 7878
f 7473 7878 7877
f 7474 7475 7879
f 7474 7879 7878
f 7475 7476 7880
f 7475 7880 7879
f 7476 7477 7881
f 7476 7881 7880
f 7477 7478 7882
f 7477 7882 7881
f 7478 7479 7883
f 7478 7883 7882
f 7479 7480 7884
f 7479 7884 7883
f 7480 7481 7885
f 7480 7885 7884
f 7481 7482 7886
f 7481 7886 7885
f 7482 7483 7887
f 7482 7887 7886
f 7483 7484 7888
f 7483 7888 7887
f 7484 7081 7485
f 7484 7485 7888
f 7281 7283 7282
f 7280 7283 7281
f 7279 7283 7280
f 7278 7283 7279
f 7277 7283 7278
f 7276 7283 7277
f 7275 7283 7276
f 7274 7283 7275
f 7273 7283 7274
f 7272 7283 7273
f 7271 7283 7272
f 7270 7283 7271
f 7269 7283 7270
f 7268 7283 7269
f 7267 7283 7268
f 7266 7283 7267
f 7265 7283 7266
f 7264 7283 7265
f 7263 7283 7264
f 7262 7283 7263
f 7261 7283 7262
f 7260 7283 7261
f 7259 7283 7260
f 7258 7283 7259
f 7257 7283 7258
f 7256 7283 7257
f 7255 7283 7256
f 7254 7283 7255
f 7253 7283 7254
f 7252 7283 7253
f 7251 7283 7252
f 7250 7283 7251
f 7249 7283 7250
f 7248 7283 7249
f 7247 7283 7248
f 7246 7283 7247
f 7245 7283 7246
f 7244 7283 7245
f 7243 7283 7244
f 7242 7283 7243
f 7241 7283 7242
f 7241 7284 7283
f 7240 7284 7241
f 7239 7284 7240
f 7239 7285 7284
f 7238 7285 7239
f 7237 7285 7238
f 7237 7286 7285
f 7236 7286 7237
f 7236 7287 7286
f 7235 7287 7236
f 7235 7288 7287
f 7234 7288 7235
f 7234 7289 7288
f 7234 7290 7289
f 7234 7291 7290
f 7234 7292 7291
f 7234 7293 7292
f 7234 7294 7293
f 7234 7295 7294
f 7234 7296 7295
f 7234 7297 7296
f 7234 7298 7297
f 7234 7299 7298
f 7234 7300 7299
f 7234 7301 7300
f 7234 7302 7301
f 7234 7303 7302
f 7234 7304 7303
f 7234 7305 7304
f 7234 7306 7305
f 7234 7307 7306
f 7234 7308 7307
f 7234 7309 7308
f 7234 7310 7309
f 7234 7311 7310
f 7234 7312 7311
f 7234 7313 7312
f 7234 7314 7313
f 7234 7315 7314
f 7234 7316 7315
f 7234 7317 7316
f 7234 7318 7317
f 7234 7319 7318
f 7234 7320 7319
f 7234 7321 7320
f 7234 7322 7321
f 7234 7323 7322
f 7234 7324 7323
f 7234 7325 7324
f 7234 7326 7325
f 7234 7327 7326
f 7234 7328 7327
f 7234 7329 7328
f 7234 7330 7329
f 7234 7331 7330
f 7234 7332 7331
f 7233 7332 7234
f 7233 7333 7332
f 7233 7334 7333
f 7232 7334 7233
f 7231 7334 7232
f 7231 7335 7334
f 7231 7336 7335
f 7230 7336 7231
f 7229 7336 7230
f 7229 7337 7336
f 7229 7338 7337
f 7228 7338 7229
f 7227 7338 7228
f 7227 7339 7338
f 7227 7340 7339
f 7226 7340 7227
f 7225 7340 7226
f 7225 7341 7340
f 7225 7342 7341
f 7224 7342 7225
f 7223 7342 7224
f 7223 7343 7342
f 7223 7344 7343
f 7222 7344 7223
f 7221 7344 7222
f 7221 7345 7344
f 7221 7346 7345
f 7220 7346 7221
f 7220 7347 7346
f 7219 7347 7220
f 7218 7347 7219
f 7218 7348 7347
f 7218 7349 7348
f 7218 7350 7349
f 7218 7351 7350
f 7218 7352 7351
f 7218 7353 7352
f 7218 7354 7353
f 7218 7355 7354
f 7218 7356 7355
f 7218 7357 7356
f 7218 7358 7357
f 7218 7359 7358
f 7218 7360 7359
f 7218 7361 7360
f 7218 7362 7361
f 7218 7363 7362
f 7218 7364 7363
f 7218 7365 7364
f 7218 7366 7365
f 7218 7367 7366
f 7218 7368 7367
f 7218 7369 7368
f 7218 7370 7369
f 7218 7371 7370
f 7218 7372 7371
f 7218 7373 7372
f 7218 7374 7373
f 7218 7375 7374
f 7218 7376 7375
f 7218 7377 7376
f 7218 7378 7377
f 7218 7379 7378
f 7218 7380 7379
f 7218 7381 7380
f 7218 7382 7381
f 7218 7383 7382
f 7218 7384 7383
f 7218 7385 7384
f 7218 7386 7385
f 7218 7387 7386
f 7218 7388 7387
f 7218 7389 7388
f 7218 7390 7389
f 7218 7391 7390
f 7218 7392 7391
f 7218 7393 7392
f 7218 7394 7393
f 7218 7395 7394
f 7218 7396 7395
f 7218 7397 7396
f 7218 7398 7397
f 7218 7399 7398
f 7218 7400 7399
f 7218 7401 7400
f 7218 7402 7401
f 7218 7403 7402
f 7218 7404 7403
f 7218 7405 7404
f 7218 7406 7405
f 7218 7407 7406
f 7218 7408 7407
f 7218 7409 7408
f 7218 7410 7409
f 7218 7411 7410
f 7218 7412 7411
f 7218 7413 7412
f 7218 7414 7413
f 7218 7415 7414
f 7218 7416 7415
f 7218 7417 7416
f 7218 7418 7417
f 7218 7419 7418
f 7218 7420 7419
f 7218 7421 7420
f 7218 7422 7421
f 7218 7423 7422
f 7218 7424 7423
f 7218 7425 7424
f 7218 7426 7425
f 7218 7427 7426
f 7218 7428 7427
f 7218 7429 7428
f 7218 7430 7429
f 7218 7431 7430
f 7218 7432 7431
f 7218 7433 7432
f 7218 7434 7433
f 7218 7435 7434
f 7218 7436 7435
f 7218 7437 7436
f 7218 7438 7437
f 7218 7439 7438
f 7218 7440 7439
f 7218 7441 7440
f 7218 7442 7441
f 7218 7443 7442
f 7218 7444 7443
f 7218 7445 7444
f 7218 7446 7445
f 7218 7447 7446
f 7218 7448 7447
f 7218 7449 7448
f 7218 7450 7449
f 7218 7451 7450
f 7217 7451 7218
f 7216 7451 7217
f 7216 7452 7451
f 7216 7453 7452
f 7216 7454 7453
f 7216 7455 7454
f 7216 7456 7455
f 7216 7457 7456
f 7216 7458 7457
f 7216 7459 7458
f 7216 7460 7459
f 7216 7461 7460
f 7216 7462 7461
f 7216 7463 7462
f 7216 7464 7463
f 7216 7465 7464
f 7216 7466 7465
f 7216 7467 7466
f 7216 7468 7467
f 7216 7469 7468
f 7216 7470 7469
f 7216 7471 7470
f 7216 7472 7471
f 7216 7473 7472
f 7216 7474 7473
f 7216 7475 7474
f 7216 7476 7475
f 7216 7477 7476
f 7216 7478 7477
f 7216 7479 7478
f 7216 7480 7479
f 7216 7481 7480
f 7216 7482 7481
f 7216 7483 7482
f 7216 7484 7483
f 7216 7081 7484
f 7216 7082 7081
f 7216 7083 7082
f 7216 7084 7083
f 7216 7085 7084
f 7216 7086 7085
f 7216 7087 7086
f 7216 7088 7087
f 7216 7089 7088
f 7216 7090 7089
f 7216 7091 7090
f 7216 7092 7091
f 7216 7093 7092
f 7216 7094 7093
f 7216 7095 7094
f 7216 7096 7095
f 7216 7097 7096
f 7216 7098 7097
f 7216 7099 7098
f 7216 7100 7099
f 7216 7101 7100
f 7216 7102 7101
f 7216 7103 7102
f 7216 7104 7103
f 7216 7105 7104
f 7216 7106 7105
f 7216 7107 7106
f 7216 7108 7107
f 7216 7109 7108
f 7216 7110 7109
f 7216 7111 7110
f 7216 7112 7111
f 7216 7113 7112
f 7216 7114 7113
f 7216 7115 7114
f 7216 7116 7115
f 7216 7117 7116
f 7216 7118 7117
f 7216 7119 7118
f 7216 7120 7119
f 7216 7121 7120
f 7216 7122 7121
f 7216 7123 7122
f 7216 7124 7123
f 7216 7125 7124
f 7216 7126 7125
f 7216 7127 7126
f 7216 7128 7127
f 7216 7129 7128
f 7216 7130 7129
f 7216 7131 7130
f 7216 7132 7131
f 7216 7133 7132
f 7216 7134 7133
f 7216 7135 7134
f 7216 7136 7135
f 7216 7137 7136
f 7216 7138 7137
f 7216 7139 7138
f 7216 7140 7139
f 7216 7141 7140
f 7216 7142 7141
f 7216 7143 7142
f 7216 7144 7143
f 7216 7145 7144
f 7216 7146 7145
f 7216 7147 7146
f 7216 7148 7147
f 7216 7149 7148
f 7215 7149 7216
f 7214 7149 7215
f 7214 7150 7149
f 7214 7151 7150
f 7214 7152 7151
f 7214 7153 7152
f 7214 7154 7153
f 7214 7155 7154
f 7214 7156 7155
f 7214 7157 7156
f 7214 7158 7157
f 7214 7159 7158
f 7214 7160 7159
f 7214 7161 7160
f 7214 7162 7161
f 7214 7163 7162
f 7214 7164 7163
f 7214 7165 7164
f 7214 7166 7165
f 7214 7167 7166
f 7214 7168 7167
f 7214 7169 7168
f 7214 7170 7169
f 7214 7171 7170
f 7214 7172 7171
f 7214 7173 7172
f 7214 7174 7173
f 7214 7175 7174
f 7214 7176 7175
f 7214 7177 7176
f 7214 7178 7177
f 7214 7179 7178
f 7214 7180 7179
f 7214 7181 7180
f 7214 7182 7181
f 7214 7183 7182
f 7214 7184 7183
f 7214 7185 7184
f 7214 7186 7185
f 7214 7187 7186
f 7214 7188 7187
f 7214 7189 7188
f 7214 7190 7189
f 7214 7191 7190
f 7214 7192 7191
f 7214 7193 7192
f 7213 7193 7214
f 7213 7194 7193
f 7212 7194 7213
f 7212 7195 7194
f 7212 7196 7195
f 7212 7197 7196
f 7211 7197 7212
f 7210 7197 7211
f 7210 7198 7197
f 7210 7199 7198
f 7210 7200 7199
f 7210 7201 7200
f 7210 7202 7201
f 7210 7203 7202
f 7210 7204 7203
f 7210 7205 7204
f 7210 7206 7205
f 7210 7207 7206
f 7210 7208 7207
f 7209 7208 7210
f 7685 7686 7687
f 7684 7685 7687
f 7683 7684 7687
f 7682 7683 7687
f 7681 7682 7687
f 7680 7681 7687
f 7679 7680 7687
f 7678 7679 7687
f 7677 7678 7687
f 7676 7677 7687
f 7675 7676 7687
f 7674 7675 7687
f 7673 7674 7687
f 7672 7673 7687
f 7671 7672 7687
f 7670 7671 7687
f 7669 7670 7687
f 7668 7669 7687
f 7667 7668 7687
f 7666 7667 7687
f 7665 7666 7687
f 7664 7665 7687
f 7663 7664 7687
f 7662 7663 7687
f 7661 7662 7687
f 7660 7661 7687
f 7659 7660 7687
f 7658 7659 7687
f 7657 7658 7687
f 7656 7657 7687
f 7655 7656 7687
f 7654 7655 7687
f 7653 7654 7687
f 7652 7653 7687
f 7651 7652 7687
f 7650 7651 7687
f 7649 7650 7687
f 7648 7649 7687
f 7647 7648 7687
f 7646 7647 7687
f 7645 7646 7687
f 7645 7687 7688
f 7644 7645 7688
f 7643 7644 7688
f 7643 7688 7689
f 7642 7643 7689
f 7641 7642 7689
f 7641 7689 7690
f 7640 7641 7690
f 7640 7690 7691
f 7639 7640 7691
f 7639 7691 7692
f 7638 7639 7692
f 7638 7692 7693
f 7638 7693 7694
f 7638 7694 7695
f 7638 7695 7696
f 7638 7696 7697
f 7638 7697 7698
f 7638 7698 7699
f 7638 7699 7700
f 7638 7700 7701
f 7638 7701 7702
f 7638 7702 7703
f 7638 7703 7704
f 7638 7704 7705
f 7638 7705 7706
f 7638 7706 7707
f 7638 7707 7708
f 7638 7708 7709
f 7638 7709 7710
f 7638 7710 7711
f 7638 7711 7712
f 7638 7712 7713
f 7638 7713 7714
f 7638 7714 7715
f 7638 7715 7716
f 7638 7716 7717
f 7638 7717 7718
f 7638 7718 7719
f 7638 7719 7720
f 7638 7720 7721
f 7638 7721 7722
f 7638 7722 7723
f 7638 7723 7724
f 7638 7724 7725
f 7638 7725 7726
f 7638 7726 7727
f 7638 7727 7728
f 7638 7728 7729
f 7638 7729 7730
f 7638 7730 7731
f 7638 7731 7732
f 7638 7732 7733
f 7638 7733 7734
f 7638 7734 7735
f 7638 7735 7736
f 7637 7638 7736
f 7637 7736 7737
f 7637 7737 7738
f 7636 7637 7738
f 7635 7636 7738
f 7635 7738 7739
f 7635 7739 7740
f 7634 7635 7740
f 7633 7634 7740
f 7633 7740 7741
f 7633 7741 7742
f 7632 7633 7742
f 7631 7632 7742
f 7631 7742 7743
f 7631 7743 7744
f 7630 7631 7744
f 7629 7630 7744
f 7629 7744 7745
f 7629 7745 7746
f 7628 7629 7746
f 7627 7628 7746
f 7627 7746 7747
f 7627 7747 7748
f 7626 7627 7748
f 7625 7626 7748
f 7625 7748 7749
f 7625 7749 7750
f 7624 7625 7750
f 7624 7750 7751
f 7623 7624 7751
f 7622 7623 7751
f 7622 7751 7752
f 7622 7752 7753
f 7622 7753 7754
f 7622 7754 7755
f 7622 7755 7756
f 7622 7756 7757
f 7622 7757 7758
f 7622 7758 7759
f 7622 7759 7760
f 7622 7760 7761
f 7622 7761 7762
f 7622 7762 7763
f 7622 7763 7764
f 7622 7764 7765
f 7622 7765 7766
f 7622 7766 7767
f 7622 7767 7768
f 7622 7768 7769
f 7622 7769 7770
f 7622 7770 7771
f 7622 7771 7772
f 7622 7772 7773
f 7622 7773 7774
f 7622 7774 7775
f 7622 7775 7776
f 7622 7776 7777
f 7622 7777 7778
f 7622 7778 7779
f 7622 7779 7780
f 7622 7780 7781
f 7622 7781 7782
f 7622 7782 7783
f 7622 7783 7784
f 7622 7784 7785
f 7622 7785 7786
f 7622 7786 7787
f 7622 7787 7788
f 7622 7788 7789
f 7622 7789 7790
f 7622 7790 7791
f 7622 7791 7792
f 7622 7792 7793
f 7622 7793 7794
f 7622 7794 7795
f 7622 7795 7796
f 7622 7796 7797
f 7622 7797 7798
f 7622 7798 7799
f 7622 7799 7800
f 7622 7800 7801
f 7622 7801 7802
f 7622 7802 7803
f 7622 7803 7804
f 7622 7804 7805
f 7622 7805 7806
f 7622 7806 7807
f 7622 7807 7808
f 7622 7808 7809
f 7622 7809 7810
f 7622 7810 7811
f 7622 7811 7812
f 7622 7812 7813
f 7622 7813 7814
f 7622 7814 7815
f 7622 7815 7816
f 7622 7816 7817
f 7622 7817 7818
f 7622 7818 7819
f 7622 7819 7820
f 7622 7820 7821
f 7622 7821 7822
f 7622 7822 7823
f 7622 7823 7824
f 7622 7824 7825
f 7622 7825 7826
f 7622 7826 7827
f 7622 7827 7828
f 7622 7828 7829
f 7622 7829 7830
f 7622 7830 7831
f 7622 7831 7832
f 7622 7832 7833
f 7622 7833 7834
f 7622 7834 7835
f 7622 7835 7836
f 7622 7836 7837
f 7622 7837 7838
f 7622 7838 7839
f 7622 7839 7840
f 7622 7840 7841
f 7622 7841 7842
f 7622 7842 7843
f 7622 7843 7844
f 7622 7844 7845
f 7622 7845 7846
f 7622 7846 7847
f 7622 7847 7848
f 7622 7848 7849
f 7622 7849 7850
f 7622 7850 7851
f 7622 7851 7852
f 7622 7852 7853
f 7622 7853 7854
f 7622 7854 7855
f 7621 7622 7855
f 7620 7621 7855
f 7620 7855 7856
f 7620 7856 7857
f 7620 7857 7858
f 7620 7858 7859
f 7620 7859 7860
f 7620 7860 7861
f 7620 7861 7862
f 7620 7862 7863
f 7620 7863 7864
f 7620 7864 7865
f 7620 7865 7866
f 7620 7866 7867
f 7620 7867 7868
f 7620 7868 7869
f 7620 7869 7870
f 7620 7870 7871
f 7620 7871 7872
f 7620 7872 7873
f 7620 7873 7874
f 7620 7874 7875
f 7620 7875 7876
f 7620 7876 7877
f 7620 7877 7878
f 7620 7878 7879
f 7620 7879 7880
f 7620 7880 7881
f 7620 7881 7882
f 7620 7882 7883
f 7620 7883 7884
f 7620 7884 7885
f 7620 7885 7886
f 7620 7886 7887
f 7620 7887 7888
f 7620 7888 7485
f 7620 7485 7486
f 7620 7486 7487
f 7620 7487 7488
f 7620 7488 7489
f 7620 7489 7490
f 7620 7490 7491
f 7620 7491 7492
f 7620 7492 7493
f 7620 7493 7494
f 7620 7494 7495
f 7620 7495 7496
f 7620 7496 7497
f 7620 7497 7498
f 7620 7498 7499
f 7620 7499 7500
f 7620 7500 7501
f 7620 7501 7502
f 7620 7502 7503
f 7620 7503 7504
f 7620 7504 7505
f 7620 7505 7506
f 7620 7506 7507
f 7620 7507 7508
f 7620 7508 7509
f 7620 7509 7510
f 7620 7510 7511
f 7620 7511 7512
f 7620 7512 7513
f 7620 7513 7514
f 7620 7514 7515
f 7620 7515 7516
f 7620 7516 7517
f 7620 7517 7518
f 7620 7518 7519
f 7620 7519 7520
f 7620 7520 7521
f 7620 7521 7522
f 7620 7522 7523
f 7620 7523 7524
f 7620 7524 7525
f 7620 7525 7526
f 7620 7526 7527
f 7620 7527 7528
f 7620 7528 7529
f 7620 7529 7530
f 7620 7530 7531
f 7620 7531 7532
f 7620 7532 7533
f 7620 7533 7534
f 7620 7534 7535
f 7620 7535 7536
f 7620 7536 7537
f 7620 7537 7538
f 7620 7538 7539
f 7620 7539 7540
f 7620 7540 7541
f 7620 7541 7542
f 7620 7542 7543
f 7620 7543 7544
f 7620 7544 7545
f 7620 7545 7546
f 7620 7546 7547
f 7620 7547 7548
f 7620 7548 7549
f 7620 7549 7550
f 7620 7550 7551
f 7620 7551 7552
f 7620 7552 7553
f 7619 7620 7553
f 7618 7619 7553
f 7618 7553 7554
f 7618 7554 7555
f 7618 7555 7556
f 7618 7556 7557
f 7618 7557 7558
f 7618 7558 7559
f 7618 7559 7560
f 7618 7560 7561
f 7618 7561 7562
f 7618 7562 7563
f 7618 7563 7564
f 7618 7564 7565
f 7618 7565 7566
f 7618 7566 7567
f 7618 7567 7568
f 7618 7568 7569
f 7618 7569 7570
f 7618 7570 7571
f 7618 7571 7572
f 7618 7572 7573
f 7618 7573 7574
f 7618 7574 7575
f 7618 7575 7576
f 7618 7576 7577
f 7618 7577 7578
f 7618 7578 7579
f 7618 7579 7580
f 7618 7580 7581
f 7618 7581 7582
f 7618 7582 7583
f 7618 7583 7584
f 7618 7584 7585
f 7618 7585 7586
f 7618 7586 7587
f 7618 7587 7588
f 7618 7588 7589
f 7618 7589 7590
f 7618 7590 7591
f 7618 7591 7592
f 7618 7592 7593
f 7618 7593 7594
f 7618 7594 7595
f 7618 7595 7596
f 7618 7596 7597
f 7617 7618 7597
f 7617 7597 7598
f 7616 7617 7598
f 7616 7598 7599
f 7616 7599 7600
f 7616 7600 7601
f 7615 7616 7601
f 7614 7615 7601
f 7614 7601 7602
f 7614 7602 7603
f 7614 7603 7604
f 7614 7604 7605
f 7614 7605 7606
f 7614 7606 7607
f 7614 7607 7608
f 7614 7608 7609
f 7614 7609 7610
f 7614 7610 7611
f 7614 7611 7612
f 7613 7614 7612
f 7889 7890 8294
f 7889 8294 8293
f 7890 7891 8295
f 7890 8295 8294
f 7891 7892 8296
f 7891 8296 8295
f 7892 7893 8297
f 7892 8297 8296
f 7893 7894 8298
f 7893 8298 8297
f 7894 7895 8299
f 7894 8299 8298
f 7895 7896 8300
f 7895 8300 8299
f 7896 7897 8301
f 7896 8301 8300
f 7897 7898 8302
f 7897 8302 8301
f 7898 7899 8303
f 7898 8303 8302
f 7899 7900 8304
f 7899 8304 8303
f 7900 7901 8305
f 7900 8305 8304
f 7901 7902 8306
f 7901 8306 8305
f 7902 7903 8307
f 7902 8307 8306
f 7903 7904 8308
f 7903 8308 8307
f 7904 7905 8309
f 7904 8309 8308
f 7905 7906 8310
f 7905 8310 8309
f 7906 7907 8311
f 7906 8311 8310
f 7907 7908 8312
f 7907 8312 8311
f 7908 7909 8313
f 7908 8313 8312
f 7909 7910 8314
f 7909 8314 8313
f 7910 7911 8315
f 7910 8315 8314
f 7911 7912 8316
f 7911 8316 8315
f 7912 7913 8317
f 7912 8317 8316
f 7913 7914 8318
f 7913 8318 8317
f 7914 7915 8319
f 7914 8319 8318
f 7915 7916 8320
f 7915 8320 8319
f 7916 7917 8321
f 7916 8321 8320
f 7917 7918 8322
f 7917 8322 8321
f 7918 7919 8323
f 7918 8323 8322
f 7919 7920 8324
f 7919 8324 8323
f 7920 7921 8325
f 7920 8325 8324
f 7921 7922 8326
f 7921 8326 8325
f 7922 7923 8327
f 7922 8327 8326
f 7923 7924 8328
f 7923 8328 8327
f 7924 7925 8329
f 7924 8329 8328
f 7925 7926 8330
f 7925 8330 8329
f 7926 7927 8331
f 7926 8331 8330
f 7927 7928 8332
f 7927 8332 8331
f 7928 7929 8333
f 7928 8333 8332
f 7929 7930 8334
f 7929 8334 8333
f 7930 7931 8335
f 7930 8335 8334
f 7931 7932 8336
f 7931 8336 8335
f 7932 7933 8337
f 7932 8337 8336
f 7933 7934 8338
f 7933 8338 8337
f 7934 7935 8339
f 7934 8339 8338
f 7935 7936 8340
f 7935 8340 8339
f 7936 7937 8341
f 7936 8341 8340
f 7937 7938 8342
f 7937 8342 8341
f 7938 7939 8343
f 7938 8343 8342
f 7939 7940 8344
f 7939 8344 8343
f 7940 7941 8345
f 7940 8345 8344
f 7941 7942 8346
f 7941 8346 8345
f 7942 7943 8347
f 7942 8347 8346
f 7943 7944 8348
f 7943 8348 8347
f 7944 7945 8349
f 7944 8349 8348
f 7945 7946 8350
f 7945 8350 8349
f 7946 7947 8351
f 7946 8351 8350
f 7947 7948 8352
f 7947 8352 8351
f 7948 7949 8353
f 7948 8353 8352
f 7949 7950 8354
f 7949 8354 8353
f 7950 7951 8355
f 7950 8355 8354
f 7951 7952 8356
f 7951 8356 8355
f 7952 7953 8357
f 7952 8357 8356
f 7953 7954 8358
f 7953 8358 8357
f 7954 7955 8359
f 7954 8359 8358
f 7955 7956 8360
f 7955 8360 8359
f 7956 7957 8361
f 7956 8361 8360
f 7957 7958 8362
f 7957 8362 8361
f 7958 7959 8363
f 7958 8363 8362
f 7959 7960 8364
f 7959 8364 8363
f 7960 7961 8365
f 7960 8365 8364
f 7961 7962 8366
f 7961 8366 8365
f 7962 7963 8367
f 7962 8367 8366
f 7963 7964 8368
f 7963 8368 8367
f 7964 7965 8369
f 7964 8369 8368
f 7965 7966 8370
f 7965 8370 8369
f 7966 7967 8371
f 7966 8371 8370
f 7967 7968 8372
f 7967 8372 8371
f 7968 7969 8373
f 7968 8373 8372
f 7969 7970 8374
f 7969 8374 8373
f 7970 7971 8375
f 7970 8375 8374
f 7971 7972 8376
f 7971 8376 8375
f 7972 7973 8377
f 7972 8377 8376
f 7973 7974 8378
f 7973 8378 8377
f 7974 7975 8379
f 7974 8379 8378
f 7975 7976 8380
f 7975 8380 8379
f 7976 7977 8381
f 7976 8381 8380
f 7977 7978 8382
f 7977 8382 8381
f 7978 7979 8383
f 7978 8383 8382
f 7979 7980 8384
f 7979 8384 8383
f 7980 7981 8385
f 7980 8385 8384
f 7981 7982 8386
f 7981 8386 8385
f 7982 7983 8387
f 7982 8387 8386
f 7983 7984 8388
f 7983 8388 8387
f 7984 7985 8389
f 7984 8389 8388
f 7985 7986 8390
f 7985 8390 8389
f 7986 7987 8391
f 7986 8391 8390
f 7987 7988 8392
f 7987 8392 8391
f 7988 7989 8393
f 7988 8393 8392
f 7989 7990 8394
f 7989 8394 8393
f 7990 7991 8395
f 7990 8395 8394
f 7991 7992 8396
f 7991 8396 8395
f 7992 7993 8397
f 7992 8397 8396
f 7993 7994 8398
f 7993 8398 8397
f 7994 7995 8399
f 7994 8399 8398
f 7995 7996 8400
f 7995 8400 8399
f 7996 7997 8401
f 7996 8401 8400
f 7997 7998 8402
f 7997 8402 8401
f 7998 7999 8403
f 7998 8403 8402
f 7999 8000 8404
f 7999 8404 8403
f 8000 8001 8405
f 8000 8405 8404
f 8001 8002 8406
f 8001 8406 8405
f 8002 8003 8407
f 8002 8407 8406
f 8003 8004 8408
f 8003 8408 8407
f 8004 8005 8409
f 8004 8409 8408
f 8005 8006 8410
f 8005 8410 8409
f 8006 8007 8411
f 8006 8411 8410
f 8007 8008 8412
f 8007 8412 8411
f 8008 8009 8413
f 8008 8413 8412
f 8009 8010 8414
f 8009 8414 8413
f 8010 8011 8415
f 8010 8415 8414
f 8011 8012 8416
f 8011 8416 8415
f 8012 8013 8417
f 8012 8417 8416
f 8013 8014 8418
f 8013 8418 8417
f 8014 8015 8419
f 8014 8419 8418
f 8015 8016 8420
f 8015 8420 8419
f 8016 8017 8421
f 8016 8421 8420
f 8017 8018 8422
f 8017 8422 8421
f 8018 8019 8423
f 8018 8423 8422
f 8019 8020 8424
f 8019 8424 8423
f 8020 8021 8425
f 8020 8425 8424
f 8021 8022 8426
f 8021 8426 8425
f 8022 8023 8427
f 8022 8427 8426
f 8023 8024 8428
f 8023 8428 8427
f 8024 8025 8429
f 8024 8429 8428
f 8025 8026 8430
f 8025 8430 8429
f 8026 8027 8431
f 8026 8431 8430
f 8027 8028 8432
f 8027 8432 8431
f 8028 8029 8433
f 8028 8433 8432
f 8029 8030 8434
f 8029 8434 8433
f 8030 8031 8435
f 8030 8435 8434
f 8031 8032 8436
f 8031 8436 8435
f 8032 8033 8437
f 8032 8437 8436
f 8033 8034 8438
f 8033 8438 8437
f 8034 8035 8439
f 8034 8439 8438
f 8035 8036 8440
f 8035 8440 8439
f 8036 8037 8441
f 8036 8441 8440
f 8037 8038 8442
f 8037 8442 8441
f 8038 8039 8443
f 8038 8443 8442
f 8039 8040 8444
f 8039 8444 8443
f 8040 8041 8445
f 8040 8445 8444
f 8041 8042 8446
f 8041 8446 8445
f 8042 8043 8447
f 8042 8447 8446
f 8043 8044 8448
f 8043 8448 8447
f 8044 8045 8449
f 8044 8449 8448
f 8045 8046 8450
f 8045 8450 8449
f 8046 8047 8451
f 8046 8451 8450
f 8047 8048 8452
f 8047 8452 8451
f 8048 8049 8453
f 8048 8453 8452
f 8049 8050 8454
f 8049 8454 8453
f 8050 8051 8455
f 8050 8455 8454
f 8051 8052 8456
f 8051 8456 8455
f 8052 8053 8457
f 8052 8457 8456
f 8053 8054 8458
f 8053 8458 8457
f 8054 8055 8459
f 8054 8459 8458
f 8055 8056 8460
f 8055 8460 8459
f 8056 8057 8461
f 8056 8461 8460
f 8057 8058 8462
f 8057 8462 8461
f 8058 8059 8463
f 8058 8463 8462
f 8059 8060 8464
f 8059 8464 8463
f 8060 8061 8465
f 8060 8465 8464
f 8061 8062 8466
f 8061 8466 8465
f 8062 8063 8467
f 8062 8467 8466
f 8063 8064 8468
f 8063 8468 8467
f 8064 8065 8469
f 8064 8469 8468
f 8065 8066 8470
f 8065 8470 8469
f 8066 8067 8471
f 8066 8471 8470
f 8067 8068 8472
f 8067 8472 8471
f 8068 8069 8473
f 8068 8473 8472
f 8069 8070 8474
f 8069 8474 8473
f 8070 8071 8475
f 8070 8475 8474
f 8071 8072 8476
f 8071 8476 8475
f 8072 8073 8477
f 8072 8477 8476
f 8073 8074 8478
f 8073 8478 8477
f 8074 8075 8479
f 8074 8479 8478
f 8075 8076 8480
f 8075 8480 8479
f 8076 8077 8481
f 8076 8481 8480
f 8077 8078 8482
f 8077 8482 8481
f 8078 8079 8483
f 8078 8483 8482
f 8079 8080 8484
f 8079 8484 8483
f 8080 8081 8485
f 8080 8485 8484
f 8081 8082 8486
f 8081 8486 8485
f 8082 8083 8487
f 8082 8487 8486
f 8083 8084 8488
f 8083 8488 8487
f 8084 8085 8489
f 8084 8489 8488
f 8085 8086 8490
f 8085 8490 8489
f 8086 8087 8491
f 8086 8491 8490
f 8087 8088 8492
f 8087 8492 8491
f 8088 8089 8493
f 8088 8493 8492
f 8089 8090 8494
f 8089 8494 8493
f 8090 8091 8495
f 8090 8495 8494
f 8091 8092 8496
f 8091 8496 8495
f 8092 8093 8497
f 8092 8497 8496
f 8093 8094 8498
f 8093 8498 8497
f 8094 8095 8499
f 8094 8499 8498
f 8095 8096 8500
f 8095 8500 8499
f 8096 8097 8501
f 8096 8501 8500
f 8097 8098 8502
f 8097 8502 8501
f 8098 8099 8503
f 8098 8503 8502
f 8099 8100 8504
f 8099 8504 8503
f 8100 8101 8505
f 8100 8505 8504
f 8101 8102 8506
f 8101 8506 8505
f 8102 8103 8507
f 8102 8507 8506
f 8103 8104 8508
f 8103 8508 8507
f 8104 8105 8509
f 8104 8509 8508
f 8105 8106 8510
f 8105 8510 8509
f 8106 8107 8511
f 8106 8511 8510
f 8107 8108 8512
f 8107 8512 8511
f 8108 8109 8513
f 8108 8513 8512
f 8109 8110 8514
f 8109 8514 8513
f 8110 8111 8515
f 8110 8515 8514
f 8111 8112 8516
f 8111 8516 8515
f 8112 8113 8517
f 8112 8517 8516
f 8113 8114 8518
f 8113 8518 8517
f 8114 8115 8519
f 8114 8519 8518
f 8115 8116 8520
f 8115 8520 8519
f 8116 8117 8521
f 8116 8521 8520
f 8117 8118 8522
f 8117 8522 8521
f 8118 8119 8523
f 8118 8523 8522
f 8119 8120 8524
f 8119 8524 8523
f 8120 8121 8525
f 8120 8525 8524
f 8121 8122 8526
f 8121 8526 8525
f 8122 8123 8527
f 8122 8527 8526
f 8123 8124 8528
f 8123 8528 8527
f 8124 8125 8529
f 8124 8529 8528
f 8125 8126 8530
f 8125 8530 8529
f 8126 8127 8531
f 8126 8531 8530
f 8127 8128 8532
f 8127 8532 8531
f 8128 8129 8533
f 8128 8533 8532
f 8129 8130 8534
f 8129 8534 8533
f 8130 8131 8535
f 8130 8535 8534
f 8131 8132 8536
f 8131 8536 8535
f 8132 8133 8537
f 8132 8537 8536
f 8133 8134 8538
f 8133 8538 8537
f 8134 8135 8539
f 8134 8539 8538
f 8135 8136 8540
f 8135 8540 8539
f 8136 8137 8541
f 8136 8541 8540
f 8137 8138 8542
f 8137 8542 8541
f 8138 8139 8543
f 8138 8543 8542
f 8139 8140 8544
f 8139 8544 8543
f 8140 8141 8545
f 8140 8545 8544
f 8141 8142 8546
f 8141 8546 8545
f 8142 8143 8547
f 8142 8547 8546
f 8143 8144 8548
f 8143 8548 8547
f 8144 8145 8549
f 8144 8549 8548
f 8145 8146 8550
f 8145 8550 8549
f 8146 8147 8551
f 8146 8551 8550
f 8147 8148 8552
f 8147 8552 8551
f 8148 8149 8553
f 8148 8553 8552
f 8149 8150 8554
f 8149 8554 8553
f 8150 8151 8555
f 8150 8555 8554
f 8151 8152 8556
f 8151 8556 8555
f 8152 8153 8557
f 8152 8557 8556
f 8153 8154 8558
f 8153 8558 8557
f 8154 8155 8559
f 8154 8559 8558
f 8155 8156 8560
f 8155 8560 8559
f 8156 8157 8561
f 8156 8561 8560
f 8157 8158 8562
f 8157 8562 8561
f 8158 8159 8563
f 8158 8563 8562
f 8159 8160 8564
f 8159 8564 8563
f 8160 8161 8565
f 8160 8565 8564
f 8161 8162 8566
f 8161 8566 8565
f 8162 8163 8567
f 8162 8567 8566
f 8163 8164 8568
f 8163 8568 8567
f 8164 8165 8569
f 8164 8569 8568
f 8165 8166 8570
f 8165 8570 8569
f 8166 8167 8571
f 8166 8571 8570
f 8167 8168 8572
f 8167 8572 8571
f 8168 8169 8573
f 8168 8573 8572
f 8169 8170 8574
f 8169 8574 8573
f 8170 8171 8575
f 8170 8575 8574
f 8171 8172 8576
f 8171 8576 8575
f 8172 8173 8577
f 8172 8577 8576
f 8173 8174 8578
f 8173 8578 8577
f 8174 8175 8579
f 8174 8579 8578
f 8175 8176 8580
f 8175 8580 8579
f 8176 8177 8581
f 8176 8581 8580
f 8177 8178 8582
f 8177 8582 8581
f 8178 8179 8583
f 8178 8583 8582
f 8179 8180 8584
f 8179 8584 8583
f 8180 8181 8585
f 8180 8585 8584
f 8181 8182 8586
f 8181 8586 8585
f 8182 8183 8587
f 8182 8587 8586
f 8183 8184 8588
f 8183 8588 8587
f 8184 8185 8589
f 8184 8589 8588
f 8185 8186 8590
f 8185 8590 8589
f 8186 8187 8591
f 8186 8591 8590
f 8187 8188 8592
f 8187 8592 8591
f 8188 8189 8593
f 8188 8593 8592
f 8189 8190 8594
f 8189 8594 8593
f 8190 8191 8595
f 8190 8595 8594
f 8191 8192 8596
f 8191 8596 8595
f 8192 8193 8597
f 8192 8597 8596
f 8193 8194 8598
f 8193 8598 8597
f 8194 8195 8599
f 8194 8599 8598
f 8195 8196 8600
f 8195 8600 8599
f 8196 8197 8601
f 8196 8601 8600
f 8197 8198 8602
f 8197 8602 8601
f 8198 8199 8603
f 8198 8603 8602
f 8199 8200 8604
f 8199 8604 8603
f 8200 8201 8605
f 8200 8605 8604
f 8201 8202 8606
f 8201 8606 8605
f 8202 8203 8607
f 8202 8607 8606
f 8203 8204 8608
f 8203 8608 8607
f 8204 8205 8609
f 8204 8609 8608
f 8205 8206 8610
f 8205 8610 8609
f 8206 8207 8611
f 8206 8611 8610
f 8207 8208 8612
f 8207 8612 8611
f 8208 8209 8613
f 8208 8613 8612
f 8209 8210 8614
f 8209 8614 8613
f 8210 8211 8615
f 8210 8615 8614
f 8211 8212 8616
f 8211 8616 8615
f 8212 8213 8617
f 8212 8617 8616
f 8213 8214 8618
f 8213 8618 8617
f 8214 8215 8619
f 8214 8619 8618
f 8215 8216 8620
f 8215 8620 8619
f 8216 8217 8621
f 8216 8621 8620
f 8217 8218 8622
f 8217 8622 8621
f 8218 8219 8623
f 8218 8623 8622
f 8219 8220 8624
f 8219 8624 8623
f 8220 8221 8625
f 8220 8625 8624
f 8221 8222 8626
f 8221 8626 8625
f 8222 8223 8627
f 8222 8627 8626
f 8223 8224 8628
f 8223 8628 8627
f 8224 8225 8629
f 8224 8629 8628
f 8225 8226 8630
f 8225 8630 8629
f 8226 8227 8631
f 8226 8631 8630
f 8227 8228 8632
f 8227 8632 8631
f 8228 8229 8633
f 8228 8633 8632
f 8229 8230 8634
f 8229 8634 8633
f 8230 8231 8635
f 8230 8635 8634
f 8231 8232 8636
f 8231 8636 8635
f 8232 8233 8637
f 8232 8637 8636
f 8233 8234 8638
f 8233 8638 8637
f 8234 8235 8639
f 8234 8639 8638
f 8235 8236 8640
f 8235 8640 8639
f 8236 8237 8641
f 8236 8641 8640
f 8237 8238 8642
f 8237 8642 8641
f 8238 8239 8643
f 8238 8643 8642
f 8239 8240 8644
f 8239 8644 8643
f 8240 8241 8645
f 8240 8645 8644
f 8241 8242 8646
f 8241 8646 8645
f 8242 8243 8647
f 8242 8647 8646
f 8243 8244 8648
f 8243 8648 8647
f 8244 8245 8649
f 8244 8649 8648
f 8245 8246 8650
f 8245 8650 8649
f 8246 8247 8651
f 8246 8651 8650
f 8247 8248 8652
f 8247 8652 8651
f 8248 8249 8653
f 8248 8653 8652
f 8249 8250 8654
f 8249 8654 8653
f 8250 8251 8655
f 8250 8655 8654
f 8251 8252 8656
f 8251 8656 8655
f 8252 8253 8657
f 8252 8657 8656
f 8253 8254 8658
f 8253 8658 8657
f 8254 8255 8659
f 8254 8659 8658
f 8255 8256 8660
f 8255 8660 8659
f 8256 8257 8661
f 8256 8661 8660
f 8257 8258 8662
f 8257 8662 8661
f 8258 8259 8663
f 8258 8663 8662
f 8259 8260 8664
f 8259 8664 8663
f 8260 8261 8665
f 8260 8665 8664
f 8261 8262 8666
f 8261 8666 8665
f 8262 8263 8667
f 8262 8667 8666
f 8263 8264 8668
f 8263 8668 8667
f 8264 8265 8669
f 8264 8669 8668
f 8265 8266 8670
f 8265 8670 8669
f 8266 8267 8671
f 8266 8671 8670
f 8267 8268 8672
f 8267 8672 8671
f 8268 8269 8673
f 8268 8673 8672
f 8269 8270 8674
f 8269 8674 8673
f 8270 8271 8675
f 8270 8675 8674
f 8271 8272 8676
f 8271 8676 8675
f 8272 8273 8677
f 8272 8677 8676
f 8273 8274 8678
f 8273 8678 8677
f 8274 8275 8679
f 8274 8679 8678
f 8275 8276 8680
f 8275 8680 8679
f 8276 8277 8681
f 8276 8681 8680
f 8277 8278 8682
f 8277 8682 8681
f 8278 8279 8683
f 8278 8683 8682
f 8279 8280 8684
f 8279 8684 8683
f 8280 8281 8685
f 8280 8685 8684
f 8281 8282 8686
f 8281 8686 8685
f 8282 8283 8687
f 8282 8687 8686
f 8283 8284 8688
f 8283 8688 8687
f 8284 8285 8689
f 8284 8689 8688
f 8285 8286 8690
f 8285 8690 8689
f 8286 8287 8691
f 8286 8691 8690
f 8287 8288 8692
f 8287 8692 8691
f 8288 8289 8693
f 8288 8693 8692
f 8289 8290 8694
f 8289 8694 8693
f 8290 8291 8695
f 8290 8695 8694
f 8291 8292 8696
f 8291 8696 8695
f 8292 7889 8293
f 8292 8293 8696
f 8697 8698 9102
f 8697 9102 9101
f 8698 8699 9103
f 8698 9103 9102
f 8699 8700 9104
f 8699 9104 9103
f 8700 8701 9105
f 8700 9105 9104
f 8701 8702 9106
f 8701 9106 9105
f 8702 8703 9107
f 8702 9107 9106
f 8703 8704 9108
f 8703 9108 9107
f 8704 8705 9109
f 8704 9109 9108
f 8705 8706 9110
f 8705 9110 9109
f 8706 8707 9111
f 8706 9111 9110
f 8707 8708 9112
f 8707 9112 9111
f 8708 8709 9113
f 8708 9113 9112
f 8709 8710 9114
f 8709 9114 9113
f 8710 8711 9115
f 8710 9115 9114
f 8711 8712 9116
f 8711 9116 9115
f 8712 8713 9117
f 8712 9117 9116
f 8713 8714 9118
f 8713 9118 9117
f 8714 8715 9119
f 8714 9119 9118
f 8715 8716 9120
f 8715 9120 9119
f 8716 8717 9121
f 8716 9121 9120
f 8717 8718 9122
f 8717 9122 9121
f 8718 8719 9123
f 8718 9123 9122
f 8719 8720 9124
f 8719 9124 9123
f 8720 8721 9125
f 8720 9125 9124
f 8721 8722 9126
f 8721 9126 9125
f 8722 8723 9127
f 8722 9127 9126
f 8723 8724 9128
f 8723 9128 9127
f 8724 8725 9129
f 8724 9129 9128
f 8725 8726 9130
f 8725 9130 9129
f 8726 8727 9131
f 8726 9131 9130
f 8727 8728 9132
f 8727 9132 9131
f 8728 8729 9133
f 8728 9133 9132
f 8729 8730 9134
f 8729 9134 9133
f 8730 8731 9135
f 8730 9135 9134
f 8731 8732 9136
f 8731 9136 9135
f 8732 8733 9137
f 8732 9137 9136
f 8733 8734 9138
f 8733 9138 9137
f 8734 8735 9139
f 8734 9139 9138
f 8735 8736 9140
f 8735 9140 9139
f 8736 8737 9141
f 8736 9141 9140
f 8737 8738 9142
f 8737 9142 9141
f 8738 8739 9143
f 8738 9143 9142
f 8739 8740 9144
f 8739 9144 9143
f 8740 8741 9145
f 8740 9145 9144
f 8741 8742 9146
f 8741 9146 9145
f 8742 8743 9147
f 8742 9147 9146
f 8743 8744 9148
f 8743 9148 9147
f 8744 8745 9149
f 8744 9149 9148
f 8745 8746 9150
f 8745 9150 9149
f 8746 8747 9151
f 8746 9151 9150
f 8747 8748 9152
f 8747 9152 9151
f 8748 8749 9153
f 8748 9153 9152
f 8749 8750 9154
f 8749 9154 9153
f 8750 8751 9155
f 8750 9155 9154
f 8751 8752 9156
f 8751 9156 9155
f 8752 8753 9157
f 8752 9157 9156
f 8753 8754 9158
f 8753 9158 9157
f 8754 8755 9159
f 8754 9159 9158
f 8755 8756 9160
f 8755 9160 9159
f 8756 8757 9161
f 8756 9161 9160
f 8757 8758 9162
f 8757 9162 9161
f 8758 8759 9163
f 8758 9163 9162
f 8759 8760 9164
f 8759 9164 9163
f 8760 8761 9165
f 8760 9165 9164
f 8761 8762 9166
f 8761 9166 9165
f 8762 8763 9167
f 8762 9167 9166
f 8763 8764 9168
f 8763 9168 9167
f 8764 8765 9169
f 8764 9169 9168
f 8765 8766 9170
f 8765 9170 9169
f 8766 8767 9171
f 8766 9171 9170
f 8767 8768 9172
f 8767 9172 9171
f 8768 8769 9173
f 8768 9173 9172
f 8769 8770 9174
f 8769 9174 9173
f 8770 8771 9175
f 8770 9175 9174
f 8771 8772 9176
f 8771 9176 9175
f 8772 8773 9177
f 8772 9177 9176
f 8773 8774 9178
f 8773 9178 9177
f 8774 8775 9179
f 8774 9179 9178
f 8775 8776 9180
f 8775 9180 9179
f 8776 8777 9181
f 8776 9181 9180
f 8777 8778 9182
f 8777 9182 9181
f 8778 8779 9183
f 8778 9183 9182
f 8779 8780 9184
f 8779 9184 9183
f 8780 8781 9185
f 8780 9185 9184
f 8781 8782 9186
f 8781 9186 9185
f 8782 8783 9187
f 8782 9187 9186
f 8783 8784 9188
f 8783 9188 9187
f 8784 8785 9189
f 8784 9189 9188
f 8785 8786 9190
f 8785 9190 9189
f 8786 8787 9191
f 8786 9191 9190
f 8787 8788 9192
f 8787 9192 9191
f 8788 8789 9193
f 8788 9193 9192
f 8789 8790 9194
f 8789 9194 9193
f 8790 8791 9195
f 8790 9195 9194
f 8791 8792 9196
f 8791 9196 9195
f 8792 8793 9197
f 8792 9197 9196
f 8793 8794 9198
f 8793 9198 9197
f 8794 8795 9199
f 8794 9199 9198
f 8795 8796 9200
f 8795 9200 9199
f 8796 8797 9201
f 8796 9201 9200
f 8797 8798 9202
f 8797 9202 9201
f 8798 8799 9203
f 8798 9203 9202
f 8799 8800 9204
f 8799 9204 9203
f 8800 8801 9205
f 8800 9205 9204
f 8801 8802 9206
f 8801 9206 9205
f 8802 8803 9207
f 8802 9207 9206
f 8803 8804 9208
f 8803 9208 9207
f 8804 8805 9209
f 8804 9209 9208
f 8805 8806 9210
f 8805 9210 9209
f 8806 8807 9211
f 8806 9211 9210
f 8807 8808 9212
f 8807 9212 9211
f 8808 8809 9213
f 8808 9213 9212
f 8809 8810 9214
f 8809 9214 9213
f 8810 8811 9215
f 8810 9215 9214
f 8811 8812 9216
f 8811 9216 9215
f 8812 8813 9217
f 8812 9217 9216
f 8813 8814 9218
f 8813 9218 9217
f 8814 8815 9219
f 8814 9219 9218
f 8815 8816 9220
f 8815 9220 9219
f 8816 8817 9221
f 8816 9221 9220
f 8817 8818 9222
f 8817 9222 9221
f 8818 8819 9223
f 8818 9223 9222
f 8819 8820 9224
f 8819 9224 9223
f 8820 8821 9225
f 8820 9225 9224
f 8821 8822 9226
f 8821 9226 9225
f 8822 8823 9227
f 8822 9227 9226
f 8823 8824 9228
f 8823 9228 9227
f 8824 8825 9229
f 8824 9229 9228
f 8825 8826 9230
f 8825 9230 9229
f 8826 8827 9231
f 8826 9231 9230
f 8827 8828 9232
f 8827 9232 9231
f 8828 8829 9233
f 8828 9233 9232
f 8829 8830 9234
f 8829 9234 9233
f 8830 8831 9235
f 8830 9235 9234
f 8831 8832 9236
f 8831 9236 9235
f 8832 8833 9237
f 8832 9237 9236
f 8833 8834 9238
f 8833 9238 9237
f 8834 8835 9239
f 8834 9239 9238
f 8835 8836 9240
f 8835 9240 9239
f 8836 8837 9241
f 8836 9241 9240
f 8837 8838 9242
f 8837 9242 9241
f 8838 8839 9243
f 8838 9243 9242
f 8839 8840 9244
f 8839 9244 9243
f 8840 8841 9245
f 8840 9245 9244
f 8841 8842 9246
f 8841 9246 9245
f 8842 8843 9247
f 8842 9247 9246
f 8843 8844 9248
f 8843 9248 9247
f 8844 8845 9249
f 8844 9249 9248
f 8845 8846 9250
f 8845 9250 9249
f 8846 8847 9251
f 8846 9251 9250
f 8847 8848 9252
f 8847 9252 9251
f 8848 8849 9253
f 8848 9253 9252
f 8849 8850 9254
f 8849 9254 9253
f 8850 8851 9255
f 8850 9255 9254
f 8851 8852 9256
f 8851 9256 9255
f 8852 8853 9257
f 8852 9257 9256
f 8853 8854 9258
f 8853 9258 9257
f 8854 8855 9259
f 8854 9259 9258
f 8855 8856 9260
f 8855 9260 9259
f 8856 8857 9261
f 8856 9261 9260
f 8857 8858 9262
f 8857 9262 9261
f 8858 8859 9263
f 8858 9263 9262
f 8859 8860 9264
f 8859 9264 9263
f 8860 8861 9265
f 8860 9265 9264
f 8861 8862 9266
f 8861 9266 9265
f 8862 8863 9267
f 8862 9267 9266
f 8863 8864 9268
f 8863 9268 9267
f 8864 8865 9269
f 8864 9269 9268
f 8865 8866 9270
f 8865 9270 9269
f 8866 8867 9271
f 8866 9271 9270
f 8867 8868 9272
f 8867 9272 9271
f 8868 8869 9273
f 8868 9273 9272
f 8869 8870 9274
f 8869 9274 9273
f 8870 8871 9275
f 8870 9275 9274
f 8871 8872 9276
f 8871 9276 9275
f 8872 8873 9277
f 8872 9277 9276
f 8873 8874 9278
f 8873 9278 9277
f 8874 8875 9279
f 8874 9279 9278
f 8875 8876 9280
f 8875 9280 9279
f 8876 8877 9281
f 8876 9281 9280
f 8877 8878 9282
f 8877 9282 9281
f 8878 8879 9283
f 8878 9283 9282
f 8879 8880 9284
f 8879 9284 9283
f 8880 8881 9285
f 8880 9285 9284
f 8881 8882 9286
f 8881 9286 9285
f 8882 8883 9287
f 8882 9287 9286
f 8883 8884 9288
f 8883 9288 9287
f 8884 8885 9289
f 8884 9289 9288
f 8885 8886 9290
f 8885 9290 9289
f 8886 8887 9291
f 8886 9291 9290
f 8887 8888 9292
f 8887 9292 9291
f 8888 8889 9293
f 8888 9293 9292
f 8889 8890 9294
f 8889 9294 9293
f 8890 8891 9295
f 8890 9295 9294
f 8891 8892 9296
f 8891 9296 9295
f 8892 8893 9297
f 8892 9297 9296
f 8893 8894 9298
f 8893 9298 9297
f 8894 8895 9299
f 8894 9299 9298
f 8895 8896 9300
f 8895 9300 9299
f 8896 8897 9301
f 8896 9301 9300
f 8897 8898 9302
f 8897 9302 9301
f 8898 8899 9303
f 8898 9303 9302
f 8899 8900 9304
f 8899 9304 9303
f 8900 8901 9305
f 8900 9305 9304
f 8901 8902 9306
f 8901 9306 9305
f 8902 8903 9307
f 8902 9307 9306
f 8903 8904 9308
f 8903 9308 9307
f 8904 8905 9309
f 8904 9309 9308
f 8905 8906 9310
f 8905 9310 9309
f 8906 8907 9311
f 8906 9311 9310
f 8907 8908 9312
f 8907 9312 9311
f 8908 8909 9313
f 8908 9313 9312
f 8909 8910 9314
f 8909 9314 9313
f 8910 8911 9315
f 8910 9315 9314
f 8911 8912 9316
f 8911 9316 9315
f 8912 8913 9317
f 8912 9317 9316
f 8913 8914 9318
f 8913 9318 9317
f 8914 8915 9319
f 8914 9319 9318
f 8915 8916 9320
f 8915 9320 9319
f 8916 8917 9321
f 8916 9321 9320
f 8917 8918 9322
f 8917 9322 9321
f 8918 8919 9323
f 8918 9323 9322
f 8919 8920 9324
f 8919 9324 9323
f 8920 8921 9325
f 8920 9325 9324
f 8921 8922 9326
f 8921 9326 9325
f 8922 8923 9327
f 8922 9327 9326
f 8923 8924 9328
f 8923 9328 9327
f 8924 8925 9329
f 8924 9329 9328
f 8925 8926 9330
f 8925 9330 9329
f 8926 8927 9331
f 8926 9331 9330
f 8927 8928 9332
f 8927 9332 9331
f 8928 8929 9333
f 8928 9333 9332
f 8929 8930 9334
f 8929 9334 9333
f 8930 8931 9335
f 8930 9335 9334
f 8931 8932 9336
f 8931 9336 9335
f 8932 8933 9337
f 8932 9337 9336
f 8933 8934 9338
f 8933 9338 9337
f 8934 8935 9339
f 8934 9339 9338
f 8935 8936 9340
f 8935 9340 9339
f 8936 8937 9341
f 8936 9341 9340
f 8937 8938 9342
f 8937 9342 9341
f 8938 8939 9343
f 8938 9343 9342
f 8939 8940 9344
f 8939 9344 9343
f 8940 8941 9345
f 8940 9345 9344
f 8941 8942 9346
f 8941 9346 9345
f 8942 8943 9347
f 8942 9347 9346
f 8943 8944 9348
f 8943 9348 9347
f 8944 8945 9349
f 8944 9349 9348
f 8945 8946 9350
f 8945 9350 9349
f 8946 8947 9351
f 8946 9351 9350
f 8947 8948 9352
f 8947 9352 9351
f 8948 8949 9353
f 8948 9353 9352
f 8949 8950 9354
f 8949 9354 9353
f 8950 8951 9355
f 8950 9355 9354
f 8951 8952 9356
f 8951 9356 9355
f 8952 8953 9357
f 8952 9357 9356
f 8953 8954 9358
f 8953 9358 9357
f 8954 8955 9359
f 8954 9359 9358
f 8955 8956 9360
f 8955 9360 9359
f 8956 8957 9361
f 8956 9361 9360
f 8957 8958 9362
f 8957 9362 9361
f 8958 8959 9363
f 8958 9363 9362
f 8959 8960 9364
f 8959 9364 9363
f 8960 8961 9365
f 8960 9365 9364
f 8961 8962 9366
f 8961 9366 9365
f 8962 8963 9367
f 8962 9367 9366
f 8963 8964 9368
f 8963 9368 9367
f 8964 8965 9369
f 8964 9369 9368
f 8965 8966 9370
f 8965 9370 9369
f 8966 8967 9371
f 8966 9371 9370
f 8967 8968 9372
f 8967 9372 9371
f 8968 8969 9373
f 8968 9373 9372
f 8969 8970 9374
f 8969 9374 9373
f 8970 8971 9375
f 8970 9375 9374
f 8971 8972 9376
f 8971 9376 9375
f 8972 8973 9377
f 8972 9377 9376
f 8973 8974 9378
f 8973 9378 9377
f 8974 8975 9379
f 8974 9379 9378
f 8975 8976 9380
f 8975 9380 9379
f 8976 8977 9381
f 8976 9381 9380
f 8977 8978 9382
f 8977 9382 9381
f 8978 8979 9383
f 8978 9383 9382
f 8979 8980 9384
f 8979 9384 9383
f 8980 8981 9385
f 8980 9385 9384
f 8981 8982 9386
f 8981 9386 9385
f 8982 8983 9387
f 8982 9387 9386
f 8983 8984 9388
f 8983 9388 9387
f 8984 8985 9389
f 8984 9389 9388
f 8985 8986 9390
f 8985 9390 9389
f 8986 8987 9391
f 8986 9391 9390
f 8987 8988 9392
f 8987 9392 9391
f 8988 8989 9393
f 8988 9393 9392
f 8989 8990 9394
f 8989 9394 9393
f 8990 8991 9395
f 8990 9395 9394
f 8991 8992 9396
f 8991 9396 9395
f 8992 8993 9397
f 8992 9397 9396
f 8993 8994 9398
f 8993 9398 9397
f 8994 8995 9399
f 8994 9399 9398
f 8995 8996 9400
f 8995 9400 9399
f 8996 8997 9401
f 8996 9401 9400
f 8997 8998 9402
f 8997 9402 9401
f 8998 8999 9403
f 8998 9403 9402
f 8999 9000 9404
f 8999 9404 9403
f 9000 9001 9405
f 9000 9405 9404
f 9001 9002 9406
f 9001 9406 9405
f 9002 9003 9407
f 9002 9407 9406
f 9003 9004 9408
f 9003 9408 9407
f 9004 9005 9409
f 9004 9409 9408
f 9005 9006 9410
f 9005 9410 9409
f 9006 9007 9411
f 9006 9411 9410
f 9007 9008 9412
f 9007 9412 9411
f 9008 9009 9413
f 9008 9413 9412
f 9009 9010 9414
f 9009 9414 9413
f 9010 9011 9415
f 9010 9415 9414
f 9011 9012 9416
f 9011 9416 9415
f 9012 9013 9417
f 9012 9417 9416
f 9013 9014 9418
f 9013 9418 9417
f 9014 9015 9419
f 9014 9419 9418
f 9015 9016 9420
f 9015 9420 9419
f 9016 9017 9421
f 9016 9421 9420
f 9017 9018 9422
f 9017 9422 9421
f 9018 9019 9423
f 9018 9423 9422
f 9019 9020 9424
f 9019 9424 9423
f 9020 9021 9425
f 9020 9425 9424
f 9021 9022 9426
f 9021 9426 9425
f 9022 9023 9427
f 9022 9427 9426
f 9023 9024 9428
f 9023 9428 9427
f 9024 9025 9429
f 9024 9429 9428
f 9025 9026 9430
f 9025 9430 9429
f 9026 9027 9431
f 9026 9431 9430
f 9027 9028 9432
f 9027 9432 9431
f 9028 9029 9433
f 9028 9433 9432
f 9029 9030 9434
f 9029 9434 9433
f 9030 9031 9435
f 9030 9435 9434
f 9031 9032 9436
f 9031 9436 9435
f 9032 9033 9437
f 9032 9437 9436
f 9033 9034 9438
f 9033 9438 9437
f 9034 9035 9439
f 9034 9439 9438
f 9035 9036 9440
f 9035 9440 9439
f 9036 9037 9441
f 9036 9441 9440
f 9037 9038 9442
f 9037 9442 9441
f 9038 9039 9443
f 9038 9443 9442
f 9039 9040 9444
f 9039 9444 9443
f 9040 9041 9445
f 9040 9445 9444
f 9041 9042 9446
f 9041 9446 9445
f 9042 9043 9447
f 9042 9447 9446
f 9043 9044 9448
f 9043 9448 9447
f 9044 9045 9449
f 9044 9449 9448
f 9045 9046 9450
f 9045 9450 9449
f 9046 9047 9451
f 9046 9451 9450
f 9047 9048 9452
f 9047 9452 9451
f 9048 9049 9453
f 9048 9453 9452
f 9049 9050 9454
f 9049 9454 9453
f 9050 9051 9455
f 9050 9455 9454
f 9051 9052 9456
f 9051 9456 9455
f 9052 9053 9457
f 9052 9457 9456
f 9053 9054 9458
f 9053 9458 9457
f 9054 9055 9459
f 9054 9459 9458
f 9055 9056 9460
f 9055 9460 9459
f 9056 9057 9461
f 9056 9461 9460
f 9057 9058 9462
f 9057 9462 9461
f 9058 9059 9463
f 9058 9463 9462
f 9059 9060 9464
f 9059 9464 9463
f 9060 9061 9465
f 9060 9465 9464
f 9061 9062 9466
f 9061 9466 9465
f 9062 9063 9467
f 9062 9467 9466
f 9063 9064 9468
f 9063 9468 9467
f 9064 9065 9469
f 9064 9469 9468
f 9065 9066 9470
f 9065 9470 9469
f 9066 9067 9471
f 9066 9471 9470
f 9067 9068 9472
f 9067 9472 9471
f 9068 9069 9473
f 9068 9473 9472
f 9069 9070 9474
f 9069 9474 9473
f 9070 9071 9475
f 9070 9475 9474
f 9071 9072 9476
f 9071 9476 9475
f 9072 9073 9477
f 9072 9477 9476
f 9073 9074 9478
f 9073 9478 9477
f 9074 9075 9479
f 9074 9479 9478
f 9075 9076 9480
f 9075 9480 9479
f 9076 9077 9481
f 9076 9481 9480
f 9077 9078 9482
f 9077 9482 9481
f 9078 9079 9483
f 9078 9483 9482
f 9079 9080 9484
f 9079 9484 9483
f 9080 9081 9485
f 9080 9485 9484
f 9081 9082 9486
f 9081 9486 9485
f 9082 9083 9487
f 9082 9487 9486
f 9083 9084 9488
f 9083 9488 9487
f 9084 9085 9489
f 9084 9489 9488
f 9085 9086 9490
f 9085 9490 9489
f 9086 9087 9491
f 9086 9491 9490
f 9087 9088 9492
f 9087 9492 9491
f 9088 9089 9493
f 9088 9493 9492
f 9089 9090 9494
f 9089 9494 9493
f 9090 9091 9495
f 9090 9495 9494
f 9091 9092 9496
f 9091 9496 9495
f 9092 9093 9497
f 9092 9497 9496
f 9093 9094 9498
f 9093 9498 9497
f 9094 9095 9499
f 9094 9499 9498
f 9095 9096 9500
f 9095 9500 9499
f 9096 9097 9501
f 9096 9501 9500
f 9097 9098 9502
f 9097 9502 9501
f 9098 9099 9503
f 9098 9503 9502
f 9099 9100 9504
f 9099 9504 9503
f 9100 8697 9101
f 9100 9101 9504
f 8292 9100 7889
f 8292 8697 9100
f 9100 7890 7889
f 9099 7890 9100
f 9099 7891 7890
f 9098 7891 9099
f 8291 8697 8292
f 8291 8698 8697
f 8290 8698 8291
f 8290 8699 8698
f 9098 7892 7891
f 9097 7892 9098
f 8289 8699 8290
f 8289 8700 8699
f 9097 7893 7892
f 9096 7893 9097
f 8288 8700 8289
f 8288 8701 8700
f 9096 7894 7893
f 9095 7894 9096
f 8287 8701 8288
f 8287 8702 8701
f 9095 7895 7894
f 9094 7895 9095
f 8286 8702 8287
f 8286 8703 8702
f 9094 7896 7895
f 9093 7896 9094
f 9093 7897 7896
f 9092 7897 9093
f 9092 7898 7897
f 9091 7898 9092
f 9091 7899 7898
f 9090 7899 9091
f 9090 7900 7899
f 9089 7900 9090
f 9089 7901 7900
f 9088 7901 9089
f 9088 7902 7901
f 9087 7902 9088
f 9087 7903 7902
f 9086 7903 9087
f 9086 7904 7903
f 9085 7904 9086
f 9085 7905 7904
f 9084 7905 9085
f 9084 7906 7905
f 9083 7906 9084
f 9083 7907 7906
f 9082 7907 9083
f 9082 7908 7907
f 9081 7908 9082
f 9081 7909 7908
f 9080 7909 9081
f 9080 7910 7909
f 9079 7910 9080
f 9079 7911 7910
f 9078 7911 9079
f 9078 7912 7911
f 9077 7912 9078
f 9077 7913 7912
f 9076 7913 9077
f 9076 7914 7913
f 9075 7914 9076
f 9075 7915 7914
f 9074 7915 9075
f 9074 7916 7915
f 9073 7916 9074
f 9073 7917 7916
f 9072 7917 9073
f 9072 7918 7917
f 9071 7918 9072
f 9071 7919 7918
f 9070 7919 9071
f 9070 7920 7919
f 9069 7920 9070
f 9069 7921 7920
f 9068 7921 9069
f 9068 7922 7921
f 9067 7922 9068
f 9067 7923 7922
f 9066 7923 9067
f 9066 7924 7923
f 9065 7924 9066
f 9065 7925 7924
f 9064 7925 9065
f 9064 7926 7925
f 9063 7926 9064
f 9063 7927 7926
f 9062 7927 9063
f 9062 7928 7927
f 9061 7928 9062
f 9061 7929 7928
f 9060 7929 9061
f 9060 7930 7929
f 9059 7930 9060
f 9059 7931 7930
f 9058 7931 9059
f 9058 7932 7931
f 9057 7932 9058
f 9057 7933 7932
f 9056 7933 9057
f 9056 7934 7933
f 9055 7934 9056
f 9055 7935 7934
f 9054 7935 9055
f 9054 7936 7935
f 9053 7936 9054
f 9053 7937 7936
f 9052 7937 9053
f 9052 7938 7937
f 9051 7938 9052
f 9051 7939 7938
f 9050 7939 9051
f 9050 7940 7939
f 9049 7940 9050
f 9049 7941 7940
f 9048 7941 9049
f 9048 7942 7941
f 9047 7942 9048
f 9047 7943 7942
f 9046 7943 9047
f 9046 7944 7943
f 9045 7944 9046
f 8285 8703 8286
f 8285 8704 8703
f 8284 8704 8285
f 8284 8705 8704
f 8283 8705 8284
f 8283 8706 8705
f 8282 8706 8283
f 8282 8707 8706
f 8281 8707 8282
f 8281 8708 8707
f 8280 8708 8281
f 8280 8709 8708
f 8279 8709 8280
f 8279 8710 8709
f 8278 8710 8279
f 8278 8711 8710
f 8277 8711 8278
f 8277 8712 8711
f 8276 8712 8277
f 8276 8713 8712
f 8275 8713 8276
f 8275 8714 8713
f 8274 8714 8275
f 8274 8715 8714
f 8273 8715 8274
f 8273 8716 8715
f 8272 8716 8273
f 8272 8717 8716
f 8271 8717 8272
f 8271 8718 8717
f 8270 8718 8271
f 8270 8719 8718
f 8269 8719 8270
f 8269 8720 8719
f 8268 8720 8269
f 8268 8721 8720
f 8267 8721 8268
f 8267 8722 8721
f 8266 8722 8267
f 8266 8723 8722
f 8265 8723 8266
f 8265 8724 8723
f 8264 8724 8265
f 8264 8725 8724
f 8263 8725 8264
f 8263 8726 8725
f 8262 8726 8263
f 8262 8727 8726
f 8261 8727 8262
f 8261 8728 8727
f 8260 8728 8261
f 8260 8729 8728
f 8259 8729 8260
f 8259 8730 8729
f 8258 8730 8259
f 8258 8731 8730
f 8257 8731 8258
f 8257 8732 8731
f 8256 8732 8257
f 8256 8733 8732
f 8255 8733 8256
f 8255 8734 8733
f 8254 8734 8255
f 8254 8735 8734
f 8253 8735 8254
f 8253 8736 8735
f 8252 8736 8253
f 8252 8737 8736
f 8251 8737 8252
f 8251 8738 8737
f 8250 8738 8251
f 8250 8739 8738
f 8249 8739 8250
f 8249 8740 8739
f 8248 8740 8249
f 8248 8741 8740
f 8247 8741 8248
f 8247 8742 8741
f 8246 8742 8247
f 8246 8743 8742
f 8245 8743 8246
f 8245 8744 8743
f 8244 8744 8245
f 8244 8745 8744
f 8243 8745 8244
f 8243 8746 8745
f 8242 8746 8243
f 8242 8747 8746
f 8241 8747 8242
f 8241 8748 8747
f 8240 8748 8241
f 8240 8749 8748
f 8239 8749 8240
f 8239 8750 8749
f 8238 8750 8239
f 8238 8751 8750
f 8237 8751 8238
f 8237 8752 8751
f 9045 7945 7944
f 9044 7945 9045
f 8236 8752 8237
f 8236 8753 8752
f 9044 7946 7945
f 9043 7946 9044
f 8235 8753 8236
f 8235 8754 8753
f 9043 7947 7946
f 9042 7947 9043
f 9042 7948 7947
f 9041 7948 9042
f 8234 8754 8235
f 8234 8755 8754
f 9041 7949 7948
f 9040 7949 9041
f 8233 8755 8234
f 8233 8756 8755
f 9040 7950 7949
f 9039 7950 9040
f 8232 8756 8233
f 8232 8757 8756
f 8231 8757 8232
f 8231 8758 8757
f 9039 7951 7950
f 9038 7951 9039
f 9038 7952 7951
f 9037 7952 9038
f 8230 8758 8231
f 8230 8759 8758
f 9037 7953 7952
f 9036 7953 9037
f 8229 8759 8230
f 8229 8760 8759
f 8228 8760 8229
f 8228 8761 8760
f 9036 7954 7953
f 9035 7954 9036
f 9035 7955 7954
f 9034 7955 9035
f 8227 8761 8228
f 8227 8762 8761
f 8226 8762 8227
f 8226 8763 8762
f 9034 7956 7955
f 9033 7956 9034
f 9033 7957 7956
f 9032 7957 9033
f 9032 7958 7957
f 9031 7958 9032
f 9031 7959 7958
f 9030 7959 9031
f 9030 7960 7959
f 9029 7960 9030
f 9029 7961 7960
f 9028 7961 9029
f 9028 7962 7961
f 9027 7962 9028
f 9027 7963 7962
f 9026 7963 9027
f 9026 7964 7963
f 9025 7964 9026
f 9025 7965 7964
f 9024 7965 9025
f 9024 7966 7965
f 9023 7966 9024
f 9023 7967 7966
f 9022 7967 9023
f 9022 7968 7967
f 9021 7968 9022
f 9021 7969 7968
f 9020 7969 9021
f 9020 7970 7969
f 9019 7970 9020
f 9019 7971 7970
f 9018 7971 9019
f 9018 7972 7971
f 9017 7972 9018
f 9017 7973 7972
f 9016 7973 9017
f 9016 7974 7973
f 9015 7974 9016
f 9015 7975 7974
f 9014 7975 9015
f 9014 7976 7975
f 9013 7976 9014
f 9013 7977 7976
f 9012 7977 9013
f 9012 7978 7977
f 9011 7978 9012
f 9011 7979 7978
f 9010 7979 9011
f 9010 7980 7979
f 9009 7980 9010
f 9009 7981 7980
f 9008 7981 9009
f 9008 7982 7981
f 9007 7982 9008
f 9007 7983 7982
f 9006 7983 9007
f 9006 7984 7983
f 9005 7984 9006
f 9005 7985 7984
f 9004 7985 9005
f 9004 7986 7985
f 9003 7986 9004
f 9003 7987 7986
f 9002 7987 9003
f 9002 7988 7987
f 9001 7988 9002
f 9001 7989 7988
f 9000 7989 9001
f 9000 7990 7989
f 8999 7990 9000
f 8999 7991 7990
f 8998 7991 8999
f 8998 7992 7991
f 8997 7992 8998
f 8997 7993 7992
f 8996 7993 8997
f 8996 7994 7993
f 8995 7994 8996
f 8995 7995 7994
f 8994 7995 8995
f 8994 7996 7995
f 8993 7996 8994
f 8993 7997 7996
f 8992 7997 8993
f 8992 7998 7997
f 8991 7998 8992
f 8991 7999 7998
f 8990 7999 8991
f 8990 8000 7999
f 8989 8000 8990
f 8989 8001 8000
f 8988 8001 8989
f 8988 8002 8001
f 8987 8002 8988
f 8987 8003 8002
f 8986 8003 8987
f 8986 8004 8003
f 8985 8004 8986
f 8985 8005 8004
f 8984 8005 8985
f 8984 8006 8005
f 8983 8006 8984
f 8983 8007 8006
f 8982 8007 8983
f 8982 8008 8007
f 8981 8008 8982
f 8981 8009 8008
f 8980 8009 8981
f 8980 8010 8009
f 8979 8010 8980
f 8979 8011 8010
f 8978 8011 8979
f 8978 8012 8011
f 8977 8012 8978
f 8977 8013 8012
f 8976 8013 8977
f 8976 8014 8013
f 8975 8014 8976
f 8975 8015 8014
f 8974 8015 8975
f 8974 8016 8015
f 8973 8016 8974
f 8973 8017 8016
f 8972 8017 8973
f 8972 8018 8017
f 8971 8018 8972
f 8971 8019 8018
f 8970 8019 8971
f 8970 8020 8019
f 8969 8020 8970
f 8969 8021 8020
f 8968 8021 8969
f 8968 8022 8021
f 8967 8022 8968
f 8967 8023 8022
f 8966 8023 8967
f 8966 8024 8023
f 8965 8024 8966
f 8965 8025 8024
f 8964 8025 8965
f 8964 8026 8025
f 8963 8026 8964
f 8963 8027 8026
f 8962 8027 8963
f 8962 8028 8027
f 8961 8028 8962
f 8961 8029 8028
f 8960 8029 8961
f 8960 8030 8029
f 8959 8030 8960
f 8959 8031 8030
f 8958 8031 8959
f 8958 8032 8031
f 8957 8032 8958
f 8957 8033 8032
f 8956 8033 8957
f 8956 8034 8033
f 8955 8034 8956
f 8955 8035 8034
f 8954 8035 8955
f 8954 8036 8035
f 8953 8036 8954
f 8953 8037 8036
f 8952 8037 8953
f 8952 8038 8037
f 8951 8038 8952
f 8951 8039 8038
f 8950 8039 8951
f 8950 8040 8039
f 8949 8040 8950
f 8949 8041 8040
f 8948 8041 8949
f 8948 8042 8041
f 8947 8042 8948
f 8947 8043 8042
f 8946 8043 8947
f 8946 8044 8043
f 8945 8044 8946
f 8945 8045 8044
f 8944 8045 8945
f 8944 8046 8045
f 8943 8046 8944
f 8943 8047 8046
f 8942 8047 8943
f 8942 8048 8047
f 8941 8048 8942
f 8941 8049 8048
f 8940 8049 8941
f 8940 8050 8049
f 8939 8050 8940
f 8939 8051 8050
f 8938 8051 8939
f 8938 8052 8051
f 8937 8052 8938
f 8937 8053 8052
f 8936 8053 8937
f 8936 8054 8053
f 8935 8054 8936
f 8935 8055 8054
f 8934 8055 8935
f 8934 8056 8055
f 8933 8056 8934
f 8933 8057 8056
f 8932 8057 8933
f 8932 8058 8057
f 8931 8058 8932
f 8931 8059 8058
f 8930 8059 8931
f 8930 8060 8059
f 8929 8060 8930
f 8929 8061 8060
f 8928 8061 8929
f 8928 8062 8061
f 8927 8062 8928
f 8927 8063 8062
f 8926 8063 8927
f 8926 8064 8063
f 8925 8064 8926
f 8925 8065 8064
f 8924 8065 8925
f 8924 8066 8065
f 8923 8066 8924
f 8923 8067 8066
f 8922 8067 8923
f 8922 8068 8067
f 8921 8068 8922
f 8921 8069 8068
f 8920 8069 8921
f 8920 8070 8069
f 8919 8070 8920
f 8919 8071 8070
f 8918 8071 8919
f 8918 8072 8071
f 8917 8072 8918
f 8917 8073 8072
f 8916 8073 8917
f 8916 8074 8073
f 8915 8074 8916
f 8915 8075 8074
f 8914 8075 8915
f 8914 8076 8075
f 8913 8076 8914
f 8913 8077 8076
f 8912 8077 8913
f 8912 8078 8077
f 8911 8078 8912
f 8911 8079 8078
f 8910 8079 8911
f 8910 8080 8079
f 8909 8080 8910
f 8909 8081 8080
f 8908 8081 8909
f 8908 8082 8081
f 8907 8082 8908
f 8907 8083 8082
f 8906 8083 8907
f 8906 8084 8083
f 8905 8084 8906
f 8905 8085 8084
f 8904 8085 8905
f 8904 8086 8085
f 8903 8086 8904
f 8903 8087 8086
f 8902 8087 8903
f 8902 8088 8087
f 8901 8088 8902
f 8901 8089 8088
f 8900 8089 8901
f 8900 8090 8089
f 8899 8090 8900
f 8899 8091 8090
f 8898 8091 8899
f 8898 8092 8091
f 8897 8092 8898
f 8897 8093 8092
f 8896 8093 8897
f 8896 8094 8093
f 8895 8094 8896
f 8895 8095 8094
f 8894 8095 8895
f 8894 8096 8095
f 8893 8096 8894
f 8893 8097 8096
f 8892 8097 8893
f 8892 8098 8097
f 8891 8098 8892
f 8891 8099 8098
f 8890 8099 8891
f 8890 8100 8099
f 8889 8100 8890
f 8889 8101 8100
f 8888 8101 8889
f 8888 8102 8101
f 8887 8102 8888
f 8887 8103 8102
f 8886 8103 8887
f 8886 8104 8103
f 8885 8104 8886
f 8885 8105 8104
f 8884 8105 8885
f 8884 8106 8105
f 8883 8106 8884
f 8883 8107 8106
f 8882 8107 8883
f 8882 8108 8107
f 8881 8108 8882
f 8881 8109 8108
f 8880 8109 8881
f 8880 8110 8109
f 8879 8110 8880
f 8879 8111 8110
f 8878 8111 8879
f 8878 8112 8111
f 8877 8112 8878
f 8877 8113 8112
f 8876 8113 8877
f 8876 8114 8113
f 8875 8114 8876
f 8875 8115 8114
f 8874 8115 8875
f 8874 8116 8115
f 8873 8116 8874
f 8873 8117 8116
f 8872 8117 8873
f 8872 8118 8117
f 8871 8118 8872
f 8871 8119 8118
f 8870 8119 8871
f 8870 8120 8119
f 8869 8120 8870
f 8869 8121 8120
f 8868 8121 8869
f 8868 8122 8121
f 8867 8122 8868
f 8867 8123 8122
f 8866 8123 8867
f 8866 8124 8123
f 8865 8124 8866
f 8865 8125 8124
f 8864 8125 8865
f 8864 8126 8125
f 8863 8126 8864
f 8863 8127 8126
f 8862 8127 8863
f 8862 8128 8127
f 8861 8128 8862
f 8861 8129 8128
f 8860 8129 8861
f 8860 8130 8129
f 8859 8130 8860
f 8859 8131 8130
f 8858 8131 8859
f 8858 8132 8131
f 8857 8132 8858
f 8857 8133 8132
f 8856 8133 8857
f 8856 8134 8133
f 8855 8134 8856
f 8855 8135 8134
f 8854 8135 8855
f 8854 8136 8135
f 8853 8136 8854
f 8853 8137 8136
f 8852 8137 8853
f 8852 8138 8137
f 8851 8138 8852
f 8851 8139 8138
f 8850 8139 8851
f 8850 8140 8139
f 8849 8140 8850
f 8849 8141 8140
f 8848 8141 8849
f 8848 8142 8141
f 8847 8142 8848
f 8847 8143 8142
f 8846 8143 8847
f 8846 8144 8143
f 8845 8144 8846
f 8845 8145 8144
f 8844 8145 8845
f 8844 8146 8145
f 8843 8146 8844
f 8843 8147 8146
f 8842 8147 8843
f 8842 8148 8147
f 8841 8148 8842
f 8841 8149 8148
f 8840 8149 8841
f 8840 8150 8149
f 8839 8150 8840
f 8839 8151 8150
f 8838 8151 8839
f 8838 8152 8151
f 8837 8152 8838
f 8837 8153 8152
f 8836 8153 8837
f 8836 8154 8153
f 8835 8154 8836
f 8835 8155 8154
f 8834 8155 8835
f 8834 8156 8155
f 8833 8156 8834
f 8833 8157 8156
f 8832 8157 8833
f 8832 8158 8157
f 8831 8158 8832
f 8831 8159 8158
f 8830 8159 8831
f 8830 8160 8159
f 8829 8160 8830
f 8829 8161 8160
f 8828 8161 8829
f 8828 8162 8161
f 8827 8162 8828
f 8827 8163 8162
f 8826 8163 8827
f 8826 8164 8163
f 8825 8164 8826
f 8825 8165 8164
f 8824 8165 8825
f 8824 8166 8165
f 8823 8166 8824
f 8823 8167 8166
f 8822 8167 8823
f 8822 8168 8167
f 8821 8168 8822
f 8821 8169 8168
f 8820 8169 8821
f 8820 8170 8169
f 8819 8170 8820
f 8819 8171 8170
f 8818 8171 8819
f 8818 8172 8171
f 8817 8172 8818
f 8817 8173 8172
f 8816 8173 8817
f 8816 8174 8173
f 8815 8174 8816
f 8815 8175 8174
f 8814 8175 8815
f 8814 8176 8175
f 8813 8176 8814
f 8813 8177 8176
f 8812 8177 8813
f 8812 8178 8177
f 8811 8178 8812
f 8811 8179 8178
f 8810 8179 8811
f 8810 8180 8179
f 8809 8180 8810
f 8809 8181 8180
f 8808 8181 8809
f 8808 8182 8181
f 8807 8182 8808
f 8807 8183 8182
f 8806 8183 8807
f 8806 8184 8183
f 8805 8184 8806
f 8805 8185 8184
f 8804 8185 8805
f 8804 8186 8185
f 8803 8186 8804
f 8803 8187 8186
f 8802 8187 8803
f 8802 8188 8187
f 8801 8188 8802
f 8801 8189 8188
f 8800 8189 8801
f 8800 8190 8189
f 8799 8190 8800
f 8799 8191 8190
f 8798 8191 8799
f 8798 8192 8191
f 8797 8192 8798
f 8797 8193 8192
f 8796 8193 8797
f 8796 8194 8193
f 8795 8194 8796
f 8795 8195 8194
f 8794 8195 8795
f 8794 8196 8195
f 8793 8196 8794
f 8793 8197 8196
f 8792 8197 8793
f 8792 8198 8197
f 8791 8198 8792
f 8791 8199 8198
f 8790 8199 8791
f 8790 8200 8199
f 8789 8200 8790
f 8789 8201 8200
f 8788 8201 8789
f 8788 8202 8201
f 8787 8202 8788
f 8787 8203 8202
f 8786 8203 8787
f 8786 8204 8203
f 8785 8204 8786
f 8785 8205 8204
f 8784 8205 8785
f 8784 8206 8205
f 8783 8206 8784
f 8783 8207 8206
f 8782 8207 8783
f 8782 8208 8207
f 8781 8208 8782
f 8781 8209 8208
f 8780 8209 8781
f 8780 8210 8209
f 8779 8210 8780
f 8779 8211 8210
f 8778 8211 8779
f 8778 8212 8211
f 8777 8212 8778
f 8777 8213 8212
f 8776 8213 8777
f 8776 8214 8213
f 8775 8214 8776
f 8775 8215 8214
f 8774 8215 8775
f 8774 8216 8215
f 8773 8216 8774
f 8773 8217 8216
f 8772 8217 8773
f 8772 8218 8217
f 8771 8218 8772
f 8771 8219 8218
f 8770 8219 8771
f 8770 8220 8219
f 8769 8220 8770
f 8769 8221 8220
f 8768 8221 8769
f 8768 8222 8221
f 8767 8222 8768
f 8767 8223 8222
f 8766 8223 8767
f 8766 8224 8223
f 8765 8224 8766
f 8765 8225 8224
f 8764 8225 8765
f 8764 8226 8225
f 8764 8763 8226
f 8696 8293 9504
f 8696 9504 9101
f 9504 8293 8294
f 9503 9504 8294
f 9503 8294 8295
f 9502 9503 8295
f 8695 8696 9101
f 8695 9101 9102
f 8694 8695 9102
f 8694 9102 9103
f 9502 8295 8296
f 9501 9502 8296
f 8693 8694 9103
f 8693 9103 9104
f 9501 8296 8297
f 9500 9501 8297
f 8692 8693 9104
f 8692 9104 9105
f 9500 8297 8298
f 9499 9500 8298
f 8691 8692 9105
f 8691 9105 9106
f 9499 8298 8299
f 9498 9499 8299
f 8690 8691 9106
f 8690 9106 9107
f 9498 8299 8300
f 9497 9498 8300
f 9497 8300 8301
f 9496 9497 8301
f 9496 8301 8302
f 9495 9496 8302
f 9495 8302 8303
f 9494 9495 8303
f 9494 8303 8304
f 9493 9494 8304
f 9493 8304 8305
f 9492 9493 8305
f 9492 8305 8306
f 9491 9492 8306
f 9491 8306 8307
f 9490 9491 8307
f 9490 8307 8308
f 9489 9490 8308
f 9489 8308 8309
f 9488 9489 8309
f 9488 8309 8310
f 9487 9488 8310
f 9487 8310 8311
f 9486 9487 8311
f 9486 8311 8312
f 9485 9486 8312
f 9485 8312 8313
f 9484 9485 8313
f 9484 8313 8314
f 9483 9484 8314
f 9483 8314 8315
f 9482 9483 8315
f 9482 8315 8316
f 9481 9482 8316
f 9481 8316 8317
f 9480 9481 8317
f 9480 8317 8318
f 9479 9480 8318
f 9479 8318 8319
f 9478 9479 8319
f 9478 8319 8320
f 9477 9478 8320
f 9477 8320 8321
f 9476 9477 8321
f 9476 8321 8322
f 9475 9476 8322
f 9475 8322 8323
f 9474 9475 8323
f 9474 8323 8324
f 9473 9474 8324
f 9473 8324 8325
f 9472 9473 8325
f 9472 8325 8326
f 9471 9472 8326
f 9471 8326 8327
f 9470 9471 8327
f 9470 8327 8328
f 9469 9470 8328
f 9469 8328 8329
f 9468 9469 8329
f 9468 8329 8330
f 9467 9468 8330
f 9467 8330 8331
f 9466 9467 8331
f 9466 8331 8332
f 9465 9466 8332
f 9465 8332 8333
f 9464 9465 8333
f 9464 8333 8334
f 9463 9464 8334
f 9463 8334 8335
f 9462 9463 8335
f 9462 8335 8336
f 9461 9462 8336
f 9461 8336 8337
f 9460 9461 8337
f 9460 8337 8338
f 9459 9460 8338
f 9459 8338 8339
f 9458 9459 8339
f 9458 8339 8340
f 9457 9458 8340
f 9457 8340 8341
f 9456 9457 8341
f 9456 8341 8342
f 9455 9456 8342
f 9455 8342 8343
f 9454 9455 8343
f 9454 8343 8344
f 9453 9454 8344
f 9453 8344 8345
f 9452 9453 8345
f 9452 8345 8346
f 9451 9452 8346
f 9451 8346 8347
f 9450 9451 8347
f 9450 8347 8348
f 9449 9450 8348
f 8689 8690 9107
f 8689 9107 9108
f 8688 8689 9108
f 8688 9108 9109
f 8687 8688 9109
f 8687 9109 9110
f 8686 8687 9110
f 8686 9110 9111
f 8685 8686 9111
f 8685 9111 9112
f 8684 8685 9112
f 8684 9112 9113
f 8683 8684 9113
f 8683 9113 9114
f 8682 8683 9114
f 8682 9114 9115
f 8681 8682 9115
f 8681 9115 9116
f 8680 8681 9116
f 8680 9116 9117
f 8679 8680 9117
f 8679 9117 9118
f 8678 8679 9118
f 8678 9118 9119
f 8677 8678 9119
f 8677 9119 9120
f 8676 8677 9120
f 8676 9120 9121
f 8675 8676 9121
f 8675 9121 9122
f 8674 8675 9122
f 8674 9122 9123
f 8673 8674 9123
f 8673 9123 9124
f 8672 8673 9124
f 8672 9124 9125
f 8671 8672 9125
f 8671 9125 9126
f 8670 8671 9126
f 8670 9126 9127
f 8669 8670 9127
f 8669 9127 9128
f 8668 8669 9128
f 8668 9128 9129
f 8667 8668 9129
f 8667 9129 9130
f 8666 8667 9130
f 8666 9130 9131
f 8665 8666 9131
f 8665 9131 9132
f 8664 8665 9132
f 8664 9132 9133
f 8663 8664 9133
f 8663 9133 9134
f 8662 8663 9134
f 8662 9134 9135
f 8661 8662 9135
f 8661 9135 9136
f 8660 8661 9136
f 8660 9136 9137
f 8659 8660 9137
f 8659 9137 9138
f 8658 8659 9138
f 8658 9138 9139
f 8657 8658 9139
f 8657 9139 9140
f 8656 8657 9140
f 8656 9140 9141
f 8655 8656 9141
f 8655 9141 9142
f 8654 8655 9142
f 8654 9142 9143
f 8653 8654 9143
f 8653 9143 9144
f 8652 8653 9144
f 8652 9144 9145
f 8651 8652 9145
f 8651 9145 9146
f 8650 8651 9146
f 8650 9146 9147
f 8649 8650 9147
f 8649 9147 9148
f 8648 8649 9148
f 8648 9148 9149
f 8647 8648 9149
f 8647 9149 9150
f 8646 8647 9150
f 8646 9150 9151
f 8645 8646 9151
f 8645 9151 9152
f 8644 8645 9152
f 8644 9152 9153
f 8643 8644 9153
f 8643 9153 9154
f 8642 8643 9154
f 8642 9154 9155
f 8641 8642 9155
f 8641 9155 9156
f 9449 8348 8349
f 9448 9449 8349
f 8640 8641 9156
f 8640 9156 9157
f 9448 8349 8350
f 9447 9448 8350
f 8639 8640 9157
f 8639 9157 9158
f 9447 8350 8351
f 9446 9447 8351
f 9446 8351 8352
f 9445 9446 8352
f 8638 8639 9158
f 8638 9158 9159
f 9445 8352 8353
f 9444 9445 8353
f 8637 8638 9159
f 8637 9159 9160
f 9444 8353 8354
f 9443 9444 8354
f 8636 8637 9160
f 8636 9160 9161
f 8635 8636 9161
f 8635 9161 9162
f 9443 8354 8355
f 9442 9443 8355
f 9442 8355 8356
f 9441 9442 8356
f 8634 8635 9162
f 8634 9162 9163
f 9441 8356 8357
f 9440 9441 8357
f 8633 8634 9163
f 8633 9163 9164
f 8632 8633 9164
f 8632 9164 9165
f 9440 8357 8358
f 9439 9440 8358
f 9439 8358 8359
f 9438 9439 8359
f 8631 8632 9165
f 8631 9165 9166
f 8630 8631 9166
f 8630 9166 9167
f 9438 8359 8360
f 9437 9438 8360
f 9437 8360 8361
f 9436 9437 8361
f 9436 8361 8362
f 9435 9436 8362
f 9435 8362 8363
f 9434 9435 8363
f 9434 8363 8364
f 9433 9434 8364
f 9433 8364 8365
f 9432 9433 8365
f 9432 8365 8366
f 9431 9432 8366
f 9431 8366 8367
f 9430 9431 8367
f 9430 8367 8368
f 9429 9430 8368
f 9429 8368 8369
f 9428 9429 8369
f 9428 8369 8370
f 9427 9428 8370
f 9427 8370 8371
f 9426 9427 8371
f 9426 8371 8372
f 9425 9426 8372
f 9425 8372 8373
f 9424 9425 8373
f 9424 8373 8374
f 9423 9424 8374
f 9423 8374 8375
f 9422 9423 8375
f 9422 8375 8376
f 9421 9422 8376
f 9421 8376 8377
f 9420 9421 8377
f 9420 8377 8378
f 9419 9420 8378
f 9419 8378 8379
f 9418 9419 8379
f 9418 8379 8380
f 9417 9418 8380
f 9417 8380 8381
f 9416 9417 8381
f 9416 8381 8382
f 9415 9416 8382
f 9415 8382 8383
f 9414 9415 8383
f 9414 8383 8384
f 9413 9414 8384
f 9413 8384 8385
f 9412 9413 8385
f 9412 8385 8386
f 9411 9412 8386
f 9411 8386 8387
f 9410 9411 8387
f 9410 8387 8388
f 9409 9410 8388
f 9409 8388 8389
f 9408 9409 8389
f 9408 8389 8390
f 9407 9408 8390
f 9407 8390 8391
f 9406 9407 8391
f 9406 8391 8392
f 9405 9406 8392
f 9405 8392 8393
f 9404 9405 8393
f 9404 8393 8394
f 9403 9404 8394
f 9403 8394 8395
f 9402 9403 8395
f 9402 8395 8396
f 9401 9402 8396
f 9401 8396 8397
f 9400 9401 8397
f 9400 8397 8398
f 9399 9400 8398
f 9399 8398 8399
f 9398 9399 8399
f 9398 8399 8400
f 9397 9398 8400
f 9397 8400 8401
f 9396 9397 8401
f 9396 8401 8402
f 9395 9396 8402
f 9395 8402 8403
f 9394 9395 8403
f 9394 8403 8404
f 9393 9394 8404
f 9393 8404 8405
f 9392 9393 8405
f 9392 8405 8406
f 9391 9392 8406
f 9391 8406 8407
f 9390 9391 8407
f 9390 8407 8408
f 9389 9390 8408
f 9389 8408 8409
f 9388 9389 8409
f 9388 8409 8410
f 9387 9388 8410
f 9387 8410 8411
f 9386 9387 8411
f 9386 8411 8412
f 9385 9386 8412
f 9385 8412 8413
f 9384 9385 8413
f 9384 8413 8414
f 9383 9384 8414
f 9383 8414 8415
f 9382 9383 8415
f 9382 8415 8416
f 9381 9382 8416
f 9381 8416 8417
f 9380 9381 8417
f 9380 8417 8418
f 9379 9380 8418
f 9379 8418 8419
f 9378 9379 8419
f 9378 8419 8420
f 9377 9378 8420
f 9377 8420 8421
f 9376 9377 8421
f 9376 8421 8422
f 9375 9376 8422
f 9375 8422 8423
f 9374 9375 8423
f 9374 8423 8424
f 9373 9374 8424
f 9373 8424 8425
f 9372 9373 8425
f 9372 8425 8426
f 9371 9372 8426
f 9371 8426 8427
f 9370 9371 8427
f 9370 8427 8428
f 9369 9370 8428
f 9369 8428 8429
f 9368 9369 8429
f 9368 8429 8430
f 9367 9368 8430
f 9367 8430 8431
f 9366 9367 8431
f 9366 8431 8432
f 9365 9366 8432
f 9365 8432 8433
f 9364 9365 8433
f 9364 8433 8434
f 9363 9364 8434
f 9363 8434 8435
f 9362 9363 8435
f 9362 8435 8436
f 9361 9362 8436
f 9361 8436 8437
f 9360 9361 8437
f 9360 8437 8438
f 9359 9360 8438
f 9359 8438 8439
f 9358 9359 8439
f 9358 8439 8440
f 9357 9358 8440
f 9357 8440 8441
f 9356 9357 8441
f 9356 8441 8442
f 9355 9356 8442
f 9355 8442 8443
f 9354 9355 8443
f 9354 8443 8444
f 9353 9354 8444
f 9353 8444 8445
f 9352 9353 8445
f 9352 8445 8446
f 9351 9352 8446
f 9351 8446 8447
f 9350 9351 8447
f 9350 8447 8448
f 9349 9350 8448
f 9349 8448 8449
f 9348 9349 8449
f 9348 8449 8450
f 9347 9348 8450
f 9347 8450 8451
f 9346 9347 8451
f 9346 8451 8452
f 9345 9346 8452
f 9345 8452 8453
f 9344 9345 8453
f 9344 8453 8454
f 9343 9344 8454
f 9343 8454 8455
f 9342 9343 8455
f 9342 8455 8456
f 9341 9342 8456
f 9341 8456 8457
f 9340 9341 8457
f 9340 8457 8458
f 9339 9340 8458
f 9339 8458 8459
f 9338 9339 8459
f 9338 8459 8460
f 9337 9338 8460
f 9337 8460 8461
f 9336 9337 8461
f 9336 8461 8462
f 9335 9336 8462
f 9335 8462 8463
f 9334 9335 8463
f 9334 8463 8464
f 9333 9334 8464
f 9333 8464 8465
f 9332 9333 8465
f 9332 8465 8466
f 9331 9332 8466
f 9331 8466 8467
f 9330 9331 8467
f 9330 8467 8468
f 9329 9330 8468
f 9329 8468 8469
f 9328 9329 8469
f 9328 8469 8470
f 9327 9328 8470
f 9327 8470 8471
f 9326 9327 8471
f 9326 8471 8472
f 9325 9326 8472
f 9325 8472 8473
f 9324 9325 8473
f 9324 8473 8474
f 9323 9324 8474
f 9323 8474 8475
f 9322 9323 8475
f 9322 8475 8476
f 9321 9322 8476
f 9321 8476 8477
f 9320 9321 8477
f 9320 8477 8478
f 9319 9320 8478
f 9319 8478 8479
f 9318 9319 8479
f 9318 8479 8480
f 9317 9318 8480
f 9317 8480 8481
f 9316 9317 8481
f 9316 8481 8482
f 9315 9316 8482
f 9315 8482 8483
f 9314 9315 8483
f 9314 8483 8484
f 9313 9314 8484
f 9313 8484 8485
f 9312 9313 8485
f 9312 8485 8486
f 9311 9312 8486
f 9311 8486 8487
f 9310 9311 8487
f 9310 8487 8488
f 9309 9310 8488
f 9309 8488 8489
f 9308 9309 8489
f 9308 8489 8490
f 9307 9308 8490
f 9307 8490 8491
f 9306 9307 8491
f 9306 8491 8492
f 9305 9306 8492
f 9305 8492 8493
f 9304 9305 8493
f 9304 8493 8494
f 9303 9304 8494
f 9303 8494 8495
f 9302 9303 8495
f 9302 8495 8496
f 9301 9302 8496
f 9301 8496 8497
f 9300 9301 8497
f 9300 8497 8498
f 9299 9300 8498
f 9299 8498 8499
f 9298 9299 8499
f 9298 8499 8500
f 9297 9298 8500
f 9297 8500 8501
f 9296 9297 8501
f 9296 8501 8502
f 9295 9296 8502
f 9295 8502 8503
f 9294 9295 8503
f 9294 8503 8504
f 9293 9294 8504
f 9293 8504 8505
f 9292 9293 8505
f 9292 8505 8506
f 9291 9292 8506
f 9291 8506 8507
f 9290 9291 8507
f 9290 8507 8508
f 9289 9290 8508
f 9289 8508 8509
f 9288 9289 8509
f 9288 8509 8510
f 9287 9288 8510
f 9287 8510 8511
f 9286 9287 8511
f 9286 8511 8512
f 9285 9286 8512
f 9285 8512 8513
f 9284 9285 8513
f 9284 8513 8514
f 9283 9284 8514
f 9283 8514 8515
f 9282 9283 8515
f 9282 8515 8516
f 9281 9282 8516
f 9281 8516 8517
f 9280 9281 8517
f 9280 8517 8518
f 9279 9280 8518
f 9279 8518 8519
f 9278 9279 8519
f 9278 8519 8520
f 9277 9278 8520
f 9277 8520 8521
f 9276 9277 8521
f 9276 8521 8522
f 9275 9276 8522
f 9275 8522 8523
f 9274 9275 8523
f 9274 8523 8524
f 9273 9274 8524
f 9273 8524 8525
f 9272 9273 8525
f 9272 8525 8526
f 9271 9272 8526
f 9271 8526 8527
f 9270 9271 8527
f 9270 8527 8528
f 9269 9270 8528
f 9269 8528 8529
f 9268 9269 8529
f 9268 8529 8530
f 9267 9268 8530
f 9267 8530 8531
f 9266 9267 8531
f 9266 8531 8532
f 9265 9266 8532
f 9265 8532 8533
f 9264 9265 8533
f 9264 8533 8534
f 9263 9264 8534
f 9263 8534 8535
f 9262 9263 8535
f 9262 8535 8536
f 9261 9262 8536
f 9261 8536 8537
f 9260 9261 8537
f 9260 8537 8538
f 9259 9260 8538
f 9259 8538 8539
f 9258 9259 8539
f 9258 8539 8540
f 9257 9258 8540
f 9257 8540 8541
f 9256 9257 8541
f 9256 8541 8542
f 9255 9256 8542
f 9255 8542 8543
f 9254 9255 8543
f 9254 8543 8544
f 9253 9254 8544
f 9253 8544 8545
f 9252 9253 8545
f 9252 8545 8546
f 9251 9252 8546
f 9251 8546 8547
f 9250 9251 8547
f 9250 8547 8548
f 9249 9250 8548
f 9249 8548 8549
f 9248 9249 8549
f 9248 8549 8550
f 9247 9248 8550
f 9247 8550 8551
f 9246 9247 8551
f 9246 8551 8552
f 9245 9246 8552
f 9245 8552 8553
f 9244 9245 8553
f 9244 8553 8554
f 9243 9244 8554
f 9243 8554 8555
f 9242 9243 8555
f 9242 8555 8556
f 9241 9242 8556
f 9241 8556 8557
f 9240 9241 8557
f 9240 8557 8558
f 9239 9240 8558
f 9239 8558 8559
f 9238 9239 8559
f 9238 8559 8560
f 9237 9238 8560
f 9237 8560 8561
f 9236 9237 8561
f 9236 8561 8562
f 9235 9236 8562
f 9235 8562 8563
f 9234 9235 8563
f 9234 8563 8564
f 9233 9234 8564
f 9233 8564 8565
f 9232 9233 8565
f 9232 8565 8566
f 9231 9232 8566
f 9231 8566 8567
f 9230 9231 8567
f 9230 8567 8568
f 9229 9230 8568
f 9229 8568 8569
f 9228 9229 8569
f 9228 8569 8570
f 9227 9228 8570
f 9227 8570 8571
f 9226 9227 8571
f 9226 8571 8572
f 9225 9226 8572
f 9225 8572 8573
f 9224 9225 8573
f 9224 8573 8574
f 9223 9224 8574
f 9223 8574 8575
f 9222 9223 8575
f 9222 8575 8576
f 9221 9222 8576
f 9221 8576 8577
f 9220 9221 8577
f 9220 8577 8578
f 9219 9220 8578
f 9219 8578 8579
f 9218 9219 8579
f 9218 8579 8580
f 9217 9218 8580
f 9217 8580 8581
f 9216 9217 8581
f 9216 8581 8582
f 9215 9216 8582
f 9215 8582 8583
f 9214 9215 8583
f 9214 8583 8584
f 9213 9214 8584
f 9213 8584 8585
f 9212 9213 8585
f 9212 8585 8586
f 9211 9212 8586
f 9211 8586 8587
f 9210 9211 8587
f 9210 8587 8588
f 9209 9210 8588
f 9209 8588 8589
f 9208 9209 8589
f 9208 8589 8590
f 9207 9208 8590
f 9207 8590 8591
f 9206 9207 8591
f 9206 8591 8592
f 9205 9206 8592
f 9205 8592 8593
f 9204 9205 8593
f 9204 8593 8594
f 9203 9204 8594
f 9203 8594 8595
f 9202 9203 8595
f 9202 8595 8596
f 9201 9202 8596
f 9201 8596 8597
f 9200 9201 8597
f 9200 8597 8598
f 9199 9200 8598
f 9199 8598 8599
f 9198 9199 8599
f 9198 8599 8600
f 9197 9198 8600
f 9197 8600 8601
f 9196 9197 8601
f 9196 8601 8602
f 9195 9196 8602
f 9195 8602 8603
f 9194 9195 8603
f 9194 8603 8604
f 9193 9194 8604
f 9193 8604 8605
f 9192 9193 8605
f 9192 8605 8606
f 9191 9192 8606
f 9191 8606 8607
f 9190 9191 8607
f 9190 8607 8608
f 9189 9190 8608
f 9189 8608 8609
f 9188 9189 8609
f 9188 8609 8610
f 9187 9188 8610
f 9187 8610 8611
f 9186 9187 8611
f 9186 8611 8612
f 9185 9186 8612
f 9185 8612 8613
f 9184 9185 8613
f 9184 8613 8614
f 9183 9184 8614
f 9183 8614 8615
f 9182 9183 8615
f 9182 8615 8616
f 9181 9182 8616
f 9181 8616 8617
f 9180 9181 8617
f 9180 8617 8618
f 9179 9180 8618
f 9179 8618 8619
f 9178 9179 8619
f 9178 8619 8620
f 9177 9178 8620
f 9177 8620 8621
f 9176 9177 8621
f 9176 8621 8622
f 9175 9176 8622
f 9175 8622 8623
f 9174 9175 8623
f 9174 8623 8624
f 9173 9174 8624
f 9173 8624 8625
f 9172 9173 8625
f 9172 8625 8626
f 9171 9172 8626
f 9171 8626 8627
f 9170 9171 8627
f 9170 8627 8628
f 9169 9170 8628
f 9169 8628 8629
f 9168 9169 8629
f 9168 8629 8630
f 9168 8630 9167
f 9505 9506 9534
f 9505 9534 9533
f 9506 9507 9535
f 9506 9535 9534
f 9507 9508 9536
f 9507 9536 9535
f 9508 9509 9537
f 9508 9537 9536
f 9509 9510 9538
f 9509 9538 9537
f 9510 9511 9539
f 9510 9539 9538
f 9511 9512 9540
f 9511 9540 9539
f 9512 9513 9541
f 9512 9541 9540
f 9513 9514 9542
f 9513 9542 9541
f 9514 9515 9543
f 9514 9543 9542
f 9515 9516 9544
f 9515 9544 9543
f 9516 9517 9545
f 9516 9545 9544
f 9517 9518 9546
f 9517 9546 9545
f 9518 9519 9547
f 9518 9547 9546
f 9519 9520 9548
f 9519 9548 9547
f 9520 9521 9549
f 9520 9549 9548
f 9521 9522 9550
f 9521 9550 9549
f 9522 9523 9551
f 9522 9551 9550
f 9523 9524 9552
f 9523 9552 9551
f 9524 9525 9553
f 9524 9553 9552
f 9525 9526 9554
f 9525 9554 9553
f 9526 9527 9555
f 9526 9555 9554
f 9527 9528 9556
f 9527 9556 9555
f 9528 9529 9557
f 9528 9557 9556
f 9529 9530 9558
f 9529 9558 9557
f 9530 9531 9559
f 9530 9559 9558
f 9531 9532 9560
f 9531 9560 9559
f 9532 9505 9533
f 9532 9533 9560
f 9525 9527 9526
f 9525 9528 9527
f 9524 9528 9525
f 9524 9529 9528
f 9523 9529 9524
f 9522 9529 9523
f 9522 9530 9529
f 9522 9531 9530
f 9522 9532 9531
f 9522 9505 9532
f 9522 9506 9505
f 9522 9507 9506
f 9522 9508 9507
f 9522 9509 9508
f 9522 9510 9509
f 9522 9511 9510
f 9522 9512 9511
f 9522 9513 9512
f 9522 9514 9513
f 9522 9515 9514
f 9522 9516 9515
f 9522 9517 9516
f 9522 9518 9517
f 9522 9519 9518
f 9522 9520 9519
f 9522 9521 9520
f 9553 9554 9555
f 9553 9555 9556
f 9552 9553 9556
f 9552 9556 9557
f 9551 9552 9557
f 9550 9551 9557
f 9550 9557 9558
f 9550 9558 9559
f 9550 9559 9560
f 9550 9560 9533
f 9550 9533 9534
f 9550 9534 9535
f 9550 9535 9536
f 9550 9536 9537
f 9550 9537 9538
f 9550 9538 9539
f 9550 9539 9540
f 9550 9540 9541
f 9550 9541 9542
f 9550 9542 9543
f 9550 9543 9544
f 9550 9544 9545
f 9550 9545 9546
f 9550 9546 9547
f 9550 9547 9548
f 9550 9548 9549
f 9561 9562 9598
f 9561 9598 9597
f 9562 9563 9599
f 9562 9599 9598
f 9563 9564 9600
f 9563 9600 9599
f 9564 9565 9601
f 9564 9601 9600
f 9565 9566 9602
f 9565 9602 9601
f 9566 9567 9603
f 9566 9603 9602
f 9567 9568 9604
f 9567 9604 9603
f 9568 9569 9605
f 9568 9605 9604
f 9569 9570 9606
f 9569 9606 9605
f 9570 9571 9607
f 9570 9607 9606
f 9571 9572 9608
f 9571 9608 9607
f 9572 9573 9609
f 9572 9609 9608
f 9573 9574 9610
f 9573 9610 9609
f 9574 9575 9611
f 9574 9611 9610
f 9575 9576 9612
f 9575 9612 9611
f 9576 9577 9613
f 9576 9613 9612
f 9577 9578 9614
f 9577 9614 9613
f 9578 9579 9615
f 9578 9615 9614
f 9579 9580 9616
f 9579 9616 9615
f 9580 9581 9617
f 9580 9617 9616
f 9581 9582 9618
f 9581 9618 9617
f 9582 9583 9619
f 9582 9619 9618
f 9583 9584 9620
f 9583 9620 9619
f 9584 9585 9621
f 9584 9621 9620
f 9585 9586 9622
f 9585 9622 9621
f 9586 9587 9623
f 9586 9623 9622
f 9587 9588 9624
f 9587 9624 9623
f 9588 9589 9625
f 9588 9625 9624
f 9589 9590 9626
f 9589 9626 9625
f 9590 9591 9627
f 9590 9627 9626
f 9591 9592 9628
f 9591 9628 9627
f 9592 9593 9629
f 9592 9629 9628
f 9593 9594 9630
f 9593 9630 9629
f 9594 9595 9631
f 9594 9631 9630
f 9595 9596 9632
f 9595 9632 9631
f 9596 9561 9597
f 9596 9597 9632
f 9633 9634 9665
f 9633 9665 9664
f 9634 9635 9666
f 9634 9666 9665
f 9635 9636 9667
f 9635 9667 9666
f 9636 9637 9668
f 9636 9668 9667
f 9637 9638 9669
f 9637 9669 9668
f 9638 9639 9670
f 9638 9670 9669
f 9639 9640 9671
f 9639 9671 9670
f 9640 9641 9672
f 9640 9672 9671
f 9641 9642 9673
f 9641 9673 9672
f 9642 9643 9674
f 9642 9674 9673
f 9643 9644 9675
f 9643 9675 9674
f 9644 9645 9676
f 9644 9676 9675
f 9645 9646 9677
f 9645 9677 9676
f 9646 9647 9678
f 9646 9678 9677
f 9647 9648 9679
f 9647 9679 9678
f 9648 9649 9680
f 9648 9680 9679
f 9649 9650 9681
f 9649 9681 9680
f 9650 9651 9682
f 9650 9682 9681
f 9651 9652 9683
f 9651 9683 9682
f 9652 9653 9684
f 9652 9684 9683
f 9653 9654 9685
f 9653 9685 9684
f 9654 9655 9686
f 9654 9686 9685
f 9655 9656 9687
f 9655 9687 9686
f 9656 9657 9688
f 9656 9688 9687
f 9657 9658 9689
f 9657 9689 9688
f 9658 9659 9690
f 9658 9690 9689
f 9659 9660 9691
f 9659 9691 9690
f 9660 9661 9692
f 9660 9692 9691
f 9661 9662 9693
f 9661 9693 9692
f 9662 9663 9694
f 9662 9694 9693
f 9663 9633 9664
f 9663 9664 9694
f 9695 9696 9735
f 9695 9735 9734
f 9696 9697 9736
f 9696 9736 9735
f 9697 9698 9737
f 9697 9737 9736
f 9698 9699 9738
f 9698 9738 9737
f 9699 9700 9739
f 9699 9739 9738
f 9700 9701 9740
f 9700 9740 9739
f 9701 9702 9741
f 9701 9741 9740
f 9702 9703 9742
f 9702 9742 9741
f 9703 9704 9743
f 9703 9743 9742
f 9704 9705 9744
f 9704 9744 9743
f 9705 9706 9745
f 9705 9745 9744
f 9706 9707 9746
f 9706 9746 9745
f 9707 9708 9747
f 9707 9747 9746
f 9708 9709 9748
f 9708 9748 9747
f 9709 9710 9749
f 9709 9749 9748
f 9710 9711 9750
f 9710 9750 9749
f 9711 9712 9751
f 9711 9751 9750
f 9712 9713 9752
f 9712 9752 9751
f 9713 9714 9753
f 9713 9753 9752
f 9714 9715 9754
f 9714 9754 9753
f 9715 9716 9755
f 9715 9755 9754
f 9716 9717 9756
f 9716 9756 9755
f 9717 9718 9757
f 9717 9757 9756
f 9718 9719 9758
f 9718 9758 9757
f 9719 9720 9759
f 9719 9759 9758
f 9720 9721 9760
f 9720 9760 9759
f 9721 9722 9761
f 9721 9761 9760
f 9722 9723 9762
f 9722 9762 9761
f 9723 9724 9763
f 9723 9763 9762
f 9724 9725 9764
f 9724 9764 9763
f 9725 9726 9765
f 9725 9765 9764
f 9726 9727 9766
f 9726 9766 9765
f 9727 9728 9767
f 9727 9767 9766
f 9728 9729 9768
f 9728 9768 9767
f 9729 9730 9769
f 9729 9769 9768
f 9730 9731 9770
f 9730 9770 9769
f 9731 9732 9771
f 9731 9771 9770
f 9732 9733 9772
f 9732 9772 9771
f 9733 9695 9734
f 9733 9734 9772
f 9773 9774 9827
f 9773 9827 9826
f 9774 9775 9828
f 9774 9828 9827
f 9775 9776 9829
f 9775 9829 9828
f 9776 9777 9830
f 9776 9830 9829
f 9777 9778 9831
f 9777 9831 9830
f 9778 9779 9832
f 9778 9832 9831
f 9779 9780 9833
f 9779 9833 9832
f 9780 9781 9834
f 9780 9834 9833
f 9781 9782 9835
f 9781 9835 9834
f 9782 9783 9836
f 9782 9836 9835
f 9783 9784 9837
f 9783 9837 9836
f 9784 9785 9838
f 9784 9838 9837
f 9785 9786 9839
f 9785 9839 9838
f 9786 9787 9840
f 9786 9840 9839
f 9787 9788 9841
f 9787 9841 9840
f 9788 9789 9842
f 9788 9842 9841
f 9789 9790 9843
f 9789 9843 9842
f 9790 9791 9844
f 9790 9844 9843
f 9791 9792 9845
f 9791 9845 9844
f 9792 9793 9846
f 9792 9846 9845
f 9793 9794 9847
f 9793 9847 9846
f 9794 9795 9848
f 9794 9848 9847
f 9795 9796 9849
f 9795 9849 9848
f 9796 9797 9850
f 9796 9850 9849
f 9797 9798 9851
f 9797 9851 9850
f 9798 9799 9852
f 9798 9852 9851
f 9799 9800 9853
f 9799 9853 9852
f 9800 9801 9854
f 9800 9854 9853
f 9801 9802 9855
f 9801 9855 9854
f 9802 9803 9856
f 9802 9856 9855
f 9803 9804 9857
f 9803 9857 9856
f 9804 9805 9858
f 9804 9858 9857
f 9805 9806 9859
f 9805 9859 9858
f 9806 9807 9860
f 9806 9860 9859
f 9807 9808 9861
f 9807 9861 9860
f 9808 9809 9862
f 9808 9862 9861
f 9809 9810 9863
f 9809 9863 9862
f 9810 9811 9864
f 9810 9864 9863
f 9811 9812 9865
f 9811 9865 9864
f 9812 9813 9866
f 9812 9866 9865
f 9813 9814 9867
f 9813 9867 9866
f 9814 9815 9868
f 9814 9868 9867
f 9815 9816 9869
f 9815 9869 9868
f 9816 9817 9870
f 9816 9870 9869
f 9817 9818 9871
f 9817 9871 9870
f 9818 9819 9872
f 9818 9872 9871
f 9819 9820 9873
f 9819 9873 9872
f 9820 9821 9874
f 9820 9874 9873
f 9821 9822 9875
f 9821 9875 9874
f 9822 9823 9876
f 9822 9876 9875
f 9823 9824 9877
f 9823 9877 9876
f 9824 9825 9878
f 9824 9878 9877
f 9825 9773 9826
f 9825 9826 9878
f 9879 9880 9926
f 9879 9926 9925
f 9880 9881 9927
f 9880 9927 9926
f 9881 9882 9928
f 9881 9928 9927
f 9882 9883 9929
f 9882 9929 9928
f 9883 9884 9930
f 9883 9930 9929
f 9884 9885 9931
f 9884 9931 9930
f 9885 9886 9932
f 9885 9932 9931
f 9886 9887 9933
f 9886 9933 9932
f 9887 9888 9934
f 9887 9934 9933
f 9888 9889 9935
f 9888 9935 9934
f 9889 9890 9936
f 9889 9936 9935
f 9890 9891 9937
f 9890 9937 9936
f 9891 9892 9938
f 9891 9938 9937
f 9892 9893 9939
f 9892 9939 9938
f 9893 9894 9940
f 9893 9940 9939
f 9894 9895 9941
f 9894 9941 9940
f 9895 9896 9942
f 9895 9942 9941
f 9896 9897 9943
f 9896 9943 9942
f 9897 9898 9944
f 9897 9944 9943
f 9898 9899 9945
f 9898 9945 9944
f 9899 9900 9946
f 9899 9946 9945
f 9900 9901 9947
f 9900 9947 9946
f 9901 9902 9948
f 9901 9948 9947
f 9902 9903 9949
f 9902 9949 9948
f 9903 9904 9950
f 9903 9950 9949
f 9904 9905 9951
f 9904 9951 9950
f 9905 9906 9952
f 9905 9952 9951
f 9906 9907 9953
f 9906 9953 9952
f 9907 9908 9954
f 9907 9954 9953
f 9908 9909 9955
f 9908 9955 9954
f 9909 9910 9956
f 9909 9956 9955
f 9910 9911 9957
f 9910 9957 9956
f 9911 9912 9958
f 9911 9958 9957
f 9912 9913 9959
f 9912 9959 9958
f 9913 9914 9960
f 9913 9960 9959
f 9914 9915 9961
f 9914 9961 9960
f 9915 9916 9962
f 9915 9962 9961
f 9916 9917 9963
f 9916 9963 9962
f 9917 9918 9964
f 9917 9964 9963
f 9918 9919 9965
f 9918 9965 9964
f 9919 9920 9966
f 9919 9966 9965
f 9920 9921 9967
f 9920 9967 9966
f 9921 9922 9968
f 9921 9968 9967
f 9922 9923 9969
f 9922 9969 9968
f 9923 9924 9970
f 9923 9970 9969
f 9924 9879 9925
f 9924 9925 9970
f 9971 9972 10000
f 9971 10000 9999
f 9972 9973 10001
f 9972 10001 10000
f 9973 9974 10002
f 9973 10002 10001
f 9974 9975 10003
f 9974 10003 10002
f 9975 9976 10004
f 9975 10004 10003
f 9976 9977 10005
f 9976 10005 10004
f 9977 9978 10006
f 9977 10006 10005
f 9978 9979 10007
f 9978 10007 10006
f 9979 9980 10008
f 9979 10008 10007
f 9980 9981 10009
f 9980 10009 10008
f 9981 9982 10010
f 9981 10010 10009
f 9982 9983 10011
f 9982 10011 10010
f 9983 9984 10012
f 9983 10012 10011
f 9984 9985 10013
f 9984 10013 10012
f 9985 9986 10014
f 9985 10014 10013
f 9986 9987 10015
f 9986 10015 10014
f 9987 9988 10016
f 9987 10016 10015
f 9988 9989 10017
f 9988 10017 10016
f 9989 9990 10018
f 9989 10018 10017
f 9990 9991 10019
f 9990 10019 10018
f 9991 9992 10020
f 9991 10020 10019
f 9992 9993 10021
f 9992 10021 10020
f 9993 9994 10022
f 9993 10022 10021
f 9994 9995 10023
f 9994 10023 10022
f 9995 9996 10024
f 9995 10024 10023
f 9996 9997 10025
f 9996 10025 10024
f 9997 9998 10026
f 9997 10026 10025
f 9998 9971 9999
f 9998 9999 10026
f 10027 10028 10060
f 10027 10060 10059
f 10028 10029 10061
f 10028 10061 10060
f 10029 10030 10062
f 10029 10062 10061
f 10030 10031 10063
f 10030 10063 10062
f 10031 10032 10064
f 10031 10064 10063
f 10032 10033 10065
f 10032 10065 10064
f 10033 10034 10066
f 10033 10066 10065
f 10034 10035 10067
f 10034 10067 10066
f 10035 10036 10068
f 10035 10068 10067
f 10036 10037 10069
f 10036 10069 10068
f 10037 10038 10070
f 10037 10070 10069
f 10038 10039 10071
f 10038 10071 10070
f 10039 10040 10072
f 10039 10072 10071
f 10040 10041 10073
f 10040 10073 10072
f 10041 10042 10074
f 10041 10074 10073
f 10042 10043 10075
f 10042 10075 10074
f 10043 10044 10076
f 10043 10076 10075
f 10044 10045 10077
f 10044 10077 10076
f 10045 10046 10078
f 10045 10078 10077
f 10046 10047 10079
f 10046 10079 10078
f 10047 10048 10080
f 10047 10080 10079
f 10048 10049 10081
f 10048 10081 10080
f 10049 10050 10082
f 10049 10082 10081
f 10050 10051 10083
f 10050 10083 10082
f 10051 10052 10084
f 10051 10084 10083
f 10052 10053 10085
f 10052 10085 10084
f 10053 10054 10086
f 10053 10086 10085
f 10054 10055 10087
f 10054 10087 10086
f 10055 10056 10088
f 10055 10088 10087
f 10056 10057 10089
f 10056 10089 10088
f 10057 10058 10090
f 10057 10090 10089
f 10058 10027 10059
f 10058 10059 10090
f 10091 10092 10167
f 10091 10167 10166
f 10092 10093 10168
f 10092 10168 10167
f 10093 10094 10169
f 10093 10169 10168
f 10094 10095 10170
f 10094 10170 10169
f 10095 10096 10171
f 10095 10171 10170
f 10096 10097 10172
f 10096 10172 10171
f 10097 10098 10173
f 10097 10173 10172
f 10098 10099 10174
f 10098 10174 10173
f 10099 10100 10175
f 10099 10175 10174
f 10100 10101 10176
f 10100 10176 10175
f 10101 10102 10177
f 10101 10177 10176
f 10102 10103 10178
f 10102 10178 10177
f 10103 10104 10179
f 10103 10179 10178
f 10104 10105 10180
f 10104 10180 10179
f 10105 10106 10181
f 10105 10181 10180
f 10106 10107 10182
f 10106 10182 10181
f 10107 10108 10183
f 10107 10183 10182
f 10108 10109 10184
f 10108 10184 10183
f 10109 10110 10185
f 10109 10185 10184
f 10110 10111 10186
f 10110 10186 10185
f 10111 10112 10187
f 10111 10187 10186
f 10112 10113 10188
f 10112 10188 10187
f 10113 10114 10189
f 10113 10189 10188
f 10114 10115 10190
f 10114 10190 10189
f 10115 10116 10191
f 10115 10191 10190
f 10116 10117 10192
f 10116 10192 10191
f 10117 10118 10193
f 10117 10193 10192
f 10118 10119 10194
f 10118 10194 10193
f 10119 10120 10195
f 10119 10195 10194
f 10120 10121 10196
f 10120 10196 10195
f 10121 10122 10197
f 10121 10197 10196
f 10122 10123 10198
f 10122 10198 10197
f 10123 10124 10199
f 10123 10199 10198
f 10124 10125 10200
f 10124 10200 10199
f 10125 10126 10201
f 10125 10201 10200
f 10126 10127 10202
f 10126 10202 10201
f 10127 10128 10203
f 10127 10203 10202
f 10128 10129 10204
f 10128 10204 10203
f 10129 10130 10205
f 10129 10205 10204
f 10130 10131 10206
f 10130 10206 10205
f 10131 10132 10207
f 10131 10207 10206
f 10132 10133 10208
f 10132 10208 10207
f 10133 10134 10209
f 10133 10209 10208
f 10134 10135 10210
f 10134 10210 10209
f 10135 10136 10211
f 10135 10211 10210
f 10136 10137 10212
f 10136 10212 10211
f 10137 10138 10213
f 10137 10213 10212
f 10138 10139 10214
f 10138 10214 10213
f 10139 10140 10215
f 10139 10215 10214
f 10140 10141 10216
f 10140 10216 10215
f 10141 10142 10217
f 10141 10217 10216
f 10142 10143 10218
f 10142 10218 10217
f 10143 10144 10219
f 10143 10219 10218
f 10144 10145 10220
f 10144 10220 10219
f 10145 10146 10221
f 10145 10221 10220
f 10146 10147 10222
f 10146 10222 10221
f 10147 10148 10223
f 10147 10223 10222
f 10148 10149 10224
f 10148 10224 10223
f 10149 10150 10225
f 10149 10225 10224
f 10150 10151 10226
f 10150 10226 10225
f 10151 10152 10227
f 10151 10227 10226
f 10152 10153 10228
f 10152 10228 10227
f 10153 10154 10229
f 10153 10229 10228
f 10154 10155 10230
f 10154 10230 10229
f 10155 10156 10231
f 10155 10231 10230
f 10156 10157 10232
f 10156 10232 10231
f 10157 10158 10233
f 10157 10233 10232
f 10158 10159 10234
f 10158 10234 10233
f 10159 10160 10235
f 10159 10235 10234
f 10160 10161 10236
f 10160 10236 10235
f 10161 10162 10237
f 10161 10237 10236
f 10162 10163 10238
f 10162 10238 10237
f 10163 10164 10239
f 10163 10239 10238
f 10164 10165 10240
f 10164 10240 10239
f 10165 10091 10166
f 10165 10166 10240
f 10241 10242 10259
f 10241 10259 10258
f 10242 10243 10260
f 10242 10260 10259
f 10243 10244 10261
f 10243 10261 10260
f 10244 10245 10262
f 10244 10262 10261
f 10245 10246 10263
f 10245 10263 10262
f 10246 10247 10264
f 10246 10264 10263
f 10247 10248 10265
f 10247 10265 10264
f 10248 10249 10266
f 10248 10266 10265
f 10249 10250 10267
f 10249 10267 10266
f 10250 10251 10268
f 10250 10268 10267
f 10251 10252 10269
f 10251 10269 10268
f 10252 10253 10270
f 10252 10270 10269
f 10253 10254 10271
f 10253 10271 10270
f 10254 10255 10272
f 10254 10272 10271
f 10255 10256 10273
f 10255 10273 10272
f 10256 10257 10274
f 10256 10274 10273
f 10257 10241 10258
f 10257 10258 10274
f 10275 10276 10317
f 10275 10317 10316
f 10276 10277 10318
f 10276 10318 10317
f 10277 10278 10319
f 10277 10319 10318
f 10278 10279 10320
f 10278 10320 10319
f 10279 10280 10321
f 10279 10321 10320
f 10280 10281 10322
f 10280 10322 10321
f 10281 10282 10323
f 10281 10323 10322
f 10282 10283 10324
f 10282 10324 10323
f 10283 10284 10325
f 10283 10325 10324
f 10284 10285 10326
f 10284 10326 10325
f 10285 10286 10327
f 10285 10327 10326
f 10286 10287 10328
f 10286 10328 10327
f 10287 10288 10329
f 10287 10329 10328
f 10288 10289 10330
f 10288 10330 10329
f 10289 10290 10331
f 10289 10331 10330
f 10290 10291 10332
f 10290 10332 10331
f 10291 10292 10333
f 10291 10333 10332
f 10292 10293 10334
f 10292 10334 10333
f 10293 10294 10335
f 10293 10335 10334
f 10294 10295 10336
f 10294 10336 10335
f 10295 10296 10337
f 10295 10337 10336
f 10296 10297 10338
f 10296 10338 10337
f 10297 10298 10339
f 10297 10339 10338
f 10298 10299 10340
f 10298 10340 10339
f 10299 10300 10341
f 10299 10341 10340
f 10300 10301 10342
f 10300 10342 10341
f 10301 10302 10343
f 10301 10343 10342
f 10302 10303 10344
f 10302 10344 10343
f 10303 10304 10345
f 10303 10345 10344
f 10304 10305 10346
f 10304 10346 10345
f 10305 10306 10347
f 10305 10347 10346
f 10306 10307 10348
f 10306 10348 10347
f 10307 10308 10349
f 10307 10349 10348
f 10308 10309 10350
f 10308 10350 10349
f 10309 10310 10351
f 10309 10351 10350
f 10310 10311 10352
f 10310 10352 10351
f 10311 10312 10353
f 10311 10353 10352
f 10312 10313 10354
f 10312 10354 10353
f 10313 10314 10355
f 10313 10355 10354
f 10314 10315 10356
f 10314 10356 10355
f 10315 10275 10316
f 10315 10316 10356
f 10357 10358 10380
f 10357 10380 10379
f 10358 10359 10381
f 10358 10381 10380
f 10359 10360 10382
f 10359 10382 10381
f 10360 10361 10383
f 10360 10383 10382
f 10361 10362 10384
f 10361 10384 10383
f 10362 10363 10385
f 10362 10385 10384
f 10363 10364 10386
f 10363 10386 10385
f 10364 10365 10387
f 10364 10387 10386
f 10365 10366 10388
f 10365 10388 10387
f 10366 10367 10389
f 10366 10389 10388
f 10367 10368 10390
f 10367 10390 10389
f 10368 10369 10391
f 10368 10391 10390
f 10369 10370 10392
f 10369 10392 10391
f 10370 10371 10393
f 10370 10393 10392
f 10371 10372 10394
f 10371 10394 10393
f 10372 10373 10395
f 10372 10395 10394
f 10373 10374 10396
f 10373 10396 10395
f 10374 10375 10397
f 10374 10397 10396
f 10375 10376 10398
f 10375 10398 10397
f 10376 10377 10399
f 10376 10399 10398
f 10377 10378 10400
f 10377 10400 10399
f 10378 10357 10379
f 10378 10379 10400
f 10401 10402 10423
f 10401 10423 10422
f 10402 10403 10424
f 10402 10424 10423
f 10403 10404 10425
f 10403 10425 10424
f 10404 10405 10426
f 10404 10426 10425
f 10405 10406 10427
f 10405 10427 10426
f 10406 10407 10428
f 10406 10428 10427
f 10407 10408 10429
f 10407 10429 10428
f 10408 10409 10430
f 10408 10430 10429
f 10409 10410 10431
f 10409 10431 10430
f 10410 10411 10432
f 10410 10432 10431
f 10411 10412 10433
f 10411 10433 10432
f 10412 10413 10434
f 10412 10434 10433
f 10413 10414 10435
f 10413 10435 10434
f 10414 10415 10436
f 10414 10436 10435
f 10415 10416 10437
f 10415 10437 10436
f 10416 10417 10438
f 10416 10438 10437
f 10417 10418 10439
f 10417 10439 10438
f 10418 10419 10440
f 10418 10440 10439
f 10419 10420 10441
f 10419 10441 10440
f 10420 10421 10442
f 10420 10442 10441
f 10421 10401 10422
f 10421 10422 10442
f 10443 10444 10473
f 10443 10473 10472
f 10444 10445 10474
f 10444 10474 10473
f 10445 10446 10475
f 10445 10475 10474
f 10446 10447 10476
f 10446 10476 10475
f 10447 10448 10477
f 10447 10477 10476
f 10448 10449 10478
f 10448 10478 10477
f 10449 10450 10479
f 10449 10479 10478
f 10450 10451 10480
f 10450 10480 10479
f 10451 10452 10481
f 10451 10481 10480
f 10452 10453 10482
f 10452 10482 10481
f 10453 10454 10483
f 10453 10483 10482
f 10454 10455 10484
f 10454 10484 10483
f 10455 10456 10485
f 10455 10485 10484
f 10456 10457 10486
f 10456 10486 10485
f 10457 10458 10487
f 10457 10487 10486
f 10458 10459 10488
f 10458 10488 10487
f 10459 10460 10489
f 10459 10489 10488
f 10460 10461 10490
f 10460 10490 10489
f 10461 10462 10491
f 10461 10491 10490
f 10462 10463 10492
f 10462 10492 10491
f 10463 10464 10493
f 10463 10493 10492
f 10464 10465 10494
f 10464 10494 10493
f 10465 10466 10495
f 10465 10495 10494
f 10466 10467 10496
f 10466 10496 10495
f 10467 10468 10497
f 10467 10497 10496
f 10468 10469 10498
f 10468 10498 10497
f 10469 10470 10499
f 10469 10499 10498
f 10470 10471 10500
f 10470 10500 10499
f 10471 10443 10472
f 10471 10472 10500
f 10501 10502 10506
f 10501 10506 10505
f 10502 10503 10507
f 10502 10507 10506
f 10503 10504 10508
f 10503 10508 10507
f 10504 10501 10505
f 10504 10505 10508
f 9595 9561 9596
f 9595 9562 9561
f 9595 9563 9562
f 9595 9564 9563
f 9595 9565 9564
f 9595 9566 9565
f 9595 9567 9566
f 9595 9568 9567
f 9595 9569 9568
f 9595 9570 9569
f 9595 9571 9570
f 9595 9572 9571
f 9595 9573 9572
f 9595 9574 9573
f 9595 9575 9574
f 9595 9576 9575
f 9595 9577 9576
f 9595 9578 9577
f 9595 9579 9578
f 9595 9580 9579
f 9594 9580 9595
f 9593 9580 9594
f 9592 9580 9593
f 9591 9580 9592
f 9591 9581 9580
f 9590 9581 9591
f 9590 9582 9581
f 9589 9582 9590
f 9589 9583 9582
f 9589 9584 9583
f 9589 9585 9584
f 9588 9585 9589
f 9587 9585 9588
f 9587 9586 9585
f 9662 9633 9663
f 9661 9633 9662
f 9641 9643 9642
f 9640 9643 9641
f 9660 9633 9661
f 9638 9640 9639
f 9638 9643 9640
f 9638 9644 9643
f 9638 9645 9644
f 9637 9645 9638
f 9637 9646 9645
f 9636 9646 9637
f 9636 9647 9646
f 9636 9648 9647
f 9635 9648 9636
f 9635 9649 9648
f 9635 9650 9649
f 9634 9650 9635
f 9634 9651 9650
f 9634 9652 9651
f 9634 9653 9652
f 9633 9653 9634
f 9633 9654 9653
f 9660 9654 9633
f 9659 9654 9660
f 9659 9655 9654
f 9658 9655 9659
f 9658 9656 9655
f 9657 9656 9658
f 9715 9717 9716
f 9714 9717 9715
f 9713 9717 9714
f 9712 9717 9713
f 9711 9717 9712
f 9711 9718 9717
f 9710 9718 9711
f 9709 9718 9710
f 9708 9718 9709
f 9707 9718 9708
f 9706 9718 9707
f 9705 9718 9706
f 9704 9718 9705
f 9703 9718 9704
f 9702 9718 9703
f 9701 9718 9702
f 9700 9718 9701
f 9699 9718 9700
f 9699 9719 9718
f 9698 9719 9699
f 9698 9720 9719
f 9698 9721 9720
f 9697 9721 9698
f 9697 9722 9721
f 9697 9723 9722
f 9697 9724 9723
f 9697 9725 9724
f 9697 9726 9725
f 9697 9727 9726
f 9697 9728 9727
f 9696 9728 9697
f 9696 9729 9728
f 9696 9730 9729
f 9695 9730 9696
f 9695 9731 9730
f 9733 9731 9695
f 9733 9732 9731
f 9824 9773 9825
f 9802 9804 9803
f 9801 9804 9802
f 9780 9782 9781
f 9779 9782 9780
f 9824 9774 9773
f 9779 9783 9782
f 9779 9784 9783
f 9779 9785 9784
f 9779 9786 9785
f 9779 9787 9786
f 9779 9788 9787
f 9800 9804 9801
f 9779 9789 9788
f 9779 9790 9789
f 9779 9791 9790
f 9779 9792 9791
f 9823 9774 9824
f 9823 9775 9774
f 9823 9776 9775
f 9822 9776 9823
f 9822 9777 9776
f 9821 9777 9822
f 9821 9778 9777
f 9821 9779 9778
f 9821 9792 9779
f 9820 9792 9821
f 9819 9792 9820
f 9818 9792 9819
f 9817 9792 9818
f 9816 9792 9817
f 9815 9792 9816
f 9814 9792 9815
f 9813 9792 9814
f 9812 9792 9813
f 9811 9792 9812
f 9810 9792 9811
f 9809 9792 9810
f 9808 9792 9809
f 9808 9793 9792
f 9807 9793 9808
f 9807 9794 9793
f 9806 9794 9807
f 9806 9795 9794
f 9805 9795 9806
f 9805 9796 9795
f 9805 9797 9796
f 9805 9798 9797
f 9804 9798 9805
f 9804 9799 9798
f 9800 9799 9804
f 9922 9924 9923
f 9921 9924 9922
f 9921 9879 9924
f 9921 9880 9879
f 9921 9881 9880
f 9921 9882 9881
f 9921 9883 9882
f 9920 9883 9921
f 9920 9884 9883
f 9920 9885 9884
f 9920 9886 9885
f 9909 9911 9910
f 9908 9911 9909
f 9907 9911 9908
f 9906 9911 9907
f 9905 9911 9906
f 9904 9911 9905
f 9903 9911 9904
f 9902 9911 9903
f 9902 9912 9911
f 9920 9887 9886
f 9919 9887 9920
f 9919 9888 9887
f 9918 9888 9919
f 9918 9889 9888
f 9917 9889 9918
f 9917 9890 9889
f 9917 9891 9890
f 9916 9891 9917
f 9915 9891 9916
f 9915 9892 9891
f 9915 9893 9892
f 9914 9893 9915
f 9914 9894 9893
f 9913 9894 9914
f 9912 9894 9913
f 9912 9895 9894
f 9912 9896 9895
f 9912 9897 9896
f 9912 9898 9897
f 9912 9899 9898
f 9912 9900 9899
f 9902 9900 9912
f 9902 9901 9900
f 9985 9987 9986
f 9984 9987 9985
f 9984 9988 9987
f 9983 9988 9984
f 9983 9989 9988
f 9982 9989 9983
f 9982 9990 9989
f 9981 9990 9982
f 9981 9991 9990
f 9980 9991 9981
f 9980 9992 9991
f 9996 9998 9997
f 9995 9998 9996
f 9995 9971 9998
f 9995 9972 9971
f 9994 9972 9995
f 9994 9973 9972
f 9994 9974 9973
f 9994 9975 9974
f 9994 9976 9975
f 9994 9977 9976
f 9979 9992 9980
f 9979 9993 9992
f 9979 9994 9993
f 9979 9977 9994
f 9978 9977 9979
f 10041 10043 10042
f 10040 10043 10041
f 10040 10044 10043
f 10040 10045 10044
f 10040 10046 10045
f 10040 10047 10046
f 10040 10048 10047
f 10040 10049 10048
f 10057 10027 10058
f 10056 10027 10057
f 10038 10040 10039
f 10038 10049 10040
f 10037 10049 10038
f 10037 10050 10049
f 10036 10050 10037
f 10036 10051 10050
f 10035 10051 10036
f 10035 10052 10051
f 10034 10052 10035
f 10034 10053 10052
f 10033 10053 10034
f 10033 10054 10053
f 10032 10054 10033
f 10032 10055 10054
f 10031 10055 10032
f 10031 10056 10055
f 10029 10031 10030
f 10027 10029 10028
f 10056 10029 10027
f 10031 10029 10056
f 10119 10121 10120
f 10118 10121 10119
f 10117 10121 10118
f 10116 10121 10117
f 10115 10121 10116
f 10114 10121 10115
f 10113 10121 10114
f 10164 10091 10165
f 10150 10152 10151
f 10112 10121 10113
f 10111 10121 10112
f 10110 10121 10111
f 10109 10121 10110
f 10108 10121 10109
f 10107 10121 10108
f 10107 10122 10121
f 10106 10122 10107
f 10105 10122 10106
f 10104 10122 10105
f 10104 10123 10122
f 10104 10124 10123
f 10104 10125 10124
f 10104 10126 10125
f 10104 10127 10126
f 10104 10128 10127
f 10104 10129 10128
f 10104 10130 10129
f 10104 10131 10130
f 10104 10132 10131
f 10103 10132 10104
f 10102 10132 10103
f 10101 10132 10102
f 10100 10132 10101
f 10099 10132 10100
f 10098 10132 10099
f 10097 10132 10098
f 10096 10132 10097
f 10096 10133 10132
f 10096 10134 10133
f 10095 10134 10096
f 10095 10135 10134
f 10094 10135 10095
f 10094 10136 10135
f 10093 10136 10094
f 10092 10136 10093
f 10092 10137 10136
f 10092 10138 10137
f 10092 10139 10138
f 10092 10140 10139
f 10092 10141 10140
f 10092 10142 10141
f 10092 10143 10142
f 10091 10143 10092
f 10091 10144 10143
f 10164 10144 10091
f 10163 10144 10164
f 10163 10145 10144
f 10162 10145 10163
f 10162 10146 10145
f 10161 10146 10162
f 10161 10147 10146
f 10160 10147 10161
f 10160 10148 10147
f 10160 10149 10148
f 10159 10149 10160
f 10159 10150 10149
f 10159 10152 10150
f 10159 10153 10152
f 10159 10154 10153
f 10158 10154 10159
f 10158 10155 10154
f 10158 10156 10155
f 10158 10157 10156
f 10241 10243 10242
f 10257 10243 10241
f 10257 10244 10243
f 10257 10245 10244
f 10257 10246 10245
f 10257 10247 10246
f 10257 10248 10247
f 10256 10248 10257
f 10255 10248 10256
f 10254 10248 10255
f 10253 10248 10254
f 10252 10248 10253
f 10251 10248 10252
f 10251 10249 10248
f 10251 10250 10249
f 10315 10276 10275
f 10314 10276 10315
f 10314 10277 10276
f 10314 10278 10277
f 10314 10279 10278
f 10313 10279 10314
f 10313 10280 10279
f 10313 10281 10280
f 10313 10282 10281
f 10313 10283 10282
f 10312 10283 10313
f 10311 10283 10312
f 10299 10301 10300
f 10298 10301 10299
f 10297 10301 10298
f 10296 10301 10297
f 10295 10301 10296
f 10294 10301 10295
f 10293 10301 10294
f 10292 10301 10293
f 10310 10283 10311
f 10310 10284 10283
f 10309 10284 10310
f 10308 10284 10309
f 10307 10284 10308
f 10306 10284 10307
f 10306 10285 10284
f 10305 10285 10306
f 10305 10286 10285
f 10305 10287 10286
f 10304 10287 10305
f 10304 10288 10287
f 10303 10288 10304
f 10303 10289 10288
f 10302 10289 10303
f 10302 10290 10289
f 10302 10291 10290
f 10301 10291 10302
f 10292 10291 10301
f 10448 10357 10449
f 10447 10357 10448
f 10446 10357 10447
f 10378 10449 10357
f 10445 10357 10446
f 10444 10357 10445
f 10443 10357 10444
f 10471 10357 10443
f 10377 10449 10378
f 10471 10358 10357
f 10376 10449 10377
f 10376 10450 10449
f 10375 10450 10376
f 10374 10450 10375
f 10373 10450 10374
f 10471 10359 10358
f 10470 10359 10471
f 10469 10359 10470
f 10469 10360 10359
f 10468 10360 10469
f 10467 10360 10468
f 10467 10361 10360
f 10466 10361 10467
f 10466 10362 10361
f 10465 10362 10466
f 10464 10362 10465
f 10464 10363 10362
f 10373 10451 10450
f 10372 10451 10373
f 10372 10452 10451
f 10371 10452 10372
f 10371 10453 10452
f 10371 10454 10453
f 10370 10454 10371
f 10369 10454 10370
f 10369 10455 10454
f 10368 10455 10369
f 10367 10455 10368
f 10367 10456 10455
f 10366 10456 10367
f 10366 10457 10456
f 10365 10457 10366
f 10365 10458 10457
f 10365 10459 10458
f 10364 10459 10365
f 10363 10459 10364
f 10363 10460 10459
f 10363 10461 10460
f 10464 10461 10363
f 10464 10462 10461
f 10463 10462 10464
f 10409 10411 10410
f 10408 10411 10409
f 10408 10412 10411
f 10408 10413 10412
f 10408 10414 10413
f 10408 10415 10414
f 10408 10416 10415
f 10408 10417 10416
f 10407 10417 10408
f 10406 10417 10407
f 10405 10417 10406
f 10405 10418 10417
f 10404 10418 10405
f 10403 10418 10404
f 10402 10418 10403
f 10401 10418 10402
f 10419 10421 10420
f 10418 10421 10419
f 10401 10421 10418
f 10503 10501 10504
f 10503 10502 10501
f 9631 9632 9597
f 9631 9597 9598
f 9631 9598 9599
f 9631 9599 9600
f 9631 9600 9601
f 9631 9601 9602
f 9631 9602 9603
f 9631 9603 9604
f 9631 9604 9605
f 9631 9605 9606
f 9631 9606 9607
f 9631 9607 9608
f 9631 9608 9609
f 9631 9609 9610
f 9631 9610 9611
f 9631 9611 9612
f 9631 9612 9613
f 9631 9613 9614
f 9631 9614 9615
f 9631 9615 9616
f 9630 9631 9616
f 9629 9630 9616
f 9628 9629 9616
f 9627 9628 9616
f 9627 9616 9617
f 9626 9627 9617
f 9626 9617 9618
f 9625 9626 9618
f 9625 9618 9619
f 9625 9619 9620
f 9625 9620 9621
f 9624 9625 9621
f 9623 9624 9621
f 9623 9621 9622
f 9693 9694 9664
f 9692 9693 9664
f 9672 9673 9674
f 9671 9672 9674
f 9691 9692 9664
f 9669 9670 9671
f 9669 9671 9674
f 9669 9674 9675
f 9669 9675 9676
f 9668 9669 9676
f 9668 9676 9677
f 9667 9668 9677
f 9667 9677 9678
f 9667 9678 9679
f 9666 9667 9679
f 9666 9679 9680
f 9666 9680 9681
f 9665 9666 9681
f 9665 9681 9682
f 9665 9682 9683
f 9665 9683 9684
f 9664 9665 9684
f 9664 9684 9685
f 9691 9664 9685
f 9690 9691 9685
f 9690 9685 9686
f 9689 9690 9686
f 9689 9686 9687
f 9688 9689 9687
f 9754 9755 9756
f 9753 9754 9756
f 9752 9753 9756
f 9751 9752 9756
f 9750 9751 9756
f 9750 9756 9757
f 9749 9750 9757
f 9748 9749 9757
f 9747 9748 9757
f 9746 9747 9757
f 9745 9746 9757
f 9744 9745 9757
f 9743 9744 9757
f 9742 9743 9757
f 9741 9742 9757
f 9740 9741 9757
f 9739 9740 9757
f 9738 9739 9757
f 9738 9757 9758
f 9737 9738 9758
f 9737 9758 9759
f 9737 9759 9760
f 9736 9737 9760
f 9736 9760 9761
f 9736 9761 9762
f 9736 9762 9763
f 9736 9763 9764
f 9736 9764 9765
f 9736 9765 9766
f 9736 9766 9767
f 9735 9736 9767
f 9735 9767 9768
f 9735 9768 9769
f 9734 9735 9769
f 9734 9769 9770
f 9772 9734 9770
f 9772 9770 9771
f 9877 9878 9826
f 9855 9856 9857
f 9854 9855 9857
f 9833 9834 9835
f 9832 9833 9835
f 9877 9826 9827
f 9832 9835 9836
f 9832 9836 9837
f 9832 9837 9838
f 9832 9838 9839
f 9832 9839 9840
f 9832 9840 9841
f 9853 9854 9857
f 9832 9841 9842
f 9832 9842 9843
f 9832 9843 9844
f 9832 9844 9845
f 9876 9877 9827
f 9876 9827 9828
f 9876 9828 9829
f 9875 9876 9829
f 9875 9829 9830
f 9874 9875 9830
f 9874 9830 9831
f 9874 9831 9832
f 9874 9832 9845
f 9873 9874 9845
f 9872 9873 9845
f 9871 9872 9845
f 9870 9871 9845
f 9869 9870 9845
f 9868 9869 9845
f 9867 9868 9845
f 9866 9867 9845
f 9865 9866 9845
f 9864 9865 9845
f 9863 9864 9845
f 9862 9863 9845
f 9861 9862 9845
f 9861 9845 9846
f 9860 9861 9846
f 9860 9846 9847
f 9859 9860 9847
f 9859 9847 9848
f 9858 9859 9848
f 9858 9848 9849
f 9858 9849 9850
f 9858 9850 9851
f 9857 9858 9851
f 9857 9851 9852
f 9853 9857 9852
f 9968 9969 9970
f 9967 9968 9970
f 9967 9970 9925
f 9967 9925 9926
f 9967 9926 9927
f 9967 9927 9928
f 9967 9928 9929
f 9966 9967 9929
f 9966 9929 9930
f 9966 9930 9931
f 9966 9931 9932
f 9955 9956 9957
f 9954 9955 9957
f 9953 9954 9957
f 9952 9953 9957
f 9951 9952 9957
f 9950 9951 9957
f 9949 9950 9957
f 9948 9949 9957
f 9948 9957 9958
f 9966 9932 9933
f 9965 9966 9933
f 9965 9933 9934
f 9964 9965 9934
f 9964 9934 9935
f 9963 9964 9935
f 9963 9935 9936
f 9963 9936 9937
f 9962 9963 9937
f 9961 9962 9937
f 9961 9937 9938
f 9961 9938 9939
f 9960 9961 9939
f 9960 9939 9940
f 9959 9960 9940
f 9958 9959 9940
f 9958 9940 9941
f 9958 9941 9942
f 9958 9942 9943
f 9958 9943 9944
f 9958 9944 9945
f 9958 9945 9946
f 9948 9958 9946
f 9948 9946 9947
f 10013 10014 10015
f 10012 10013 10015
f 10012 10015 10016
f 10011 10012 10016
f 10011 10016 10017
f 10010 10011 10017
f 10010 10017 10018
f 10009 10010 10018
f 10009 10018 10019
f 10008 10009 10019
f 10008 10019 10020
f 10024 10025 10026
f 10023 10024 10026
f 10023 10026 9999
f 10023 9999 10000
f 10022 10023 10000
f 10022 10000 10001
f 10022 10001 10002
f 10022 10002 10003
f 10022 10003 10004
f 10022 10004 10005
f 10007 10008 10020
f 10007 10020 10021
f 10007 10021 10022
f 10007 10022 10005
f 10006 10007 10005
f 10073 10074 10075
f 10072 10073 10075
f 10072 10075 10076
f 10072 10076 10077
f 10072 10077 10078
f 10072 10078 10079
f 10072 10079 10080
f 10072 10080 10081
f 10089 10090 10059
f 10088 10089 10059
f 10070 10071 10072
f 10070 10072 10081
f 10069 10070 10081
f 10069 10081 10082
f 10068 10069 10082
f 10068 10082 10083
f 10067 10068 10083
f 10067 10083 10084
f 10066 10067 10084
f 10066 10084 10085
f 10065 10066 10085
f 10065 10085 10086
f 10064 10065 10086
f 10064 10086 10087
f 10063 10064 10087
f 10063 10087 10088
f 10061 10062 10063
f 10059 10060 10061
f 10088 10059 10061
f 10063 10088 10061
f 10194 10195 10196
f 10193 10194 10196
f 10192 10193 10196
f 10191 10192 10196
f 10190 10191 10196
f 10189 10190 10196
f 10188 10189 10196
f 10239 10240 10166
f 10225 10226 10227
f 10187 10188 10196
f 10186 10187 10196
f 10185 10186 10196
f 10184 10185 10196
f 10183 10184 10196
f 10182 10183 10196
f 10182 10196 10197
f 10181 10182 10197
f 10180 10181 10197
f 10179 10180 10197
f 10179 10197 10198
f 10179 10198 10199
f 10179 10199 10200
f 10179 10200 10201
f 10179 10201 10202
f 10179 10202 10203
f 10179 10203 10204
f 10179 10204 10205
f 10179 10205 10206
f 10179 10206 10207
f 10178 10179 10207
f 10177 10178 10207
f 10176 10177 10207
f 10175 10176 10207
f 10174 10175 10207
f 10173 10174 10207
f 10172 10173 10207
f 10171 10172 10207
f 10171 10207 10208
f 10171 10208 10209
f 10170 10171 10209
f 10170 10209 10210
f 10169 10170 10210
f 10169 10210 10211
f 10168 10169 10211
f 10167 10168 10211
f 10167 10211 10212
f 10167 10212 10213
f 10167 10213 10214
f 10167 10214 10215
f 10167 10215 10216
f 10167 10216 10217
f 10167 10217 10218
f 10166 10167 10218
f 10166 10218 10219
f 10239 10166 10219
f 10238 10239 10219
f 10238 10219 10220
f 10237 10238 10220
f 10237 10220 10221
f 10236 10237 10221
f 10236 10221 10222
f 10235 10236 10222
f 10235 10222 10223
f 10235 10223 10224
f 10234 10235 10224
f 10234 10224 10225
f 10234 10225 10227
f 10234 10227 10228
f 10234 10228 10229
f 10233 10234 10229
f 10233 10229 10230
f 10233 10230 10231
f 10233 10231 10232
f 10258 10259 10260
f 10274 10258 10260
f 10274 10260 10261
f 10274 10261 10262
f 10274 10262 10263
f 10274 10263 10264
f 10274 10264 10265
f 10273 10274 10265
f 10272 10273 10265
f 10271 10272 10265
f 10270 10271 10265
f 10269 10270 10265
f 10268 10269 10265
f 10268 10265 10266
f 10268 10266 10267
f 10356 10316 10317
f 10355 10356 10317
f 10355 10317 10318
f 10355 10318 10319
f 10355 10319 10320
f 10354 10355 10320
f 10354 10320 10321
f 10354 10321 10322
f 10354 10322 10323
f 10354 10323 10324
f 10353 10354 10324
f 10352 10353 10324
f 10340 10341 10342
f 10339 10340 10342
f 10338 10339 10342
f 10337 10338 10342
f 10336 10337 10342
f 10335 10336 10342
f 10334 10335 10342
f 10333 10334 10342
f 10351 10352 10324
f 10351 10324 10325
f 10350 10351 10325
f 10349 10350 10325
f 10348 10349 10325
f 10347 10348 10325
f 10347 10325 10326
f 10346 10347 10326
f 10346 10326 10327
f 10346 10327 10328
f 10345 10346 10328
f 10345 10328 10329
f 10344 10345 10329
f 10344 10329 10330
f 10343 10344 10330
f 10343 10330 10331
f 10343 10331 10332
f 10342 10343 10332
f 10333 10342 10332
f 10477 10478 10379
f 10476 10477 10379
f 10475 10476 10379
f 10400 10379 10478
f 10474 10475 10379
f 10473 10474 10379
f 10472 10473 10379
f 10500 10472 10379
f 10399 10400 10478
f 10500 10379 10380
f 10398 10399 10478
f 10398 10478 10479
f 10397 10398 10479
f 10396 10397 10479
f 10395 10396 10479
f 10500 10380 10381
f 10499 10500 10381
f 10498 10499 10381
f 10498 10381 10382
f 10497 10498 10382
f 10496 10497 10382
f 10496 10382 10383
f 10495 10496 10383
f 10495 10383 10384
f 10494 10495 10384
f 10493 10494 10384
f 10493 10384 10385
f 10395 10479 10480
f 10394 10395 10480
f 10394 10480 10481
f 10393 10394 10481
f 10393 10481 10482
f 10393 10482 10483
f 10392 10393 10483
f 10391 10392 10483
f 10391 10483 10484
f 10390 10391 10484
f 10389 10390 10484
f 10389 10484 10485
f 10388 10389 10485
f 10388 10485 10486
f 10387 10388 10486
f 10387 10486 10487
f 10387 10487 10488
f 10386 10387 10488
f 10385 10386 10488
f 10385 10488 10489
f 10385 10489 10490
f 10493 10385 10490
f 10493 10490 10491
f 10492 10493 10491
f 10430 10431 10432
f 10429 10430 10432
f 10429 10432 10433
f 10429 10433 10434
f 10429 10434 10435
f 10429 10435 10436
f 10429 10436 10437
f 10429 10437 10438
f 10428 10429 10438
f 10427 10428 10438
f 10426 10427 10438
f 10426 10438 10439
f 10425 10426 10439
f 10424 10425 10439
f 10423 10424 10439
f 10422 10423 10439
f 10440 10441 10442
f 10439 10440 10442
f 10422 10439 10442
f 10507 10508 10505
f 10507 10505 10506
f 10509 10510 10538
f 10509 10538 10537
f 10510 10511 10539
f 10510 10539 10538
f 10511 10512 10540
f 10511 10540 10539
f 10512 10513 10541
f 10512 10541 10540
f 10513 10514 10542
f 10513 10542 10541
f 10514 10515 10543
f 10514 10543 10542
f 10515 10516 10544
f 10515 10544 10543
f 10516 10517 10545
f 10516 10545 10544
f 10517 10518 10546
f 10517 10546 10545
f 10518 10519 10547
f 10518 10547 10546
f 10519 10520 10548
f 10519 10548 10547
f 10520 10521 10549
f 10520 10549 10548
f 10521 10522 10550
f 10521 10550 10549
f 10522 10523 10551
f 10522 10551 10550
f 10523 10524 10552
f 10523 10552 10551
f 10524 10525 10553
f 10524 10553 10552
f 10525 10526 10554
f 10525 10554 10553
f 10526 10527 10555
f 10526 10555 10554
f 10527 10528 10556
f 10527 10556 10555
f 10528 10529 10557
f 10528 10557 10556
f 10529 10530 10558
f 10529 10558 10557
f 10530 10531 10559
f 10530 10559 10558
f 10531 10532 10560
f 10531 10560 10559
f 10532 10533 10561
f 10532 10561 10560
f 10533 10534 10562
f 10533 10562 10561
f 10534 10535 10563
f 10534 10563 10562
f 10535 10536 10564
f 10535 10564 10563
f 10536 10509 10537
f 10536 10537 10564
f 10529 10531 10530
f 10529 10532 10531
f 10528 10532 10529
f 10528 10533 10532
f 10527 10533 10528
f 10526 10533 10527
f 10526 10534 10533
f 10526 10535 10534
f 10526 10536 10535
f 10526 10509 10536
f 10526 10510 10509
f 10526 10511 10510
f 10526 10512 10511
f 10526 10513 10512
f 10526 10514 10513
f 10526 10515 10514
f 10526 10516 10515
f 10526 10517 10516
f 10526 10518 10517
f 10526 10519 10518
f 10526 10520 10519
f 10526 10521 10520
f 10526 10522 10521
f 10526 10523 10522
f 10526 10524 10523
f 10526 10525 10524
f 10557 10558 10559
f 10557 10559 10560
f 10556 10557 10560
f 10556 10560 10561
f 10555 10556 10561
f 10554 10555 10561
f 10554 10561 10562
f 10554 10562 10563
f 10554 10563 10564
f 10554 10564 10537
f 10554 10537 10538
f 10554 10538 10539
f 10554 10539 10540
f 10554 10540 10541
f 10554 10541 10542
f 10554 10542 10543
f 10554 10543 10544
f 10554 10544 10545
f 10554 10545 10546
f 10554 10546 10547
f 10554 10547 10548
f 10554 10548 10549
f 10554 10549 10550
f 10554 10550 10551
f 10554 10551 10552
f 10554 10552 10553
