# Exact simple tray converted from USD; room rotation/scale and mesh correction baked
v -0.1620188197 0.002563394199 -0.01065874935
v -0.1641185895 -0.1579156247 -0.01064642078
v -0.1645652744 -0.1579152698 -0.01092782119
v -0.1624666401 0.002569233266 -0.01093759037
v -0.160367976 0.163053736 -0.01094746014
v -0.1599214341 0.1630424446 -0.01066605932
v -0.1257048202 0.2129005459 -0.01058417178
v -0.1281623476 0.2118507689 -0.0105826346
v -0.1283266412 0.212210299 -0.01095110451
v -0.1258516987 0.21326876 -0.01095105426
v -0.1518518213 0.190928036 -0.01059597088
v -0.1531968168 0.1886196283 -0.01059988696
v -0.1535538992 0.1888165173 -0.01095016597
v -0.152196506 0.1911407828 -0.01095034332
v 0.150455736 -0.1985969307 -0.01055029591
v 0.1522263809 -0.1965956842 -0.01055254504
v 0.1525312449 -0.1968526316 -0.01091622756
v 0.1507464588 -0.1988674631 -0.01091620786
v 0.1674784656 0.1746860477 -0.01093793156
v 0.1681625256 0.1720828632 -0.01093761528
v 0.1677486617 0.1719849916 -0.01061561609
v 0.1670737402 0.1745690863 -0.01060917286
v -0.1640914573 -0.1605906166 -0.01063897485
v -0.1645343163 -0.1606065409 -0.01092779984
v -0.1351843876 0.2079954874 -0.01058048771
v -0.1373892874 0.2064854695 -0.01058056347
v -0.1376197069 0.2068048081 -0.01095112936
v -0.1353988087 0.2083257042 -0.01095114926
v -0.1587539319 0.1736478643 -0.01063406834
v -0.1592406588 0.1710222419 -0.01064174426
v -0.159668962 0.1710914424 -0.0109484272
v -0.159174015 0.17373709 -0.01094872986
v 0.1288127634 0.2124696365 -0.01094218117
v 0.1313974922 0.2117178833 -0.01094210342
v 0.1312765293 0.2113370769 -0.01057967903
v 0.1287101303 0.2120814073 -0.01058264705
v 0.1691854823 0.1587387278 -0.01065457634
v 0.1691583496 0.1614137206 -0.01064746199
v 0.1696012283 0.1614296093 -0.01093625874
v 0.1696321864 0.1587383383 -0.01093594625
v -0.143521867 0.2013318684 -0.01058321184
v -0.1453888488 0.199420044 -0.01058491028
v -0.1456795467 0.1996905313 -0.01095087539
v -0.1437980584 0.2016153842 -0.01095096502
v -0.1565289089 0.1813383151 -0.01061456045
v -0.1573964623 0.1788121689 -0.0106204938
v -0.1577979678 0.1789396734 -0.01094928063
v -0.1569201613 0.1814840598 -0.01094952861
v -0.1602666533 0.1657432772 -0.01094776801
v -0.1598243617 0.1657158132 -0.01065894064
v 0.1332292346 -0.2110276553 -0.01054766175
v 0.1356321884 -0.2098582881 -0.01054652092
v 0.1358135868 -0.2102086389 -0.01091608944
v 0.1333935534 -0.2113872308 -0.01091607667
v 0.1687179975 0.1694492605 -0.01093728953
v 0.169143593 0.166791575 -0.01093695475
v 0.1687136053 0.1667335983 -0.01063030203
v 0.1682957028 0.1693710506 -0.01062265713
v -0.1154499845 0.2158575282 -0.01059449959
v -0.1180650393 0.2153084754 -0.01059125823
v -0.1181574677 0.2156992554 -0.01095079783
v -0.1155235387 0.2162546038 -0.01095067655
v -0.1488295352 0.1953329902 -0.01058955857
v -0.1503949142 0.1931676513 -0.01059252923
v -0.150726747 0.1933956686 -0.01095050272
v -0.1491480612 0.1955757357 -0.01095064421
v 0.1694382334 0.164116199 -0.0109366111
v 0.1690013647 0.1640790113 -0.01063856716
v 0.128265556 -0.2130050894 -0.0105512343
v 0.1307717073 -0.2120774324 -0.01054923732
v 0.1309186108 -0.2124456918 -0.01091606466
v 0.1283946642 -0.2133814613 -0.01091605363
v -0.1362086995 -0.2066514154 -0.01092558045
v -0.1385332809 -0.2052942565 -0.0109257577
v -0.1383263708 -0.2049589681 -0.0105554517
v -0.1360182423 -0.2063059273 -0.01055599868
v -0.1624115535 -0.1738629794 -0.01092769391
v -0.1630956135 -0.1712597949 -0.01092774514
v -0.1626817715 -0.1711618835 -0.01060572979
v -0.1620068506 -0.1737459774 -0.01059892203
v -0.1450691307 -0.2005627565 -0.01092626596
v -0.1470842641 -0.1987782646 -0.01092642627
v -0.1468153081 -0.1984891506 -0.01055735568
v -0.1448151244 -0.2002613015 -0.01055626178
v -0.1643713213 -0.1632931306 -0.01092780993
v -0.1639344729 -0.1632559061 -0.01062974078
v -0.154426564 0.1862480175 -0.01060427421
v -0.1555381566 0.1838189328 -0.01060915154
v -0.1559185527 0.1839823138 -0.01094975915
v -0.1547955751 0.1864284466 -0.01094997143
v 0.1466299814 -0.2023265218 -0.01054711721
v 0.1485887541 -0.2005087548 -0.01054848907
v 0.1488649705 -0.200792316 -0.01091618848
v 0.146891311 -0.2026225703 -0.0109161693
v 0.1615957982 -0.1805152055 -0.0105814155
v 0.162463352 -0.1779890601 -0.01058760109
v 0.1628648799 -0.1781166051 -0.01091634484
v 0.1619870734 -0.1806609915 -0.01091633902
v -0.1525713887 -0.1928628178 -0.01092687276
v -0.1541996283 -0.1907195283 -0.01092700819
v -0.153874863 -0.1904851509 -0.01056595786
v -0.1522599353 -0.19261393 -0.010563169
v 0.1569187093 -0.1901049241 -0.0105619627
v 0.1582637051 -0.1877965168 -0.01056607162
v 0.1586208114 -0.187993449 -0.01091630202
v 0.1572634182 -0.1903177145 -0.01091628541
v 0.1632056153 -0.1754234986 -0.01059435887
v 0.1636167779 -0.1755321985 -0.01091634596
v 0.1208812028 0.2139529615 -0.01094231647
v 0.1235482805 0.2135885327 -0.01094228826
v 0.1234834194 0.2131873208 -0.01058995609
v 0.1208357991 0.2135462195 -0.01059431726
v -0.1263305799 -0.2108948002 -0.01092484145
v -0.1288752813 -0.2100171534 -0.01092502991
v -0.1287364008 -0.2096442861 -0.01056020124
v -0.1262096417 -0.2105139491 -0.01056245443
v -0.1584272101 -0.1838474259 -0.010927364
v -0.1596060147 -0.1814277027 -0.01092746363
v -0.1592324111 -0.1812569424 -0.01058178764
v -0.1580651007 -0.1836598989 -0.01057710877
v 0.1125550043 -0.2159023683 -0.01057288185
v 0.1152219846 -0.2157437513 -0.01056805055
v 0.1152567435 -0.2161515842 -0.01091599992
v 0.1125698192 -0.21631453 -0.01091598645
v -0.1305653016 0.210681387 -0.01058151264
v -0.1307466748 0.2110316922 -0.01095113698
v -0.1581387252 0.1762466067 -0.01062698594
v -0.1585498658 0.1763552669 -0.01094901445
v 0.1261942571 0.2130936708 -0.01094224288
v 0.1261103199 0.2126986547 -0.01058607115
v 0.1436001931 0.2061173247 -0.01094149747
v 0.1458553944 0.2046477553 -0.01094133615
v 0.1456323857 0.2043232588 -0.01057069013
v 0.1433932726 0.2057820818 -0.01057116372
v -0.1395172539 0.2048688768 -0.01058104731
v -0.1397632911 0.2051768256 -0.01095109171
v -0.1184813756 -0.2127654494 -0.01092426063
v -0.121127345 -0.2122706025 -0.01092445663
v -0.1210434395 -0.2118755424 -0.01056832814
v -0.1184165386 -0.2123641941 -0.01057197429
v -0.1074881155 0.2167254789 -0.01060704464
v -0.1101551035 0.2165668775 -0.01060237666
v -0.1101898312 0.2169746673 -0.01095037866
v -0.107502907 0.2171375983 -0.01095020212
v -0.1471595084 0.1974187975 -0.01058702812
v -0.1474643327 0.1976756998 -0.01095076841
v 0.123131927 -0.2144853628 -0.01055654829
v 0.1257169199 -0.2138083817 -0.01055366591
v 0.1258278829 -0.2141922654 -0.01091604351
v 0.1232243798 -0.2148761872 -0.01091603315
v 0.1554618021 -0.192344524 -0.01055834482
v 0.1557936593 -0.1925725855 -0.01091626705
v 0.118199458 0.2141860984 -0.01094232724
v 0.1181738709 0.213774507 -0.0105991725
v 0.1339421935 0.2108402217 -0.01094201023
v 0.1364408072 0.2098387724 -0.01094190299
v 0.1362843248 0.2094745253 -0.01057502818
v 0.1338032881 0.2104673993 -0.01057714666
v -0.1206500322 0.2146315096 -0.01058846756
v -0.1207609706 0.2150153485 -0.01095090137
v 0.1379747647 -0.208572146 -0.01054581141
v 0.1402512744 -0.2071723735 -0.01054550873
v 0.1404657208 -0.207502636 -0.01091611815
v 0.1381728623 -0.2089127306 -0.01091610327
v 0.1388872253 0.208715955 -0.01094178154
v 0.1412756114 0.2074744687 -0.01094164597
v 0.1410851291 0.2071290262 -0.01057203488
v 0.1387135606 0.2083608444 -0.01057332076
v 0.1559068118 0.1957466997 -0.01094035262
v 0.1576383008 0.193685886 -0.01094012321
v 0.1573268375 0.1934370429 -0.01057640442
v 0.1556091147 0.1954839068 -0.01057441362
v 0.1670857127 -0.001740291379 -0.01064726672
v 0.1675335521 -0.001746164815 -0.01092607648
v -0.1104426986 -0.2134643121 -0.01092368464
v -0.1131325459 -0.2133630301 -0.01092386133
v -0.1131069822 -0.2129513964 -0.01058075532
v -0.1104322126 -0.2130495756 -0.01058460487
v -0.1407884822 -0.2038246871 -0.01092593126
v -0.1405654988 -0.2035001449 -0.01055530977
v -0.1636510854 -0.1686261921 -0.01092778188
v -0.1632288122 -0.1685479434 -0.01061313034
v -0.0002768037942 -0.2144892088 -0.01058213656
v -0.0002822278748 -0.2149048907 -0.0109198134
v 0.1654348881 -0.1622306675 -0.01091630731
v 0.164988327 -0.1622193415 -0.01063493833
v 0.117878092 -0.2154542087 -0.01056373011
v 0.1205168798 -0.2150344162 -0.01055989997
v 0.1205904508 -0.2154315356 -0.01091602297
v 0.1179324389 -0.2158570225 -0.01091601203
v 0.1538964229 -0.1945098625 -0.01055521956
v 0.1542149735 -0.1947526526 -0.01091624744
v 0.1606050455 -0.1829958225 -0.01057576835
v 0.1609854648 -0.1831592455 -0.01091632989
v 0.1480357626 0.203069304 -0.01094116269
v 0.1501360429 0.2013858247 -0.01094097696
v 0.1498820113 0.2010844153 -0.01057095268
v 0.1477970453 0.2027560854 -0.01057061583
v -0.1158142905 -0.2131298784 -0.01092406211
v -0.1157689106 -0.2127230935 -0.01057611048
v -0.1490093886 -0.196897026 -0.01092658122
v -0.1487258773 -0.1966207844 -0.01055886786
v 0.1592665406 0.1915426115 -0.01093988346
v 0.1607876791 0.1893220081 -0.01093963381
v 0.1604499722 0.1891027463 -0.01058168421
v 0.1589417507 0.1913082785 -0.01057882053
v 0.1653335653 -0.1649202088 -0.01091629057
v 0.164891254 -0.1648927091 -0.01062749673
v 0.1521511763 0.1996013328 -0.01094077993
v 0.1540763007 0.1977200943 -0.01094057176
v 0.1537927643 0.1974438979 -0.01057284369
v 0.1518821951 0.1993122643 -0.01057169232
v -0.1557207667 -0.1884989249 -0.01092713596
v -0.1553830843 -0.188279619 -0.0105691901
v 0.1621979715 0.18702946 -0.01093937393
v 0.1618478167 0.1868257996 -0.01058502547
v -0.1313738951 -0.2090157041 -0.01092521645
v -0.1312174376 -0.2086514118 -0.01055837587
v -0.1606646433 -0.1789530411 -0.01092755244
v -0.1602801044 -0.1787996215 -0.01058696474
v -0.1329078778 0.2093952599 -0.01058080429
v -0.1331059502 0.2097357989 -0.0109511519
v -0.1415630944 0.2031496355 -0.01058193078
v -0.1418243989 0.2034456386 -0.0109510369
v 0.1098785674 -0.21593057 -0.01057691837
v 0.1098782358 -0.2163454393 -0.01091599752
v 0.1445841408 -0.204045763 -0.01054616209
v 0.1448302032 -0.2043537574 -0.01091615122
v -0.1128112111 0.2162773354 -0.0105982016
v -0.112865534 0.2166801058 -0.01095053687
v -0.1231986687 0.2138282026 -0.01058611093
v -0.123327752 0.2142045295 -0.01095098678
v 0.1666674934 0.1772525182 -0.01093823846
v 0.1662725404 0.1771170547 -0.01060329747
v 0.1594934526 -0.1854249066 -0.01057066739
v 0.1598624873 -0.1856053783 -0.0109163172
v 0.1155096032 0.2142873805 -0.0109423464
v 0.1154990942 0.2138726858 -0.01060321649
v -0.1429688506 -0.2022462507 -0.01092610099
v -0.1427301586 -0.2019329864 -0.01055557647
v -0.1640766809 -0.1659685066 -0.01092780371
v -0.1636467142 -0.1659104921 -0.01062112882
v -0.1508398997 -0.1949236314 -0.0109267301
v -0.1505422275 -0.1946607935 -0.01056080321
v -0.1237458512 -0.2116465683 -0.01092465007
v -0.1236432352 -0.2112582948 -0.01056515708
v -0.1571310593 -0.1862063917 -0.0109272548
v -0.1567809287 -0.1860026876 -0.01057290785
v -0.1338203131 -0.2078928868 -0.01092540017
v -0.1336466735 -0.2075377307 -0.01055697106
v -0.1616005813 -0.1764294499 -0.01092762917
v -0.1612056511 -0.1762939451 -0.01059267795
v -0.1048116859 0.2167536802 -0.01061090272
v -0.1048113311 0.2171685077 -0.01095003351
v -0.1595977351 0.1683760873 -0.01065003162
v -0.1600334612 0.168424686 -0.01094810655
v 0.16430755 -0.1701991357 -0.01060968606
v 0.1646646269 -0.1675529822 -0.01061827525
v 0.1651003733 -0.1676016176 -0.01091631448
v 0.1647358741 -0.170268374 -0.01091633126
v 0.005349139986 0.215727959 -0.01094616228
v 0.005343692901 0.2153123187 -0.01060843457
v 0.1638208225 -0.1728247572 -0.01060171967
v 0.1642409271 -0.1729140216 -0.01091634155
v 0.1634941222 0.1846704942 -0.01093910399
v 0.1646729268 0.182250771 -0.010938825
v 0.1642992997 0.1820800533 -0.01059315343
v 0.1631319889 0.1844830103 -0.01058884981
v 0.1424561741 -0.2056623705 -0.01054562085
v 0.1426866189 -0.2059817547 -0.01091613432
v 0.1657315554 0.1797761094 -0.0109385366
v 0.1653469932 0.1796227318 -0.01059795595
v -0.1646502023 -0.1579956497 -0.01075184021
v -0.1645652744 -0.1579152698 -0.01092782119
v -0.1645343163 -0.1606065409 -0.01092779984
v -0.1646216624 -0.1606906293 -0.01074677846
v -0.1641994042 -0.1579960142 -0.01047907433
v -0.1641745243 -0.1606745678 -0.01046670777
v -0.1640914573 -0.1605906166 -0.01063897485
v -0.1641185895 -0.1579156247 -0.01064642078
v -0.1643713213 -0.1632931306 -0.01092780993
v -0.164462205 -0.1633821944 -0.01073925009
v -0.1640208509 -0.1633445972 -0.01045003956
v -0.1639344729 -0.1632559061 -0.01062974078
v -0.1640766809 -0.1659685066 -0.01092780371
v -0.1641718445 -0.1660634599 -0.0107300387
v -0.1637371751 -0.1660048369 -0.01043230387
v -0.1636467142 -0.1659104921 -0.01062112882
v -0.1636510854 -0.1686261921 -0.01092778188
v -0.1637509391 -0.1687276405 -0.01071977621
v -0.1633237812 -0.1686485323 -0.0104141294
v -0.1632288122 -0.1685479434 -0.01061313034
v -0.1630956135 -0.1712597949 -0.01092774514
v -0.1632002826 -0.1713681987 -0.01070894979
v -0.1627814328 -0.1712691314 -0.01039598762
v -0.1626817715 -0.1711618835 -0.01060572979
v -0.1624115535 -0.1738629794 -0.01092769391
v -0.1625210257 -0.1739785474 -0.01069792578
v -0.1621112071 -0.1738601077 -0.01037823131
v -0.1620068506 -0.1737459774 -0.01059892203
v -0.1616005813 -0.1764294499 -0.01092762917
v -0.1617146643 -0.176552274 -0.01068699602
v -0.1613145399 -0.1764150345 -0.0103611358
v -0.1612056511 -0.1762939451 -0.01059267795
v -0.1606646433 -0.1789530411 -0.01092755244
v -0.1607830534 -0.1790830953 -0.01067638292
v -0.1603932716 -0.1789276286 -0.0103449014
v -0.1602801044 -0.1787996215 -0.01058696474
v -0.1596060147 -0.1814277027 -0.01092746363
v -0.1597283472 -0.1815647985 -0.01066623808
v -0.1593494966 -0.1813916783 -0.01032966935
v -0.1592324111 -0.1812569424 -0.01058178764
v -0.1584272101 -0.1838474259 -0.010927364
v -0.1585530454 -0.1839913901 -0.01065671098
v -0.1581856998 -0.18380119 -0.01031556011
v -0.1580651007 -0.1836598989 -0.01057710877
v -0.1571310593 -0.1862063917 -0.0109272548
v -0.1572599163 -0.1863569026 -0.01064788138
v -0.1569046052 -0.1861502268 -0.01030263587
v -0.1567809287 -0.1860026876 -0.01057290785
v -0.1557207667 -0.1884989249 -0.01092713596
v -0.1558520894 -0.1886556323 -0.01063983863
v -0.1555093116 -0.1884330257 -0.0102909844
v -0.1553830843 -0.188279619 -0.0105691901
v -0.1541996283 -0.1907195283 -0.01092700819
v -0.1543329038 -0.1908819621 -0.0106326412
v -0.1540031439 -0.1906440143 -0.0102806607
v -0.153874863 -0.1904851509 -0.01056595786
v -0.1525713887 -0.1928628178 -0.01092687276
v -0.1527060298 -0.1930305236 -0.01062632361
v -0.1523897274 -0.1927777954 -0.01027166734
v -0.1522599353 -0.19261393 -0.010563169
v -0.1508398997 -0.1949236314 -0.0109267301
v -0.1509753933 -0.1950961095 -0.01062092197
v -0.1506730175 -0.194829161 -0.01026403008
v -0.1505422275 -0.1946607935 -0.01056080321
v -0.1490093886 -0.196897026 -0.01092658122
v -0.1491451309 -0.1970737031 -0.01061645642
v -0.1488571062 -0.1967930801 -0.01025776586
v -0.1487258773 -0.1966207844 -0.01055886786
v -0.1470842641 -0.1987782646 -0.01092642627
v -0.1472197411 -0.1989585662 -0.01061294552
v -0.1469464622 -0.1986648299 -0.01025288922
v -0.1468153081 -0.1984891506 -0.01055735568
v -0.1450691307 -0.2005627565 -0.01092626596
v -0.1452037825 -0.2007460492 -0.01061038995
v -0.1449456739 -0.2004397455 -0.01024939716
v -0.1448151244 -0.2002613015 -0.01055626178
v -0.1429688506 -0.2022462507 -0.01092610099
v -0.1431022076 -0.2024319446 -0.0106087899
v -0.1428596489 -0.2021136199 -0.01024727838
v -0.1427301586 -0.2019329864 -0.01055557647
v -0.1407884822 -0.2038246871 -0.01092593126
v -0.1409200138 -0.2040121037 -0.01060813193
v -0.1406934297 -0.2036823188 -0.01024651709
v -0.1405654988 -0.2035001449 -0.01055530977
v -0.1385332809 -0.2052942565 -0.0109257577
v -0.1386625914 -0.2054827603 -0.01060840717
v -0.1384523466 -0.2051420618 -0.0102471065
v -0.1383263708 -0.2049589681 -0.0105554517
v -0.1362086995 -0.2066514154 -0.01092558045
v -0.1363353182 -0.2068403568 -0.01060958008
v -0.1361417926 -0.2064893061 -0.01024901616
v -0.1360182423 -0.2063059273 -0.01055599868
v -0.1338203131 -0.2078928868 -0.01092540017
v -0.1339438895 -0.2080816595 -0.01061161512
v -0.1337674779 -0.2077208177 -0.01025221213
v -0.1336466735 -0.2075377307 -0.01055697106
v -0.1313738951 -0.2090157041 -0.01092521645
v -0.1314940627 -0.2092036424 -0.01061444936
v -0.131335145 -0.2088335709 -0.01025663625
v -0.1312174376 -0.2086514118 -0.01055837587
v -0.1288752813 -0.2100171534 -0.01092502991
v -0.1289917797 -0.2102037093 -0.01061801343
v -0.1288507512 -0.2098250139 -0.01026222181
v -0.1287364008 -0.2096442861 -0.01056020124
v -0.1263305799 -0.2108948002 -0.01092484145
v -0.1264431937 -0.2110794698 -0.0106221999
v -0.1263204048 -0.2106927272 -0.01026887204
v -0.1262096417 -0.2105139491 -0.01056245443
v -0.1237458512 -0.2116465683 -0.01092465007
v -0.1238544333 -0.2118289214 -0.01062686781
v -0.1237502796 -0.2114347672 -0.01027645261
v -0.1236432352 -0.2112582948 -0.01056515708
v -0.121127345 -0.2122706025 -0.01092445663
v -0.1212318241 -0.2124503272 -0.01063182826
v -0.1211466862 -0.2120493675 -0.01028478822
v -0.1210434395 -0.2118755424 -0.01056832814
v -0.1184813756 -0.2127654494 -0.01092426063
v -0.1185817872 -0.2129423961 -0.01063683646
v -0.118516024 -0.2125352969 -0.01029364657
v -0.1184165386 -0.2123641941 -0.01057197429
v -0.1158142905 -0.2131298784 -0.01092406211
v -0.1159108212 -0.2133040894 -0.01064155713
v -0.1158648067 -0.2128915312 -0.01030270541
v -0.1157689106 -0.2127230935 -0.01057611048
v -0.1131325459 -0.2133630301 -0.01092386133
v -0.1132254756 -0.2135348146 -0.01064555277
v -0.1131995694 -0.2131175231 -0.01031154241
v -0.1131069822 -0.2129513964 -0.01058075532
v -0.1105325288 -0.2136344087 -0.01064825252
v -0.1104426986 -0.2134643121 -0.01092368464
v -0.0002822278748 -0.2149048907 -0.0109198134
v -0.0002844683963 -0.2150754919 -0.01064540122
v -0.1105218944 -0.2132140415 -0.01031822238
v -0.0002789707754 -0.2146542082 -0.01031675458
v -0.0002768037942 -0.2144892088 -0.01058213656
v -0.1104322126 -0.2130495756 -0.01058460487
v -0.1104427417 -0.2134611017 -0.00741796265
v -0.1105326294 -0.2136342269 -0.007698159967
v -0.0002845690444 -0.21507531 -0.007693318333
v -0.000282308233 -0.2149016797 -0.007414119094
v -0.1104360818 -0.2131989571 -0.008000888583
v -0.0002788468213 -0.2146385396 -0.007997045062
v -0.000279048987 -0.2146540668 -0.008022016524
v -0.1105219725 -0.2132139004 -0.008028241215
v -0.1604508801 0.1631365246 -0.007624769069
v -0.1603652351 0.1630538847 -0.007442869661
v -0.160263899 0.1657433066 -0.007443031962
v -0.1603518773 0.1658298364 -0.007629826282
v -0.1600002075 0.1631251006 -0.007897503461
v -0.1599052926 0.1658020877 -0.007909865512
v -0.1599681726 0.1657249037 -0.008025930682
v -0.160064078 0.1630462151 -0.008025768858
v -0.1600306938 0.1684245811 -0.007443189266
v -0.160122091 0.1685163114 -0.007637341088
v -0.1596818508 0.1684671856 -0.007926520625
v -0.1597424053 0.1683923864 -0.008026087323
v -0.1596661817 0.1710911883 -0.00744334119
v -0.1597617155 0.1711890672 -0.007646529592
v -0.159328707 0.1711190976 -0.007944234105
v -0.1593855466 0.1710458008 -0.008026238629
v -0.1591712514 0.173736702 -0.007443487369
v -0.1592712865 0.1738413303 -0.007656760315
v -0.158846322 0.173751079 -0.007962377483
v -0.1588984411 0.1736787051 -0.008026384364
v -0.158547119 0.1763547301 -0.00744362745
v -0.1586517685 0.1764665862 -0.007667545731
v -0.1582356307 0.1763565998 -0.007980478932
v -0.1582822899 0.1762846921 -0.008026523975
v -0.1577952528 0.1789389881 -0.007443761097
v -0.1579044839 0.1790582801 -0.007678520153
v -0.1574978803 0.1789291641 -0.007998186088
v -0.1575385471 0.1788574324 -0.008026657189
v -0.1569174778 0.1814832408 -0.007443887986
v -0.157031096 0.1816100407 -0.007689390865
v -0.1566346744 0.1814623847 -0.008015223448
v -0.1566690235 0.1813906311 -0.008026783744
v -0.1559159306 0.1839813614 -0.007444007813
v -0.1560336234 0.1841156354 -0.00769993726
v -0.1556480171 0.183950029 -0.008031391807
v -0.1556758257 0.1838781908 -0.008026903139
v -0.1547929997 0.1864273458 -0.007444120288
v -0.154914382 0.18656891 -0.007710005835
v -0.1556480171 0.183950029 -0.008031391807
v -0.1545401644 0.1863859419 -0.008046547993
v -0.1545613576 0.186314048 -0.008027015346
v -0.1556758257 0.1838781908 -0.008026903139
v -0.1535514 0.1888152834 -0.007444225144
v -0.1536760274 0.1889639383 -0.00771944864
v -0.1533137572 0.1887641971 -0.008060574372
v -0.1533283348 0.1886922621 -0.008027119827
v -0.1521940682 0.1911394156 -0.007444322121
v -0.1523214831 0.1912948273 -0.007728185807
v -0.1519716738 0.1910789307 -0.008073409275
v -0.1519797086 0.1910070749 -0.008027216526
v -0.1507243852 0.1933941832 -0.007444410994
v -0.1508540263 0.193555972 -0.007736128471
v -0.1505171624 0.1933244777 -0.008084960719
v -0.1505188011 0.1932528817 -0.008027305146
v -0.1491457903 0.1955741323 -0.007444491543
v -0.1492771424 0.1957418146 -0.007743218278
v -0.1489536929 0.1954953248 -0.008095176592
v -0.1489490966 0.1954241993 -0.008027385466
v -0.1474621528 0.1976739783 -0.007444563575
v -0.1475946409 0.1978470847 -0.007749420403
v -0.1472850305 0.1975861714 -0.008104055695
v -0.1472744344 0.1975157578 -0.008027457226
v -0.1456774725 0.1996887069 -0.007444626917
v -0.1458105818 0.199866709 -0.007754699214
v -0.145515265 0.1995919445 -0.008111569982
v -0.1454988744 0.1995224987 -0.008027520453
v -0.1437960898 0.2016134569 -0.007444681415
v -0.1439292321 0.201795766 -0.007759034993
v -0.1436486189 0.201507707 -0.008117705918
v -0.1436267273 0.2014395756 -0.008027574796
v -0.141822536 0.2034436083 -0.007444726945
v -0.1419552122 0.2036296367 -0.007762410015
v -0.1416896827 0.2033288544 -0.008122447609
v -0.1416625246 0.2032623235 -0.008027620186
v -0.1397615338 0.2051746924 -0.007444763385
v -0.1398932012 0.2053637923 -0.007764823495
v -0.1396431653 0.2050508436 -0.008125798927
v -0.139611019 0.2049862893 -0.008027656513
v -0.1376180701 0.206802587 -0.007444790659
v -0.1377482597 0.2069941413 -0.007766275354
v -0.1375140828 0.2066695823 -0.008127770436
v -0.1374771825 0.2066073206 -0.008027683757
v -0.1353972922 0.2083233953 -0.007444808695
v -0.1355254917 0.2085167118 -0.007766779559
v -0.1353075835 0.2081811143 -0.008128378766
v -0.1352661927 0.2081215061 -0.008027701652
v -0.1331045687 0.2097334172 -0.007444817451
v -0.1332303844 0.2099278351 -0.007766345318
v -0.1330290953 0.209581755 -0.008127633855
v -0.132983433 0.2095251459 -0.008027710354
v -0.1307454136 0.2110292377 -0.007444816905
v -0.1308684069 0.2112240956 -0.007765008999
v -0.1306841022 0.210868104 -0.008125562424
v -0.1306344022 0.2108148397 -0.008027709775
v -0.1283255148 0.2122077866 -0.00744480706
v -0.1284453366 0.2124024542 -0.007762805871
v -0.128278396 0.2120371224 -0.008122197681
v -0.1282248337 0.2119874734 -0.008027699985
v -0.1258506923 0.2132661895 -0.007444787938
v -0.1259670085 0.2134599918 -0.007759799688
v -0.1258177973 0.213085891 -0.008117602183
v -0.1257605472 0.2130401724 -0.008027680737
v -0.1233268954 0.2142019014 -0.007444759586
v -0.1234394302 0.2143942835 -0.007756060261
v -0.1233083129 0.2140120293 -0.008111841119
v -0.1232474919 0.2139704214 -0.008027652481
v -0.1207602486 0.2150126775 -0.007444722073
v -0.1208688152 0.2152031153 -0.007751694778
v -0.1207561567 0.2148132938 -0.008105013758
v -0.1206918219 0.2147759762 -0.008027614953
v -0.1181568953 0.2156965416 -0.007444675486
v -0.1182613428 0.2158846011 -0.007746845738
v -0.1181675072 0.2154878579 -0.008097254187
v -0.1180997111 0.2154548162 -0.008027568574
v -0.1155231155 0.2162518771 -0.007444619942
v -0.1156233813 0.2164372147 -0.007741701691
v -0.1155487332 0.2160341655 -0.008088737898
v -0.1154774314 0.2160053693 -0.008027512993
v -0.1128652527 0.216677351 -0.007444555572
v -0.1129613834 0.2168598332 -0.007736508164
v -0.1129062642 0.2164511532 -0.008079698229
v -0.1128313713 0.2164262885 -0.008027448745
v -0.1101896992 0.2169718996 -0.007444482531
v -0.1102818731 0.2171515585 -0.007731600596
v -0.1102466388 0.2167379379 -0.008070453956
v -0.1101679227 0.2167165247 -0.008027375984
v -0.1075029167 0.2171348176 -0.007444400994
v -0.1075914129 0.2173119697 -0.007727417546
v -0.1075764042 0.2168941431 -0.00806142827
v -0.1074935846 0.216875388 -0.008027294555
v -0.1048967828 0.2173411107 -0.007724529933
v -0.1048114525 0.2171657284 -0.007444311162
v 0.0053489813 0.2157251802 -0.007440467605
v 0.00535126115 0.215898776 -0.007719688089
v -0.1048971214 0.2169206089 -0.008054559735
v 0.005345763508 0.2154774923 -0.00804833473
v 0.005345559636 0.2154619682 -0.008023361368
v -0.1048116508 0.2169034281 -0.00802720487
v 0.1655175655 -0.1623130466 -0.007593600504
v 0.1654319082 -0.1622303843 -0.007411717039
v 0.1653305721 -0.1649198062 -0.007411554738
v 0.1654185631 -0.165006359 -0.007598332393
v 0.1650669116 -0.1623016562 -0.007866366674
v 0.1649719975 -0.1649786448 -0.007878405218
v 0.1650348854 -0.1649014751 -0.007994475814
v 0.1651307908 -0.1622227865 -0.007994637572
v 0.1650973669 -0.1676010807 -0.007411397434
v 0.1651887773 -0.1676928349 -0.007605531717
v 0.1647485568 -0.1676437448 -0.007894747318
v 0.1648091181 -0.1675689578 -0.007994319107
v 0.1647328548 -0.1702676879 -0.00741124551
v 0.1648284024 -0.1703655918 -0.007614415349
v 0.1643954142 -0.1702956589 -0.007912157785
v 0.1644522595 -0.1702223722 -0.007994167734
v 0.1642379244 -0.1729132016 -0.00741109933
v 0.1643379741 -0.1730178562 -0.007624352642
v 0.1639130305 -0.1729276425 -0.007930009485
v 0.1639651539 -0.1728552765 -0.007994022066
v 0.1636137921 -0.1755312297 -0.007410959249
v 0.1637184568 -0.1756431134 -0.007634856606
v 0.1633023403 -0.1755331655 -0.007947831596
v 0.1633490027 -0.1754612635 -0.007993882454
v 0.1628619259 -0.1781154876 -0.007410825599
v 0.162971173 -0.1782348086 -0.007645562506
v 0.1625645911 -0.178105732 -0.007965271838
v 0.1626052599 -0.1780340038 -0.007993749241
v 0.1619841508 -0.1806597403 -0.007410698712
v 0.1620977858 -0.1807865705 -0.007656178282
v 0.1617013864 -0.1806389547 -0.007982056086
v 0.1617357363 -0.1805672025 -0.007993622819
v 0.1609826037 -0.183157861 -0.007410578887
v 0.1611003139 -0.1832921665 -0.007666483756
v 0.1607147302 -0.183126601 -0.007997985533
v 0.1607425385 -0.1830547623 -0.007993503291
v 0.1598596727 -0.1856038454 -0.00741046641
v 0.1599810732 -0.1857454423 -0.007676326345
v 0.1607147302 -0.183126601 -0.007997985533
v 0.1596068786 -0.1855625158 -0.008012917112
v 0.1596280704 -0.1854906194 -0.00799339115
v 0.1607425385 -0.1830547623 -0.007993503291
v 0.1586180731 -0.187991783 -0.007410361556
v 0.1587427192 -0.1881404718 -0.007685558296
v 0.1583804723 -0.1879407726 -0.008026733341
v 0.1583950476 -0.1878688336 -0.007993286603
v 0.1572607412 -0.1903159151 -0.007410264579
v 0.1573881755 -0.1904713619 -0.007694100602
v 0.1570383897 -0.1902555078 -0.008039372013
v 0.1570464214 -0.1901836463 -0.007993189903
v 0.1557910585 -0.1925706679 -0.007410175707
v 0.1559207195 -0.1927324926 -0.007701864451
v 0.1555838793 -0.1925010413 -0.008050745882
v 0.1555855141 -0.1924294382 -0.007993101285
v 0.1542124636 -0.1947506169 -0.007410095158
v 0.1543438361 -0.1949183361 -0.00770879215
v 0.1540204106 -0.1946718897 -0.008060802277
v 0.1540158096 -0.1946007559 -0.007993020965
v 0.1525288259 -0.1968504779 -0.007410023123
v 0.1526613347 -0.1970236218 -0.007714849381
v 0.1523517487 -0.1967627374 -0.008069537206
v 0.1523411472 -0.1966923292 -0.007992949137
v 0.1507441455 -0.1988652064 -0.007409959783
v 0.150877276 -0.1990432468 -0.007720000896
v 0.1505819836 -0.1987685263 -0.008076925893
v 0.1505655872 -0.1986990702 -0.007992885976
v 0.1488627629 -0.2007899565 -0.007409905283
v 0.1489959266 -0.2009723043 -0.007724227107
v 0.1487153379 -0.2006842895 -0.008082952865
v 0.1486934401 -0.200616147 -0.007992831568
v 0.146889209 -0.2026201078 -0.007409859754
v 0.1470219069 -0.2028061754 -0.007727510779
v 0.146756402 -0.2025054375 -0.008087603812
v 0.1467292375 -0.2024388949 -0.007992786243
v 0.1448282069 -0.204351192 -0.007409823312
v 0.1449598961 -0.2045403313 -0.007729850999
v 0.1447098849 -0.2042274271 -0.008090881781
v 0.1446777318 -0.2041628607 -0.00799274985
v 0.1426847429 -0.2059791015 -0.00740979604
v 0.1428149545 -0.2061706954 -0.007731248245
v 0.1425808023 -0.205846181 -0.008092799027
v 0.1425438952 -0.2057839069 -0.007992722805
v 0.1404639652 -0.2074998949 -0.007409778004
v 0.1405921867 -0.2076932511 -0.007731716197
v 0.1403743032 -0.2073576981 -0.008093371788
v 0.1403329055 -0.2072980775 -0.007992704844
v 0.1381712418 -0.2089099168 -0.007409769248
v 0.1382970794 -0.2091043743 -0.007731264603
v 0.138095815 -0.2087583388 -0.008092607222
v 0.1380501458 -0.2087017173 -0.007992696075
v 0.1358120864 -0.2102057521 -0.007409769794
v 0.1359351016 -0.2104006496 -0.007729929415
v 0.1357508214 -0.2100447024 -0.008090536154
v 0.1357011148 -0.2099914261 -0.00799269672
v 0.1333921879 -0.2113842862 -0.007409779635
v 0.1335120313 -0.211578993 -0.007727746316
v 0.1333451153 -0.2112137055 -0.008087193704
v 0.1332915465 -0.2111640448 -0.007992706512
v 0.1309173653 -0.2124426891 -0.007409798761
v 0.131033703 -0.2126365302 -0.007724778689
v 0.1308845162 -0.2122624735 -0.008082637466
v 0.13082726 -0.2122167438 -0.007992725559
v 0.1283935685 -0.2133784009 -0.007409827114
v 0.1285061245 -0.2135708214 -0.007721096368
v 0.1283750463 -0.2131886112 -0.008076934176
v 0.1283142047 -0.2131469928 -0.007992753949
v 0.1258269219 -0.2141891621 -0.007409864628
v 0.1259355093 -0.2143796378 -0.007716806522
v 0.1258228749 -0.2139898599 -0.008070181828
v 0.1257585349 -0.2139525327 -0.007992791344
v 0.1232235684 -0.2148730412 -0.007409911213
v 0.1233280364 -0.2150611379 -0.007712051161
v 0.1232342248 -0.2146644379 -0.008062514774
v 0.1231664164 -0.2146313875 -0.007992837923
v 0.1205897886 -0.2154283766 -0.007409966758
v 0.1206900747 -0.2156137508 -0.007707018857
v 0.1206154502 -0.2152107444 -0.008054108334
v 0.1205441442 -0.2151819407 -0.00799289337
v 0.1179319185 -0.2158538356 -0.007410031128
v 0.1180280692 -0.2160363538 -0.007701954886
v 0.1179729733 -0.2156277161 -0.008045194874
v 0.1178980769 -0.2156028449 -0.007992957619
v 0.1152563724 -0.2161483843 -0.00741010417
v 0.1153485659 -0.2163280786 -0.007697194152
v 0.1153133547 -0.2159144997 -0.008036096687
v 0.1152346357 -0.2158930812 -0.007993030513
v 0.1125695898 -0.2163113171 -0.007410185706
v 0.1126581053 -0.2164885042 -0.007693174485
v 0.1126431193 -0.2160707188 -0.008027236302
v 0.1125602975 -0.2160519594 -0.007993111809
v 0.1098781181 -0.2163422279 -0.007410275536
v 0.1099634676 -0.2165176447 -0.007690466872
v 0.1099638286 -0.2160971836 -0.008020548546
v 0.1098783562 -0.2160799994 -0.007993201626
v 0.1098782358 -0.2163454393 -0.01091599752
v 0.1099635681 -0.2165178265 -0.01064055956
v 0.1098785674 -0.21593057 -0.01057691837
v 0.1099639067 -0.2160973247 -0.01031052951
v 0.1697171024 0.1588187398 -0.01075996939
v 0.1696321864 0.1587383383 -0.01093594625
v 0.1696012283 0.1614296093 -0.01093625874
v 0.1696885621 0.1615137201 -0.01075524178
v 0.1692662856 0.1588191379 -0.01048723429
v 0.1692414049 0.161497693 -0.01047519959
v 0.1691583496 0.1614137206 -0.01064746199
v 0.1691854823 0.1587387278 -0.01065457634
v 0.1694382334 0.164116199 -0.0109366111
v 0.1695291042 0.1642052861 -0.01074805605
v 0.1690877304 0.1641677245 -0.01045887098
v 0.1690013647 0.1640790113 -0.01063856716
v 0.169143593 0.166791575 -0.01093695475
v 0.169238743 0.1668865527 -0.01073919496
v 0.1688040534 0.1668279664 -0.01044148253
v 0.1687136053 0.1667335983 -0.01063030203
v 0.1687179975 0.1694492605 -0.01093728953
v 0.168817837 0.1695507345 -0.01072928956
v 0.1683906583 0.169471664 -0.01042366212
v 0.1682957028 0.1693710506 -0.01062265713
v 0.1681625256 0.1720828632 -0.01093761528
v 0.1682671798 0.172191294 -0.01071882616
v 0.1678483087 0.1720922653 -0.01040588034
v 0.1677486617 0.1719849916 -0.01061561609
v 0.1674784656 0.1746860477 -0.01093793156
v 0.1675879222 0.1748016441 -0.01070817022
v 0.1671780817 0.1746832438 -0.01038848909
v 0.1670737402 0.1745690863 -0.01060917286
v 0.1666674934 0.1772525182 -0.01093823846
v 0.16678156 0.177375372 -0.01069761268
v 0.1663814134 0.1772381726 -0.01037176282
v 0.1662725404 0.1771170547 -0.01060329747
v 0.1657315554 0.1797761094 -0.0109385366
v 0.1658499484 0.1799061945 -0.01068737505
v 0.165460144 0.1797507687 -0.01035590067
v 0.1653469932 0.1796227318 -0.01059795595
v 0.1646729268 0.182250771 -0.010938825
v 0.1647952415 0.182387899 -0.01067760828
v 0.164416368 0.1822148202 -0.01034104377
v 0.1642992997 0.1820800533 -0.01059315343
v 0.1634941222 0.1846704942 -0.01093910399
v 0.1636199391 0.1848144917 -0.01066846014
v 0.1632525702 0.1846243337 -0.0103273106
v 0.1631319889 0.1844830103 -0.01058884981
v 0.1621979715 0.18702946 -0.01093937393
v 0.1623268094 0.1871800053 -0.01066001081
v 0.1619714747 0.1869733721 -0.01031476166
v 0.1618478167 0.1868257996 -0.01058502547
v 0.1607876791 0.1893220081 -0.01093963381
v 0.1609189821 0.1894787509 -0.01065234685
v 0.1605761805 0.1892561872 -0.01030348695
v 0.1604499722 0.1891027463 -0.01058168421
v 0.1592665406 0.1915426115 -0.01093988346
v 0.1593997961 0.1917050815 -0.01064552741
v 0.1590700122 0.1914671771 -0.01029353979
v 0.1589417507 0.1913082785 -0.01057882053
v 0.1576383008 0.193685886 -0.01094012321
v 0.1577729215 0.1938536289 -0.01063958556
v 0.1574565948 0.1936009444 -0.01028491891
v 0.1573268375 0.1934370429 -0.01057640442
v 0.1559068118 0.1957466997 -0.01094035262
v 0.1560422846 0.1959192155 -0.01063455651
v 0.1557398844 0.1956523109 -0.01027765233
v 0.1556091147 0.1954839068 -0.01057441362
v 0.1540763007 0.1977200943 -0.01094057176
v 0.154212022 0.1978968095 -0.0106304595
v 0.1539239728 0.1976162308 -0.01027175398
v 0.1537927643 0.1974438979 -0.01057284369
v 0.1521511763 0.1996013328 -0.01094077993
v 0.1522866318 0.199781673 -0.01062731218
v 0.1520133284 0.1994879811 -0.01026723831
v 0.1518821951 0.1993122643 -0.01057169232
v 0.1501360429 0.2013858247 -0.01094097696
v 0.1502706731 0.2015691564 -0.01062511411
v 0.1500125399 0.2012628972 -0.01026410089
v 0.1498820113 0.2010844153 -0.01057095268
v 0.1480357626 0.203069304 -0.01094116269
v 0.1481690979 0.203255037 -0.01062386539
v 0.1479265146 0.2029367569 -0.01026233117
v 0.1477970453 0.2027560854 -0.01057061583
v 0.1458553944 0.2046477553 -0.01094133615
v 0.1459869043 0.2048352111 -0.01062355096
v 0.1457602955 0.2045054708 -0.01026191145
v 0.1456323857 0.2043232588 -0.01057069013
v 0.1436001931 0.2061173247 -0.01094149747
v 0.1437294819 0.2063058676 -0.01062416136
v 0.1435192125 0.2059652137 -0.01026283091
v 0.1433932726 0.2057820818 -0.01057116372
v 0.1412756114 0.2074744687 -0.01094164597
v 0.1414022086 0.2076634491 -0.01062566
v 0.1412086585 0.2073124428 -0.01026506308
v 0.1410851291 0.2071290262 -0.01057203488
v 0.1388872253 0.208715955 -0.01094178154
v 0.1390107803 0.2089047664 -0.01062801134
v 0.1388343442 0.2085439689 -0.01026857484
v 0.1387135606 0.2083608444 -0.01057332076
v 0.1364408072 0.2098387724 -0.01094190299
v 0.1365609537 0.2100267489 -0.01063115088
v 0.1364020115 0.2096567215 -0.01027330299
v 0.1362843248 0.2094745253 -0.01057502818
v 0.1339421935 0.2108402217 -0.01094201023
v 0.1340586709 0.2110268153 -0.0106350088
v 0.1339176033 0.210648164 -0.01027918118
v 0.1338032881 0.2104673993 -0.01057714666
v 0.1313974922 0.2117178833 -0.01094210342
v 0.1315100854 0.2119025902 -0.01063947696
v 0.1313872724 0.2115158912 -0.0102861106
v 0.1312765293 0.2113370769 -0.01057967903
v 0.1288127634 0.2124696365 -0.01094218117
v 0.1289213251 0.2126520264 -0.01064441372
v 0.1288171476 0.2122579154 -0.01029395704
v 0.1287101303 0.2120814073 -0.01058264705
v 0.1261942571 0.2130936708 -0.01094224288
v 0.1262987163 0.2132734315 -0.01064962955
v 0.1262135547 0.2128725146 -0.01030254403
v 0.1261103199 0.2126986547 -0.01058607115
v 0.1235482805 0.2135885327 -0.01094228826
v 0.1236486724 0.2137655148 -0.01065487932
v 0.1235828858 0.2133584579 -0.01031163842
v 0.1234834194 0.2131873208 -0.01058995609
v 0.1208812028 0.2139529615 -0.01094231647
v 0.1209777143 0.2141272074 -0.01065982666
v 0.1209316766 0.213714691 -0.01032092217
v 0.1208357991 0.2135462195 -0.01059431726
v 0.118199458 0.2141860984 -0.01094232724
v 0.1182923688 0.2143579172 -0.01066403352
v 0.1182664397 0.2139406669 -0.01032997163
v 0.1181738709 0.213774507 -0.0105991725
v 0.1155096032 0.2142873805 -0.0109423464
v 0.1155994147 0.2144575111 -0.01066692939
v 0.1155887578 0.2140371846 -0.01033684816
v 0.1154990942 0.2138726858 -0.01060321649
v 0.005349139986 0.215727959 -0.01094616228
v 0.005351361797 0.2158985941 -0.01067177098
v 0.005345841759 0.2154773509 -0.01034307279
v 0.005343692901 0.2153123187 -0.01060843457
v -0.1624639286 0.002569412238 -0.007433050194
v -0.1625497903 0.002570524023 -0.007613229582
v -0.1646503096 -0.1579954557 -0.00760512004
v -0.1645625327 -0.1579150614 -0.007423230723
v -0.1621609799 0.002565414925 -0.008015949489
v -0.1642612789 -0.1579153408 -0.008006130306
v -0.1641994929 -0.1579958538 -0.007877854957
v -0.1620978538 0.002564597533 -0.007883462229
v 0.1675335521 -0.001746164815 -0.01092607648
v 0.167616583 -0.001747239947 -0.01075185954
v 0.1655176728 -0.1623132405 -0.01074032047
v 0.1654348881 -0.1622306675 -0.01091630731
v 0.1670857127 -0.001740291379 -0.01064726672
v 0.164988327 -0.1622193415 -0.01063493833
v 0.1650670003 -0.1623018165 -0.01046758631
v 0.1671646465 -0.001741313457 -0.01048162711
v -0.1470823431 -0.1987758547 -0.007420116581
v -0.1426647253 -0.1940286289 -0.00742025859
v -0.1443621011 -0.1923699703 -0.007420418671
v -0.1490073647 -0.1968947218 -0.007420298132
v -0.146917647 -0.1985988875 -0.008003031742
v -0.1488335141 -0.1967254 -0.00800321251
v -0.1443785043 -0.1923860053 -0.008003328043
v -0.1426803342 -0.1940454641 -0.008003167952
v -0.1386626633 -0.1897282901 -0.01040319211
v -0.134639803 -0.1854060065 -0.0178152282
v -0.1359236308 -0.1841514099 -0.01781535248
v -0.140153802 -0.1882711264 -0.01040332822
v -0.1389091573 -0.1899932754 -0.01081471454
v -0.1404129945 -0.1885236959 -0.01081485318
v -0.1361828233 -0.1844039794 -0.01822687957
v -0.134886297 -0.1856709919 -0.01822675197
v -0.1354749686 -0.1924145101 -0.01040291737
v -0.1318952363 -0.1877188344 -0.01781499531
v -0.1332958946 -0.1865961014 -0.01781511118
v -0.137101785 -0.1911105274 -0.01040305079
v -0.1356943119 -0.1927023978 -0.0108144348
v -0.1373349763 -0.1913872956 -0.01081457071
v -0.1335290859 -0.1868728696 -0.0182266327
v -0.1321145796 -0.1880067221 -0.01822651247
v -0.1337861228 -0.1936371471 -0.01040278206
v -0.1304411454 -0.1887714797 -0.01781488193
v -0.1339910722 -0.1939354312 -0.01081429676
v -0.130646095 -0.1890697787 -0.01822639158
v -0.1320392916 -0.1947754497 -0.01040264863
v -0.1289371508 -0.1897515324 -0.01781477133
v -0.1322293612 -0.195083436 -0.01081416356
v -0.1291272204 -0.1900595188 -0.01822627987
v -0.1302387457 -0.1958266497 -0.01040252114
v -0.1273868873 -0.1906566051 -0.01781466377
v -0.1304134639 -0.1961435995 -0.0108140358
v -0.1275616054 -0.1909735549 -0.01822617337
v -0.1283887444 -0.1967882476 -0.01040239829
v -0.125794082 -0.1914845331 -0.01781455952
v -0.1285477135 -0.197113391 -0.01081390844
v -0.1259530511 -0.1918096765 -0.01822606914
v -0.1264937877 -0.1976579342 -0.01040227957
v -0.1241625537 -0.1922333291 -0.01781445989
v -0.1266366101 -0.1979904866 -0.01081378419
v -0.1243053761 -0.1925658814 -0.0182259685
v -0.124558453 -0.198433608 -0.01040216154
v -0.1224962352 -0.1929011682 -0.017814363
v -0.1246847976 -0.1987727541 -0.01081366626
v -0.1226225724 -0.1932403143 -0.01822586958
v -0.1225873727 -0.1991133903 -0.01040204873
v -0.1207991665 -0.1934864477 -0.01781427121
v -0.1226969163 -0.1994583445 -0.01081355359
v -0.12090871 -0.1938314019 -0.01822577367
v -0.1205853095 -0.1996956691 -0.01040193822
v -0.1190754196 -0.1939877584 -0.01781418688
v -0.1206778024 -0.2000455703 -0.01081344059
v -0.1191679125 -0.1943376596 -0.01822568845
v -0.1185570805 -0.2001790251 -0.01040183211
v -0.1173291296 -0.1944039135 -0.01781410703
v -0.1186322958 -0.2005330418 -0.01081333204
v -0.1174043522 -0.1947579301 -0.0182256067
v -0.1165075731 -0.200562262 -0.01040173145
v -0.1155645299 -0.1947338742 -0.01781403081
v -0.1165653282 -0.2009195471 -0.01081322979
v -0.1156222925 -0.1950911592 -0.01822552861
v -0.1144417382 -0.2008444952 -0.01040163194
v -0.1137858726 -0.1949768695 -0.01781396373
v -0.1144818952 -0.2012041862 -0.01081313032
v -0.1138260296 -0.1953365604 -0.01822546504
v -0.1123645294 -0.2010250492 -0.01040153377
v -0.1119974195 -0.1951323071 -0.0178139049
v -0.112386995 -0.2013862829 -0.01081303226
v -0.1120198926 -0.1954935408 -0.01822540338
v -0.1479265313 0.164975306 -0.01042530327
v -0.1480049817 0.1628918144 -0.01042515518
v -0.1420998292 0.1628141544 -0.01783700789
v -0.1420323193 0.1646080269 -0.01783709912
v -0.1482877109 0.1649977527 -0.01083686356
v -0.1423934986 0.1646304885 -0.01824865728
v -0.1424615999 0.162823301 -0.01824854503
v -0.1483667376 0.1629009608 -0.01083669924
v -0.000282308233 -0.2149016797 -0.007414119094
v -0.0001975112314 -0.2084172207 -0.007414515855
v -0.1103578559 -0.2069766885 -0.007418359407
v -0.1104427417 -0.2134611017 -0.00741796265
v -0.0002788468213 -0.2146385396 -0.007997045062
v -0.1104360818 -0.2131989571 -0.008000888583
v -0.1103584191 -0.2069996664 -0.008001267878
v -0.0001977914186 -0.2084402023 -0.007997424249
v -0.1102807842 -0.201103488 -0.01040143609
v -0.1102033308 -0.1951998049 -0.01781385555
v -0.1102899424 -0.201465313 -0.01081291812
v -0.1102124889 -0.19556163 -0.01822533332
v -0.1518239888 -0.1643146486 -0.01040516842
v -0.1459714727 -0.1635251652 -0.01781698961
v -0.1461679069 -0.1617409999 -0.01781711585
v -0.1520521385 -0.1622424077 -0.010405293
v -0.1521826083 -0.1643630963 -0.01081672372
v -0.1524127028 -0.1622732004 -0.01081685105
v -0.1465284712 -0.1617717926 -0.0182286739
v -0.1463300922 -0.1635736128 -0.01822854545
v -0.1514944132 -0.1663731943 -0.01040503776
v -0.1456877205 -0.1652975668 -0.01781686645
v -0.1518502221 -0.1664391891 -0.01081659055
v -0.1460435294 -0.1653635615 -0.01822842004
v -0.1510642113 -0.1684131016 -0.0104049035
v -0.1453173242 -0.1670538892 -0.01781674025
v -0.1514163579 -0.1684964757 -0.01081645429
v -0.1456694708 -0.1671372633 -0.01822829265
v -0.1505344067 -0.1704294542 -0.01040476888
v -0.1448611829 -0.1687899628 -0.01781661239
v -0.1508820388 -0.1705299953 -0.01081631953
v -0.1452088151 -0.1688905039 -0.01822816144
v -0.1499063068 -0.1724173917 -0.01040462868
v -0.1443204185 -0.1705015408 -0.01781648634
v -0.1502485721 -0.1725348725 -0.01081617757
v -0.1446626837 -0.1706190216 -0.0182280331
v -0.1491814135 -0.1743720959 -0.01040448722
v -0.1436963035 -0.1721845231 -0.01781635921
v -0.1495175183 -0.1745062287 -0.01081603248
v -0.1440324083 -0.1723186559 -0.01822790474
v -0.1483614688 -0.1762888945 -0.01040434221
v -0.1429903351 -0.1738348666 -0.01781623237
v -0.1486905746 -0.1764393773 -0.01081588462
v -0.1433194409 -0.1739853495 -0.01822777558
v -0.147448439 -0.1781631718 -0.0104041961
v -0.1422042191 -0.1754485551 -0.01781610505
v -0.1477697807 -0.1783296123 -0.0108157378
v -0.142525561 -0.1756150106 -0.01822764489
v -0.1464445447 -0.1799903685 -0.0104040506
v -0.1413398728 -0.1770217784 -0.01781597757
v -0.1467573126 -0.1801723898 -0.01081559158
v -0.1416526556 -0.1772037996 -0.01822751296
v -0.1453521579 -0.1817661318 -0.01040390765
v -0.1403993622 -0.1785506944 -0.01781585022
v -0.1456556308 -0.1819632814 -0.01081544392
v -0.1407028351 -0.178747844 -0.0182273833
v -0.1441739645 -0.1834861646 -0.01040376361
v -0.1393849787 -0.180031622 -0.01781572118
v -0.1444673913 -0.1836979754 -0.01081529651
v -0.1396784054 -0.1802434329 -0.01822725301
v -0.1429127863 -0.185146302 -0.01040361644
v -0.1382991045 -0.1814609685 -0.0178155982
v -0.1431954744 -0.1853722466 -0.01081514651
v -0.1385817926 -0.1816869131 -0.01822712773
v -0.1415716562 -0.1867425849 -0.01040347528
v -0.1371443929 -0.182835361 -0.01781547201
v -0.1418429282 -0.1869821357 -0.01081500225
v -0.1374156648 -0.1830749117 -0.01822699924
v -0.1127295833 -0.2068874945 -0.007418445744
v -0.1131324772 -0.2133598211 -0.007418060573
v -0.1131163653 -0.2131007955 -0.008000985856
v -0.112730988 -0.2069104317 -0.008001354179
v -0.1640738893 -0.1659678965 -0.007422717755
v -0.1576461081 -0.1651003001 -0.007422552138
v -0.1579057838 -0.1627414612 -0.00742270637
v -0.1643685465 -0.1632926693 -0.007422892678
v -0.1637921643 -0.1659299342 -0.00800562036
v -0.1640795156 -0.1632680956 -0.008005794209
v -0.15792862 -0.1627434485 -0.008005616893
v -0.1576688245 -0.1651033917 -0.00800546259
v -0.163648307 -0.1686254477 -0.007422539458
v -0.1572709882 -0.1674435556 -0.007422394933
v -0.1633740743 -0.1685746757 -0.008005443109
v -0.1572935256 -0.1674477672 -0.008005305243
v -0.163092848 -0.1712589012 -0.007422358221
v -0.1567813194 -0.1697655977 -0.00742223513
v -0.162826279 -0.1711958836 -0.008005262953
v -0.1568036179 -0.1697709153 -0.008005145364
v -0.1624088158 -0.1738619364 -0.007422174475
v -0.1561782647 -0.1720607783 -0.007422073118
v -0.1621500662 -0.1737871926 -0.00800508013
v -0.1562002794 -0.1720671874 -0.008004983342
v -0.1615978717 -0.1764282724 -0.007421988666
v -0.1554633324 -0.174323653 -0.007421909284
v -0.1613470817 -0.1763422626 -0.008004895353
v -0.1554850036 -0.1743311396 -0.008004819363
v -0.1606619915 -0.1789517287 -0.00742180124
v -0.154638179 -0.1765486864 -0.007421744026
v -0.1604192718 -0.1788549433 -0.0080047088
v -0.1546594617 -0.1765572362 -0.008004654026
v -0.1596034057 -0.1814262407 -0.00742161265
v -0.1537048511 -0.1787305762 -0.007421577739
v -0.1593688811 -0.1813191102 -0.00800452106
v -0.1537256852 -0.1787401452 -0.008004487728
v -0.1584246739 -0.1838458289 -0.007421423349
v -0.1526655306 -0.1808640781 -0.007421410822
v -0.1581984689 -0.183728754 -0.008004332655
v -0.1526858862 -0.1808746667 -0.008004320665
v -0.1571285809 -0.1862046597 -0.007421233792
v -0.1515228017 -0.1829439721 -0.007421243685
v -0.156910835 -0.186078041 -0.008004144109
v -0.1515426188 -0.1829555514 -0.008004153448
v -0.1557183613 -0.1884970728 -0.007421044437
v -0.1502793719 -0.1849653351 -0.007421076722
v -0.1555091534 -0.1883612669 -0.008003955546
v -0.1502985906 -0.1849778759 -0.008003986405
v -0.1541973107 -0.1907175558 -0.007420855741
v -0.1489382316 -0.1869232248 -0.007420910341
v -0.1539967645 -0.1905728889 -0.00800376769
v -0.1489568066 -0.1869366831 -0.008003819946
v -0.1525691589 -0.1928607249 -0.007420668156
v -0.147502643 -0.188812979 -0.00742074494
v -0.1523773682 -0.1927075385 -0.008003580931
v -0.1475205443 -0.1888273402 -0.008003654466
v -0.1508377728 -0.1949214329 -0.007420482139
v -0.1459760335 -0.1906300225 -0.007420580918
v -0.1506548906 -0.1947600231 -0.008003395722
v -0.1459932009 -0.1906452427 -0.008003490366
v -0.1450673127 -0.200560241 -0.007419937924
v -0.1408879971 -0.1956020402 -0.007420101058
v -0.1449119236 -0.2003759095 -0.008002853856
v -0.1409027663 -0.1956196166 -0.00800301028
v -0.1429671506 -0.2022436442 -0.007419762589
v -0.1390361734 -0.1970863784 -0.007419946456
v -0.1428212061 -0.2020521999 -0.008002679215
v -0.1390500575 -0.1971046519 -0.008002855605
v -0.1407869002 -0.2038219896 -0.007419590999
v -0.1371137676 -0.1984780824 -0.007419795158
v -0.1406505821 -0.2036236687 -0.008002508444
v -0.1371267514 -0.1984970233 -0.008002704301
v -0.1385318321 -0.2052914828 -0.007419423568
v -0.1351253554 -0.1997737839 -0.007419647527
v -0.1384052926 -0.2050865217 -0.008002341755
v -0.1351373936 -0.1997933482 -0.008002556533
v -0.1362073688 -0.2066485656 -0.0074192607
v -0.1330757841 -0.2009703646 -0.007419503921
v -0.13609079 -0.2064372152 -0.008002179687
v -0.1330868312 -0.2009904933 -0.008002412858
v -0.1338191158 -0.2078899756 -0.007419102786
v -0.1309699344 -0.2020649889 -0.00741936468
v -0.1337127089 -0.2076724419 -0.008002022501
v -0.1309799899 -0.2020856372 -0.008002273551
v -0.1313728162 -0.2090127319 -0.007418950205
v -0.1288129121 -0.2030549373 -0.007419230144
v -0.1312767926 -0.2087892206 -0.008001870645
v -0.1288219604 -0.2030760607 -0.008002138954
v -0.1288743507 -0.2100141196 -0.007418803331
v -0.1266099022 -0.2039378619 -0.007419100641
v -0.1287889221 -0.2097848665 -0.00800172435
v -0.1266178828 -0.2039593868 -0.008002009454
v -0.1263297827 -0.2108917199 -0.007418662512
v -0.1243662272 -0.2047116516 -0.007418976476
v -0.1262551907 -0.2106569602 -0.008001584306
v -0.1243731547 -0.2047335628 -0.008001885229
v -0.1237452025 -0.2116434414 -0.007418528087
v -0.1220872795 -0.2053744326 -0.00741885795
v -0.1236817178 -0.2114033653 -0.008001450588
v -0.1220931231 -0.2053966412 -0.008001766582
v -0.121126845 -0.2122674588 -0.007418400382
v -0.1197785444 -0.2059245834 -0.007418745351
v -0.1210747314 -0.2120223013 -0.008001323517
v -0.1197832963 -0.2059470744 -0.008001653928
v -0.1184810168 -0.212762274 -0.007418279704
v -0.1174456008 -0.206360809 -0.007418638948
v -0.1184405828 -0.2125122546 -0.008001203536
v -0.1174492451 -0.2063834933 -0.008001547475
v -0.1158140805 -0.2131266861 -0.007418166341
v -0.1150940604 -0.2066820375 -0.007418538999
v -0.1157856345 -0.2128720392 -0.008001090936
v -0.1150965889 -0.2067048706 -0.008001447479
v -0.1521783312 -0.1601614558 -0.01040540932
v -0.1462765424 -0.1599493394 -0.01781724062
v -0.1462971205 -0.158154315 -0.01781736899
v -0.1522022726 -0.1580766252 -0.01040551628
v -0.1525399749 -0.1601745005 -0.01081696717
v -0.1525641446 -0.1580763591 -0.01081705872
v -0.1466590073 -0.1581540487 -0.01822890558
v -0.1466381863 -0.1599623991 -0.01822879661
v -0.141822536 0.2034436083 -0.007444726945
v -0.1437960898 0.2016134569 -0.007444681415
v -0.1392707345 0.1969687816 -0.007444240911
v -0.1375305661 0.1985824875 -0.007444281054
v -0.1416625246 0.2032623235 -0.008027620186
v -0.1375457303 0.1985996538 -0.008027192497
v -0.1392867137 0.1969851687 -0.008027152267
v -0.1436267273 0.2014395756 -0.008027574796
v -0.1336423288 0.1941786026 -0.01042668199
v -0.1351710617 0.1927609297 -0.0104266422
v -0.1310500772 0.1885310985 -0.01783815558
v -0.1297338813 0.1897516947 -0.01783818276
v -0.13388181 0.1944498927 -0.01083823804
v -0.1299733625 0.1900229847 -0.01824973933
v -0.1313025771 0.188790309 -0.01824971399
v -0.1354235616 0.1930201403 -0.01083819981
v -0.130385481 0.1967805477 -0.01042673028
v -0.1320458396 0.1955195512 -0.0104267073
v -0.1283593122 0.1909062401 -0.01783820919
v -0.126929774 0.1919919628 -0.01783822525
v -0.1305972219 0.1970740223 -0.01083828409
v -0.127141515 0.1922854225 -0.01824978118
v -0.128585187 0.1911889612 -0.01824976494
v -0.1322717144 0.1958022722 -0.01083826251
v -0.1286652414 0.1979586042 -0.01042673893
v -0.1254486544 0.1930062096 -0.01783824367
v -0.1288623214 0.1982620952 -0.01083829046
v -0.1256457344 0.1933097006 -0.01824979865
v -0.1268892414 0.1990508537 -0.01042674598
v -0.1239195459 0.1939466283 -0.01783824844
v -0.127071193 0.1993636547 -0.0108382973
v -0.1241014977 0.1942594143 -0.01824980348
v -0.1250618232 0.2000545962 -0.0104267437
v -0.1223461456 0.1948108382 -0.01783824914
v -0.1252281941 0.200375956 -0.01083829634
v -0.1225125165 0.195132198 -0.01824980099
v -0.1231873092 0.2009674887 -0.01042673554
v -0.1207322351 0.195596832 -0.01783824364
v -0.1233377223 0.2012966275 -0.01083828599
v -0.1208826482 0.1959259708 -0.01824979223
v -0.1212702587 0.2017873259 -0.01042671992
v -0.1190816841 0.1963027084 -0.01783823301
v -0.1214043368 0.2021234489 -0.01083826679
v -0.1192157623 0.1966388314 -0.01824977828
v -0.1193153025 0.2025121116 -0.0104266937
v -0.117398472 0.1969267309 -0.01783821517
v -0.1194327361 0.2028543952 -0.01083824251
v -0.1175159056 0.1972690145 -0.01824975812
v -0.1173271201 0.2031401337 -0.01042666118
v -0.1156866786 0.1974674478 -0.01783819228
v -0.1174276066 0.2034877841 -0.01083821001
v -0.1157871725 0.1978150983 -0.01824973285
v -0.1153105153 0.2036698605 -0.01042661844
v -0.1139504123 0.1979235121 -0.01783816653
v -0.1153938274 0.2040220104 -0.0108381635
v -0.1140337244 0.198275662 -0.01824970892
v -0.1132703404 0.2041000142 -0.01042657063
v -0.1121938369 0.1982938753 -0.01783813267
v -0.1133362732 0.2044558264 -0.01083811372
v -0.1122597697 0.1986496874 -0.01824967683
v -0.1112115124 0.2044295266 -0.01042650932
v -0.1104212128 0.19857755 -0.01783809825
v -0.1112599055 0.2047881494 -0.01083805119
v -0.110469606 0.1989361729 -0.01824964199
v -0.1091390036 0.2046576429 -0.01042644103
v -0.1086368095 0.1987739513 -0.01783805912
v -0.1091697418 0.2050182106 -0.01083798348
v -0.1086675477 0.199134519 -0.01824960344
v -0.1070577837 0.2047838173 -0.01042636376
v -0.1068449032 0.1988825837 -0.01783801325
v -0.1070708037 0.2051454647 -0.01083790674
v -0.1068579232 0.1992442311 -0.01824955703
v 0.147167211 -0.1619919352 -0.01780712986
v 0.1530718582 -0.1620686816 -0.0103948651
v 0.1551705036 -0.001584461841 -0.01040467257
v 0.1492658567 -0.001507700549 -0.0178169557
v 0.1475290098 -0.1620011326 -0.0182186412
v 0.1496277284 -0.00151245791 -0.01822848221
v 0.1555323605 -0.001589219005 -0.01081620681
v 0.1534336421 -0.1620778788 -0.01080638336
v 0.0053489813 0.2157251802 -0.007440467605
v -0.1048114525 0.2171657284 -0.007444311162
v -0.1048961592 0.2106813427 -0.007443914402
v 0.005264184493 0.209240736 -0.007440070846
v 0.005345559636 0.2154619682 -0.008023361368
v 0.005264504428 0.2092636458 -0.008022982048
v -0.1048961223 0.2107042562 -0.008026825681
v -0.1048116508 0.2169034281 -0.00802720487
v -0.1049726998 0.2048077554 -0.01042627261
v -0.1050496627 0.1989031589 -0.0178379693
v -0.1049724014 0.2051696459 -0.01083779892
v -0.1050493643 0.1992650494 -0.01824949348
v -0.1474637064 0.1691178128 -0.01042556995
v -0.147745966 0.1670522465 -0.01042544136
v -0.1418768699 0.1663962339 -0.01783719233
v -0.141633848 0.1681746524 -0.01783728513
v -0.147820937 0.1691755713 -0.01083713202
v -0.1419910786 0.1682324109 -0.01824884746
v -0.1422365064 0.1664363943 -0.01824875472
v -0.1481056025 0.1670924068 -0.01083700348
v -0.1470804137 0.1711670364 -0.01042569064
v -0.1413038455 0.169939028 -0.01783737837
v -0.1474343758 0.1712422624 -0.0108372526
v -0.1416578076 0.170014254 -0.01824893954
v -0.1465970164 0.1731949965 -0.01042580553
v -0.140887649 0.1716850642 -0.01783746647
v -0.1469468631 0.1732875002 -0.01083736709
v -0.1412374956 0.1717775679 -0.01824902857
v -0.1460146665 0.1751968055 -0.01042591651
v -0.1403862664 0.1734086163 -0.01783755029
v -0.1463595513 0.1753063523 -0.01083747949
v -0.1407311512 0.1735181631 -0.01824911113
v -0.1453347979 0.1771676388 -0.0104260188
v -0.13980093 0.1751054683 -0.01783763279
v -0.1456738747 0.1772939791 -0.01083758261
v -0.1401400068 0.1752318086 -0.01824919341
v -0.1445590381 0.179102719 -0.01042611535
v -0.1391330194 0.1767715549 -0.01783771058
v -0.1448915211 0.1792455445 -0.01083767755
v -0.1394655024 0.1769143804 -0.01824927412
v -0.1436892505 0.180997421 -0.01042620327
v -0.1383841368 0.1784028733 -0.01783778453
v -0.1440143094 0.181156408 -0.01083776436
v -0.1387091957 0.1785618603 -0.01824934775
v -0.1427275216 0.1828471822 -0.01042628503
v -0.1375560924 0.1799954685 -0.01783785446
v -0.1430444018 0.1830219184 -0.01083784707
v -0.1378729725 0.1801702047 -0.01824941518
v -0.1416761904 0.1846475028 -0.01042636148
v -0.1366509029 0.1815455367 -0.01783791701
v -0.1419840923 0.1848375903 -0.01083792576
v -0.1369588197 0.1817356244 -0.0182494773
v -0.1405377419 0.1863940936 -0.01042643405
v -0.1356707336 0.183049336 -0.01783797522
v -0.1408359564 0.1865990611 -0.01083799546
v -0.1359689481 0.1832543035 -0.01824953397
v -0.1393149736 0.1880827291 -0.01042649884
v -0.1346179716 0.1845032317 -0.01783802788
v -0.1396027619 0.1883020901 -0.01083805812
v -0.1349057599 0.1847225927 -0.0182495861
v -0.1380108149 0.1897093197 -0.01042655251
v -0.1334950921 0.1859036944 -0.01783807592
v -0.1382874987 0.1899425288 -0.01083811014
v -0.1337717759 0.1861369035 -0.01824963355
v -0.1366284018 0.1912699721 -0.01042660584
v -0.1323048357 0.1872474218 -0.01783811498
v -0.1368933175 0.1915164842 -0.01083816335
v -0.1325697514 0.1874939339 -0.01824967089
v -0.1596661817 0.1710911883 -0.00744334119
v -0.1600306938 0.1684245811 -0.007443189266
v -0.1535845549 0.1677045639 -0.007442925175
v -0.1532632856 0.1700558057 -0.007443059137
v -0.1593855466 0.1710458008 -0.008026238629
v -0.1532859144 0.170059419 -0.008025969999
v -0.1536073322 0.1677070763 -0.008025835975
v -0.1597424053 0.1683923864 -0.008026087323
v -0.1591712514 0.173736702 -0.007443487369
v -0.1528270192 0.1723884507 -0.007443188033
v -0.1588984411 0.1736787051 -0.008026384364
v -0.1528494397 0.172393179 -0.00802609889
v -0.158547119 0.1763547301 -0.00744362745
v -0.1522767977 0.1746968943 -0.007443311553
v -0.1582822899 0.1762846921 -0.008026523975
v -0.1522989505 0.1747027218 -0.008026222469
v -0.1577952528 0.1789389881 -0.007443761097
v -0.1516139315 0.1769755205 -0.007443429396
v -0.1575385471 0.1788574324 -0.008026657189
v -0.151635772 0.1769824318 -0.008026340435
v -0.1569174778 0.1814832408 -0.007443887986
v -0.1508400708 0.1792189263 -0.007443541285
v -0.1566690235 0.1813906311 -0.008026783744
v -0.1508615397 0.1792269058 -0.00802645231
v -0.1559159306 0.1839813614 -0.007444007813
v -0.1499570162 0.1814216215 -0.007443646944
v -0.1556758257 0.1838781908 -0.008026903139
v -0.1499780689 0.1814306536 -0.008026558019
v -0.1547929997 0.1864273458 -0.007444120288
v -0.1489669523 0.1835783592 -0.007443746122
v -0.1545613576 0.186314048 -0.008027015346
v -0.1489875299 0.1835883984 -0.00802665731
v -0.1535514 0.1888152834 -0.007444225144
v -0.1478721972 0.1856839539 -0.00744383858
v -0.1533283348 0.1886922621 -0.008027119827
v -0.1478922699 0.1856949998 -0.008026749747
v -0.1521940682 0.1911394156 -0.007444322121
v -0.146675471 0.187733255 -0.007443924093
v -0.1519797086 0.1910070749 -0.008027216526
v -0.1466949795 0.1877452772 -0.0080268353
v -0.1507243852 0.1933941832 -0.007444410994
v -0.1453796089 0.1897214117 -0.007444002459
v -0.1505188011 0.1932528817 -0.008027305146
v -0.145398494 0.1897343795 -0.008026913703
v -0.1491457903 0.1955741323 -0.007444491543
v -0.1439877294 0.1916435619 -0.007444073483
v -0.1489490966 0.1954241993 -0.008027385466
v -0.1440059471 0.19165743 -0.00802698476
v -0.1474621528 0.1976739783 -0.007444563575
v -0.1425032158 0.19349513 -0.007444137
v -0.1472744344 0.1975157578 -0.008027457226
v -0.1425207363 0.1935098831 -0.008027048308
v -0.1456774725 0.1996887069 -0.007444626917
v -0.1409295989 0.1952716171 -0.007444192853
v -0.1454988744 0.1995224987 -0.008027520453
v -0.1409463634 0.1952872097 -0.008027104253
v -0.1397615338 0.2051746924 -0.007444763385
v -0.1357133016 0.2001089004 -0.00744431319
v -0.139611019 0.2049862893 -0.008027656513
v -0.135727607 0.2001267857 -0.008027224647
v -0.1376180701 0.206802587 -0.007444790659
v -0.1338233116 0.2015442922 -0.007444337236
v -0.1374771825 0.2066073206 -0.008027683757
v -0.133836714 0.2015628511 -0.008027248705
v -0.1353972922 0.2083233953 -0.007444808695
v -0.1318651556 0.20288528 -0.007444353141
v -0.1352661927 0.2081215061 -0.008027701652
v -0.1318776406 0.2029044826 -0.008027264618
v -0.1331045687 0.2097334172 -0.007444817451
v -0.1298435415 0.2041285426 -0.00744436086
v -0.132983433 0.2095251459 -0.008027710354
v -0.1298550649 0.2041483437 -0.008027272275
v -0.1307454136 0.2110292377 -0.007444816905
v -0.1277633813 0.2052711041 -0.007444360377
v -0.1306344022 0.2108148397 -0.008027709775
v -0.1277738993 0.2052914434 -0.008027271791
v -0.1283255148 0.2122077866 -0.00744480706
v -0.1256296279 0.2063102872 -0.007444351696
v -0.1282248337 0.2119874734 -0.008027699985
v -0.1256391409 0.2063311201 -0.008027263106
v -0.1258506923 0.2132661895 -0.007444787938
v -0.1234474566 0.2072434922 -0.007444334833
v -0.1257605472 0.2130401724 -0.008027680737
v -0.1234559504 0.2072647737 -0.008027246236
v -0.1233268954 0.2142019014 -0.007444759586
v -0.1212221123 0.2080684925 -0.00744430983
v -0.1232474919 0.2139704214 -0.008027652481
v -0.1212295282 0.2080901474 -0.008027221219
v -0.1207602486 0.2150126775 -0.007444722073
v -0.1189589701 0.2087833617 -0.007444276751
v -0.1206918219 0.2147759762 -0.008027614953
v -0.1189653233 0.2088053752 -0.008027188125
v -0.1181568953 0.2156965416 -0.007444675486
v -0.1166634704 0.2093863228 -0.007444235671
v -0.1180997111 0.2154548162 -0.008027568574
v -0.1166687321 0.2094086053 -0.008027147025
v -0.1155231155 0.2162518771 -0.007444619942
v -0.1143411386 0.2098759133 -0.00744418669
v -0.1154774314 0.2160053693 -0.008027512993
v -0.1143453017 0.2098984496 -0.008027098022
v -0.1128652527 0.216677351 -0.007444555572
v -0.1119975783 0.2102509845 -0.007444129927
v -0.1128313713 0.2164262885 -0.008027448745
v -0.112000629 0.2102736851 -0.008027041232
v -0.1101896992 0.2169718996 -0.007444482531
v -0.1096384494 0.2105106118 -0.007444065519
v -0.1101679227 0.2167165247 -0.008027375984
v -0.1096403809 0.2105334318 -0.008026976793
v -0.1075029167 0.2171348176 -0.007444400994
v -0.1072694083 0.2106541688 -0.007443993619
v -0.1074935846 0.216875388 -0.008027294555
v -0.1072702137 0.2106770636 -0.008026904859
v 0.1572452077 0.1609845885 -0.01041465566
v 0.1513439243 0.1607715585 -0.01782686307
v 0.1513645023 0.1589765341 -0.01782676876
v 0.1572691491 0.158899758 -0.010414504
v 0.1576068794 0.1609975826 -0.01082619047
v 0.1576310491 0.1588994411 -0.01082602174
v 0.1517264173 0.1589762171 -0.01823828065
v 0.1517055962 0.1607845675 -0.01823839601
v -0.160263899 0.1657433066 -0.007443031962
v -0.1537900227 0.1653404073 -0.007442786471
v -0.1538129042 0.1653417886 -0.008025697137
v -0.1599681726 0.1657249037 -0.008025930682
v 0.146889209 -0.2026201078 -0.007409859754
v 0.1488627629 -0.2007899565 -0.007409905283
v 0.1443374076 -0.1961452812 -0.007410345789
v 0.1425972392 -0.1977589871 -0.007410305645
v 0.1467292375 -0.2024388949 -0.007992786243
v 0.1426124432 -0.1977762252 -0.007993213866
v 0.1443534265 -0.1961617401 -0.00799325403
v 0.1486934401 -0.200616147 -0.007992831568
v 0.1387092053 -0.1933554699 -0.01039351445
v 0.1402379381 -0.191937797 -0.0103935452
v 0.136117459 -0.1877088794 -0.01780586082
v 0.1348012632 -0.1889294756 -0.01780582726
v 0.1389487145 -0.1936268106 -0.01080502073
v 0.1350407724 -0.1892008163 -0.01821733406
v 0.136369987 -0.1879681406 -0.01821737005
v 0.1404904661 -0.1921970582 -0.0108050523
v 0.1354523575 -0.1959574149 -0.0103934643
v 0.137112716 -0.1946964184 -0.0103934833
v 0.1334266941 -0.190084021 -0.01780580508
v 0.1319971558 -0.1911697436 -0.01780578583
v 0.1356641264 -0.1962509402 -0.01080496643
v 0.1322089248 -0.191463269 -0.01821728689
v 0.133652597 -0.1903667928 -0.01821731058
v 0.1373386189 -0.1949791902 -0.010804988
v 0.1337321179 -0.1971354714 -0.0103934482
v 0.1305160361 -0.1921840054 -0.01780577699
v 0.133929226 -0.1974390132 -0.01080494808
v 0.130713144 -0.192487562 -0.01821727261
v 0.1319561181 -0.1982277061 -0.01039343769
v 0.1289869279 -0.1931243943 -0.01780577222
v 0.1321380977 -0.1985405577 -0.01080493911
v 0.1291689076 -0.1934372459 -0.01821726778
v 0.1301286996 -0.1992314634 -0.01039343678
v 0.1274135274 -0.193988619 -0.01780577365
v 0.1302950987 -0.1995528739 -0.01080493954
v 0.1275799264 -0.1943100295 -0.01821727241
v 0.1282541856 -0.200144356 -0.01039344388
v 0.1257996169 -0.1947746129 -0.01780578128
v 0.1284046268 -0.2004735455 -0.0108049435
v 0.1259500581 -0.1951038024 -0.0182172801
v 0.1263371351 -0.2009641931 -0.01039345497
v 0.1241490588 -0.1954804743 -0.01780579616
v 0.1264712413 -0.2013003669 -0.01080494993
v 0.124283165 -0.195816648 -0.01821729511
v 0.1243821788 -0.2016889937 -0.01039347613
v 0.1224658537 -0.1961045267 -0.01780581614
v 0.1244996404 -0.2020313281 -0.01080497181
v 0.1225833153 -0.196446861 -0.01821731421
v 0.1223939966 -0.202317001 -0.01039350147
v 0.1207540605 -0.1966452287 -0.01780584329
v 0.1224945111 -0.2026647021 -0.01080499846
v 0.120854575 -0.1969929298 -0.01821733841
v 0.1203773992 -0.2028467279 -0.01039352984
v 0.1190177867 -0.1971012928 -0.01780587968
v 0.1204607394 -0.2031989284 -0.01080502607
v 0.1191011269 -0.1974534934 -0.01821737512
v 0.1183372168 -0.2032768815 -0.01039356674
v 0.117261219 -0.1974716413 -0.01780592205
v 0.1184031777 -0.2036327443 -0.01080506201
v 0.1173271873 -0.1978275042 -0.01821741679
v 0.1162783888 -0.2036063938 -0.01039360942
v 0.1154885945 -0.1977553458 -0.01780596924
v 0.1163268101 -0.2039650674 -0.01080510379
v 0.1155370231 -0.1981140195 -0.01821746334
v 0.11420588 -0.2038345101 -0.01039365483
v 0.1137041986 -0.1979517472 -0.01780602647
v 0.1142366463 -0.2041951286 -0.01080515074
v 0.1137349649 -0.1983123656 -0.01821752425
v 0.1121246676 -0.2039606846 -0.01039370122
v 0.111912285 -0.1980603645 -0.01780609256
v 0.1121377082 -0.2043223827 -0.01080519847
v 0.1119253257 -0.1984220626 -0.01821758981
v 0.1154245293 0.2078002187 -0.007436227294
v 0.1155094073 0.2142846022 -0.007436624046
v 0.1155027872 0.2140223858 -0.008019518047
v 0.1154251323 0.2078231248 -0.008019138554
v 0.1528128424 -0.1662291137 -0.0103946561
v 0.1529934078 -0.1641521733 -0.01039476171
v 0.1470997011 -0.1637858077 -0.01780700457
v 0.1469442518 -0.1655740148 -0.01780688794
v 0.153172507 -0.1662693248 -0.01080618875
v 0.1473039163 -0.1656142259 -0.01821842087
v 0.1474609086 -0.1638083201 -0.01821853533
v 0.1533546154 -0.1641746707 -0.01080629461
v 0.1100395764 -0.2039846077 -0.01039374926
v 0.1101170448 -0.1980809248 -0.01780616845
v 0.1100392986 -0.2043465488 -0.01080523125
v 0.110116767 -0.198442866 -0.01821764592
v 0.1525305829 -0.1682946801 -0.01039454932
v 0.1467012298 -0.1673524333 -0.0178067781
v 0.1528878415 -0.1683524892 -0.01080607991
v 0.1470584885 -0.1674102425 -0.01821830896
v 0.1521472901 -0.1703439036 -0.01039444354
v 0.1463712274 -0.1691168089 -0.01780667635
v 0.1525012803 -0.1704191804 -0.0108059721
v 0.1467252176 -0.1691920856 -0.01821820411
v 0.1516638929 -0.1723718638 -0.01039434141
v 0.1459550309 -0.170862845 -0.0178065776
v 0.1520137676 -0.1724644182 -0.01080586772
v 0.1463049056 -0.1709553995 -0.01821810444
v 0.1510815429 -0.1743736727 -0.01039424534
v 0.1454536482 -0.1725863972 -0.01780648314
v 0.1514264558 -0.1744832702 -0.01080577129
v 0.1457985611 -0.1726959947 -0.01821800697
v 0.1504016744 -0.176344506 -0.01039415104
v 0.1448683119 -0.1742832491 -0.01780639639
v 0.1507407793 -0.176470897 -0.01080567616
v 0.1452074167 -0.1744096402 -0.01821791831
v 0.1496259145 -0.1782795862 -0.01039406194
v 0.1442004013 -0.1759493357 -0.01780631434
v 0.1499584256 -0.1784224625 -0.01080558387
v 0.1445329123 -0.176092212 -0.0182178376
v 0.1487561269 -0.1801742883 -0.01039397561
v 0.1434515187 -0.1775806542 -0.01780623826
v 0.1490812139 -0.180333326 -0.01080549494
v 0.1437766056 -0.1777396919 -0.01821775971
v 0.1477943981 -0.1820240494 -0.01039389492
v 0.1426234742 -0.1791732493 -0.01780616833
v 0.1481113063 -0.1821988364 -0.01080541382
v 0.1429403824 -0.1793480363 -0.0182176859
v 0.1467430668 -0.18382437 -0.01039382113
v 0.1417182848 -0.1807233176 -0.01780610152
v 0.1470509968 -0.1840145082 -0.01080534098
v 0.1420262297 -0.180913456 -0.01821761738
v 0.1456046184 -0.1855709609 -0.01039375601
v 0.1407381155 -0.1822271169 -0.01780604118
v 0.1459028609 -0.1857759791 -0.01080527182
v 0.141036358 -0.1824321351 -0.01821755433
v 0.14438185 -0.1872595964 -0.01039369601
v 0.1396853534 -0.1836810126 -0.01780598639
v 0.1446696664 -0.1874790081 -0.01080520862
v 0.1399731698 -0.1839004243 -0.01821749794
v 0.1430776914 -0.1888861869 -0.01039363808
v 0.138562474 -0.1850814752 -0.01780593835
v 0.1433544032 -0.1891194468 -0.01080514863
v 0.1388391858 -0.1853147351 -0.01821744836
v 0.141695278 -0.1904468542 -0.01039359194
v 0.1373722176 -0.1864252027 -0.01780589397
v 0.1419602218 -0.1906934171 -0.0108051002
v 0.1376371614 -0.1866717655 -0.01821740144
v 0.1647328548 -0.1702676879 -0.00741124551
v 0.1650973669 -0.1676010807 -0.007411397434
v 0.158651228 -0.1668810634 -0.007411661524
v 0.1583299587 -0.1692323053 -0.007411527562
v 0.1644522595 -0.1702223722 -0.007994167734
v 0.1583526272 -0.1692359904 -0.007994436431
v 0.158674045 -0.1668836477 -0.007994570455
v 0.1648091181 -0.1675689578 -0.007994319107
v 0.1642379244 -0.1729132016 -0.00741109933
v 0.1578936923 -0.1715649503 -0.007411398667
v 0.1639651539 -0.1728552765 -0.007994022066
v 0.1579161525 -0.1715697504 -0.007994307407
v 0.1636137921 -0.1755312297 -0.007410959249
v 0.1573434708 -0.1738733939 -0.007411275146
v 0.1633490027 -0.1754612635 -0.007993882454
v 0.1573656633 -0.1738792932 -0.007994183828
v 0.1628619259 -0.1781154876 -0.007410825599
v 0.1566806046 -0.17615202 -0.007411157303
v 0.1626052599 -0.1780340038 -0.007993749241
v 0.1567024848 -0.1761590032 -0.007994065995
v 0.1619841508 -0.1806597403 -0.007410698712
v 0.1559067439 -0.1783954259 -0.007411045414
v 0.1617357363 -0.1805672025 -0.007993622819
v 0.1559282525 -0.1784034772 -0.007993953986
v 0.1609826037 -0.183157861 -0.007410578887
v 0.1550236892 -0.1805981211 -0.007410939756
v 0.1607425385 -0.1830547623 -0.007993503291
v 0.1550447817 -0.180607225 -0.007993848277
v 0.1598596727 -0.1856038454 -0.00741046641
v 0.1540336253 -0.1827548588 -0.007410840577
v 0.1596280704 -0.1854906194 -0.00799339115
v 0.1540542427 -0.1827649699 -0.007993749119
v 0.1586180731 -0.187991783 -0.007410361556
v 0.1529388703 -0.1848604534 -0.007410748119
v 0.1583950476 -0.1878688336 -0.007993286603
v 0.1529589827 -0.1848715713 -0.00799365655
v 0.1572607412 -0.1903159151 -0.007410264579
v 0.1517421441 -0.1869097546 -0.007410662607
v 0.1570464214 -0.1901836463 -0.007993189903
v 0.1517616923 -0.1869218486 -0.007993570996
v 0.1557910585 -0.1925706679 -0.007410175707
v 0.1504462819 -0.1888979113 -0.007410584241
v 0.1555855141 -0.1924294382 -0.007993101285
v 0.1504652068 -0.1889109509 -0.007993492594
v 0.1542124636 -0.1947506169 -0.007410095158
v 0.1490544025 -0.1908200615 -0.007410513216
v 0.1540158096 -0.1946007559 -0.007993020965
v 0.1490726599 -0.1908340014 -0.007993421537
v 0.1525288259 -0.1968504779 -0.007410023123
v 0.1475698888 -0.1926716296 -0.007410449699
v 0.1523411472 -0.1966923292 -0.007992949137
v 0.1475874492 -0.1926864546 -0.007993357989
v 0.1507441455 -0.1988652064 -0.007409959783
v 0.1459962867 -0.1944481318 -0.007410393845
v 0.1505655872 -0.1986990702 -0.007992885976
v 0.1460130909 -0.1944637963 -0.007993302109
v 0.1448282069 -0.204351192 -0.007409823312
v 0.1407799747 -0.1992854 -0.00741027351
v 0.1446777318 -0.2041628607 -0.00799274985
v 0.1407943199 -0.1993033571 -0.007993181716
v 0.1426847429 -0.2059791015 -0.00740979604
v 0.1388899695 -0.2007208064 -0.007410249463
v 0.1425438952 -0.2057839069 -0.007992722805
v 0.1389034118 -0.2007394372 -0.007993157658
v 0.1404639652 -0.2074998949 -0.007409778004
v 0.1369318288 -0.2020617646 -0.007410233559
v 0.1403329055 -0.2072980775 -0.007992704844
v 0.1369443536 -0.2020810392 -0.007993141812
v 0.1381712418 -0.2089099168 -0.007409769248
v 0.1349102147 -0.2033050272 -0.00741022584
v 0.1380501458 -0.2087017173 -0.007992696075
v 0.1349217779 -0.2033249002 -0.007993134023
v 0.1358120864 -0.2102057521 -0.007409769794
v 0.1328300544 -0.2044476036 -0.007410226322
v 0.1357011148 -0.2099914261 -0.00799269672
v 0.132840627 -0.204468015 -0.007993134505
v 0.1333921879 -0.2113842862 -0.007409779635
v 0.130696301 -0.2054867868 -0.007410235003
v 0.1332915465 -0.2111640448 -0.007992706512
v 0.1307058537 -0.2055076915 -0.007993143191
v 0.1309173653 -0.2124426891 -0.007409798761
v 0.1285141297 -0.2064199917 -0.007410251864
v 0.13082726 -0.2122167438 -0.007992725559
v 0.1285226632 -0.2064413451 -0.007993160061
v 0.1283935685 -0.2133784009 -0.007409827114
v 0.1262887851 -0.207245007 -0.007410276869
v 0.1283142047 -0.2131469928 -0.007992753949
v 0.1262962408 -0.2072667337 -0.007993185143
v 0.1258269219 -0.2141891621 -0.007409864628
v 0.1240256357 -0.2079598611 -0.007410309949
v 0.1257585349 -0.2139525327 -0.007992791344
v 0.1240320286 -0.2079819465 -0.007993218238
v 0.1232235684 -0.2148730412 -0.007409911213
v 0.1217301434 -0.2085628224 -0.007410351028
v 0.1231664164 -0.2146313875 -0.007992837923
v 0.1217354449 -0.2085851767 -0.007993259271
v 0.1205897886 -0.2154283766 -0.007409966758
v 0.1194078117 -0.2090524129 -0.007410400009
v 0.1205441442 -0.2151819407 -0.00799289337
v 0.1194120145 -0.2090750211 -0.007993308274
v 0.1179319185 -0.2158538356 -0.007410031128
v 0.1170642513 -0.209427484 -0.007410456772
v 0.1178980769 -0.2156028449 -0.007992957619
v 0.1170673418 -0.2094502565 -0.007993365065
v 0.1152563724 -0.2161483843 -0.00741010417
v 0.1147051225 -0.2096871113 -0.007410521181
v 0.1152346357 -0.2158930812 -0.007993030513
v 0.1147070938 -0.2097100033 -0.007993429504
v 0.1125695898 -0.2163113171 -0.007410185706
v 0.1123360814 -0.2098306684 -0.007410593081
v 0.1125602975 -0.2160519594 -0.007993111809
v 0.1123369265 -0.209853635 -0.007993501438
v 0.1098781181 -0.2163422279 -0.007410275536
v 0.1099628326 -0.2098578125 -0.007410672299
v 0.1099628355 -0.2098807979 -0.00799358075
v 0.1098783562 -0.2160799994 -0.007993201626
v 0.1653305721 -0.1649198062 -0.007411554738
v 0.1588566957 -0.1645169069 -0.007411800229
v 0.158879617 -0.16451836 -0.00799470916
v 0.1650348854 -0.1649014751 -0.007994475814
v 0.1521490162 0.1995993551 -0.007434470119
v 0.1477313984 0.1948521293 -0.00743432811
v 0.1494287742 0.1931934708 -0.007434168029
v 0.1540740377 0.1977182223 -0.007434288567
v 0.1519843598 0.1994223161 -0.008017374621
v 0.1539002269 0.1975488286 -0.008017193919
v 0.1494452171 0.1932094339 -0.008017078254
v 0.147747047 0.1948688926 -0.008017238478
v 0.1437295397 0.1905514228 -0.01041700434
v 0.1397071848 0.1862282257 -0.01782878181
v 0.1409910127 0.1849736291 -0.01782866392
v 0.1452206785 0.1890942592 -0.01041685918
v 0.1439760618 0.1908163574 -0.01082854263
v 0.145479899 0.189346778 -0.0108283992
v 0.1412502332 0.1852261479 -0.01824020554
v 0.1399537069 0.1864931603 -0.01824032143
v 0.1405418451 0.1932376429 -0.01041727801
v 0.1369626181 0.1885410535 -0.01782902003
v 0.1383632765 0.1874183205 -0.0178289031
v 0.1421686615 0.1919336601 -0.0104171398
v 0.1407612165 0.1935254798 -0.01082881651
v 0.1424018808 0.1922103777 -0.01082867794
v 0.1385964958 0.187695038 -0.01824044283
v 0.1371819893 0.1888288756 -0.01824056092
v 0.1388529992 0.1944602799 -0.01041740508
v 0.135508527 0.189593684 -0.01782913873
v 0.1390579767 0.1947585132 -0.01082894204
v 0.1357135045 0.1898919173 -0.01824067969
v 0.1371061682 0.1955985973 -0.01041753504
v 0.1340045328 0.1905737664 -0.01782924933
v 0.1372962659 0.195906533 -0.01082907258
v 0.1341946303 0.1908816872 -0.01824079033
v 0.1353056222 0.1966497825 -0.01041765934
v 0.1324542691 0.1914788243 -0.01782935902
v 0.1354803684 0.1969666815 -0.01082919955
v 0.1326290153 0.1917957233 -0.0182408979
v 0.1334556209 0.1976113804 -0.01041778113
v 0.1308614639 0.1923067523 -0.0178294654
v 0.133614618 0.197936473 -0.01082932025
v 0.131020461 0.1926318449 -0.01824100426
v 0.1315606642 0.1984810669 -0.01041789559
v 0.129229928 0.1930555334 -0.01782956929
v 0.1317035146 0.1988135686 -0.01082943253
v 0.1293727784 0.1933880351 -0.01824110915
v 0.1296253293 0.1992567258 -0.01041800803
v 0.1275636169 0.1937233724 -0.01782966831
v 0.1297517019 0.1995958212 -0.01082954806
v 0.1276899821 0.1940624679 -0.01824120808
v 0.1276542492 0.1999365231 -0.01041811392
v 0.1258665483 0.1943086669 -0.01782976435
v 0.1277638209 0.2002814265 -0.01082965462
v 0.12597612 0.1946535703 -0.01824130505
v 0.1256521934 0.2005188017 -0.01041821033
v 0.124142794 0.1948099776 -0.01782985932
v 0.1257447143 0.2008686522 -0.01082974952
v 0.124235315 0.1951598281 -0.01824140197
v 0.123623957 0.2010021579 -0.01041830526
v 0.1223965116 0.1952261476 -0.01782994769
v 0.1236992003 0.2013561238 -0.01082984396
v 0.1224717549 0.1955801135 -0.01824148905
v 0.1215744496 0.2013853947 -0.01041838702
v 0.1206319116 0.1955560784 -0.01783003668
v 0.1216322327 0.2017426291 -0.01082992572
v 0.1206896947 0.1959133128 -0.01824157672
v 0.1195086146 0.201667628 -0.01041846365
v 0.1188532617 0.1957990736 -0.0178301208
v 0.1195487997 0.2020272683 -0.0108300039
v 0.1188934468 0.1961587139 -0.01824166264
v 0.1174314133 0.2018481819 -0.01041853095
v 0.1170648014 0.1959545263 -0.01783020092
v 0.1174539144 0.2022093648 -0.01083007269
v 0.1170873026 0.1963157092 -0.01824174346
v 0.1571190149 0.1630655404 -0.01041480445
v 0.1512352887 0.162563219 -0.01782696655
v 0.1574796074 0.1630962824 -0.01082634172
v 0.1515958811 0.162593961 -0.01823850381
v 0.1153476609 0.2019266356 -0.01041858552
v 0.1152707128 0.196022039 -0.0178302822
v 0.1153568471 0.2022884099 -0.01083011152
v 0.115279899 0.1963838133 -0.01824180607
v 0.1568908653 0.1651377814 -0.01041495086
v 0.1510388545 0.1643473843 -0.01782707363
v 0.1572495128 0.1651861783 -0.01082648768
v 0.1513975021 0.1643957812 -0.01823861098
v 0.1565612897 0.1671963271 -0.01041509641
v 0.1507551024 0.1661197859 -0.01782718828
v 0.1569171266 0.1672622711 -0.01082663308
v 0.1511109393 0.1661857299 -0.01823872574
v 0.1561310878 0.1692362344 -0.01041524292
v 0.1503847061 0.1678761083 -0.01782730382
v 0.1564832624 0.1693195578 -0.01082678025
v 0.1507368807 0.1679594317 -0.01823884249
v 0.1556012831 0.1712525869 -0.01041539324
v 0.1499285648 0.169612182 -0.01782742105
v 0.1559489433 0.1713530773 -0.01082693258
v 0.150276225 0.1697126724 -0.01823895879
v 0.1549731833 0.1732405244 -0.01041554062
v 0.1493878003 0.1713237599 -0.01782754284
v 0.1553154766 0.1733579545 -0.01082708013
v 0.1497300936 0.17144119 -0.01823908075
v 0.15424829 0.1751952286 -0.0104156898
v 0.1487636854 0.1730067422 -0.01782766571
v 0.1545844228 0.1753293107 -0.01082722841
v 0.1490998182 0.1731408243 -0.01823920485
v 0.1534283452 0.1771120272 -0.01041583668
v 0.1480577169 0.1746570858 -0.01782779042
v 0.1537574791 0.1772624594 -0.01082737521
v 0.1483868508 0.1748075179 -0.01823932975
v 0.1525153155 0.1789863045 -0.01041598385
v 0.1472716009 0.1762707743 -0.01782791561
v 0.1528366852 0.1791526944 -0.01082752415
v 0.1475929709 0.176437179 -0.01823945405
v 0.1515114211 0.1808135012 -0.01041613201
v 0.1464072547 0.1778439976 -0.01782804096
v 0.1518242171 0.1809954719 -0.0108276741
v 0.1467200656 0.178025968 -0.01823957747
v 0.1504190343 0.1825892646 -0.01041628241
v 0.145466744 0.1793729135 -0.01782816619
v 0.1507225354 0.1827863635 -0.01082782229
v 0.145770245 0.1795700124 -0.01823970287
v 0.149240841 0.1843092974 -0.01041643071
v 0.1444523606 0.1808538412 -0.01782828884
v 0.1495342958 0.1845210575 -0.01082796971
v 0.1447458154 0.1810656013 -0.01823982677
v 0.1479796628 0.1859694347 -0.01041657415
v 0.1433664864 0.1822831876 -0.01782841607
v 0.1482623789 0.1861953286 -0.01082811226
v 0.1436492025 0.1825090815 -0.01823995418
v 0.1466385325 0.1875657028 -0.01041672277
v 0.1422117747 0.1836575801 -0.01782853694
v 0.1469098325 0.1878052028 -0.01082826184
v 0.1424830747 0.1838970801 -0.01824007522
v 0.1177962563 0.207710995 -0.007436140956
v 0.1181991503 0.2141833215 -0.007436526127
v 0.1181830781 0.2139242241 -0.008019420574
v 0.1177977008 0.2077338603 -0.008019052117
v 0.1691405624 0.1667913969 -0.007431868945
v 0.1627127811 0.1659238005 -0.007432034561
v 0.1629724569 0.1635649617 -0.00743188033
v 0.1694352196 0.1641161698 -0.007431694022
v 0.1688588771 0.1667533628 -0.00801478607
v 0.1691462284 0.1640915241 -0.008014612221
v 0.1629953328 0.1635668771 -0.008014789536
v 0.1627355373 0.1659268203 -0.00801494384
v 0.16871498 0.1694489481 -0.007432047241
v 0.1623376613 0.168267056 -0.007432191767
v 0.1684407871 0.1693981043 -0.008014963321
v 0.1623602384 0.1682711958 -0.008015101054
v 0.1681595211 0.1720824017 -0.007432228479
v 0.1618479925 0.1705890982 -0.007432351569
v 0.1678929918 0.1720193122 -0.00801514361
v 0.1618703307 0.1705943439 -0.008015260933
v 0.1674754889 0.1746854368 -0.007432412225
v 0.1612449377 0.1728842787 -0.007432513581
v 0.167216779 0.1746106212 -0.0080153263
v 0.1612669922 0.172890616 -0.008015423088
v 0.1666645448 0.1772517728 -0.007432598034
v 0.1605300055 0.1751471535 -0.007432677415
v 0.1664137945 0.1771656912 -0.00801551121
v 0.1605517164 0.1751545682 -0.008015586934
v 0.1657286646 0.1797752291 -0.007432785457
v 0.159704852 0.1773721868 -0.007432842674
v 0.1654859846 0.1796783719 -0.008015697629
v 0.1597261745 0.1773806648 -0.008015752271
v 0.1646700788 0.1822497411 -0.00743297405
v 0.1587715242 0.1795540766 -0.00743300896
v 0.1644355939 0.1821425388 -0.008015885237
v 0.158792398 0.1795635738 -0.008015918702
v 0.1634913469 0.1846693293 -0.007433163351
v 0.1577322036 0.1816875785 -0.007433175877
v 0.1632651817 0.1845521826 -0.008016073641
v 0.157752599 0.1816980953 -0.008016085632
v 0.162195254 0.1870281602 -0.007433352908
v 0.1565894747 0.1837674726 -0.007433343015
v 0.1619775478 0.1869014696 -0.008016262454
v 0.1566093316 0.1837789799 -0.008016252849
v 0.1607850345 0.1893205881 -0.007433542259
v 0.1553460449 0.1857888355 -0.007433509978
v 0.1605758664 0.1891847104 -0.008016450884
v 0.1553653034 0.1858013044 -0.008016419891
v 0.1592639839 0.1915410711 -0.007433730959
v 0.1540049046 0.1877467253 -0.007433676359
v 0.1590634775 0.1913963324 -0.008016638674
v 0.1540235194 0.1877601117 -0.008016586351
v 0.157635832 0.1936842253 -0.007433918541
v 0.1525693161 0.1896364795 -0.00743384176
v 0.157444081 0.1935309671 -0.008016825566
v 0.1525872571 0.1896507688 -0.008016751831
v 0.1559044459 0.1957449333 -0.007434104558
v 0.1510426915 0.1914535082 -0.007434005782
v 0.1557216034 0.1955834517 -0.008017010775
v 0.1510598986 0.1914686566 -0.008016915997
v 0.1501339858 0.2013837414 -0.007434648776
v 0.1459546702 0.1964255407 -0.007434485642
v 0.1499786365 0.201199338 -0.00801755264
v 0.1459694791 0.1964430452 -0.008017396017
v 0.1480338235 0.2030671297 -0.00743482411
v 0.1441028611 0.1979098638 -0.007434640242
v 0.1478879187 0.2028756136 -0.008017727214
v 0.144116785 0.1979280654 -0.008017550757
v 0.1458535733 0.20464549 -0.007434995701
v 0.1421804408 0.1993015977 -0.007434791542
v 0.1457172801 0.2044470975 -0.008017897987
v 0.1421934644 0.1993204668 -0.008017702129
v 0.1435985052 0.2061149832 -0.007435163132
v 0.1401920287 0.2005972992 -0.007434939173
v 0.1434720054 0.2059099502 -0.008018064675
v 0.1402041066 0.2006167917 -0.008017849764
v 0.1412740417 0.2074720511 -0.007435325999
v 0.1381424572 0.201793865 -0.007435082779
v 0.1411575026 0.2072606289 -0.008018226809
v 0.1381535441 0.2018139219 -0.008017993439
v 0.1388857889 0.2087134761 -0.007435483913
v 0.1360366075 0.2028884893 -0.00743522202
v 0.1387794217 0.2084958705 -0.008018383995
v 0.1360467027 0.2029090658 -0.008018132746
v 0.1364394892 0.2098362323 -0.007435636492
v 0.1338795851 0.2038784377 -0.007435356554
v 0.1363435054 0.2096126491 -0.008018535918
v 0.1338886732 0.2038994893 -0.008018267343
v 0.1339410237 0.21083762 -0.007435783369
v 0.1316765751 0.2047613474 -0.007435486058
v 0.1338556349 0.210608295 -0.008018681947
v 0.1316845954 0.2047828005 -0.008018396908
v 0.131396456 0.2117152353 -0.007435924189
v 0.1294328928 0.2055351521 -0.007435610224
v 0.1313219038 0.2114804037 -0.008018822058
v 0.1294398601 0.2055569915 -0.008018521134
v 0.1288118755 0.2124669418 -0.007436058612
v 0.1271539526 0.2061979331 -0.00743572875
v 0.1287484306 0.2122267938 -0.008018955842
v 0.1271598359 0.2062200697 -0.008018639715
v 0.1261935181 0.2130909592 -0.007436186318
v 0.1248452175 0.2067480838 -0.007435841349
v 0.1261414443 0.2128457299 -0.00801908278
v 0.1248500092 0.206770503 -0.008018752369
v 0.1235476827 0.2135857894 -0.007436306997
v 0.1225122664 0.2071843095 -0.007435947752
v 0.1235072883 0.2133356982 -0.008019202762
v 0.1225159504 0.207206922 -0.008018858822
v 0.1208807537 0.2139502014 -0.007436420358
v 0.1201607334 0.2075055379 -0.007436047701
v 0.1208523475 0.2136954827 -0.008019315562
v 0.1201633017 0.2075282991 -0.008018958818
v 0.163116033 0.1611962407 -0.007431729447
v 0.1695982312 0.161429714 -0.007431522893
v 0.1693021654 0.1614190499 -0.008014442195
v 0.1631389835 0.1611970226 -0.008014638514
v 0.005187480544 0.2033671955 -0.01042241762
v 0.00511052506 0.1974625989 -0.0178341332
v 0.005115271283 0.1978244462 -0.01824567
v 0.005192226767 0.2037290428 -0.01083395841
v -0.1501036272 0.002407594616 -0.01041532375
v -0.1441984748 0.00232991968 -0.01782719483
v -0.1445603185 0.002334626314 -0.01823874659
v -0.150465456 0.002412301051 -0.01082688324
v -0.1645315581 -0.1606062135 -0.007423063806
v -0.15804936 -0.1603727403 -0.007422857253
v -0.158076523 -0.1579998042 -0.007423004428
v -0.1645625327 -0.1579150614 -0.007423230723
v -0.1642354526 -0.1605956213 -0.008005964234
v -0.1642612789 -0.1579153408 -0.008006130306
v -0.1580994377 -0.1579998233 -0.008005915009
v -0.1580722707 -0.160373594 -0.008005767782
v -0.1538792423 0.1629689932 -0.007442643356
v -0.1603652351 0.1630538847 -0.007442869661
v -0.1624639286 0.002569412238 -0.007433050194
v -0.1559778454 0.002484594012 -0.007432823891
v -0.1539021496 0.1629695402 -0.008025554039
v -0.1560007564 0.002484857951 -0.008015734489
v -0.1621609799 0.002565414925 -0.008015949489
v -0.160064078 0.1630462151 -0.008025768858
v -0.0001206038992 -0.2025440478 -0.0103975811
v -4.314300327e-05 -0.1966403649 -0.01781002052
v -0.0001253220447 -0.2029059458 -0.01080907868
v -4.786116592e-05 -0.1970022629 -0.01822151091
v 0.1654319082 -0.1622303843 -0.007411717039
v 0.1589459154 -0.1621454928 -0.007411943343
v 0.1589688624 -0.1621461116 -0.007994852391
v 0.1651307908 -0.1622227865 -0.007994637572
v 0.1631431961 0.1588233046 -0.007431582272
v 0.1610445185 -0.001661093576 -0.007421762809
v 0.1675306017 -0.001745911802 -0.007421536506
v 0.1696292057 0.1587385619 -0.007431355976
v 0.1631661505 0.1588232519 -0.008014491288
v 0.1693279917 0.1587387694 -0.008014276124
v 0.1672276927 -0.001741986341 -0.00800445694
v 0.1610674692 -0.001661429367 -0.008004671807
v -0.1428247706 -0.1581995202 -0.01986408496
v -0.1428056936 -0.159824429 -0.0198639831
v -0.1421054702 -0.1597992104 -0.01993615385
v -0.1421242649 -0.1582085509 -0.01993625253
v -0.1429078758 -0.158199497 -0.02044079462
v -0.1421471945 -0.1582085699 -0.02051916278
v -0.1421283809 -0.1598000641 -0.02051906405
v -0.1428887344 -0.1598274616 -0.0204406947
v -0.1435924645 -0.1581896022 -0.01965246845
v -0.1435731331 -0.1598520386 -0.0196523632
v -0.1437426303 -0.1581895206 -0.02021070023
v -0.1437231628 -0.1598575024 -0.02021060208
v -0.1443756133 -0.1581794298 -0.01931563735
v -0.1443559045 -0.1598802448 -0.01931552546
v -0.1445829896 -0.1581792989 -0.0198492564
v -0.1445631273 -0.159887746 -0.01984915681
v -0.1451203535 -0.1581697386 -0.0188766578
v -0.1451003171 -0.1599070389 -0.01887654153
v -0.1453819155 -0.1581695677 -0.01937834156
v -0.1453616921 -0.1599164975 -0.01937824065
v -0.1457756073 -0.1581611833 -0.01836571837
v -0.1457552754 -0.1599305872 -0.01836559585
v -0.1460936204 -0.1581609571 -0.01882338311
v -0.1460730543 -0.1599420774 -0.01882328222
v -0.142707339 -0.1614461571 -0.01986387979
v -0.1420092012 -0.1613866953 -0.01993605273
v -0.1420320373 -0.1613886826 -0.02051896286
v -0.1427901349 -0.1614532613 -0.02044059114
v -0.1434724983 -0.1615113655 -0.01965225644
v -0.1436220873 -0.1615241522 -0.02021049698
v -0.1442529687 -0.1615778563 -0.0193154152
v -0.1444595792 -0.161595514 -0.01984904803
v -0.14499519 -0.1616410706 -0.01887642575
v -0.1452557788 -0.1616633407 -0.01937812725
v -0.1456481836 -0.1616967146 -0.01836547484
v -0.1459650186 -0.1617237752 -0.01882316234
v -0.142529638 -0.1630605924 -0.01986377317
v -0.1418352395 -0.1629668509 -0.01993594941
v -0.1418579559 -0.1629699426 -0.02051885947
v -0.1426119802 -0.1630717411 -0.02044048425
v -0.1432906537 -0.1631633494 -0.01965214523
v -0.1434394297 -0.1631834787 -0.02021038423
v -0.1440669012 -0.1632681648 -0.01931530042
v -0.1442723922 -0.1632959409 -0.01984893472
v -0.1448051278 -0.1633677783 -0.01887630753
v -0.1450643038 -0.1634028084 -0.01937800713
v -0.145454576 -0.1634554343 -0.01836535239
v -0.1457697062 -0.1634980008 -0.01882303462
v -0.1407262485 0.00228438829 -0.0198739044
v -0.140025819 0.002275224387 -0.01994607196
v -0.1408093551 0.002285439784 -0.02045061412
v -0.1400487449 0.002275488522 -0.02052898223
v -0.1414939108 0.002294439926 -0.01966228896
v -0.1416440525 0.002296369166 -0.02022052191
v -0.1422770137 0.002304701139 -0.01932545999
v -0.1424843716 0.002307380099 -0.01985908239
v -0.1430217231 0.002314466533 -0.01888648151
v -0.143283258 0.002317855917 -0.01938816972
v -0.1436769465 0.002323066124 -0.01837554315
v -0.1439949086 0.002327196098 -0.01883321771
v -0.1422727903 -0.1646647667 -0.01986366448
v -0.1415838342 -0.164537066 -0.01993584407
v -0.1416063717 -0.1645412926 -0.02051875405
v -0.1423544848 -0.1646799475 -0.02044037529
v -0.1430278692 -0.1648046934 -0.01965203511
v -0.1431754886 -0.1648321102 -0.02021027469
v -0.1437980554 -0.1649474252 -0.0193151867
v -0.1440019343 -0.1649852518 -0.01984882032
v -0.1445304954 -0.1650831634 -0.01887619032
v -0.1447876615 -0.1651308718 -0.01937788801
v -0.1451748594 -0.1652025385 -0.01836523305
v -0.1454875239 -0.1652605314 -0.01882291106
v -0.1419375446 -0.1662543932 -0.01986355615
v -0.1412556898 -0.166093099 -0.01993573698
v -0.1412779883 -0.1660984166 -0.02051864688
v -0.1420184122 -0.1662735787 -0.02044026668
v -0.14268482 -0.1664312011 -0.01965192318
v -0.1428309242 -0.1664658206 -0.0202101612
v -0.143447093 -0.1666115308 -0.01931507111
v -0.1436488817 -0.1666593246 -0.01984870085
v -0.1441719824 -0.1667829695 -0.0188760712
v -0.1444264962 -0.1668432455 -0.01937776697
v -0.1448097391 -0.1669338304 -0.01836510965
v -0.1451191906 -0.1670070956 -0.01882278979
v -0.141524686 -0.1678256913 -0.0198634463
v -0.1408515615 -0.167631155 -0.01993562842
v -0.1408735762 -0.1676375641 -0.02051853824
v -0.1416045174 -0.1678488246 -0.02044015655
v -0.1422624381 -0.1680389111 -0.01965181076
v -0.1424066533 -0.1680806489 -0.02021004827
v -0.143014929 -0.1682563863 -0.019314955
v -0.1432141193 -0.1683140198 -0.01984858405
v -0.1437305345 -0.1684631756 -0.01887594941
v -0.1439817682 -0.1685358636 -0.01937764429
v -0.1443601291 -0.1686451403 -0.01836498566
v -0.1446656053 -0.1687334939 -0.0188226658
v -0.141035338 -0.1693745482 -0.01986333203
v -0.1403726026 -0.1691471354 -0.01993551866
v -0.1403942738 -0.1691546221 -0.0205184284
v -0.1411139386 -0.1694015722 -0.02044004201
v -0.1417616833 -0.1696237425 -0.01965169282
v -0.1419036806 -0.1696725134 -0.02020992876
v -0.1425025984 -0.1698779396 -0.01931483441
v -0.1426987265 -0.1699452848 -0.01984846275
v -0.1432071558 -0.1701196407 -0.01887582735
v -0.1434545259 -0.1702045693 -0.01937752135
v -0.1438270479 -0.170332297 -0.01836486031
v -0.1441278159 -0.1704355402 -0.01882253831
v -0.1404704281 -0.1708978223 -0.01986322102
v -0.1398196407 -0.1706382131 -0.01993540791
v -0.1398409234 -0.1706467629 -0.02051831758
v -0.1405476033 -0.170928665 -0.02043993071
v -0.1411836891 -0.1711823424 -0.01965157919
v -0.1413231391 -0.1712380316 -0.02020981462
v -0.1419112308 -0.1714725546 -0.0193147181
v -0.1421038177 -0.171549439 -0.01984834467
v -0.142603107 -0.1717485034 -0.01887570637
v -0.1428460148 -0.1718454719 -0.01937739948
v -0.143211814 -0.1719912896 -0.01836473709
v -0.1435071702 -0.172109178 -0.01882241401
v -0.1398315268 -0.1723913948 -0.01986310613
v -0.1391942593 -0.1721001349 -0.01993529649
v -0.1392150934 -0.1721097039 -0.02051820608
v -0.1399071118 -0.1724259839 -0.02043981553
v -0.1405299514 -0.1727105931 -0.01965146165
v -0.1406664945 -0.1727730412 -0.02020969656
v -0.1412423674 -0.1730361429 -0.01931459681
v -0.1414309489 -0.1731223937 -0.01984822266
v -0.1419198706 -0.1733457355 -0.01887558358
v -0.1421577317 -0.1734544982 -0.01937727578
v -0.1425159397 -0.1736181043 -0.01836461205
v -0.1428051501 -0.1737503496 -0.01882228574
v -0.1391200653 -0.1738518791 -0.0198629908
v -0.1384978331 -0.1735297535 -0.01993518465
v -0.1385181886 -0.1735403421 -0.02051809416
v -0.1391938505 -0.1738901428 -0.02043969992
v -0.139801974 -0.1742049579 -0.01965134367
v -0.1399352806 -0.1742740352 -0.02020957807
v -0.1404975702 -0.1745650777 -0.01931447612
v -0.1406816962 -0.1746604771 -0.01984810127
v -0.1411590509 -0.1749075309 -0.01887546032
v -0.1413912958 -0.1750278419 -0.01937715056
v -0.1417410428 -0.1752088157 -0.01836448653
v -0.1420234176 -0.1753550841 -0.01882215593
v -0.1383377276 -0.1752758703 -0.01986287744
v -0.1377320453 -0.1749236043 -0.01993507264
v -0.1377518624 -0.1749351835 -0.02051798207
v -0.1384095626 -0.1753177063 -0.02043958627
v -0.1390015137 -0.1756618968 -0.01965122766
v -0.1391312687 -0.1757374435 -0.02020946047
v -0.1396786241 -0.1760556845 -0.01931435741
v -0.1398578447 -0.1761600001 -0.01984798077
v -0.1403224912 -0.1764301251 -0.01887533797
v -0.1405485498 -0.1765616937 -0.01937702624
v -0.1408890103 -0.1767595839 -0.01836436191
v -0.1411638744 -0.1769195416 -0.01882203021
v -0.1374865939 -0.1766594666 -0.01986276422
v -0.1368989179 -0.1762779054 -0.01993496077
v -0.1369181367 -0.1762904462 -0.02051787012
v -0.1375562837 -0.176704788 -0.02043947276
v -0.1381306376 -0.1770776574 -0.01965111072
v -0.1382565405 -0.1771594836 -0.02020934301
v -0.1387875663 -0.1775041961 -0.01931423882
v -0.138961461 -0.177617195 -0.0198478604
v -0.1394122894 -0.1779098393 -0.01887521575
v -0.1396316208 -0.17805233 -0.01937690311
v -0.1399619395 -0.1782666859 -0.01836423743
v -0.1402286173 -0.1784399392 -0.0188219057
v -0.1365684888 -0.177999768 -0.01986264819
v -0.1360003065 -0.1775898162 -0.01993484929
v -0.1360188815 -0.1776032744 -0.02051775856
v -0.1366358679 -0.1780484428 -0.02043935645
v -0.1371912411 -0.1784490404 -0.01965099205
v -0.1373129913 -0.1785369564 -0.02020922383
v -0.1378264398 -0.1789073074 -0.01931411639
v -0.1379945877 -0.1790287119 -0.0198477362
v -0.1384305148 -0.1793430851 -0.01887509182
v -0.1386425783 -0.179496177 -0.01937677722
v -0.1389619735 -0.1797264871 -0.01836411018
v -0.1392198335 -0.1799126122 -0.01882177629
v -0.1355858113 -0.1792933155 -0.01986253604
v -0.1350384469 -0.1788559542 -0.01993473847
v -0.1350563482 -0.1788703154 -0.02051764766
v -0.1356507293 -0.1793452415 -0.02043924401
v -0.1361857386 -0.1797726316 -0.01965087727
v -0.1363030201 -0.1798664031 -0.02020910853
v -0.1367976725 -0.1802615143 -0.019314
v -0.1369596672 -0.1803910018 -0.01984761802
v -0.1373795962 -0.1807264327 -0.01887497181
v -0.13758391 -0.1808897447 -0.01937665525
v -0.1378915998 -0.1811354679 -0.01836398899
v -0.1381400103 -0.181334026 -0.01882165188
v -0.134540729 -0.1805372196 -0.01986242269
v -0.1340154783 -0.1800735346 -0.01993462856
v -0.1340326457 -0.1800887549 -0.02051753768
v -0.1346030203 -0.1805922647 -0.02043913038
v -0.1351164294 -0.1810453608 -0.01965076131
v -0.1352289714 -0.1811447827 -0.02020899207
v -0.135703638 -0.181563701 -0.01931388032
v -0.1358590734 -0.1817009938 -0.01984749977
v -0.136262054 -0.1820566006 -0.01887485067
v -0.1364581064 -0.1822297518 -0.01937653216
v -0.1367533671 -0.1824902569 -0.01836386456
v -0.1369917407 -0.1827007638 -0.01882152425
v -0.1334358688 -0.1817283611 -0.01986231374
v -0.1329339537 -0.181239484 -0.01993451984
v -0.1329503568 -0.1812555189 -0.02051742888
v -0.1334953826 -0.1817863932 -0.02043902116
v -0.1339858957 -0.1822641094 -0.0196506498
v -0.1340934266 -0.1823689319 -0.02020887898
v -0.1345470062 -0.1828106286 -0.01931376724
v -0.1346955202 -0.1829553885 -0.019847386
v -0.1350805876 -0.1833303344 -0.01887473403
v -0.1352679111 -0.183512899 -0.01937641357
v -0.1355500039 -0.1837875249 -0.01836374679
v -0.1357777677 -0.1840094814 -0.01882140647
v -0.1322738607 -0.1828638742 -0.01986220202
v -0.1317965335 -0.1823509956 -0.01993441256
v -0.1318121422 -0.1823678158 -0.02051732153
v -0.1323304613 -0.1829247758 -0.02043890916
v -0.1327969608 -0.1834259793 -0.01965053553
v -0.132899224 -0.1835359523 -0.02020876422
v -0.1333305844 -0.1839993245 -0.01931365039
v -0.1334718146 -0.1841511839 -0.01984726527
v -0.1338380328 -0.1845445423 -0.01887461471
v -0.1340161746 -0.1847360789 -0.01937629233
v -0.1342844808 -0.1850242376 -0.01836362424
v -0.1345010762 -0.1852570997 -0.0188212818
v -0.1310575444 -0.1839409796 -0.01986209525
v -0.1306059688 -0.1834053212 -0.019934307
v -0.1306207379 -0.1834228976 -0.02051721589
v -0.1311110808 -0.1840045888 -0.02043880105
v -0.1315524628 -0.1845280571 -0.01965042626
v -0.1316492015 -0.1846429159 -0.02020865339
v -0.1320572856 -0.1851268895 -0.01931353856
v -0.1321908996 -0.1852855098 -0.0198471517
v -0.1325373622 -0.1856963388 -0.01887450046
v -0.1327058989 -0.1858963911 -0.01937617829
v -0.1329597385 -0.1861973614 -0.01836350891
v -0.1331646516 -0.1864405695 -0.0188211665
v -0.12978997 -0.1849570147 -0.01986198942
v -0.1293652501 -0.1843998288 -0.01993420342
v -0.1293791343 -0.1844181023 -0.02051711224
v -0.1298403356 -0.185023169 -0.02043869496
v -0.1302554521 -0.1855677099 -0.01965031797
v -0.1303464541 -0.185687189 -0.02020854569
v -0.130730263 -0.1861905999 -0.01931342777
v -0.1308559577 -0.1863555827 -0.01984703918
v -0.131181788 -0.1867829401 -0.01887438728
v -0.1313403108 -0.1869910067 -0.01937606321
v -0.1315790635 -0.1873040812 -0.01836339364
v -0.131771795 -0.1875570607 -0.01882104809
v -0.1284739694 -0.1859097368 -0.01986188691
v -0.128077106 -0.1853323367 -0.01993410204
v -0.1280900898 -0.1853512777 -0.02051701079
v -0.1285210281 -0.1859782741 -0.02043859325
v -0.128908937 -0.1865425141 -0.01965021306
v -0.12899396 -0.1866663036 -0.02020843925
v -0.1293525839 -0.1871879565 -0.01931332147
v -0.1294700263 -0.1873589188 -0.01984693223
v -0.1297745247 -0.1878017258 -0.01887427759
v -0.1299226399 -0.188017335 -0.01937595164
v -0.1301457295 -0.1883417465 -0.0183632819
v -0.1303258242 -0.1886038773 -0.01882093109
v -0.1271129225 -0.186796643 -0.01986178479
v -0.1267448881 -0.1862004614 -0.01993400313
v -0.1267569263 -0.1862200257 -0.0205169118
v -0.1271565531 -0.1868674157 -0.02043848982
v -0.1275162385 -0.1874500121 -0.01965010966
v -0.1275950847 -0.1875778166 -0.02020833539
v -0.1279276879 -0.1881164706 -0.01931321461
v -0.1280365893 -0.188292984 -0.01984682474
v -0.1283189226 -0.1887502083 -0.01887416952
v -0.1284562806 -0.1889728281 -0.0193758417
v -0.1286631751 -0.1893077936 -0.01836317183
v -0.1288301928 -0.1895784557 -0.01882081899
v -0.1257096958 -0.1876158478 -0.01986168541
v -0.125371344 -0.1870023489 -0.01993390689
v -0.1253823912 -0.1870224775 -0.0205168155
v -0.1257498212 -0.1876886632 -0.02043839019
v -0.1260805492 -0.1882881948 -0.019650008
v -0.126153036 -0.1884197187 -0.02020823328
v -0.1264588108 -0.1889740134 -0.01931311063
v -0.1265589273 -0.1891556638 -0.01984672014
v -0.1268185294 -0.1896261802 -0.01887406439
v -0.1269448103 -0.1898552784 -0.01937573367
v -0.1271350221 -0.1901999698 -0.01836306475
v -0.1272885665 -0.1904784978 -0.01882071097
v -0.1242680835 -0.1883652003 -0.01986159116
v -0.1239602162 -0.1877358639 -0.01993381359
v -0.1239702791 -0.1877565121 -0.02051672212
v -0.1243045826 -0.188439911 -0.02043829569
v -0.1246055069 -0.1890549136 -0.01964991154
v -0.1246714515 -0.1891898462 -0.02020813638
v -0.1249496729 -0.1897584797 -0.01931301191
v -0.1250407529 -0.1899448233 -0.01984662082
v -0.1252769682 -0.190427493 -0.01887396353
v -0.1253918516 -0.1906625075 -0.01937563099
v -0.125564893 -0.1910160966 -0.018362962
v -0.1257045829 -0.1913018248 -0.01882060517
v -0.1227916154 -0.1890428214 -0.01986149907
v -0.1225150488 -0.1883991121 -0.01993372345
v -0.1225240822 -0.1884202358 -0.02051663192
v -0.1228244037 -0.1891192348 -0.02043820337
v -0.1230947232 -0.1897482733 -0.01964981731
v -0.1231539722 -0.1898862889 -0.02020804174
v -0.1234039143 -0.1904678698 -0.01931291656
v -0.1234857505 -0.1906584473 -0.0198465249
v -0.1236979536 -0.1911521756 -0.01887386611
v -0.1238011713 -0.1913925436 -0.01937553177
v -0.1239566436 -0.1917541714 -0.01836286382
v -0.1240821498 -0.1920464185 -0.01882050611
v -0.121283402 -0.1896472696 -0.01986140934
v -0.1210387388 -0.1889908188 -0.01993363666
v -0.1210467268 -0.1890123436 -0.02051654508
v -0.1213124101 -0.1897252078 -0.02043811343
v -0.121551576 -0.1903667693 -0.01964972553
v -0.1216039832 -0.1905075121 -0.02020794956
v -0.1218251134 -0.1911006317 -0.01931282269
v -0.1218975064 -0.1912949987 -0.01984642834
v -0.1220852261 -0.1917985102 -0.0188737713
v -0.1221765322 -0.1920436537 -0.01937543733
v -0.1223140892 -0.19241249 -0.01836276726
v -0.122425104 -0.19271053 -0.01882040976
v -0.1197476472 -0.19017694 -0.01986132648
v -0.1195355251 -0.1895092297 -0.01993355347
v -0.1195424527 -0.1895311409 -0.02051646183
v -0.1197727907 -0.1902562104 -0.02043803035
v -0.1199801265 -0.1909087093 -0.01964964176
v -0.1200255684 -0.191051853 -0.02020786434
v -0.1202172725 -0.1916551334 -0.0193127369
v -0.1202800374 -0.1918528303 -0.01984634202
v -0.1204427963 -0.192364939 -0.01887368254
v -0.1205219669 -0.1926142649 -0.01937534896
v -0.1206412248 -0.1929894505 -0.01836267788
v -0.1207374857 -0.1932925714 -0.01882031956
v -0.1181875179 -0.1906307035 -0.01986124427
v -0.1180083906 -0.1899533669 -0.01993347405
v -0.1180142341 -0.1899755754 -0.02051638235
v -0.1182087493 -0.190711098 -0.02043794794
v -0.1183838247 -0.1913729602 -0.01964955767
v -0.1184221927 -0.1915181784 -0.02020777988
v -0.1185840714 -0.1921301346 -0.01931265196
v -0.1186370676 -0.1923306714 -0.01984625764
v -0.1187745068 -0.1928501452 -0.01887359897
v -0.1188413479 -0.1931030598 -0.01937526368
v -0.1189420629 -0.1934836144 -0.0183625927
v -0.1190233369 -0.1937911039 -0.01882023147
v -0.1166069472 -0.1910073312 -0.01986116612
v -0.1164612463 -0.1903220467 -0.01993339859
v -0.1164659983 -0.1903445378 -0.02051630684
v -0.116624212 -0.1910886717 -0.0204378696
v -0.1167666344 -0.1917583674 -0.0196494788
v -0.1167978269 -0.1919052889 -0.02020770066
v -0.1169295104 -0.1925244354 -0.01931257233
v -0.1169725977 -0.1927273372 -0.01984617752
v -0.1170844025 -0.1932529135 -0.01887351867
v -0.1171387572 -0.1935088079 -0.01937518171
v -0.1172206716 -0.1938938257 -0.01836251194
v -0.1172867625 -0.1942049264 -0.01882014784
v -0.1150098885 -0.1913060115 -0.01986109435
v -0.1148979927 -0.1906143835 -0.01993332729
v -0.114901637 -0.1906370679 -0.02051623549
v -0.1150231395 -0.1913881049 -0.02043779763
v -0.1151325367 -0.1920639549 -0.01964940427
v -0.1151564893 -0.192212223 -0.0202076258
v -0.1152576305 -0.1928370741 -0.01931249714
v -0.1152907202 -0.1930418353 -0.01984610081
v -0.1153765841 -0.1935722811 -0.0188734429
v -0.1154183248 -0.1938305312 -0.01937510537
v -0.1154812405 -0.1942191057 -0.0183624358
v -0.1155319973 -0.1945330894 -0.018820071
v -0.1134004207 -0.1915258415 -0.01986102594
v -0.1133226881 -0.190829609 -0.01993326034
v -0.1133252166 -0.1908524421 -0.02051616848
v -0.1134096256 -0.1916084945 -0.02043772906
v -0.1134856119 -0.1922889243 -0.01964933533
v -0.1135022605 -0.1924381969 -0.02020755655
v -0.1135725342 -0.1930672518 -0.01931242765
v -0.1135955308 -0.1932733968 -0.01984603089
v -0.1136552057 -0.1938074189 -0.01887337399
v -0.1136842203 -0.1940674151 -0.01937503592
v -0.1137279534 -0.194458595 -0.01836236766
v -0.1137632391 -0.1947746736 -0.01882000434
v -0.1117815879 -0.1916665579 -0.01986096315
v -0.1117380618 -0.1909673298 -0.01993319784
v -0.111739474 -0.1909902669 -0.02051610594
v -0.1117867439 -0.1917495619 -0.02043766611
v -0.1118293122 -0.1924328876 -0.0196492732
v -0.1118386297 -0.1925827926 -0.02020749306
v -0.1118779787 -0.193214532 -0.01931236507
v -0.1118908533 -0.1934215694 -0.01984596579
v -0.1119242775 -0.1939578571 -0.01887331211
v -0.1119405203 -0.1942189592 -0.01937497141
v -0.1119649991 -0.1946118215 -0.01836230771
v -0.1119847446 -0.1949292657 -0.01881994164
v -0.1101573013 -0.1917281096 -0.01986090506
v -0.1101479237 -0.1910277197 -0.01993313991
v -0.1101484945 -0.1910506976 -0.02051604799
v -0.1101594042 -0.1918112579 -0.02043760578
v -0.11016754 -0.1924956896 -0.01964921481
v -0.1101713399 -0.1926458753 -0.02020742702
v -0.1101779551 -0.1932786984 -0.01931230849
v -0.1101832043 -0.1934860889 -0.01984589722
v -0.1101878417 -0.1940233045 -0.01887325741
v -0.1101944558 -0.1942848454 -0.01937489932
v -0.1101964935 -0.1946784185 -0.01836225504
v -0.11020454 -0.1949963882 -0.01881986725
v -0.1415783155 0.1628073159 -0.01838535728
v -0.1415117217 0.1645755832 -0.01838545122
v -0.1418962266 0.1628153496 -0.0188430225
v -0.1418290922 0.1645953231 -0.0188431395
v -0.1409230629 0.1627986712 -0.0188962967
v -0.140857604 0.1645348535 -0.01889639296
v -0.1411845408 0.1628052788 -0.01939798086
v -0.1411186431 0.1645510823 -0.01939809472
v -0.1401783247 0.1627888309 -0.01933527624
v -0.1401141473 0.164488549 -0.01933537243
v -0.1403856344 0.1627940576 -0.0198688956
v -0.1403211039 0.164501401 -0.01986900502
v -0.1393951783 0.1627784798 -0.01967210733
v -0.1393323817 0.1644398421 -0.01967220545
v -0.1395452958 0.1627822566 -0.02023033934
v -0.1394822181 0.164449159 -0.02023044524
v -0.1386274879 0.1627682936 -0.01988372383
v -0.1385659269 0.1643921479 -0.01988382074
v -0.1387105661 0.162770373 -0.02046043362
v -0.1386488609 0.1643972804 -0.02046053285
v -0.1379269857 0.1627589947 -0.01995589138
v -0.1378666026 0.1643486187 -0.0199559873
v -0.1379499079 0.1627595419 -0.02053880167
v -0.137889484 0.1643499999 -0.02053889763
v -0.1413584833 0.1663383062 -0.01838554506
v -0.1416745031 0.1663735866 -0.01884323638
v -0.1407071689 0.1662655433 -0.01889648811
v -0.140967087 0.1662945586 -0.01939819276
v -0.1399668551 0.1661828882 -0.01933546757
v -0.140172934 0.1662058773 -0.01986910289
v -0.1391883908 0.1660959701 -0.01967229942
v -0.1393375952 0.1661125957 -0.02023054177
v -0.1384251986 0.1660107496 -0.01988391464
v -0.1385077814 0.1660199459 -0.02046062698
v -0.1377288546 0.1659330434 -0.01995608025
v -0.1377516318 0.1659355558 -0.02053899065
v 0.005065195637 0.1939907781 -0.01988075043
v -0.1050944355 0.1954311669 -0.01988459395
v -0.1051033757 0.1947307922 -0.01995674309
v 0.005056039813 0.193290436 -0.01995289958
v 0.005066302338 0.1940738688 -0.02045746128
v 0.005056359724 0.1933133459 -0.02053581045
v -0.1051033463 0.1947537058 -0.02053965397
v -0.1050943644 0.1955142711 -0.02046130483
v 0.005075225652 0.194758342 -0.01966915517
v -0.1050845985 0.1961987929 -0.01967299763
v 0.005077208524 0.1949084832 -0.02022738675
v -0.1050844706 0.1963489583 -0.02023122822
v 0.005085453257 0.1955413498 -0.01933234679
v -0.1050745344 0.1969818326 -0.01933618713
v 0.005088183493 0.1957487079 -0.01986596293
v -0.1050743594 0.1971892242 -0.01986980124
v 0.005095175459 0.1962859819 -0.01889338789
v -0.1050649457 0.1977265112 -0.01889722717
v 0.005098613061 0.1965475179 -0.01939506595
v -0.1050647192 0.1979880742 -0.01939890109
v 0.005103724776 0.1969411151 -0.01838246675
v -0.105056463 0.1983816751 -0.01838630497
v 0.005107899144 0.1972591093 -0.01884012732
v -0.1050561928 0.1986996905 -0.01884395716
v -0.1411189523 0.1680913618 -0.01838563855
v -0.1414328625 0.1681420982 -0.01884332649
v -0.1404720192 0.1679866905 -0.01889658192
v -0.1407301913 0.1680284245 -0.01939828622
v -0.1397366506 0.1678677531 -0.01933556144
v -0.1399413458 0.167900828 -0.01986919946
v -0.1389634099 0.167742634 -0.01967239218
v -0.1391116095 0.1677665785 -0.02023063388
v -0.1382053418 0.1676199861 -0.01988400633
v -0.1382873652 0.1676332136 -0.0204607189
v -0.1375136322 0.1675081097 -0.01995616999
v -0.1375362609 0.1675117229 -0.02053908045
v -0.1407936456 0.1698305541 -0.01838573252
v -0.1411046874 0.1698966472 -0.01884341812
v -0.1401526244 0.1696943075 -0.01889667415
v -0.1404084557 0.169748663 -0.01939837808
v -0.139423985 0.1695394092 -0.01933565275
v -0.1396268058 0.1695824888 -0.01986929025
v -0.138657795 0.169376545 -0.01967248246
v -0.1388046479 0.1694077443 -0.02023072457
v -0.1379066337 0.1692168954 -0.0198840935
v -0.1379879042 0.1692341367 -0.0204608063
v -0.1372212526 0.1690712137 -0.01995625636
v -0.1372436728 0.1690759568 -0.02053916689
v -0.1403833778 0.1715517063 -0.01838582036
v -0.1406908084 0.1716329824 -0.0188435089
v -0.1397497849 0.1713841575 -0.01889676244
v -0.1400026363 0.1714510069 -0.01939846491
v -0.1390296272 0.1711937682 -0.0193357402
v -0.139230098 0.171246757 -0.01986937611
v -0.1382723309 0.170993526 -0.01967256898
v -0.1384174807 0.1710318859 -0.02023081147
v -0.1375299348 0.1707972118 -0.01988417913
v -0.137610274 0.1708184348 -0.02046089213
v -0.136852531 0.1706181338 -0.01995633914
v -0.1368746838 0.1706239614 -0.02053924972
v -0.1398891717 0.1732506739 -0.01838590503
v -0.1401922338 0.1733469294 -0.01884359541
v -0.1392645516 0.1730522454 -0.01889684551
v -0.1395137994 0.1731314168 -0.01939854969
v -0.1385545989 0.1728267604 -0.01933582466
v -0.1387522148 0.1728895176 -0.01986946107
v -0.1378080527 0.1725896411 -0.01967265259
v -0.1379511281 0.1726350675 -0.02023089544
v -0.1370761288 0.1723571766 -0.01988426087
v -0.1371553289 0.1723823189 -0.02046097408
v -0.1364083216 0.1721450961 -0.0199564181
v -0.1364301621 0.1721520074 -0.02053932874
v -0.1393121546 0.174923314 -0.01838598526
v -0.1396101207 0.1750343307 -0.01884367531
v -0.1386980361 0.174694458 -0.01889692529
v -0.1389431016 0.1747857648 -0.01939863007
v -0.1380000407 0.174434362 -0.01933590164
v -0.1381943417 0.1745067476 -0.01986953854
v -0.1372660266 0.1741608362 -0.01967272776
v -0.137406701 0.1742132352 -0.0202309699
v -0.1365464463 0.1738927077 -0.01988433532
v -0.1366243144 0.1739217072 -0.02046104872
v -0.1358898845 0.1736480337 -0.01995649306
v -0.1359113534 0.1736560131 -0.02053940376
v -0.1386537494 0.1765656512 -0.01838606404
v -0.1389459226 0.1766911667 -0.01884375585
v -0.1380516001 0.1763069681 -0.01889700264
v -0.13829189 0.176410194 -0.01939870799
v -0.1373671771 0.1760129678 -0.01933597949
v -0.1375576885 0.1760947967 -0.01986961577
v -0.1366474735 0.1757037889 -0.0196728039
v -0.1367854206 0.1757630372 -0.02023104637
v -0.1359418968 0.1754006888 -0.01988440978
v -0.1360182401 0.1754334684 -0.02046112337
v -0.1352981208 0.1751241418 -0.01995656387
v -0.1353191735 0.1751331738 -0.02053947461
v -0.1379155727 0.1781737129 -0.01838613586
v -0.1382012269 0.1783134197 -0.01884382726
v -0.1373268306 0.1778857878 -0.01889707417
v -0.1375617671 0.1780006719 -0.019398779
v -0.1366576555 0.1775585311 -0.01933604844
v -0.1368439178 0.1776496183 -0.01986968514
v -0.1359539966 0.1772144221 -0.01967287231
v -0.1360888609 0.1772803511 -0.02023111508
v -0.135264158 0.1768770436 -0.01988447661
v -0.1353388136 0.1769135268 -0.02046119036
v -0.1346347248 0.1765692103 -0.01995663032
v -0.1346553024 0.1765792495 -0.02053954111
v -0.1370993446 0.1797436172 -0.01838620586
v -0.1373777987 0.1798971635 -0.01884389467
v -0.1365254309 0.1794271542 -0.01889714186
v -0.1367544511 0.1795534357 -0.01939884612
v -0.1358731321 0.179067467 -0.01933611469
v -0.1360547014 0.1791675833 -0.0198697518
v -0.1351871913 0.1786892396 -0.01967293707
v -0.1353186468 0.1787617109 -0.02023118012
v -0.1345147489 0.1783184242 -0.0198845399
v -0.1345875092 0.1783585337 -0.02046125382
v -0.1339011529 0.1779801289 -0.01995669227
v -0.1339212256 0.1779911748 -0.02053960311
v -0.1362070517 0.181271575 -0.01838626855
v -0.13647764 0.1814385946 -0.01884395899
v -0.1356493423 0.1809273521 -0.01889720339
v -0.135871884 0.1810647257 -0.01939890918
v -0.1350154876 0.180536149 -0.01933617598
v -0.1351919199 0.1806450502 -0.01986981239
v -0.1343489066 0.1801247488 -0.01967299697
v -0.1344766426 0.1802035944 -0.02023124029
v -0.1336954422 0.1797214707 -0.01988459845
v -0.1337661595 0.1797651003 -0.02046131251
v -0.1330991786 0.1793534781 -0.01995674958
v -0.1331186871 0.1793655002 -0.02053966046
v -0.1352408881 0.1827539192 -0.01838632698
v -0.1355029449 0.1829340307 -0.01884401794
v -0.1347007581 0.1823827591 -0.01889726076
v -0.1349162893 0.1825308751 -0.01939896591
v -0.1340868566 0.1819608647 -0.0193362332
v -0.1342577379 0.1820783069 -0.01986986782
v -0.1334413069 0.1815172523 -0.01967305185
v -0.1335650279 0.1816022745 -0.02023129436
v -0.1328084192 0.1810823373 -0.01988465315
v -0.132876901 0.1811293949 -0.02046136735
v -0.1322309219 0.1806855303 -0.01995680208
v -0.1322498071 0.1806984981 -0.020539713
v -0.134203091 0.1841870727 -0.01838637887
v -0.1344559965 0.184379821 -0.01884406816
v -0.1336818406 0.1837898419 -0.01889731169
v -0.1338898292 0.1839483654 -0.01939901615
v -0.1330893682 0.1833383633 -0.01933628303
v -0.1332542849 0.1834640579 -0.01986991689
v -0.1324663708 0.1828636017 -0.01967310054
v -0.1325857813 0.1829546031 -0.02023134326
v -0.1318555799 0.1823981724 -0.01988470071
v -0.1319216641 0.1824485219 -0.02046141503
v -0.1312983121 0.1819734943 -0.01995684968
v -0.1313165297 0.1819873623 -0.02053976062
v -0.1330962392 0.185567582 -0.01838642623
v -0.1333393733 0.1857725119 -0.01884411487
v -0.1325951076 0.1851452355 -0.01889735818
v -0.1327950819 0.185313773 -0.01939906406
v -0.132025541 0.1846652054 -0.01933632749
v -0.1321840802 0.1847988193 -0.01986996268
v -0.1314266008 0.184160447 -0.01967314503
v -0.1315413911 0.184257185 -0.02023138794
v -0.1308394129 0.1836655811 -0.01988474419
v -0.1309029518 0.1837191163 -0.02046145861
v -0.1303036725 0.1832140473 -0.01995689223
v -0.1303211931 0.1832288003 -0.02053980321
v -0.1319229688 0.1868921436 -0.01838646575
v -0.1321557569 0.1871087558 -0.01884415263
v -0.1314431644 0.1864457254 -0.01889739801
v -0.1316346228 0.1866238828 -0.01939910205
v -0.1308978292 0.1859383385 -0.01933636751
v -0.1310496223 0.1860795686 -0.01987000401
v -0.1303243762 0.1854047791 -0.01967318415
v -0.1304342807 0.1855070416 -0.02023142724
v -0.1297621606 0.1848817315 -0.01988478242
v -0.1298229921 0.1849383161 -0.02046149695
v -0.1292492147 0.1844044613 -0.01995692966
v -0.1292659792 0.1844200539 -0.02053984066
v -0.1306860943 0.1881575007 -0.01838650477
v -0.1309079768 0.1883852812 -0.0188441909
v -0.1302287946 0.1876881291 -0.01889743532
v -0.1304112809 0.1878754682 -0.01939913643
v -0.1297089863 0.1871545944 -0.01933640408
v -0.129853665 0.1873031231 -0.01987004079
v -0.1291623595 0.1865935481 -0.01967321887
v -0.1292671134 0.1867010783 -0.02023146211
v -0.1286265305 0.1860435742 -0.01988481639
v -0.1286845074 0.1861030722 -0.02046153099
v -0.128137571 0.1855417306 -0.01995696186
v -0.1281535501 0.1855581177 -0.02053987289
v -0.1293886646 0.1893606978 -0.01838653151
v -0.1295990974 0.1895990881 -0.01884421684
v -0.1289549138 0.1888694296 -0.01889746257
v -0.1291279869 0.1890654976 -0.01939916391
v -0.1284618968 0.1883110751 -0.01933643072
v -0.1285991085 0.1884665103 -0.0198700644
v -0.1279434489 0.1877239307 -0.01967324486
v -0.1280428022 0.187836472 -0.02023148717
v -0.1274352267 0.1871483131 -0.01988484174
v -0.1274902164 0.1872106034 -0.02046155642
v -0.1269714744 0.1866231192 -0.01995698876
v -0.1269866388 0.1866402706 -0.02053989981
v -0.1280336988 0.1904987791 -0.0183865576
v -0.1282321828 0.1907472064 -0.01884424314
v -0.1276245691 0.1899868205 -0.01889748716
v -0.1277878178 0.1901911501 -0.0193991876
v -0.1271595482 0.1894049584 -0.01933645482
v -0.1272889695 0.1895669531 -0.01987008757
v -0.1266705578 0.1887930887 -0.01967326844
v -0.1267642607 0.1889103696 -0.02023151084
v -0.1261911606 0.1881932442 -0.0198848648
v -0.1262430163 0.1882581611 -0.02046157847
v -0.1257537467 0.1876459518 -0.0199570103
v -0.1257680521 0.187663837 -0.02053992136
v -0.1266245558 0.1915690166 -0.0183865734
v -0.1268106069 0.1918268934 -0.0188442591
v -0.1262410591 0.1910376177 -0.0188975037
v -0.1263940877 0.1912496971 -0.01939920427
v -0.1258051938 0.1904336045 -0.01933647099
v -0.1259265172 0.1906017523 -0.01987010278
v -0.1253468491 0.1897984556 -0.01967328422
v -0.1254346966 0.1899202052 -0.0202315267
v -0.1248975107 0.1891757714 -0.0198848802
v -0.1249461302 0.1892431496 -0.02046159391
v -0.1244875067 0.1886076313 -0.01995702641
v -0.124500909 0.1886262051 -0.02053993748
v -0.1251645634 0.1925687864 -0.01838658951
v -0.1253377278 0.1928354808 -0.01884427425
v -0.1248075923 0.1920192106 -0.01889751853
v -0.1249500196 0.1922385579 -0.01939921813
v -0.1244018613 0.1913945493 -0.01933648451
v -0.1245147938 0.1915684589 -0.01987011531
v -0.1239752447 0.1907376853 -0.01967329748
v -0.1240570024 0.1908635875 -0.02023153894
v -0.1235569729 0.1900937243 -0.01988489215
v -0.123602224 0.190163413 -0.02046160588
v -0.1231753585 0.189506165 -0.01995703706
v -0.1231878435 0.1895253677 -0.02053994814
v -0.123657254 0.193495765 -0.0183865942
v -0.1238171378 0.1937706311 -0.01884428006
v -0.1233277004 0.1929293207 -0.01889752312
v -0.1234592059 0.1931553802 -0.01939922276
v -0.1229531423 0.1922855151 -0.01933648898
v -0.1230573915 0.1924647505 -0.01987012087
v -0.1225592614 0.1916084989 -0.01967330183
v -0.1226347545 0.1917382534 -0.02023154331
v -0.122173154 0.1909447807 -0.01988489637
v -0.1222149199 0.1910165996 -0.02046161012
v -0.1218208201 0.1903391999 -0.01995704224
v -0.1218323436 0.190359001 -0.02053995332
v -0.1221063081 0.1943477058 -0.01838659384
v -0.1222525175 0.1946300976 -0.01884427544
v -0.1218049288 0.1937657737 -0.01889752277
v -0.1219251765 0.1939980344 -0.01939922027
v -0.1214623876 0.1931043698 -0.01933648863
v -0.1215577356 0.1932885109 -0.01987012053
v -0.1211021897 0.1924088532 -0.01967330149
v -0.1211712134 0.1925421592 -0.02023154297
v -0.120749045 0.1917270125 -0.01988489604
v -0.1207872535 0.1918007818 -0.02046160979
v -0.1204268517 0.1911048669 -0.01995704191
v -0.1204373845 0.1911252064 -0.020539953
v -0.1205153747 0.1951224955 -0.01838658843
v -0.1206475459 0.1954117227 -0.01884426678
v -0.1202429408 0.1945265015 -0.01889751748
v -0.1203516402 0.1947643784 -0.01939921387
v -0.1199332525 0.1938491048 -0.01933648348
v -0.1200194294 0.194037701 -0.01987011533
v -0.1196076026 0.1931367382 -0.01967329647
v -0.1196699971 0.1932732809 -0.02023153793
v -0.1192883305 0.1924384114 -0.01988489116
v -0.1193228644 0.1925139805 -0.02046160489
v -0.1189970254 0.1918012308 -0.0199570361
v -0.1190065458 0.1918220638 -0.02053994717
v -0.1188883823 0.195818278 -0.01838657799
v -0.1190062041 0.1961136511 -0.0188442541
v -0.1186455311 0.1952096462 -0.0188975062
v -0.1187424288 0.1954525697 -0.0193992025
v -0.1183695095 0.194517832 -0.01933647246
v -0.1184463351 0.194710419 -0.01987010424
v -0.1180792718 0.1937903407 -0.01967328466
v -0.1181348923 0.1939297901 -0.02023152607
v -0.1177947374 0.1930771783 -0.01988487962
v -0.1178255173 0.1931543524 -0.02046159332
v -0.1175351284 0.1924264188 -0.0199570248
v -0.1175436073 0.1924477001 -0.02053993587
v -0.1172291748 0.1964334197 -0.01838655935
v -0.1173323663 0.1967342048 -0.01884423317
v -0.1170164535 0.1958136027 -0.0188974879
v -0.1171013188 0.1960609886 -0.01939918406
v -0.1167746647 0.1951091072 -0.01933645348
v -0.1168419512 0.1953052354 -0.01987008409
v -0.1165204115 0.1943683017 -0.01967326609
v -0.1165691213 0.1945102984 -0.02023150635
v -0.1162711366 0.1936420094 -0.01988486144
v -0.1162980978 0.193720594 -0.0204615751
v -0.1160437084 0.1929793465 -0.01995700804
v -0.1160511318 0.1930010015 -0.0205399191
v -0.1155417952 0.1969664533 -0.01838653788
v -0.1156301046 0.1972719467 -0.01884421042
v -0.1153597581 0.1963369337 -0.01889746581
v -0.1154323827 0.1965881832 -0.0193991618
v -0.1151528587 0.1956213898 -0.01933643296
v -0.1152104335 0.1958205802 -0.01987006343
v -0.1149352828 0.194868993 -0.01967324611
v -0.114976967 0.1950132078 -0.02023148627
v -0.1147219964 0.1941313686 -0.01988484093
v -0.1147450593 0.1942111988 -0.02046155453
v -0.1145273776 0.1934583156 -0.01995698588
v -0.114533731 0.1934803143 -0.02053989692
v -0.1138302777 0.1974159861 -0.01838651044
v -0.1139034839 0.1977254397 -0.0188441859
v -0.113679322 0.1967783041 -0.01889743893
v -0.1137395274 0.1970328187 -0.0193991347
v -0.1135077356 0.1960535056 -0.01933640352
v -0.1135554706 0.1962552944 -0.01987003382
v -0.1133273125 0.1952913418 -0.01967321627
v -0.1133618709 0.1954374454 -0.0202314563
v -0.1131504308 0.1945441641 -0.01988481174
v -0.1131695462 0.1946250157 -0.02046152527
v -0.1129890168 0.1938623953 -0.01995695835
v -0.1129942786 0.1938846777 -0.02053986937
v -0.1120987703 0.1977810589 -0.01838647712
v -0.1121567043 0.1980937255 -0.01884415332
v -0.1119793458 0.1971367106 -0.01889740521
v -0.1120269912 0.1973938775 -0.01939909964
v -0.1118436163 0.1964043784 -0.01933637056
v -0.1118813839 0.1966082723 -0.01986999958
v -0.1117009036 0.1956342432 -0.01967318303
v -0.1117282444 0.1957818618 -0.02023142291
v -0.1115610074 0.1948792634 -0.01988477928
v -0.1115761403 0.1949609571 -0.02046149273
v -0.1114333733 0.1941903808 -0.01995692554
v -0.1114375366 0.1942129022 -0.02053983654
v -0.1103514063 0.1980606975 -0.01838644118
v -0.1103939286 0.198375845 -0.01884411595
v -0.110263693 0.1974113097 -0.01889736791
v -0.1102986597 0.1976705015 -0.01939906204
v -0.1101639837 0.1966731895 -0.019336332
v -0.1101917011 0.1968786806 -0.01986996078
v -0.1100591201 0.195897022 -0.0196731454
v -0.1100791883 0.1960457973 -0.0202313851
v -0.1099563116 0.1951361043 -0.01988474148
v -0.1099674123 0.1952184456 -0.02046145483
v -0.1098625025 0.1944417925 -0.01995688749
v -0.1098655532 0.194464493 -0.02053979847
v -0.1085924559 0.1982542873 -0.01838639955
v -0.1086194725 0.1985711246 -0.01884407495
v -0.1085367322 0.1976013537 -0.01889732502
v -0.1085589389 0.1978619583 -0.01939901987
v -0.1084733999 0.1968592236 -0.01933628797
v -0.1084909989 0.1970658342 -0.01986991647
v -0.1084068009 0.1960788622 -0.01967310028
v -0.1084195488 0.1962284509 -0.02023133979
v -0.1083415336 0.1953138008 -0.01988469633
v -0.108348575 0.1953965957 -0.02046140956
v -0.1082819593 0.194615764 -0.01995684434
v -0.1082838908 0.194638584 -0.02053975529
v -0.1068261126 0.1983613613 -0.01838635233
v -0.1068375511 0.1986791573 -0.01884402513
v -0.1068025289 0.1977064934 -0.01889727665
v -0.1068119393 0.1979678695 -0.01939896791
v -0.1067757289 0.1969621586 -0.01933623858
v -0.106783186 0.1971693966 -0.01986986465
v -0.1067475712 0.1961794685 -0.019673051
v -0.1067529665 0.1963294975 -0.02023128921
v -0.1067199623 0.1954121277 -0.01988464712
v -0.106722947 0.1954951676 -0.02046135917
v -0.1066948027 0.1947119926 -0.01995679618
v -0.1066956155 0.1947348875 -0.02053970708
v 0.1466457348 -0.1619851644 -0.01835551563
v 0.1465791409 -0.1637534316 -0.01835539615
v 0.146963677 -0.1619932545 -0.01881315819
v 0.1468965426 -0.163773228 -0.01881306035
v 0.145990517 -0.1619765827 -0.01886650078
v 0.1459250581 -0.163712765 -0.01886638749
v 0.1462520291 -0.1619832521 -0.01936816629
v 0.1461861314 -0.1637290556 -0.01936806946
v 0.1452458087 -0.1619667965 -0.0193055323
v 0.1451816313 -0.1636665145 -0.01930542334
v 0.1454531548 -0.1619720889 -0.01983913688
v 0.1453886243 -0.1636794323 -0.01983904024
v 0.1444626853 -0.1619564868 -0.01964241805
v 0.1443998887 -0.1636178492 -0.01964231566
v 0.1446128408 -0.1619603325 -0.02020063935
v 0.1445497632 -0.1636272349 -0.02020054409
v 0.1436950093 -0.1619463268 -0.01985408813
v 0.1436334484 -0.1635701811 -0.01985398908
v 0.1437781418 -0.1619484775 -0.02043079093
v 0.1437164217 -0.1635753847 -0.02043069489
v 0.142994512 -0.1619370367 -0.01992630458
v 0.1429341289 -0.1635266607 -0.01992620867
v 0.143017474 -0.1619376558 -0.02050921323
v 0.1429570501 -0.1635281138 -0.02050911727
v 0.1464259025 -0.1655161547 -0.01835528315
v 0.1467419535 -0.1655514915 -0.01881294857
v 0.1457746229 -0.1654434548 -0.01886627957
v 0.1460345753 -0.1654725319 -0.01936796291
v 0.1450343391 -0.1653608537 -0.01930531968
v 0.1452404544 -0.1653839086 -0.01983893811
v 0.1442558978 -0.1652739772 -0.01964221531
v 0.1444051402 -0.1652906716 -0.02020044543
v 0.14349272 -0.1651887828 -0.01985389305
v 0.1435753422 -0.1651980501 -0.02043059863
v 0.1427963809 -0.1651110855 -0.01992611571
v 0.1428191979 -0.1651136698 -0.02050902424
v 2.325987518e-06 -0.1931687964 -0.01985706259
v 0.1101619568 -0.1946092149 -0.019853218
v 0.1101709023 -0.1939088193 -0.01992545287
v 1.148673502e-05 -0.1924684632 -0.01992929638
v 1.258610956e-06 -0.1932519582 -0.02043376327
v 1.120652429e-05 -0.1924914449 -0.02051220444
v 0.1101709126 -0.1939318048 -0.02050836092
v 0.1101619249 -0.1946923903 -0.02042991865
v -7.718458505e-06 -0.1939363342 -0.0196453734
v 0.1101521054 -0.1953767999 -0.01964152774
v -9.663266423e-06 -0.1940865441 -0.02020358661
v 0.1101520157 -0.1955270342 -0.02019973982
v -1.796903268e-05 -0.1947193005 -0.01930846921
v 0.1101420182 -0.1961598131 -0.01930462141
v -2.066288363e-05 -0.1949267244 -0.01984205997
v 0.1101418797 -0.1963672704 -0.01983820996
v -2.772116936e-05 -0.1954638785 -0.01886941918
v 0.1101323998 -0.1969044227 -0.01886557032
v -3.112456467e-05 -0.1957254763 -0.01937106524
v 0.1101322075 -0.1971660475 -0.019367212
v -3.630532712e-05 -0.1961189487 -0.01835841894
v 0.1101238821 -0.1975595384 -0.01835456794
v -4.044848991e-05 -0.1964369992 -0.01881603953
v 0.1101236431 -0.1978776103 -0.01881217988
v 0.1461863716 -0.1672692103 -0.01835517688
v 0.1465003129 -0.1673200031 -0.01881283717
v 0.1455394733 -0.167164602 -0.01886617725
v 0.1457976796 -0.1672063978 -0.0193678588
v 0.1448041346 -0.1670457187 -0.01930522156
v 0.1450088662 -0.1670788593 -0.01983884154
v 0.1440309169 -0.1669206411 -0.01964212042
v 0.1441791546 -0.1669446544 -0.02020034907
v 0.1432728632 -0.1667980192 -0.01985380137
v 0.143354926 -0.1668113178 -0.02043050671
v 0.1425811585 -0.1666861517 -0.01992602597
v 0.142603827 -0.1666898369 -0.02050893444
v 0.1487443657 -0.001500914587 -0.01836534041
v 0.149062359 -0.001505100974 -0.01882299278
v 0.1480891772 -0.001492377979 -0.01887632449
v 0.1483507463 -0.001495829202 -0.01937799446
v 0.1473444977 -0.001482666699 -0.01931535494
v 0.147551892 -0.001485411435 -0.01984896287
v 0.1465614178 -0.001472447008 -0.01965223855
v 0.1467115975 -0.001474445058 -0.02021046103
v 0.1457937699 -0.00146242146 -0.01986390756
v 0.1458769158 -0.001463544042 -0.02044060936
v 0.1450932559 -0.001453265291 -0.01993619532
v 0.1451162216 -0.001453601277 -0.02051910399
v 0.1458610648 -0.1690084026 -0.01835507865
v 0.1461721379 -0.1690745521 -0.01881273489
v 0.1452200785 -0.1688722189 -0.01886608076
v 0.145475944 -0.1689266363 -0.01936776055
v 0.144491469 -0.1687173747 -0.01930512812
v 0.1446943263 -0.1687605201 -0.01983874649
v 0.143725302 -0.1685545521 -0.01964203014
v 0.143872193 -0.1685858202 -0.02020025838
v 0.1429741551 -0.1683949286 -0.01985371206
v 0.143055465 -0.1684122409 -0.02043041719
v 0.1422887789 -0.1682492557 -0.0199259396
v 0.1423112389 -0.1682540707 -0.02050884801
v 0.145450797 -0.1707295548 -0.0183549823
v 0.1457582589 -0.1708108873 -0.01881263986
v 0.144817239 -0.1705620689 -0.01886598821
v 0.1450701246 -0.1706289802 -0.01936766521
v 0.1440971112 -0.1703717338 -0.01930503854
v 0.1442976184 -0.1704247884 -0.01983865424
v 0.1433398379 -0.170171533 -0.01964194362
v 0.1434850258 -0.1702099618 -0.02020017148
v 0.1425974562 -0.169975245 -0.01985362857
v 0.1426778348 -0.169996539 -0.02043033348
v 0.1419200574 -0.1697961759 -0.01992585683
v 0.1419422499 -0.1698020753 -0.02050876518
v 0.144956591 -0.1724285224 -0.01835489124
v 0.1452596842 -0.1725248343 -0.01881254909
v 0.1443320056 -0.1722301569 -0.01886589875
v 0.1445812877 -0.17230939 -0.01936757617
v 0.1436220829 -0.1720047259 -0.01930495408
v 0.1438197353 -0.172067549 -0.01983856928
v 0.1428755597 -0.1717676482 -0.01964186214
v 0.1430186731 -0.1718131434 -0.02020008963
v 0.1421436502 -0.1715352098 -0.01985354896
v 0.1422228896 -0.1715604232 -0.02043025366
v 0.1414758479 -0.1713231382 -0.01992577786
v 0.1414977282 -0.1713301213 -0.02050868615
v 0.1443795738 -0.1741011624 -0.01835480462
v 0.1446775712 -0.1742122356 -0.01881246067
v 0.1437654902 -0.1738723694 -0.01886581472
v 0.1440105899 -0.1739637381 -0.01936749153
v 0.1430675248 -0.1736123276 -0.01930487071
v 0.1432618621 -0.1736847789 -0.01983848543
v 0.1423335336 -0.1733388433 -0.01964178058
v 0.142474246 -0.1733913111 -0.02020000666
v 0.1416139678 -0.1730707409 -0.01985347024
v 0.1416918751 -0.1730998114 -0.02043017476
v 0.1409574108 -0.1728260757 -0.0199257029
v 0.1409789195 -0.172834127 -0.02050861114
v 0.1437211686 -0.1757434997 -0.01835472585
v 0.144013373 -0.1758690716 -0.01881238226
v 0.1431190542 -0.1754848796 -0.01886573737
v 0.1433593783 -0.1755881673 -0.01936741361
v 0.1424346611 -0.1751909334 -0.01930479712
v 0.1426252089 -0.175272828 -0.01983841032
v 0.1417149805 -0.174881796 -0.0196417087
v 0.1418529657 -0.1749411131 -0.02019993445
v 0.1410094183 -0.1745787219 -0.01985340004
v 0.1410858009 -0.1746115727 -0.02043010437
v 0.1403656471 -0.1743021839 -0.0199256321
v 0.1403867396 -0.1743112878 -0.02050854028
v 0.142982992 -0.1773515614 -0.01835464977
v 0.1432686773 -0.1774913246 -0.01881230447
v 0.1423942847 -0.1770636993 -0.0188656637
v 0.1426292554 -0.1771786452 -0.01936733835
v 0.1417251395 -0.1767364966 -0.01930472392
v 0.1419114383 -0.1768276497 -0.01983833669
v 0.1410215036 -0.1763924292 -0.01964163817
v 0.1411564059 -0.1764584269 -0.02019986361
v 0.1403316794 -0.1760550768 -0.01985333108
v 0.1404063743 -0.1760916311 -0.02043003525
v 0.1397022512 -0.1757472524 -0.01992556564
v 0.1397228685 -0.1757573635 -0.02050847379
v 0.1421667638 -0.1789214657 -0.0183545819
v 0.1424452492 -0.1790750684 -0.0188122328
v 0.141592885 -0.1786050656 -0.01886559602
v 0.1418219394 -0.178731409 -0.0193672691
v 0.1409406162 -0.1782454325 -0.01930465766
v 0.1411222218 -0.1783456147 -0.01983827004
v 0.1402546983 -0.1778672467 -0.01964157341
v 0.1403861919 -0.1779397868 -0.02019979856
v 0.1395822703 -0.1774964573 -0.01985326779
v 0.1396550699 -0.1775366379 -0.02042997179
v 0.1389686793 -0.1771581709 -0.01992550369
v 0.1389887917 -0.1771692887 -0.02050841179
v 0.141274471 -0.1804494234 -0.01835451708
v 0.1415450905 -0.1806164994 -0.01881216848
v 0.1407167964 -0.1801052635 -0.01886553236
v 0.1409393723 -0.180242699 -0.01936720604
v 0.1400829716 -0.1797141146 -0.01930459637
v 0.1402594403 -0.1798230816 -0.01983820732
v 0.1394164136 -0.1793027559 -0.01964151351
v 0.1395441876 -0.1793816703 -0.0201997384
v 0.1387629636 -0.1788995039 -0.01985320924
v 0.1388337202 -0.1789432046 -0.0204299131
v 0.138166705 -0.1785315201 -0.01992544638
v 0.1381862532 -0.1785436141 -0.02050835444
v 0.1403083073 -0.1819317676 -0.01835445865
v 0.1405703954 -0.1821119356 -0.01881210953
v 0.1397682122 -0.1815606706 -0.01886547499
v 0.1399837776 -0.1817088484 -0.01936714718
v 0.1391543407 -0.1811388303 -0.01930454128
v 0.1393252583 -0.1812563382 -0.01983814977
v 0.1385088139 -0.1806952594 -0.01964145862
v 0.1386325729 -0.1807803504 -0.0201996822
v 0.1378759406 -0.1802603704 -0.01985315667
v 0.1379444617 -0.1803074992 -0.02042986039
v 0.1372984483 -0.1798635724 -0.01992539388
v 0.1373173732 -0.179876612 -0.0205083019
v 0.1392705103 -0.1833649211 -0.01835440463
v 0.139523447 -0.1835577259 -0.01881205291
v 0.1387492947 -0.1829677533 -0.01886542193
v 0.1389573175 -0.1831263387 -0.01936709268
v 0.1381568522 -0.1825163288 -0.01930448932
v 0.1383218053 -0.1826420893 -0.01983809643
v 0.1375338778 -0.1820416088 -0.01964140781
v 0.1376533263 -0.182132679 -0.02019963117
v 0.1369231014 -0.1815762056 -0.01985310698
v 0.1369892249 -0.1816266262 -0.02042981058
v 0.1363658384 -0.1811515363 -0.01992534629
v 0.1363840958 -0.1811654762 -0.02050825427
v 0.1381636585 -0.1847454305 -0.01835435727
v 0.1384068238 -0.1849504168 -0.01881200408
v 0.1376625617 -0.184323147 -0.01886537544
v 0.1378625702 -0.1844917462 -0.01936704584
v 0.137093025 -0.183843171 -0.01930444274
v 0.1372516006 -0.1839768506 -0.01983805065
v 0.1364941078 -0.1833384541 -0.01964136332
v 0.1366089361 -0.1834352608 -0.02019958648
v 0.1359069343 -0.1828436143 -0.01985306351
v 0.1359705126 -0.1828972206 -0.020429767
v 0.1353711989 -0.1823920893 -0.01992530373
v 0.1353887592 -0.1824069143 -0.02050821169
v 0.1369903881 -0.186069992 -0.0183543135
v 0.1372232074 -0.1862866606 -0.0188119578
v 0.1365106185 -0.1856236369 -0.01886533349
v 0.1367021111 -0.1858018561 -0.01936700252
v 0.1359653132 -0.185116304 -0.01930440164
v 0.1361171427 -0.1852575999 -0.01983801038
v 0.1353918832 -0.1845827862 -0.01964132313
v 0.1355018258 -0.1846851175 -0.02019954612
v 0.134829682 -0.1840597647 -0.01985302421
v 0.1348905529 -0.1841164204 -0.0204297276
v 0.1343167411 -0.1835825033 -0.0199252663
v 0.1343335453 -0.1835981678 -0.02050817423
v 0.1357535136 -0.1873353491 -0.01835428086
v 0.1359754273 -0.187563186 -0.01881192379
v 0.1352962487 -0.1868660405 -0.01886530043
v 0.1354787692 -0.1870534415 -0.01936696708
v 0.1347764704 -0.1863325599 -0.0193043704
v 0.1349211856 -0.1864811395 -0.01983797893
v 0.1342298665 -0.1857715552 -0.0196412916
v 0.1343346585 -0.1858791542 -0.02019951444
v 0.1336940519 -0.1852216074 -0.01985299344
v 0.1337520681 -0.1852811764 -0.02042969675
v 0.1332050973 -0.1847197727 -0.0199252341
v 0.1332211162 -0.1847362316 -0.02050814201
v 0.1344560838 -0.1885385463 -0.01835424773
v 0.1346665479 -0.188776993 -0.01881188933
v 0.1340223679 -0.188047341 -0.01886526892
v 0.1341954752 -0.1882434709 -0.01936693428
v 0.1335293808 -0.1874890406 -0.0193043395
v 0.1336666289 -0.1876445416 -0.01983794466
v 0.1330109559 -0.1869019378 -0.01964126135
v 0.1331103473 -0.1870145479 -0.020199483
v 0.1325027481 -0.1863263463 -0.01985296382
v 0.1325577771 -0.1863887077 -0.02042966707
v 0.1320390007 -0.1858011613 -0.0199252072
v 0.1320542049 -0.1858183845 -0.02050811509
v 0.133101118 -0.1896766275 -0.0183542259
v 0.1332996332 -0.1899251113 -0.01881186836
v 0.1326920232 -0.1891647319 -0.01886524646
v 0.1328553061 -0.1893691234 -0.01936691165
v 0.1322270322 -0.188582924 -0.01930431753
v 0.1323564899 -0.1887449844 -0.01983792149
v 0.1317380647 -0.1879710958 -0.01964123991
v 0.1318318058 -0.1880884455 -0.0201994604
v 0.1312586821 -0.1873712774 -0.01985294289
v 0.131310577 -0.1874362654 -0.02042964501
v 0.1308212731 -0.1868239938 -0.01992518567
v 0.1308356182 -0.1868419509 -0.02050809354
v 0.1316919751 -0.1907468651 -0.01835420584
v 0.1318780573 -0.1910047983 -0.01881184601
v 0.1313084985 -0.1902155141 -0.01886522779
v 0.1314615613 -0.1904276552 -0.01936689285
v 0.130872648 -0.1896115697 -0.01930429924
v 0.1309940078 -0.1897797832 -0.01983790309
v 0.1304143112 -0.188976477 -0.019641222
v 0.1305021968 -0.1890982954 -0.02019944348
v 0.1299649724 -0.1883538187 -0.01985292537
v 0.1300136311 -0.1884212679 -0.02042962745
v 0.1295549729 -0.1877857172 -0.01992516955
v 0.1295684151 -0.1878043481 -0.02050807742
v 0.1302319968 -0.1917466946 -0.01835419718
v 0.1304052073 -0.1920134456 -0.01881183298
v 0.1298750758 -0.1911971523 -0.01886521828
v 0.1300175374 -0.1914165613 -0.01936688218
v 0.1294693597 -0.1905725598 -0.01930429103
v 0.1295823286 -0.1907465352 -0.01983789375
v 0.129042766 -0.1899157373 -0.01964121299
v 0.1291245618 -0.1900417083 -0.02019943442
v 0.1286245086 -0.1892718024 -0.01985291661
v 0.1286697992 -0.1893415473 -0.02042961866
v 0.1282428847 -0.188684222 -0.0199251589
v 0.1282554094 -0.1887034965 -0.02050806675
v 0.1287246878 -0.1926736435 -0.01835419142
v 0.1288846026 -0.1929485809 -0.01881182718
v 0.1283951692 -0.1921072472 -0.01886521263
v 0.1285266938 -0.1923333832 -0.01936687436
v 0.1280206708 -0.1914634961 -0.01930428444
v 0.1281249564 -0.1916427973 -0.01983788713
v 0.1276268131 -0.1907865066 -0.01964120758
v 0.1277023293 -0.1909163297 -0.02019942792
v 0.1272407351 -0.1901228147 -0.01985291026
v 0.1272825403 -0.1901947046 -0.0204296123
v 0.1268884214 -0.1895172131 -0.01992515373
v 0.1268999845 -0.189537086 -0.02050806158
v 0.1271737274 -0.1935255542 -0.01835419178
v 0.1273199679 -0.1938080024 -0.01881182754
v 0.1268723829 -0.1929436852 -0.01886521298
v 0.1269926648 -0.1931760077 -0.01936687365
v 0.1265298717 -0.1922823353 -0.01930428372
v 0.1266252412 -0.1924665421 -0.01983788641
v 0.1261696967 -0.1915868602 -0.01964120686
v 0.1262387585 -0.1917202351 -0.0201994272
v 0.1258165664 -0.1909050457 -0.01985290953
v 0.1258548143 -0.190978886 -0.02042961157
v 0.1254943781 -0.190282909 -0.01992515405
v 0.1255049357 -0.1903033201 -0.0205080619
v 0.1255827939 -0.1943003439 -0.01835419932
v 0.1257149964 -0.1945896276 -0.01881183407
v 0.1253103949 -0.193704413 -0.0188652204
v 0.1254191285 -0.1939423517 -0.01936688005
v 0.1250007216 -0.1930270701 -0.019304291
v 0.1250869349 -0.1932157321 -0.01983789373
v 0.1246750796 -0.1923147598 -0.019641214
v 0.1247375122 -0.1924513713 -0.02019943437
v 0.1243558143 -0.1916164739 -0.01985291653
v 0.1243903875 -0.1916921141 -0.02042961859
v 0.1240645066 -0.1909793021 -0.01992515987
v 0.1240740668 -0.1910002069 -0.02050806772
v 0.123955787 -0.1949960965 -0.01835421403
v 0.1240736401 -0.195291526 -0.01881184888
v 0.1237129632 -0.1943875276 -0.01886523381
v 0.1238098951 -0.1946305129 -0.01936689249
v 0.1234369639 -0.1936957823 -0.01930430415
v 0.123513826 -0.1938884351 -0.01983790589
v 0.1231467341 -0.1929683472 -0.01964122581
v 0.1232023927 -0.1931078654 -0.02019944517
v 0.1228621993 -0.1922552107 -0.01985292807
v 0.1228930184 -0.1923324559 -0.02042963016
v 0.1226025873 -0.1916044898 -0.01992517116
v 0.1226111059 -0.191625843 -0.02050807903
v 0.1222965868 -0.1956112531 -0.01835423267
v 0.1223998095 -0.1959120947 -0.01881186875
v 0.1220838929 -0.1949914991 -0.01886525211
v 0.1221687924 -0.1952389468 -0.01936691199
v 0.1218421414 -0.1942870577 -0.01930432101
v 0.1219094643 -0.1944832518 -0.01983792179
v 0.1215879187 -0.1935462939 -0.01964124226
v 0.1216366666 -0.1936883594 -0.02019946169
v 0.1213386582 -0.1928200276 -0.01985294413
v 0.1213656586 -0.1928986983 -0.02042964626
v 0.1211112495 -0.1921574036 -0.01992518792
v 0.1211187126 -0.1921791305 -0.02050809579
v 0.1206092146 -0.1961442868 -0.01835426052
v 0.120697548 -0.1964498216 -0.01881189576
v 0.12042722 -0.1955148155 -0.01886527845
v 0.1204998788 -0.1957661268 -0.01936693958
v 0.1202203578 -0.1947993407 -0.0193043479
v 0.120277969 -0.1949985968 -0.01983794883
v 0.12000282 -0.1940469707 -0.01964126862
v 0.1200445422 -0.1941912542 -0.02019948816
v 0.1197895629 -0.1933093726 -0.0198529689
v 0.1198126651 -0.1933892739 -0.02042967108
v 0.1195949712 -0.1926363437 -0.01992521008
v 0.1196013641 -0.1926584291 -0.02050811797
v 0.1188976897 -0.1965938195 -0.01835429435
v 0.1189709271 -0.1969033296 -0.01881192773
v 0.118746799 -0.1959561711 -0.01886531172
v 0.1188070387 -0.1962107476 -0.01936697094
v 0.1185752945 -0.1952314423 -0.01930437734
v 0.1186230659 -0.1954332969 -0.01983797844
v 0.1183949469 -0.1944692909 -0.01964129633
v 0.1184295434 -0.1946154633 -0.020199516
v 0.1182181467 -0.1937221402 -0.01985299595
v 0.1182373014 -0.1938030629 -0.02042969821
v 0.1180568123 -0.1930403663 -0.01992523761
v 0.1180621139 -0.1930627206 -0.02050814552
v 0.1171661749 -0.1969588922 -0.01835433406
v 0.1172241475 -0.1972716153 -0.0188119667
v 0.1170467476 -0.1963146363 -0.0188653497
v 0.1170944271 -0.196571865 -0.01936700919
v 0.1169109884 -0.1955823574 -0.01930441351
v 0.1169487998 -0.1957863171 -0.01983801481
v 0.1167682238 -0.1948122925 -0.01964133064
v 0.1167956101 -0.1949599801 -0.02019955046
v 0.1166282452 -0.1940573376 -0.01985302842
v 0.1166434173 -0.1941391023 -0.02042973076
v 0.1165005189 -0.1933684775 -0.01992527043
v 0.1165047218 -0.1933910857 -0.02050817836
v 0.1154188327 -0.1972385759 -0.01835437957
v 0.1154613936 -0.1975537799 -0.01881201152
v 0.1153311618 -0.1965892362 -0.01886539338
v 0.1153661702 -0.1968484899 -0.01936705317
v 0.1152315048 -0.1958511704 -0.01930445525
v 0.1152592661 -0.1960567274 -0.0198380568
v 0.1151266865 -0.1950750447 -0.0196413704
v 0.1151467927 -0.1952238889 -0.02019959039
v 0.1150239223 -0.1943141535 -0.01985306834
v 0.1150350623 -0.1943965659 -0.02042977078
v 0.114930148 -0.1936198361 -0.01992530847
v 0.1149332385 -0.1936426085 -0.02050821643
v 0.11365989 -0.1974321359 -0.01835443398
v 0.1136869304 -0.1977490295 -0.01881206742
v 0.1136042308 -0.1967792806 -0.01886544479
v 0.1136264717 -0.197039947 -0.01936710493
v 0.1135409732 -0.1960372052 -0.01930450353
v 0.1135586085 -0.1962438816 -0.01983810536
v 0.1134744569 -0.1952568712 -0.01964141657
v 0.1134872354 -0.1954065286 -0.02019963676
v 0.1134092638 -0.1944918218 -0.01985311243
v 0.1134163445 -0.1945746878 -0.02042981497
v 0.1133497689 -0.1937937948 -0.01992535161
v 0.1133517401 -0.1938166868 -0.0205082596
v 0.1118935244 -0.1975392097 -0.01835449717
v 0.1119049941 -0.1978570621 -0.01881213001
v 0.1118699458 -0.1968844044 -0.01886550381
v 0.1118793903 -0.1971458423 -0.01936716221
v 0.1118431384 -0.1961401232 -0.01930455932
v 0.1118506319 -0.196347427 -0.01983815932
v 0.1118149441 -0.1953574738 -0.01964147013
v 0.1118203775 -0.1955075716 -0.02019968841
v 0.11178729 -0.1945901584 -0.01985316271
v 0.111790314 -0.1946732693 -0.02042986539
v 0.1117620683 -0.1938900313 -0.0199253998
v 0.1117629209 -0.193912998 -0.02050830782
v 0.1478922921 0.159021487 -0.01987372699
v 0.147873215 0.1606463958 -0.01987382673
v 0.1471729966 0.1606211683 -0.01994604211
v 0.1471917913 0.1590305089 -0.01994594343
v 0.1479754514 0.1590213925 -0.02045042992
v 0.1472147606 0.159030456 -0.02052885212
v 0.147195947 0.1606219502 -0.02052895084
v 0.1479562952 0.1606493573 -0.02045053304
v 0.1486599715 0.1590115952 -0.01966205693
v 0.1486406401 0.1606740315 -0.01966215792
v 0.1488101754 0.1590114447 -0.02022027846
v 0.1487907079 0.1606794265 -0.02022038725
v 0.1494430973 0.1590014643 -0.0193251712
v 0.1494233885 0.1607022793 -0.01932527031
v 0.14965051 0.1590012676 -0.01985877609
v 0.1496306477 0.1607097146 -0.01985888845
v 0.1501878076 0.1589918271 -0.01888613969
v 0.1501677712 0.1607291274 -0.01888623893
v 0.1504494038 0.1589915944 -0.01938780559
v 0.1504291804 0.1607385242 -0.0193879214
v 0.1508430265 0.1589833348 -0.01837515454
v 0.1508226946 0.1607527388 -0.01837525151
v 0.1511610708 0.1589830522 -0.01883279757
v 0.1511405047 0.1607641725 -0.01883291763
v 0.1477748604 0.162268124 -0.01987393003
v 0.1470767275 0.1622086533 -0.01994614323
v 0.1470996034 0.1622105687 -0.02052905204
v 0.1478576957 0.162275157 -0.0204506366
v 0.1485400053 0.1623333584 -0.01966226255
v 0.1486896323 0.1623460763 -0.02022049448
v 0.1493204527 0.1623998907 -0.01932537631
v 0.1495270996 0.1624174826 -0.01985899723
v 0.1500626441 0.1624631592 -0.01888634406
v 0.1503232671 0.1624853674 -0.01938803054
v 0.1507156029 0.1625188662 -0.0183753555
v 0.1510324691 0.1625458703 -0.01883302474
v 0.1475971594 0.1638825593 -0.01987403452
v 0.1469027659 0.1637888089 -0.01994624655
v 0.146925522 0.1637918287 -0.02052915543
v 0.1476795409 0.1638936368 -0.02045074136
v 0.1483581607 0.1639853424 -0.01966236737
v 0.1485069747 0.1640054028 -0.02022059871
v 0.1491343852 0.1640901992 -0.01932548257
v 0.1493399126 0.1641179096 -0.01985910628
v 0.1498725819 0.1641898669 -0.01888645164
v 0.1501317921 0.1642248351 -0.01938813789
v 0.1505219952 0.1642775859 -0.01837546304
v 0.1508371567 0.1643200959 -0.01883312903
v 0.1473403117 0.1654867336 -0.01987414108
v 0.1466513605 0.1653590239 -0.01994635189
v 0.1466739378 0.1653631786 -0.02052926085
v 0.1474220456 0.1655018432 -0.02045084819
v 0.1480953762 0.1656266864 -0.01966247749
v 0.1482430337 0.1656540343 -0.02022071038
v 0.1488655394 0.1657694597 -0.01932559417
v 0.1490694547 0.1658072204 -0.01985921855
v 0.1495979495 0.1659052519 -0.01888656459
v 0.1498551498 0.1659528985 -0.01938825063
v 0.1502422787 0.1660246901 -0.01837557812
v 0.1505549743 0.1660826265 -0.01883324196
v 0.147005066 0.1670763601 -0.01987425155
v 0.1463232162 0.166915057 -0.01994645898
v 0.1463455544 0.1669203027 -0.02052936801
v 0.147085973 0.1670954744 -0.02045095893
v 0.147752327 0.167253194 -0.01966258943
v 0.1478984693 0.1672877447 -0.02022082175
v 0.148514577 0.1674335652 -0.01932570763
v 0.1487164022 0.1674812932 -0.0198593295
v 0.1492394365 0.167605058 -0.01888667945
v 0.1494939845 0.1676652723 -0.01938836528
v 0.1498771583 0.167755982 -0.01837569301
v 0.1501866411 0.1678291907 -0.01883336109
v 0.1465922074 0.1686476582 -0.01987436352
v 0.1459190878 0.1684531129 -0.01994656755
v 0.1459411423 0.1684594502 -0.02052947666
v 0.1466720781 0.1686707203 -0.02045107118
v 0.1473299451 0.168860904 -0.01966270398
v 0.1474741984 0.168902573 -0.0202209368
v 0.1480824131 0.1690784207 -0.01932582374
v 0.1482816397 0.1691359885 -0.0198594463
v 0.1487979886 0.1692852642 -0.01888679485
v 0.1490492565 0.1693578903 -0.01938848157
v 0.1494275483 0.1694672918 -0.01837581062
v 0.1497330557 0.1695555891 -0.01883348082
v 0.1461028594 0.1701965151 -0.01987447353
v 0.145440129 0.1699690934 -0.01994667731
v 0.1454618399 0.1699765081 -0.02052958649
v 0.1461814994 0.1702234679 -0.02045118148
v 0.1468291903 0.1704457354 -0.01966281553
v 0.1469712257 0.1704944375 -0.0202210478
v 0.1475700824 0.170699974 -0.01932593794
v 0.147766247 0.1707672535 -0.01985956122
v 0.1482746098 0.1709417293 -0.01888691266
v 0.1485220142 0.171026596 -0.01938860025
v 0.1488944671 0.1711544486 -0.01837592958
v 0.1491952663 0.1712576353 -0.0188335998
v 0.1455379495 0.1717197891 -0.0198745888
v 0.1448871671 0.171460171 -0.01994678805
v 0.1449084895 0.1714686489 -0.02052969732
v 0.1456151641 0.1717505607 -0.02045129703
v 0.1462511961 0.1720043354 -0.01966293342
v 0.1463906842 0.1720599557 -0.0202211662
v 0.1469787149 0.172294589 -0.01932605851
v 0.1471713381 0.1723714076 -0.01985968142
v 0.1476705611 0.1725705919 -0.01888703364
v 0.1479135031 0.1726674986 -0.01938872213
v 0.1482792332 0.1728134411 -0.01837605279
v 0.1485746206 0.1729312732 -0.0188337241
v 0.1448990483 0.1732133616 -0.01987470156
v 0.1442617857 0.1729220929 -0.01994689947
v 0.1442826595 0.17293159 -0.02052980881
v 0.1449746726 0.1732478796 -0.02045141008
v 0.1455974584 0.173532586 -0.01966304882
v 0.1457340396 0.1735949653 -0.02022128212
v 0.1463098514 0.1738581774 -0.01932617555
v 0.1464984693 0.1739443623 -0.01985979917
v 0.1469873247 0.1741678241 -0.0188871543
v 0.14722522 0.1742765249 -0.01938884369
v 0.1475833589 0.1744402559 -0.01837617571
v 0.1478726006 0.1745724448 -0.01883384599
v 0.1441875867 0.1746738459 -0.01987481476
v 0.1435653594 0.1743517114 -0.01994701132
v 0.1435857547 0.1743622282 -0.02052992074
v 0.1442614112 0.1747120385 -0.02045152356
v 0.144869481 0.1750269508 -0.01966316467
v 0.1450028257 0.1750959593 -0.02022139849
v 0.1455650542 0.1753871121 -0.0193262941
v 0.1457492167 0.1754824458 -0.01985991844
v 0.146226505 0.1757296195 -0.01888727542
v 0.1464587841 0.1758498686 -0.01938896465
v 0.146808462 0.1760309672 -0.0183762991
v 0.147090868 0.1761771792 -0.01883396728
v 0.1434052491 0.1760978371 -0.01987493026
v 0.1427995716 0.1757455622 -0.01994712332
v 0.1428194285 0.1757570695 -0.02053003283
v 0.1434771233 0.176139602 -0.02045163934
v 0.1440690207 0.1764838898 -0.01966328281
v 0.1441988138 0.1765593676 -0.02022151609
v 0.1447461082 0.1768777189 -0.01932641495
v 0.1449253651 0.1769819688 -0.01986003894
v 0.1453899453 0.1772522136 -0.01888739778
v 0.1456160381 0.1773837205 -0.01938908685
v 0.1459564295 0.1775817355 -0.01837642372
v 0.1462313249 0.1777416367 -0.01883409299
v 0.1425541153 0.1774814334 -0.01987504561
v 0.1419664443 0.1770998634 -0.01994723519
v 0.1419857028 0.1771123323 -0.02053014477
v 0.1426238445 0.1775266837 -0.02045175498
v 0.1431981446 0.1778996503 -0.01966339975
v 0.1433240855 0.1779814077 -0.02022163355
v 0.1438550503 0.1783262306 -0.01932653566
v 0.1440289814 0.1784391637 -0.01986015931
v 0.1444797435 0.1787319279 -0.01888752
v 0.1446991091 0.1788743567 -0.01938920997
v 0.1450293587 0.1790888374 -0.0183765482
v 0.1452960677 0.1792620343 -0.01883421964
v 0.1416360102 0.1788217348 -0.01987515738
v 0.1410678329 0.1784117741 -0.01994734667
v 0.1410864476 0.1784251605 -0.02053025633
v 0.1417034287 0.1788703386 -0.02045186703
v 0.1422587481 0.1792710333 -0.01966351417
v 0.1423805364 0.1793588806 -0.02022174847
v 0.1428939238 0.1797293418 -0.0193266517
v 0.1430621081 0.1798506805 -0.019860275
v 0.1434979689 0.1801651736 -0.01888763967
v 0.1437100666 0.1803182037 -0.01938932948
v 0.1440293928 0.1805486387 -0.01837666906
v 0.1442872839 0.1807347073 -0.01883434053
v 0.1406533327 0.1801152824 -0.01987527166
v 0.1401059732 0.1796779121 -0.01994745749
v 0.1401239143 0.1796922015 -0.02053036723
v 0.1407182901 0.1801671372 -0.0204519816
v 0.1412532456 0.1805946246 -0.01966363108
v 0.1413705652 0.1806883272 -0.0202218659
v 0.1418651566 0.1810835488 -0.01932677236
v 0.1420271878 0.1812129854 -0.0198603953
v 0.1424470503 0.1815485212 -0.01888776181
v 0.1426513983 0.1817117714 -0.01938945145
v 0.142959019 0.1819576195 -0.01837679451
v 0.1432074607 0.1821561211 -0.01883446494
v 0.1396082505 0.1813591865 -0.01987538394
v 0.1390830047 0.1808954926 -0.0199475674
v 0.1391002118 0.180910641 -0.02053047722
v 0.1396705811 0.1814141605 -0.02045209417
v 0.1401839364 0.1818673537 -0.01966374597
v 0.1402965164 0.1819667068 -0.0202219813
v 0.1407711221 0.1823857355 -0.01932688884
v 0.1409265938 0.1825229624 -0.01986051461
v 0.1413295081 0.1828786891 -0.01888788082
v 0.1415255947 0.1830517786 -0.01938957028
v 0.1418207864 0.1833124084 -0.01837691468
v 0.1420591911 0.1835228589 -0.01883458406
v 0.1385033902 0.182550328 -0.01987549608
v 0.13800148 0.1820614419 -0.01994767613
v 0.1380179229 0.182077405 -0.02053058602
v 0.1385629434 0.1826082889 -0.02045220658
v 0.1390534027 0.1830861024 -0.01966386068
v 0.1391609716 0.183190856 -0.02022209651
v 0.1396144902 0.183632663 -0.01932700724
v 0.1397630406 0.1837773572 -0.01986063371
v 0.1401480417 0.184152423 -0.01888800172
v 0.1403353994 0.1843349257 -0.01938968993
v 0.1406174232 0.1846096764 -0.01837703884
v 0.1408452181 0.1848315765 -0.01883470929
v 0.1373413821 0.183685841 -0.01987560354
v 0.1368640599 0.1831729535 -0.0199477834
v 0.1368797083 0.1831897019 -0.02053069337
v 0.1373980221 0.1837466715 -0.02045231432
v 0.1378644678 0.1842479722 -0.01966397068
v 0.137966769 0.1843578765 -0.02022220595
v 0.1383980685 0.184821359 -0.01932711984
v 0.138539335 0.1849731525 -0.0198607438
v 0.1389054869 0.1853666308 -0.01888811678
v 0.1390836629 0.1855581056 -0.01938980586
v 0.1393519001 0.1858463892 -0.018377155
v 0.1395685267 0.1860791949 -0.0188348265
v 0.1361250658 0.1847629464 -0.01987571245
v 0.1356734951 0.1842272792 -0.01994788896
v 0.135688304 0.1842447837 -0.020530799
v 0.1361786415 0.1848264846 -0.02045242243
v 0.1366199698 0.18535005 -0.01966408209
v 0.1367167466 0.18546484 -0.02022231784
v 0.1371247696 0.185948924 -0.01932723379
v 0.13725842 0.1861074785 -0.01986085737
v 0.1376048163 0.1865184274 -0.01888823316
v 0.1377733872 0.1867184178 -0.01938992203
v 0.1380271578 0.1870195129 -0.01837727459
v 0.1382321021 0.1872626646 -0.01883494712
v 0.1348575508 0.1857789658 -0.01987581827
v 0.1344328355 0.1852217413 -0.01994799254
v 0.1344467594 0.1852399429 -0.02053090265
v 0.1349079558 0.185845049 -0.02045252852
v 0.1353230036 0.1863896874 -0.01966419037
v 0.1354140437 0.1865090976 -0.02022242661
v 0.1357977769 0.1870126339 -0.01932734458
v 0.135923493 0.1871775512 -0.01986096776
v 0.1362492571 0.1876050433 -0.01888834634
v 0.1364078142 0.1878130481 -0.01939003604
v 0.1366464828 0.1881262328 -0.01837738986
v 0.1368392455 0.1883791558 -0.01883506235
v 0.1335414754 0.1867316592 -0.01987592184
v 0.1331446322 0.1861542797 -0.01994809392
v 0.1331576557 0.1861731488 -0.02053100411
v 0.1335885735 0.1868001402 -0.02045263236
v 0.1339764286 0.1873644626 -0.01966429741
v 0.1340614895 0.1874881832 -0.02022253305
v 0.1344200525 0.1880099465 -0.01932745407
v 0.1345375312 0.188180843 -0.0198610779
v 0.1348419486 0.188623785 -0.01888845922
v 0.1349900981 0.1888393323 -0.01939014868
v 0.1352131331 0.1891638386 -0.01837750479
v 0.1353932441 0.1894259132 -0.01883517721
v 0.1321803844 0.1876186106 -0.01987602184
v 0.1318123404 0.1870224501 -0.01994819284
v 0.1318244183 0.1870419426 -0.0205311031
v 0.1322240542 0.1876893122 -0.0204527326
v 0.1325837008 0.1882720056 -0.01966439975
v 0.1326626 0.1883997411 -0.02022263585
v 0.132995127 0.1889384907 -0.0193275588
v 0.1331040648 0.1891149383 -0.01986118326
v 0.1333863616 0.1895722821 -0.01888856623
v 0.1335237685 0.189794825 -0.01939025648
v 0.1337305791 0.1901299156 -0.0183776138
v 0.1338976278 0.1904005064 -0.01883528719
v 0.1307772172 0.1884378146 -0.01987612015
v 0.1304388704 0.1878243068 -0.01994828907
v 0.1304499722 0.1878443634 -0.0205311994
v 0.1308173819 0.188510559 -0.02045283116
v 0.1311480562 0.1891101877 -0.01966450034
v 0.1312205811 0.1892416428 -0.02022273689
v 0.1315262948 0.1897960478 -0.01932766172
v 0.1316264626 0.1899776322 -0.01986128679
v 0.1318859835 0.1904482687 -0.01888867136
v 0.1320122986 0.1906773051 -0.01939036132
v 0.1322024413 0.1910221214 -0.01837772087
v 0.132356017 0.1913005929 -0.01883539202
v 0.1293355681 0.1891871974 -0.01987621654
v 0.1290276982 0.1885578522 -0.01994838238
v 0.1290378008 0.1885784285 -0.02053129277
v 0.1293721065 0.1892618371 -0.02045292779
v 0.1296729843 0.1898769218 -0.01966459894
v 0.129738967 0.1900117856 -0.02022283592
v 0.1300171421 0.1905805144 -0.01932776257
v 0.1301082584 0.1907667922 -0.01986138824
v 0.1303444223 0.1912495815 -0.01888877435
v 0.1304593399 0.1914845342 -0.01939046294
v 0.1306323122 0.1918382482 -0.01837782576
v 0.1307720334 0.1921239199 -0.01883549462
v 0.1278591072 0.1898648035 -0.01987630863
v 0.1275825381 0.1892210854 -0.01994847252
v 0.1275916113 0.1892421372 -0.02053138297
v 0.1278919348 0.1899411459 -0.02045302011
v 0.1281622153 0.1905702664 -0.01966469316
v 0.1282215023 0.1907082132 -0.0202229295
v 0.1284713834 0.1912899045 -0.01932786005
v 0.128553256 0.1914804162 -0.01986148523
v 0.1287653926 0.1919742495 -0.0188888739
v 0.1288686446 0.1922145556 -0.01939056215
v 0.1290240552 0.1925763081 -0.01837792819
v 0.1291495851 0.1928684989 -0.01883559794
v 0.1263510938 0.1904691597 -0.01987639621
v 0.1261064947 0.1898126694 -0.01994855929
v 0.1261145225 0.1898341224 -0.0205314698
v 0.1263801412 0.1905470268 -0.02045310792
v 0.126619194 0.1911887012 -0.01966478281
v 0.1266716392 0.1913293751 -0.02022301954
v 0.1268926638 0.1919226206 -0.01932795179
v 0.1269650932 0.1921169218 -0.01986157752
v 0.1271527098 0.1926205834 -0.0188889687
v 0.1272440501 0.1928656651 -0.01939065872
v 0.1273815157 0.1932346266 -0.01837802475
v 0.1274925691 0.19353261 -0.01883569535
v 0.1248150424 0.1909989383 -0.01987648335
v 0.1246028809 0.1903312495 -0.0199486425
v 0.1246098482 0.1903530888 -0.02053155308
v 0.1248402252 0.1910781376 -0.02045319527
v 0.1250475445 0.1917307332 -0.01966487298
v 0.1250930245 0.1918738081 -0.0202231101
v 0.1252847121 0.1924771833 -0.01932804397
v 0.1253475131 0.1926747995 -0.01986167024
v 0.1255102359 0.1931870576 -0.01888906173
v 0.1255894482 0.1934363215 -0.01939075242
v 0.1257086366 0.1938116021 -0.01837812052
v 0.1258049287 0.1941146666 -0.01883579194
v 0.1232549127 0.191452672 -0.01987656342
v 0.1230757536 0.1907753717 -0.01994872192
v 0.1230816369 0.1907975084 -0.02053163255
v 0.1232761834 0.1915329954 -0.02045327555
v 0.1234512425 0.1921949691 -0.01966495493
v 0.1234896486 0.1923401186 -0.02022319242
v 0.1236514958 0.1929521698 -0.01932812891
v 0.1237045285 0.1931526409 -0.01986175569
v 0.1238419311 0.1936722342 -0.01888915169
v 0.1239088064 0.193925087 -0.01939084195
v 0.1240094669 0.1943057363 -0.01837821209
v 0.1240907721 0.1946131694 -0.01883588428
v 0.1216745057 0.1918292826 -0.01987664157
v 0.121528825 0.1911440189 -0.01994879737
v 0.1215336167 0.1911664381 -0.02053170806
v 0.1216918099 0.1919105521 -0.02045335388
v 0.1218341635 0.1925803451 -0.01966503487
v 0.1218654015 0.1927271978 -0.02022327271
v 0.1219970092 0.1933464548 -0.01932821173
v 0.1220401328 0.1935492908 -0.01986183793
v 0.1221518564 0.1940749871 -0.01888923624
v 0.1222062453 0.1943308198 -0.01939092605
v 0.1222880834 0.1947159773 -0.01837829924
v 0.1223542056 0.1950270216 -0.01883597217
v 0.120077536 0.1921279319 -0.01987671547
v 0.11996569 0.1914363094 -0.01994886866
v 0.119969374 0.1914589219 -0.0205317794
v 0.1200908264 0.1922099543 -0.02045342797
v 0.120200125 0.1928859021 -0.01966511152
v 0.1202241157 0.1930341013 -0.02022334969
v 0.1203251665 0.193659093 -0.01932829011
v 0.1203582926 0.1938637884 -0.01986191676
v 0.1204440601 0.1943943396 -0.01888931839
v 0.1204858351 0.1946525278 -0.01939100984
v 0.1205486593 0.1950412275 -0.01837838496
v 0.1205994399 0.1953551548 -0.01883605753
v 0.1184677486 0.1923478257 -0.01987678389
v 0.1183899464 0.1916515854 -0.01994893564
v 0.1183925147 0.1916743466 -0.02053184642
v 0.1184769928 0.1924304077 -0.02045349656
v 0.1185529848 0.193110919 -0.0196651826
v 0.1185696789 0.1932601227 -0.02022342108
v 0.1186399437 0.1938892872 -0.01932836493
v 0.1186629841 0.1940953664 -0.01986199201
v 0.1187226298 0.1946294929 -0.01888939582
v 0.1187516786 0.1948894273 -0.01939108781
v 0.1187953726 0.1952807466 -0.01837846586
v 0.118830697 0.1955967686 -0.01883613909
v 0.1168492881 0.1924885224 -0.01987684666
v 0.116805834 0.1917892846 -0.01994899812
v 0.1168072859 0.1918121498 -0.02053190895
v 0.1168544835 0.1925714553 -0.02045355949
v 0.1168969384 0.193254879 -0.01966524792
v 0.1169062939 0.1934047151 -0.02022348562
v 0.1169455373 0.1940365654 -0.01932843283
v 0.1169584482 0.1942435371 -0.01986205818
v 0.1169917614 0.1947799453 -0.01888946834
v 0.1170080384 0.1950409855 -0.01939115765
v 0.1170324258 0.195433973 -0.01837854178
v 0.1170522025 0.1957513608 -0.0188362135
v 0.1152248225 0.1925500616 -0.01987690689
v 0.1152154503 0.1918496925 -0.01994905605
v 0.1152160608 0.1918725986 -0.02053196691
v 0.1152269648 0.1926331387 -0.0204536177
v 0.115235047 0.1933176825 -0.01966531056
v 0.1152388849 0.1934677994 -0.02022354102
v 0.1152454389 0.194100718 -0.01932850005
v 0.1152507245 0.1943080427 -0.01986211398
v 0.1152552958 0.1948453931 -0.01888954008
v 0.1152619441 0.1951068721 -0.01939121377
v 0.1152639126 0.1955005551 -0.01837861788
v 0.1152719903 0.1958184685 -0.01883626979
v -0.1529365639 -0.1580670054 -0.009633480882
v -0.1529122438 -0.1601878303 -0.009633365842
v -0.1532545622 -0.1580667794 -0.01009115268
v -0.1532300227 -0.1601993204 -0.01009105021
v -0.1538592471 -0.1580549253 -0.008914031037
v -0.1538344308 -0.1602210003 -0.008913907735
v -0.154120794 -0.1580547398 -0.009415720252
v -0.1540958056 -0.160230444 -0.009415606729
v -0.1549070409 -0.1580412154 -0.00829646735
v -0.1548816599 -0.1602586962 -0.00829633627
v -0.155114417 -0.1580410696 -0.008830091589
v -0.1550888825 -0.1602661824 -0.008829967419
v -0.1560088714 -0.1580268076 -0.007822602615
v -0.1559829005 -0.1602983173 -0.00782246456
v -0.1561590222 -0.1580267113 -0.008380838222
v -0.15613293 -0.1603037662 -0.008380703646
v -0.1570900896 -0.1580126802 -0.007524616226
v -0.1570635158 -0.1603372353 -0.007524472835
v -0.1571731945 -0.158012642 -0.008101327357
v -0.1571465564 -0.1603402531 -0.008101184657
v -0.1527838688 -0.1623047553 -0.009633242971
v -0.1531007038 -0.1623318159 -0.01009092608
v -0.1537032942 -0.1623831455 -0.008913778124
v -0.1539638979 -0.1624054154 -0.009415475903
v -0.154747409 -0.1624721463 -0.008296199998
v -0.1549540194 -0.162489804 -0.00882983163
v -0.1558453917 -0.1625657716 -0.007822322253
v -0.1559949807 -0.1625785583 -0.008380561272
v -0.1569228097 -0.1626576201 -0.007524325569
v -0.1570056056 -0.1626647243 -0.008101037123
v -0.1525517468 -0.1644128289 -0.009633113117
v -0.1528668771 -0.1644553953 -0.01009079522
v -0.1534662465 -0.1645361993 -0.008913642803
v -0.1537254225 -0.1645712294 -0.009415340411
v -0.1545047415 -0.164676359 -0.008296059137
v -0.1547102325 -0.1647041352 -0.008829690306
v -0.15559684 -0.1648237099 -0.007822176217
v -0.1557456159 -0.1648438392 -0.008380414888
v -0.1566684358 -0.1649683443 -0.007524175016
v -0.156750778 -0.164979493 -0.008100886438
v -0.1522165266 -0.1665069608 -0.009632978214
v -0.1525291911 -0.1665649537 -0.01009065981
v -0.1531238623 -0.1666750874 -0.008913502901
v -0.1533810283 -0.1667227959 -0.009415200458
v -0.1541542437 -0.1668660214 -0.008295914432
v -0.1543581226 -0.1669038479 -0.008829544594
v -0.1552377564 -0.1670667755 -0.007822026564
v -0.1553853756 -0.1670941774 -0.008380264382
v -0.1563009915 -0.1672637968 -0.007524021285
v -0.1563827009 -0.1672789774 -0.008100732436
v -0.151778828 -0.1685821357 -0.009632840055
v -0.1520882795 -0.1686554009 -0.0100905202
v -0.1526768477 -0.1687945549 -0.008913360098
v -0.1529313615 -0.168854831 -0.00941505679
v -0.1536966211 -0.1690358189 -0.008295766968
v -0.1538984098 -0.1690836126 -0.008829395779
v -0.1547689636 -0.1692895034 -0.007821874426
v -0.1549150678 -0.1693241229 -0.00838011178
v -0.1558212687 -0.1695384385 -0.007523864743
v -0.1559021363 -0.169557624 -0.008100575752
v -0.1512399268 -0.1706333448 -0.009632700855
v -0.151545388 -0.1707216986 -0.01009038127
v -0.1521264185 -0.1708895638 -0.008913216075
v -0.1523776522 -0.1709622517 -0.009414911492
v -0.153133117 -0.1711805492 -0.008295617706
v -0.1533323072 -0.1712381827 -0.008829245556
v -0.1541917331 -0.1714865567 -0.007821720407
v -0.1543359483 -0.1715282944 -0.008379957125
v -0.1552305373 -0.1717868283 -0.007523706301
v -0.1553103687 -0.1718099616 -0.008100416965
v -0.1506009353 -0.1726556257 -0.009632557232
v -0.1509017035 -0.1727588837 -0.01009023617
v -0.1514738047 -0.1729550312 -0.008913068395
v -0.1517211748 -0.1730399598 -0.009414762393
v -0.1524650201 -0.1732950542 -0.008295465743
v -0.1526611482 -0.1733623994 -0.008829092957
v -0.1535073512 -0.1736525985 -0.007821564114
v -0.1536493487 -0.1737013843 -0.008379800256
v -0.1545301716 -0.1740035089 -0.007523546085
v -0.1546087723 -0.1740305328 -0.008100256392
v -0.1498634891 -0.1746441287 -0.009632412335
v -0.1501588453 -0.1747620172 -0.01009008845
v -0.1507206255 -0.1749860032 -0.008912919413
v -0.1509635333 -0.1750829717 -0.009414611718
v -0.1516939328 -0.1753742461 -0.008295312514
v -0.1518865198 -0.1754511305 -0.008828938753
v -0.1527174647 -0.1757825107 -0.007821406452
v -0.1528569148 -0.1758381998 -0.008379642282
v -0.1537218455 -0.176183153 -0.007523384197
v -0.1537990208 -0.1762139957 -0.008100094221
v -0.1490294035 -0.1765940913 -0.009632264523
v -0.1493186139 -0.1767263366 -0.01008993848
v -0.1498687097 -0.1769775977 -0.008912768295
v -0.1501065708 -0.1770863604 -0.009414458637
v -0.1508218016 -0.1774131072 -0.008295157394
v -0.1510103979 -0.1774993577 -0.008828782255
v -0.1518240627 -0.1778711258 -0.007821247275
v -0.1519606057 -0.177933574 -0.008379482589
v -0.1528075772 -0.1783205484 -0.007523221303
v -0.1528831622 -0.1783551375 -0.008099931041
v -0.1481005833 -0.1785007494 -0.009632115753
v -0.1483829581 -0.1786470178 -0.01008978901
v -0.1489200654 -0.1789249751 -0.008912616206
v -0.1491523103 -0.1790452861 -0.009414305778
v -0.1498506334 -0.1794067231 -0.008295001555
v -0.1500347743 -0.1795021224 -0.008828625034
v -0.1508292094 -0.1799133502 -0.007821087799
v -0.1509625159 -0.1799824275 -0.008379322028
v -0.1517894742 -0.1804104813 -0.007523057802
v -0.1518632593 -0.180448745 -0.008099767178
v -0.1470793385 -0.1803595425 -0.009631967314
v -0.1473542027 -0.1805195001 -0.01008963775
v -0.1478770157 -0.1808234553 -0.008912464312
v -0.1481030743 -0.180955024 -0.009414152047
v -0.1487828246 -0.1813503088 -0.008294845771
v -0.1489620451 -0.1814546245 -0.0088284684
v -0.1497353599 -0.1819043233 -0.007820927808
v -0.1498651149 -0.18197987 -0.008379160985
v -0.1506700495 -0.1824479714 -0.00752289433
v -0.1507418844 -0.1824898074 -0.008099603294
v -0.1459680694 -0.1821659984 -0.009631821028
v -0.1462347472 -0.1823392516 -0.01008948717
v -0.1467419898 -0.1826684763 -0.008912313908
v -0.1469613214 -0.1828109819 -0.009413999543
v -0.1476208614 -0.1832391077 -0.008294690819
v -0.1477947561 -0.1833521065 -0.008828312732
v -0.1485450588 -0.1838391984 -0.007820768519
v -0.1486709616 -0.1839210246 -0.008379001177
v -0.1494519653 -0.1844280511 -0.007522730784
v -0.1495216552 -0.1844733725 -0.008099439385
v -0.1447694909 -0.1839157598 -0.009631673664
v -0.1450273508 -0.1841018848 -0.01008933818
v -0.1455178505 -0.1844556044 -0.008912162971
v -0.145729929 -0.1846086961 -0.009413847307
v -0.1463676512 -0.1850686854 -0.008294535942
v -0.146535799 -0.185190075 -0.008828156676
v -0.1472613008 -0.1857133761 -0.007820609519
v -0.1473830508 -0.1858012772 -0.008378841661
v -0.1481382004 -0.1863460319 -0.007522567796
v -0.1482055795 -0.1863947067 -0.008099276112
v -0.1434865281 -0.1856046009 -0.009631524518
v -0.1437349386 -0.1858031589 -0.01008918714
v -0.1442074772 -0.186180525 -0.008912011065
v -0.1444117911 -0.186343837 -0.00941369464
v -0.1450261755 -0.1868345473 -0.008294380853
v -0.1451881702 -0.1869640348 -0.008828000212
v -0.1458870964 -0.1875223166 -0.007820450958
v -0.146004378 -0.1876160881 -0.008378682021
v -0.1467318974 -0.1881972232 -0.00752240577
v -0.1467968155 -0.1882491491 -0.008099113668
v -0.1421222133 -0.1872284882 -0.009631380061
v -0.1423605868 -0.1874389951 -0.01008904108
v -0.1428140347 -0.1878390985 -0.00891186268
v -0.1430100872 -0.1880122498 -0.009413544967
v -0.1435996577 -0.1885324784 -0.008294228382
v -0.143755093 -0.1886697711 -0.008827846238
v -0.1444257865 -0.1892616545 -0.007820294483
v -0.1445383284 -0.1893610764 -0.008378524504
v -0.1452364412 -0.1899772143 -0.007522245093
v -0.1452987325 -0.1900322594 -0.008098952577
v -0.1406798475 -0.1887834593 -0.009631231736
v -0.1409076112 -0.1890054158 -0.01008889155
v -0.1413408826 -0.1894272724 -0.008911712456
v -0.1415282059 -0.189609822 -0.009413391871
v -0.1420915012 -0.190158366 -0.008294075572
v -0.1422400152 -0.1903031259 -0.008827691402
v -0.1428808477 -0.1909271866 -0.007820138376
v -0.1429883786 -0.191032009 -0.00837836776
v -0.1436554257 -0.1916816365 -0.007522086166
v -0.1437149395 -0.1917396686 -0.008098793362
v -0.139162929 -0.1902658023 -0.009631091999
v -0.1393795244 -0.1904986644 -0.01008874956
v -0.1397915479 -0.1909412598 -0.008911568467
v -0.1399696897 -0.1911327965 -0.009413246216
v -0.1405053956 -0.191708302 -0.008293927182
v -0.1406466257 -0.1918601613 -0.008827542326
v -0.1412560581 -0.1925149291 -0.007819985938
v -0.141358321 -0.1926248873 -0.008378214959
v -0.1419927025 -0.1933064605 -0.007521929351
v -0.1420492881 -0.1933673474 -0.008098636206
v -0.1375750768 -0.1916719232 -0.009630949086
v -0.1377799901 -0.1919151462 -0.01008860482
v -0.1381697981 -0.1923774202 -0.008911423346
v -0.13833832 -0.1925774727 -0.009413100242
v -0.1388451367 -0.1931785559 -0.00829377918
v -0.1389787507 -0.1933371762 -0.00882739418
v -0.1395553315 -0.1940210608 -0.007819834611
v -0.1396520702 -0.1941359196 -0.008378063142
v -0.1402522145 -0.1948477751 -0.007521775033
v -0.1403057509 -0.1949113843 -0.008098481416
v -0.1359201365 -0.1929984634 -0.009630812651
v -0.136112868 -0.1932514429 -0.01008846324
v -0.1364794923 -0.1937322903 -0.008911283426
v -0.1366380152 -0.1939403569 -0.009412958025
v -0.1371147319 -0.1945655882 -0.008293635379
v -0.1372404117 -0.1947305713 -0.008827249185
v -0.1377826885 -0.1954419076 -0.007819686887
v -0.1378736905 -0.1955613866 -0.00837791414
v -0.1384381747 -0.1963018293 -0.007521623586
v -0.1384885403 -0.1963679836 -0.008098329704
v -0.1342020899 -0.1942422264 -0.009630675839
v -0.1343821847 -0.1945043572 -0.01008832304
v -0.1347247601 -0.1950025675 -0.008911144263
v -0.1348728753 -0.1952181767 -0.009412816977
v -0.13531831 -0.1958660515 -0.0082934934
v -0.1354357522 -0.1960369989 -0.008827105692
v -0.1359424806 -0.1967740745 -0.007819541827
v -0.1360275036 -0.196897864 -0.008377768178
v -0.1365549632 -0.1976651234 -0.007521475374
v -0.1366020219 -0.1977336606 -0.008098181233
v -0.1324250707 -0.1954002223 -0.009630541106
v -0.1325920884 -0.1956708844 -0.01008818906
v -0.1329098099 -0.1961853057 -0.00891100751
v -0.1330471829 -0.1964079254 -0.009412679027
v -0.1334603014 -0.1970768625 -0.008293354381
v -0.1335692028 -0.1972533759 -0.008826964974
v -0.1340391377 -0.1980144189 -0.007819399976
v -0.1341179988 -0.1981422232 -0.008377625602
v -0.1346071576 -0.1989344233 -0.007521330755
v -0.1346507881 -0.199005196 -0.008098036292
v -0.130593378 -0.1964695934 -0.009630411835
v -0.1307469076 -0.1967481215 -0.01008806004
v -0.1310390139 -0.1972775119 -0.008910875765
v -0.1311652948 -0.1975066101 -0.009412545972
v -0.1315450479 -0.1981949991 -0.008293219788
v -0.1316451644 -0.1983766494 -0.008826828834
v -0.1320771935 -0.1991597965 -0.007819262511
v -0.1321496804 -0.1992913204 -0.008377487027
v -0.1325993662 -0.2001065841 -0.007521189811
v -0.1326394916 -0.2001793995 -0.008097895103
v -0.128711405 -0.1974478231 -0.009630286999
v -0.1288510948 -0.1977335364 -0.01008793256
v -0.1291168542 -0.1982766387 -0.008910748404
v -0.1292317375 -0.1985116533 -0.009412417193
v -0.1295772541 -0.1992178363 -0.008293089544
v -0.1296683416 -0.1994041798 -0.008826697195
v -0.1300614124 -0.200207582 -0.007819128928
v -0.130127357 -0.2003425147 -0.008377352977
v -0.1305365006 -0.201178844 -0.007521053413
v -0.1305729997 -0.2012535548 -0.008097758465
v -0.1267836802 -0.1983324979 -0.009630166104
v -0.1269091789 -0.1986247451 -0.01008780825
v -0.1271479629 -0.1991802265 -0.008910625206
v -0.1272511881 -0.1994205944 -0.009412292869
v -0.1275616411 -0.2001428685 -0.008292963565
v -0.12764347 -0.2003334461 -0.008826570772
v -0.1279966337 -0.2011551935 -0.007819000147
v -0.1280558826 -0.2012932091 -0.008377223977
v -0.1284234893 -0.2021486053 -0.007520921624
v -0.1284562851 -0.2022250187 -0.008097626444
v -0.1248148788 -0.1991215893 -0.00963004757
v -0.1249259011 -0.1994196291 -0.01008768847
v -0.1251371109 -0.1999861412 -0.008910505001
v -0.125228417 -0.2002312847 -0.009412171431
v -0.1255030391 -0.2009679463 -0.008292841416
v -0.1255754246 -0.2011623134 -0.008826447868
v -0.1258878201 -0.2020003755 -0.007818875647
v -0.1259402347 -0.2021411182 -0.008377098544
v -0.1262654278 -0.2030135064 -0.00752079477
v -0.1262944285 -0.2030914447 -0.008097499292
v -0.1228097519 -0.1998131725 -0.009629933675
v -0.1229060201 -0.2001162932 -0.01008757376
v -0.1230891612 -0.2006924864 -0.008910389801
v -0.1231683318 -0.2009418122 -0.009412054628
v -0.1234064658 -0.2016910368 -0.008292724258
v -0.1234692306 -0.2018887337 -0.008826329579
v -0.1237401164 -0.2027411085 -0.007818756291
v -0.1237855585 -0.2028842671 -0.008376978436
v -0.1240675354 -0.2037715267 -0.007520672863
v -0.1240926789 -0.2038507971 -0.00809737698
v -0.1207730673 -0.2004054713 -0.009629823094
v -0.1208543412 -0.2007129608 -0.0100874612
v -0.121008993 -0.2012974397 -0.008910278422
v -0.1210758341 -0.2015503543 -0.009411941542
v -0.1212768901 -0.2023103464 -0.008292611641
v -0.1213298863 -0.2025108833 -0.00882621632
v -0.1215586245 -0.2033755225 -0.007818642004
v -0.1215969926 -0.2035207408 -0.00837686388
v -0.1218350702 -0.2044207795 -0.007520556489
v -0.1218562941 -0.2045011742 -0.008097260337
v -0.1187097781 -0.200897199 -0.009629717006
v -0.1187758691 -0.2012082997 -0.01008735291
v -0.1189016403 -0.2017996388 -0.008910172049
v -0.1189559949 -0.2020555333 -0.009411833496
v -0.1191195243 -0.2028244657 -0.008292504292
v -0.1191626116 -0.2030273676 -0.008826108089
v -0.1193486311 -0.2039021924 -0.007818533153
v -0.1193798236 -0.2040491139 -0.008376754547
v -0.1195734444 -0.2049597485 -0.007520446193
v -0.1195907092 -0.205041089 -0.008097149707
v -0.1166248372 -0.201287039 -0.009629616593
v -0.1166755866 -0.2016010228 -0.01008725126
v -0.1167721832 -0.2021978251 -0.008910071334
v -0.1168139165 -0.2024560752 -0.009411732206
v -0.1169395079 -0.2032321056 -0.008292402668
v -0.1169725902 -0.2034368669 -0.008826005677
v -0.1171154534 -0.204319752 -0.007818430503
v -0.117139406 -0.20446802 -0.008376651167
v -0.1172880941 -0.205387051 -0.00752034168
v -0.1173013452 -0.2054691444 -0.008097045093
v -0.114523293 -0.2015741653 -0.009629518617
v -0.1145585789 -0.2018902588 -0.01008715223
v -0.1146257658 -0.202491052 -0.008909974247
v -0.1146547803 -0.2027510482 -0.00941163378
v -0.1147421183 -0.2035322879 -0.008292305877
v -0.1147651223 -0.2037384329 -0.008825908124
v -0.1148644737 -0.2046272518 -0.00781833323
v -0.1148811223 -0.2047765244 -0.008376553518
v -0.1149845358 -0.2057017358 -0.007520243254
v -0.1149937407 -0.2057843888 -0.008096946278
v -0.1124101732 -0.2017578563 -0.009629423296
v -0.1124299112 -0.2020753006 -0.01008705656
v -0.1124675281 -0.2026786712 -0.008909881005
v -0.112483756 -0.2029397735 -0.009411539102
v -0.1125326447 -0.2037243475 -0.008292214008
v -0.1125455044 -0.2039313851 -0.008825815388
v -0.1126011221 -0.2048239948 -0.007818241797
v -0.1126104247 -0.2049739 -0.008376461496
v -0.1126682959 -0.20590306 -0.007520151357
v -0.112673437 -0.2059860642 -0.008096854097
v -0.1102904411 -0.2018376152 -0.00962933003
v -0.1102984802 -0.202155585 -0.01008694916
v -0.1103025595 -0.2027601095 -0.008909791416
v -0.1103091661 -0.2030216505 -0.009411439178
v -0.1103162953 -0.2038077094 -0.008292127006
v -0.1103215294 -0.2040150852 -0.008825720854
v -0.1103307477 -0.2049093449 -0.007818156325
v -0.1103345325 -0.2050595159 -0.008376371727
v -0.1103449248 -0.2059903996 -0.007520066001
v -0.1103470127 -0.2060735331 -0.008096767681
v -0.1508379479 0.002417244536 -0.009643291423
v -0.1511559099 0.002421374498 -0.01010097716
v -0.1517606307 0.002429354441 -0.008923844507
v -0.1520221506 0.002432743614 -0.009425543765
v -0.152808424 0.002443094177 -0.00830628335
v -0.153015767 0.002445772925 -0.008839914531
v -0.1539102393 0.002457531564 -0.007832420346
v -0.1540603661 0.002459460595 -0.008390659525
v -0.1549914421 0.00247168864 -0.007534435389
v -0.1550745338 0.002472739933 -0.00811114748
v -0.1528928245 0.1629560578 -0.00754425516
v -0.1528054442 0.1652791228 -0.007544396139
v -0.152975903 0.1629581223 -0.008120966407
v -0.1528883784 0.1652842404 -0.008121108317
v -0.1518116072 0.1629418708 -0.007842241537
v -0.1517262166 0.1652119241 -0.007842381362
v -0.15196171 0.1629456325 -0.008400477502
v -0.1518760532 0.1652212261 -0.008400621285
v -0.1507097774 0.1629274034 -0.008316106269
v -0.1506263894 0.1651434618 -0.00831624646
v -0.1509170873 0.1629326151 -0.008849731084
v -0.1508333463 0.1651562989 -0.008849879118
v -0.1496619695 0.1629136336 -0.008933669951
v -0.1495805052 0.1650783188 -0.008933811499
v -0.1499234327 0.1629202261 -0.009435359558
v -0.1498415445 0.1650945327 -0.009435511931
v -0.1487392871 0.1629014939 -0.00965311966
v -0.148659502 0.1650209574 -0.0096532642
v -0.1490571832 0.1629095275 -0.0101107934
v -0.1489768725 0.1650406973 -0.01011095128
v -0.1526041094 0.1675950347 -0.007544532544
v -0.1526866923 0.167604231 -0.008121245094
v -0.1515294622 0.1674750073 -0.007842516264
v -0.1516786666 0.167491633 -0.008400757082
v -0.1504343039 0.1673526444 -0.008316380793
v -0.1506403828 0.1673756335 -0.008850015178
v -0.1493928745 0.1672362955 -0.008933946354
v -0.1496528075 0.167265311 -0.00943564767
v -0.1484758145 0.1671338016 -0.009653400266
v -0.1487918343 0.167169082 -0.01011108733
v -0.1522893984 0.169898317 -0.007544664297
v -0.1523714219 0.1699115445 -0.008121377218
v -0.1512219516 0.169725674 -0.007842646092
v -0.1513701512 0.1697496185 -0.00840088746
v -0.1501340804 0.1695497578 -0.008316509166
v -0.1503387757 0.1695828326 -0.008850144392
v -0.1490996067 0.1693824144 -0.008934074084
v -0.1493577788 0.1694241484 -0.009435776788
v -0.148188647 0.1692350844 -0.009653527835
v -0.1485025571 0.1692858208 -0.01011121564
v -0.151862055 0.1721833762 -0.007544790838
v -0.1519433404 0.1722006177 -0.008121503974
v -0.1508043359 0.1719585828 -0.007842770309
v -0.150951189 0.1719897671 -0.008401011778
v -0.1497264441 0.171729506 -0.008316631877
v -0.1499292649 0.1717725857 -0.008850267255
v -0.1487014088 0.1715116179 -0.008934195331
v -0.1489572402 0.1715659734 -0.009435899932
v -0.1477987809 0.1713197344 -0.009653648617
v -0.1481098228 0.1713858275 -0.01011133781
v -0.1513230155 0.1744446956 -0.007544911836
v -0.1514033548 0.1744659185 -0.008121625317
v -0.1502775803 0.1741682919 -0.007842889375
v -0.1504227301 0.1742066518 -0.008401131195
v -0.1492122389 0.173886595 -0.008316749159
v -0.1494127098 0.1739395838 -0.00885038427
v -0.1481991242 0.1736186715 -0.008934311267
v -0.1484519756 0.1736855209 -0.009436016136
v -0.1473069673 0.1733827542 -0.009653763925
v -0.147614398 0.1734640303 -0.01011145379
v -0.150673692 0.1766768692 -0.007545027552
v -0.1507528921 0.1767020115 -0.008121741161
v -0.1496430955 0.1763494996 -0.007843003246
v -0.1497861709 0.176394926 -0.008401245431
v -0.148592844 0.1760158566 -0.008316861407
v -0.1487904599 0.1760786138 -0.008850496491
v -0.1475940999 0.1756985705 -0.008934422559
v -0.1478433477 0.1757777419 -0.009436126868
v -0.1467146124 0.1754191698 -0.009653874566
v -0.1470176596 0.1755154251 -0.01011156601
v -0.1499156009 0.1788744776 -0.007545137422
v -0.1499934689 0.1789034771 -0.008121851223
v -0.1489023068 0.1784969046 -0.007843110878
v -0.1490429809 0.1785493185 -0.008401353544
v -0.1478696824 0.1781121682 -0.008316967223
v -0.1480639833 0.1781845537 -0.008850603119
v -0.1468876984 0.1777462661 -0.008934526681
v -0.1471327639 0.1778375729 -0.009436231462
v -0.1460229579 0.1774240499 -0.009653977616
v -0.1463209239 0.1775350815 -0.01011166966
v -0.1490505547 0.1810322391 -0.007545240925
v -0.149126898 0.1810650188 -0.008121954841
v -0.1480569944 0.1806054333 -0.007843212518
v -0.1481949415 0.1806646816 -0.008401455679
v -0.1470444892 0.1801704856 -0.008317067019
v -0.1472350006 0.1802523144 -0.008850703103
v -0.146081668 0.1797568484 -0.008934624987
v -0.1463219579 0.1798600743 -0.009436329409
v -0.1452337656 0.1793925892 -0.009654074703
v -0.1455259389 0.1795181047 -0.01011176531
v -0.1480807073 0.183144996 -0.007545338081
v -0.1481553629 0.1831814792 -0.008122052168
v -0.1471092817 0.1826699723 -0.007843307491
v -0.147244146 0.1827359013 -0.008401550659
v -0.146119341 0.1821858437 -0.008317159963
v -0.1463056183 0.1822769312 -0.008850795674
v -0.1451779644 0.1817254848 -0.008934716048
v -0.1454129009 0.1818403688 -0.009436419941
v -0.1443489748 0.1813200741 -0.009654164006
v -0.144634629 0.1814597808 -0.01011185407
v -0.1470083019 0.1852075914 -0.007545428659
v -0.1470810621 0.1852477009 -0.00812214283
v -0.1460613507 0.1846854833 -0.007843396292
v -0.1461928062 0.1847579545 -0.008401639182
v -0.145096373 0.1841533824 -0.008317246492
v -0.1452779572 0.184253499 -0.008850881935
v -0.1441787216 0.1836473897 -0.008934800707
v -0.1444077418 0.1837736712 -0.009436505633
v -0.1433706142 0.183201792 -0.009654247032
v -0.1436490684 0.1833553384 -0.0101119389
v -0.1458359807 0.1872151124 -0.007545512695
v -0.145906698 0.187258742 -0.00812222688
v -0.1449158274 0.1866471722 -0.00784347815
v -0.1450435633 0.1867260177 -0.008401720774
v -0.1439781057 0.1860683809 -0.008317326868
v -0.144154538 0.1861772821 -0.00885096221
v -0.1430863845 0.1855179456 -0.008934879427
v -0.1433089261 0.1856553192 -0.009436583884
v -0.1423011122 0.1850332446 -0.009654324387
v -0.1425717003 0.185200279 -0.01011201562
v -0.1445665351 0.1891626628 -0.007545589458
v -0.1446350169 0.1892097205 -0.008122303779
v -0.1436753373 0.1885502599 -0.007843553692
v -0.1437990583 0.1886352821 -0.00840179656
v -0.1427671487 0.1879261492 -0.008317401155
v -0.14293803 0.1880435914 -0.008851036968
v -0.1419035004 0.1873326553 -0.008934952949
v -0.1421190314 0.1874807862 -0.009436656367
v -0.1411429853 0.1868100236 -0.009654397346
v -0.1414050422 0.1869901352 -0.01011208564
v -0.1432030653 0.1910456335 -0.007545659037
v -0.1432691495 0.1910959831 -0.008122373478
v -0.1423430096 0.1903902272 -0.007843621948
v -0.1424624203 0.1904812136 -0.008401865036
v -0.1414665247 0.1897223305 -0.008317468192
v -0.1416314416 0.1898480103 -0.008851103777
v -0.1406330473 0.1890871618 -0.008935018844
v -0.1408410508 0.1892456855 -0.00943672238
v -0.1398990613 0.1885278445 -0.009654462417
v -0.1401519668 0.1887205928 -0.01011215064
v -0.1417488356 0.1928594178 -0.007545721257
v -0.1418123745 0.192912953 -0.008122435675
v -0.1409219724 0.1921626144 -0.007843682515
v -0.1410367626 0.1922593524 -0.008401925235
v -0.1400793314 0.1914525097 -0.008317526879
v -0.1402378855 0.1915861237 -0.008851161539
v -0.1392780164 0.190777227 -0.008935075757
v -0.1394779907 0.1909457645 -0.00943677937
v -0.1385723751 0.1901825594 -0.009654517585
v -0.1388155092 0.1903874893 -0.01011220517
v -0.1402073303 0.1945996797 -0.007545776246
v -0.1402681618 0.1946562643 -0.008122490685
v -0.1394156649 0.1938631151 -0.007843736511
v -0.1395255694 0.1939653776 -0.008401979006
v -0.1386088867 0.1931125425 -0.008317580269
v -0.1387606796 0.1932537875 -0.008851214769
v -0.13784168 0.1923987659 -0.008935128735
v -0.1380331384 0.1925769232 -0.009436831985
v -0.1371660632 0.1917702004 -0.009654570561
v -0.1373988513 0.1919868127 -0.01011225784
v -0.1385823004 0.1962621915 -0.007545823047
v -0.1386402772 0.1963216895 -0.008122537444
v -0.1378277162 0.1954877084 -0.007843781716
v -0.1379324702 0.1955952385 -0.008402024093
v -0.1370587446 0.1946984517 -0.008317623579
v -0.1372034233 0.1948469804 -0.008851257487
v -0.1363275013 0.1939479043 -0.008935169807
v -0.1365099878 0.1941352285 -0.009436871587
v -0.1356835288 0.1932869376 -0.009654609251
v -0.1359054113 0.1935147181 -0.01011229632
v -0.1368776576 0.1978429807 -0.007545862381
v -0.1369326325 0.1979052559 -0.008122576771
v -0.1361619636 0.1970324207 -0.007843820941
v -0.1362613171 0.197144947 -0.008402063576
v -0.1354326514 0.1962063819 -0.008317662289
v -0.135569863 0.1963618171 -0.008851296235
v -0.1347391065 0.1954208598 -0.008935208577
v -0.1349121796 0.1956169279 -0.009436909777
v -0.1341283666 0.1947291072 -0.009654648455
v -0.1343387994 0.1949674975 -0.01011233539
v -0.1350974602 0.1993382554 -0.007545893861
v -0.1351493158 0.1994031723 -0.008122608174
v -0.1344224341 0.1984935642 -0.007843851171
v -0.1345161371 0.1986108451 -0.00840209364
v -0.133734514 0.1976327183 -0.008317691518
v -0.1338639353 0.197794713 -0.008851325737
v -0.1330803565 0.1968141212 -0.008935236579
v -0.1332436052 0.1970184508 -0.009436938219
v -0.1325042879 0.1960932407 -0.009654675044
v -0.1327027719 0.196341668 -0.01011236192
v -0.133246033 0.2007443615 -0.007545917417
v -0.1332946525 0.2008117397 -0.008122631705
v -0.1326132579 0.1998675568 -0.007843874455
v -0.1327011054 0.1999893063 -0.0084021164
v -0.1319684308 0.1989740272 -0.008317714589
v -0.1320897541 0.199142175 -0.008851347912
v -0.1313552146 0.1981243277 -0.00893525946
v -0.1315082432 0.198336407 -0.009436960032
v -0.1308152254 0.1973760366 -0.009654697865
v -0.1310012764 0.1976339134 -0.01011238224
v -0.1313278007 0.202057989 -0.007545932996
v -0.131373052 0.2021276628 -0.008122647378
v -0.1307388285 0.2011511923 -0.00784388888
v -0.1308205862 0.2012770945 -0.008402130941
v -0.1301386164 0.2002271001 -0.008317727986
v -0.1302515489 0.2004010097 -0.008851360713
v -0.1295678649 0.1993483151 -0.008935271315
v -0.1297102923 0.1995676623 -0.009436970909
v -0.1290652424 0.1985744632 -0.009654708221
v -0.1292384217 0.1988411578 -0.01011239017
v -0.12934747 0.2032758911 -0.00754594056
v -0.1293892359 0.20334771 -0.008122654888
v -0.1288036876 0.2023413112 -0.007843896571
v -0.1288791806 0.2024710657 -0.008402138223
v -0.1282495519 0.2013888661 -0.0083177352
v -0.1283538011 0.2015681016 -0.008851367428
v -0.1277225929 0.2004831588 -0.008935278495
v -0.1278540983 0.2007092332 -0.009436977466
v -0.1272585354 0.1996855651 -0.009654715386
v -0.127418419 0.1999604461 -0.01011239686
v -0.1273097139 0.2043951484 -0.007545939828
v -0.1273479224 0.2044689177 -0.008122654014
v -0.126812478 0.2034350085 -0.007843895842
v -0.1268815017 0.2035683146 -0.008402136428
v -0.1263057442 0.2024565528 -0.008317734218
v -0.1264010773 0.2026406937 -0.008851365912
v -0.1258238761 0.2015260713 -0.008935277124
v -0.1259441237 0.201758332 -0.009436975826
v -0.1253995203 0.2007066879 -0.009654713625
v -0.1255457147 0.2009890795 -0.01011239589
v -0.1252195147 0.2054130989 -0.007545931315
v -0.1252540486 0.205488668 -0.008122645495
v -0.1247699874 0.2044297093 -0.007843887231
v -0.1248323819 0.2045662519 -0.008402127824
v -0.1243118767 0.2034275836 -0.008317725971
v -0.1243980611 0.2036161799 -0.008851356963
v -0.123876247 0.2024745931 -0.008935268933
v -0.1239849464 0.20271247 -0.00943696679
v -0.1234926107 0.2016353706 -0.009654705467
v -0.1236247822 0.2019245829 -0.01011238674
v -0.1230818672 0.2063272745 -0.007545914796
v -0.1231126545 0.2064044488 -0.008122628948
v -0.1226811352 0.2053230039 -0.007843871089
v -0.1227367558 0.2054624534 -0.008402111763
v -0.1222727639 0.2042995923 -0.008317709947
v -0.1223495821 0.2044921793 -0.008851340598
v -0.1218844007 0.2033263864 -0.008935253141
v -0.1219813059 0.20356931 -0.009436950241
v -0.1215424113 0.2024693339 -0.009654689729
v -0.1216602257 0.2027647069 -0.01011236943
v -0.1209019268 0.2071354626 -0.007545890313
v -0.1209288805 0.2072140621 -0.00812260428
v -0.1205509564 0.2061127677 -0.007843846625
v -0.1205996736 0.2062547646 -0.008402086822
v -0.1201932903 0.2050705715 -0.008317685455
v -0.1202605693 0.2052666997 -0.0088513158
v -0.1198531768 0.204079458 -0.008935228192
v -0.1199380421 0.2043268439 -0.009436924358
v -0.1195536636 0.2032066875 -0.009654664061
v -0.119656855 0.2035074726 -0.01011234373
v -0.1186849643 0.2078357352 -0.007545857633
v -0.1187080273 0.2079155654 -0.008122571419
v -0.1183846026 0.206797071 -0.007843814429
v -0.1184262866 0.2069413007 -0.008402054257
v -0.1180785257 0.2057385757 -0.008317653414
v -0.1181361003 0.2059377809 -0.008851283152
v -0.1177874422 0.2047319938 -0.008935196269
v -0.1178600668 0.2049832433 -0.009436891458
v -0.1175311231 0.2038455861 -0.009654632105
v -0.1176194253 0.2041510645 -0.01011231049
v -0.116436285 0.2084263883 -0.007545817125
v -0.1164554003 0.2085072398 -0.008122530906
v -0.1161872672 0.2073742233 -0.007843774306
v -0.1162218256 0.2075203269 -0.008402014007
v -0.1159334836 0.2063019863 -0.008317613029
v -0.1159812186 0.2065037751 -0.008851242325
v -0.115692166 0.205282345 -0.008935155446
v -0.1157523715 0.2055368596 -0.009436849614
v -0.1154796466 0.2043844243 -0.009654590468
v -0.1155528529 0.2046938779 -0.01011226606
v -0.1141613388 0.2089060327 -0.007545769154
v -0.1141764716 0.2089877263 -0.008122482643
v -0.1139642574 0.207842923 -0.007843726624
v -0.1139915982 0.2079905417 -0.008401965973
v -0.1137634116 0.2067595159 -0.008317565931
v -0.1138011793 0.2069634098 -0.008851194884
v -0.1135724017 0.2057292663 -0.008935108344
v -0.1136200471 0.2059864332 -0.009436801583
v -0.1134042046 0.20482203 -0.009654543106
v -0.1134621386 0.2051346965 -0.01011221691
v -0.1118655888 0.2092734284 -0.007545713007
v -0.1118766896 0.2093557697 -0.008122426407
v -0.1117209167 0.2082019583 -0.007843670959
v -0.1117409849 0.2083507337 -0.008401909665
v -0.1115734811 0.2071100102 -0.008317509497
v -0.1116011985 0.2073155013 -0.00885113774
v -0.1114332605 0.2060716323 -0.008935050812
v -0.1114682273 0.2063308241 -0.00943674361
v -0.1113097826 0.2051572166 -0.009654483728
v -0.1113523048 0.2054723641 -0.01011215676
v -0.1095545968 0.2095277689 -0.007545649656
v -0.1095616382 0.2096105638 -0.008122362804
v -0.1094626734 0.2084504763 -0.007843607707
v -0.1094754213 0.208600065 -0.008401846215
v -0.1093689933 0.2073526293 -0.008317445918
v -0.1093865997 0.20755924 -0.00885107342
v -0.1092799093 0.2063086314 -0.008934986168
v -0.109302116 0.2065692359 -0.009436677554
v -0.1092014488 0.2053892905 -0.009654417653
v -0.1092284578 0.2057061426 -0.01011209026
v -0.1072338845 0.2096684559 -0.007545578686
v -0.1072368617 0.2097514957 -0.008122291586
v -0.107194951 0.2085879667 -0.007843536991
v -0.1072003314 0.2087379955 -0.008401774975
v -0.107155253 0.2074868467 -0.008317374544
v -0.1071627027 0.2076940846 -0.00885100114
v -0.1071175036 0.2064397497 -0.008934913492
v -0.1071269065 0.2067011257 -0.009436603824
v -0.1070842482 0.2055176619 -0.009654343023
v -0.1070956792 0.2058354577 -0.01011201596
v -0.1049090234 0.2096950554 -0.007545500302
v -0.1049089376 0.2097781446 -0.008122212152
v -0.1049231206 0.2086139632 -0.007843458331
v -0.1049229781 0.2087641135 -0.008401692109
v -0.1049374811 0.2075122686 -0.008317294332
v -0.1049372989 0.2077196451 -0.008850913425
v -0.1049511451 0.2064645921 -0.008934830539
v -0.1049509111 0.206726155 -0.009436510708
v -0.1049631549 0.2055419934 -0.009654256392
v -0.1049628847 0.2058600088 -0.01011191524
v 0.1579595045 -0.1621325699 -0.007513623984
v 0.1578721242 -0.1644556349 -0.007513484568
v 0.1580426223 -0.1621347055 -0.008090329307
v 0.1579550978 -0.1644608236 -0.008090190456
v 0.1568783075 -0.1621184196 -0.007811685812
v 0.156792917 -0.164388473 -0.007811551642
v 0.1570284484 -0.1621222501 -0.008369911075
v 0.1569427916 -0.1643978437 -0.008369780198
v 0.15577651 -0.1621040106 -0.008285627433
v 0.1556931221 -0.164320069 -0.008285500148
v 0.1559838563 -0.1621092881 -0.008819237469
v 0.1559001153 -0.1643329719 -0.00881911711
v 0.1547287443 -0.162090317 -0.008903264235
v 0.1546472799 -0.1642550022 -0.008903144508
v 0.1549902416 -0.1620969713 -0.009404935201
v 0.1549083534 -0.1642712779 -0.009404825141
v 0.1538061109 -0.162078266 -0.009622778331
v 0.1537263258 -0.1641977295 -0.009622667056
v 0.1541240383 -0.1620863559 -0.0100804294
v 0.1540437275 -0.1642175258 -0.01008033006
v 0.1576707894 -0.1667715468 -0.007513349229
v 0.1577534116 -0.1667808142 -0.00809005501
v 0.1565961625 -0.1666515562 -0.007811420999
v 0.1567454049 -0.1666682506 -0.008369649591
v 0.1555010365 -0.1665292517 -0.008285375262
v 0.1557071519 -0.1665523066 -0.00881899276
v 0.1544596492 -0.1664129789 -0.008903026153
v 0.1547196164 -0.1664420562 -0.009404706167
v 0.1535426383 -0.1663105736 -0.009622555206
v 0.1538586893 -0.1663459104 -0.01008021637
v 0.1573560784 -0.1690748291 -0.007513218523
v 0.1574381412 -0.1690881277 -0.008089924217
v 0.1562886519 -0.1689022229 -0.007811294363
v 0.1564368896 -0.1689262362 -0.008369522672
v 0.1552008131 -0.168726365 -0.008285253276
v 0.1554055447 -0.1687595056 -0.008818870465
v 0.1541663814 -0.1685590978 -0.008902909334
v 0.1544245878 -0.1686008936 -0.00940458929
v 0.1532554708 -0.1684118565 -0.009622443338
v 0.1535694121 -0.1684626493 -0.01008010349
v 0.156928735 -0.1713598883 -0.00751309253
v 0.1570100597 -0.1713772008 -0.008089797993
v 0.1558710362 -0.1711351316 -0.00781117181
v 0.1560179274 -0.1711663847 -0.008369399419
v 0.1547931767 -0.1709061133 -0.00828513509
v 0.154996034 -0.1709492587 -0.008818751327
v 0.1537681835 -0.1706883013 -0.008902795272
v 0.1540240491 -0.1707427186 -0.009404475727
v 0.1528656048 -0.1704965065 -0.009622333733
v 0.1531766778 -0.1705626559 -0.01007999357
v 0.1563896955 -0.1736212077 -0.007512971533
v 0.1564700741 -0.1736425017 -0.008089676916
v 0.1553442806 -0.1733448407 -0.007811054407
v 0.1554894685 -0.1733832694 -0.008369281598
v 0.1542789716 -0.1730632022 -0.008285021533
v 0.1544794788 -0.1731162568 -0.008818636441
v 0.1532658989 -0.1727953548 -0.008902685723
v 0.1535187846 -0.1728622661 -0.009404365111
v 0.1523737912 -0.1725595262 -0.009622228272
v 0.152681253 -0.1726408587 -0.01007988716
v 0.155740372 -0.1758533813 -0.007512856366
v 0.1558196114 -0.1758785947 -0.008089561471
v 0.1547097958 -0.1755260485 -0.007810942665
v 0.1548529092 -0.1755715436 -0.008369169491
v 0.1536595767 -0.1751924638 -0.008284913543
v 0.153857229 -0.1752552869 -0.008818527414
v 0.1526608746 -0.1748752539 -0.008902581882
v 0.1529101567 -0.1749544871 -0.009404259436
v 0.1517814362 -0.1745959419 -0.009622128275
v 0.1520845146 -0.1746922536 -0.01007978719
v 0.1549822809 -0.1780509897 -0.007512747028
v 0.1550601882 -0.1780800603 -0.008089451941
v 0.1539690071 -0.1776734534 -0.007810836098
v 0.1541097193 -0.1777259362 -0.008369062708
v 0.1529364151 -0.1772887754 -0.008284810255
v 0.1531307523 -0.1773612267 -0.008818423979
v 0.1519544732 -0.1769229495 -0.008902481751
v 0.1521995729 -0.1770143181 -0.009404158567
v 0.1510897818 -0.176600822 -0.009622031345
v 0.1513877789 -0.17671191 -0.01007968939
v 0.1541172347 -0.1802087512 -0.007512643525
v 0.1541936173 -0.180241602 -0.008089348191
v 0.1531236947 -0.1797819821 -0.007810735456
v 0.1532616798 -0.1798412993 -0.008368961904
v 0.1521112218 -0.1793470928 -0.008284712588
v 0.1523017696 -0.1794289874 -0.008818325592
v 0.1511484427 -0.1789335318 -0.008902387171
v 0.1513887668 -0.1790368195 -0.009404062483
v 0.1503005894 -0.1785693613 -0.009621939581
v 0.1505927939 -0.1786949332 -0.0100795948
v 0.1531473873 -0.1823215081 -0.007512546368
v 0.1532220822 -0.1823580624 -0.008089250863
v 0.152175982 -0.1818465211 -0.007810640549
v 0.1523108844 -0.1819125189 -0.008368866392
v 0.1511860737 -0.1813624509 -0.008284620176
v 0.1513723874 -0.1814536042 -0.008818231956
v 0.1502447391 -0.1809021682 -0.008902297174
v 0.1504797098 -0.1810171141 -0.009403970886
v 0.1494157986 -0.1804968461 -0.009621851609
v 0.149701484 -0.1806366093 -0.01007950498
v 0.1520749819 -0.1843841035 -0.007512455807
v 0.1521477814 -0.1844242841 -0.008089160068
v 0.151128051 -0.1838620321 -0.007810552347
v 0.1512595446 -0.1839345722 -0.008368777337
v 0.1501631056 -0.1833299897 -0.008284533913
v 0.1503447262 -0.183430172 -0.008818144631
v 0.1492454964 -0.1828240731 -0.008902213048
v 0.1494745508 -0.1829504165 -0.009403886791
v 0.1484374381 -0.1823785641 -0.009621769381
v 0.1487159234 -0.1825321669 -0.01007942334
v 0.1509026607 -0.1863916245 -0.007512372303
v 0.1509734174 -0.1864353252 -0.008089076284
v 0.1499825277 -0.185823721 -0.007810470488
v 0.1501103017 -0.1859026354 -0.00836869468
v 0.1490448383 -0.1852449882 -0.008284454469
v 0.149221307 -0.1853539551 -0.008818064355
v 0.1481531592 -0.1846946289 -0.008902135659
v 0.1483757351 -0.1848320644 -0.009403808008
v 0.147367936 -0.1842100166 -0.009621693889
v 0.1476385554 -0.1843771075 -0.01007934609
v 0.1496332151 -0.1883391749 -0.00751229554
v 0.1497017362 -0.1883863037 -0.008088999386
v 0.1487420376 -0.1877268087 -0.007810396011
v 0.1488657967 -0.1878118998 -0.008368619959
v 0.1478338814 -0.1871027564 -0.00828438231
v 0.148004799 -0.1872202644 -0.008817991993
v 0.1469702752 -0.1865093387 -0.008902066128
v 0.1471858403 -0.1866575314 -0.009403736589
v 0.1462098091 -0.1859867957 -0.009621626784
v 0.1464718972 -0.1861669636 -0.01007927501
v 0.1482697453 -0.1902221456 -0.007512225962
v 0.1483358688 -0.1902725663 -0.008088929687
v 0.1474097099 -0.189566776 -0.007810328288
v 0.1475291587 -0.1896578313 -0.008368552015
v 0.1465332574 -0.1888989378 -0.008284316604
v 0.1466982106 -0.1890246833 -0.00881792545
v 0.1456998221 -0.1882638452 -0.008902002362
v 0.1459078598 -0.1884224307 -0.009403672173
v 0.1449658852 -0.1877046166 -0.009621564906
v 0.1452188218 -0.1878974213 -0.01007921213
v 0.1468155156 -0.1920359299 -0.007512163741
v 0.1468790939 -0.1920895361 -0.008088867157
v 0.1459886727 -0.1913391633 -0.007810267254
v 0.146103501 -0.19143597 -0.008368490219
v 0.1451460641 -0.1906291169 -0.008284256586
v 0.1453046546 -0.1907627967 -0.008817864361
v 0.1443447911 -0.1899539104 -0.008901943321
v 0.1445447996 -0.1901225097 -0.009403612788
v 0.1436391989 -0.1893593314 -0.009621506546
v 0.1438823642 -0.1895643178 -0.01007915255
v 0.145274025 -0.1937762069 -0.007512109026
v 0.1453348958 -0.1938328626 -0.008088812212
v 0.1444823797 -0.1930396939 -0.007810214321
v 0.1445923223 -0.1931420252 -0.008368436579
v 0.143675634 -0.1922891648 -0.008284205191
v 0.1438274634 -0.1924304756 -0.008817812061
v 0.1429084543 -0.191575479 -0.008901893667
v 0.1430999469 -0.1917536982 -0.009403562699
v 0.1422328868 -0.1909469874 -0.009621458757
v 0.1424657061 -0.191163656 -0.01007910413
v 0.1436489804 -0.1954387036 -0.00751206196
v 0.1437069966 -0.1954982727 -0.008088765056
v 0.1428944166 -0.1946642572 -0.007810167522
v 0.1429992085 -0.1947718562 -0.008368389498
v 0.1421254772 -0.193875059 -0.008284159088
v 0.1422701923 -0.1940236534 -0.008817764554
v 0.1413942761 -0.1931245877 -0.008901847674
v 0.1415767968 -0.1933119737 -0.009403514184
v 0.1407503526 -0.1924637097 -0.009621412484
v 0.1409722663 -0.1926915466 -0.01007905661
v 0.1419443376 -0.1970194928 -0.007512022634
v 0.1419993519 -0.1970818391 -0.008088725528
v 0.1412286639 -0.1962089695 -0.007810129893
v 0.1413280555 -0.1963215647 -0.008368351879
v 0.140499384 -0.1953829892 -0.008284122773
v 0.1406366321 -0.1955384902 -0.008817728201
v 0.1398058813 -0.1945975432 -0.008901813161
v 0.1399789886 -0.1947936731 -0.009403478389
v 0.1391951904 -0.1939058792 -0.009621379933
v 0.1394056544 -0.194144326 -0.01007902313
v 0.1401641402 -0.1985147675 -0.007511991155
v 0.1402160352 -0.1985797554 -0.008088693859
v 0.1394891344 -0.197670113 -0.007810098598
v 0.1395828755 -0.1977874627 -0.008368320484
v 0.1388012466 -0.1968093255 -0.008284091947
v 0.1389307043 -0.196971386 -0.008817697769
v 0.1381471313 -0.1959908046 -0.008901782499
v 0.1383104142 -0.1961951961 -0.009403447818
v 0.1375711117 -0.1952700128 -0.009621349086
v 0.1377696269 -0.1955184965 -0.01007899101
v 0.1383126979 -0.1999208883 -0.007511967598
v 0.1383613567 -0.1999883376 -0.008088670328
v 0.1376799432 -0.1990441204 -0.007810075847
v 0.1377678287 -0.1991659387 -0.008368296858
v 0.1370351634 -0.1981506344 -0.008284070008
v 0.1371565232 -0.198318848 -0.00881767546
v 0.1364219744 -0.1973010109 -0.008901761613
v 0.1365750372 -0.1975131521 -0.009403425207
v 0.1358820492 -0.1965528087 -0.009621329059
v 0.1360681315 -0.1968107419 -0.0100789659
v 0.1363944811 -0.2012344713 -0.007511952021
v 0.1364397717 -0.2013042162 -0.008088654657
v 0.1358055292 -0.2003277113 -0.007810060392
v 0.135887325 -0.2004536823 -0.008368280856
v 0.1352053494 -0.1994036775 -0.008284054683
v 0.1353183185 -0.199577638 -0.008817658936
v 0.1346346251 -0.1985249684 -0.008901746168
v 0.1347770867 -0.1987443775 -0.009403408611
v 0.1341320664 -0.1977512204 -0.009621313515
v 0.1343052769 -0.1980179714 -0.01007894812
v 0.13441415 -0.2024524032 -0.007511944456
v 0.1344559552 -0.2025242932 -0.008088647012
v 0.1338704028 -0.2015178602 -0.007810052467
v 0.1339459339 -0.2016476835 -0.008368272707
v 0.1333163141 -0.2005654887 -0.008284046401
v 0.1334205998 -0.2007447899 -0.008817649822
v 0.1327893677 -0.1996598422 -0.008901737122
v 0.1329209072 -0.1998859785 -0.009403399523
v 0.1323253739 -0.1988623523 -0.00962130382
v 0.1324852887 -0.1991372897 -0.01007894037
v 0.1323763939 -0.2035716605 -0.007511944663
v 0.1324146417 -0.2036455008 -0.008088647154
v 0.1318791783 -0.2026115574 -0.00781005293
v 0.1319482401 -0.2027449322 -0.008368272506
v 0.1313724769 -0.20163316 -0.008284046453
v 0.1314678463 -0.2018173667 -0.008817648945
v 0.1308906508 -0.2007027546 -0.008901736897
v 0.1310109327 -0.2009350772 -0.009403398768
v 0.1304663441 -0.1998834599 -0.00962130332
v 0.1306125698 -0.2001659079 -0.01007894107
v 0.1302861947 -0.204589611 -0.007511953169
v 0.1303207679 -0.2046652512 -0.008088655674
v 0.1298366877 -0.2036062581 -0.007810060942
v 0.1298991203 -0.2037428695 -0.008368280446
v 0.1293786093 -0.2026041908 -0.008284054434
v 0.1294648301 -0.2027928529 -0.008817656297
v 0.1289430217 -0.2016512765 -0.008901744556
v 0.1290517553 -0.2018892152 -0.009403405808
v 0.1285594345 -0.2008121426 -0.00962131068
v 0.1286916372 -0.2011014114 -0.01007894729
v 0.1281485472 -0.2055037866 -0.007511969687
v 0.1281793739 -0.205581032 -0.008088672221
v 0.1277478355 -0.2044995528 -0.007810076552
v 0.1278034941 -0.204639071 -0.008368296373
v 0.1273394965 -0.2034761996 -0.008284068995
v 0.1274163511 -0.2036688523 -0.008817670799
v 0.1269511755 -0.2025030698 -0.008901757953
v 0.1270481149 -0.2027460552 -0.009403418632
v 0.1266092351 -0.2016461059 -0.009621322693
v 0.1267270808 -0.2019415354 -0.01007895662
v 0.125968607 -0.2063119598 -0.007511994188
v 0.1259956 -0.2063906304 -0.008088696624
v 0.125617642 -0.2052893014 -0.007810100485
v 0.1256663973 -0.2054313671 -0.008368319919
v 0.1252600231 -0.2042471639 -0.008284092157
v 0.1253273385 -0.2044433578 -0.008817693735
v 0.1249199368 -0.2032561263 -0.008901780375
v 0.1250048363 -0.203503574 -0.009403440657
v 0.1246204727 -0.2023834445 -0.009621344636
v 0.1247236953 -0.202684286 -0.0100789778
v 0.1237516369 -0.2070122472 -0.007512026318
v 0.1237747391 -0.2070921485 -0.008088728819
v 0.1234512955 -0.2059736198 -0.007810131649
v 0.1234930175 -0.2061179182 -0.008368350752
v 0.1231452509 -0.2049151828 -0.008284122069
v 0.1232028618 -0.2051144539 -0.008817723189
v 0.1228542169 -0.2039086772 -0.008901808837
v 0.1229268757 -0.2041599885 -0.009403468233
v 0.1225979394 -0.2030223581 -0.009621371534
v 0.1226862803 -0.203327893 -0.01007900491
v 0.121502965 -0.2076029004 -0.007512066294
v 0.1215221196 -0.207683823 -0.008088768733
v 0.1212539675 -0.2065507722 -0.007810169875
v 0.121288564 -0.2066969446 -0.008368389206
v 0.1210002237 -0.2054785936 -0.008284158195
v 0.1210479951 -0.2056804482 -0.008817759358
v 0.1207589482 -0.2044590285 -0.008901842342
v 0.1208191879 -0.2047136049 -0.009403501162
v 0.1205464779 -0.2035611964 -0.009621402526
v 0.1206197153 -0.2038707065 -0.01007903498
v 0.1192280188 -0.2080825448 -0.007512114281
v 0.1192431909 -0.2081643095 -0.008088816729
v 0.1190309577 -0.2070194718 -0.00781021596
v 0.1190583366 -0.2071671593 -0.008368435244
v 0.1188301443 -0.2059361232 -0.0082842021
v 0.1188679483 -0.2061400828 -0.00881780334
v 0.1186391765 -0.2049059496 -0.008901884122
v 0.118686856 -0.2051631784 -0.009403542541
v 0.1184710285 -0.203998802 -0.009621441639
v 0.1185289936 -0.204311525 -0.01007907322
v 0.1169322688 -0.2084499405 -0.007512169613
v 0.1169434089 -0.2085323529 -0.0080888721
v 0.1167876171 -0.2073785071 -0.007810269497
v 0.1168077233 -0.2075273513 -0.008368488492
v 0.1166402137 -0.2062866174 -0.008284252945
v 0.1166679675 -0.2064921743 -0.008817853964
v 0.1165000353 -0.2052483157 -0.00890193234
v 0.1165350362 -0.2055075693 -0.009403590801
v 0.1163766064 -0.2043339887 -0.009621487046
v 0.1164191598 -0.2046491926 -0.0100791182
v 0.1146212768 -0.208704281 -0.007512232174
v 0.1146283575 -0.208787147 -0.008088934772
v 0.1145293737 -0.2076270251 -0.007810329555
v 0.1145421522 -0.2077766825 -0.008368548749
v 0.114435726 -0.2065292366 -0.008284309871
v 0.1144533613 -0.206735913 -0.008817910701
v 0.1143466841 -0.2054853147 -0.008901985541
v 0.114368925 -0.2057459812 -0.009403643152
v 0.1142682726 -0.2045660626 -0.009621536355
v 0.1142953128 -0.2048829711 -0.01007916793
v 0.1123005645 -0.208844968 -0.007512302072
v 0.1123035736 -0.2089280787 -0.008089004594
v 0.1122616514 -0.2077645155 -0.007810396213
v 0.1122670698 -0.2079146131 -0.008368615398
v 0.1122219931 -0.206663454 -0.008284372197
v 0.1122294717 -0.2068707576 -0.008817972735
v 0.1121842783 -0.2056164331 -0.008902042782
v 0.112193708 -0.2058778708 -0.009403699983
v 0.1121510794 -0.204694434 -0.009621588233
v 0.1121625417 -0.2050122863 -0.01007922041
v 0.109975704 -0.2088715228 -0.007512378895
v 0.1099756575 -0.2089546831 -0.008089080504
v 0.1099898215 -0.2077904673 -0.007810469221
v 0.1099897171 -0.2079406865 -0.008368684561
v 0.1100042143 -0.2066888311 -0.008284440104
v 0.1100040611 -0.2068962733 -0.008818033708
v 0.1100179204 -0.2056412308 -0.008902104448
v 0.1100177207 -0.2059028555 -0.009403751854
v 0.1100299791 -0.2047187357 -0.009621643198
v 0.1100297327 -0.2050368074 -0.01007926206
v 0.1600581221 -0.001648200734 -0.00752344314
v 0.1601412532 -0.001649323114 -0.008100149431
v 0.1589769396 -0.001634080393 -0.007821503544
v 0.1591271045 -0.001636078234 -0.008379732245
v 0.1578751566 -0.001619701421 -0.008295443432
v 0.158082536 -0.001622445946 -0.008829060142
v 0.1568274054 -0.001606037812 -0.008913077704
v 0.1570889596 -0.001609488826 -0.009414758711
v 0.1559047717 -0.001594016593 -0.009632589004
v 0.156222765 -0.00159820297 -0.01009025255
v -0.0001846104101 -0.2074309612 -0.007516222149
v -0.0001856775917 -0.2075141081 -0.008092924824
v -0.0001704632916 -0.206349921 -0.007814311042
v -0.0001724079045 -0.2065001161 -0.00837252964
v -0.0001560409011 -0.2052483001 -0.008288279994
v -0.000158734564 -0.2054557091 -0.008821880007
v -0.0001423199236 -0.2042006999 -0.008905942142
v -0.0001457231308 -0.2044622828 -0.00940759924
v -0.0001302313894 -0.2032782052 -0.00962547783
v -0.0001343741451 -0.203596226 -0.01008310973
v 0.1580033877 0.1588902334 -0.009642417375
v 0.1579790676 0.1610110582 -0.009642565414
v 0.1583214172 0.158889951 -0.01010006746
v 0.1582968777 0.1610224919 -0.01010022953
v 0.1589260219 0.158878242 -0.008922903149
v 0.1589012056 0.161044317 -0.008923048539
v 0.159187603 0.1588779946 -0.009424574507
v 0.1591626146 0.1610536988 -0.009424730874
v 0.1599737735 0.1588646082 -0.008305266351
v 0.1599483925 0.1610820889 -0.008305410338
v 0.160181186 0.1588643966 -0.008838876431
v 0.1601556515 0.1610895094 -0.008839028278
v 0.1610755718 0.1588502588 -0.007831324734
v 0.1610496009 0.1611217685 -0.007831468445
v 0.1612257605 0.1588500936 -0.008389550088
v 0.1611996684 0.1611271486 -0.00838969797
v 0.1621567696 0.1588361681 -0.007533262901
v 0.1621301958 0.1611607232 -0.007533407856
v 0.1622399138 0.1588360589 -0.008109968356
v 0.1622132757 0.1611636699 -0.008110114383
v 0.1578506926 0.1631279832 -0.009642712236
v 0.1581675588 0.1631549874 -0.01010037708
v 0.1587700689 0.1632064622 -0.008923194383
v 0.1590307068 0.1632286701 -0.009424877136
v 0.1598141416 0.1632955391 -0.008305556057
v 0.1600207885 0.163313131 -0.008839175775
v 0.1609120921 0.1633892228 -0.007831615009
v 0.1610617191 0.1634019406 -0.008389845401
v 0.1619894897 0.163481108 -0.007533556203
v 0.162072325 0.1634881411 -0.008110262982
v 0.1576185706 0.1652360568 -0.009642858056
v 0.1579337321 0.1652785669 -0.01010052392
v 0.1585330213 0.165359516 -0.008923340615
v 0.1587922315 0.1653944842 -0.009425024869
v 0.1595714741 0.1654997518 -0.008305703439
v 0.1597770015 0.1655274622 -0.008839324018
v 0.1606635403 0.1656471611 -0.007831764239
v 0.1608123543 0.1656672215 -0.008389995244
v 0.1617351158 0.1657918322 -0.00753370782
v 0.1618174973 0.1658029098 -0.008110414997
v 0.1572833504 0.1673301887 -0.009643004136
v 0.1575960461 0.1673881252 -0.01010067156
v 0.158190637 0.1674984041 -0.008923487702
v 0.1584478373 0.1675460507 -0.009425173604
v 0.1592209763 0.1676894141 -0.008305852534
v 0.1594248916 0.1677271749 -0.008839473456
v 0.1603044567 0.1678902267 -0.007831915555
v 0.160452114 0.1679175597 -0.008390146681
v 0.1613676715 0.1680872847 -0.007533862084
v 0.1614494203 0.1681023942 -0.008110569531
v 0.1568456518 0.1694053637 -0.009643151609
v 0.1571551345 0.1694785724 -0.01010081995
v 0.1577436224 0.1696178715 -0.008923636626
v 0.1579981705 0.1696780858 -0.009425323127
v 0.1587633537 0.1698592116 -0.008306003724
v 0.1589651788 0.1699069396 -0.008839624666
v 0.1598356639 0.1701129545 -0.007832069356
v 0.1599818062 0.1701475052 -0.008390301013
v 0.1608879487 0.1703619264 -0.007534018626
v 0.1609688556 0.1703810408 -0.008110726482
v 0.1563067506 0.1714565727 -0.009643302119
v 0.1566122431 0.1715448701 -0.01010097246
v 0.1571931932 0.1717128804 -0.008923788498
v 0.1574444611 0.1717855065 -0.00942547561
v 0.1581998496 0.1720039419 -0.008306157377
v 0.1583990763 0.1720615097 -0.008839778748
v 0.1592584334 0.1723100078 -0.007832225505
v 0.1594026867 0.1723516768 -0.008390457531
v 0.1602972173 0.1726103162 -0.0075341776
v 0.160377088 0.1726333784 -0.008110885668
v 0.1556677591 0.1734788536 -0.009643451198
v 0.1559685585 0.1735820552 -0.01010112235
v 0.1565405794 0.1737783478 -0.008923939771
v 0.1567879838 0.1738632146 -0.009425627636
v 0.1575317527 0.174118447 -0.008306311468
v 0.1577279172 0.1741857264 -0.008839933608
v 0.1585740515 0.1744760497 -0.007832382861
v 0.1587160871 0.1745247667 -0.008390615331
v 0.1595968516 0.1748269968 -0.007534338365
v 0.1596754916 0.1748539496 -0.008111046639
v 0.1549303129 0.1754673567 -0.009643601816
v 0.1552257003 0.1755851887 -0.01010127193
v 0.1557874003 0.1758093198 -0.008924092612
v 0.1560303423 0.1759062265 -0.009425780306
v 0.1567606655 0.1761976389 -0.008306467093
v 0.1569532888 0.1762744575 -0.008840089676
v 0.157784165 0.1766059618 -0.007832541588
v 0.1579236532 0.1766615821 -0.008390774769
v 0.1587885255 0.177006641 -0.007534500253
v 0.1588657401 0.1770374126 -0.008111208811
v 0.1540962273 0.1774173192 -0.009643751091
v 0.1543854689 0.1775495081 -0.0101014211
v 0.1549354844 0.1778009144 -0.008924244928
v 0.1551733797 0.1779096152 -0.009425932324
v 0.1558885342 0.1782364999 -0.008306622745
v 0.1560771669 0.1783226847 -0.008840245375
v 0.156890763 0.178694577 -0.007832700765
v 0.1570273441 0.1787569563 -0.008390934462
v 0.1578742572 0.1791440363 -0.007534663147
v 0.1579498815 0.1791785543 -0.008111371991
v 0.1531674071 0.1793239773 -0.00964390066
v 0.1534498131 0.1794701893 -0.0101015727
v 0.1539868401 0.1797482917 -0.008924397549
v 0.1542191192 0.1798685408 -0.009426086114
v 0.154917366 0.1802301159 -0.00830677885
v 0.1551015433 0.1803254494 -0.008840401531
v 0.1558959097 0.1807368014 -0.00783286084
v 0.1560292543 0.1808058099 -0.008391094491
v 0.1568561542 0.1812339692 -0.007534826664
v 0.1569299787 0.1812721618 -0.008111535721
v 0.1521461623 0.1811827704 -0.009644050962
v 0.1524210577 0.1813426716 -0.01010172237
v 0.1529437905 0.1816467719 -0.008924550774
v 0.1531698833 0.1817782787 -0.009426239312
v 0.1538495572 0.1821737016 -0.008306935433
v 0.1540288142 0.1822779515 -0.008840558698
v 0.1548020603 0.1827277745 -0.007833020831
v 0.1549318533 0.1828032523 -0.00839125447
v 0.1557367295 0.1832714593 -0.007534990652
v 0.1558086038 0.1833132242 -0.00811169987
v 0.1510348932 0.1829892263 -0.009644203102
v 0.1513016022 0.1831624232 -0.01010187241
v 0.1518087646 0.1834917929 -0.008924705169
v 0.1520281304 0.1836342366 -0.009426393413
v 0.152687594 0.1840625004 -0.008307092513
v 0.1528615251 0.1841754335 -0.008840716495
v 0.1536117591 0.1846626495 -0.007833181185
v 0.1537377 0.184744407 -0.008391415342
v 0.1545186453 0.185251539 -0.007535154215
v 0.1545883745 0.1852967893 -0.008111863646
v 0.1498363147 0.1847389877 -0.009644353127
v 0.1500942059 0.1849250563 -0.010102023
v 0.1505846253 0.185278921 -0.008924857969
v 0.150796738 0.1854319509 -0.009426546714
v 0.1514343839 0.1858920782 -0.008307248588
v 0.151602568 0.1860134019 -0.008840872817
v 0.1523280011 0.1865368273 -0.007833340717
v 0.1524497892 0.1866246596 -0.00839157539
v 0.1532048804 0.1871695198 -0.007535317203
v 0.1532722989 0.1872181235 -0.00811202692
v 0.1485533519 0.1864278288 -0.009644499613
v 0.1488017937 0.1866263304 -0.01010216924
v 0.149274252 0.1870038416 -0.008925008012
v 0.1494786 0.1871670918 -0.009426697252
v 0.1500929082 0.18765794 -0.008307402613
v 0.1502549392 0.1877873618 -0.008841026619
v 0.1509537968 0.1883457678 -0.007833498779
v 0.1510711164 0.1884394704 -0.008391733566
v 0.1517985774 0.1890207111 -0.007535479229
v 0.1518635348 0.1890725659 -0.008112189097
v 0.1471890369 0.1880517012 -0.009644649524
v 0.1474274416 0.1882621517 -0.01010232063
v 0.1478808091 0.1886623854 -0.008925159855
v 0.1480768957 0.1888354748 -0.009426849185
v 0.1486663752 0.1893558564 -0.008307557212
v 0.148821847 0.1894930834 -0.008841180859
v 0.1494924715 0.1900850761 -0.00783365635
v 0.1496050515 0.1901844291 -0.008391891082
v 0.1503031061 0.1908006875 -0.00753564018
v 0.1503654367 0.1908556615 -0.008112350321
v 0.1457466713 0.1896066872 -0.009644789999
v 0.1459744662 0.1898285873 -0.01010246218
v 0.1464076573 0.190250589 -0.008925305024
v 0.1465950149 0.1904330768 -0.0094269939
v 0.1471582338 0.1909817587 -0.008307707095
v 0.1473067842 0.1911264529 -0.008841330506
v 0.1479475481 0.1917506377 -0.007833810862
v 0.148055117 0.1918553914 -0.008392045831
v 0.1487221057 0.1925051244 -0.007535798841
v 0.1487816588 0.1925630854 -0.008112509137
v 0.1442297528 0.1910890302 -0.009644936389
v 0.1444463794 0.1913218359 -0.01010260789
v 0.1448583227 0.1917645765 -0.008925453272
v 0.1450364986 0.1919560512 -0.009427142482
v 0.1455721282 0.1925316947 -0.00830785788
v 0.1457133947 0.1926834883 -0.00884148211
v 0.1463227584 0.1933383803 -0.007833964897
v 0.1464250594 0.1934482697 -0.008392200495
v 0.1470593825 0.1941299484 -0.007535955664
v 0.1471160074 0.1941907643 -0.008112666161
v 0.1426419008 0.1924951661 -0.009645075045
v 0.1428468451 0.1927383177 -0.01010274705
v 0.1432365729 0.1932007368 -0.008925595732
v 0.1434051289 0.1934007274 -0.009427285662
v 0.1439118694 0.1940019487 -0.008308004286
v 0.1440455198 0.1941605032 -0.008841629192
v 0.1446220319 0.1948445119 -0.007834115159
v 0.1447188086 0.1949593019 -0.008392350982
v 0.1453188945 0.195671263 -0.007536109982
v 0.1453724702 0.1957348011 -0.008112820551
v 0.1409869603 0.1938216913 -0.009645214939
v 0.141179723 0.1940746144 -0.01010288596
v 0.141546282 0.1945556068 -0.008925738045
v 0.141704839 0.1947636115 -0.009427428012
v 0.1421814646 0.195388981 -0.008308149484
v 0.1423071807 0.1955538982 -0.008841774055
v 0.1428494035 0.1962653436 -0.007834263413
v 0.1429404436 0.1963847539 -0.008392499118
v 0.1435048694 0.1971253021 -0.007536261428
v 0.1435552743 0.1971913853 -0.008112972262
v 0.1392689139 0.1950654692 -0.009645345897
v 0.1394490399 0.1953275437 -0.01010301525
v 0.1397915501 0.1958259138 -0.008925873219
v 0.1399396996 0.1960414611 -0.009427563207
v 0.140385043 0.196689474 -0.008308289269
v 0.1405025216 0.1968603557 -0.008841914223
v 0.1410091813 0.1975975555 -0.007834407445
v 0.1410942423 0.1977212762 -0.008392643686
v 0.1416216436 0.1984886411 -0.007536409643
v 0.1416687416 0.1985571072 -0.008113120802
v 0.1374918794 0.1962234356 -0.0096454781
v 0.1376589283 0.1964940412 -0.01010314763
v 0.1379765847 0.1970086223 -0.008926008107
v 0.1381139918 0.1972311802 -0.009427697696
v 0.1385270041 0.1979002408 -0.008308427222
v 0.1386359418 0.1980766884 -0.008842052277
v 0.1391058231 0.1988378702 -0.007834549063
v 0.1391847223 0.1989656057 -0.008392785328
v 0.1396738376 0.1997579112 -0.007536554261
v 0.1397175074 0.1998286129 -0.008113265608
v 0.1356602018 0.1972928213 -0.00964560511
v 0.1358137626 0.197571293 -0.01010327665
v 0.1361057887 0.1981008285 -0.008926138256
v 0.1362321037 0.1983298649 -0.009427828223
v 0.1366117805 0.1990183918 -0.008308560883
v 0.1367119335 0.1991999764 -0.008842185623
v 0.137143894 0.1999832626 -0.007834686261
v 0.1372164189 0.2001147176 -0.008392922042
v 0.1376660462 0.200930072 -0.007536694672
v 0.1377062109 0.2010028164 -0.008113406132
v 0.1337782288 0.1982710511 -0.009645729148
v 0.1339179498 0.1985567079 -0.01010340014
v 0.1341836289 0.1990999554 -0.008926265085
v 0.1342985465 0.199334908 -0.009427954873
v 0.1346439867 0.2000412291 -0.008308690861
v 0.1347351106 0.2002275067 -0.0088423154
v 0.1351281127 0.2010310332 -0.007834819245
v 0.1351940954 0.201165897 -0.008393055359
v 0.1356031806 0.2020023319 -0.00753683107
v 0.135639719 0.2020769716 -0.00811354277
v 0.131850504 0.1991557258 -0.009645846584
v 0.1319760339 0.1994479166 -0.010103517
v 0.1322147377 0.2000035431 -0.008926386021
v 0.1323179971 0.2002438491 -0.009428076137
v 0.1326283738 0.2009662613 -0.00830881551
v 0.132710239 0.2011567731 -0.008842440625
v 0.133063334 0.2019786447 -0.007834947494
v 0.133122621 0.2021165915 -0.008393184159
v 0.1334901693 0.2029720932 -0.007536962859
v 0.1335230044 0.2030484355 -0.008113674791
v 0.1298817177 0.1999448319 -0.009645961126
v 0.1299927712 0.2002428153 -0.01010363306
v 0.1302039007 0.2008094725 -0.008926503565
v 0.130295241 0.2010545542 -0.009428194116
v 0.1305697719 0.2017913539 -0.008308936129
v 0.1306421938 0.2019856552 -0.008842561933
v 0.1309545355 0.2028238414 -0.007835071462
v 0.1310069882 0.2029645153 -0.008393308196
v 0.131332108 0.2038370092 -0.007537089739
v 0.131361148 0.2039148764 -0.008113801678
v 0.1278765682 0.2006364005 -0.009646069831
v 0.1279728603 0.2009394649 -0.01010374165
v 0.128155936 0.201515803 -0.008926615305
v 0.1282351408 0.201765067 -0.009428305064
v 0.1284731909 0.2025144296 -0.008309051224
v 0.1285359922 0.2027120608 -0.008842676629
v 0.1288068092 0.2035645597 -0.007835189787
v 0.1288522894 0.2037076496 -0.00839342664
v 0.1291342079 0.2045950148 -0.007537211088
v 0.1291593907 0.204674214 -0.008113923191
v 0.1258398985 0.2012286991 -0.009646170166
v 0.1259212037 0.2015361322 -0.01010384063
v 0.1260757752 0.2021207562 -0.008926719632
v 0.1261426505 0.202373609 -0.009428408835
v 0.1263436302 0.2031337391 -0.008309159716
v 0.1263966628 0.2033342102 -0.008842785231
v 0.1266253248 0.2041989737 -0.007835302211
v 0.1266637309 0.2043441231 -0.008393539266
v 0.1269017502 0.2052442674 -0.007537326929
v 0.1269230135 0.205324591 -0.008114039235
v 0.1237766019 0.2017204269 -0.009646267739
v 0.1238427241 0.2020314712 -0.01010393748
v 0.123968415 0.2026229554 -0.008926820416
v 0.1240228038 0.202878788 -0.009428509829
v 0.124186257 0.2036478585 -0.008309263738
v 0.1242293806 0.2038506945 -0.008842889337
v 0.1244153315 0.2047256435 -0.007835409432
v 0.124446562 0.2048724963 -0.008393646537
v 0.1246401244 0.2057832364 -0.007537437234
v 0.1246574285 0.2058645058 -0.008114149599
v 0.121691661 0.2021102669 -0.009646353915
v 0.1217424416 0.2024241943 -0.01010402396
v 0.121838958 0.2030211417 -0.008926911685
v 0.1218807255 0.20327933 -0.009428601673
v 0.1220062405 0.2040554984 -0.008309359641
v 0.1220393592 0.2042601939 -0.008842985496
v 0.1221821463 0.2051432033 -0.007835509687
v 0.122206137 0.2052914025 -0.00839374699
v 0.1223547667 0.206210539 -0.007537540933
v 0.122368057 0.2062925614 -0.008114253481
v 0.1195901168 0.2023973932 -0.009646435258
v 0.119625434 0.2027134303 -0.01010410569
v 0.1196925405 0.2033143686 -0.008926997328
v 0.1197215893 0.203574303 -0.009428687192
v 0.1198088509 0.2043556807 -0.008309449779
v 0.1198318913 0.2045617599 -0.008843076129
v 0.119931174 0.205450703 -0.007835604032
v 0.1199478607 0.2055999068 -0.008393841645
v 0.1200512158 0.2065252237 -0.007537638585
v 0.12006046 0.2066078057 -0.008114351165
v 0.1174770044 0.2025810842 -0.009646507826
v 0.1174967811 0.202898472 -0.01010417954
v 0.1175343029 0.2035019879 -0.008927075136
v 0.1175505724 0.2037630281 -0.009428764439
v 0.1175993848 0.2045477401 -0.008309532733
v 0.1176122883 0.2047547119 -0.008843158752
v 0.1176678224 0.205647446 -0.007835691407
v 0.117677163 0.2057972823 -0.00839392901
v 0.1177349759 0.2067265479 -0.007537729401
v 0.1177401638 0.2068094809 -0.008114442015
v 0.1153572653 0.2026608729 -0.009646569293
v 0.1153653431 0.2029787862 -0.01010422786
v 0.1153693348 0.2035834708 -0.008927143438
v 0.1153759757 0.20384495 -0.009428823383
v 0.1153830286 0.2046311469 -0.00830960723
v 0.1153883065 0.2048384568 -0.008843226278
v 0.1153974486 0.2057328408 -0.007835771227
v 0.1154012714 0.205882943 -0.008394004877
v 0.1154116054 0.2068139322 -0.007537813196
v 0.1154137326 0.2068969947 -0.008114524975
v 0.005197055 0.2041014182 -0.00965040406
v 0.005201228979 0.2044193826 -0.01010807474
v 0.005209094475 0.2050240017 -0.008930981265
v 0.005212531883 0.2052855227 -0.009432671035
v 0.00522277334 0.2060716779 -0.00831344732
v 0.005225503382 0.2062790211 -0.008847072577
v 0.005237163416 0.2071733573 -0.007839613047
v 0.005239146093 0.2073234836 -0.00839785002
v 0.005251290213 0.2082544342 -0.007541656446
v 0.005252396719 0.20833751 -0.008118369292
v 0.1676164756 -0.001747045797 -0.007601710036
v 0.1675306017 -0.001745911802 -0.007421536506
v 0.1671645575 -0.001741152619 -0.007871974152
v 0.1672276927 -0.001741986341 -0.00800445694
v -0.160367976 0.163053736 -0.01094746014
v -0.1604507728 0.1631363307 -0.01077148912
v -0.1603517703 0.1658296431 -0.01076675707
v -0.1602666533 0.1657432772 -0.01094776801
v -0.1599214341 0.1630424446 -0.01066605932
v -0.1598243617 0.1657158132 -0.01065894064
v -0.1599052047 0.1658019289 -0.01048668396
v -0.1600001188 0.1631249403 -0.0104987231
v -0.1625496829 0.002570329873 -0.01076337922
v -0.1624666401 0.002569233266 -0.01093759037
v -0.1620977648 0.002564436695 -0.01049311499
v -0.1620188197 0.002563394199 -0.01065874935
v -0.1646217693 -0.160690436 -0.007609847413
v -0.1645315581 -0.1606062135 -0.007423063806
v -0.1642354526 -0.1605956213 -0.008005964234
v -0.1641746122 -0.160674409 -0.007889889122
v 0.1181991503 0.2141833215 -0.007436526127
v 0.1182922684 0.2143580987 -0.007719536209
v 0.1155993141 0.2144576929 -0.007716836572
v 0.1155094073 0.2142846022 -0.007436624046
v 0.1181830781 0.2139242241 -0.008019420574
v 0.1155027872 0.2140223858 -0.008019518047
v 0.1155886797 0.2140373257 -0.008046866999
v 0.1182663621 0.2139408072 -0.00805354876
v 0.1696292057 0.1587385619 -0.007431355976
v 0.1697169951 0.1588189337 -0.007613249201
v 0.1696884551 0.1615139134 -0.00761831073
v 0.1695982312 0.161429714 -0.007431522893
v 0.1693279917 0.1587387694 -0.008014276124
v 0.1693021654 0.1614190499 -0.008014442195
v 0.1692413171 0.1614978519 -0.007898380943
v 0.1692661969 0.1588192982 -0.007886014946
v 0.1235476827 0.2135857894 -0.007436306997
v 0.1236485727 0.2137656952 -0.007728252548
v 0.1209776142 0.2141273883 -0.007723531811
v 0.1208807537 0.2139502014 -0.007436420358
v 0.1235072883 0.2133356982 -0.008019202762
v 0.1208523475 0.2136954827 -0.008019315562
v 0.1209315996 0.2137148302 -0.008062388954
v 0.1235828095 0.2133585959 -0.008071448062
v 0.1261935181 0.2130909592 -0.007436186318
v 0.1262986169 0.2132736113 -0.007733260769
v 0.1261414443 0.2128457299 -0.00801908278
v 0.126213479 0.2128726516 -0.008080303083
v 0.1288118755 0.2124669418 -0.007436058612
v 0.128921226 0.2126522055 -0.007738221205
v 0.1287484306 0.2122267938 -0.008018955842
v 0.1288170724 0.2122580513 -0.00808863583
v 0.131396456 0.2117152353 -0.007435924189
v 0.1315099866 0.2119027688 -0.007742889145
v 0.1313219038 0.2114804037 -0.008018822058
v 0.1313871977 0.2115160262 -0.00809621634
v 0.1339410237 0.21083762 -0.007435783369
v 0.1340585724 0.2110269933 -0.00774707595
v 0.1338556349 0.210608295 -0.008018681947
v 0.1339175291 0.2106482982 -0.008102866171
v 0.1364394892 0.2098362323 -0.007435636492
v 0.1365608554 0.2100269265 -0.007750639915
v 0.1363435054 0.2096126491 -0.008018535918
v 0.1364019377 0.209656855 -0.008108450866
v 0.1388857889 0.2087134761 -0.007435483913
v 0.1390106823 0.2089049436 -0.007753474019
v 0.1387794217 0.2084958705 -0.008018383995
v 0.1388342707 0.2085441018 -0.008112876379
v 0.1412740417 0.2074720511 -0.007435325999
v 0.1414021108 0.207663626 -0.007755509233
v 0.1411575026 0.2072606289 -0.008018226809
v 0.1412085852 0.2073125753 -0.008116075675
v 0.1435985052 0.2061149832 -0.007435163132
v 0.1437293841 0.2063060444 -0.007756681843
v 0.1434720054 0.2059099502 -0.008018064675
v 0.1435191393 0.2059653459 -0.008117984738
v 0.1458535733 0.20464549 -0.007434995701
v 0.1459868065 0.2048353878 -0.007756957143
v 0.1457172801 0.2044470975 -0.008017897987
v 0.1457602224 0.2045056029 -0.008118571826
v 0.1480338235 0.2030671297 -0.00743482411
v 0.1481690001 0.2032552138 -0.007756299247
v 0.1478879187 0.2028756136 -0.008017727214
v 0.1479264415 0.2029368891 -0.008117812393
v 0.1501339858 0.2013837414 -0.007434648776
v 0.1502705753 0.2015693333 -0.007754699224
v 0.1499786365 0.201199338 -0.00801755264
v 0.1500124667 0.2012630296 -0.008115694149
v 0.1521490162 0.1995993551 -0.007434470119
v 0.1522865338 0.1997818502 -0.007752143628
v 0.1519843598 0.1994223161 -0.008017374621
v 0.152013255 0.1994881139 -0.00811220235
v 0.1540740377 0.1977182223 -0.007434288567
v 0.1542119237 0.1978969872 -0.00774863242
v 0.1539002269 0.1975488286 -0.008017193919
v 0.153923899 0.1976163642 -0.008107328108
v 0.1559044459 0.1957449333 -0.007434104558
v 0.156042186 0.1959193936 -0.007744167175
v 0.1557216034 0.1955834517 -0.008017010775
v 0.1557398102 0.195652445 -0.008101061624
v 0.157635832 0.1936842253 -0.007433918541
v 0.1577728226 0.1938538077 -0.007738765635
v 0.157444081 0.1935309671 -0.008016825566
v 0.1574565201 0.1936010795 -0.008093422765
v 0.1592639839 0.1915410711 -0.007433730959
v 0.1593996967 0.191705261 -0.007732448176
v 0.1590634775 0.1913963324 -0.008016638674
v 0.1590699369 0.1914673133 -0.008084429015
v 0.1607850345 0.1893205881 -0.007433542259
v 0.1609188823 0.1894789313 -0.00772525028
v 0.1605758664 0.1891847104 -0.008016450884
v 0.1605761045 0.1892563246 -0.008074106241
v 0.162195254 0.1870281602 -0.007433352908
v 0.1623267091 0.1871801867 -0.007717207346
v 0.1619775478 0.1869014696 -0.008016262454
v 0.1619713979 0.1869735109 -0.008062455565
v 0.1634913469 0.1846693293 -0.007433163351
v 0.1636198382 0.1848146741 -0.007708377949
v 0.1632651817 0.1845521826 -0.008016073641
v 0.1632524925 0.1846244741 -0.008049529603
v 0.1646700788 0.1822497411 -0.00743297405
v 0.16479514 0.1823880826 -0.007698850714
v 0.1644355939 0.1821425388 -0.008015885237
v 0.1644162893 0.1822149623 -0.008035419762
v 0.1657286646 0.1797752291 -0.007432785457
v 0.1658498462 0.1799063793 -0.007688706438
v 0.1654859846 0.1796783719 -0.008015697629
v 0.1654600643 0.1797509127 -0.008020188439
v 0.1666645448 0.1772517728 -0.007432598034
v 0.166781457 0.1773755581 -0.007678092987
v 0.1664137945 0.1771656912 -0.00801551121
v 0.1654859846 0.1796783719 -0.008015697629
v 0.1654600643 0.1797509127 -0.008020188439
v 0.1663813327 0.1772383186 -0.008003950983
v 0.1674754889 0.1746854368 -0.007432412225
v 0.1675878185 0.1748018315 -0.0076671636
v 0.167216779 0.1746106212 -0.0080153263
v 0.1671779998 0.1746833918 -0.007986855576
v 0.1681595211 0.1720824017 -0.007432228479
v 0.1682670753 0.1721914828 -0.007656139572
v 0.1678929918 0.1720193122 -0.00801514361
v 0.1678482256 0.1720924155 -0.007969101291
v 0.16871498 0.1694489481 -0.007432047241
v 0.1688177318 0.1695509246 -0.007645312996
v 0.1684407871 0.1693981043 -0.008014963321
v 0.168390574 0.1694718164 -0.007950959512
v 0.1691405624 0.1667913969 -0.007431868945
v 0.1692386372 0.166886744 -0.007635050309
v 0.1688588771 0.1667533628 -0.00801478607
v 0.1688039679 0.166828121 -0.007932786044
v 0.1694352196 0.1641161698 -0.007431694022
v 0.1695289977 0.1642054785 -0.007625839101
v 0.1691462284 0.1640915241 -0.008014612221
v 0.1690876437 0.1641678813 -0.00791504948
v 0.1125698192 -0.21631453 -0.01091598645
v 0.1126582057 -0.2164886857 -0.01063767156
v 0.1125550043 -0.2159023683 -0.01057288185
v 0.1126431969 -0.2160708591 -0.0103036621
v 0.16541867 -0.1650065523 -0.01073526318
v 0.1653335653 -0.1649202088 -0.01091629057
v 0.164891254 -0.1648927091 -0.01062749673
v 0.1649720853 -0.1649788036 -0.01045522367
v 0.1179324389 -0.2158570225 -0.01091601203
v 0.1180281689 -0.2160365342 -0.01062858101
v 0.1153486661 -0.2163282596 -0.01063348837
v 0.1152567435 -0.2161515842 -0.01091599992
v 0.117878092 -0.2154542087 -0.01056373011
v 0.1152219846 -0.2157437513 -0.01056805055
v 0.1153134317 -0.2159146389 -0.01029463921
v 0.1179730497 -0.2156278541 -0.01028539534
v 0.1205904508 -0.2154315356 -0.01091602297
v 0.1206901741 -0.2156139306 -0.01062338747
v 0.1205168798 -0.2150344162 -0.01055989997
v 0.120615526 -0.2152108814 -0.01027635274
v 0.1232243798 -0.2148761872 -0.01091603315
v 0.1233281355 -0.215061317 -0.01061824374
v 0.123131927 -0.2144853628 -0.01055654829
v 0.1232342999 -0.2146645738 -0.01026783625
v 0.1258278829 -0.2141922654 -0.01091604351
v 0.1259356081 -0.2143798163 -0.01061339427
v 0.1257169199 -0.2138083817 -0.01055366591
v 0.1258229496 -0.2139899948 -0.01026007542
v 0.1283946642 -0.2133814613 -0.01091605363
v 0.1285062229 -0.2135709994 -0.01060902918
v 0.128265556 -0.2130050894 -0.0105512343
v 0.1283751205 -0.2131887454 -0.01025324839
v 0.1309186108 -0.2124456918 -0.01091606466
v 0.1310338012 -0.2126367078 -0.01060528962
v 0.1307717073 -0.2120774324 -0.01054923732
v 0.13088459 -0.2122626069 -0.01024748939
v 0.1333935534 -0.2113872308 -0.01091607667
v 0.1335121293 -0.2115791701 -0.01060228344
v 0.1332292346 -0.2110276553 -0.01054766175
v 0.1333451888 -0.2112138384 -0.01024289402
v 0.1358135868 -0.2102086389 -0.01091608944
v 0.1359351995 -0.2104008265 -0.01060008068
v 0.1356321884 -0.2098582881 -0.01054652092
v 0.1357508947 -0.2100448349 -0.01023953021
v 0.1381728623 -0.2089127306 -0.01091610327
v 0.1382971771 -0.2091045511 -0.01059874416
v 0.1379747647 -0.208572146 -0.01054581141
v 0.1380958881 -0.208758471 -0.01023745812
v 0.1404657208 -0.207502636 -0.01091611815
v 0.1405922844 -0.2076934277 -0.01059831008
v 0.1402512744 -0.2071723735 -0.01054550873
v 0.1403743762 -0.2073578302 -0.01023671021
v 0.1426866189 -0.2059817547 -0.01091613432
v 0.1428150523 -0.2061708721 -0.01059881435
v 0.1424561741 -0.2056623705 -0.01054562085
v 0.1425808754 -0.2058463132 -0.01023731734
v 0.1448302032 -0.2043537574 -0.01091615122
v 0.144959994 -0.2045405082 -0.01060026598
v 0.1445841408 -0.204045763 -0.01054616209
v 0.1447099581 -0.2042275595 -0.01023928958
v 0.146891311 -0.2026225703 -0.0109161693
v 0.147022005 -0.2028063526 -0.01060267926
v 0.1466299814 -0.2023265218 -0.01054711721
v 0.1467564755 -0.2025055703 -0.01024263964
v 0.1488649705 -0.200792316 -0.01091618848
v 0.1489960248 -0.2009724819 -0.01060605465
v 0.1485887541 -0.2005087548 -0.01054848907
v 0.1487154117 -0.2006844229 -0.01024737913
v 0.1507464588 -0.1988674631 -0.01091620786
v 0.1508773745 -0.199043425 -0.01061039016
v 0.150455736 -0.1985969307 -0.01055029591
v 0.1505820578 -0.1987686604 -0.01025351647
v 0.1525312449 -0.1968526316 -0.01091622756
v 0.1526614336 -0.1970238006 -0.01061566944
v 0.1522263809 -0.1965956842 -0.01055254504
v 0.1523518232 -0.1967628873 -0.01026103501
v 0.1542149735 -0.1947526526 -0.01091624744
v 0.1543439354 -0.1949185156 -0.0106218713
v 0.1538964229 -0.1945098625 -0.01055521956
v 0.1540204859 -0.1946720259 -0.01026991385
v 0.1557936593 -0.1925725855 -0.01091626705
v 0.1559208192 -0.192732673 -0.01062896097
v 0.1554618021 -0.192344524 -0.01055834482
v 0.1555839553 -0.1925011787 -0.01028013045
v 0.1572634182 -0.1903177145 -0.01091628541
v 0.1573882758 -0.1904715433 -0.01063690367
v 0.1569187093 -0.1901049241 -0.0105619627
v 0.1570384665 -0.1902556466 -0.0102916825
v 0.1586208114 -0.187993449 -0.01091630202
v 0.1587428202 -0.1881406542 -0.01064564035
v 0.1582637051 -0.1877965168 -0.01056607162
v 0.15838055 -0.187940913 -0.01030451467
v 0.1598624873 -0.1856053783 -0.0109163172
v 0.1599811747 -0.1857456259 -0.01065508377
v 0.1594934526 -0.1854249066 -0.01057066739
v 0.1596069572 -0.1855626579 -0.01031854132
v 0.1609854648 -0.1831592455 -0.01091632989
v 0.1611004161 -0.1832923513 -0.01066515223
v 0.1606050455 -0.1829958225 -0.01057576835
v 0.1607148098 -0.183126745 -0.0103336975
v 0.1619870734 -0.1806609915 -0.01091633902
v 0.1620978887 -0.1807867566 -0.01067569803
v 0.1615957982 -0.1805152055 -0.0105814155
v 0.1617014672 -0.1806391007 -0.01034986799
v 0.1628648799 -0.1781166051 -0.01091634484
v 0.1629712767 -0.178234996 -0.01068656917
v 0.162463352 -0.1779890601 -0.01058760109
v 0.162564673 -0.17810588 -0.01036690585
v 0.1636167779 -0.1755321985 -0.01091634596
v 0.1637185612 -0.1756433021 -0.01069754341
v 0.1632056153 -0.1754234986 -0.01059435887
v 0.1633024234 -0.1755333157 -0.01038460985
v 0.1642409271 -0.1729140216 -0.01091634155
v 0.1643380793 -0.1730180463 -0.01070832901
v 0.1638208225 -0.1728247572 -0.01060171967
v 0.1639131148 -0.1729277949 -0.01040271166
v 0.1647358741 -0.170268374 -0.01091633126
v 0.1648285083 -0.1703657831 -0.01071855997
v 0.16430755 -0.1701991357 -0.01060968606
v 0.1643954998 -0.1702958135 -0.0104208554
v 0.1651003733 -0.1676016176 -0.01091631448
v 0.1651888838 -0.1676930273 -0.01072774892
v 0.1646646269 -0.1675529822 -0.01061827525
v 0.1647486436 -0.1676439015 -0.01043856888
v -0.107502907 0.2171375983 -0.01095020212
v -0.1075913125 0.2173117883 -0.01067191499
v -0.1048966822 0.2173409289 -0.01067462262
v -0.1048113311 0.2171685077 -0.01095003351
v -0.1074881155 0.2167254789 -0.01060704464
v -0.1048116859 0.2167536802 -0.01061090272
v -0.1048970433 0.2169204678 -0.01034454103
v -0.1075763265 0.2168940028 -0.01033785141
v -0.112865534 0.2166801058 -0.01095053687
v -0.1129612837 0.2168596529 -0.01066313477
v -0.110281773 0.2171513776 -0.01066789542
v -0.1101898312 0.2169746673 -0.01095037866
v -0.1128112111 0.2162773354 -0.0105982016
v -0.1101551035 0.2165668775 -0.01060237666
v -0.1102465618 0.2167377987 -0.01032898783
v -0.1129061878 0.2164510151 -0.01031988965
v -0.1155235387 0.2162546038 -0.01095067655
v -0.1156232819 0.2164370349 -0.0106580706
v -0.1154499845 0.2158575282 -0.01059449959
v -0.1155486575 0.2160340285 -0.01031097925
v -0.1181574677 0.2156992554 -0.01095079783
v -0.1182612437 0.215884422 -0.01065303858
v -0.1180650393 0.2153084754 -0.01059125823
v -0.118167432 0.2154877219 -0.01030257553
v -0.1207609706 0.2150153485 -0.01095090137
v -0.1208687164 0.2152029368 -0.01064828259
v -0.1206500322 0.2146315096 -0.01058846756
v -0.120756082 0.2148131588 -0.01029490802
v -0.123327752 0.2142045295 -0.01095098678
v -0.1234393317 0.2143941055 -0.01064399304
v -0.1231986687 0.2138282026 -0.01058611093
v -0.1233082387 0.2140118951 -0.0102881562
v -0.1258516987 0.21326876 -0.01095105426
v -0.1259669103 0.2134598143 -0.01064031062
v -0.1257048202 0.2129005459 -0.01058417178
v -0.1258177235 0.2130857575 -0.01028245437
v -0.1283266412 0.212210299 -0.01095110451
v -0.1284452386 0.2124022771 -0.01063734329
v -0.1281623476 0.2118507689 -0.0105826346
v -0.1282783225 0.2120369896 -0.01027789667
v -0.1307466748 0.2110316922 -0.01095113698
v -0.1308683091 0.2112239187 -0.01063515993
v -0.1305653016 0.210681387 -0.01058151264
v -0.1306840289 0.2108679716 -0.01027455009
v -0.1331059502 0.2097357989 -0.0109511519
v -0.1332302866 0.2099276584 -0.01063382464
v -0.1329078778 0.2093952599 -0.01058080429
v -0.1330290222 0.2095816228 -0.01027247983
v -0.1353988087 0.2083257042 -0.01095114926
v -0.1355253939 0.2085165351 -0.01063337308
v -0.1351843876 0.2079954874 -0.01058048771
v -0.1353075104 0.2081809822 -0.01027171779
v -0.1376197069 0.2068048081 -0.01095112936
v -0.137748162 0.2069939645 -0.01063384146
v -0.1373892874 0.2064854695 -0.01058056347
v -0.1375140097 0.2066694502 -0.01027228875
v -0.1397632911 0.2051768256 -0.01095109171
v -0.1398931033 0.2053636154 -0.01063523834
v -0.1395172539 0.2048688768 -0.01058104731
v -0.1396430921 0.2050507112 -0.0102742058
v -0.1418243989 0.2034456386 -0.0109510369
v -0.1419551142 0.2036294595 -0.01063757843
v -0.1415630944 0.2031496355 -0.01058193078
v -0.1416896093 0.2033287216 -0.0102774839
v -0.1437980584 0.2016153842 -0.01095096502
v -0.1439291338 0.2017955884 -0.01064086207
v -0.143521867 0.2013318684 -0.01058321184
v -0.1436485451 0.2015075736 -0.01028213139
v -0.1456795467 0.1996905313 -0.01095087539
v -0.1458104832 0.1998665309 -0.01064508831
v -0.1453888488 0.199420044 -0.01058491028
v -0.1455151908 0.1995918103 -0.01028816062
v -0.1474643327 0.1976756998 -0.01095076841
v -0.147594542 0.1978469059 -0.01065024
v -0.1471595084 0.1974187975 -0.01058702812
v -0.1472849558 0.1975860363 -0.01029555151
v -0.1491480612 0.1955757357 -0.01095064421
v -0.1492770431 0.195741635 -0.01065629731
v -0.1488295352 0.1953329902 -0.01058955857
v -0.1489536176 0.1954951887 -0.0103042861
v -0.150726747 0.1933956686 -0.01095050272
v -0.1508539265 0.1935557916 -0.01066322531
v -0.1503949142 0.1931676513 -0.01059252923
v -0.1505170864 0.1933243403 -0.01031434117
v -0.152196506 0.1911407828 -0.01095034332
v -0.1523213827 0.191294646 -0.01067098906
v -0.1518518213 0.190928036 -0.01059597088
v -0.151971597 0.1910787919 -0.01032571557
v -0.1535538992 0.1888165173 -0.01095016597
v -0.1536759265 0.1889637559 -0.01067953077
v -0.1531968168 0.1886196283 -0.01059988696
v -0.1533136795 0.1887640567 -0.01033835604
v -0.1547955751 0.1864284466 -0.01094997143
v -0.1549142804 0.1865687264 -0.01068876338
v -0.154426564 0.1862480175 -0.01060427421
v -0.1545400858 0.1863857998 -0.01035217286
v -0.1559185527 0.1839823138 -0.01094975915
v -0.1560335211 0.1841154506 -0.01069860574
v -0.1555381566 0.1838189328 -0.01060915154
v -0.1556479374 0.1839498851 -0.01036710431
v -0.1569201613 0.1814840598 -0.01094952861
v -0.157030993 0.1816098546 -0.01070891068
v -0.1565289089 0.1813383151 -0.01061456045
v -0.1566345937 0.1814622388 -0.01038303542
v -0.1577979678 0.1789396734 -0.01094928063
v -0.1579043803 0.1790580927 -0.01071952682
v -0.1573964623 0.1788121689 -0.0106204938
v -0.1574977984 0.1789290161 -0.01039981987
v -0.1585498658 0.1763552669 -0.01094901445
v -0.158651664 0.1764663974 -0.01073023254
v -0.1581387252 0.1762466067 -0.01062698594
v -0.1582355476 0.1763564496 -0.01041725732
v -0.159174015 0.17373709 -0.01094872986
v -0.1592711814 0.1738411403 -0.01074073677
v -0.1587539319 0.1736478643 -0.01063406834
v -0.1588462377 0.1737509266 -0.01043507959
v -0.159668962 0.1710914424 -0.0109484272
v -0.1597616097 0.1711888759 -0.01075067423
v -0.1592406588 0.1710222419 -0.01064174426
v -0.1593286215 0.171118943 -0.01045293153
v -0.1600334612 0.168424686 -0.01094810655
v -0.1601219846 0.168516119 -0.01075955829
v -0.1595977351 0.1683760873 -0.01065003162
v -0.1596817641 0.1684670288 -0.01047034219
v -0.1131324772 -0.2133598211 -0.007418060573
v -0.113225576 -0.2135346332 -0.007701055556
v -0.1131163653 -0.2131007955 -0.008000985856
v -0.113199647 -0.2131173828 -0.008035116079
v -0.1184810168 -0.212762274 -0.007418279704
v -0.1185818869 -0.2129422157 -0.007710210153
v -0.1159109213 -0.2133039084 -0.007705262938
v -0.1158140805 -0.2131266861 -0.007418166341
v -0.1184405828 -0.2125122546 -0.008001203536
v -0.1157856345 -0.2128720392 -0.008001090936
v -0.1158648837 -0.212891392 -0.008044161956
v -0.1185161003 -0.2125351588 -0.008053444974
v -0.121126845 -0.2122674588 -0.007418400382
v -0.1212319235 -0.2124501475 -0.007715459647
v -0.1210747314 -0.2120223013 -0.008001323517
v -0.121146762 -0.2120492306 -0.008062543416
v -0.1237452025 -0.2116434414 -0.007418528087
v -0.1238545324 -0.2118287423 -0.007720675428
v -0.1236817178 -0.2114033653 -0.008001450588
v -0.1237503548 -0.2114346313 -0.008071131535
v -0.1263297827 -0.2108917199 -0.007418662512
v -0.1264432925 -0.2110792913 -0.007725612088
v -0.1262551907 -0.2106569602 -0.008001584306
v -0.1263204794 -0.2106925922 -0.008078978448
v -0.1288743507 -0.2100141196 -0.007418803331
v -0.1289918781 -0.2102035313 -0.007730080579
v -0.1287889221 -0.2097848665 -0.00800172435
v -0.1288508105 -0.20982488 -0.008085907728
v -0.1313728162 -0.2090127319 -0.007418950205
v -0.1314941609 -0.2092034648 -0.007733938362
v -0.1312767926 -0.2087892206 -0.008001870645
v -0.1313352188 -0.2088334375 -0.008091783793
v -0.1338191158 -0.2078899756 -0.007419102786
v -0.1339439875 -0.2080814823 -0.007737077902
v -0.1337127089 -0.2076724419 -0.008002022501
v -0.1337675514 -0.2077206848 -0.00809651168
v -0.1362073688 -0.2066485656 -0.0074192607
v -0.1363354161 -0.2068401799 -0.007739428947
v -0.13609079 -0.2064372152 -0.008002179687
v -0.1361418659 -0.2064891736 -0.008100022371
v -0.1385318321 -0.2052914828 -0.007419423568
v -0.1386626891 -0.2054825836 -0.007740927613
v -0.1384052926 -0.2050865217 -0.008002341755
v -0.1384524197 -0.2051419296 -0.008102256139
v -0.1407869002 -0.2038219896 -0.007419590999
v -0.1409201115 -0.204011927 -0.007741537981
v -0.1406505821 -0.2036236687 -0.008002508444
v -0.1406935027 -0.2036821867 -0.008103178662
v -0.1429671506 -0.2022436442 -0.007419762589
v -0.1431023053 -0.2024317679 -0.007741223754
v -0.1428212061 -0.2020521999 -0.008002679215
v -0.142859722 -0.2021134877 -0.008102759333
v -0.1450673127 -0.200560241 -0.007419937924
v -0.1452038804 -0.2007458723 -0.00773997467
v -0.1449119236 -0.2003759095 -0.008002853856
v -0.1449457472 -0.2004396131 -0.00810098922
v -0.1470823431 -0.1987758547 -0.007420116581
v -0.1472198391 -0.198958389 -0.007737776833
v -0.146917647 -0.1985988875 -0.008003031742
v -0.1469465357 -0.198664697 -0.008097853661
v -0.1490073647 -0.1968947218 -0.007420298132
v -0.1491452292 -0.1970735255 -0.007734629214
v -0.1488335141 -0.1967254 -0.00800321251
v -0.14885718 -0.1967929467 -0.008093339921
v -0.1508377728 -0.1949214329 -0.007420482139
v -0.1509754918 -0.1950959314 -0.007730532503
v -0.1506548906 -0.1947600231 -0.008003395722
v -0.1506730917 -0.1948290268 -0.008087439639
v -0.1525691589 -0.1928607249 -0.007420668156
v -0.1527061287 -0.1930303449 -0.007725503551
v -0.1523773682 -0.1927075385 -0.008003580931
v -0.1523898019 -0.1927776454 -0.008080169737
v -0.1541973107 -0.1907175558 -0.007420855741
v -0.1543330031 -0.1908817825 -0.007719561918
v -0.1539967645 -0.1905728889 -0.00800376769
v -0.1540032192 -0.1906438782 -0.008071549122
v -0.1557183613 -0.1884970728 -0.007421044437
v -0.1558521892 -0.1886554519 -0.007712742227
v -0.1555091534 -0.1883612669 -0.008003955546
v -0.1555093876 -0.1884328883 -0.008061600228
v -0.1571285809 -0.1862046597 -0.007421233792
v -0.1572600167 -0.1863567212 -0.007705078565
v -0.156910835 -0.186078041 -0.008004144109
v -0.156904682 -0.186150088 -0.008050325191
v -0.1584246739 -0.1838458289 -0.007421423349
v -0.1585531463 -0.1839912076 -0.007696628787
v -0.1581984689 -0.183728754 -0.008004332655
v -0.1581857774 -0.1838010496 -0.008037778642
v -0.1596034057 -0.1814262407 -0.00742161265
v -0.1597284488 -0.1815646149 -0.007687480917
v -0.1593688811 -0.1813191102 -0.00800452106
v -0.1593495752 -0.1813915362 -0.008024045475
v -0.1606619915 -0.1789517287 -0.00742180124
v -0.1607831557 -0.1790829104 -0.007677714312
v -0.1604192718 -0.1788549433 -0.0080047088
v -0.1603933512 -0.1789274847 -0.008009188768
v -0.1615978717 -0.1764282724 -0.007421988666
v -0.1617147672 -0.1765520879 -0.007667476327
v -0.1613470817 -0.1763422626 -0.008004895353
v -0.1604192718 -0.1788549433 -0.0080047088
v -0.1603933512 -0.1789274847 -0.008009188768
v -0.1613146206 -0.1764148885 -0.007993323961
v -0.1624088158 -0.1738619364 -0.007422174475
v -0.1625211294 -0.17397836 -0.007656919158
v -0.1621500662 -0.1737871926 -0.00800508013
v -0.162111289 -0.1738599597 -0.007976597793
v -0.163092848 -0.1712589012 -0.007422358221
v -0.163200387 -0.1713680099 -0.007646263197
v -0.162826279 -0.1711958836 -0.008005262953
v -0.1627815159 -0.1712689812 -0.007959208572
v -0.163648307 -0.1686254477 -0.007422539458
v -0.1637510442 -0.1687274505 -0.007635799645
v -0.1633740743 -0.1685746757 -0.008005443109
v -0.1633238655 -0.1686483799 -0.007941426791
v -0.1640738893 -0.1659678965 -0.007422717755
v -0.1641719503 -0.1660632686 -0.00762589405
v -0.1637921643 -0.1659299342 -0.00800562036
v -0.1637372607 -0.1660046823 -0.007923607376
v -0.1643685465 -0.1632926693 -0.007422892678
v -0.1644623114 -0.163382002 -0.00761703314
v -0.1640795156 -0.1632680956 -0.008005794209
v -0.1640209376 -0.1633444405 -0.007906218064
v 0.1699172867 0.1590083044 -0.00806360554
v 0.1678144653 -0.001749662485 -0.008052554869
v 0.1694460117 0.1590087159 -0.008290287443
v 0.1673424308 -0.001743503443 -0.00827700191
v 0.1671645575 -0.001741152619 -0.007871974152
v 0.1692661969 0.1588192982 -0.007886014946
v 0.1700723405 0.1591546279 -0.008586197581
v 0.1679677579 -0.001751699095 -0.008575707249
v 0.1695720481 0.159155112 -0.00871498098
v 0.1674672763 -0.001745162112 -0.008703092188
v 0.170133832 0.1592126068 -0.009186619107
v 0.16802854 -0.001752530717 -0.00917677024
v 0.1696203618 0.1592131221 -0.00918663664
v 0.1675151806 -0.001745817538 -0.009176788152
v 0.1700723815 0.1591545539 -0.009787037938
v 0.1679677989 -0.001751773185 -0.009777837738
v 0.1695720802 0.1591550538 -0.009658285644
v 0.1674673086 -0.001745220503 -0.00965048759
v 0.1699173633 0.1590081659 -0.01030962231
v 0.167814542 -0.001749801061 -0.01030100041
v 0.1694460728 0.1590086054 -0.01008296966
v 0.1673424922 -0.001743614355 -0.01007658645
v 0.005354511486 0.2161405787 -0.01024956074
v -0.1050169576 0.2175843636 -0.01025270835
v 0.00534861611 0.2156905012 -0.009971162075
v -0.1050173689 0.2171348553 -0.009972995179
v 0.005356945723 0.2163280342 -0.009759319887
v -0.1051099284 0.2177729623 -0.009762802394
v 0.005350477335 0.2158338311 -0.009596330459
v -0.1051103969 0.2172788895 -0.009598909437
v 0.005357898979 0.216402434 -0.009195760157
v -0.105146762 0.2178477967 -0.009199616008
v 0.005351154813 0.2158867056 -0.009195728601
v -0.105147256 0.2173319567 -0.009199584366
v 0.005356907295 0.2163281036 -0.008632191592
v -0.1051099668 0.2177730317 -0.008636418159
v 0.005350450049 0.2158338805 -0.008795120542
v -0.1051104241 0.2172789387 -0.008800250111
v 0.005354439629 0.2161407086 -0.008141927599
v -0.1050170294 0.2175844934 -0.008146482226
v 0.005348563247 0.2156905968 -0.008420270989
v -0.1050174217 0.2171349506 -0.008426140011
v -0.1606460432 0.1633309292 -0.01032115611
v -0.1627476726 0.002572946561 -0.01031253417
v -0.1601749183 0.1633190447 -0.01009447377
v -0.1622756381 0.002566787519 -0.01008808727
v -0.1607972169 0.1634813212 -0.009798582424
v -0.1629009651 0.002574983172 -0.009789381928
v -0.1602970827 0.1634687385 -0.009669798284
v -0.1624004836 0.002568446189 -0.009661996856
v -0.1608571704 0.1635409617 -0.009198167828
v -0.1629617472 0.002575814793 -0.009188318804
v -0.1603438622 0.1635280498 -0.00919814967
v -0.1624483878 0.002569101615 -0.009188300892
v -0.1607972579 0.1634813952 -0.008597741933
v -0.1629010061 0.002575057261 -0.008587251439
v -0.1602971149 0.1634687966 -0.008726493753
v -0.1624005159 0.002568504579 -0.008714601454
v -0.1606461198 0.1633310676 -0.008075139275
v -0.1627477492 0.002573085138 -0.008064088364
v -0.1601749794 0.1633191552 -0.008301791491
v -0.1622756994 0.002566898431 -0.008288502465
v -0.1600002075 0.1631251006 -0.007897503461
v -0.1620978538 0.002564597533 -0.007883462229
v -0.0002877187325 -0.2153172947 -0.0081155283
v -0.1106591998 -0.2138744336 -0.008120082803
v -0.0002818233623 -0.2148672172 -0.008393926769
v -0.1106478371 -0.2134250685 -0.00839979559
v -0.0002901529695 -0.2155047501 -0.00860576929
v -0.1107570365 -0.2140605372 -0.008609995814
v -0.0002836846006 -0.215010547 -0.008768758718
v -0.1107445736 -0.2135666212 -0.008773888219
v -0.0002911062257 -0.21557915 -0.009169328888
v -0.110795775 -0.2141343833 -0.00917318457
v -0.0002843620421 -0.2150634215 -0.009169360443
v -0.1107827799 -0.2136187067 -0.009173215909
v -0.000290114542 -0.2155048195 -0.009732897586
v -0.1107569981 -0.2140606066 -0.009736379782
v -0.0002836572558 -0.2150105964 -0.009569968635
v -0.1107445464 -0.2135666704 -0.009572547278
v -0.0002876468751 -0.2153174246 -0.01022316138
v -0.110659128 -0.2138745635 -0.01022630893
v -0.0002817704974 -0.2148673128 -0.009944817789
v -0.1106477844 -0.2134251639 -0.009946650757
v 0.1157259133 0.2146978476 -0.008138780119
v 0.1157145697 0.214248448 -0.008418438752
v 0.1158237759 0.2148838908 -0.008628709395
v 0.1158113242 0.2143899547 -0.008792541766
v 0.1158625528 0.2149576676 -0.009191904608
v 0.1158495578 0.214441991 -0.009191873135
v 0.1158238143 0.2148838214 -0.00975509363
v 0.1158113515 0.2143899055 -0.009591200959
v 0.1157259851 0.2146977178 -0.01024500651
v 0.1157146224 0.2142483527 -0.009965293454
v 0.1184216619 0.2145976954 -0.008140659439
v 0.1183939584 0.2141507896 -0.008424105951
v 0.1185216797 0.2147833081 -0.008629656411
v 0.1184911984 0.2142906805 -0.008796116709
v 0.1185613333 0.2148568946 -0.009191806543
v 0.1185294799 0.2143418372 -0.009191775619
v 0.118521718 0.2147832388 -0.00975395017
v 0.1184912254 0.2142906317 -0.009587430828
v 0.1184217336 0.2145975658 -0.01024293147
v 0.1183940107 0.2141506949 -0.0099594315
v 0.121109648 0.2143660415 -0.00814345574
v 0.1210603228 0.2139232481 -0.008431550695
v 0.12121175 0.2145509267 -0.008631086288
v 0.1211572526 0.2140610718 -0.008800807899
v 0.1212522199 0.2146242641 -0.009191700355
v 0.1211951692 0.2141111159 -0.009191670008
v 0.1212117882 0.2145508576 -0.009752307869
v 0.1211572792 0.2140610236 -0.009582529061
v 0.1211097195 0.2143659123 -0.01023992305
v 0.1210603747 0.2139231544 -0.009951776878
v 0.1237831614 0.2140031526 -0.008146769293
v 0.1237125016 0.2135653322 -0.008439054351
v 0.1238872559 0.2141871326 -0.008632790114
v 0.1238089207 0.213701151 -0.008805485161
v 0.1239285332 0.2142601019 -0.009191586823
v 0.1238463538 0.2137501287 -0.009191557794
v 0.123887294 0.2141870637 -0.009750376946
v 0.1238089471 0.2137011034 -0.009577627071
v 0.1237832327 0.2140030239 -0.01023638251
v 0.1237125529 0.2135652394 -0.00994404844
v 0.1264356836 0.2135096803 -0.008150287875
v 0.126344028 0.2130776779 -0.008446309812
v 0.1265417237 0.2136925917 -0.008634601561
v 0.1264397665 0.2132115982 -0.00880997312
v 0.126583778 0.2137651636 -0.009191465949
v 0.1264766427 0.2132595999 -0.009191438442
v 0.1265417616 0.2136925231 -0.009748324519
v 0.1264397925 0.2132115512 -0.00957290049
v 0.1264357546 0.213509552 -0.01023262255
v 0.1263440788 0.213077586 -0.009936553546
v 0.1290607242 0.2128867526 -0.008153772138
v 0.1289484037 0.2124613686 -0.008453091369
v 0.1291686641 0.2130685067 -0.008636391991
v 0.1290433675 0.2125936003 -0.008814139275
v 0.1292114797 0.2131406067 -0.009191337759
v 0.1290796209 0.2126407163 -0.009191312242
v 0.1291687019 0.2130684383 -0.009746277287
v 0.1290433932 0.2125935538 -0.009568480805
v 0.129060795 0.2128866247 -0.01022888189
v 0.1289484541 0.2124612776 -0.009929517617
v 0.1316518779 0.212135705 -0.008157048076
v 0.131519261 0.2117177692 -0.008459230073
v 0.1317617166 0.2123162273 -0.008638069628
v 0.1316133925 0.211848477 -0.008817888256
v 0.1318052781 0.2123878259 -0.009191202955
v 0.1316489729 0.2118948421 -0.009191178697
v 0.1317617543 0.2123161591 -0.009744330554
v 0.131613418 0.211848431 -0.009564465047
v 0.1316519484 0.2121355775 -0.01022533727
v 0.1315193109 0.211717679 -0.009923111802
v 0.134202886 0.2112582736 -0.008159981023
v 0.1340503474 0.2108485263 -0.008464587258
v 0.1343146003 0.2114375047 -0.00863956241
v 0.134143613 0.2109779788 -0.008821147599
v 0.1343589004 0.211508602 -0.009191061727
v 0.1341785148 0.2110237419 -0.009191037993
v 0.1343146379 0.2114374368 -0.009742555163
v 0.1341436383 0.2109779333 -0.009560924855
v 0.1342029563 0.2112581465 -0.01022212207
v 0.1340503969 0.2108484367 -0.009917473997
v 0.1367075458 0.2102564917 -0.008162470257
v 0.1365354831 0.2098557026 -0.008469070654
v 0.1368211206 0.2104344021 -0.008640816388
v 0.1366279157 0.2099841379 -0.008823872
v 0.1368661887 0.2105049828 -0.009190914279
v 0.1366621409 0.2100294481 -0.009190891926
v 0.1368211581 0.2104343343 -0.009741006538
v 0.1366279408 0.2099840927 -0.009557908729
v 0.136707616 0.210256365 -0.01021933854
v 0.1365355323 0.2098556136 -0.009912699277
v 0.1391597493 0.2091327789 -0.008164439562
v 0.138968589 0.2087416578 -0.008472611025
v 0.1392752142 0.2093093682 -0.008641791602
v 0.1390602225 0.2088693883 -0.008826006196
v 0.1393210356 0.2093794323 -0.00919076137
v 0.1390938177 0.2089143939 -0.009190740453
v 0.1392752516 0.2093093005 -0.009739725752
v 0.1390602474 0.2088693433 -0.009555471316
v 0.1391598193 0.2091326524 -0.01021706369
v 0.1389686379 0.2087415692 -0.009908856386
v 0.1415535848 0.2078897758 -0.008165839936
v 0.1413437387 0.2075090474 -0.008475161301
v 0.1416709247 0.2080650142 -0.008642461939
v 0.1414346657 0.2076363103 -0.008827519945
v 0.1417174991 0.208134547 -0.009190602962
v 0.141467648 0.207681175 -0.009190583536
v 0.141670962 0.2080649466 -0.009738738983
v 0.1414346904 0.2076362656 -0.009553643842
v 0.1415536547 0.2078896494 -0.01021534738
v 0.1413437875 0.2075089592 -0.009905992528
v 0.1438832946 0.2065304783 -0.008166625257
v 0.1436552043 0.2061608672 -0.008476681678
v 0.1440025096 0.2067043808 -0.0086428025
v 0.1437455324 0.2062879145 -0.008828403247
v 0.1440498371 0.2067733822 -0.009190439574
v 0.1437779786 0.2063328161 -0.00919042182
v 0.1440025469 0.2067043133 -0.009738071629
v 0.1437455571 0.2062878699 -0.009552436934
v 0.1438833644 0.2065303521 -0.01021423549
v 0.143655253 0.2061607793 -0.009904148531
v 0.1461431537 0.2050581208 -0.008166771703
v 0.1458972899 0.2047002915 -0.008477141876
v 0.1462643189 0.2052307312 -0.008642801172
v 0.1459872021 0.2048274486 -0.008828640793
v 0.1463123845 0.2052992013 -0.009190271599
v 0.1460191737 0.2048725203 -0.009190253699
v 0.1462643562 0.2052306637 -0.009737736858
v 0.1459872268 0.204827404 -0.009551863491
v 0.1461432235 0.2050579947 -0.01021375344
v 0.1458973385 0.2047002036 -0.00990335459
v 0.1483277547 0.203476291 -0.008166253467
v 0.1480645883 0.2031309228 -0.008476522343
v 0.1484508399 0.2036475797 -0.008642444521
v 0.1481542215 0.2032583964 -0.008828215554
v 0.1484996888 0.2037155478 -0.009190099442
v 0.1481858546 0.2033038004 -0.009190083165
v 0.1484508772 0.2036475122 -0.009737749709
v 0.1481542461 0.2032583518 -0.009551949461
v 0.1483278245 0.2034761648 -0.0102139277
v 0.1480646369 0.2031308348 -0.00990363453
v 0.150431842 0.201788783 -0.008165064508
v 0.1501518438 0.2014565554 -0.008474822627
v 0.1505568482 0.2019588246 -0.008641729106
v 0.1502413952 0.2015846113 -0.008827115569
v 0.1506064503 0.2020262613 -0.009189923519
v 0.150272766 0.2016304657 -0.009189910499
v 0.1505568856 0.201958757 -0.009738112996
v 0.1502414199 0.2015845665 -0.009552703508
v 0.1504319119 0.2017886567 -0.01021476535
v 0.1501518925 0.2014564672 -0.0099049869
v 0.1524502684 0.1999997029 -0.008163194876
v 0.1521539535 0.1996812648 -0.008472022063
v 0.1525772248 0.2001684522 -0.008640650159
v 0.1522436491 0.1998100936 -0.008825337666
v 0.1526276102 0.2002353868 -0.009189744254
v 0.1522749084 0.1998565306 -0.009189732926
v 0.1525772623 0.2001683845 -0.009738833527
v 0.152243674 0.1998100487 -0.009554124455
v 0.1524503384 0.1999995764 -0.01021627639
v 0.1521540024 0.1996811763 -0.009907432884
v 0.1543781859 0.1981132569 -0.008160645461
v 0.1540660695 0.1978092572 -0.00846811582
v 0.1545070787 0.1982807886 -0.00863920798
v 0.1541561212 0.1979390947 -0.008822895844
v 0.1545582471 0.1983472062 -0.009189562076
v 0.1541874046 0.1979862316 -0.009189552335
v 0.1545071162 0.1982807208 -0.009739911468
v 0.1541561462 0.1979390495 -0.009556205544
v 0.1543782561 0.1981131301 -0.01021846205
v 0.1540661187 0.1978091683 -0.009910978228
v 0.1562109618 0.1961341401 -0.008157416645
v 0.1558835737 0.1958452129 -0.008463110398
v 0.1563418203 0.1963004241 -0.008637402875
v 0.1559742664 0.1959762043 -0.008819790807
v 0.1563937726 0.1963663842 -0.009189377298
v 0.1560057097 0.1960241586 -0.009189369433
v 0.1563418579 0.196300356 -0.009741346993
v 0.1559742916 0.1959761587 -0.009558944419
v 0.1562110321 0.1961340129 -0.01022132171
v 0.1558836232 0.1958451234 -0.009915614595
v 0.1579441413 0.1940670009 -0.008153521706
v 0.1576020712 0.1937937941 -0.008457014816
v 0.1580769815 0.1942321113 -0.00863524274
v 0.1576936609 0.1939261297 -0.008816023263
v 0.1581296873 0.1942975697 -0.009189190757
v 0.1577253984 0.1939749293 -0.009189184785
v 0.1580770192 0.194232043 -0.009743134426
v 0.1576936714 0.1939260839 -0.009562342453
v 0.1579442119 0.1940668732 -0.01022484383
v 0.1576021211 0.1937937038 -0.009921340561
v 0.1595735594 0.1919169753 -0.008148975206
v 0.1592173666 0.1916600926 -0.008449831528
v 0.1597083512 0.1920808977 -0.008632734684
v 0.1593100929 0.1917938736 -0.008811596589
v 0.1597618706 0.1921458833 -0.009189002512
v 0.1593423346 0.1918436053 -0.009188998315
v 0.1597083891 0.1920808291 -0.009745265707
v 0.1593101186 0.1917938271 -0.009566398899
v 0.1595736303 0.1919168471 -0.01022901423
v 0.159217417 0.1916600015 -0.009928153122
v 0.1610952889 0.1896891666 -0.008143802875
v 0.1607255926 0.1894492409 -0.008441587193
v 0.1612320628 0.1898519453 -0.008629893259
v 0.1608197699 0.1895845674 -0.008806530526
v 0.1612863508 0.1899164439 -0.009188813146
v 0.1608526206 0.1896352744 -0.0091888106
v 0.1612321009 0.1898518764 -0.009747728511
v 0.160819796 0.1895845203 -0.009571091982
v 0.1610953602 0.1896890378 -0.01023380835
v 0.1607256436 0.1894491487 -0.009936024519
v 0.1625056751 0.1873889876 -0.008138029254
v 0.1621231091 0.1871666214 -0.008432294841
v 0.1626443708 0.1875505786 -0.008626731164
v 0.1622189761 0.1873035202 -0.008800843489
v 0.162699443 0.1876146345 -0.009188622983
v 0.1622526151 0.1873552299 -0.009188622092
v 0.1626444092 0.1875505093 -0.009750510521
v 0.1622190026 0.1873034724 -0.009576399138
v 0.1625057467 0.1873888581 -0.01023920216
v 0.1621231607 0.1871665282 -0.009944937643
v 0.1638013036 0.1850220116 -0.008131696517
v 0.1634065462 0.1848177922 -0.00842200017
v 0.1639419816 0.1851824737 -0.008623271348
v 0.1635044169 0.1849563337 -0.008794571065
v 0.1639978233 0.1852461021 -0.009188432883
v 0.1635389933 0.185009059 -0.009188433913
v 0.1639420202 0.185182404 -0.009753590643
v 0.1635044437 0.1849562851 -0.009582292615
v 0.1638013757 0.1850218813 -0.01024515488
v 0.1634065985 0.1848176978 -0.0099548533
v 0.1649790908 0.1825940163 -0.008124868195
v 0.1645728351 0.1824085309 -0.008410762385
v 0.1651217061 0.1827533352 -0.008619547933
v 0.1646729623 0.1825486818 -0.008787733667
v 0.1651782867 0.1828164769 -0.009188243038
v 0.1647086097 0.1826023763 -0.009188245851
v 0.1651217449 0.1827532651 -0.009756933944
v 0.1646729896 0.1825486325 -0.009588753576
v 0.1649791633 0.1825938852 -0.01025160389
v 0.1645728881 0.1824084351 -0.009965714737
v 0.1660362516 0.1801108353 -0.008117601625
v 0.1656192355 0.1799446703 -0.008398613541
v 0.1661807445 0.1802689968 -0.008615591447
v 0.165721842 0.1800863681 -0.008780349445
v 0.1662380492 0.1803316668 -0.009188053639
v 0.165758679 0.1801409855 -0.009188058093
v 0.1661807835 0.1802689263 -0.009760511607
v 0.1657218698 0.1800863179 -0.009595762383
v 0.1660363245 0.1801107033 -0.01025849218
v 0.1656192893 0.179944573 -0.009977488609
v 0.1669702425 0.1775785372 -0.008110003048
v 0.1665432182 0.1774322342 -0.008385649497
v 0.1663813327 0.1772383186 -0.008003950983
v 0.1671165533 0.1777355273 -0.008611459166
v 0.1666485415 0.1775754013 -0.008772500685
v 0.167174597 0.1777977254 -0.009187865545
v 0.1666867165 0.1776308948 -0.009187871892
v 0.1671165926 0.1777354562 -0.009764268208
v 0.1666485698 0.1775753501 -0.009603239123
v 0.166970316 0.1775784043 -0.01026571508
v 0.1665432729 0.1774321353 -0.009990076912
v 0.1677789087 0.1750032751 -0.00810218116
v 0.1673426881 0.1748773749 -0.008371985135
v 0.1671779998 0.1746833918 -0.007986855576
v 0.1679269473 0.1751590502 -0.008607208357
v 0.16745089 0.1750218602 -0.008764254499
v 0.1679857004 0.1752207768 -0.009187679076
v 0.1674905066 0.1750781689 -0.009187687165
v 0.1679269869 0.1751589786 -0.009768146185
v 0.1674509189 0.175021808 -0.009611115587
v 0.1677789828 0.1750031413 -0.0102731642
v 0.1673427437 0.1748772743 -0.01000337179
v 0.1684603204 0.1723913184 -0.008094293821
v 0.1680157594 0.1722863313 -0.00835777392
v 0.1678482256 0.1720924155 -0.007969101291
v 0.1686100266 0.1725458345 -0.00860292423
v 0.1681270318 0.1724319832 -0.008755691434
v 0.1686694288 0.1726070457 -0.009187494681
v 0.1681681329 0.1724889724 -0.009187504491
v 0.1686100665 0.1725457625 -0.009772061365
v 0.1681270612 0.17243193 -0.009619313187
v 0.168460395 0.1723911836 -0.01028068299
v 0.168015816 0.172286229 -0.0100172204
v 0.1690129669 0.1697490798 -0.008086549847
v 0.1685609512 0.1696655011 -0.008343212291
v 0.168390574 0.1694718164 -0.007950959512
v 0.1691641907 0.1699022645 -0.008598718337
v 0.1686753801 0.1698120651 -0.008746922904
v 0.1692241671 0.1699629315 -0.009187312811
v 0.1687180091 0.1698696299 -0.009187324313
v 0.1691642309 0.1699021919 -0.009775903757
v 0.1686754102 0.1698120109 -0.00962772166
v 0.1690130419 0.1697489441 -0.0102880638
v 0.1685610088 0.1696653971 -0.01003142174
v 0.1694356362 0.1670830281 -0.008079210204
v 0.1689770959 0.1670213224 -0.00832856607
v 0.1688039679 0.166828121 -0.007932786044
v 0.1695882422 0.1672347787 -0.008594729627
v 0.1690947671 0.1671685143 -0.008738115799
v 0.1696487627 0.1672948721 -0.009187134034
v 0.1691389516 0.1672264904 -0.009187147063
v 0.1695882826 0.1672347057 -0.009779535153
v 0.1690947977 0.167168459 -0.009636174321
v 0.1694357117 0.1670828915 -0.01029504627
v 0.1689771545 0.1670212166 -0.01004571412
v 0.1697275056 0.1643997607 -0.008072622478
v 0.1692634295 0.1643603325 -0.008314170991
v 0.1690876437 0.1641678813 -0.00791504948
v 0.1698812533 0.1645499166 -0.008591144552
v 0.1693842641 0.1645078254 -0.008729447386
v 0.1699422126 0.1646093781 -0.009186958253
v 0.169430002 0.1645660489 -0.009186973041
v 0.1698812939 0.1645498431 -0.00978276864
v 0.1693842953 0.164507769 -0.009644494633
v 0.1697275816 0.1643996233 -0.01030128275
v 0.1692634891 0.1643602249 -0.01005976081
v 0.1698881103 0.1617059004 -0.008067238091
v 0.1694195171 0.1616891536 -0.008300470694
v 0.1692413171 0.1614978519 -0.007898380943
v 0.1700426691 0.1618542572 -0.008588204371
v 0.1695433303 0.161836488 -0.008721148006
v 0.1701039625 0.1619130436 -0.009186786692
v 0.1695905749 0.1618948105 -0.009186803067
v 0.1700427099 0.1618541834 -0.009785366205
v 0.169543362 0.1618364306 -0.009652451361
v 0.1698881866 0.1617057624 -0.01030632473
v 0.1694195775 0.1616890443 -0.01007311861
v 0.1100838147 -0.2167612093 -0.01021860708
v 0.110084207 -0.2163116665 -0.009938948767
v 0.1101767447 -0.2169497475 -0.009728671551
v 0.110177202 -0.2164556544 -0.009564839465
v 0.1102135398 -0.2170245124 -0.009165473435
v 0.1102140339 -0.2165086724 -0.009165505344
v 0.1101767063 -0.216949678 -0.008602287316
v 0.1101771748 -0.2164556052 -0.008766180272
v 0.1100837429 -0.2167610795 -0.008112380962
v 0.1100841542 -0.2163115711 -0.008392094397
v 0.1657129126 -0.1625077835 -0.0102899499
v 0.1652417721 -0.1624958711 -0.01006330088
v 0.1658640506 -0.1626581111 -0.009767347377
v 0.1653639076 -0.1626455125 -0.00963859875
v 0.1659239631 -0.1627176776 -0.009166921482
v 0.165410655 -0.1627047657 -0.009166939774
v 0.1658640097 -0.1626580371 -0.008566507152
v 0.1653638755 -0.1626454544 -0.008695294486
v 0.165712836 -0.1625076451 -0.008043933266
v 0.165241711 -0.1624957606 -0.008270618732
v 0.1650669116 -0.1623016562 -0.007866366674
v 0.1127812603 -0.2167315836 -0.01021653973
v 0.1127652327 -0.2162841059 -0.009933093942
v 0.112876356 -0.2169197478 -0.00972753608
v 0.1128587555 -0.2164264914 -0.009561072403
v 0.1129140326 -0.2169943455 -0.009165383116
v 0.1128956511 -0.2164786312 -0.00916541566
v 0.1128763177 -0.2169196785 -0.008603241922
v 0.1128587285 -0.2164264427 -0.008769767332
v 0.1127811886 -0.216731454 -0.008114267957
v 0.1127651804 -0.2162840113 -0.00839776959
v 0.1154743849 -0.2165702685 -0.01021355534
v 0.1154366279 -0.2161263363 -0.009925463161
v 0.1155715831 -0.2167577747 -0.009725917908
v 0.115529902 -0.2162666622 -0.009556188476
v 0.1156100822 -0.2168321598 -0.009165301218
v 0.1155664695 -0.2163176952 -0.009165334413
v 0.1155715449 -0.2167577056 -0.008604696195
v 0.1155298753 -0.216266614 -0.00877448887
v 0.1154743135 -0.2165701393 -0.008117088502
v 0.1154365761 -0.2161262426 -0.008405237977
v 0.1181564733 -0.2162774146 -0.01021005546
v 0.1180972735 -0.2158378959 -0.009917775602
v 0.1182556871 -0.2164640681 -0.009724027748
v 0.1181900748 -0.215976204 -0.00955132974
v 0.1182950031 -0.2165380913 -0.009165228094
v 0.1182261874 -0.2160261435 -0.009165261593
v 0.118255649 -0.2164639992 -0.008606440517
v 0.1181900485 -0.2159761565 -0.008779203265
v 0.118156402 -0.2162772858 -0.008120442444
v 0.1180972221 -0.2158378032 -0.008412780515
v 0.1208209918 -0.2158535027 -0.0102063511
v 0.1207406435 -0.215419251 -0.009910335097
v 0.1209221788 -0.2160391241 -0.009722030782
v 0.1208328219 -0.2155556287 -0.00954666337
v 0.1209622822 -0.2161127703 -0.009165163128
v 0.1208684037 -0.215604578 -0.009165196452
v 0.1209221408 -0.2160390554 -0.008608307691
v 0.1208327959 -0.2155555817 -0.008783739859
v 0.1208209208 -0.2158533744 -0.008124016691
v 0.1207405927 -0.2154191592 -0.008420091629
v 0.1234614237 -0.2152994313 -0.01020268325
v 0.1233602443 -0.2148712554 -0.009903370674
v 0.1235645477 -0.2154839455 -0.009720056237
v 0.1234517 -0.215005925 -0.009542315665
v 0.1236054171 -0.2155571399 -0.009165107549
v 0.1234866753 -0.2150539724 -0.009165141809
v 0.1235645098 -0.2154838771 -0.008610170675
v 0.1234516743 -0.2150058785 -0.008787976797
v 0.123461353 -0.2152993034 -0.008127573236
v 0.123360194 -0.2148711645 -0.008426945291
v 0.1260713308 -0.2146163829 -0.01019922585
v 0.1259496669 -0.2141951219 -0.009897052525
v 0.1261763778 -0.2147997152 -0.009718196601
v 0.1260403233 -0.2143282462 -0.00953838856
v 0.1262180136 -0.214872428 -0.009165060434
v 0.126074653 -0.2143755254 -0.009165095946
v 0.1261763401 -0.2147996471 -0.008611936074
v 0.1260402979 -0.2143282002 -0.008791812301
v 0.1260712603 -0.2146162554 -0.008130936656
v 0.125949617 -0.2141950317 -0.008433170796
v 0.1286444105 -0.2138059739 -0.01019611365
v 0.1285026175 -0.2133923776 -0.009891517555
v 0.1287513664 -0.2139880646 -0.009716524904
v 0.1285924412 -0.2135242244 -0.009534952422
v 0.1287937536 -0.2140602955 -0.009165022694
v 0.1286261085 -0.2135708842 -0.009165058572
v 0.1287513287 -0.2139879966 -0.008613532151
v 0.128592416 -0.2135241788 -0.008795173304
v 0.1286443402 -0.2138058468 -0.008133972809
v 0.1285025679 -0.2133922881 -0.008438631348
v 0.1311743948 -0.2128700299 -0.01019344922
v 0.1310128648 -0.2124648783 -0.009886860333
v 0.1312832599 -0.2130508491 -0.009715095266
v 0.1311018826 -0.2125956865 -0.009532052723
v 0.1313264287 -0.2131225836 -0.009164994429
v 0.1311348855 -0.2126418758 -0.009165030584
v 0.1312832224 -0.2130507813 -0.008614904983
v 0.1311018575 -0.2125956412 -0.008798015993
v 0.1311743247 -0.2128699031 -0.008136581006
v 0.1310128156 -0.2124647894 -0.008443231976
v 0.1336551589 -0.2118108253 -0.01019130794
v 0.1334742701 -0.2114148388 -0.009883150653
v 0.1337659333 -0.211990373 -0.009713947938
v 0.1335625075 -0.2115449215 -0.009529746213
v 0.1338098686 -0.2120616109 -0.009164975039
v 0.1335948889 -0.2115907899 -0.009165011384
v 0.1337658959 -0.2119903053 -0.008616013921
v 0.1335624826 -0.2115448766 -0.00880028442
v 0.133655089 -0.2118106988 -0.008138683808
v 0.1334742211 -0.2114147503 -0.008446902631
v 0.1360806796 -0.2106308446 -0.01018973961
v 0.1358808395 -0.2102447588 -0.009880433807
v 0.1361933635 -0.2108091059 -0.00971310985
v 0.1359683827 -0.2103743705 -0.009528063546
v 0.1362380655 -0.2108798323 -0.009164965243
v 0.1360001552 -0.2104200819 -0.009165001688
v 0.1361933261 -0.2108090384 -0.008616832407
v 0.135968358 -0.2103743257 -0.008801948032
v 0.1360806098 -0.2106307183 -0.008140232236
v 0.1358807907 -0.2102446706 -0.008449599786
v 0.1384451376 -0.2093329326 -0.01018879058
v 0.1382267688 -0.2089574832 -0.009878749733
v 0.1385597311 -0.2095098926 -0.009712604977
v 0.1383137042 -0.2090868485 -0.009527018986
v 0.1386051998 -0.2095801075 -0.009164964665
v 0.1383449549 -0.209132583 -0.009165001117
v 0.1385596937 -0.2095098251 -0.008617335981
v 0.1383136945 -0.2090868041 -0.008802991286
v 0.1384450678 -0.2093328064 -0.008141180342
v 0.1382267201 -0.2089573952 -0.008451282481
v 0.1407427252 -0.2079201726 -0.01018848532
v 0.1405062808 -0.2075560362 -0.009878131441
v 0.140859302 -0.2080958919 -0.009712447156
v 0.1405928127 -0.2076855006 -0.009526626235
v 0.1409055226 -0.208165595 -0.009164973439
v 0.1406235695 -0.2077313926 -0.00916500981
v 0.1408592647 -0.2080958244 -0.00861751147
v 0.140592788 -0.207685456 -0.008803399545
v 0.1407426554 -0.2079200465 -0.008141503318
v 0.1405062322 -0.2075559483 -0.008451917863
v 0.142967943 -0.2063960247 -0.01018884936
v 0.1427138611 -0.2060438925 -0.009878600993
v 0.1430864737 -0.206570473 -0.009712650209
v 0.1428001207 -0.2061736662 -0.009526901246
v 0.1431334906 -0.2066396798 -0.009164991545
v 0.1428305307 -0.2062198666 -0.009165027745
v 0.1430864364 -0.2065704055 -0.008617345021
v 0.142800096 -0.2061736216 -0.008803160952
v 0.1429678731 -0.2063958985 -0.008141175325
v 0.1427138125 -0.2060438045 -0.008451484083
v 0.1451154384 -0.2047640996 -0.01018988985
v 0.144844187 -0.2044246633 -0.009880156484
v 0.1452359074 -0.2049373363 -0.009713216752
v 0.1449303348 -0.2045550019 -0.009527851025
v 0.1452837055 -0.2050060616 -0.009165018806
v 0.1449604852 -0.2046016757 -0.009165054746
v 0.14523587 -0.2049372688 -0.008616832596
v 0.14493031 -0.2045549571 -0.008802266279
v 0.1451153685 -0.2047639733 -0.008140189137
v 0.1448441382 -0.2044245751 -0.008449982896
v 0.1471799581 -0.203028412 -0.01019161656
v 0.14689205 -0.202702334 -0.009882812482
v 0.1473024252 -0.203200423 -0.009714152838
v 0.1469783215 -0.202833464 -0.00952948535
v 0.1473510046 -0.2032686517 -0.00916505529
v 0.1470083304 -0.2028807021 -0.00916509088
v 0.1473023877 -0.2032003553 -0.00861596947
v 0.1469782967 -0.202833419 -0.008800704283
v 0.1471798881 -0.2030282855 -0.00813853524
v 0.146892001 -0.2027022455 -0.008447397004
v 0.1491565461 -0.201193025 -0.01019403021
v 0.1488524644 -0.2008809674 -0.009886581947
v 0.1492809805 -0.2013638695 -0.009715458651
v 0.1489390653 -0.2010131149 -0.00953179536
v 0.1493303563 -0.2014316019 -0.009165101179
v 0.1489690798 -0.2010610534 -0.009165136331
v 0.149280943 -0.2013638016 -0.008614755295
v 0.1489390403 -0.2010130697 -0.008798485394
v 0.1491564759 -0.2011928982 -0.008136213485
v 0.1488524152 -0.2008808784 -0.00844371914
v 0.1510404482 -0.1992625111 -0.01019712881
v 0.1507207061 -0.1989651214 -0.009891457574
v 0.1511668803 -0.1994321596 -0.009717133541
v 0.1508079175 -0.1990984392 -0.009534771223
v 0.1512170515 -0.1994994552 -0.009165155821
v 0.1508380703 -0.1991471989 -0.009165190449
v 0.1511668427 -0.1994320916 -0.008613189556
v 0.1508078923 -0.1990983936 -0.008795617478
v 0.1510403779 -0.1992623839 -0.008133223752
v 0.1507206565 -0.1989650318 -0.00843895351
v 0.1528270899 -0.1972414004 -0.01020090134
v 0.1524922598 -0.1969593418 -0.009897429922
v 0.1529555335 -0.1974099276 -0.009719171527
v 0.1525803177 -0.1970940266 -0.009538418002
v 0.153006471 -0.1974767414 -0.00916521976
v 0.1526107572 -0.1971436394 -0.009165253778
v 0.1529554957 -0.1974098593 -0.00861127984
v 0.1525802922 -0.1970939806 -0.00879209788
v 0.1528270193 -0.1972412727 -0.008129579157
v 0.1524922099 -0.1969592515 -0.008433108635
v 0.1545121733 -0.1951347035 -0.0102053322
v 0.1541627986 -0.1948685941 -0.009904500696
v 0.1546425988 -0.1953020941 -0.009721563403
v 0.1542519697 -0.1950047538 -0.009542729687
v 0.1546943615 -0.1953684714 -0.009165292166
v 0.1542828733 -0.1950553261 -0.009165325491
v 0.1546425608 -0.1953020255 -0.008609032513
v 0.1542519439 -0.1950047073 -0.00878792924
v 0.1545121024 -0.1951345753 -0.008125293244
v 0.1541627482 -0.194868503 -0.008426181696
v 0.1560916388 -0.192947449 -0.01021039646
v 0.155728322 -0.1926979376 -0.009912644173
v 0.1562240756 -0.1931137332 -0.009724296486
v 0.1558189031 -0.1928356654 -0.009547690137
v 0.1562766192 -0.1931796437 -0.009165373005
v 0.1558503898 -0.1928872286 -0.009165405555
v 0.1562240374 -0.1931136643 -0.008606461235
v 0.155818877 -0.1928356183 -0.008783129213
v 0.1560915675 -0.1929473202 -0.008120391055
v 0.1557282711 -0.1926978455 -0.008418198332
v 0.1575616912 -0.1906849522 -0.01021606972
v 0.1571850503 -0.1904526579 -0.009921835142
v 0.1576960799 -0.1908501143 -0.009727358077
v 0.157277279 -0.1905920165 -0.009553277469
v 0.1577494191 -0.190915588 -0.009165462477
v 0.1573095274 -0.1906445729 -0.009165494173
v 0.1576960416 -0.1908500451 -0.008603578588
v 0.1572772525 -0.1905919687 -0.008777719957
v 0.1575616196 -0.1906848227 -0.008114896874
v 0.1571849987 -0.1904525647 -0.008409185687
v 0.1589187723 -0.1883526656 -0.01022230943
v 0.1585294698 -0.1881381931 -0.009932033468
v 0.1590551719 -0.188516751 -0.009730725067
v 0.1586236582 -0.1882792461 -0.00955945554
v 0.1591092911 -0.1885818174 -0.009165559695
v 0.1586568165 -0.1883328572 -0.009165590461
v 0.1590551333 -0.1885166813 -0.008600406038
v 0.1586236314 -0.1882791976 -0.008771734389
v 0.1589187002 -0.1883525353 -0.008108851069
v 0.1585294175 -0.1881380987 -0.008399180404
v 0.1601596479 -0.1859562991 -0.0102290539
v 0.1597583613 -0.1857602684 -0.009943188348
v 0.1602980138 -0.1861192923 -0.009734364223
v 0.1598547633 -0.1859029744 -0.009566210011
v 0.1603528842 -0.1861838915 -0.009165665363
v 0.1598889664 -0.1859575823 -0.009165695123
v 0.1602979751 -0.1861192222 -0.008596978212
v 0.159854736 -0.185902925 -0.008765189835
v 0.1601595753 -0.185956168 -0.008102318066
v 0.1597583085 -0.1857601576 -0.008388235997
v 0.1612813814 -0.1835016113 -0.01023624405
v 0.1608688335 -0.1833245982 -0.009955261473
v 0.1614216544 -0.1836634968 -0.009738244155
v 0.1609676729 -0.1834689303 -0.009573518408
v 0.1614772608 -0.1837276433 -0.00916577829
v 0.1610030406 -0.1835244919 -0.009165806974
v 0.1614216154 -0.1836634262 -0.008593323995
v 0.1609676451 -0.1834688801 -0.00875810507
v 0.1612813084 -0.1835014794 -0.008095353826
v 0.1608687797 -0.1833245009 -0.008376386604
v 0.1622812717 -0.1809946025 -0.01024377528
v 0.1618582 -0.1808371828 -0.00996815836
v 0.1624233922 -0.1811553644 -0.009742308968
v 0.1619597164 -0.1809830549 -0.009581300221
v 0.1624797495 -0.1812190586 -0.009165898597
v 0.1619963983 -0.1810395272 -0.009165926137
v 0.1624233529 -0.1811552934 -0.008589499925
v 0.1619596881 -0.1809830037 -0.008750561518
v 0.1622811982 -0.1809944697 -0.008088063253
v 0.1618581453 -0.180837084 -0.008363730812
v 0.1617013864 -0.1806389547 -0.007982056086
v 0.1631570036 -0.1784413672 -0.0102515382
v 0.1627242055 -0.1783041029 -0.009981765078
v 0.1633008829 -0.1786009597 -0.009746501151
v 0.1628285648 -0.1784513679 -0.009589488365
v 0.1633579613 -0.1786642011 -0.009166026258
v 0.1628666657 -0.1785087077 -0.009166052587
v 0.1633008433 -0.1786008882 -0.008585563057
v 0.162828536 -0.1784513157 -0.008742626744
v 0.1631569296 -0.1784412334 -0.00808055516
v 0.1627241499 -0.1783040023 -0.008350377963
v 0.1625645911 -0.178105732 -0.007965271838
v 0.1639064841 -0.1758481222 -0.01025937601
v 0.163464802 -0.1757315458 -0.00999592697
v 0.1640520631 -0.1760064998 -0.00975073497
v 0.1635721999 -0.1758800573 -0.009598001626
v 0.1641098035 -0.1760692429 -0.009166160564
v 0.1636117665 -0.1759381013 -0.009166185622
v 0.1640520232 -0.1760064277 -0.008581597835
v 0.1635721704 -0.1758800041 -0.008734380007
v 0.1639064095 -0.1758479875 -0.008072986441
v 0.1634647455 -0.1757314435 -0.008336480095
v 0.1633023403 -0.1755331655 -0.007947831596
v 0.1645280351 -0.1732212386 -0.01026707895
v 0.1640783417 -0.1731258683 -0.01001044757
v 0.1646751658 -0.1733783249 -0.009754899921
v 0.1641888707 -0.1732753741 -0.009606729375
v 0.1647334942 -0.1734405389 -0.009166301452
v 0.1642299491 -0.1733340335 -0.009166325179
v 0.1646751257 -0.1733782523 -0.008577714367
v 0.1641888407 -0.1732753198 -0.008725930619
v 0.1645279601 -0.1732211029 -0.008065564999
v 0.1640782841 -0.1731257642 -0.008322238125
v 0.1639130305 -0.1729276425 -0.007930009485
v 0.1650202762 -0.1705671511 -0.01027438694
v 0.1645634889 -0.1704934758 -0.01002506361
v 0.1651688259 -0.17072284 -0.009758856744
v 0.1646772422 -0.170643694 -0.009615505074
v 0.1652277128 -0.1707844948 -0.009166448304
v 0.1647198642 -0.1707028052 -0.009166470649
v 0.1651687855 -0.1707227669 -0.008574051485
v 0.1646772116 -0.1706436386 -0.008717446553
v 0.1650202006 -0.1705670145 -0.008058550877
v 0.1645634303 -0.1704933699 -0.008307914358
v 0.1643954142 -0.1702956589 -0.007912157785
v 0.1653822122 -0.1678924335 -0.01028095126
v 0.164919309 -0.1678408832 -0.01003943515
v 0.1655319446 -0.168046558 -0.009762418527
v 0.1650362164 -0.1679914851 -0.009624150729
v 0.1655912866 -0.1681075926 -0.009166600762
v 0.1650803842 -0.1680508842 -0.009166621671
v 0.165531904 -0.1680464845 -0.008570794306
v 0.1650361852 -0.1679914287 -0.008709103083
v 0.1653821362 -0.1678922961 -0.00805229092
v 0.1649192495 -0.1678407756 -0.008293844798
v 0.1647485568 -0.1676437448 -0.007894747318
v 0.1656132053 -0.1652036941 -0.01028632231
v 0.165145194 -0.1651746994 -0.01005312166
v 0.1657637954 -0.1653560414 -0.00976534512
v 0.1652650827 -0.1653252207 -0.009632436574
v 0.1658234888 -0.1654164099 -0.009166758711
v 0.1653107536 -0.1653847582 -0.009166778138
v 0.1657637546 -0.1653559676 -0.008568183819
v 0.165265051 -0.1653251633 -0.008701133352
v 0.1656131289 -0.1652035561 -0.008047235809
v 0.1651451335 -0.1651745901 -0.008280473936
v 0.1649719975 -0.1649786448 -0.007878405218
v -0.1077143958 0.2175547381 -0.01025082149
v -0.1076983876 0.2171072954 -0.009967320519
v -0.1078095249 0.2177429626 -0.009761847255
v -0.1077919358 0.2172497268 -0.009595326635
v -0.1078472399 0.2178176296 -0.009199706061
v -0.1078288658 0.2173019154 -0.009199673916
v -0.1078095633 0.2177430319 -0.00863755323
v -0.1077919627 0.2172497755 -0.00880401225
v -0.1077144675 0.2175548677 -0.008148549451
v -0.10769844 0.21710739 -0.008431994237
v -0.1104075203 0.2173934531 -0.01024800081
v -0.1103697904 0.2169495565 -0.009959851867
v -0.110504752 0.2175810046 -0.009760392584
v -0.1104630824 0.217089913 -0.009590612816
v -0.1105432895 0.2176554439 -0.009199787959
v -0.1104996768 0.2171409793 -0.009199755031
v -0.1105047902 0.2175810737 -0.008639171137
v -0.110463109 0.2170899612 -0.008808888061
v -0.1104075918 0.2173935823 -0.008151533568
v -0.1103698348 0.2169496501 -0.00843962482
v -0.1130896164 0.2171005997 -0.01024464713
v -0.113030429 0.2166611171 -0.009952307999
v -0.1131888635 0.2172872982 -0.009758648928
v -0.113123263 0.2167994555 -0.009585898421
v -0.1132282178 0.2173613755 -0.009199861482
v -0.1131594021 0.2168494277 -0.009199827584
v -0.1131889016 0.2172873671 -0.008641062229
v -0.1131232893 0.2167995031 -0.008813748128
v -0.1130896876 0.2171007285 -0.008155034181
v -0.1130304803 0.2166612098 -0.008447313976
v -0.115754128 0.2166766585 -0.01024107295
v -0.1156737999 0.2162424433 -0.009944997681
v -0.115855348 0.2168623395 -0.009756781619
v -0.1157660031 0.2163788658 -0.009581353443
v -0.1158954894 0.2169360544 -0.009199926182
v -0.1158016109 0.2164278621 -0.009199891661
v -0.115855386 0.2168624081 -0.008643058927
v -0.1157660292 0.2163789128 -0.008818421416
v -0.115754199 0.2166767868 -0.008158738011
v -0.1156738507 0.2162425351 -0.008454753881
v -0.1183945602 0.2161225875 -0.01023751654
v -0.1182934012 0.2156944485 -0.009938144818
v -0.1184977096 0.2163071611 -0.009754919034
v -0.1183848741 0.2158291625 -0.009577113312
v -0.1185386243 0.216380424 -0.00919998216
v -0.1184198825 0.2158772565 -0.009199946303
v -0.1184977475 0.2163072295 -0.008645033472
v -0.1183848998 0.215829209 -0.008822771649
v -0.118394631 0.2161227154 -0.008162406255
v -0.1182934516 0.2156945395 -0.00846171817
v -0.1210044673 0.2154395544 -0.01023415259
v -0.1208828241 0.2150183307 -0.009931919047
v -0.1211095471 0.215622946 -0.00975315337
v -0.1209735049 0.2151514992 -0.009573277409
v -0.1211512206 0.215695727 -0.009200028877
v -0.1210078601 0.2151988244 -0.009199992567
v -0.1211095848 0.2156230142 -0.008646892577
v -0.1209735304 0.2151515452 -0.008826700485
v -0.1210045379 0.2154396819 -0.008165863395
v -0.120882874 0.2150184209 -0.008468037185
v -0.1235775474 0.2146291309 -0.0102311159
v -0.1234357752 0.2142155721 -0.009926459425
v -0.123684536 0.2148112807 -0.009751556893
v -0.1235256232 0.2143474629 -0.009569915075
v -0.1237269609 0.2148835795 -0.009200066483
v -0.1235593158 0.2143941683 -0.009200030605
v -0.1236845736 0.2148113487 -0.00864856414
v -0.1235256484 0.2143475085 -0.008830137819
v -0.1235776177 0.214629258 -0.008168975057
v -0.1234358247 0.2142156617 -0.008473572753
v -0.1261075319 0.2136931872 -0.01022850857
v -0.1259460229 0.2132880734 -0.009921858731
v -0.1262164297 0.2138740653 -0.009750184327
v -0.1260350648 0.2134189253 -0.009567073317
v -0.1262596359 0.2139458677 -0.009200095281
v -0.1260680928 0.2134651598 -0.009200059125
v -0.1262164672 0.2138741331 -0.008649994044
v -0.1260350898 0.2134189705 -0.008833036587
v -0.1261076021 0.2136933139 -0.008171640353
v -0.1259460721 0.2132881624 -0.008478230374
v -0.1285882962 0.2126339828 -0.01022640583
v -0.1284074283 0.2122380344 -0.009918186347
v -0.1286991032 0.2128135894 -0.009749075522
v -0.1284956899 0.2123681606 -0.009564806487
v -0.1287430759 0.212884895 -0.009200114405
v -0.1285280961 0.2124140739 -0.009200078059
v -0.1286991406 0.2128136571 -0.008651141639
v -0.1284957147 0.2123682056 -0.008835341767
v -0.1285883662 0.2126341093 -0.008173781705
v -0.1284074773 0.2122381229 -0.00848194052
v -0.131013817 0.2114540023 -0.01022485714
v -0.130813998 0.2110679547 -0.009915489059
v -0.1311265336 0.2116323075 -0.009748257035
v -0.1309015654 0.2111975949 -0.009563146067
v -0.131171273 0.2117031015 -0.009200124332
v -0.1309333627 0.2112433511 -0.009200087888
v -0.1311265709 0.2116323751 -0.008651979991
v -0.1309015902 0.2111976397 -0.008837022037
v -0.1310138869 0.2114541287 -0.008175349963
v -0.1308140468 0.2110680428 -0.008484657366
v -0.133378275 0.2101560905 -0.01022390903
v -0.1331599273 0.2097806793 -0.009913806762
v -0.133492901 0.2103331092 -0.00974775333
v -0.1332469017 0.2099100882 -0.009562101085
v -0.1335384071 0.2104033916 -0.009200124778
v -0.1332781621 0.2099558671 -0.009200088326
v -0.1334929383 0.2103331767 -0.008652484467
v -0.1332469115 0.2099101326 -0.00883806753
v -0.1333783448 0.2101562167 -0.008176299066
v -0.133159976 0.2097807673 -0.008486340109
v -0.1356758626 0.2087433305 -0.01022358626
v -0.1354394395 0.2083792324 -0.009913171647
v -0.1357924719 0.2089191085 -0.009747577973
v -0.1355259953 0.2085087401 -0.009561688567
v -0.1358387298 0.2089888791 -0.009200116137
v -0.1355567767 0.2085546767 -0.009200081496
v -0.1357925093 0.208919176 -0.00865264242
v -0.1355260199 0.2085087847 -0.008838466135
v -0.1356759324 0.2087434567 -0.008176604657
v -0.1354394881 0.2083793203 -0.008486959465
v -0.1379010806 0.2072191676 -0.01022391465
v -0.1376470348 0.2068670739 -0.009913603164
v -0.1380196438 0.2073936746 -0.009747745086
v -0.1377333034 0.2069968908 -0.009561925962
v -0.1380666978 0.2074629639 -0.009200098164
v -0.1377637379 0.2070431507 -0.009200063694
v -0.1380196812 0.2073937421 -0.008652439765
v -0.1377333281 0.2069969354 -0.008838192055
v -0.1379011504 0.2072192938 -0.008176240547
v -0.1376470835 0.2068671618 -0.00848649151
v -0.1400485758 0.2055872574 -0.01022490064
v -0.1397773603 0.2052478594 -0.009915101624
v -0.140169092 0.2057605679 -0.009748256849
v -0.139863532 0.2053782563 -0.00956282423
v -0.1402169128 0.2058293457 -0.00920007077
v -0.1398936924 0.2054249598 -0.00920003483
v -0.1401691294 0.2057606355 -0.008651872959
v -0.1398635567 0.205378301 -0.008837236291
v -0.1400486457 0.2055873837 -0.008175199729
v -0.1397774091 0.2052479476 -0.008484937085
v -0.1421130954 0.2038515695 -0.0102265544
v -0.1418252083 0.2035255296 -0.009917687583
v -0.142235595 0.2040236394 -0.009749119973
v -0.1419115039 0.2036567031 -0.009564387688
v -0.1422842119 0.2040919358 -0.009200034153
v -0.1419415376 0.2037039862 -0.00919999843
v -0.1422356324 0.2040237071 -0.008650936605
v -0.1419115288 0.203656748 -0.008835601033
v -0.1421131654 0.2038516961 -0.008173472819
v -0.1418252572 0.2035256181 -0.008482276828
v -0.1440896832 0.2020161822 -0.01022887549
v -0.1437856224 0.2017041625 -0.009921367509
v -0.1442141503 0.2021870857 -0.009750333749
v -0.1438722475 0.2018363538 -0.00956660365
v -0.1442635635 0.2022548859 -0.009199988131
v -0.1439022871 0.2018843375 -0.009199952846
v -0.1442141878 0.2021871535 -0.008649630526
v -0.1438722726 0.201836399 -0.008833294083
v -0.1440897533 0.2020163091 -0.008171059236
v -0.1437856716 0.2017042514 -0.0084785055
v -0.1459735851 0.200085668 -0.01023186509
v -0.1456538638 0.1997883159 -0.009926135401
v -0.1461000499 0.2002553756 -0.009751899621
v -0.1457410996 0.1999216777 -0.009569471832
v -0.1461502588 0.2003227393 -0.009199933489
v -0.1457712775 0.199970483 -0.009199898861
v -0.1461000875 0.2002554437 -0.008647955503
v -0.1457411248 0.1999217232 -0.008830317954
v -0.1459736555 0.2000857952 -0.008167960296
v -0.1456539133 0.1997884054 -0.00847363167
v -0.1477602265 0.1980645568 -0.01023550975
v -0.1474254171 0.1977825356 -0.009931982604
v -0.147888703 0.1982331434 -0.00975380947
v -0.1475135144 0.1979172649 -0.009572990765
v -0.1479396782 0.1983000254 -0.009199869683
v -0.1475439644 0.1979669234 -0.009199835666
v -0.1478887407 0.1982332117 -0.008645918183
v -0.1475135249 0.1979173107 -0.008826671973
v -0.1477602971 0.1980646844 -0.008164188165
v -0.1474254671 0.1977826259 -0.008467657791
v -0.1494453094 0.1959578743 -0.01023979607
v -0.1490959553 0.195691802 -0.009938907149
v -0.1495757679 0.1961253245 -0.009756057065
v -0.149185151 0.1958280063 -0.009577159538
v -0.1496275688 0.1961917555 -0.009199797277
v -0.1492160806 0.1958786102 -0.009199763952
v -0.1495758058 0.1961253931 -0.008643526174
v -0.1491851767 0.1958280528 -0.008822357362
v -0.1494453803 0.1959580024 -0.008159757377
v -0.1490960057 0.1956918931 -0.008460586752
v -0.1510247746 0.1937706192 -0.01024469866
v -0.1506614781 0.1935211445 -0.009946884194
v -0.1511572443 0.1939369782 -0.009758628476
v -0.1507520839 0.1936589322 -0.009581957837
v -0.1512098263 0.1940029427 -0.009199716572
v -0.1507835968 0.1937105276 -0.009199684022
v -0.1511572824 0.1939370471 -0.008640793092
v -0.15075211 0.1936589793 -0.008817396115
v -0.1510248458 0.193770748 -0.008154693181
v -0.1506615291 0.1935212366 -0.008452447466
v -0.1524948269 0.1915081068 -0.0102501927
v -0.152118206 0.1912758488 -0.009955899565
v -0.1526292489 0.1916733291 -0.009761510855
v -0.1522104598 0.1914152528 -0.009587367357
v -0.1526826263 0.191738872 -0.009199626967
v -0.1522427344 0.1914678718 -0.009199595404
v -0.1526292872 0.1916733984 -0.008637731499
v -0.1522104862 0.1914153006 -0.008811811841
v -0.1524948985 0.1915082363 -0.008149020127
v -0.1521182575 0.191275942 -0.008443257096
v -0.1538519075 0.1891758194 -0.01025623797
v -0.1534626248 0.1889613827 -0.009965909039
v -0.1539883406 0.1893399654 -0.009764683139
v -0.1535568386 0.1891024817 -0.009593354922
v -0.1540424984 0.1894051015 -0.009199529482
v -0.1535900238 0.1891561413 -0.009199498716
v -0.1539883791 0.1893400351 -0.00863436411
v -0.1535568655 0.1891025302 -0.008805633903
v -0.1538519795 0.1891759496 -0.008142779612
v -0.1534626771 0.1889614772 -0.008433056041
v -0.1550927826 0.1867794521 -0.01026277164
v -0.1546915155 0.1865834566 -0.009976854578
v -0.1552311823 0.1869425063 -0.009768111764
v -0.1547879432 0.1867262091 -0.00959990054
v -0.1552860914 0.1870071755 -0.009199424346
v -0.1548221737 0.1867808664 -0.009199394586
v -0.1552312211 0.1869425764 -0.008630725486
v -0.1547879705 0.1867262585 -0.008798880231
v -0.1550928551 0.1867795831 -0.008136035878
v -0.1546915687 0.1865835376 -0.008421901693
v -0.1562145157 0.1843247635 -0.01026973568
v -0.1558019869 0.1841477849 -0.009988703172
v -0.1563548226 0.1844867103 -0.009771765315
v -0.1559008524 0.1842921642 -0.009606984639
v -0.156410468 0.1845509274 -0.009199311153
v -0.1559362479 0.1843477759 -0.009199282469
v -0.1563548616 0.1844867808 -0.008626845155
v -0.1559008802 0.1842922144 -0.008791571168
v -0.1562145887 0.1843248954 -0.008128845464
v -0.1558020407 0.1841478822 -0.008409827571
v -0.1572144055 0.1818177537 -0.01027702606
v -0.1567913525 0.181660368 -0.01000136063
v -0.1573565602 0.1819785774 -0.009775589518
v -0.1568928954 0.1818062877 -0.009614527926
v -0.1574129567 0.1820423426 -0.009199190713
v -0.1569296055 0.1818628113 -0.009199163174
v -0.1573565995 0.1819786485 -0.00862278021
v -0.1568929237 0.1818063389 -0.008783788956
v -0.157214479 0.1818178866 -0.008121314028
v -0.1567914072 0.1816604669 -0.008396933346
v -0.1566346744 0.1814623847 -0.008015223448
v -0.1580901369 0.1792645175 -0.01028453395
v -0.1576573571 0.1791272864 -0.01001471414
v -0.1582340506 0.1794241723 -0.009779526387
v -0.1577617432 0.1792745997 -0.009622462965
v -0.1582911685 0.1794874852 -0.009199063185
v -0.1577998729 0.1793319918 -0.009199036856
v -0.1582340901 0.1794242438 -0.008618588292
v -0.1577617721 0.1792746519 -0.008775601477
v -0.1580902109 0.1792646513 -0.00811355091
v -0.1576574127 0.179127387 -0.008383327492
v -0.1574978803 0.1789291641 -0.007998186088
v -0.1588396168 0.1766712715 -0.0102921032
v -0.1583979527 0.1765547276 -0.01002860968
v -0.1589852305 0.1768297118 -0.009783491608
v -0.1585053777 0.1767032881 -0.009630709836
v -0.1590430107 0.176892527 -0.009198928879
v -0.1585449738 0.1767613854 -0.009198903954
v -0.1589852703 0.1768297839 -0.008614354473
v -0.1585054071 0.1767033414 -0.008767088615
v -0.1588396913 0.1766714063 -0.008105713629
v -0.1583980093 0.1765548299 -0.008369163139
v -0.1582356307 0.1763565998 -0.007980478932
v -0.1594611673 0.174044387 -0.01029952444
v -0.1590114914 0.1739490483 -0.01004285039
v -0.159608333 0.1742015364 -0.00978737481
v -0.1591220479 0.1740986039 -0.009639158292
v -0.1596667015 0.174263823 -0.009198787991
v -0.1591631563 0.1741573176 -0.009198764397
v -0.1596083731 0.1742016089 -0.008610189256
v -0.159122078 0.1740986582 -0.008758359802
v -0.1594612424 0.1740445227 -0.008098010489
v -0.1590115489 0.1739491524 -0.008354641606
v -0.158846322 0.173751079 -0.007962377483
v -0.1599534079 0.1713902986 -0.0103065391
v -0.1594966376 0.171316654 -0.01005717528
v -0.1601019927 0.171546051 -0.009791038225
v -0.1596104188 0.1714669227 -0.009647643156
v -0.1601609201 0.1716077789 -0.009198641405
v -0.1596530715 0.1715260893 -0.009198619194
v -0.1601020331 0.171546124 -0.008606232966
v -0.1596104495 0.1714669781 -0.008749584635
v -0.1599534834 0.1713904352 -0.008090703035
v -0.1594966961 0.1713167598 -0.008340026365
v -0.159328707 0.1711190976 -0.007944234105
v -0.1603153434 0.1687155802 -0.01031279839
v -0.1598524567 0.1686640597 -0.01007124438
v -0.1604651112 0.1688697686 -0.009794294871
v -0.1599693924 0.1688147128 -0.009655986493
v -0.1605244939 0.1689308767 -0.009198488681
v -0.1600135914 0.1688741683 -0.009198467772
v -0.1604651518 0.1688698421 -0.00860267065
v -0.1599694236 0.1688147692 -0.008740938847
v -0.1603154194 0.1687157176 -0.008084138054
v -0.1598525162 0.1686641673 -0.008325654024
v -0.1596818508 0.1684671856 -0.007926520625
v -0.1605463362 0.1660268402 -0.01031785377
v -0.1600783408 0.1659978742 -0.0100846179
v -0.1606969618 0.1661792517 -0.009796905624
v -0.1601982582 0.1661484474 -0.009663959417
v -0.1607566961 0.1662396939 -0.009198330732
v -0.1602439608 0.1662080423 -0.009198311438
v -0.1606970026 0.1661793255 -0.008599744324
v -0.16019829 0.1661485048 -0.008732656196
v -0.1605464125 0.1660269782 -0.008078767264
v -0.1600784012 0.1659979835 -0.008311970314
v -0.1599052926 0.1658020877 -0.007909865512
v -0.1648505705 -0.1581848819 -0.008055466669
v -0.16437928 -0.1581853214 -0.008282116393
v -0.1641994929 -0.1579958538 -0.007877854957
v -0.1650055887 -0.1583312698 -0.008578051239
v -0.1645052875 -0.1583317698 -0.008706800473
v -0.1650670393 -0.1583893228 -0.009178469804
v -0.164553569 -0.158389838 -0.009178452271
v -0.1650055478 -0.1583313439 -0.009778891596
v -0.1645052553 -0.1583318279 -0.009650105136
v -0.1648504939 -0.1581850203 -0.01030148344
v -0.1643792189 -0.1581854318 -0.01007479861
v -0.1133549408 -0.2137742817 -0.008122157969
v -0.113327218 -0.2133274109 -0.008405657943
v -0.1134549253 -0.2139599547 -0.008611138741
v -0.1134244326 -0.2134673477 -0.008777662607
v -0.1134945406 -0.2140336105 -0.009173282634
v -0.1134626872 -0.2135185531 -0.009173313292
v -0.1134548869 -0.213960024 -0.0097354329
v -0.1134244057 -0.2134673964 -0.009568967678
v -0.1133548692 -0.2137744113 -0.01022443
v -0.1133271656 -0.2133275055 -0.009940983226
v -0.1160429263 -0.2135425984 -0.008125166264
v -0.1159935815 -0.2130998405 -0.008413311902
v -0.1161449952 -0.2137275586 -0.008612780777
v -0.1160904863 -0.2132377247 -0.008782570496
v -0.1161854272 -0.21380098 -0.009173388556
v -0.1161283764 -0.2132878318 -0.009173418238
v -0.116144957 -0.2137276277 -0.009734002357
v -0.1160904596 -0.2132377728 -0.009564269703
v -0.1160428548 -0.2135427276 -0.01022163311
v -0.1159935297 -0.2130999342 -0.009933538151
v -0.118716447 -0.2131797099 -0.0081287068
v -0.1186457747 -0.2127419254 -0.008421039675
v -0.1188205085 -0.2133637646 -0.008614711966
v -0.1187421616 -0.2128778043 -0.008787469958
v -0.1188617477 -0.2134368029 -0.009173502355
v -0.1187795683 -0.2129268296 -0.009173530985
v -0.1188204704 -0.2133638335 -0.009732299197
v -0.1187421352 -0.2128778519 -0.009559595768
v -0.1187163757 -0.2131798387 -0.01021831982
v -0.1186457234 -0.2127420181 -0.009926035427
v -0.1213689618 -0.2126862679 -0.008132466827
v -0.1212772861 -0.212254302 -0.008428535897
v -0.1214749689 -0.212869239 -0.008616764925
v -0.1213729997 -0.2123882671 -0.008792191349
v -0.1215169853 -0.2129418795 -0.009173623361
v -0.1214098499 -0.2124363159 -0.009173651667
v -0.1214749309 -0.2128693077 -0.009730487882
v -0.1213729737 -0.2123883141 -0.009555114328
v -0.1213688908 -0.2126863962 -0.01021480124
v -0.1212772352 -0.2122543938 -0.009918779232
v -0.1239940022 -0.2120633406 -0.008136207087
v -0.1238816613 -0.2116379935 -0.008435571693
v -0.1241019166 -0.2122451541 -0.008618811891
v -0.1239766079 -0.2117702697 -0.008796610502
v -0.1241446869 -0.2123173226 -0.009173751551
v -0.1240128282 -0.2118174323 -0.009173778665
v -0.1241018788 -0.2122452225 -0.009728697187
v -0.1239765822 -0.2117703162 -0.009550949104
v -0.1239939315 -0.2120634685 -0.01021131684
v -0.123881611 -0.2116380845 -0.009911997076
v -0.1265851555 -0.2113122785 -0.008139751975
v -0.126452518 -0.21089438 -0.008441976578
v -0.1266949614 -0.2114928601 -0.008620758757
v -0.126546625 -0.2110251321 -0.008800624264
v -0.1267384852 -0.2115645269 -0.009173886223
v -0.12658218 -0.2110715431 -0.009173911279
v -0.1266949236 -0.2114929283 -0.009727019683
v -0.1265465996 -0.2110251781 -0.009547200922
v -0.126585085 -0.211312406 -0.01020804117
v -0.126452468 -0.2108944702 -0.009905858174
v -0.1291361636 -0.2104348624 -0.008142966977
v -0.1289836042 -0.2100251526 -0.008447613317
v -0.1292478452 -0.2106141527 -0.008622533881
v -0.1290768455 -0.2101546492 -0.008804162859
v -0.1292921076 -0.2106853179 -0.00917402745
v -0.129111722 -0.2102004579 -0.009174051184
v -0.1292478076 -0.2106142207 -0.009725526634
v -0.1290768203 -0.2101546948 -0.009543941844
v -0.1291360933 -0.2104349895 -0.01020510802
v -0.1289835547 -0.2100252422 -0.00990049979
v -0.1316408232 -0.2094330809 -0.008145750502
v -0.1314687396 -0.2090323295 -0.008452388437
v -0.1317543653 -0.2096110502 -0.008624082506
v -0.131561148 -0.2091608086 -0.008807180448
v -0.131799396 -0.2096816987 -0.009174174765
v -0.1315953481 -0.209206164 -0.009174197118
v -0.1317543278 -0.209611118 -0.009724272523
v -0.131561123 -0.2091608538 -0.009541217044
v -0.1316407531 -0.2094332077 -0.01020261899
v -0.1314686904 -0.2090324185 -0.009896017392
v -0.1340930265 -0.2083093684 -0.008148025685
v -0.1339018452 -0.2079182852 -0.008456231061
v -0.1342084589 -0.2084860164 -0.008625363691
v -0.1339934546 -0.2080460593 -0.008809619591
v -0.1342542429 -0.2085561483 -0.009174327807
v -0.1340270249 -0.2080911098 -0.009174348724
v -0.1342084215 -0.2084860841 -0.009723297708
v -0.1339934297 -0.2080461042 -0.009539081384
v -0.1340929566 -0.2083094949 -0.01020064955
v -0.1339017962 -0.2079183737 -0.009892479017
v -0.136486862 -0.2070663654 -0.008149741997
v -0.1362769947 -0.2066856751 -0.008459094853
v -0.1366041695 -0.2072416774 -0.008626350193
v -0.1363678979 -0.2068129964 -0.008811449725
v -0.1366507066 -0.2073112778 -0.009174486214
v -0.1364008554 -0.2068579058 -0.009174505773
v -0.1366041321 -0.207241745 -0.009722627636
v -0.1363678731 -0.2068130412 -0.00953756484
v -0.1364867921 -0.2070664917 -0.01019924937
v -0.136276946 -0.2066857633 -0.009889928741
v -0.1388165717 -0.205707068 -0.008150853951
v -0.1385884603 -0.2053374952 -0.008460940646
v -0.1389357542 -0.2058810293 -0.008627017814
v -0.1386787643 -0.2054645858 -0.008812655436
v -0.1389830443 -0.2059500982 -0.009174649736
v -0.1387111858 -0.205509532 -0.009174667623
v -0.1389357168 -0.2058810968 -0.009722286943
v -0.1386787247 -0.2054646307 -0.009536683135
v -0.1388165019 -0.2057071942 -0.01019846412
v -0.1385884116 -0.2053375832 -0.009888407166
v -0.1410764307 -0.2042347106 -0.008151335872
v -0.1408305458 -0.2038769195 -0.008461733988
v -0.1411975634 -0.2044073796 -0.008627352453
v -0.140920434 -0.2040041199 -0.008813223158
v -0.1412455918 -0.2044759173 -0.009174817578
v -0.1409523809 -0.2040492362 -0.009174833881
v -0.1411975261 -0.2044074471 -0.009722288005
v -0.1409204093 -0.2040041645 -0.009536449714
v -0.1410763609 -0.2042348368 -0.01019831761
v -0.1408304972 -0.2038770074 -0.009887946902
v -0.143261032 -0.2026528956 -0.008151161607
v -0.1429978295 -0.2023075659 -0.008461452118
v -0.1433840847 -0.202824243 -0.008627339867
v -0.1430874536 -0.2024350827 -0.008813137187
v -0.1434328961 -0.2028922637 -0.009174989735
v -0.1431190619 -0.2024805163 -0.009175004548
v -0.1433840473 -0.2028243105 -0.009722645054
v -0.1430874289 -0.2024351273 -0.009536877082
v -0.1432609621 -0.2026530218 -0.01019883578
v -0.1429977808 -0.2023076538 -0.009888569627
v -0.1453651191 -0.2009653726 -0.008150323892
v -0.1450850849 -0.2006331834 -0.008460098418
v -0.1454900778 -0.2011354582 -0.008626975915
v -0.1451746121 -0.2007612678 -0.008812387931
v -0.1455396575 -0.2012029772 -0.009175165658
v -0.1452059733 -0.2008071816 -0.009175178678
v -0.1454900404 -0.2011355258 -0.009723360337
v -0.1451745873 -0.2007613125 -0.00953797281
v -0.1453650493 -0.200965499 -0.01020002487
v -0.1450850361 -0.2006332715 -0.009890272271
v -0.1473835456 -0.1991762923 -0.008148812651
v -0.1470872096 -0.1988578922 -0.008457656892
v -0.1475104695 -0.1993451005 -0.00862625565
v -0.1471768812 -0.1989867646 -0.008810967516
v -0.1475608174 -0.1994121027 -0.009175344923
v -0.1472081157 -0.1990332465 -0.009175356118
v -0.1475104321 -0.1993451682 -0.009724439018
v -0.1471768564 -0.1989868096 -0.00953974845
v -0.1473834756 -0.1991764189 -0.01020189404
v -0.1470871607 -0.1988579807 -0.009893071704
v -0.1493114633 -0.197289846 -0.008146627126
v -0.1489993259 -0.1969858842 -0.008454113478
v -0.1494403235 -0.1974574367 -0.008625177842
v -0.1490893534 -0.1971157654 -0.0088088835
v -0.1494914544 -0.1975239221 -0.009175527234
v -0.1491206118 -0.1971629476 -0.009175536709
v -0.149440286 -0.1974575045 -0.009725881197
v -0.1490893284 -0.1971158106 -0.009542193466
v -0.1493113932 -0.1972899728 -0.01020444365
v -0.1489992767 -0.1969859732 -0.009896976018
v -0.1511442394 -0.1953107289 -0.008143767137
v -0.1508168305 -0.1950218393 -0.00844947405
v -0.1512750652 -0.195477072 -0.008623741918
v -0.1509074989 -0.1951528746 -0.008806144092
v -0.1513269799 -0.1955431002 -0.009175711746
v -0.1509389169 -0.1952008745 -0.009175719478
v -0.1512750276 -0.19547714 -0.009727685903
v -0.1509074737 -0.1951529202 -0.00954529837
v -0.151144169 -0.1953108561 -0.0102076722
v -0.1508167809 -0.1950219288 -0.00990197838
v -0.1528774192 -0.1932435891 -0.008140245218
v -0.1525353284 -0.1929704198 -0.008443750745
v -0.1530102265 -0.1934087589 -0.008621955017
v -0.1526268786 -0.1931027998 -0.008802746458
v -0.1530628946 -0.1934742856 -0.00917589842
v -0.1526586057 -0.1931516453 -0.009175904658
v -0.1530101887 -0.1934088272 -0.00972984657
v -0.1526268532 -0.1931028458 -0.009549066712
v -0.1528773485 -0.1932437168 -0.01021156754
v -0.1525352785 -0.19297051 -0.009908072498
v -0.1545068374 -0.1910935481 -0.008136074749
v -0.154150624 -0.1908367025 -0.008436938385
v -0.1546415962 -0.1912575301 -0.008619823205
v -0.1542433257 -0.1909705281 -0.008798692541
v -0.1546950779 -0.1913225993 -0.009176086665
v -0.1542755418 -0.1910203212 -0.009176091128
v -0.1546415583 -0.1912575987 -0.009732354494
v -0.1542432999 -0.1909705747 -0.009553493387
v -0.1545067664 -0.1910936763 -0.01021611377
v -0.1541505736 -0.1908367937 -0.009915257384
v -0.1560285672 -0.1888657389 -0.008131281095
v -0.1556588507 -0.1886258498 -0.008429062797
v -0.1561653078 -0.1890285625 -0.008617360668
v -0.1557530028 -0.1887612064 -0.008793999991
v -0.1562195579 -0.1890931449 -0.009176276165
v -0.1557858277 -0.1888119754 -0.009176278578
v -0.1561652696 -0.1890286314 -0.00973519592
v -0.1557529768 -0.1887612536 -0.009558561048
v -0.156028496 -0.1888658677 -0.0102212865
v -0.1556587997 -0.1886259419 -0.009923508904
v -0.157438954 -0.186565574 -0.008125887215
v -0.1570563679 -0.1863432441 -0.008420148873
v -0.1575776164 -0.1867272252 -0.008614578523
v -0.1571522098 -0.1864801884 -0.008788689906
v -0.1576326503 -0.1867913504 -0.009176465928
v -0.1571858221 -0.1865319309 -0.009176466554
v -0.1575775781 -0.1867272945 -0.009738357614
v -0.1571521834 -0.1864802362 -0.009564247285
v -0.1574388823 -0.1865657035 -0.01022705972
v -0.1570563164 -0.1863433373 -0.009932798661
v -0.1587345829 -0.1841985972 -0.008119934164
v -0.1583398057 -0.1839944137 -0.008410235877
v -0.1588752274 -0.1843591199 -0.0086114988
v -0.158437651 -0.1841330011 -0.008782796562
v -0.1589310305 -0.184422818 -0.009176656294
v -0.1584722005 -0.1841857749 -0.009176655264
v -0.1588751889 -0.1843591896 -0.009741818096
v -0.1584376241 -0.1841330496 -0.009570518113
v -0.1587345109 -0.1841987275 -0.01023339253
v -0.1583397535 -0.1839945082 -0.009943089207
v -0.1599123705 -0.1817706011 -0.00811348535
v -0.1595060954 -0.181585151 -0.008399374506
v -0.1600549522 -0.181929981 -0.0086081551
v -0.1596061969 -0.1817253484 -0.008776335068
v -0.1601114939 -0.1819931928 -0.009176846139
v -0.1596418169 -0.1817790922 -0.009176843326
v -0.1600549134 -0.1819300511 -0.009745541244
v -0.1596061696 -0.1817253978 -0.00957735551
v -0.159912298 -0.1817707322 -0.01024022085
v -0.1595060423 -0.1815852468 -0.009954326859
v -0.1609695318 -0.1792874192 -0.008106596999
v -0.1605524966 -0.1791212889 -0.008387600435
v -0.1611139908 -0.1794456422 -0.00860457717
v -0.160655077 -0.1792630338 -0.008769326129
v -0.1611712565 -0.1795083828 -0.009177035538
v -0.1606918862 -0.1793177014 -0.009177030951
v -0.1611139518 -0.1794457127 -0.009749497331
v -0.1606550492 -0.1792630841 -0.009584739333
v -0.1609694588 -0.1792875512 -0.01024748755
v -0.1605524427 -0.1791213862 -0.009966475769
v -0.1619035232 -0.1767551202 -0.008099374233
v -0.1614764802 -0.1766088512 -0.008375009604
v -0.1613146206 -0.1764148885 -0.007993323961
v -0.1620497998 -0.1769121721 -0.008600820969
v -0.161581777 -0.1767520661 -0.00876185032
v -0.1621078043 -0.1769744413 -0.009177223632
v -0.1616199237 -0.1768076107 -0.009177217285
v -0.1620497605 -0.1769122432 -0.009753630011
v -0.1615817487 -0.1767521173 -0.009592588758
v -0.1619034498 -0.1767552531 -0.01025508626
v -0.1614764255 -0.1766089501 -0.009979437018
v -0.16271219 -0.1741798572 -0.00809192491
v -0.1622759509 -0.1740539902 -0.008361714664
v -0.162111289 -0.1738599597 -0.007976597793
v -0.1628601941 -0.1743356946 -0.008596942992
v -0.1623841261 -0.1741985239 -0.00875397359
v -0.1629189076 -0.1743974927 -0.009177410101
v -0.1624237138 -0.1742548848 -0.009177402012
v -0.1628601546 -0.1743357661 -0.00975788082
v -0.1623840972 -0.1741985761 -0.009600834678
v -0.162712116 -0.174179991 -0.01026290795
v -0.1622758953 -0.1740540908 -0.009993101314
v -0.1633936022 -0.1715678995 -0.008084405983
v -0.1629490232 -0.171462945 -0.008347868715
v -0.1627815159 -0.1712689812 -0.007959208572
v -0.1635432737 -0.1717224784 -0.008593027546
v -0.1630602685 -0.1716086459 -0.008745775857
v -0.1636026361 -0.1717837616 -0.009177594496
v -0.1631013401 -0.1716656883 -0.009177584686
v -0.1635432339 -0.1717225504 -0.009762164681
v -0.163060239 -0.1716086992 -0.00960939761
v -0.1633935277 -0.1715680343 -0.01027079516
v -0.1629489667 -0.1714630472 -0.01000731519
v -0.1639462492 -0.1689256601 -0.008077025375
v -0.1634942161 -0.168842113 -0.008333667306
v -0.1633238655 -0.1686483799 -0.007941426791
v -0.1640974381 -0.1690789079 -0.008589185287
v -0.1636086174 -0.1689887268 -0.00873736765
v -0.1641573744 -0.1691396474 -0.009177776366
v -0.1636512164 -0.1690463458 -0.009177764864
v -0.164097398 -0.1690789804 -0.009766370707
v -0.1636085874 -0.1689887811 -0.009618166406
v -0.1639461741 -0.1689257957 -0.01027853933
v -0.1634941585 -0.168842217 -0.01002187675
v -0.164368919 -0.1662596074 -0.008070043175
v -0.1639103617 -0.1661979325 -0.008319375386
v -0.1637372607 -0.1660046823 -0.007923607376
v -0.1645214899 -0.1664114216 -0.008585554291
v -0.1640280049 -0.1663451749 -0.00872891499
v -0.1645819699 -0.166471588 -0.009177955409
v -0.1640721588 -0.1664032063 -0.009177942114
v -0.1645214495 -0.1664114947 -0.009770359816
v -0.1640279743 -0.1663452302 -0.009626973511
v -0.1643688434 -0.166259744 -0.01028587924
v -0.1639103032 -0.1661980383 -0.01003652344
v -0.1646607888 -0.1635763392 -0.008063806096
v -0.1641966963 -0.1635369408 -0.008305327831
v -0.1640209376 -0.1633444405 -0.007906218064
v -0.1648145011 -0.1637265591 -0.008582320138
v -0.1643175026 -0.1636844849 -0.008720594278
v -0.1648754199 -0.163786094 -0.009178130658
v -0.1643632092 -0.1637427648 -0.00917811587
v -0.1648144605 -0.1637266325 -0.009773944225
v -0.1643174714 -0.1636845413 -0.009635641525
v -0.1646607128 -0.1635764766 -0.01029246637
v -0.1641966368 -0.1635370484 -0.01005091765
v -0.1648213939 -0.1608824783 -0.008058764715
v -0.1643527848 -0.1608657603 -0.008291967436
v -0.1641746122 -0.160674409 -0.007889889122
v -0.1649759171 -0.1610308994 -0.008579723239
v -0.1644765693 -0.1610131465 -0.008712635022
v -0.1650371697 -0.1610897595 -0.009178302485
v -0.1645237821 -0.1610715264 -0.00917828611
v -0.1649758763 -0.1610309732 -0.009776885072
v -0.1644765375 -0.1610132039 -0.009643938377
v -0.1648213175 -0.1608826163 -0.01029785135
v -0.1643527243 -0.1608658695 -0.01006461536
v 0.1101709023 -0.1939088193 -0.01992545287
v -0.1101479237 -0.1910277197 -0.01993313991
v 1.148673502e-05 -0.1924684632 -0.01992929638
v 0.1117620683 -0.1938900313 -0.0199253998
v -0.1117380618 -0.1909673298 -0.01993319784
v 0.1133497689 -0.1937937948 -0.01992535161
v -0.1133226881 -0.190829609 -0.01993326034
v 0.114930148 -0.1936198361 -0.01992530847
v -0.1148979927 -0.1906143835 -0.01993332729
v 0.1165005189 -0.1933684775 -0.01992527043
v -0.1164612463 -0.1903220467 -0.01993339859
v 0.1180568123 -0.1930403663 -0.01992523761
v -0.1180083906 -0.1899533669 -0.01993347405
v -0.1195355251 -0.1895092297 -0.01993355347
v 0.1195949712 -0.1926363437 -0.01992521008
v 0.1211112495 -0.1921574036 -0.01992518792
v -0.1210387388 -0.1889908188 -0.01993363666
v 0.1226025873 -0.1916044898 -0.01992517116
v -0.1225150488 -0.1883991121 -0.01993372345
v -0.1239602162 -0.1877358639 -0.01993381359
v 0.1240645066 -0.1909793021 -0.01992515987
v 0.1254943781 -0.190282909 -0.01992515405
v -0.125371344 -0.1870023489 -0.01993390689
v 0.1268884214 -0.1895172131 -0.01992515373
v -0.1267448881 -0.1862004614 -0.01993400313
v 0.1282428847 -0.188684222 -0.0199251589
v -0.128077106 -0.1853323367 -0.01993410204
v 0.1295549729 -0.1877857172 -0.01992516955
v -0.1293652501 -0.1843998288 -0.01993420342
v 0.1308212731 -0.1868239938 -0.01992518567
v -0.1306059688 -0.1834053212 -0.019934307
v 0.1320390007 -0.1858011613 -0.0199252072
v -0.1317965335 -0.1823509956 -0.01993441256
v 0.1332050973 -0.1847197727 -0.0199252341
v -0.1329339537 -0.181239484 -0.01993451984
v 0.1343167411 -0.1835825033 -0.0199252663
v -0.1340154783 -0.1800735346 -0.01993462856
v 0.1353711989 -0.1823920893 -0.01992530373
v -0.1350384469 -0.1788559542 -0.01993473847
v 0.1363658384 -0.1811515363 -0.01992534629
v -0.1360003065 -0.1775898162 -0.01993484929
v 0.1372984483 -0.1798635724 -0.01992539388
v -0.1368989179 -0.1762779054 -0.01993496077
v 0.138166705 -0.1785315201 -0.01992544638
v -0.1377320453 -0.1749236043 -0.01993507264
v 0.1389686793 -0.1771581709 -0.01992550369
v -0.1384978331 -0.1735297535 -0.01993518465
v 0.1397022512 -0.1757472524 -0.01992556564
v -0.1391942593 -0.1721001349 -0.01993529649
v 0.1403656471 -0.1743021839 -0.0199256321
v -0.1398196407 -0.1706382131 -0.01993540791
v 0.1409574108 -0.1728260757 -0.0199257029
v -0.1403726026 -0.1691471354 -0.01993551866
v 0.1414758479 -0.1713231382 -0.01992577786
v -0.1408515615 -0.167631155 -0.01993562842
v 0.1419200574 -0.1697961759 -0.01992585683
v -0.1412556898 -0.166093099 -0.01993573698
v 0.1422887789 -0.1682492557 -0.0199259396
v -0.1415838342 -0.164537066 -0.01993584407
v 0.1425811585 -0.1666861517 -0.01992602597
v -0.1418352395 -0.1629668509 -0.01993594941
v 0.1427963809 -0.1651110855 -0.01992611571
v -0.1420092012 -0.1613866953 -0.01993605273
v 0.1429341289 -0.1635266607 -0.01992620867
v -0.1421054702 -0.1597992104 -0.01993615385
v 0.142994512 -0.1619370367 -0.01992630458
v -0.1421242649 -0.1582085509 -0.01993625253
v 0.1450932559 -0.001453265291 -0.01993619532
v -0.140025819 0.002275224387 -0.01994607196
v 0.1471917913 0.1590305089 -0.01994594343
v -0.1379269857 0.1627589947 -0.01995589138
v 0.1471729966 0.1606211683 -0.01994604211
v -0.1378666026 0.1643486187 -0.0199559873
v 0.1470767275 0.1622086533 -0.01994614323
v -0.1377288546 0.1659330434 -0.01995608025
v 0.1469027659 0.1637888089 -0.01994624655
v -0.1375136322 0.1675081097 -0.01995616999
v 0.1466513605 0.1653590239 -0.01994635189
v -0.1372212526 0.1690712137 -0.01995625636
v 0.1463232162 0.166915057 -0.01994645898
v -0.136852531 0.1706181338 -0.01995633914
v 0.1459190878 0.1684531129 -0.01994656755
v -0.1364083216 0.1721450961 -0.0199564181
v 0.145440129 0.1699690934 -0.01994667731
v -0.1358898845 0.1736480337 -0.01995649306
v 0.1448871671 0.171460171 -0.01994678805
v -0.1352981208 0.1751241418 -0.01995656387
v 0.1442617857 0.1729220929 -0.01994689947
v -0.1346347248 0.1765692103 -0.01995663032
v 0.1435653594 0.1743517114 -0.01994701132
v -0.1339011529 0.1779801289 -0.01995669227
v 0.1427995716 0.1757455622 -0.01994712332
v -0.1330991786 0.1793534781 -0.01995674958
v 0.1419664443 0.1770998634 -0.01994723519
v -0.1322309219 0.1806855303 -0.01995680208
v 0.1410678329 0.1784117741 -0.01994734667
v -0.1312983121 0.1819734943 -0.01995684968
v 0.1401059732 0.1796779121 -0.01994745749
v -0.1303036725 0.1832140473 -0.01995689223
v 0.1390830047 0.1808954926 -0.0199475674
v -0.1292492147 0.1844044613 -0.01995692966
v 0.13800148 0.1820614419 -0.01994767613
v -0.128137571 0.1855417306 -0.01995696186
v 0.1368640599 0.1831729535 -0.0199477834
v -0.1269714744 0.1866231192 -0.01995698876
v 0.1356734951 0.1842272792 -0.01994788896
v -0.1257537467 0.1876459518 -0.0199570103
v 0.1344328355 0.1852217413 -0.01994799254
v -0.1244875067 0.1886076313 -0.01995702641
v 0.1331446322 0.1861542797 -0.01994809392
v -0.1231753585 0.189506165 -0.01995703706
v 0.1318123404 0.1870224501 -0.01994819284
v -0.1218208201 0.1903391999 -0.01995704224
v 0.1304388704 0.1878243068 -0.01994828907
v -0.1204268517 0.1911048669 -0.01995704191
v 0.1290276982 0.1885578522 -0.01994838238
v -0.1189970254 0.1918012308 -0.0199570361
v -0.1175351284 0.1924264188 -0.0199570248
v 0.1275825381 0.1892210854 -0.01994847252
v -0.1160437084 0.1929793465 -0.01995700804
v 0.1261064947 0.1898126694 -0.01994855929
v 0.1246028809 0.1903312495 -0.0199486425
v -0.1145273776 0.1934583156 -0.01995698588
v -0.1129890168 0.1938623953 -0.01995695835
v 0.1230757536 0.1907753717 -0.01994872192
v 0.121528825 0.1911440189 -0.01994879737
v -0.1114333733 0.1941903808 -0.01995692554
v -0.1098625025 0.1944417925 -0.01995688749
v 0.11996569 0.1914363094 -0.01994886866
v 0.1183899464 0.1916515854 -0.01994893564
v -0.1082819593 0.194615764 -0.01995684434
v 0.116805834 0.1917892846 -0.01994899812
v -0.1066948027 0.1947119926 -0.01995679618
v 0.1152154503 0.1918496925 -0.01994905605
v -0.1051033757 0.1947307922 -0.01995674309
v 0.005056039813 0.193290436 -0.01995289958
v -0.1101484945 -0.1910506976 -0.02051604799
v 0.1101709126 -0.1939318048 -0.02050836092
v 1.120652429e-05 -0.1924914449 -0.02051220444
v -0.111739474 -0.1909902669 -0.02051610594
v 0.1117629209 -0.193912998 -0.02050830782
v -0.1133252166 -0.1908524421 -0.02051616848
v 0.1133517401 -0.1938166868 -0.0205082596
v -0.114901637 -0.1906370679 -0.02051623549
v 0.1149332385 -0.1936426085 -0.02050821643
v -0.1164659983 -0.1903445378 -0.02051630684
v 0.1165047218 -0.1933910857 -0.02050817836
v -0.1180142341 -0.1899755754 -0.02051638235
v 0.1180621139 -0.1930627206 -0.02050814552
v -0.1195424527 -0.1895311409 -0.02051646183
v 0.1196013641 -0.1926584291 -0.02050811797
v 0.1211187126 -0.1921791305 -0.02050809579
v -0.1210467268 -0.1890123436 -0.02051654508
v -0.1225240822 -0.1884202358 -0.02051663192
v 0.1226111059 -0.191625843 -0.02050807903
v -0.1239702791 -0.1877565121 -0.02051672212
v 0.1240740668 -0.1910002069 -0.02050806772
v 0.1255049357 -0.1903033201 -0.0205080619
v -0.1253823912 -0.1870224775 -0.0205168155
v -0.1267569263 -0.1862200257 -0.0205169118
v 0.1268999845 -0.189537086 -0.02050806158
v -0.1280900898 -0.1853512777 -0.02051701079
v 0.1282554094 -0.1887034965 -0.02050806675
v -0.1293791343 -0.1844181023 -0.02051711224
v 0.1295684151 -0.1878043481 -0.02050807742
v -0.1306207379 -0.1834228976 -0.02051721589
v 0.1308356182 -0.1868419509 -0.02050809354
v -0.1318121422 -0.1823678158 -0.02051732153
v 0.1320542049 -0.1858183845 -0.02050811509
v -0.1329503568 -0.1812555189 -0.02051742888
v 0.1332211162 -0.1847362316 -0.02050814201
v -0.1340326457 -0.1800887549 -0.02051753768
v 0.1343335453 -0.1835981678 -0.02050817423
v -0.1350563482 -0.1788703154 -0.02051764766
v 0.1353887592 -0.1824069143 -0.02050821169
v -0.1360188815 -0.1776032744 -0.02051775856
v 0.1363840958 -0.1811654762 -0.02050825427
v -0.1369181367 -0.1762904462 -0.02051787012
v 0.1373173732 -0.179876612 -0.0205083019
v -0.1377518624 -0.1749351835 -0.02051798207
v 0.1381862532 -0.1785436141 -0.02050835444
v -0.1385181886 -0.1735403421 -0.02051809416
v 0.1389887917 -0.1771692887 -0.02050841179
v -0.1392150934 -0.1721097039 -0.02051820608
v 0.1397228685 -0.1757573635 -0.02050847379
v -0.1398409234 -0.1706467629 -0.02051831758
v 0.1403867396 -0.1743112878 -0.02050854028
v -0.1403942738 -0.1691546221 -0.0205184284
v 0.1409789195 -0.172834127 -0.02050861114
v -0.1408735762 -0.1676375641 -0.02051853824
v 0.1414977282 -0.1713301213 -0.02050868615
v -0.1412779883 -0.1660984166 -0.02051864688
v 0.1419422499 -0.1698020753 -0.02050876518
v -0.1416063717 -0.1645412926 -0.02051875405
v 0.1423112389 -0.1682540707 -0.02050884801
v -0.1418579559 -0.1629699426 -0.02051885947
v 0.142603827 -0.1666898369 -0.02050893444
v -0.1420320373 -0.1613886826 -0.02051896286
v 0.1428191979 -0.1651136698 -0.02050902424
v -0.1421283809 -0.1598000641 -0.02051906405
v 0.1429570501 -0.1635281138 -0.02050911727
v -0.1421471945 -0.1582085699 -0.02051916278
v 0.143017474 -0.1619376558 -0.02050921323
v -0.1400487449 0.002275488522 -0.02052898223
v 0.1451162216 -0.001453601277 -0.02051910399
v 0.1472147606 0.159030456 -0.02052885212
v -0.1379499079 0.1627595419 -0.02053880167
v -0.137889484 0.1643499999 -0.02053889763
v 0.147195947 0.1606219502 -0.02052895084
v -0.1377516318 0.1659355558 -0.02053899065
v 0.1470996034 0.1622105687 -0.02052905204
v -0.1375362609 0.1675117229 -0.02053908045
v 0.146925522 0.1637918287 -0.02052915543
v -0.1372436728 0.1690759568 -0.02053916689
v 0.1466739378 0.1653631786 -0.02052926085
v -0.1368746838 0.1706239614 -0.02053924972
v 0.1463455544 0.1669203027 -0.02052936801
v -0.1364301621 0.1721520074 -0.02053932874
v 0.1459411423 0.1684594502 -0.02052947666
v -0.1359113534 0.1736560131 -0.02053940376
v 0.1454618399 0.1699765081 -0.02052958649
v -0.1353191735 0.1751331738 -0.02053947461
v 0.1449084895 0.1714686489 -0.02052969732
v -0.1346553024 0.1765792495 -0.02053954111
v 0.1442826595 0.17293159 -0.02052980881
v -0.1339212256 0.1779911748 -0.02053960311
v 0.1435857547 0.1743622282 -0.02052992074
v -0.1331186871 0.1793655002 -0.02053966046
v 0.1428194285 0.1757570695 -0.02053003283
v -0.1322498071 0.1806984981 -0.020539713
v 0.1419857028 0.1771123323 -0.02053014477
v -0.1313165297 0.1819873623 -0.02053976062
v 0.1410864476 0.1784251605 -0.02053025633
v -0.1303211931 0.1832288003 -0.02053980321
v 0.1401239143 0.1796922015 -0.02053036723
v -0.1292659792 0.1844200539 -0.02053984066
v 0.1391002118 0.180910641 -0.02053047722
v -0.1281535501 0.1855581177 -0.02053987289
v 0.1380179229 0.182077405 -0.02053058602
v -0.1269866388 0.1866402706 -0.02053989981
v 0.1368797083 0.1831897019 -0.02053069337
v -0.1257680521 0.187663837 -0.02053992136
v 0.135688304 0.1842447837 -0.020530799
v -0.124500909 0.1886262051 -0.02053993748
v 0.1344467594 0.1852399429 -0.02053090265
v 0.1331576557 0.1861731488 -0.02053100411
v -0.1231878435 0.1895253677 -0.02053994814
v -0.1218323436 0.190359001 -0.02053995332
v 0.1318244183 0.1870419426 -0.0205311031
v -0.1204373845 0.1911252064 -0.020539953
v 0.1304499722 0.1878443634 -0.0205311994
v -0.1190065458 0.1918220638 -0.02053994717
v 0.1290378008 0.1885784285 -0.02053129277
v -0.1175436073 0.1924477001 -0.02053993587
v 0.1275916113 0.1892421372 -0.02053138297
v -0.1160511318 0.1930010015 -0.0205399191
v 0.1261145225 0.1898341224 -0.0205314698
v 0.1246098482 0.1903530888 -0.02053155308
v -0.114533731 0.1934803143 -0.02053989692
v -0.1129942786 0.1938846777 -0.02053986937
v 0.1230816369 0.1907975084 -0.02053163255
v 0.1215336167 0.1911664381 -0.02053170806
v -0.1114375366 0.1942129022 -0.02053983654
v -0.1098655532 0.194464493 -0.02053979847
v 0.119969374 0.1914589219 -0.0205317794
v 0.1183925147 0.1916743466 -0.02053184642
v -0.1082838908 0.194638584 -0.02053975529
v -0.1066956155 0.1947348875 -0.02053970708
v 0.1168072859 0.1918121498 -0.02053190895
v -0.1051033463 0.1947537058 -0.02053965397
v 0.1152160608 0.1918725986 -0.02053196691
v 0.005056359724 0.1933133459 -0.02053581045
f 1 2 3
f 1 3 4
f 4 5 6
f 4 6 1
f 7 8 9
f 7 9 10
f 11 12 13
f 11 13 14
f 15 16 17
f 15 17 18
f 19 20 21
f 19 21 22
f 2 23 24
f 2 24 3
f 25 26 27
f 25 27 28
f 29 30 31
f 29 31 32
f 33 34 35
f 33 35 36
f 37 38 39
f 37 39 40
f 41 42 43
f 41 43 44
f 45 46 47
f 45 47 48
f 5 49 50
f 5 50 6
f 51 52 53
f 51 53 54
f 55 56 57
f 55 57 58
f 59 60 61
f 59 61 62
f 63 64 65
f 63 65 66
f 56 67 68
f 56 68 57
f 69 70 71
f 69 71 72
f 73 74 75
f 73 75 76
f 77 78 79
f 77 79 80
f 70 51 54
f 70 54 71
f 81 82 83
f 81 83 84
f 85 24 23
f 85 23 86
f 87 88 89
f 87 89 90
f 91 92 93
f 91 93 94
f 95 96 97
f 95 97 98
f 99 100 101
f 99 101 102
f 103 104 105
f 103 105 106
f 96 107 108
f 96 108 97
f 109 110 111
f 109 111 112
f 113 114 115
f 113 115 116
f 117 118 119
f 117 119 120
f 121 122 123
f 121 123 124
f 8 125 126
f 8 126 9
f 127 29 32
f 127 32 128
f 129 33 36
f 129 36 130
f 131 132 133
f 131 133 134
f 20 55 58
f 20 58 21
f 26 135 136
f 26 136 27
f 137 138 139
f 137 139 140
f 141 142 143
f 141 143 144
f 42 145 146
f 42 146 43
f 147 148 149
f 147 149 150
f 151 103 106
f 151 106 152
f 153 109 112
f 153 112 154
f 155 156 157
f 155 157 158
f 60 159 160
f 60 160 61
f 46 127 128
f 46 128 47
f 148 69 72
f 148 72 149
f 161 162 163
f 161 163 164
f 165 166 167
f 165 167 168
f 169 170 171
f 169 171 172
f 173 37 40
f 173 40 174
f 175 176 177
f 175 177 178
f 74 179 180
f 74 180 75
f 78 181 182
f 78 182 79
f 178 183 184
f 178 184 175
f 174 185 186
f 174 186 173
f 187 188 189
f 187 189 190
f 191 151 152
f 191 152 192
f 193 95 98
f 193 98 194
f 195 196 197
f 195 197 198
f 176 199 200
f 176 200 177
f 82 201 202
f 82 202 83
f 203 204 205
f 203 205 206
f 185 207 208
f 185 208 186
f 209 210 211
f 209 211 212
f 100 213 214
f 100 214 101
f 210 169 172
f 210 172 211
f 204 215 216
f 204 216 205
f 114 217 218
f 114 218 115
f 118 219 220
f 118 220 119
f 125 221 222
f 125 222 126
f 135 223 224
f 135 224 136
f 225 121 124
f 225 124 226
f 188 147 150
f 188 150 189
f 227 91 94
f 227 94 228
f 34 155 158
f 34 158 35
f 170 203 206
f 170 206 171
f 142 229 230
f 142 230 143
f 159 231 232
f 159 232 160
f 64 11 14
f 64 14 65
f 110 129 130
f 110 130 111
f 233 19 22
f 233 22 234
f 16 191 192
f 16 192 17
f 235 193 194
f 235 194 236
f 237 153 154
f 237 154 238
f 179 239 240
f 179 240 180
f 181 241 242
f 181 242 182
f 12 87 90
f 12 90 13
f 201 243 244
f 201 244 202
f 88 45 48
f 88 48 89
f 52 161 164
f 52 164 53
f 138 245 246
f 138 246 139
f 213 247 248
f 213 248 214
f 145 63 66
f 145 66 146
f 217 249 250
f 217 250 218
f 219 251 252
f 219 252 220
f 122 187 190
f 122 190 123
f 221 25 28
f 221 28 222
f 253 141 144
f 253 144 254
f 223 41 44
f 223 44 224
f 30 255 256
f 30 256 31
f 257 258 259
f 257 259 260
f 254 261 262
f 254 262 253
f 229 59 62
f 229 62 230
f 92 15 18
f 92 18 93
f 258 208 207
f 258 207 259
f 156 165 168
f 156 168 157
f 67 39 38
f 67 38 68
f 231 7 10
f 231 10 232
f 104 235 236
f 104 236 105
f 107 263 264
f 107 264 108
f 166 131 134
f 166 134 167
f 265 266 267
f 265 267 268
f 269 227 228
f 269 228 270
f 263 257 260
f 263 260 264
f 132 195 198
f 132 198 133
f 239 81 84
f 239 84 240
f 241 85 86
f 241 86 242
f 183 225 226
f 183 226 184
f 266 271 272
f 266 272 267
f 196 209 212
f 196 212 197
f 199 137 140
f 199 140 200
f 243 99 102
f 243 102 244
f 271 233 234
f 271 234 272
f 245 113 116
f 245 116 246
f 247 117 120
f 247 120 248
f 255 50 49
f 255 49 256
f 215 265 268
f 215 268 216
f 162 269 270
f 162 270 163
f 261 237 238
f 261 238 262
f 249 73 76
f 249 76 250
f 251 77 80
f 251 80 252
f 273 274 275
f 273 275 276
f 277 278 279
f 277 279 280
f 276 275 281
f 276 281 282
f 278 283 284
f 278 284 279
f 282 281 285
f 282 285 286
f 283 287 288
f 283 288 284
f 286 285 289
f 286 289 290
f 287 291 292
f 287 292 288
f 290 289 293
f 290 293 294
f 291 295 296
f 291 296 292
f 294 293 297
f 294 297 298
f 295 299 300
f 295 300 296
f 298 297 301
f 298 301 302
f 299 303 304
f 299 304 300
f 302 301 305
f 302 305 306
f 303 307 308
f 303 308 304
f 306 305 309
f 306 309 310
f 307 311 312
f 307 312 308
f 310 309 313
f 310 313 314
f 311 315 316
f 311 316 312
f 314 313 317
f 314 317 318
f 315 319 320
f 315 320 316
f 318 317 321
f 318 321 322
f 319 323 324
f 319 324 320
f 322 321 325
f 322 325 326
f 323 327 328
f 323 328 324
f 326 325 329
f 326 329 330
f 327 331 332
f 327 332 328
f 330 329 333
f 330 333 334
f 331 335 336
f 331 336 332
f 334 333 337
f 334 337 338
f 335 339 340
f 335 340 336
f 338 337 341
f 338 341 342
f 339 343 344
f 339 344 340
f 342 341 345
f 342 345 346
f 343 347 348
f 343 348 344
f 346 345 349
f 346 349 350
f 347 351 352
f 347 352 348
f 350 349 353
f 350 353 354
f 351 355 356
f 351 356 352
f 354 353 357
f 354 357 358
f 355 359 360
f 355 360 356
f 358 357 361
f 358 361 362
f 359 363 364
f 359 364 360
f 362 361 365
f 362 365 366
f 363 367 368
f 363 368 364
f 366 365 369
f 366 369 370
f 367 371 372
f 367 372 368
f 370 369 373
f 370 373 374
f 371 375 376
f 371 376 372
f 374 373 377
f 374 377 378
f 375 379 380
f 375 380 376
f 378 377 381
f 378 381 382
f 379 383 384
f 379 384 380
f 382 381 385
f 382 385 386
f 383 387 388
f 383 388 384
f 386 385 389
f 386 389 390
f 387 391 392
f 387 392 388
f 390 389 393
f 390 393 394
f 391 395 396
f 391 396 392
f 394 393 397
f 394 397 398
f 395 399 400
f 395 400 396
f 401 402 403
f 401 403 404
f 405 406 407
f 405 407 408
f 409 410 411
f 409 411 412
f 413 414 415
f 413 415 416
f 417 418 419
f 417 419 420
f 421 422 423
f 421 423 424
f 420 419 425
f 420 425 426
f 422 427 428
f 422 428 423
f 426 425 429
f 426 429 430
f 427 431 432
f 427 432 428
f 430 429 433
f 430 433 434
f 431 435 436
f 431 436 432
f 434 433 437
f 434 437 438
f 435 439 440
f 435 440 436
f 438 437 441
f 438 441 442
f 439 443 444
f 439 444 440
f 442 441 445
f 442 445 446
f 443 447 448
f 443 448 444
f 446 445 449
f 446 449 450
f 447 451 452
f 447 452 448
f 450 449 453
f 450 453 454
f 455 456 457
f 455 457 458
f 454 453 459
f 454 459 460
f 456 461 462
f 456 462 457
f 460 459 463
f 460 463 464
f 461 465 466
f 461 466 462
f 464 463 467
f 464 467 468
f 465 469 470
f 465 470 466
f 468 467 471
f 468 471 472
f 469 473 474
f 469 474 470
f 472 471 475
f 472 475 476
f 473 477 478
f 473 478 474
f 476 475 479
f 476 479 480
f 477 481 482
f 477 482 478
f 480 479 483
f 480 483 484
f 481 485 486
f 481 486 482
f 484 483 487
f 484 487 488
f 485 489 490
f 485 490 486
f 488 487 491
f 488 491 492
f 489 493 494
f 489 494 490
f 492 491 495
f 492 495 496
f 493 497 498
f 493 498 494
f 496 495 499
f 496 499 500
f 497 501 502
f 497 502 498
f 500 499 503
f 500 503 504
f 501 505 506
f 501 506 502
f 504 503 507
f 504 507 508
f 505 509 510
f 505 510 506
f 508 507 511
f 508 511 512
f 509 513 514
f 509 514 510
f 512 511 515
f 512 515 516
f 513 517 518
f 513 518 514
f 516 515 519
f 516 519 520
f 517 521 522
f 517 522 518
f 520 519 523
f 520 523 524
f 521 525 526
f 521 526 522
f 524 523 527
f 524 527 528
f 525 529 530
f 525 530 526
f 528 527 531
f 528 531 532
f 529 533 534
f 529 534 530
f 532 531 535
f 532 535 536
f 533 537 538
f 533 538 534
f 536 535 539
f 536 539 540
f 537 541 542
f 537 542 538
f 540 539 543
f 540 543 544
f 541 545 546
f 541 546 542
f 547 548 549
f 547 549 550
f 551 552 553
f 551 553 554
f 555 556 557
f 555 557 558
f 559 560 561
f 559 561 562
f 558 557 563
f 558 563 564
f 560 565 566
f 560 566 561
f 564 563 567
f 564 567 568
f 565 569 570
f 565 570 566
f 568 567 571
f 568 571 572
f 569 573 574
f 569 574 570
f 572 571 575
f 572 575 576
f 573 577 578
f 573 578 574
f 576 575 579
f 576 579 580
f 577 581 582
f 577 582 578
f 580 579 583
f 580 583 584
f 581 585 586
f 581 586 582
f 584 583 587
f 584 587 588
f 585 589 590
f 585 590 586
f 588 587 591
f 588 591 592
f 593 594 595
f 593 595 596
f 592 591 597
f 592 597 598
f 594 599 600
f 594 600 595
f 598 597 601
f 598 601 602
f 599 603 604
f 599 604 600
f 602 601 605
f 602 605 606
f 603 607 608
f 603 608 604
f 606 605 609
f 606 609 610
f 607 611 612
f 607 612 608
f 610 609 613
f 610 613 614
f 611 615 616
f 611 616 612
f 614 613 617
f 614 617 618
f 615 619 620
f 615 620 616
f 618 617 621
f 618 621 622
f 619 623 624
f 619 624 620
f 622 621 625
f 622 625 626
f 623 627 628
f 623 628 624
f 626 625 629
f 626 629 630
f 627 631 632
f 627 632 628
f 630 629 633
f 630 633 634
f 631 635 636
f 631 636 632
f 634 633 637
f 634 637 638
f 635 639 640
f 635 640 636
f 638 637 641
f 638 641 642
f 639 643 644
f 639 644 640
f 642 641 645
f 642 645 646
f 643 647 648
f 643 648 644
f 646 645 649
f 646 649 650
f 647 651 652
f 647 652 648
f 650 649 653
f 650 653 654
f 651 655 656
f 651 656 652
f 654 653 657
f 654 657 658
f 655 659 660
f 655 660 656
f 658 657 661
f 658 661 662
f 659 663 664
f 659 664 660
f 662 661 665
f 662 665 666
f 663 667 668
f 663 668 664
f 666 665 669
f 666 669 670
f 667 671 672
f 667 672 668
f 670 669 673
f 670 673 674
f 671 675 676
f 671 676 672
f 674 673 677
f 674 677 678
f 675 679 680
f 675 680 676
f 678 677 681
f 678 681 682
f 679 683 684
f 679 684 680
f 682 681 685
f 682 685 686
f 683 687 688
f 683 688 684
f 689 690 404
f 689 404 403
f 691 407 406
f 691 406 692
f 686 685 412
f 686 412 411
f 687 415 414
f 687 414 688
f 693 694 695
f 693 695 696
f 697 698 699
f 697 699 700
f 696 695 701
f 696 701 702
f 698 703 704
f 698 704 699
f 702 701 705
f 702 705 706
f 703 707 708
f 703 708 704
f 706 705 709
f 706 709 710
f 707 711 712
f 707 712 708
f 710 709 713
f 710 713 714
f 711 715 716
f 711 716 712
f 714 713 717
f 714 717 718
f 715 719 720
f 715 720 716
f 718 717 721
f 718 721 722
f 719 723 724
f 719 724 720
f 722 721 725
f 722 725 726
f 723 727 728
f 723 728 724
f 726 725 729
f 726 729 730
f 727 731 732
f 727 732 728
f 730 729 733
f 730 733 734
f 731 735 736
f 731 736 732
f 734 733 737
f 734 737 738
f 735 739 740
f 735 740 736
f 738 737 741
f 738 741 742
f 739 743 744
f 739 744 740
f 742 741 745
f 742 745 746
f 743 747 748
f 743 748 744
f 746 745 749
f 746 749 750
f 747 751 752
f 747 752 748
f 750 749 753
f 750 753 754
f 751 755 756
f 751 756 752
f 754 753 757
f 754 757 758
f 755 759 760
f 755 760 756
f 758 757 761
f 758 761 762
f 759 763 764
f 759 764 760
f 762 761 765
f 762 765 766
f 763 767 768
f 763 768 764
f 766 765 769
f 766 769 770
f 767 771 772
f 767 772 768
f 770 769 773
f 770 773 774
f 771 775 776
f 771 776 772
f 774 773 777
f 774 777 778
f 775 779 780
f 775 780 776
f 778 777 781
f 778 781 782
f 779 783 784
f 779 784 780
f 782 781 785
f 782 785 786
f 783 787 788
f 783 788 784
f 786 785 789
f 786 789 790
f 787 791 792
f 787 792 788
f 790 789 793
f 790 793 794
f 791 795 796
f 791 796 792
f 794 793 797
f 794 797 798
f 795 799 800
f 795 800 796
f 798 797 801
f 798 801 802
f 799 803 804
f 799 804 800
f 802 801 805
f 802 805 806
f 803 807 808
f 803 808 804
f 806 805 809
f 806 809 810
f 807 811 812
f 807 812 808
f 810 809 813
f 810 813 814
f 811 815 816
f 811 816 812
f 814 813 817
f 814 817 818
f 815 819 820
f 815 820 816
f 818 817 821
f 818 821 822
f 819 823 824
f 819 824 820
f 822 821 825
f 822 825 826
f 823 827 828
f 823 828 824
f 398 397 402
f 398 402 401
f 399 405 408
f 399 408 400
f 829 830 831
f 829 831 832
f 833 834 835
f 833 835 836
f 544 543 548
f 544 548 547
f 545 551 554
f 545 554 546
f 837 838 839
f 837 839 840
f 841 842 843
f 841 843 844
f 845 846 847
f 845 847 848
f 849 850 851
f 849 851 852
f 853 854 855
f 853 855 856
f 857 858 859
f 857 859 860
f 861 862 863
f 861 863 864
f 865 866 867
f 865 867 868
f 869 870 862
f 869 862 861
f 871 865 868
f 871 868 872
f 873 874 870
f 873 870 869
f 875 871 872
f 875 872 876
f 877 878 874
f 877 874 873
f 879 875 876
f 879 876 880
f 881 882 878
f 881 878 877
f 883 879 880
f 883 880 884
f 885 886 882
f 885 882 881
f 887 883 884
f 887 884 888
f 889 890 886
f 889 886 885
f 891 887 888
f 891 888 892
f 893 894 890
f 893 890 889
f 895 891 892
f 895 892 896
f 897 898 894
f 897 894 893
f 899 895 896
f 899 896 900
f 901 902 898
f 901 898 897
f 903 899 900
f 903 900 904
f 905 906 902
f 905 902 901
f 907 903 904
f 907 904 908
f 909 910 906
f 909 906 905
f 911 907 908
f 911 908 912
f 913 914 910
f 913 910 909
f 915 911 912
f 915 912 916
f 917 918 919
f 917 919 920
f 921 922 923
f 921 923 924
f 925 926 927
f 925 927 928
f 929 930 931
f 929 931 932
f 933 934 914
f 933 914 913
f 935 915 916
f 935 916 936
f 937 938 939
f 937 939 940
f 941 942 943
f 941 943 944
f 945 946 938
f 945 938 937
f 947 941 944
f 947 944 948
f 949 950 946
f 949 946 945
f 951 947 948
f 951 948 952
f 953 954 950
f 953 950 949
f 955 951 952
f 955 952 956
f 957 958 954
f 957 954 953
f 959 955 956
f 959 956 960
f 961 962 958
f 961 958 957
f 963 959 960
f 963 960 964
f 965 966 962
f 965 962 961
f 967 963 964
f 967 964 968
f 969 970 966
f 969 966 965
f 971 967 968
f 971 968 972
f 973 974 970
f 973 970 969
f 975 971 972
f 975 972 976
f 977 978 974
f 977 974 973
f 979 975 976
f 979 976 980
f 981 982 978
f 981 978 977
f 983 979 980
f 983 980 984
f 985 986 982
f 985 982 981
f 987 983 984
f 987 984 988
f 989 990 986
f 989 986 985
f 991 987 988
f 991 988 992
f 856 855 990
f 856 990 989
f 858 991 992
f 858 992 859
f 928 927 993
f 928 993 994
f 930 995 996
f 930 996 931
f 997 998 999
f 997 999 1000
f 1001 1002 1003
f 1001 1003 1004
f 1005 1006 998
f 1005 998 997
f 1007 1001 1004
f 1007 1004 1008
f 1009 1010 1006
f 1009 1006 1005
f 1011 1007 1008
f 1011 1008 1012
f 1013 1014 1010
f 1013 1010 1009
f 1015 1011 1012
f 1015 1012 1016
f 1017 1018 1014
f 1017 1014 1013
f 1019 1015 1016
f 1019 1016 1020
f 1021 1022 1018
f 1021 1018 1017
f 1023 1019 1020
f 1023 1020 1024
f 1025 1026 1022
f 1025 1022 1021
f 1027 1023 1024
f 1027 1024 1028
f 1029 1030 1026
f 1029 1026 1025
f 1031 1027 1028
f 1031 1028 1032
f 1033 1034 1030
f 1033 1030 1029
f 1035 1031 1032
f 1035 1032 1036
f 1037 1038 1034
f 1037 1034 1033
f 1039 1035 1036
f 1039 1036 1040
f 1041 1042 1038
f 1041 1038 1037
f 1043 1039 1040
f 1043 1040 1044
f 1045 1046 1042
f 1045 1042 1041
f 1047 1043 1044
f 1047 1044 1048
f 1049 1050 1046
f 1049 1046 1045
f 1051 1047 1048
f 1051 1048 1052
f 1050 1049 848
f 1050 848 847
f 1052 851 850
f 1052 850 1051
f 864 863 854
f 864 854 853
f 866 857 860
f 866 860 867
f 1053 1054 846
f 1053 846 845
f 1055 849 852
f 1055 852 1056
f 1057 1058 1054
f 1057 1054 1053
f 1059 1055 1056
f 1059 1056 1060
f 1061 1062 1058
f 1061 1058 1057
f 1063 1059 1060
f 1063 1060 1064
f 1065 1066 1062
f 1065 1062 1061
f 1067 1063 1064
f 1067 1064 1068
f 1069 1070 1066
f 1069 1066 1065
f 1071 1067 1068
f 1071 1068 1072
f 1073 1074 1070
f 1073 1070 1069
f 1075 1071 1072
f 1075 1072 1076
f 1077 1078 1074
f 1077 1074 1073
f 1079 1075 1076
f 1079 1076 1080
f 1081 1082 1078
f 1081 1078 1077
f 1083 1079 1080
f 1083 1080 1084
f 1085 1086 1082
f 1085 1082 1081
f 1087 1083 1084
f 1087 1084 1088
f 1089 1090 1086
f 1089 1086 1085
f 1091 1087 1088
f 1091 1088 1092
f 1093 1094 1090
f 1093 1090 1089
f 1095 1091 1092
f 1095 1092 1096
f 1097 1098 1094
f 1097 1094 1093
f 1099 1095 1096
f 1099 1096 1100
f 1101 1102 1098
f 1101 1098 1097
f 1103 1099 1100
f 1103 1100 1104
f 994 993 1102
f 994 1102 1101
f 995 1103 1104
f 995 1104 996
f 1105 1106 1107
f 1105 1107 1108
f 1109 1110 1111
f 1109 1111 1112
f 940 939 1106
f 940 1106 1105
f 942 1109 1112
f 942 1112 943
f 1113 1114 1115
f 1113 1115 1116
f 1117 1118 1119
f 1117 1119 1120
f 1121 1122 1123
f 1121 1123 1124
f 1125 1126 1127
f 1125 1127 1128
f 1129 1130 1131
f 1129 1131 1132
f 1133 1134 1135
f 1133 1135 1136
f 1137 1129 1132
f 1137 1132 1138
f 1139 1140 1134
f 1139 1134 1133
f 1141 1137 1138
f 1141 1138 1142
f 1143 1144 1140
f 1143 1140 1139
f 1145 1141 1142
f 1145 1142 1146
f 1147 1148 1144
f 1147 1144 1143
f 1149 1145 1146
f 1149 1146 1150
f 1151 1152 1148
f 1151 1148 1147
f 1153 1149 1150
f 1153 1150 1154
f 1155 1156 1152
f 1155 1152 1151
f 1157 1153 1154
f 1157 1154 1158
f 1159 1160 1156
f 1159 1156 1155
f 1161 1157 1158
f 1161 1158 1162
f 1163 1164 1160
f 1163 1160 1159
f 1165 1161 1162
f 1165 1162 1166
f 1167 1168 1164
f 1167 1164 1163
f 1169 1165 1166
f 1169 1166 1170
f 1171 1172 1168
f 1171 1168 1167
f 1173 1169 1170
f 1173 1170 1174
f 1175 1176 1172
f 1175 1172 1171
f 1177 1173 1174
f 1177 1174 1178
f 1179 1180 1176
f 1179 1176 1175
f 1181 1177 1178
f 1181 1178 1182
f 1183 1184 1180
f 1183 1180 1179
f 1185 1186 1187
f 1185 1187 1188
f 1189 1190 1191
f 1189 1191 1192
f 1193 1194 1195
f 1193 1195 1196
f 1197 1198 1199
f 1197 1199 1200
f 1201 1181 1182
f 1201 1182 1202
f 1203 1204 1184
f 1203 1184 1183
f 1205 1206 1207
f 1205 1207 1208
f 1209 1210 1211
f 1209 1211 1212
f 1213 1205 1208
f 1213 1208 1214
f 1215 1216 1210
f 1215 1210 1209
f 1217 1213 1214
f 1217 1214 1218
f 1219 1220 1216
f 1219 1216 1215
f 1221 1217 1218
f 1221 1218 1222
f 1223 1224 1220
f 1223 1220 1219
f 1225 1221 1222
f 1225 1222 1226
f 1227 1228 1224
f 1227 1224 1223
f 1229 1225 1226
f 1229 1226 1230
f 1231 1232 1228
f 1231 1228 1227
f 1233 1229 1230
f 1233 1230 1234
f 1235 1236 1232
f 1235 1232 1231
f 1237 1233 1234
f 1237 1234 1238
f 1239 1240 1236
f 1239 1236 1235
f 1241 1237 1238
f 1241 1238 1242
f 1243 1244 1240
f 1243 1240 1239
f 1245 1241 1242
f 1245 1242 1246
f 1247 1248 1244
f 1247 1244 1243
f 1249 1245 1246
f 1249 1246 1250
f 1251 1252 1248
f 1251 1248 1247
f 1253 1249 1250
f 1253 1250 1254
f 1255 1256 1252
f 1255 1252 1251
f 1257 1253 1254
f 1257 1254 1258
f 1259 1260 1256
f 1259 1256 1255
f 1122 1257 1258
f 1122 1258 1123
f 1128 1127 1260
f 1128 1260 1259
f 1206 917 920
f 1206 920 1207
f 1212 1211 922
f 1212 922 921
f 1261 1262 1263
f 1261 1263 1264
f 1265 1266 1267
f 1265 1267 1268
f 1269 1261 1264
f 1269 1264 1270
f 1271 1272 1266
f 1271 1266 1265
f 1273 1269 1270
f 1273 1270 1274
f 1275 1276 1272
f 1275 1272 1271
f 1277 1273 1274
f 1277 1274 1278
f 1279 1280 1276
f 1279 1276 1275
f 1281 1277 1278
f 1281 1278 1282
f 1283 1284 1280
f 1283 1280 1279
f 1285 1281 1282
f 1285 1282 1286
f 1287 1288 1284
f 1287 1284 1283
f 1289 1285 1286
f 1289 1286 1290
f 1291 1292 1288
f 1291 1288 1287
f 1293 1289 1290
f 1293 1290 1294
f 1295 1296 1292
f 1295 1292 1291
f 1297 1293 1294
f 1297 1294 1298
f 1299 1300 1296
f 1299 1296 1295
f 1301 1297 1298
f 1301 1298 1302
f 1303 1304 1300
f 1303 1300 1299
f 1305 1301 1302
f 1305 1302 1306
f 1307 1308 1304
f 1307 1304 1303
f 1309 1305 1306
f 1309 1306 1310
f 1311 1312 1308
f 1311 1308 1307
f 1313 1309 1310
f 1313 1310 1314
f 1315 1316 1312
f 1315 1312 1311
f 1314 1115 1114
f 1314 1114 1313
f 1316 1315 1120
f 1316 1120 1119
f 1130 1121 1124
f 1130 1124 1131
f 1136 1135 1126
f 1136 1126 1125
f 1317 1113 1116
f 1317 1116 1318
f 1319 1320 1118
f 1319 1118 1117
f 1321 1317 1318
f 1321 1318 1322
f 1323 1324 1320
f 1323 1320 1319
f 1325 1321 1322
f 1325 1322 1326
f 1327 1328 1324
f 1327 1324 1323
f 1329 1325 1326
f 1329 1326 1330
f 1331 1332 1328
f 1331 1328 1327
f 1333 1329 1330
f 1333 1330 1334
f 1335 1336 1332
f 1335 1332 1331
f 1337 1333 1334
f 1337 1334 1338
f 1339 1340 1336
f 1339 1336 1335
f 1341 1337 1338
f 1341 1338 1342
f 1343 1344 1340
f 1343 1340 1339
f 1345 1341 1342
f 1345 1342 1346
f 1347 1348 1344
f 1347 1344 1343
f 1349 1345 1346
f 1349 1346 1350
f 1351 1352 1348
f 1351 1348 1347
f 1353 1349 1350
f 1353 1350 1354
f 1355 1356 1352
f 1355 1352 1351
f 1357 1353 1354
f 1357 1354 1358
f 1359 1360 1356
f 1359 1356 1355
f 1361 1357 1358
f 1361 1358 1362
f 1363 1364 1360
f 1363 1360 1359
f 1365 1361 1362
f 1365 1362 1366
f 1367 1368 1364
f 1367 1364 1363
f 1369 1365 1366
f 1369 1366 1370
f 1371 1372 1368
f 1371 1368 1367
f 1373 1374 1375
f 1373 1375 1376
f 1377 1378 1379
f 1377 1379 1380
f 1262 1381 1382
f 1262 1382 1263
f 1268 1267 1383
f 1268 1383 1384
f 1385 1386 1387
f 1385 1387 1388
f 1389 1390 1391
f 1389 1391 1392
f 1393 1394 1395
f 1393 1395 1396
f 1397 1398 1399
f 1397 1399 1400
f 1401 1402 1403
f 1401 1403 1404
f 1405 1406 1407
f 1405 1407 1408
f 1409 1401 1404
f 1409 1404 1410
f 1411 1412 1406
f 1411 1406 1405
f 1413 1409 1410
f 1413 1410 1414
f 1415 1416 1412
f 1415 1412 1411
f 1417 1413 1414
f 1417 1414 1418
f 1419 1420 1416
f 1419 1416 1415
f 1421 1417 1418
f 1421 1418 1422
f 1423 1424 1420
f 1423 1420 1419
f 1425 1421 1422
f 1425 1422 1426
f 1427 1428 1424
f 1427 1424 1423
f 1429 1425 1426
f 1429 1426 1430
f 1431 1432 1428
f 1431 1428 1427
f 1433 1429 1430
f 1433 1430 1434
f 1435 1436 1432
f 1435 1432 1431
f 1437 1433 1434
f 1437 1434 1438
f 1439 1440 1436
f 1439 1436 1435
f 1441 1437 1438
f 1441 1438 1442
f 1443 1444 1440
f 1443 1440 1439
f 1445 1441 1442
f 1445 1442 1446
f 1447 1448 1444
f 1447 1444 1443
f 1449 1445 1446
f 1449 1446 1450
f 1451 1452 1448
f 1451 1448 1447
f 1453 1449 1450
f 1453 1450 1454
f 1455 1456 1452
f 1455 1452 1451
f 1196 1457 1458
f 1196 1458 1193
f 1198 1197 1459
f 1198 1459 1460
f 1461 1462 1463
f 1461 1463 1464
f 1465 1466 1467
f 1465 1467 1468
f 1469 1453 1454
f 1469 1454 1470
f 1471 1472 1456
f 1471 1456 1455
f 1473 1461 1464
f 1473 1464 1474
f 1475 1476 1466
f 1475 1466 1465
f 1477 1473 1474
f 1477 1474 1478
f 1479 1480 1476
f 1479 1476 1475
f 1481 1477 1478
f 1481 1478 1482
f 1483 1484 1480
f 1483 1480 1479
f 1485 1481 1482
f 1485 1482 1486
f 1487 1488 1484
f 1487 1484 1483
f 1489 1485 1486
f 1489 1486 1490
f 1491 1492 1488
f 1491 1488 1487
f 1493 1489 1490
f 1493 1490 1494
f 1495 1496 1492
f 1495 1492 1491
f 1497 1493 1494
f 1497 1494 1498
f 1499 1500 1496
f 1499 1496 1495
f 1501 1497 1498
f 1501 1498 1502
f 1503 1504 1500
f 1503 1500 1499
f 1505 1501 1502
f 1505 1502 1506
f 1507 1508 1504
f 1507 1504 1503
f 1509 1505 1506
f 1509 1506 1510
f 1511 1512 1508
f 1511 1508 1507
f 1513 1509 1510
f 1513 1510 1514
f 1515 1516 1512
f 1515 1512 1511
f 1517 1513 1514
f 1517 1514 1518
f 1519 1520 1516
f 1519 1516 1515
f 1521 1517 1518
f 1521 1518 1522
f 1523 1524 1520
f 1523 1520 1519
f 1394 1521 1522
f 1394 1522 1395
f 1400 1399 1524
f 1400 1524 1523
f 1462 1186 1185
f 1462 1185 1463
f 1468 1467 1189
f 1468 1189 1192
f 1525 1526 1527
f 1525 1527 1528
f 1529 1530 1531
f 1529 1531 1532
f 1533 1525 1528
f 1533 1528 1534
f 1535 1536 1530
f 1535 1530 1529
f 1537 1533 1534
f 1537 1534 1538
f 1539 1540 1536
f 1539 1536 1535
f 1541 1537 1538
f 1541 1538 1542
f 1543 1544 1540
f 1543 1540 1539
f 1545 1541 1542
f 1545 1542 1546
f 1547 1548 1544
f 1547 1544 1543
f 1549 1545 1546
f 1549 1546 1550
f 1551 1552 1548
f 1551 1548 1547
f 1553 1549 1550
f 1553 1550 1554
f 1555 1556 1552
f 1555 1552 1551
f 1557 1553 1554
f 1557 1554 1558
f 1559 1560 1556
f 1559 1556 1555
f 1561 1557 1558
f 1561 1558 1562
f 1563 1564 1560
f 1563 1560 1559
f 1565 1561 1562
f 1565 1562 1566
f 1567 1568 1564
f 1567 1564 1563
f 1569 1565 1566
f 1569 1566 1570
f 1571 1572 1568
f 1571 1568 1567
f 1573 1569 1570
f 1573 1570 1574
f 1575 1576 1572
f 1575 1572 1571
f 1577 1573 1574
f 1577 1574 1578
f 1579 1580 1576
f 1579 1576 1575
f 1578 1387 1386
f 1578 1386 1577
f 1580 1579 1392
f 1580 1392 1391
f 1402 1393 1396
f 1402 1396 1403
f 1408 1407 1398
f 1408 1398 1397
f 1581 1385 1388
f 1581 1388 1582
f 1583 1584 1390
f 1583 1390 1389
f 1585 1581 1582
f 1585 1582 1586
f 1587 1588 1584
f 1587 1584 1583
f 1589 1585 1586
f 1589 1586 1590
f 1591 1592 1588
f 1591 1588 1587
f 1593 1589 1590
f 1593 1590 1594
f 1595 1596 1592
f 1595 1592 1591
f 1597 1593 1594
f 1597 1594 1598
f 1599 1600 1596
f 1599 1596 1595
f 1601 1597 1598
f 1601 1598 1602
f 1603 1604 1600
f 1603 1600 1599
f 1605 1601 1602
f 1605 1602 1606
f 1607 1608 1604
f 1607 1604 1603
f 1609 1605 1606
f 1609 1606 1610
f 1611 1612 1608
f 1611 1608 1607
f 1613 1609 1610
f 1613 1610 1614
f 1615 1616 1612
f 1615 1612 1611
f 1617 1613 1614
f 1617 1614 1618
f 1619 1620 1616
f 1619 1616 1615
f 1621 1617 1618
f 1621 1618 1622
f 1623 1624 1620
f 1623 1620 1619
f 1625 1621 1622
f 1625 1622 1626
f 1627 1628 1624
f 1627 1624 1623
f 1629 1625 1626
f 1629 1626 1630
f 1631 1632 1628
f 1631 1628 1627
f 1633 1629 1630
f 1633 1630 1634
f 1635 1636 1632
f 1635 1632 1631
f 926 925 1637
f 926 1637 1638
f 932 1639 1640
f 932 1640 929
f 1526 1641 1642
f 1526 1642 1527
f 1532 1531 1643
f 1532 1643 1644
f 1645 1646 1647
f 1645 1647 1648
f 1649 1650 1651
f 1649 1651 1652
f 1653 1654 1655
f 1653 1655 1656
f 1657 1658 1659
f 1657 1659 1660
f 1661 1662 1663
f 1661 1663 1664
f 1665 1666 1667
f 1665 1667 1668
f 1669 1670 1662
f 1669 1662 1661
f 1671 1665 1668
f 1671 1668 1672
f 1673 1674 1670
f 1673 1670 1669
f 1675 1671 1672
f 1675 1672 1676
f 1677 1678 1674
f 1677 1674 1673
f 1679 1675 1676
f 1679 1676 1680
f 1681 1682 1678
f 1681 1678 1677
f 1683 1679 1680
f 1683 1680 1684
f 1685 1686 1682
f 1685 1682 1681
f 1687 1683 1684
f 1687 1684 1688
f 1689 1690 1686
f 1689 1686 1685
f 1691 1687 1688
f 1691 1688 1692
f 1693 1694 1690
f 1693 1690 1689
f 1695 1691 1692
f 1695 1692 1696
f 1697 1698 1694
f 1697 1694 1693
f 1699 1695 1696
f 1699 1696 1700
f 1701 1702 1698
f 1701 1698 1697
f 1703 1699 1700
f 1703 1700 1704
f 1705 1706 1702
f 1705 1702 1701
f 1707 1703 1704
f 1707 1704 1708
f 1709 1710 1706
f 1709 1706 1705
f 1711 1707 1708
f 1711 1708 1712
f 1713 1714 1710
f 1713 1710 1709
f 1715 1711 1712
f 1715 1712 1716
f 1717 1718 1374
f 1717 1374 1373
f 1719 1377 1380
f 1719 1380 1720
f 1721 1722 1714
f 1721 1714 1713
f 1723 1715 1716
f 1723 1716 1724
f 1725 1726 1718
f 1725 1718 1717
f 1727 1719 1720
f 1727 1720 1728
f 1729 1730 1726
f 1729 1726 1725
f 1731 1727 1728
f 1731 1728 1732
f 1733 1734 1730
f 1733 1730 1729
f 1735 1731 1732
f 1735 1732 1736
f 1737 1738 1734
f 1737 1734 1733
f 1739 1735 1736
f 1739 1736 1740
f 1741 1742 1738
f 1741 1738 1737
f 1743 1739 1740
f 1743 1740 1744
f 1745 1746 1742
f 1745 1742 1741
f 1747 1743 1744
f 1747 1744 1748
f 1749 1750 1746
f 1749 1746 1745
f 1751 1747 1748
f 1751 1748 1752
f 1753 1754 1750
f 1753 1750 1749
f 1755 1751 1752
f 1755 1752 1756
f 1757 1758 1754
f 1757 1754 1753
f 1759 1755 1756
f 1759 1756 1760
f 1761 1762 1758
f 1761 1758 1757
f 1763 1759 1760
f 1763 1760 1764
f 1765 1766 1762
f 1765 1762 1761
f 1767 1763 1764
f 1767 1764 1768
f 1769 1770 1766
f 1769 1766 1765
f 1771 1767 1768
f 1771 1768 1772
f 1773 1774 1770
f 1773 1770 1769
f 1775 1771 1772
f 1775 1772 1776
f 1656 1655 1774
f 1656 1774 1773
f 1658 1775 1776
f 1658 1776 1659
f 1458 1457 1777
f 1458 1777 1778
f 1459 1779 1780
f 1459 1780 1460
f 1781 1782 1783
f 1781 1783 1784
f 1785 1786 1787
f 1785 1787 1788
f 1789 1790 1782
f 1789 1782 1781
f 1791 1785 1788
f 1791 1788 1792
f 1793 1794 1790
f 1793 1790 1789
f 1795 1791 1792
f 1795 1792 1796
f 1797 1798 1794
f 1797 1794 1793
f 1799 1795 1796
f 1799 1796 1800
f 1801 1802 1798
f 1801 1798 1797
f 1803 1799 1800
f 1803 1800 1804
f 1805 1806 1802
f 1805 1802 1801
f 1807 1803 1804
f 1807 1804 1808
f 1809 1810 1806
f 1809 1806 1805
f 1811 1807 1808
f 1811 1808 1812
f 1813 1814 1810
f 1813 1810 1809
f 1815 1811 1812
f 1815 1812 1816
f 1817 1818 1814
f 1817 1814 1813
f 1819 1815 1816
f 1819 1816 1820
f 1821 1822 1818
f 1821 1818 1817
f 1823 1819 1820
f 1823 1820 1824
f 1825 1826 1822
f 1825 1822 1821
f 1827 1823 1824
f 1827 1824 1828
f 1829 1830 1826
f 1829 1826 1825
f 1831 1827 1828
f 1831 1828 1832
f 1833 1834 1830
f 1833 1830 1829
f 1835 1831 1832
f 1835 1832 1836
f 1834 1833 1648
f 1834 1648 1647
f 1836 1651 1650
f 1836 1650 1835
f 1664 1663 1654
f 1664 1654 1653
f 1666 1657 1660
f 1666 1660 1667
f 1837 1838 1646
f 1837 1646 1645
f 1839 1649 1652
f 1839 1652 1840
f 1841 1842 1838
f 1841 1838 1837
f 1843 1839 1840
f 1843 1840 1844
f 1845 1846 1842
f 1845 1842 1841
f 1847 1843 1844
f 1847 1844 1848
f 1849 1850 1846
f 1849 1846 1845
f 1851 1847 1848
f 1851 1848 1852
f 1853 1854 1850
f 1853 1850 1849
f 1855 1851 1852
f 1855 1852 1856
f 1857 1858 1854
f 1857 1854 1853
f 1859 1855 1856
f 1859 1856 1860
f 1861 1862 1858
f 1861 1858 1857
f 1863 1859 1860
f 1863 1860 1864
f 1865 1866 1862
f 1865 1862 1861
f 1867 1863 1864
f 1867 1864 1868
f 1869 1870 1866
f 1869 1866 1865
f 1871 1867 1868
f 1871 1868 1872
f 1873 1874 1870
f 1873 1870 1869
f 1875 1871 1872
f 1875 1872 1876
f 1877 1878 1874
f 1877 1874 1873
f 1879 1875 1876
f 1879 1876 1880
f 1881 1882 1878
f 1881 1878 1877
f 1883 1879 1880
f 1883 1880 1884
f 1885 1886 1882
f 1885 1882 1881
f 1887 1883 1884
f 1887 1884 1888
f 1778 1777 1886
f 1778 1886 1885
f 1779 1887 1888
f 1779 1888 1780
f 1784 1783 1889
f 1784 1889 1890
f 1786 1891 1892
f 1786 1892 1787
f 1194 1369 1370
f 1194 1370 1195
f 1200 1199 1372
f 1200 1372 1371
f 1722 1721 1893
f 1722 1893 1894
f 1724 1895 1896
f 1724 1896 1723
f 1893 1201 1202
f 1893 1202 1894
f 1896 1895 1204
f 1896 1204 1203
f 919 918 1897
f 919 1897 1898
f 923 1899 1900
f 923 1900 924
f 1901 1902 1903
f 1901 1903 1904
f 1905 1906 1907
f 1905 1907 1908
f 1909 1910 1911
f 1909 1911 1912
f 1913 1914 1915
f 1913 1915 1916
f 1000 999 1902
f 1000 1902 1901
f 1002 1905 1908
f 1002 1908 1003
f 1917 1918 934
f 1917 934 933
f 1919 935 936
f 1919 936 1920
f 1470 1918 1917
f 1470 1917 1469
f 1472 1471 1919
f 1472 1919 1920
f 1637 1633 1634
f 1637 1634 1638
f 1640 1639 1636
f 1640 1636 1635
f 1641 1921 1922
f 1641 1922 1642
f 1644 1643 1923
f 1644 1923 1924
f 1925 1926 1927
f 1925 1927 1928
f 1929 1930 1931
f 1929 1931 1932
f 1375 1188 1187
f 1375 1187 1376
f 1379 1378 1191
f 1379 1191 1190
f 1890 1889 1925
f 1890 1925 1928
f 1891 1930 1929
f 1891 1929 1892
f 1922 1921 1927
f 1922 1927 1926
f 1923 1932 1931
f 1923 1931 1924
f 1903 1912 1911
f 1903 1911 1904
f 1907 1906 1915
f 1907 1915 1914
f 1381 1910 1909
f 1381 1909 1382
f 1384 1383 1913
f 1384 1913 1916
f 1933 1934 1935
f 1933 1935 1936
f 1937 1938 1939
f 1937 1939 1940
f 1941 1942 1934
f 1941 1934 1933
f 1943 1937 1940
f 1943 1940 1944
f 1945 1946 1942
f 1945 1942 1941
f 1947 1943 1944
f 1947 1944 1948
f 1949 1950 1946
f 1949 1946 1945
f 1951 1947 1948
f 1951 1948 1952
f 1953 1954 1950
f 1953 1950 1949
f 1955 1951 1952
f 1955 1952 1956
f 1107 1106 1954
f 1107 1954 1953
f 1111 1955 1956
f 1111 1956 1112
f 1934 1957 1958
f 1934 1958 1935
f 1940 1939 1959
f 1940 1959 1960
f 1942 1961 1957
f 1942 1957 1934
f 1944 1940 1960
f 1944 1960 1962
f 1946 1963 1961
f 1946 1961 1942
f 1948 1944 1962
f 1948 1962 1964
f 1950 1965 1963
f 1950 1963 1946
f 1952 1948 1964
f 1952 1964 1966
f 1954 1967 1965
f 1954 1965 1950
f 1956 1952 1966
f 1956 1966 1968
f 1106 939 1967
f 1106 1967 1954
f 1112 1956 1968
f 1112 1968 943
f 1957 1969 1970
f 1957 1970 1958
f 1960 1959 1971
f 1960 1971 1972
f 1961 1973 1969
f 1961 1969 1957
f 1962 1960 1972
f 1962 1972 1974
f 1963 1975 1973
f 1963 1973 1961
f 1964 1962 1974
f 1964 1974 1976
f 1965 1977 1975
f 1965 1975 1963
f 1966 1964 1976
f 1966 1976 1978
f 1967 1979 1977
f 1967 1977 1965
f 1968 1966 1978
f 1968 1978 1980
f 939 938 1979
f 939 1979 1967
f 943 1968 1980
f 943 1980 944
f 1981 1933 1936
f 1981 1936 1982
f 1983 1984 1938
f 1983 1938 1937
f 1985 1941 1933
f 1985 1933 1981
f 1986 1983 1937
f 1986 1937 1943
f 1987 1945 1941
f 1987 1941 1985
f 1988 1986 1943
f 1988 1943 1947
f 1989 1949 1945
f 1989 1945 1987
f 1990 1988 1947
f 1990 1947 1951
f 1991 1953 1949
f 1991 1949 1989
f 1992 1990 1951
f 1992 1951 1955
f 1898 1107 1953
f 1898 1953 1991
f 1899 1992 1955
f 1899 1955 1111
f 1969 1993 1994
f 1969 1994 1970
f 1972 1971 1995
f 1972 1995 1996
f 1973 1997 1993
f 1973 1993 1969
f 1974 1972 1996
f 1974 1996 1998
f 1975 1999 1997
f 1975 1997 1973
f 1976 1974 1998
f 1976 1998 2000
f 1977 2001 1999
f 1977 1999 1975
f 1978 1976 2000
f 1978 2000 2002
f 1979 2003 2001
f 1979 2001 1977
f 1980 1978 2002
f 1980 2002 2004
f 938 946 2003
f 938 2003 1979
f 944 1980 2004
f 944 2004 948
f 1993 2005 2006
f 1993 2006 1994
f 1996 1995 2007
f 1996 2007 2008
f 1997 2009 2005
f 1997 2005 1993
f 1998 1996 2008
f 1998 2008 2010
f 1999 2011 2009
f 1999 2009 1997
f 2000 1998 2010
f 2000 2010 2012
f 2001 2013 2011
f 2001 2011 1999
f 2002 2000 2012
f 2002 2012 2014
f 2003 2015 2013
f 2003 2013 2001
f 2004 2002 2014
f 2004 2014 2016
f 946 950 2015
f 946 2015 2003
f 948 2004 2016
f 948 2016 952
f 2005 2017 2018
f 2005 2018 2006
f 2008 2007 2019
f 2008 2019 2020
f 2009 2021 2017
f 2009 2017 2005
f 2010 2008 2020
f 2010 2020 2022
f 2011 2023 2021
f 2011 2021 2009
f 2012 2010 2022
f 2012 2022 2024
f 2013 2025 2023
f 2013 2023 2011
f 2014 2012 2024
f 2014 2024 2026
f 2015 2027 2025
f 2015 2025 2013
f 2016 2014 2026
f 2016 2026 2028
f 950 954 2027
f 950 2027 2015
f 952 2016 2028
f 952 2028 956
f 2017 2029 2030
f 2017 2030 2018
f 2020 2019 2031
f 2020 2031 2032
f 2021 2033 2029
f 2021 2029 2017
f 2022 2020 2032
f 2022 2032 2034
f 2023 2035 2033
f 2023 2033 2021
f 2024 2022 2034
f 2024 2034 2036
f 2025 2037 2035
f 2025 2035 2023
f 2026 2024 2036
f 2026 2036 2038
f 2027 2039 2037
f 2027 2037 2025
f 2028 2026 2038
f 2028 2038 2040
f 954 958 2039
f 954 2039 2027
f 956 2028 2040
f 956 2040 960
f 2029 2041 2042
f 2029 2042 2030
f 2032 2031 2043
f 2032 2043 2044
f 2033 2045 2041
f 2033 2041 2029
f 2034 2032 2044
f 2034 2044 2046
f 2035 2047 2045
f 2035 2045 2033
f 2036 2034 2046
f 2036 2046 2048
f 2037 2049 2047
f 2037 2047 2035
f 2038 2036 2048
f 2038 2048 2050
f 2039 2051 2049
f 2039 2049 2037
f 2040 2038 2050
f 2040 2050 2052
f 958 962 2051
f 958 2051 2039
f 960 2040 2052
f 960 2052 964
f 2041 2053 2054
f 2041 2054 2042
f 2044 2043 2055
f 2044 2055 2056
f 2045 2057 2053
f 2045 2053 2041
f 2046 2044 2056
f 2046 2056 2058
f 2047 2059 2057
f 2047 2057 2045
f 2048 2046 2058
f 2048 2058 2060
f 2049 2061 2059
f 2049 2059 2047
f 2050 2048 2060
f 2050 2060 2062
f 2051 2063 2061
f 2051 2061 2049
f 2052 2050 2062
f 2052 2062 2064
f 962 966 2063
f 962 2063 2051
f 964 2052 2064
f 964 2064 968
f 2053 2065 2066
f 2053 2066 2054
f 2056 2055 2067
f 2056 2067 2068
f 2057 2069 2065
f 2057 2065 2053
f 2058 2056 2068
f 2058 2068 2070
f 2059 2071 2069
f 2059 2069 2057
f 2060 2058 2070
f 2060 2070 2072
f 2061 2073 2071
f 2061 2071 2059
f 2062 2060 2072
f 2062 2072 2074
f 2063 2075 2073
f 2063 2073 2061
f 2064 2062 2074
f 2064 2074 2076
f 966 970 2075
f 966 2075 2063
f 968 2064 2076
f 968 2076 972
f 2065 2077 2078
f 2065 2078 2066
f 2068 2067 2079
f 2068 2079 2080
f 2069 2081 2077
f 2069 2077 2065
f 2070 2068 2080
f 2070 2080 2082
f 2071 2083 2081
f 2071 2081 2069
f 2072 2070 2082
f 2072 2082 2084
f 2073 2085 2083
f 2073 2083 2071
f 2074 2072 2084
f 2074 2084 2086
f 2075 2087 2085
f 2075 2085 2073
f 2076 2074 2086
f 2076 2086 2088
f 970 974 2087
f 970 2087 2075
f 972 2076 2088
f 972 2088 976
f 2077 2089 2090
f 2077 2090 2078
f 2080 2079 2091
f 2080 2091 2092
f 2081 2093 2089
f 2081 2089 2077
f 2082 2080 2092
f 2082 2092 2094
f 2083 2095 2093
f 2083 2093 2081
f 2084 2082 2094
f 2084 2094 2096
f 2085 2097 2095
f 2085 2095 2083
f 2086 2084 2096
f 2086 2096 2098
f 2087 2099 2097
f 2087 2097 2085
f 2088 2086 2098
f 2088 2098 2100
f 974 978 2099
f 974 2099 2087
f 976 2088 2100
f 976 2100 980
f 2089 2101 2102
f 2089 2102 2090
f 2092 2091 2103
f 2092 2103 2104
f 2093 2105 2101
f 2093 2101 2089
f 2094 2092 2104
f 2094 2104 2106
f 2095 2107 2105
f 2095 2105 2093
f 2096 2094 2106
f 2096 2106 2108
f 2097 2109 2107
f 2097 2107 2095
f 2098 2096 2108
f 2098 2108 2110
f 2099 2111 2109
f 2099 2109 2097
f 2100 2098 2110
f 2100 2110 2112
f 978 982 2111
f 978 2111 2099
f 980 2100 2112
f 980 2112 984
f 2101 2113 2114
f 2101 2114 2102
f 2104 2103 2115
f 2104 2115 2116
f 2105 2117 2113
f 2105 2113 2101
f 2106 2104 2116
f 2106 2116 2118
f 2107 2119 2117
f 2107 2117 2105
f 2108 2106 2118
f 2108 2118 2120
f 2109 2121 2119
f 2109 2119 2107
f 2110 2108 2120
f 2110 2120 2122
f 2111 2123 2121
f 2111 2121 2109
f 2112 2110 2122
f 2112 2122 2124
f 982 986 2123
f 982 2123 2111
f 984 2112 2124
f 984 2124 988
f 2113 2125 2126
f 2113 2126 2114
f 2116 2115 2127
f 2116 2127 2128
f 2117 2129 2125
f 2117 2125 2113
f 2118 2116 2128
f 2118 2128 2130
f 2119 2131 2129
f 2119 2129 2117
f 2120 2118 2130
f 2120 2130 2132
f 2121 2133 2131
f 2121 2131 2119
f 2122 2120 2132
f 2122 2132 2134
f 2123 2135 2133
f 2123 2133 2121
f 2124 2122 2134
f 2124 2134 2136
f 986 990 2135
f 986 2135 2123
f 988 2124 2136
f 988 2136 992
f 2125 2137 2138
f 2125 2138 2126
f 2128 2127 2139
f 2128 2139 2140
f 2129 2141 2137
f 2129 2137 2125
f 2130 2128 2140
f 2130 2140 2142
f 2131 2143 2141
f 2131 2141 2129
f 2132 2130 2142
f 2132 2142 2144
f 2133 2145 2143
f 2133 2143 2131
f 2134 2132 2144
f 2134 2144 2146
f 2135 2147 2145
f 2135 2145 2133
f 2136 2134 2146
f 2136 2146 2148
f 990 855 2147
f 990 2147 2135
f 992 2136 2148
f 992 2148 859
f 2137 2149 2150
f 2137 2150 2138
f 2140 2139 2151
f 2140 2151 2152
f 2141 2153 2149
f 2141 2149 2137
f 2142 2140 2152
f 2142 2152 2154
f 2143 2155 2153
f 2143 2153 2141
f 2144 2142 2154
f 2144 2154 2156
f 2145 2157 2155
f 2145 2155 2143
f 2146 2144 2156
f 2146 2156 2158
f 2147 2159 2157
f 2147 2157 2145
f 2148 2146 2158
f 2148 2158 2160
f 855 854 2159
f 855 2159 2147
f 859 2148 2160
f 859 2160 860
f 2149 2161 2162
f 2149 2162 2150
f 2152 2151 2163
f 2152 2163 2164
f 2153 2165 2161
f 2153 2161 2149
f 2154 2152 2164
f 2154 2164 2166
f 2155 2167 2165
f 2155 2165 2153
f 2156 2154 2166
f 2156 2166 2168
f 2157 2169 2167
f 2157 2167 2155
f 2158 2156 2168
f 2158 2168 2170
f 2159 2171 2169
f 2159 2169 2157
f 2160 2158 2170
f 2160 2170 2172
f 854 863 2171
f 854 2171 2159
f 860 2160 2172
f 860 2172 867
f 2161 2173 2174
f 2161 2174 2162
f 2164 2163 2175
f 2164 2175 2176
f 2165 2177 2173
f 2165 2173 2161
f 2166 2164 2176
f 2166 2176 2178
f 2167 2179 2177
f 2167 2177 2165
f 2168 2166 2178
f 2168 2178 2180
f 2169 2181 2179
f 2169 2179 2167
f 2170 2168 2180
f 2170 2180 2182
f 2171 2183 2181
f 2171 2181 2169
f 2172 2170 2182
f 2172 2182 2184
f 863 862 2183
f 863 2183 2171
f 867 2172 2184
f 867 2184 868
f 2173 2185 2186
f 2173 2186 2174
f 2176 2175 2187
f 2176 2187 2188
f 2177 2189 2185
f 2177 2185 2173
f 2178 2176 2188
f 2178 2188 2190
f 2179 2191 2189
f 2179 2189 2177
f 2180 2178 2190
f 2180 2190 2192
f 2181 2193 2191
f 2181 2191 2179
f 2182 2180 2192
f 2182 2192 2194
f 2183 2195 2193
f 2183 2193 2181
f 2184 2182 2194
f 2184 2194 2196
f 862 870 2195
f 862 2195 2183
f 868 2184 2196
f 868 2196 872
f 2185 2197 2198
f 2185 2198 2186
f 2188 2187 2199
f 2188 2199 2200
f 2189 2201 2197
f 2189 2197 2185
f 2190 2188 2200
f 2190 2200 2202
f 2191 2203 2201
f 2191 2201 2189
f 2192 2190 2202
f 2192 2202 2204
f 2193 2205 2203
f 2193 2203 2191
f 2194 2192 2204
f 2194 2204 2206
f 2195 2207 2205
f 2195 2205 2193
f 2196 2194 2206
f 2196 2206 2208
f 870 874 2207
f 870 2207 2195
f 872 2196 2208
f 872 2208 876
f 2197 2209 2210
f 2197 2210 2198
f 2200 2199 2211
f 2200 2211 2212
f 2201 2213 2209
f 2201 2209 2197
f 2202 2200 2212
f 2202 2212 2214
f 2203 2215 2213
f 2203 2213 2201
f 2204 2202 2214
f 2204 2214 2216
f 2205 2217 2215
f 2205 2215 2203
f 2206 2204 2216
f 2206 2216 2218
f 2207 2219 2217
f 2207 2217 2205
f 2208 2206 2218
f 2208 2218 2220
f 874 878 2219
f 874 2219 2207
f 876 2208 2220
f 876 2220 880
f 2209 2221 2222
f 2209 2222 2210
f 2212 2211 2223
f 2212 2223 2224
f 2213 2225 2221
f 2213 2221 2209
f 2214 2212 2224
f 2214 2224 2226
f 2215 2227 2225
f 2215 2225 2213
f 2216 2214 2226
f 2216 2226 2228
f 2217 2229 2227
f 2217 2227 2215
f 2218 2216 2228
f 2218 2228 2230
f 2219 2231 2229
f 2219 2229 2217
f 2220 2218 2230
f 2220 2230 2232
f 878 882 2231
f 878 2231 2219
f 880 2220 2232
f 880 2232 884
f 2221 2233 2234
f 2221 2234 2222
f 2224 2223 2235
f 2224 2235 2236
f 2225 2237 2233
f 2225 2233 2221
f 2226 2224 2236
f 2226 2236 2238
f 2227 2239 2237
f 2227 2237 2225
f 2228 2226 2238
f 2228 2238 2240
f 2229 2241 2239
f 2229 2239 2227
f 2230 2228 2240
f 2230 2240 2242
f 2231 2243 2241
f 2231 2241 2229
f 2232 2230 2242
f 2232 2242 2244
f 882 886 2243
f 882 2243 2231
f 884 2232 2244
f 884 2244 888
f 2233 2245 2246
f 2233 2246 2234
f 2236 2235 2247
f 2236 2247 2248
f 2237 2249 2245
f 2237 2245 2233
f 2238 2236 2248
f 2238 2248 2250
f 2239 2251 2249
f 2239 2249 2237
f 2240 2238 2250
f 2240 2250 2252
f 2241 2253 2251
f 2241 2251 2239
f 2242 2240 2252
f 2242 2252 2254
f 2243 2255 2253
f 2243 2253 2241
f 2244 2242 2254
f 2244 2254 2256
f 886 890 2255
f 886 2255 2243
f 888 2244 2256
f 888 2256 892
f 2245 2257 2258
f 2245 2258 2246
f 2248 2247 2259
f 2248 2259 2260
f 2249 2261 2257
f 2249 2257 2245
f 2250 2248 2260
f 2250 2260 2262
f 2251 2263 2261
f 2251 2261 2249
f 2252 2250 2262
f 2252 2262 2264
f 2253 2265 2263
f 2253 2263 2251
f 2254 2252 2264
f 2254 2264 2266
f 2255 2267 2265
f 2255 2265 2253
f 2256 2254 2266
f 2256 2266 2268
f 890 894 2267
f 890 2267 2255
f 892 2256 2268
f 892 2268 896
f 2257 2269 2270
f 2257 2270 2258
f 2260 2259 2271
f 2260 2271 2272
f 2261 2273 2269
f 2261 2269 2257
f 2262 2260 2272
f 2262 2272 2274
f 2263 2275 2273
f 2263 2273 2261
f 2264 2262 2274
f 2264 2274 2276
f 2265 2277 2275
f 2265 2275 2263
f 2266 2264 2276
f 2266 2276 2278
f 2267 2279 2277
f 2267 2277 2265
f 2268 2266 2278
f 2268 2278 2280
f 894 898 2279
f 894 2279 2267
f 896 2268 2280
f 896 2280 900
f 2269 2281 2282
f 2269 2282 2270
f 2272 2271 2283
f 2272 2283 2284
f 2273 2285 2281
f 2273 2281 2269
f 2274 2272 2284
f 2274 2284 2286
f 2275 2287 2285
f 2275 2285 2273
f 2276 2274 2286
f 2276 2286 2288
f 2277 2289 2287
f 2277 2287 2275
f 2278 2276 2288
f 2278 2288 2290
f 2279 2291 2289
f 2279 2289 2277
f 2280 2278 2290
f 2280 2290 2292
f 898 902 2291
f 898 2291 2279
f 900 2280 2292
f 900 2292 904
f 2281 2293 2294
f 2281 2294 2282
f 2284 2283 2295
f 2284 2295 2296
f 2285 2297 2293
f 2285 2293 2281
f 2286 2284 2296
f 2286 2296 2298
f 2287 2299 2297
f 2287 2297 2285
f 2288 2286 2298
f 2288 2298 2300
f 2289 2301 2299
f 2289 2299 2287
f 2290 2288 2300
f 2290 2300 2302
f 2291 2303 2301
f 2291 2301 2289
f 2292 2290 2302
f 2292 2302 2304
f 902 906 2303
f 902 2303 2291
f 904 2292 2304
f 904 2304 908
f 2293 2305 2306
f 2293 2306 2294
f 2296 2295 2307
f 2296 2307 2308
f 2297 2309 2305
f 2297 2305 2293
f 2298 2296 2308
f 2298 2308 2310
f 2299 2311 2309
f 2299 2309 2297
f 2300 2298 2310
f 2300 2310 2312
f 2301 2313 2311
f 2301 2311 2299
f 2302 2300 2312
f 2302 2312 2314
f 2303 2315 2313
f 2303 2313 2301
f 2304 2302 2314
f 2304 2314 2316
f 906 910 2315
f 906 2315 2303
f 908 2304 2316
f 908 2316 912
f 2305 2317 2318
f 2305 2318 2306
f 2308 2307 2319
f 2308 2319 2320
f 2309 2321 2317
f 2309 2317 2305
f 2310 2308 2320
f 2310 2320 2322
f 2311 2323 2321
f 2311 2321 2309
f 2312 2310 2322
f 2312 2322 2324
f 2313 2325 2323
f 2313 2323 2311
f 2314 2312 2324
f 2314 2324 2326
f 2315 2327 2325
f 2315 2325 2313
f 2316 2314 2326
f 2316 2326 2328
f 910 914 2327
f 910 2327 2315
f 912 2316 2328
f 912 2328 916
f 2317 2329 2330
f 2317 2330 2318
f 2320 2319 2331
f 2320 2331 2332
f 2321 2333 2329
f 2321 2329 2317
f 2322 2320 2332
f 2322 2332 2334
f 2323 2335 2333
f 2323 2333 2321
f 2324 2322 2334
f 2324 2334 2336
f 2325 2337 2335
f 2325 2335 2323
f 2326 2324 2336
f 2326 2336 2338
f 2327 2339 2337
f 2327 2337 2325
f 2328 2326 2338
f 2328 2338 2340
f 914 934 2339
f 914 2339 2327
f 916 2328 2340
f 916 2340 936
f 2341 2342 920
f 2341 920 919
f 2343 923 922
f 2343 922 2344
f 2345 2346 2342
f 2345 2342 2341
f 2347 2343 2344
f 2347 2344 2348
f 2349 2350 2346
f 2349 2346 2345
f 2351 2347 2348
f 2351 2348 2352
f 2353 2354 2350
f 2353 2350 2349
f 2355 2351 2352
f 2355 2352 2356
f 2357 2358 2354
f 2357 2354 2353
f 2359 2355 2356
f 2359 2356 2360
f 2361 2362 2358
f 2361 2358 2357
f 2363 2359 2360
f 2363 2360 2364
f 2342 2365 1207
f 2342 1207 920
f 2344 922 1211
f 2344 1211 2366
f 2346 2367 2365
f 2346 2365 2342
f 2348 2344 2366
f 2348 2366 2368
f 2350 2369 2367
f 2350 2367 2346
f 2352 2348 2368
f 2352 2368 2370
f 2354 2371 2369
f 2354 2369 2350
f 2356 2352 2370
f 2356 2370 2372
f 2358 2373 2371
f 2358 2371 2354
f 2360 2356 2372
f 2360 2372 2374
f 2362 2375 2373
f 2362 2373 2358
f 2364 2360 2374
f 2364 2374 2376
f 2377 2378 2379
f 2377 2379 2380
f 2381 2382 2383
f 2381 2383 2384
f 2385 2386 2378
f 2385 2378 2377
f 2387 2381 2384
f 2387 2384 2388
f 2389 2390 2386
f 2389 2386 2385
f 2391 2387 2388
f 2391 2388 2392
f 2393 2394 2390
f 2393 2390 2389
f 2395 2391 2392
f 2395 2392 2396
f 2397 2398 2394
f 2397 2394 2393
f 2399 2395 2396
f 2399 2396 2400
f 1894 1202 2398
f 1894 2398 2397
f 1895 2399 2400
f 1895 2400 1204
f 2365 2401 1208
f 2365 1208 1207
f 2366 1211 1210
f 2366 1210 2402
f 2367 2403 2401
f 2367 2401 2365
f 2368 2366 2402
f 2368 2402 2404
f 2369 2405 2403
f 2369 2403 2367
f 2370 2368 2404
f 2370 2404 2406
f 2371 2407 2405
f 2371 2405 2369
f 2372 2370 2406
f 2372 2406 2408
f 2373 2409 2407
f 2373 2407 2371
f 2374 2372 2408
f 2374 2408 2410
f 2375 2411 2409
f 2375 2409 2373
f 2376 2374 2410
f 2376 2410 2412
f 2401 2413 1214
f 2401 1214 1208
f 2402 1210 1216
f 2402 1216 2414
f 2403 2415 2413
f 2403 2413 2401
f 2404 2402 2414
f 2404 2414 2416
f 2405 2417 2415
f 2405 2415 2403
f 2406 2404 2416
f 2406 2416 2418
f 2407 2419 2417
f 2407 2417 2405
f 2408 2406 2418
f 2408 2418 2420
f 2409 2421 2419
f 2409 2419 2407
f 2410 2408 2420
f 2410 2420 2422
f 2411 2423 2421
f 2411 2421 2409
f 2412 2410 2422
f 2412 2422 2424
f 2413 2425 1218
f 2413 1218 1214
f 2414 1216 1220
f 2414 1220 2426
f 2415 2427 2425
f 2415 2425 2413
f 2416 2414 2426
f 2416 2426 2428
f 2417 2429 2427
f 2417 2427 2415
f 2418 2416 2428
f 2418 2428 2430
f 2419 2431 2429
f 2419 2429 2417
f 2420 2418 2430
f 2420 2430 2432
f 2421 2433 2431
f 2421 2431 2419
f 2422 2420 2432
f 2422 2432 2434
f 2423 2435 2433
f 2423 2433 2421
f 2424 2422 2434
f 2424 2434 2436
f 2425 2437 1222
f 2425 1222 1218
f 2426 1220 1224
f 2426 1224 2438
f 2427 2439 2437
f 2427 2437 2425
f 2428 2426 2438
f 2428 2438 2440
f 2429 2441 2439
f 2429 2439 2427
f 2430 2428 2440
f 2430 2440 2442
f 2431 2443 2441
f 2431 2441 2429
f 2432 2430 2442
f 2432 2442 2444
f 2433 2445 2443
f 2433 2443 2431
f 2434 2432 2444
f 2434 2444 2446
f 2435 2447 2445
f 2435 2445 2433
f 2436 2434 2446
f 2436 2446 2448
f 2437 2449 1226
f 2437 1226 1222
f 2438 1224 1228
f 2438 1228 2450
f 2439 2451 2449
f 2439 2449 2437
f 2440 2438 2450
f 2440 2450 2452
f 2441 2453 2451
f 2441 2451 2439
f 2442 2440 2452
f 2442 2452 2454
f 2443 2455 2453
f 2443 2453 2441
f 2444 2442 2454
f 2444 2454 2456
f 2445 2457 2455
f 2445 2455 2443
f 2446 2444 2456
f 2446 2456 2458
f 2447 2459 2457
f 2447 2457 2445
f 2448 2446 2458
f 2448 2458 2460
f 2449 2461 1230
f 2449 1230 1226
f 2450 1228 1232
f 2450 1232 2462
f 2451 2463 2461
f 2451 2461 2449
f 2452 2450 2462
f 2452 2462 2464
f 2453 2465 2463
f 2453 2463 2451
f 2454 2452 2464
f 2454 2464 2466
f 2455 2467 2465
f 2455 2465 2453
f 2456 2454 2466
f 2456 2466 2468
f 2457 2469 2467
f 2457 2467 2455
f 2458 2456 2468
f 2458 2468 2470
f 2459 2471 2469
f 2459 2469 2457
f 2460 2458 2470
f 2460 2470 2472
f 2461 2473 1234
f 2461 1234 1230
f 2462 1232 1236
f 2462 1236 2474
f 2463 2475 2473
f 2463 2473 2461
f 2464 2462 2474
f 2464 2474 2476
f 2465 2477 2475
f 2465 2475 2463
f 2466 2464 2476
f 2466 2476 2478
f 2467 2479 2477
f 2467 2477 2465
f 2468 2466 2478
f 2468 2478 2480
f 2469 2481 2479
f 2469 2479 2467
f 2470 2468 2480
f 2470 2480 2482
f 2471 2483 2481
f 2471 2481 2469
f 2472 2470 2482
f 2472 2482 2484
f 2473 2485 1238
f 2473 1238 1234
f 2474 1236 1240
f 2474 1240 2486
f 2475 2487 2485
f 2475 2485 2473
f 2476 2474 2486
f 2476 2486 2488
f 2477 2489 2487
f 2477 2487 2475
f 2478 2476 2488
f 2478 2488 2490
f 2479 2491 2489
f 2479 2489 2477
f 2480 2478 2490
f 2480 2490 2492
f 2481 2493 2491
f 2481 2491 2479
f 2482 2480 2492
f 2482 2492 2494
f 2483 2495 2493
f 2483 2493 2481
f 2484 2482 2494
f 2484 2494 2496
f 2485 2497 1242
f 2485 1242 1238
f 2486 1240 1244
f 2486 1244 2498
f 2487 2499 2497
f 2487 2497 2485
f 2488 2486 2498
f 2488 2498 2500
f 2489 2501 2499
f 2489 2499 2487
f 2490 2488 2500
f 2490 2500 2502
f 2491 2503 2501
f 2491 2501 2489
f 2492 2490 2502
f 2492 2502 2504
f 2493 2505 2503
f 2493 2503 2491
f 2494 2492 2504
f 2494 2504 2506
f 2495 2507 2505
f 2495 2505 2493
f 2496 2494 2506
f 2496 2506 2508
f 2497 2509 1246
f 2497 1246 1242
f 2498 1244 1248
f 2498 1248 2510
f 2499 2511 2509
f 2499 2509 2497
f 2500 2498 2510
f 2500 2510 2512
f 2501 2513 2511
f 2501 2511 2499
f 2502 2500 2512
f 2502 2512 2514
f 2503 2515 2513
f 2503 2513 2501
f 2504 2502 2514
f 2504 2514 2516
f 2505 2517 2515
f 2505 2515 2503
f 2506 2504 2516
f 2506 2516 2518
f 2507 2519 2517
f 2507 2517 2505
f 2508 2506 2518
f 2508 2518 2520
f 2509 2521 1250
f 2509 1250 1246
f 2510 1248 1252
f 2510 1252 2522
f 2511 2523 2521
f 2511 2521 2509
f 2512 2510 2522
f 2512 2522 2524
f 2513 2525 2523
f 2513 2523 2511
f 2514 2512 2524
f 2514 2524 2526
f 2515 2527 2525
f 2515 2525 2513
f 2516 2514 2526
f 2516 2526 2528
f 2517 2529 2527
f 2517 2527 2515
f 2518 2516 2528
f 2518 2528 2530
f 2519 2531 2529
f 2519 2529 2517
f 2520 2518 2530
f 2520 2530 2532
f 2521 2533 1254
f 2521 1254 1250
f 2522 1252 1256
f 2522 1256 2534
f 2523 2535 2533
f 2523 2533 2521
f 2524 2522 2534
f 2524 2534 2536
f 2525 2537 2535
f 2525 2535 2523
f 2526 2524 2536
f 2526 2536 2538
f 2527 2539 2537
f 2527 2537 2525
f 2528 2526 2538
f 2528 2538 2540
f 2529 2541 2539
f 2529 2539 2527
f 2530 2528 2540
f 2530 2540 2542
f 2531 2543 2541
f 2531 2541 2529
f 2532 2530 2542
f 2532 2542 2544
f 2533 2545 1258
f 2533 1258 1254
f 2534 1256 1260
f 2534 1260 2546
f 2535 2547 2545
f 2535 2545 2533
f 2536 2534 2546
f 2536 2546 2548
f 2537 2549 2547
f 2537 2547 2535
f 2538 2536 2548
f 2538 2548 2550
f 2539 2551 2549
f 2539 2549 2537
f 2540 2538 2550
f 2540 2550 2552
f 2541 2553 2551
f 2541 2551 2539
f 2542 2540 2552
f 2542 2552 2554
f 2543 2555 2553
f 2543 2553 2541
f 2544 2542 2554
f 2544 2554 2556
f 2545 2557 1123
f 2545 1123 1258
f 2546 1260 1127
f 2546 1127 2558
f 2547 2559 2557
f 2547 2557 2545
f 2548 2546 2558
f 2548 2558 2560
f 2549 2561 2559
f 2549 2559 2547
f 2550 2548 2560
f 2550 2560 2562
f 2551 2563 2561
f 2551 2561 2549
f 2552 2550 2562
f 2552 2562 2564
f 2553 2565 2563
f 2553 2563 2551
f 2554 2552 2564
f 2554 2564 2566
f 2555 2567 2565
f 2555 2565 2553
f 2556 2554 2566
f 2556 2566 2568
f 2557 2569 1124
f 2557 1124 1123
f 2558 1127 1126
f 2558 1126 2570
f 2559 2571 2569
f 2559 2569 2557
f 2560 2558 2570
f 2560 2570 2572
f 2561 2573 2571
f 2561 2571 2559
f 2562 2560 2572
f 2562 2572 2574
f 2563 2575 2573
f 2563 2573 2561
f 2564 2562 2574
f 2564 2574 2576
f 2565 2577 2575
f 2565 2575 2563
f 2566 2564 2576
f 2566 2576 2578
f 2567 2579 2577
f 2567 2577 2565
f 2568 2566 2578
f 2568 2578 2580
f 2569 2581 1131
f 2569 1131 1124
f 2570 1126 1135
f 2570 1135 2582
f 2571 2583 2581
f 2571 2581 2569
f 2572 2570 2582
f 2572 2582 2584
f 2573 2585 2583
f 2573 2583 2571
f 2574 2572 2584
f 2574 2584 2586
f 2575 2587 2585
f 2575 2585 2573
f 2576 2574 2586
f 2576 2586 2588
f 2577 2589 2587
f 2577 2587 2575
f 2578 2576 2588
f 2578 2588 2590
f 2579 2591 2589
f 2579 2589 2577
f 2580 2578 2590
f 2580 2590 2592
f 2581 2593 1132
f 2581 1132 1131
f 2582 1135 1134
f 2582 1134 2594
f 2583 2595 2593
f 2583 2593 2581
f 2584 2582 2594
f 2584 2594 2596
f 2585 2597 2595
f 2585 2595 2583
f 2586 2584 2596
f 2586 2596 2598
f 2587 2599 2597
f 2587 2597 2585
f 2588 2586 2598
f 2588 2598 2600
f 2589 2601 2599
f 2589 2599 2587
f 2590 2588 2600
f 2590 2600 2602
f 2591 2603 2601
f 2591 2601 2589
f 2592 2590 2602
f 2592 2602 2604
f 2593 2605 1138
f 2593 1138 1132
f 2594 1134 1140
f 2594 1140 2606
f 2595 2607 2605
f 2595 2605 2593
f 2596 2594 2606
f 2596 2606 2608
f 2597 2609 2607
f 2597 2607 2595
f 2598 2596 2608
f 2598 2608 2610
f 2599 2611 2609
f 2599 2609 2597
f 2600 2598 2610
f 2600 2610 2612
f 2601 2613 2611
f 2601 2611 2599
f 2602 2600 2612
f 2602 2612 2614
f 2603 2615 2613
f 2603 2613 2601
f 2604 2602 2614
f 2604 2614 2616
f 2605 2617 1142
f 2605 1142 1138
f 2606 1140 1144
f 2606 1144 2618
f 2607 2619 2617
f 2607 2617 2605
f 2608 2606 2618
f 2608 2618 2620
f 2609 2621 2619
f 2609 2619 2607
f 2610 2608 2620
f 2610 2620 2622
f 2611 2623 2621
f 2611 2621 2609
f 2612 2610 2622
f 2612 2622 2624
f 2613 2625 2623
f 2613 2623 2611
f 2614 2612 2624
f 2614 2624 2626
f 2615 2627 2625
f 2615 2625 2613
f 2616 2614 2626
f 2616 2626 2628
f 2617 2629 1146
f 2617 1146 1142
f 2618 1144 1148
f 2618 1148 2630
f 2619 2631 2629
f 2619 2629 2617
f 2620 2618 2630
f 2620 2630 2632
f 2621 2633 2631
f 2621 2631 2619
f 2622 2620 2632
f 2622 2632 2634
f 2623 2635 2633
f 2623 2633 2621
f 2624 2622 2634
f 2624 2634 2636
f 2625 2637 2635
f 2625 2635 2623
f 2626 2624 2636
f 2626 2636 2638
f 2627 2639 2637
f 2627 2637 2625
f 2628 2626 2638
f 2628 2638 2640
f 2629 2641 1150
f 2629 1150 1146
f 2630 1148 1152
f 2630 1152 2642
f 2631 2643 2641
f 2631 2641 2629
f 2632 2630 2642
f 2632 2642 2644
f 2633 2645 2643
f 2633 2643 2631
f 2634 2632 2644
f 2634 2644 2646
f 2635 2647 2645
f 2635 2645 2633
f 2636 2634 2646
f 2636 2646 2648
f 2637 2649 2647
f 2637 2647 2635
f 2638 2636 2648
f 2638 2648 2650
f 2639 2651 2649
f 2639 2649 2637
f 2640 2638 2650
f 2640 2650 2652
f 2641 2653 1154
f 2641 1154 1150
f 2642 1152 1156
f 2642 1156 2654
f 2643 2655 2653
f 2643 2653 2641
f 2644 2642 2654
f 2644 2654 2656
f 2645 2657 2655
f 2645 2655 2643
f 2646 2644 2656
f 2646 2656 2658
f 2647 2659 2657
f 2647 2657 2645
f 2648 2646 2658
f 2648 2658 2660
f 2649 2661 2659
f 2649 2659 2647
f 2650 2648 2660
f 2650 2660 2662
f 2651 2663 2661
f 2651 2661 2649
f 2652 2650 2662
f 2652 2662 2664
f 2653 2665 1158
f 2653 1158 1154
f 2654 1156 1160
f 2654 1160 2666
f 2655 2667 2665
f 2655 2665 2653
f 2656 2654 2666
f 2656 2666 2668
f 2657 2669 2667
f 2657 2667 2655
f 2658 2656 2668
f 2658 2668 2670
f 2659 2671 2669
f 2659 2669 2657
f 2660 2658 2670
f 2660 2670 2672
f 2661 2673 2671
f 2661 2671 2659
f 2662 2660 2672
f 2662 2672 2674
f 2663 2675 2673
f 2663 2673 2661
f 2664 2662 2674
f 2664 2674 2676
f 2665 2677 1162
f 2665 1162 1158
f 2666 1160 1164
f 2666 1164 2678
f 2667 2679 2677
f 2667 2677 2665
f 2668 2666 2678
f 2668 2678 2680
f 2669 2681 2679
f 2669 2679 2667
f 2670 2668 2680
f 2670 2680 2682
f 2671 2683 2681
f 2671 2681 2669
f 2672 2670 2682
f 2672 2682 2684
f 2673 2685 2683
f 2673 2683 2671
f 2674 2672 2684
f 2674 2684 2686
f 2675 2687 2685
f 2675 2685 2673
f 2676 2674 2686
f 2676 2686 2688
f 2677 2689 1166
f 2677 1166 1162
f 2678 1164 1168
f 2678 1168 2690
f 2679 2691 2689
f 2679 2689 2677
f 2680 2678 2690
f 2680 2690 2692
f 2681 2693 2691
f 2681 2691 2679
f 2682 2680 2692
f 2682 2692 2694
f 2683 2695 2693
f 2683 2693 2681
f 2684 2682 2694
f 2684 2694 2696
f 2685 2697 2695
f 2685 2695 2683
f 2686 2684 2696
f 2686 2696 2698
f 2687 2699 2697
f 2687 2697 2685
f 2688 2686 2698
f 2688 2698 2700
f 2689 2701 1170
f 2689 1170 1166
f 2690 1168 1172
f 2690 1172 2702
f 2691 2703 2701
f 2691 2701 2689
f 2692 2690 2702
f 2692 2702 2704
f 2693 2705 2703
f 2693 2703 2691
f 2694 2692 2704
f 2694 2704 2706
f 2695 2707 2705
f 2695 2705 2693
f 2696 2694 2706
f 2696 2706 2708
f 2697 2709 2707
f 2697 2707 2695
f 2698 2696 2708
f 2698 2708 2710
f 2699 2711 2709
f 2699 2709 2697
f 2700 2698 2710
f 2700 2710 2712
f 2701 2713 1174
f 2701 1174 1170
f 2702 1172 1176
f 2702 1176 2714
f 2703 2715 2713
f 2703 2713 2701
f 2704 2702 2714
f 2704 2714 2716
f 2705 2717 2715
f 2705 2715 2703
f 2706 2704 2716
f 2706 2716 2718
f 2707 2719 2717
f 2707 2717 2705
f 2708 2706 2718
f 2708 2718 2720
f 2709 2721 2719
f 2709 2719 2707
f 2710 2708 2720
f 2710 2720 2722
f 2711 2723 2721
f 2711 2721 2709
f 2712 2710 2722
f 2712 2722 2724
f 2713 2725 1178
f 2713 1178 1174
f 2714 1176 1180
f 2714 1180 2726
f 2715 2727 2725
f 2715 2725 2713
f 2716 2714 2726
f 2716 2726 2728
f 2717 2729 2727
f 2717 2727 2715
f 2718 2716 2728
f 2718 2728 2730
f 2719 2731 2729
f 2719 2729 2717
f 2720 2718 2730
f 2720 2730 2732
f 2721 2733 2731
f 2721 2731 2719
f 2722 2720 2732
f 2722 2732 2734
f 2723 2735 2733
f 2723 2733 2721
f 2724 2722 2734
f 2724 2734 2736
f 2725 2737 1182
f 2725 1182 1178
f 2726 1180 1184
f 2726 1184 2738
f 2727 2739 2737
f 2727 2737 2725
f 2728 2726 2738
f 2728 2738 2740
f 2729 2741 2739
f 2729 2739 2727
f 2730 2728 2740
f 2730 2740 2742
f 2731 2743 2741
f 2731 2741 2729
f 2732 2730 2742
f 2732 2742 2744
f 2733 2745 2743
f 2733 2743 2731
f 2734 2732 2744
f 2734 2744 2746
f 2735 2747 2745
f 2735 2745 2733
f 2736 2734 2746
f 2736 2746 2748
f 2737 2398 1202
f 2737 1202 1182
f 2738 1184 1204
f 2738 1204 2400
f 2739 2394 2398
f 2739 2398 2737
f 2740 2738 2400
f 2740 2400 2396
f 2741 2390 2394
f 2741 2394 2739
f 2742 2740 2396
f 2742 2396 2392
f 2743 2386 2390
f 2743 2390 2741
f 2744 2742 2392
f 2744 2392 2388
f 2745 2378 2386
f 2745 2386 2743
f 2746 2744 2388
f 2746 2388 2384
f 2747 2379 2378
f 2747 2378 2745
f 2748 2746 2384
f 2748 2384 2383
f 2749 2750 1463
f 2749 1463 1185
f 2751 1189 1467
f 2751 1467 2752
f 2753 2754 2750
f 2753 2750 2749
f 2755 2751 2752
f 2755 2752 2756
f 2757 2758 2754
f 2757 2754 2753
f 2759 2755 2756
f 2759 2756 2760
f 2761 2762 2758
f 2761 2758 2757
f 2763 2759 2760
f 2763 2760 2764
f 2765 2766 2762
f 2765 2762 2761
f 2767 2763 2764
f 2767 2764 2768
f 2769 2770 2766
f 2769 2766 2765
f 2771 2767 2768
f 2771 2768 2772
f 2750 2773 1464
f 2750 1464 1463
f 2752 1467 1466
f 2752 1466 2774
f 2754 2775 2773
f 2754 2773 2750
f 2756 2752 2774
f 2756 2774 2776
f 2758 2777 2775
f 2758 2775 2754
f 2760 2756 2776
f 2760 2776 2778
f 2762 2779 2777
f 2762 2777 2758
f 2764 2760 2778
f 2764 2778 2780
f 2766 2781 2779
f 2766 2779 2762
f 2768 2764 2780
f 2768 2780 2782
f 2770 2783 2781
f 2770 2781 2766
f 2772 2768 2782
f 2772 2782 2784
f 2785 2786 2787
f 2785 2787 2788
f 2789 2790 2791
f 2789 2791 2792
f 2793 2794 2786
f 2793 2786 2785
f 2795 2789 2792
f 2795 2792 2796
f 2797 2798 2794
f 2797 2794 2793
f 2799 2795 2796
f 2799 2796 2800
f 2801 2802 2798
f 2801 2798 2797
f 2803 2799 2800
f 2803 2800 2804
f 2805 2806 2802
f 2805 2802 2801
f 2807 2803 2804
f 2807 2804 2808
f 1918 1470 2806
f 1918 2806 2805
f 1920 2807 2808
f 1920 2808 1472
f 2773 2809 1474
f 2773 1474 1464
f 2774 1466 1476
f 2774 1476 2810
f 2775 2811 2809
f 2775 2809 2773
f 2776 2774 2810
f 2776 2810 2812
f 2777 2813 2811
f 2777 2811 2775
f 2778 2776 2812
f 2778 2812 2814
f 2779 2815 2813
f 2779 2813 2777
f 2780 2778 2814
f 2780 2814 2816
f 2781 2817 2815
f 2781 2815 2779
f 2782 2780 2816
f 2782 2816 2818
f 2783 2819 2817
f 2783 2817 2781
f 2784 2782 2818
f 2784 2818 2820
f 2821 2749 1185
f 2821 1185 1188
f 2822 1190 1189
f 2822 1189 2751
f 2823 2753 2749
f 2823 2749 2821
f 2824 2822 2751
f 2824 2751 2755
f 2825 2757 2753
f 2825 2753 2823
f 2826 2824 2755
f 2826 2755 2759
f 2827 2761 2757
f 2827 2757 2825
f 2828 2826 2759
f 2828 2759 2763
f 2829 2765 2761
f 2829 2761 2827
f 2830 2828 2763
f 2830 2763 2767
f 2831 2769 2765
f 2831 2765 2829
f 2832 2830 2767
f 2832 2767 2771
f 2809 2833 1478
f 2809 1478 1474
f 2810 1476 1480
f 2810 1480 2834
f 2811 2835 2833
f 2811 2833 2809
f 2812 2810 2834
f 2812 2834 2836
f 2813 2837 2835
f 2813 2835 2811
f 2814 2812 2836
f 2814 2836 2838
f 2815 2839 2837
f 2815 2837 2813
f 2816 2814 2838
f 2816 2838 2840
f 2817 2841 2839
f 2817 2839 2815
f 2818 2816 2840
f 2818 2840 2842
f 2819 2843 2841
f 2819 2841 2817
f 2820 2818 2842
f 2820 2842 2844
f 2833 2845 1482
f 2833 1482 1478
f 2834 1480 1484
f 2834 1484 2846
f 2835 2847 2845
f 2835 2845 2833
f 2836 2834 2846
f 2836 2846 2848
f 2837 2849 2847
f 2837 2847 2835
f 2838 2836 2848
f 2838 2848 2850
f 2839 2851 2849
f 2839 2849 2837
f 2840 2838 2850
f 2840 2850 2852
f 2841 2853 2851
f 2841 2851 2839
f 2842 2840 2852
f 2842 2852 2854
f 2843 2855 2853
f 2843 2853 2841
f 2844 2842 2854
f 2844 2854 2856
f 2845 2857 1486
f 2845 1486 1482
f 2846 1484 1488
f 2846 1488 2858
f 2847 2859 2857
f 2847 2857 2845
f 2848 2846 2858
f 2848 2858 2860
f 2849 2861 2859
f 2849 2859 2847
f 2850 2848 2860
f 2850 2860 2862
f 2851 2863 2861
f 2851 2861 2849
f 2852 2850 2862
f 2852 2862 2864
f 2853 2865 2863
f 2853 2863 2851
f 2854 2852 2864
f 2854 2864 2866
f 2855 2867 2865
f 2855 2865 2853
f 2856 2854 2866
f 2856 2866 2868
f 2857 2869 1490
f 2857 1490 1486
f 2858 1488 1492
f 2858 1492 2870
f 2859 2871 2869
f 2859 2869 2857
f 2860 2858 2870
f 2860 2870 2872
f 2861 2873 2871
f 2861 2871 2859
f 2862 2860 2872
f 2862 2872 2874
f 2863 2875 2873
f 2863 2873 2861
f 2864 2862 2874
f 2864 2874 2876
f 2865 2877 2875
f 2865 2875 2863
f 2866 2864 2876
f 2866 2876 2878
f 2867 2879 2877
f 2867 2877 2865
f 2868 2866 2878
f 2868 2878 2880
f 2869 2881 1494
f 2869 1494 1490
f 2870 1492 1496
f 2870 1496 2882
f 2871 2883 2881
f 2871 2881 2869
f 2872 2870 2882
f 2872 2882 2884
f 2873 2885 2883
f 2873 2883 2871
f 2874 2872 2884
f 2874 2884 2886
f 2875 2887 2885
f 2875 2885 2873
f 2876 2874 2886
f 2876 2886 2888
f 2877 2889 2887
f 2877 2887 2875
f 2878 2876 2888
f 2878 2888 2890
f 2879 2891 2889
f 2879 2889 2877
f 2880 2878 2890
f 2880 2890 2892
f 2881 2893 1498
f 2881 1498 1494
f 2882 1496 1500
f 2882 1500 2894
f 2883 2895 2893
f 2883 2893 2881
f 2884 2882 2894
f 2884 2894 2896
f 2885 2897 2895
f 2885 2895 2883
f 2886 2884 2896
f 2886 2896 2898
f 2887 2899 2897
f 2887 2897 2885
f 2888 2886 2898
f 2888 2898 2900
f 2889 2901 2899
f 2889 2899 2887
f 2890 2888 2900
f 2890 2900 2902
f 2891 2903 2901
f 2891 2901 2889
f 2892 2890 2902
f 2892 2902 2904
f 2893 2905 1502
f 2893 1502 1498
f 2894 1500 1504
f 2894 1504 2906
f 2895 2907 2905
f 2895 2905 2893
f 2896 2894 2906
f 2896 2906 2908
f 2897 2909 2907
f 2897 2907 2895
f 2898 2896 2908
f 2898 2908 2910
f 2899 2911 2909
f 2899 2909 2897
f 2900 2898 2910
f 2900 2910 2912
f 2901 2913 2911
f 2901 2911 2899
f 2902 2900 2912
f 2902 2912 2914
f 2903 2915 2913
f 2903 2913 2901
f 2904 2902 2914
f 2904 2914 2916
f 2905 2917 1506
f 2905 1506 1502
f 2906 1504 1508
f 2906 1508 2918
f 2907 2919 2917
f 2907 2917 2905
f 2908 2906 2918
f 2908 2918 2920
f 2909 2921 2919
f 2909 2919 2907
f 2910 2908 2920
f 2910 2920 2922
f 2911 2923 2921
f 2911 2921 2909
f 2912 2910 2922
f 2912 2922 2924
f 2913 2925 2923
f 2913 2923 2911
f 2914 2912 2924
f 2914 2924 2926
f 2915 2927 2925
f 2915 2925 2913
f 2916 2914 2926
f 2916 2926 2928
f 2917 2929 1510
f 2917 1510 1506
f 2918 1508 1512
f 2918 1512 2930
f 2919 2931 2929
f 2919 2929 2917
f 2920 2918 2930
f 2920 2930 2932
f 2921 2933 2931
f 2921 2931 2919
f 2922 2920 2932
f 2922 2932 2934
f 2923 2935 2933
f 2923 2933 2921
f 2924 2922 2934
f 2924 2934 2936
f 2925 2937 2935
f 2925 2935 2923
f 2926 2924 2936
f 2926 2936 2938
f 2927 2939 2937
f 2927 2937 2925
f 2928 2926 2938
f 2928 2938 2940
f 2929 2941 1514
f 2929 1514 1510
f 2930 1512 1516
f 2930 1516 2942
f 2931 2943 2941
f 2931 2941 2929
f 2932 2930 2942
f 2932 2942 2944
f 2933 2945 2943
f 2933 2943 2931
f 2934 2932 2944
f 2934 2944 2946
f 2935 2947 2945
f 2935 2945 2933
f 2936 2934 2946
f 2936 2946 2948
f 2937 2949 2947
f 2937 2947 2935
f 2938 2936 2948
f 2938 2948 2950
f 2939 2951 2949
f 2939 2949 2937
f 2940 2938 2950
f 2940 2950 2952
f 2941 2953 1518
f 2941 1518 1514
f 2942 1516 1520
f 2942 1520 2954
f 2943 2955 2953
f 2943 2953 2941
f 2944 2942 2954
f 2944 2954 2956
f 2945 2957 2955
f 2945 2955 2943
f 2946 2944 2956
f 2946 2956 2958
f 2947 2959 2957
f 2947 2957 2945
f 2948 2946 2958
f 2948 2958 2960
f 2949 2961 2959
f 2949 2959 2947
f 2950 2948 2960
f 2950 2960 2962
f 2951 2963 2961
f 2951 2961 2949
f 2952 2950 2962
f 2952 2962 2964
f 2953 2965 1522
f 2953 1522 1518
f 2954 1520 1524
f 2954 1524 2966
f 2955 2967 2965
f 2955 2965 2953
f 2956 2954 2966
f 2956 2966 2968
f 2957 2969 2967
f 2957 2967 2955
f 2958 2956 2968
f 2958 2968 2970
f 2959 2971 2969
f 2959 2969 2957
f 2960 2958 2970
f 2960 2970 2972
f 2961 2973 2971
f 2961 2971 2959
f 2962 2960 2972
f 2962 2972 2974
f 2963 2975 2973
f 2963 2973 2961
f 2964 2962 2974
f 2964 2974 2976
f 2965 2977 1395
f 2965 1395 1522
f 2966 1524 1399
f 2966 1399 2978
f 2967 2979 2977
f 2967 2977 2965
f 2968 2966 2978
f 2968 2978 2980
f 2969 2981 2979
f 2969 2979 2967
f 2970 2968 2980
f 2970 2980 2982
f 2971 2983 2981
f 2971 2981 2969
f 2972 2970 2982
f 2972 2982 2984
f 2973 2985 2983
f 2973 2983 2971
f 2974 2972 2984
f 2974 2984 2986
f 2975 2987 2985
f 2975 2985 2973
f 2976 2974 2986
f 2976 2986 2988
f 2977 2989 1396
f 2977 1396 1395
f 2978 1399 1398
f 2978 1398 2990
f 2979 2991 2989
f 2979 2989 2977
f 2980 2978 2990
f 2980 2990 2992
f 2981 2993 2991
f 2981 2991 2979
f 2982 2980 2992
f 2982 2992 2994
f 2983 2995 2993
f 2983 2993 2981
f 2984 2982 2994
f 2984 2994 2996
f 2985 2997 2995
f 2985 2995 2983
f 2986 2984 2996
f 2986 2996 2998
f 2987 2999 2997
f 2987 2997 2985
f 2988 2986 2998
f 2988 2998 3000
f 2989 3001 1403
f 2989 1403 1396
f 2990 1398 1407
f 2990 1407 3002
f 2991 3003 3001
f 2991 3001 2989
f 2992 2990 3002
f 2992 3002 3004
f 2993 3005 3003
f 2993 3003 2991
f 2994 2992 3004
f 2994 3004 3006
f 2995 3007 3005
f 2995 3005 2993
f 2996 2994 3006
f 2996 3006 3008
f 2997 3009 3007
f 2997 3007 2995
f 2998 2996 3008
f 2998 3008 3010
f 2999 3011 3009
f 2999 3009 2997
f 3000 2998 3010
f 3000 3010 3012
f 3001 3013 1404
f 3001 1404 1403
f 3002 1407 1406
f 3002 1406 3014
f 3003 3015 3013
f 3003 3013 3001
f 3004 3002 3014
f 3004 3014 3016
f 3005 3017 3015
f 3005 3015 3003
f 3006 3004 3016
f 3006 3016 3018
f 3007 3019 3017
f 3007 3017 3005
f 3008 3006 3018
f 3008 3018 3020
f 3009 3021 3019
f 3009 3019 3007
f 3010 3008 3020
f 3010 3020 3022
f 3011 3023 3021
f 3011 3021 3009
f 3012 3010 3022
f 3012 3022 3024
f 3013 3025 1410
f 3013 1410 1404
f 3014 1406 1412
f 3014 1412 3026
f 3015 3027 3025
f 3015 3025 3013
f 3016 3014 3026
f 3016 3026 3028
f 3017 3029 3027
f 3017 3027 3015
f 3018 3016 3028
f 3018 3028 3030
f 3019 3031 3029
f 3019 3029 3017
f 3020 3018 3030
f 3020 3030 3032
f 3021 3033 3031
f 3021 3031 3019
f 3022 3020 3032
f 3022 3032 3034
f 3023 3035 3033
f 3023 3033 3021
f 3024 3022 3034
f 3024 3034 3036
f 3025 3037 1414
f 3025 1414 1410
f 3026 1412 1416
f 3026 1416 3038
f 3027 3039 3037
f 3027 3037 3025
f 3028 3026 3038
f 3028 3038 3040
f 3029 3041 3039
f 3029 3039 3027
f 3030 3028 3040
f 3030 3040 3042
f 3031 3043 3041
f 3031 3041 3029
f 3032 3030 3042
f 3032 3042 3044
f 3033 3045 3043
f 3033 3043 3031
f 3034 3032 3044
f 3034 3044 3046
f 3035 3047 3045
f 3035 3045 3033
f 3036 3034 3046
f 3036 3046 3048
f 3037 3049 1418
f 3037 1418 1414
f 3038 1416 1420
f 3038 1420 3050
f 3039 3051 3049
f 3039 3049 3037
f 3040 3038 3050
f 3040 3050 3052
f 3041 3053 3051
f 3041 3051 3039
f 3042 3040 3052
f 3042 3052 3054
f 3043 3055 3053
f 3043 3053 3041
f 3044 3042 3054
f 3044 3054 3056
f 3045 3057 3055
f 3045 3055 3043
f 3046 3044 3056
f 3046 3056 3058
f 3047 3059 3057
f 3047 3057 3045
f 3048 3046 3058
f 3048 3058 3060
f 3049 3061 1422
f 3049 1422 1418
f 3050 1420 1424
f 3050 1424 3062
f 3051 3063 3061
f 3051 3061 3049
f 3052 3050 3062
f 3052 3062 3064
f 3053 3065 3063
f 3053 3063 3051
f 3054 3052 3064
f 3054 3064 3066
f 3055 3067 3065
f 3055 3065 3053
f 3056 3054 3066
f 3056 3066 3068
f 3057 3069 3067
f 3057 3067 3055
f 3058 3056 3068
f 3058 3068 3070
f 3059 3071 3069
f 3059 3069 3057
f 3060 3058 3070
f 3060 3070 3072
f 3061 3073 1426
f 3061 1426 1422
f 3062 1424 1428
f 3062 1428 3074
f 3063 3075 3073
f 3063 3073 3061
f 3064 3062 3074
f 3064 3074 3076
f 3065 3077 3075
f 3065 3075 3063
f 3066 3064 3076
f 3066 3076 3078
f 3067 3079 3077
f 3067 3077 3065
f 3068 3066 3078
f 3068 3078 3080
f 3069 3081 3079
f 3069 3079 3067
f 3070 3068 3080
f 3070 3080 3082
f 3071 3083 3081
f 3071 3081 3069
f 3072 3070 3082
f 3072 3082 3084
f 3073 3085 1430
f 3073 1430 1426
f 3074 1428 1432
f 3074 1432 3086
f 3075 3087 3085
f 3075 3085 3073
f 3076 3074 3086
f 3076 3086 3088
f 3077 3089 3087
f 3077 3087 3075
f 3078 3076 3088
f 3078 3088 3090
f 3079 3091 3089
f 3079 3089 3077
f 3080 3078 3090
f 3080 3090 3092
f 3081 3093 3091
f 3081 3091 3079
f 3082 3080 3092
f 3082 3092 3094
f 3083 3095 3093
f 3083 3093 3081
f 3084 3082 3094
f 3084 3094 3096
f 3085 3097 1434
f 3085 1434 1430
f 3086 1432 1436
f 3086 1436 3098
f 3087 3099 3097
f 3087 3097 3085
f 3088 3086 3098
f 3088 3098 3100
f 3089 3101 3099
f 3089 3099 3087
f 3090 3088 3100
f 3090 3100 3102
f 3091 3103 3101
f 3091 3101 3089
f 3092 3090 3102
f 3092 3102 3104
f 3093 3105 3103
f 3093 3103 3091
f 3094 3092 3104
f 3094 3104 3106
f 3095 3107 3105
f 3095 3105 3093
f 3096 3094 3106
f 3096 3106 3108
f 3097 3109 1438
f 3097 1438 1434
f 3098 1436 1440
f 3098 1440 3110
f 3099 3111 3109
f 3099 3109 3097
f 3100 3098 3110
f 3100 3110 3112
f 3101 3113 3111
f 3101 3111 3099
f 3102 3100 3112
f 3102 3112 3114
f 3103 3115 3113
f 3103 3113 3101
f 3104 3102 3114
f 3104 3114 3116
f 3105 3117 3115
f 3105 3115 3103
f 3106 3104 3116
f 3106 3116 3118
f 3107 3119 3117
f 3107 3117 3105
f 3108 3106 3118
f 3108 3118 3120
f 3109 3121 1442
f 3109 1442 1438
f 3110 1440 1444
f 3110 1444 3122
f 3111 3123 3121
f 3111 3121 3109
f 3112 3110 3122
f 3112 3122 3124
f 3113 3125 3123
f 3113 3123 3111
f 3114 3112 3124
f 3114 3124 3126
f 3115 3127 3125
f 3115 3125 3113
f 3116 3114 3126
f 3116 3126 3128
f 3117 3129 3127
f 3117 3127 3115
f 3118 3116 3128
f 3118 3128 3130
f 3119 3131 3129
f 3119 3129 3117
f 3120 3118 3130
f 3120 3130 3132
f 3121 3133 1446
f 3121 1446 1442
f 3122 1444 1448
f 3122 1448 3134
f 3123 3135 3133
f 3123 3133 3121
f 3124 3122 3134
f 3124 3134 3136
f 3125 3137 3135
f 3125 3135 3123
f 3126 3124 3136
f 3126 3136 3138
f 3127 3139 3137
f 3127 3137 3125
f 3128 3126 3138
f 3128 3138 3140
f 3129 3141 3139
f 3129 3139 3127
f 3130 3128 3140
f 3130 3140 3142
f 3131 3143 3141
f 3131 3141 3129
f 3132 3130 3142
f 3132 3142 3144
f 3133 3145 1450
f 3133 1450 1446
f 3134 1448 1452
f 3134 1452 3146
f 3135 3147 3145
f 3135 3145 3133
f 3136 3134 3146
f 3136 3146 3148
f 3137 3149 3147
f 3137 3147 3135
f 3138 3136 3148
f 3138 3148 3150
f 3139 3151 3149
f 3139 3149 3137
f 3140 3138 3150
f 3140 3150 3152
f 3141 3153 3151
f 3141 3151 3139
f 3142 3140 3152
f 3142 3152 3154
f 3143 3155 3153
f 3143 3153 3141
f 3144 3142 3154
f 3144 3154 3156
f 3145 3157 1454
f 3145 1454 1450
f 3146 1452 1456
f 3146 1456 3158
f 3147 3159 3157
f 3147 3157 3145
f 3148 3146 3158
f 3148 3158 3160
f 3149 3161 3159
f 3149 3159 3147
f 3150 3148 3160
f 3150 3160 3162
f 3151 3163 3161
f 3151 3161 3149
f 3152 3150 3162
f 3152 3162 3164
f 3153 3165 3163
f 3153 3163 3151
f 3154 3152 3164
f 3154 3164 3166
f 3155 3167 3165
f 3155 3165 3153
f 3156 3154 3166
f 3156 3166 3168
f 3157 2806 1470
f 3157 1470 1454
f 3158 1456 1472
f 3158 1472 2808
f 3159 2802 2806
f 3159 2806 3157
f 3160 3158 2808
f 3160 2808 2804
f 3161 2798 2802
f 3161 2802 3159
f 3162 3160 2804
f 3162 2804 2800
f 3163 2794 2798
f 3163 2798 3161
f 3164 3162 2800
f 3164 2800 2796
f 3165 2786 2794
f 3165 2794 3163
f 3166 3164 2796
f 3166 2796 2792
f 3167 2787 2786
f 3167 2786 3165
f 3168 3166 2792
f 3168 2792 2791
f 3169 3170 3171
f 3169 3171 3172
f 3173 3174 3175
f 3173 3175 3176
f 3177 3178 3170
f 3177 3170 3169
f 3179 3173 3176
f 3179 3176 3180
f 3181 3182 3178
f 3181 3178 3177
f 3183 3179 3180
f 3183 3180 3184
f 3185 3186 3182
f 3185 3182 3181
f 3187 3183 3184
f 3187 3184 3188
f 3189 3190 3186
f 3189 3186 3185
f 3191 3187 3188
f 3191 3188 3192
f 1375 1374 3190
f 1375 3190 3189
f 1379 3191 3192
f 1379 3192 1380
f 3170 3193 3194
f 3170 3194 3171
f 3176 3175 3195
f 3176 3195 3196
f 3178 3197 3193
f 3178 3193 3170
f 3180 3176 3196
f 3180 3196 3198
f 3182 3199 3197
f 3182 3197 3178
f 3184 3180 3198
f 3184 3198 3200
f 3186 3201 3199
f 3186 3199 3182
f 3188 3184 3200
f 3188 3200 3202
f 3190 3203 3201
f 3190 3201 3186
f 3192 3188 3202
f 3192 3202 3204
f 1374 1718 3203
f 1374 3203 3190
f 1380 3192 3204
f 1380 3204 1720
f 3193 3205 3206
f 3193 3206 3194
f 3196 3195 3207
f 3196 3207 3208
f 3197 3209 3205
f 3197 3205 3193
f 3198 3196 3208
f 3198 3208 3210
f 3199 3211 3209
f 3199 3209 3197
f 3200 3198 3210
f 3200 3210 3212
f 3201 3213 3211
f 3201 3211 3199
f 3202 3200 3212
f 3202 3212 3214
f 3203 3215 3213
f 3203 3213 3201
f 3204 3202 3214
f 3204 3214 3216
f 1718 1726 3215
f 1718 3215 3203
f 1720 3204 3216
f 1720 3216 1728
f 3205 3217 3218
f 3205 3218 3206
f 3208 3207 3219
f 3208 3219 3220
f 3209 3221 3217
f 3209 3217 3205
f 3210 3208 3220
f 3210 3220 3222
f 3211 3223 3221
f 3211 3221 3209
f 3212 3210 3222
f 3212 3222 3224
f 3213 3225 3223
f 3213 3223 3211
f 3214 3212 3224
f 3214 3224 3226
f 3215 3227 3225
f 3215 3225 3213
f 3216 3214 3226
f 3216 3226 3228
f 1726 1730 3227
f 1726 3227 3215
f 1728 3216 3228
f 1728 3228 1732
f 3217 3229 3230
f 3217 3230 3218
f 3220 3219 3231
f 3220 3231 3232
f 3221 3233 3229
f 3221 3229 3217
f 3222 3220 3232
f 3222 3232 3234
f 3223 3235 3233
f 3223 3233 3221
f 3224 3222 3234
f 3224 3234 3236
f 3225 3237 3235
f 3225 3235 3223
f 3226 3224 3236
f 3226 3236 3238
f 3227 3239 3237
f 3227 3237 3225
f 3228 3226 3238
f 3228 3238 3240
f 1730 1734 3239
f 1730 3239 3227
f 1732 3228 3240
f 1732 3240 1736
f 3229 3241 3242
f 3229 3242 3230
f 3232 3231 3243
f 3232 3243 3244
f 3233 3245 3241
f 3233 3241 3229
f 3234 3232 3244
f 3234 3244 3246
f 3235 3247 3245
f 3235 3245 3233
f 3236 3234 3246
f 3236 3246 3248
f 3237 3249 3247
f 3237 3247 3235
f 3238 3236 3248
f 3238 3248 3250
f 3239 3251 3249
f 3239 3249 3237
f 3240 3238 3250
f 3240 3250 3252
f 1734 1738 3251
f 1734 3251 3239
f 1736 3240 3252
f 1736 3252 1740
f 3241 3253 3254
f 3241 3254 3242
f 3244 3243 3255
f 3244 3255 3256
f 3245 3257 3253
f 3245 3253 3241
f 3246 3244 3256
f 3246 3256 3258
f 3247 3259 3257
f 3247 3257 3245
f 3248 3246 3258
f 3248 3258 3260
f 3249 3261 3259
f 3249 3259 3247
f 3250 3248 3260
f 3250 3260 3262
f 3251 3263 3261
f 3251 3261 3249
f 3252 3250 3262
f 3252 3262 3264
f 1738 1742 3263
f 1738 3263 3251
f 1740 3252 3264
f 1740 3264 1744
f 3253 3265 3266
f 3253 3266 3254
f 3256 3255 3267
f 3256 3267 3268
f 3257 3269 3265
f 3257 3265 3253
f 3258 3256 3268
f 3258 3268 3270
f 3259 3271 3269
f 3259 3269 3257
f 3260 3258 3270
f 3260 3270 3272
f 3261 3273 3271
f 3261 3271 3259
f 3262 3260 3272
f 3262 3272 3274
f 3263 3275 3273
f 3263 3273 3261
f 3264 3262 3274
f 3264 3274 3276
f 1742 1746 3275
f 1742 3275 3263
f 1744 3264 3276
f 1744 3276 1748
f 3265 3277 3278
f 3265 3278 3266
f 3268 3267 3279
f 3268 3279 3280
f 3269 3281 3277
f 3269 3277 3265
f 3270 3268 3280
f 3270 3280 3282
f 3271 3283 3281
f 3271 3281 3269
f 3272 3270 3282
f 3272 3282 3284
f 3273 3285 3283
f 3273 3283 3271
f 3274 3272 3284
f 3274 3284 3286
f 3275 3287 3285
f 3275 3285 3273
f 3276 3274 3286
f 3276 3286 3288
f 1746 1750 3287
f 1746 3287 3275
f 1748 3276 3288
f 1748 3288 1752
f 3277 3289 3290
f 3277 3290 3278
f 3280 3279 3291
f 3280 3291 3292
f 3281 3293 3289
f 3281 3289 3277
f 3282 3280 3292
f 3282 3292 3294
f 3283 3295 3293
f 3283 3293 3281
f 3284 3282 3294
f 3284 3294 3296
f 3285 3297 3295
f 3285 3295 3283
f 3286 3284 3296
f 3286 3296 3298
f 3287 3299 3297
f 3287 3297 3285
f 3288 3286 3298
f 3288 3298 3300
f 1750 1754 3299
f 1750 3299 3287
f 1752 3288 3300
f 1752 3300 1756
f 3289 3301 3302
f 3289 3302 3290
f 3292 3291 3303
f 3292 3303 3304
f 3293 3305 3301
f 3293 3301 3289
f 3294 3292 3304
f 3294 3304 3306
f 3295 3307 3305
f 3295 3305 3293
f 3296 3294 3306
f 3296 3306 3308
f 3297 3309 3307
f 3297 3307 3295
f 3298 3296 3308
f 3298 3308 3310
f 3299 3311 3309
f 3299 3309 3297
f 3300 3298 3310
f 3300 3310 3312
f 1754 1758 3311
f 1754 3311 3299
f 1756 3300 3312
f 1756 3312 1760
f 3301 3313 3314
f 3301 3314 3302
f 3304 3303 3315
f 3304 3315 3316
f 3305 3317 3313
f 3305 3313 3301
f 3306 3304 3316
f 3306 3316 3318
f 3307 3319 3317
f 3307 3317 3305
f 3308 3306 3318
f 3308 3318 3320
f 3309 3321 3319
f 3309 3319 3307
f 3310 3308 3320
f 3310 3320 3322
f 3311 3323 3321
f 3311 3321 3309
f 3312 3310 3322
f 3312 3322 3324
f 1758 1762 3323
f 1758 3323 3311
f 1760 3312 3324
f 1760 3324 1764
f 3313 3325 3326
f 3313 3326 3314
f 3316 3315 3327
f 3316 3327 3328
f 3317 3329 3325
f 3317 3325 3313
f 3318 3316 3328
f 3318 3328 3330
f 3319 3331 3329
f 3319 3329 3317
f 3320 3318 3330
f 3320 3330 3332
f 3321 3333 3331
f 3321 3331 3319
f 3322 3320 3332
f 3322 3332 3334
f 3323 3335 3333
f 3323 3333 3321
f 3324 3322 3334
f 3324 3334 3336
f 1762 1766 3335
f 1762 3335 3323
f 1764 3324 3336
f 1764 3336 1768
f 3325 3337 3338
f 3325 3338 3326
f 3328 3327 3339
f 3328 3339 3340
f 3329 3341 3337
f 3329 3337 3325
f 3330 3328 3340
f 3330 3340 3342
f 3331 3343 3341
f 3331 3341 3329
f 3332 3330 3342
f 3332 3342 3344
f 3333 3345 3343
f 3333 3343 3331
f 3334 3332 3344
f 3334 3344 3346
f 3335 3347 3345
f 3335 3345 3333
f 3336 3334 3346
f 3336 3346 3348
f 1766 1770 3347
f 1766 3347 3335
f 1768 3336 3348
f 1768 3348 1772
f 3337 3349 3350
f 3337 3350 3338
f 3340 3339 3351
f 3340 3351 3352
f 3341 3353 3349
f 3341 3349 3337
f 3342 3340 3352
f 3342 3352 3354
f 3343 3355 3353
f 3343 3353 3341
f 3344 3342 3354
f 3344 3354 3356
f 3345 3357 3355
f 3345 3355 3343
f 3346 3344 3356
f 3346 3356 3358
f 3347 3359 3357
f 3347 3357 3345
f 3348 3346 3358
f 3348 3358 3360
f 1770 1774 3359
f 1770 3359 3347
f 1772 3348 3360
f 1772 3360 1776
f 3349 3361 3362
f 3349 3362 3350
f 3352 3351 3363
f 3352 3363 3364
f 3353 3365 3361
f 3353 3361 3349
f 3354 3352 3364
f 3354 3364 3366
f 3355 3367 3365
f 3355 3365 3353
f 3356 3354 3366
f 3356 3366 3368
f 3357 3369 3367
f 3357 3367 3355
f 3358 3356 3368
f 3358 3368 3370
f 3359 3371 3369
f 3359 3369 3357
f 3360 3358 3370
f 3360 3370 3372
f 1774 1655 3371
f 1774 3371 3359
f 1776 3360 3372
f 1776 3372 1659
f 3361 3373 3374
f 3361 3374 3362
f 3364 3363 3375
f 3364 3375 3376
f 3365 3377 3373
f 3365 3373 3361
f 3366 3364 3376
f 3366 3376 3378
f 3367 3379 3377
f 3367 3377 3365
f 3368 3366 3378
f 3368 3378 3380
f 3369 3381 3379
f 3369 3379 3367
f 3370 3368 3380
f 3370 3380 3382
f 3371 3383 3381
f 3371 3381 3369
f 3372 3370 3382
f 3372 3382 3384
f 1655 1654 3383
f 1655 3383 3371
f 1659 3372 3384
f 1659 3384 1660
f 3373 3385 3386
f 3373 3386 3374
f 3376 3375 3387
f 3376 3387 3388
f 3377 3389 3385
f 3377 3385 3373
f 3378 3376 3388
f 3378 3388 3390
f 3379 3391 3389
f 3379 3389 3377
f 3380 3378 3390
f 3380 3390 3392
f 3381 3393 3391
f 3381 3391 3379
f 3382 3380 3392
f 3382 3392 3394
f 3383 3395 3393
f 3383 3393 3381
f 3384 3382 3394
f 3384 3394 3396
f 1654 1663 3395
f 1654 3395 3383
f 1660 3384 3396
f 1660 3396 1667
f 3385 3397 3398
f 3385 3398 3386
f 3388 3387 3399
f 3388 3399 3400
f 3389 3401 3397
f 3389 3397 3385
f 3390 3388 3400
f 3390 3400 3402
f 3391 3403 3401
f 3391 3401 3389
f 3392 3390 3402
f 3392 3402 3404
f 3393 3405 3403
f 3393 3403 3391
f 3394 3392 3404
f 3394 3404 3406
f 3395 3407 3405
f 3395 3405 3393
f 3396 3394 3406
f 3396 3406 3408
f 1663 1662 3407
f 1663 3407 3395
f 1667 3396 3408
f 1667 3408 1668
f 3397 3409 3410
f 3397 3410 3398
f 3400 3399 3411
f 3400 3411 3412
f 3401 3413 3409
f 3401 3409 3397
f 3402 3400 3412
f 3402 3412 3414
f 3403 3415 3413
f 3403 3413 3401
f 3404 3402 3414
f 3404 3414 3416
f 3405 3417 3415
f 3405 3415 3403
f 3406 3404 3416
f 3406 3416 3418
f 3407 3419 3417
f 3407 3417 3405
f 3408 3406 3418
f 3408 3418 3420
f 1662 1670 3419
f 1662 3419 3407
f 1668 3408 3420
f 1668 3420 1672
f 3409 3421 3422
f 3409 3422 3410
f 3412 3411 3423
f 3412 3423 3424
f 3413 3425 3421
f 3413 3421 3409
f 3414 3412 3424
f 3414 3424 3426
f 3415 3427 3425
f 3415 3425 3413
f 3416 3414 3426
f 3416 3426 3428
f 3417 3429 3427
f 3417 3427 3415
f 3418 3416 3428
f 3418 3428 3430
f 3419 3431 3429
f 3419 3429 3417
f 3420 3418 3430
f 3420 3430 3432
f 1670 1674 3431
f 1670 3431 3419
f 1672 3420 3432
f 1672 3432 1676
f 3421 3433 3434
f 3421 3434 3422
f 3424 3423 3435
f 3424 3435 3436
f 3425 3437 3433
f 3425 3433 3421
f 3426 3424 3436
f 3426 3436 3438
f 3427 3439 3437
f 3427 3437 3425
f 3428 3426 3438
f 3428 3438 3440
f 3429 3441 3439
f 3429 3439 3427
f 3430 3428 3440
f 3430 3440 3442
f 3431 3443 3441
f 3431 3441 3429
f 3432 3430 3442
f 3432 3442 3444
f 1674 1678 3443
f 1674 3443 3431
f 1676 3432 3444
f 1676 3444 1680
f 3433 3445 3446
f 3433 3446 3434
f 3436 3435 3447
f 3436 3447 3448
f 3437 3449 3445
f 3437 3445 3433
f 3438 3436 3448
f 3438 3448 3450
f 3439 3451 3449
f 3439 3449 3437
f 3440 3438 3450
f 3440 3450 3452
f 3441 3453 3451
f 3441 3451 3439
f 3442 3440 3452
f 3442 3452 3454
f 3443 3455 3453
f 3443 3453 3441
f 3444 3442 3454
f 3444 3454 3456
f 1678 1682 3455
f 1678 3455 3443
f 1680 3444 3456
f 1680 3456 1684
f 3445 3457 3458
f 3445 3458 3446
f 3448 3447 3459
f 3448 3459 3460
f 3449 3461 3457
f 3449 3457 3445
f 3450 3448 3460
f 3450 3460 3462
f 3451 3463 3461
f 3451 3461 3449
f 3452 3450 3462
f 3452 3462 3464
f 3453 3465 3463
f 3453 3463 3451
f 3454 3452 3464
f 3454 3464 3466
f 3455 3467 3465
f 3455 3465 3453
f 3456 3454 3466
f 3456 3466 3468
f 1682 1686 3467
f 1682 3467 3455
f 1684 3456 3468
f 1684 3468 1688
f 3457 3469 3470
f 3457 3470 3458
f 3460 3459 3471
f 3460 3471 3472
f 3461 3473 3469
f 3461 3469 3457
f 3462 3460 3472
f 3462 3472 3474
f 3463 3475 3473
f 3463 3473 3461
f 3464 3462 3474
f 3464 3474 3476
f 3465 3477 3475
f 3465 3475 3463
f 3466 3464 3476
f 3466 3476 3478
f 3467 3479 3477
f 3467 3477 3465
f 3468 3466 3478
f 3468 3478 3480
f 1686 1690 3479
f 1686 3479 3467
f 1688 3468 3480
f 1688 3480 1692
f 3469 3481 3482
f 3469 3482 3470
f 3472 3471 3483
f 3472 3483 3484
f 3473 3485 3481
f 3473 3481 3469
f 3474 3472 3484
f 3474 3484 3486
f 3475 3487 3485
f 3475 3485 3473
f 3476 3474 3486
f 3476 3486 3488
f 3477 3489 3487
f 3477 3487 3475
f 3478 3476 3488
f 3478 3488 3490
f 3479 3491 3489
f 3479 3489 3477
f 3480 3478 3490
f 3480 3490 3492
f 1690 1694 3491
f 1690 3491 3479
f 1692 3480 3492
f 1692 3492 1696
f 3481 3493 3494
f 3481 3494 3482
f 3484 3483 3495
f 3484 3495 3496
f 3485 3497 3493
f 3485 3493 3481
f 3486 3484 3496
f 3486 3496 3498
f 3487 3499 3497
f 3487 3497 3485
f 3488 3486 3498
f 3488 3498 3500
f 3489 3501 3499
f 3489 3499 3487
f 3490 3488 3500
f 3490 3500 3502
f 3491 3503 3501
f 3491 3501 3489
f 3492 3490 3502
f 3492 3502 3504
f 1694 1698 3503
f 1694 3503 3491
f 1696 3492 3504
f 1696 3504 1700
f 3493 3505 3506
f 3493 3506 3494
f 3496 3495 3507
f 3496 3507 3508
f 3497 3509 3505
f 3497 3505 3493
f 3498 3496 3508
f 3498 3508 3510
f 3499 3511 3509
f 3499 3509 3497
f 3500 3498 3510
f 3500 3510 3512
f 3501 3513 3511
f 3501 3511 3499
f 3502 3500 3512
f 3502 3512 3514
f 3503 3515 3513
f 3503 3513 3501
f 3504 3502 3514
f 3504 3514 3516
f 1698 1702 3515
f 1698 3515 3503
f 1700 3504 3516
f 1700 3516 1704
f 3505 3517 3518
f 3505 3518 3506
f 3508 3507 3519
f 3508 3519 3520
f 3509 3521 3517
f 3509 3517 3505
f 3510 3508 3520
f 3510 3520 3522
f 3511 3523 3521
f 3511 3521 3509
f 3512 3510 3522
f 3512 3522 3524
f 3513 3525 3523
f 3513 3523 3511
f 3514 3512 3524
f 3514 3524 3526
f 3515 3527 3525
f 3515 3525 3513
f 3516 3514 3526
f 3516 3526 3528
f 1702 1706 3527
f 1702 3527 3515
f 1704 3516 3528
f 1704 3528 1708
f 3517 3529 3530
f 3517 3530 3518
f 3520 3519 3531
f 3520 3531 3532
f 3521 3533 3529
f 3521 3529 3517
f 3522 3520 3532
f 3522 3532 3534
f 3523 3535 3533
f 3523 3533 3521
f 3524 3522 3534
f 3524 3534 3536
f 3525 3537 3535
f 3525 3535 3523
f 3526 3524 3536
f 3526 3536 3538
f 3527 3539 3537
f 3527 3537 3525
f 3528 3526 3538
f 3528 3538 3540
f 1706 1710 3539
f 1706 3539 3527
f 1708 3528 3540
f 1708 3540 1712
f 3529 3541 3542
f 3529 3542 3530
f 3532 3531 3543
f 3532 3543 3544
f 3533 3545 3541
f 3533 3541 3529
f 3534 3532 3544
f 3534 3544 3546
f 3535 3547 3545
f 3535 3545 3533
f 3536 3534 3546
f 3536 3546 3548
f 3537 3549 3547
f 3537 3547 3535
f 3538 3536 3548
f 3538 3548 3550
f 3539 3551 3549
f 3539 3549 3537
f 3540 3538 3550
f 3540 3550 3552
f 1710 1714 3551
f 1710 3551 3539
f 1712 3540 3552
f 1712 3552 1716
f 3541 3553 3554
f 3541 3554 3542
f 3544 3543 3555
f 3544 3555 3556
f 3545 3557 3553
f 3545 3553 3541
f 3546 3544 3556
f 3546 3556 3558
f 3547 3559 3557
f 3547 3557 3545
f 3548 3546 3558
f 3548 3558 3560
f 3549 3561 3559
f 3549 3559 3547
f 3550 3548 3560
f 3550 3560 3562
f 3551 3563 3561
f 3551 3561 3549
f 3552 3550 3562
f 3552 3562 3564
f 1714 1722 3563
f 1714 3563 3551
f 1716 3552 3564
f 1716 3564 1724
f 2805 2339 934
f 2805 934 1918
f 2807 1920 936
f 2807 936 2340
f 2801 2337 2339
f 2801 2339 2805
f 2803 2807 2340
f 2803 2340 2338
f 2797 2335 2337
f 2797 2337 2801
f 2799 2803 2338
f 2799 2338 2336
f 2793 2333 2335
f 2793 2335 2797
f 2795 2799 2336
f 2795 2336 2334
f 2785 2329 2333
f 2785 2333 2793
f 2789 2795 2334
f 2789 2334 2332
f 2788 2330 2329
f 2788 2329 2785
f 2790 2789 2332
f 2790 2332 2331
f 1991 2341 919
f 1991 919 1898
f 1992 1899 923
f 1992 923 2343
f 1989 2345 2341
f 1989 2341 1991
f 1990 1992 2343
f 1990 2343 2347
f 1987 2349 2345
f 1987 2345 1989
f 1988 1990 2347
f 1988 2347 2351
f 1985 2353 2349
f 1985 2349 1987
f 1986 1988 2351
f 1986 2351 2355
f 1981 2357 2353
f 1981 2353 1985
f 1983 1986 2355
f 1983 2355 2359
f 1982 2361 2357
f 1982 2357 1981
f 1984 1983 2359
f 1984 2359 2363
f 2397 3563 1722
f 2397 1722 1894
f 2399 1895 1724
f 2399 1724 3564
f 2393 3561 3563
f 2393 3563 2397
f 2395 2399 3564
f 2395 3564 3562
f 2389 3559 3561
f 2389 3561 2393
f 2391 2395 3562
f 2391 3562 3560
f 2385 3557 3559
f 2385 3559 2389
f 2387 2391 3560
f 2387 3560 3558
f 2377 3553 3557
f 2377 3557 2385
f 2381 2387 3558
f 2381 3558 3556
f 2377 2380 3554
f 2377 3554 3553
f 2381 3556 3555
f 2381 3555 2382
f 3172 2831 2829
f 3172 2829 3169
f 3174 3173 2830
f 3174 2830 2832
f 2827 3177 3169
f 2827 3169 2829
f 2828 2830 3173
f 2828 3173 3179
f 2825 3181 3177
f 2825 3177 2827
f 2826 2828 3179
f 2826 3179 3183
f 2823 3185 3181
f 2823 3181 2825
f 2824 2826 3183
f 2824 3183 3187
f 2821 3189 3185
f 2821 3185 2823
f 2822 2824 3187
f 2822 3187 3191
f 1188 1375 3189
f 1188 3189 2821
f 1190 2822 3191
f 1190 3191 1379
f 3565 3566 1105
f 3565 1105 1108
f 3567 1110 1109
f 3567 1109 3568
f 3569 3570 3566
f 3569 3566 3565
f 3571 3567 3568
f 3571 3568 3572
f 3573 3574 3570
f 3573 3570 3569
f 3575 3571 3572
f 3575 3572 3576
f 3577 3578 3574
f 3577 3574 3573
f 3579 3575 3576
f 3579 3576 3580
f 3581 3582 3578
f 3581 3578 3577
f 3583 3579 3580
f 3583 3580 3584
f 1903 1902 3582
f 1903 3582 3581
f 1907 3583 3584
f 1907 3584 1908
f 3566 3585 940
f 3566 940 1105
f 3568 1109 942
f 3568 942 3586
f 3570 3587 3585
f 3570 3585 3566
f 3572 3568 3586
f 3572 3586 3588
f 3574 3589 3587
f 3574 3587 3570
f 3576 3572 3588
f 3576 3588 3590
f 3578 3591 3589
f 3578 3589 3574
f 3580 3576 3590
f 3580 3590 3592
f 3582 3593 3591
f 3582 3591 3578
f 3584 3580 3592
f 3584 3592 3594
f 1902 999 3593
f 1902 3593 3582
f 1908 3584 3594
f 1908 3594 1003
f 3585 3595 937
f 3585 937 940
f 3586 942 941
f 3586 941 3596
f 3587 3597 3595
f 3587 3595 3585
f 3588 3586 3596
f 3588 3596 3598
f 3589 3599 3597
f 3589 3597 3587
f 3590 3588 3598
f 3590 3598 3600
f 3591 3601 3599
f 3591 3599 3589
f 3592 3590 3600
f 3592 3600 3602
f 3593 3603 3601
f 3593 3601 3591
f 3594 3592 3602
f 3594 3602 3604
f 999 998 3603
f 999 3603 3593
f 1003 3594 3604
f 1003 3604 1004
f 3595 3605 945
f 3595 945 937
f 3596 941 947
f 3596 947 3606
f 3597 3607 3605
f 3597 3605 3595
f 3598 3596 3606
f 3598 3606 3608
f 3599 3609 3607
f 3599 3607 3597
f 3600 3598 3608
f 3600 3608 3610
f 3601 3611 3609
f 3601 3609 3599
f 3602 3600 3610
f 3602 3610 3612
f 3603 3613 3611
f 3603 3611 3601
f 3604 3602 3612
f 3604 3612 3614
f 998 1006 3613
f 998 3613 3603
f 1004 3604 3614
f 1004 3614 1008
f 3605 3615 949
f 3605 949 945
f 3606 947 951
f 3606 951 3616
f 3607 3617 3615
f 3607 3615 3605
f 3608 3606 3616
f 3608 3616 3618
f 3609 3619 3617
f 3609 3617 3607
f 3610 3608 3618
f 3610 3618 3620
f 3611 3621 3619
f 3611 3619 3609
f 3612 3610 3620
f 3612 3620 3622
f 3613 3623 3621
f 3613 3621 3611
f 3614 3612 3622
f 3614 3622 3624
f 1006 1010 3623
f 1006 3623 3613
f 1008 3614 3624
f 1008 3624 1012
f 3615 3625 953
f 3615 953 949
f 3616 951 955
f 3616 955 3626
f 3617 3627 3625
f 3617 3625 3615
f 3618 3616 3626
f 3618 3626 3628
f 3619 3629 3627
f 3619 3627 3617
f 3620 3618 3628
f 3620 3628 3630
f 3621 3631 3629
f 3621 3629 3619
f 3622 3620 3630
f 3622 3630 3632
f 3623 3633 3631
f 3623 3631 3621
f 3624 3622 3632
f 3624 3632 3634
f 1010 1014 3633
f 1010 3633 3623
f 1012 3624 3634
f 1012 3634 1016
f 3625 3635 957
f 3625 957 953
f 3626 955 959
f 3626 959 3636
f 3627 3637 3635
f 3627 3635 3625
f 3628 3626 3636
f 3628 3636 3638
f 3629 3639 3637
f 3629 3637 3627
f 3630 3628 3638
f 3630 3638 3640
f 3631 3641 3639
f 3631 3639 3629
f 3632 3630 3640
f 3632 3640 3642
f 3633 3643 3641
f 3633 3641 3631
f 3634 3632 3642
f 3634 3642 3644
f 1014 1018 3643
f 1014 3643 3633
f 1016 3634 3644
f 1016 3644 1020
f 3635 3645 961
f 3635 961 957
f 3636 959 963
f 3636 963 3646
f 3637 3647 3645
f 3637 3645 3635
f 3638 3636 3646
f 3638 3646 3648
f 3639 3649 3647
f 3639 3647 3637
f 3640 3638 3648
f 3640 3648 3650
f 3641 3651 3649
f 3641 3649 3639
f 3642 3640 3650
f 3642 3650 3652
f 3643 3653 3651
f 3643 3651 3641
f 3644 3642 3652
f 3644 3652 3654
f 1018 1022 3653
f 1018 3653 3643
f 1020 3644 3654
f 1020 3654 1024
f 3645 3655 965
f 3645 965 961
f 3646 963 967
f 3646 967 3656
f 3647 3657 3655
f 3647 3655 3645
f 3648 3646 3656
f 3648 3656 3658
f 3649 3659 3657
f 3649 3657 3647
f 3650 3648 3658
f 3650 3658 3660
f 3651 3661 3659
f 3651 3659 3649
f 3652 3650 3660
f 3652 3660 3662
f 3653 3663 3661
f 3653 3661 3651
f 3654 3652 3662
f 3654 3662 3664
f 1022 1026 3663
f 1022 3663 3653
f 1024 3654 3664
f 1024 3664 1028
f 3655 3665 969
f 3655 969 965
f 3656 967 971
f 3656 971 3666
f 3657 3667 3665
f 3657 3665 3655
f 3658 3656 3666
f 3658 3666 3668
f 3659 3669 3667
f 3659 3667 3657
f 3660 3658 3668
f 3660 3668 3670
f 3661 3671 3669
f 3661 3669 3659
f 3662 3660 3670
f 3662 3670 3672
f 3663 3673 3671
f 3663 3671 3661
f 3664 3662 3672
f 3664 3672 3674
f 1026 1030 3673
f 1026 3673 3663
f 1028 3664 3674
f 1028 3674 1032
f 3665 3675 973
f 3665 973 969
f 3666 971 975
f 3666 975 3676
f 3667 3677 3675
f 3667 3675 3665
f 3668 3666 3676
f 3668 3676 3678
f 3669 3679 3677
f 3669 3677 3667
f 3670 3668 3678
f 3670 3678 3680
f 3671 3681 3679
f 3671 3679 3669
f 3672 3670 3680
f 3672 3680 3682
f 3673 3683 3681
f 3673 3681 3671
f 3674 3672 3682
f 3674 3682 3684
f 1030 1034 3683
f 1030 3683 3673
f 1032 3674 3684
f 1032 3684 1036
f 3675 3685 977
f 3675 977 973
f 3676 975 979
f 3676 979 3686
f 3677 3687 3685
f 3677 3685 3675
f 3678 3676 3686
f 3678 3686 3688
f 3679 3689 3687
f 3679 3687 3677
f 3680 3678 3688
f 3680 3688 3690
f 3681 3691 3689
f 3681 3689 3679
f 3682 3680 3690
f 3682 3690 3692
f 3683 3693 3691
f 3683 3691 3681
f 3684 3682 3692
f 3684 3692 3694
f 1034 1038 3693
f 1034 3693 3683
f 1036 3684 3694
f 1036 3694 1040
f 3685 3695 981
f 3685 981 977
f 3686 979 983
f 3686 983 3696
f 3687 3697 3695
f 3687 3695 3685
f 3688 3686 3696
f 3688 3696 3698
f 3689 3699 3697
f 3689 3697 3687
f 3690 3688 3698
f 3690 3698 3700
f 3691 3701 3699
f 3691 3699 3689
f 3692 3690 3700
f 3692 3700 3702
f 3693 3703 3701
f 3693 3701 3691
f 3694 3692 3702
f 3694 3702 3704
f 1038 1042 3703
f 1038 3703 3693
f 1040 3694 3704
f 1040 3704 1044
f 3695 3705 985
f 3695 985 981
f 3696 983 987
f 3696 987 3706
f 3697 3707 3705
f 3697 3705 3695
f 3698 3696 3706
f 3698 3706 3708
f 3699 3709 3707
f 3699 3707 3697
f 3700 3698 3708
f 3700 3708 3710
f 3701 3711 3709
f 3701 3709 3699
f 3702 3700 3710
f 3702 3710 3712
f 3703 3713 3711
f 3703 3711 3701
f 3704 3702 3712
f 3704 3712 3714
f 1042 1046 3713
f 1042 3713 3703
f 1044 3704 3714
f 1044 3714 1048
f 3705 3715 989
f 3705 989 985
f 3706 987 991
f 3706 991 3716
f 3707 3717 3715
f 3707 3715 3705
f 3708 3706 3716
f 3708 3716 3718
f 3709 3719 3717
f 3709 3717 3707
f 3710 3708 3718
f 3710 3718 3720
f 3711 3721 3719
f 3711 3719 3709
f 3712 3710 3720
f 3712 3720 3722
f 3713 3723 3721
f 3713 3721 3711
f 3714 3712 3722
f 3714 3722 3724
f 1046 1050 3723
f 1046 3723 3713
f 1048 3714 3724
f 1048 3724 1052
f 3715 3725 856
f 3715 856 989
f 3716 991 858
f 3716 858 3726
f 3717 3727 3725
f 3717 3725 3715
f 3718 3716 3726
f 3718 3726 3728
f 3719 3729 3727
f 3719 3727 3717
f 3720 3718 3728
f 3720 3728 3730
f 3721 3731 3729
f 3721 3729 3719
f 3722 3720 3730
f 3722 3730 3732
f 3723 3733 3731
f 3723 3731 3721
f 3724 3722 3732
f 3724 3732 3734
f 1050 847 3733
f 1050 3733 3723
f 1052 3724 3734
f 1052 3734 851
f 3725 3735 853
f 3725 853 856
f 3726 858 857
f 3726 857 3736
f 3727 3737 3735
f 3727 3735 3725
f 3728 3726 3736
f 3728 3736 3738
f 3729 3739 3737
f 3729 3737 3727
f 3730 3728 3738
f 3730 3738 3740
f 3731 3741 3739
f 3731 3739 3729
f 3732 3730 3740
f 3732 3740 3742
f 3733 3743 3741
f 3733 3741 3731
f 3734 3732 3742
f 3734 3742 3744
f 847 846 3743
f 847 3743 3733
f 851 3734 3744
f 851 3744 852
f 3735 3745 864
f 3735 864 853
f 3736 857 866
f 3736 866 3746
f 3737 3747 3745
f 3737 3745 3735
f 3738 3736 3746
f 3738 3746 3748
f 3739 3749 3747
f 3739 3747 3737
f 3740 3738 3748
f 3740 3748 3750
f 3741 3751 3749
f 3741 3749 3739
f 3742 3740 3750
f 3742 3750 3752
f 3743 3753 3751
f 3743 3751 3741
f 3744 3742 3752
f 3744 3752 3754
f 846 1054 3753
f 846 3753 3743
f 852 3744 3754
f 852 3754 1056
f 3745 3755 861
f 3745 861 864
f 3746 866 865
f 3746 865 3756
f 3747 3757 3755
f 3747 3755 3745
f 3748 3746 3756
f 3748 3756 3758
f 3749 3759 3757
f 3749 3757 3747
f 3750 3748 3758
f 3750 3758 3760
f 3751 3761 3759
f 3751 3759 3749
f 3752 3750 3760
f 3752 3760 3762
f 3753 3763 3761
f 3753 3761 3751
f 3754 3752 3762
f 3754 3762 3764
f 1054 1058 3763
f 1054 3763 3753
f 1056 3754 3764
f 1056 3764 1060
f 3755 3765 869
f 3755 869 861
f 3756 865 871
f 3756 871 3766
f 3757 3767 3765
f 3757 3765 3755
f 3758 3756 3766
f 3758 3766 3768
f 3759 3769 3767
f 3759 3767 3757
f 3760 3758 3768
f 3760 3768 3770
f 3761 3771 3769
f 3761 3769 3759
f 3762 3760 3770
f 3762 3770 3772
f 3763 3773 3771
f 3763 3771 3761
f 3764 3762 3772
f 3764 3772 3774
f 1058 1062 3773
f 1058 3773 3763
f 1060 3764 3774
f 1060 3774 1064
f 3765 3775 873
f 3765 873 869
f 3766 871 875
f 3766 875 3776
f 3767 3777 3775
f 3767 3775 3765
f 3768 3766 3776
f 3768 3776 3778
f 3769 3779 3777
f 3769 3777 3767
f 3770 3768 3778
f 3770 3778 3780
f 3771 3781 3779
f 3771 3779 3769
f 3772 3770 3780
f 3772 3780 3782
f 3773 3783 3781
f 3773 3781 3771
f 3774 3772 3782
f 3774 3782 3784
f 1062 1066 3783
f 1062 3783 3773
f 1064 3774 3784
f 1064 3784 1068
f 3775 3785 877
f 3775 877 873
f 3776 875 879
f 3776 879 3786
f 3777 3787 3785
f 3777 3785 3775
f 3778 3776 3786
f 3778 3786 3788
f 3779 3789 3787
f 3779 3787 3777
f 3780 3778 3788
f 3780 3788 3790
f 3781 3791 3789
f 3781 3789 3779
f 3782 3780 3790
f 3782 3790 3792
f 3783 3793 3791
f 3783 3791 3781
f 3784 3782 3792
f 3784 3792 3794
f 1066 1070 3793
f 1066 3793 3783
f 1068 3784 3794
f 1068 3794 1072
f 3785 3795 881
f 3785 881 877
f 3786 879 883
f 3786 883 3796
f 3787 3797 3795
f 3787 3795 3785
f 3788 3786 3796
f 3788 3796 3798
f 3789 3799 3797
f 3789 3797 3787
f 3790 3788 3798
f 3790 3798 3800
f 3791 3801 3799
f 3791 3799 3789
f 3792 3790 3800
f 3792 3800 3802
f 3793 3803 3801
f 3793 3801 3791
f 3794 3792 3802
f 3794 3802 3804
f 1070 1074 3803
f 1070 3803 3793
f 1072 3794 3804
f 1072 3804 1076
f 3795 3805 885
f 3795 885 881
f 3796 883 887
f 3796 887 3806
f 3797 3807 3805
f 3797 3805 3795
f 3798 3796 3806
f 3798 3806 3808
f 3799 3809 3807
f 3799 3807 3797
f 3800 3798 3808
f 3800 3808 3810
f 3801 3811 3809
f 3801 3809 3799
f 3802 3800 3810
f 3802 3810 3812
f 3803 3813 3811
f 3803 3811 3801
f 3804 3802 3812
f 3804 3812 3814
f 1074 1078 3813
f 1074 3813 3803
f 1076 3804 3814
f 1076 3814 1080
f 3805 3815 889
f 3805 889 885
f 3806 887 891
f 3806 891 3816
f 3807 3817 3815
f 3807 3815 3805
f 3808 3806 3816
f 3808 3816 3818
f 3809 3819 3817
f 3809 3817 3807
f 3810 3808 3818
f 3810 3818 3820
f 3811 3821 3819
f 3811 3819 3809
f 3812 3810 3820
f 3812 3820 3822
f 3813 3823 3821
f 3813 3821 3811
f 3814 3812 3822
f 3814 3822 3824
f 1078 1082 3823
f 1078 3823 3813
f 1080 3814 3824
f 1080 3824 1084
f 3815 3825 893
f 3815 893 889
f 3816 891 895
f 3816 895 3826
f 3817 3827 3825
f 3817 3825 3815
f 3818 3816 3826
f 3818 3826 3828
f 3819 3829 3827
f 3819 3827 3817
f 3820 3818 3828
f 3820 3828 3830
f 3821 3831 3829
f 3821 3829 3819
f 3822 3820 3830
f 3822 3830 3832
f 3823 3833 3831
f 3823 3831 3821
f 3824 3822 3832
f 3824 3832 3834
f 1082 1086 3833
f 1082 3833 3823
f 1084 3824 3834
f 1084 3834 1088
f 3825 3835 897
f 3825 897 893
f 3826 895 899
f 3826 899 3836
f 3827 3837 3835
f 3827 3835 3825
f 3828 3826 3836
f 3828 3836 3838
f 3829 3839 3837
f 3829 3837 3827
f 3830 3828 3838
f 3830 3838 3840
f 3831 3841 3839
f 3831 3839 3829
f 3832 3830 3840
f 3832 3840 3842
f 3833 3843 3841
f 3833 3841 3831
f 3834 3832 3842
f 3834 3842 3844
f 1086 1090 3843
f 1086 3843 3833
f 1088 3834 3844
f 1088 3844 1092
f 3835 3845 901
f 3835 901 897
f 3836 899 903
f 3836 903 3846
f 3837 3847 3845
f 3837 3845 3835
f 3838 3836 3846
f 3838 3846 3848
f 3839 3849 3847
f 3839 3847 3837
f 3840 3838 3848
f 3840 3848 3850
f 3841 3851 3849
f 3841 3849 3839
f 3842 3840 3850
f 3842 3850 3852
f 3843 3853 3851
f 3843 3851 3841
f 3844 3842 3852
f 3844 3852 3854
f 1090 1094 3853
f 1090 3853 3843
f 1092 3844 3854
f 1092 3854 1096
f 3845 3855 905
f 3845 905 901
f 3846 903 907
f 3846 907 3856
f 3847 3857 3855
f 3847 3855 3845
f 3848 3846 3856
f 3848 3856 3858
f 3849 3859 3857
f 3849 3857 3847
f 3850 3848 3858
f 3850 3858 3860
f 3851 3861 3859
f 3851 3859 3849
f 3852 3850 3860
f 3852 3860 3862
f 3853 3863 3861
f 3853 3861 3851
f 3854 3852 3862
f 3854 3862 3864
f 1094 1098 3863
f 1094 3863 3853
f 1096 3854 3864
f 1096 3864 1100
f 3855 3865 909
f 3855 909 905
f 3856 907 911
f 3856 911 3866
f 3857 3867 3865
f 3857 3865 3855
f 3858 3856 3866
f 3858 3866 3868
f 3859 3869 3867
f 3859 3867 3857
f 3860 3858 3868
f 3860 3868 3870
f 3861 3871 3869
f 3861 3869 3859
f 3862 3860 3870
f 3862 3870 3872
f 3863 3873 3871
f 3863 3871 3861
f 3864 3862 3872
f 3864 3872 3874
f 1098 1102 3873
f 1098 3873 3863
f 1100 3864 3874
f 1100 3874 1104
f 3865 3875 913
f 3865 913 909
f 3866 911 915
f 3866 915 3876
f 3867 3877 3875
f 3867 3875 3865
f 3868 3866 3876
f 3868 3876 3878
f 3869 3879 3877
f 3869 3877 3867
f 3870 3868 3878
f 3870 3878 3880
f 3871 3881 3879
f 3871 3879 3869
f 3872 3870 3880
f 3872 3880 3882
f 3873 3883 3881
f 3873 3881 3871
f 3874 3872 3882
f 3874 3882 3884
f 1102 993 3883
f 1102 3883 3873
f 1104 3874 3884
f 1104 3884 996
f 3875 3885 933
f 3875 933 913
f 3876 915 935
f 3876 935 3886
f 3877 3887 3885
f 3877 3885 3875
f 3878 3876 3886
f 3878 3886 3888
f 3879 3889 3887
f 3879 3887 3877
f 3880 3878 3888
f 3880 3888 3890
f 3881 3891 3889
f 3881 3889 3879
f 3882 3880 3890
f 3882 3890 3892
f 3883 3893 3891
f 3883 3891 3881
f 3884 3882 3892
f 3884 3892 3894
f 993 927 3893
f 993 3893 3883
f 996 3884 3894
f 996 3894 931
f 3895 3565 1108
f 3895 1108 1897
f 3896 1900 1110
f 3896 1110 3567
f 3897 3569 3565
f 3897 3565 3895
f 3898 3896 3567
f 3898 3567 3571
f 3899 3573 3569
f 3899 3569 3897
f 3900 3898 3571
f 3900 3571 3575
f 3901 3577 3573
f 3901 3573 3899
f 3902 3900 3575
f 3902 3575 3579
f 3903 3581 3577
f 3903 3577 3901
f 3904 3902 3579
f 3904 3579 3583
f 1912 1903 3581
f 1912 3581 3903
f 1914 3904 3583
f 1914 3583 1907
f 3905 3906 1382
f 3905 1382 1909
f 3907 1913 1383
f 3907 1383 3908
f 3909 3910 3906
f 3909 3906 3905
f 3911 3907 3908
f 3911 3908 3912
f 3913 3914 3910
f 3913 3910 3909
f 3915 3911 3912
f 3915 3912 3916
f 3917 3918 3914
f 3917 3914 3913
f 3919 3915 3916
f 3919 3916 3920
f 3921 3922 3918
f 3921 3918 3917
f 3923 3919 3920
f 3923 3920 3924
f 918 917 3922
f 918 3922 3921
f 924 3923 3924
f 924 3924 921
f 3906 3925 1263
f 3906 1263 1382
f 3908 1383 1267
f 3908 1267 3926
f 3910 3927 3925
f 3910 3925 3906
f 3912 3908 3926
f 3912 3926 3928
f 3914 3929 3927
f 3914 3927 3910
f 3916 3912 3928
f 3916 3928 3930
f 3918 3931 3929
f 3918 3929 3914
f 3920 3916 3930
f 3920 3930 3932
f 3922 3933 3931
f 3922 3931 3918
f 3924 3920 3932
f 3924 3932 3934
f 917 1206 3933
f 917 3933 3922
f 921 3924 3934
f 921 3934 1212
f 3925 3935 1264
f 3925 1264 1263
f 3926 1267 1266
f 3926 1266 3936
f 3927 3937 3935
f 3927 3935 3925
f 3928 3926 3936
f 3928 3936 3938
f 3929 3939 3937
f 3929 3937 3927
f 3930 3928 3938
f 3930 3938 3940
f 3931 3941 3939
f 3931 3939 3929
f 3932 3930 3940
f 3932 3940 3942
f 3933 3943 3941
f 3933 3941 3931
f 3934 3932 3942
f 3934 3942 3944
f 1206 1205 3943
f 1206 3943 3933
f 1212 3934 3944
f 1212 3944 1209
f 3935 3945 1270
f 3935 1270 1264
f 3936 1266 1272
f 3936 1272 3946
f 3937 3947 3945
f 3937 3945 3935
f 3938 3936 3946
f 3938 3946 3948
f 3939 3949 3947
f 3939 3947 3937
f 3940 3938 3948
f 3940 3948 3950
f 3941 3951 3949
f 3941 3949 3939
f 3942 3940 3950
f 3942 3950 3952
f 3943 3953 3951
f 3943 3951 3941
f 3944 3942 3952
f 3944 3952 3954
f 1205 1213 3953
f 1205 3953 3943
f 1209 3944 3954
f 1209 3954 1215
f 3945 3955 1274
f 3945 1274 1270
f 3946 1272 1276
f 3946 1276 3956
f 3947 3957 3955
f 3947 3955 3945
f 3948 3946 3956
f 3948 3956 3958
f 3949 3959 3957
f 3949 3957 3947
f 3950 3948 3958
f 3950 3958 3960
f 3951 3961 3959
f 3951 3959 3949
f 3952 3950 3960
f 3952 3960 3962
f 3953 3963 3961
f 3953 3961 3951
f 3954 3952 3962
f 3954 3962 3964
f 1213 1217 3963
f 1213 3963 3953
f 1215 3954 3964
f 1215 3964 1219
f 3955 3965 1278
f 3955 1278 1274
f 3956 1276 1280
f 3956 1280 3966
f 3957 3967 3965
f 3957 3965 3955
f 3958 3956 3966
f 3958 3966 3968
f 3959 3969 3967
f 3959 3967 3957
f 3960 3958 3968
f 3960 3968 3970
f 3961 3971 3969
f 3961 3969 3959
f 3962 3960 3970
f 3962 3970 3972
f 3963 3973 3971
f 3963 3971 3961
f 3964 3962 3972
f 3964 3972 3974
f 1217 1221 3973
f 1217 3973 3963
f 1219 3964 3974
f 1219 3974 1223
f 3965 3975 1282
f 3965 1282 1278
f 3966 1280 1284
f 3966 1284 3976
f 3967 3977 3975
f 3967 3975 3965
f 3968 3966 3976
f 3968 3976 3978
f 3969 3979 3977
f 3969 3977 3967
f 3970 3968 3978
f 3970 3978 3980
f 3971 3981 3979
f 3971 3979 3969
f 3972 3970 3980
f 3972 3980 3982
f 3973 3983 3981
f 3973 3981 3971
f 3974 3972 3982
f 3974 3982 3984
f 1221 1225 3983
f 1221 3983 3973
f 1223 3974 3984
f 1223 3984 1227
f 3975 3985 1286
f 3975 1286 1282
f 3976 1284 1288
f 3976 1288 3986
f 3977 3987 3985
f 3977 3985 3975
f 3978 3976 3986
f 3978 3986 3988
f 3979 3989 3987
f 3979 3987 3977
f 3980 3978 3988
f 3980 3988 3990
f 3981 3991 3989
f 3981 3989 3979
f 3982 3980 3990
f 3982 3990 3992
f 3983 3993 3991
f 3983 3991 3981
f 3984 3982 3992
f 3984 3992 3994
f 1225 1229 3993
f 1225 3993 3983
f 1227 3984 3994
f 1227 3994 1231
f 3985 3995 1290
f 3985 1290 1286
f 3986 1288 1292
f 3986 1292 3996
f 3987 3997 3995
f 3987 3995 3985
f 3988 3986 3996
f 3988 3996 3998
f 3989 3999 3997
f 3989 3997 3987
f 3990 3988 3998
f 3990 3998 4000
f 3991 4001 3999
f 3991 3999 3989
f 3992 3990 4000
f 3992 4000 4002
f 3993 4003 4001
f 3993 4001 3991
f 3994 3992 4002
f 3994 4002 4004
f 1229 1233 4003
f 1229 4003 3993
f 1231 3994 4004
f 1231 4004 1235
f 3995 4005 1294
f 3995 1294 1290
f 3996 1292 1296
f 3996 1296 4006
f 3997 4007 4005
f 3997 4005 3995
f 3998 3996 4006
f 3998 4006 4008
f 3999 4009 4007
f 3999 4007 3997
f 4000 3998 4008
f 4000 4008 4010
f 4001 4011 4009
f 4001 4009 3999
f 4002 4000 4010
f 4002 4010 4012
f 4003 4013 4011
f 4003 4011 4001
f 4004 4002 4012
f 4004 4012 4014
f 1233 1237 4013
f 1233 4013 4003
f 1235 4004 4014
f 1235 4014 1239
f 4005 4015 1298
f 4005 1298 1294
f 4006 1296 1300
f 4006 1300 4016
f 4007 4017 4015
f 4007 4015 4005
f 4008 4006 4016
f 4008 4016 4018
f 4009 4019 4017
f 4009 4017 4007
f 4010 4008 4018
f 4010 4018 4020
f 4011 4021 4019
f 4011 4019 4009
f 4012 4010 4020
f 4012 4020 4022
f 4013 4023 4021
f 4013 4021 4011
f 4014 4012 4022
f 4014 4022 4024
f 1237 1241 4023
f 1237 4023 4013
f 1239 4014 4024
f 1239 4024 1243
f 4015 4025 1302
f 4015 1302 1298
f 4016 1300 1304
f 4016 1304 4026
f 4017 4027 4025
f 4017 4025 4015
f 4018 4016 4026
f 4018 4026 4028
f 4019 4029 4027
f 4019 4027 4017
f 4020 4018 4028
f 4020 4028 4030
f 4021 4031 4029
f 4021 4029 4019
f 4022 4020 4030
f 4022 4030 4032
f 4023 4033 4031
f 4023 4031 4021
f 4024 4022 4032
f 4024 4032 4034
f 1241 1245 4033
f 1241 4033 4023
f 1243 4024 4034
f 1243 4034 1247
f 4025 4035 1306
f 4025 1306 1302
f 4026 1304 1308
f 4026 1308 4036
f 4027 4037 4035
f 4027 4035 4025
f 4028 4026 4036
f 4028 4036 4038
f 4029 4039 4037
f 4029 4037 4027
f 4030 4028 4038
f 4030 4038 4040
f 4031 4041 4039
f 4031 4039 4029
f 4032 4030 4040
f 4032 4040 4042
f 4033 4043 4041
f 4033 4041 4031
f 4034 4032 4042
f 4034 4042 4044
f 1245 1249 4043
f 1245 4043 4033
f 1247 4034 4044
f 1247 4044 1251
f 4035 4045 1310
f 4035 1310 1306
f 4036 1308 1312
f 4036 1312 4046
f 4037 4047 4045
f 4037 4045 4035
f 4038 4036 4046
f 4038 4046 4048
f 4039 4049 4047
f 4039 4047 4037
f 4040 4038 4048
f 4040 4048 4050
f 4041 4051 4049
f 4041 4049 4039
f 4042 4040 4050
f 4042 4050 4052
f 4043 4053 4051
f 4043 4051 4041
f 4044 4042 4052
f 4044 4052 4054
f 1249 1253 4053
f 1249 4053 4043
f 1251 4044 4054
f 1251 4054 1255
f 4045 4055 1314
f 4045 1314 1310
f 4046 1312 1316
f 4046 1316 4056
f 4047 4057 4055
f 4047 4055 4045
f 4048 4046 4056
f 4048 4056 4058
f 4049 4059 4057
f 4049 4057 4047
f 4050 4048 4058
f 4050 4058 4060
f 4051 4061 4059
f 4051 4059 4049
f 4052 4050 4060
f 4052 4060 4062
f 4053 4063 4061
f 4053 4061 4051
f 4054 4052 4062
f 4054 4062 4064
f 1253 1257 4063
f 1253 4063 4053
f 1255 4054 4064
f 1255 4064 1259
f 4055 4065 1115
f 4055 1115 1314
f 4056 1316 1119
f 4056 1119 4066
f 4057 4067 4065
f 4057 4065 4055
f 4058 4056 4066
f 4058 4066 4068
f 4059 4069 4067
f 4059 4067 4057
f 4060 4058 4068
f 4060 4068 4070
f 4061 4071 4069
f 4061 4069 4059
f 4062 4060 4070
f 4062 4070 4072
f 4063 4073 4071
f 4063 4071 4061
f 4064 4062 4072
f 4064 4072 4074
f 1257 1122 4073
f 1257 4073 4063
f 1259 4064 4074
f 1259 4074 1128
f 4065 4075 1116
f 4065 1116 1115
f 4066 1119 1118
f 4066 1118 4076
f 4067 4077 4075
f 4067 4075 4065
f 4068 4066 4076
f 4068 4076 4078
f 4069 4079 4077
f 4069 4077 4067
f 4070 4068 4078
f 4070 4078 4080
f 4071 4081 4079
f 4071 4079 4069
f 4072 4070 4080
f 4072 4080 4082
f 4073 4083 4081
f 4073 4081 4071
f 4074 4072 4082
f 4074 4082 4084
f 1122 1121 4083
f 1122 4083 4073
f 1128 4074 4084
f 1128 4084 1125
f 4075 4085 1318
f 4075 1318 1116
f 4076 1118 1320
f 4076 1320 4086
f 4077 4087 4085
f 4077 4085 4075
f 4078 4076 4086
f 4078 4086 4088
f 4079 4089 4087
f 4079 4087 4077
f 4080 4078 4088
f 4080 4088 4090
f 4081 4091 4089
f 4081 4089 4079
f 4082 4080 4090
f 4082 4090 4092
f 4083 4093 4091
f 4083 4091 4081
f 4084 4082 4092
f 4084 4092 4094
f 1121 1130 4093
f 1121 4093 4083
f 1125 4084 4094
f 1125 4094 1136
f 4085 4095 1322
f 4085 1322 1318
f 4086 1320 1324
f 4086 1324 4096
f 4087 4097 4095
f 4087 4095 4085
f 4088 4086 4096
f 4088 4096 4098
f 4089 4099 4097
f 4089 4097 4087
f 4090 4088 4098
f 4090 4098 4100
f 4091 4101 4099
f 4091 4099 4089
f 4092 4090 4100
f 4092 4100 4102
f 4093 4103 4101
f 4093 4101 4091
f 4094 4092 4102
f 4094 4102 4104
f 1130 1129 4103
f 1130 4103 4093
f 1136 4094 4104
f 1136 4104 1133
f 4095 4105 1326
f 4095 1326 1322
f 4096 1324 1328
f 4096 1328 4106
f 4097 4107 4105
f 4097 4105 4095
f 4098 4096 4106
f 4098 4106 4108
f 4099 4109 4107
f 4099 4107 4097
f 4100 4098 4108
f 4100 4108 4110
f 4101 4111 4109
f 4101 4109 4099
f 4102 4100 4110
f 4102 4110 4112
f 4103 4113 4111
f 4103 4111 4101
f 4104 4102 4112
f 4104 4112 4114
f 1129 1137 4113
f 1129 4113 4103
f 1133 4104 4114
f 1133 4114 1139
f 4105 4115 1330
f 4105 1330 1326
f 4106 1328 1332
f 4106 1332 4116
f 4107 4117 4115
f 4107 4115 4105
f 4108 4106 4116
f 4108 4116 4118
f 4109 4119 4117
f 4109 4117 4107
f 4110 4108 4118
f 4110 4118 4120
f 4111 4121 4119
f 4111 4119 4109
f 4112 4110 4120
f 4112 4120 4122
f 4113 4123 4121
f 4113 4121 4111
f 4114 4112 4122
f 4114 4122 4124
f 1137 1141 4123
f 1137 4123 4113
f 1139 4114 4124
f 1139 4124 1143
f 4115 4125 1334
f 4115 1334 1330
f 4116 1332 1336
f 4116 1336 4126
f 4117 4127 4125
f 4117 4125 4115
f 4118 4116 4126
f 4118 4126 4128
f 4119 4129 4127
f 4119 4127 4117
f 4120 4118 4128
f 4120 4128 4130
f 4121 4131 4129
f 4121 4129 4119
f 4122 4120 4130
f 4122 4130 4132
f 4123 4133 4131
f 4123 4131 4121
f 4124 4122 4132
f 4124 4132 4134
f 1141 1145 4133
f 1141 4133 4123
f 1143 4124 4134
f 1143 4134 1147
f 4125 4135 1338
f 4125 1338 1334
f 4126 1336 1340
f 4126 1340 4136
f 4127 4137 4135
f 4127 4135 4125
f 4128 4126 4136
f 4128 4136 4138
f 4129 4139 4137
f 4129 4137 4127
f 4130 4128 4138
f 4130 4138 4140
f 4131 4141 4139
f 4131 4139 4129
f 4132 4130 4140
f 4132 4140 4142
f 4133 4143 4141
f 4133 4141 4131
f 4134 4132 4142
f 4134 4142 4144
f 1145 1149 4143
f 1145 4143 4133
f 1147 4134 4144
f 1147 4144 1151
f 4135 4145 1342
f 4135 1342 1338
f 4136 1340 1344
f 4136 1344 4146
f 4137 4147 4145
f 4137 4145 4135
f 4138 4136 4146
f 4138 4146 4148
f 4139 4149 4147
f 4139 4147 4137
f 4140 4138 4148
f 4140 4148 4150
f 4141 4151 4149
f 4141 4149 4139
f 4142 4140 4150
f 4142 4150 4152
f 4143 4153 4151
f 4143 4151 4141
f 4144 4142 4152
f 4144 4152 4154
f 1149 1153 4153
f 1149 4153 4143
f 1151 4144 4154
f 1151 4154 1155
f 4145 4155 1346
f 4145 1346 1342
f 4146 1344 1348
f 4146 1348 4156
f 4147 4157 4155
f 4147 4155 4145
f 4148 4146 4156
f 4148 4156 4158
f 4149 4159 4157
f 4149 4157 4147
f 4150 4148 4158
f 4150 4158 4160
f 4151 4161 4159
f 4151 4159 4149
f 4152 4150 4160
f 4152 4160 4162
f 4153 4163 4161
f 4153 4161 4151
f 4154 4152 4162
f 4154 4162 4164
f 1153 1157 4163
f 1153 4163 4153
f 1155 4154 4164
f 1155 4164 1159
f 4155 4165 1350
f 4155 1350 1346
f 4156 1348 1352
f 4156 1352 4166
f 4157 4167 4165
f 4157 4165 4155
f 4158 4156 4166
f 4158 4166 4168
f 4159 4169 4167
f 4159 4167 4157
f 4160 4158 4168
f 4160 4168 4170
f 4161 4171 4169
f 4161 4169 4159
f 4162 4160 4170
f 4162 4170 4172
f 4163 4173 4171
f 4163 4171 4161
f 4164 4162 4172
f 4164 4172 4174
f 1157 1161 4173
f 1157 4173 4163
f 1159 4164 4174
f 1159 4174 1163
f 4165 4175 1354
f 4165 1354 1350
f 4166 1352 1356
f 4166 1356 4176
f 4167 4177 4175
f 4167 4175 4165
f 4168 4166 4176
f 4168 4176 4178
f 4169 4179 4177
f 4169 4177 4167
f 4170 4168 4178
f 4170 4178 4180
f 4171 4181 4179
f 4171 4179 4169
f 4172 4170 4180
f 4172 4180 4182
f 4173 4183 4181
f 4173 4181 4171
f 4174 4172 4182
f 4174 4182 4184
f 1161 1165 4183
f 1161 4183 4173
f 1163 4174 4184
f 1163 4184 1167
f 4175 4185 1358
f 4175 1358 1354
f 4176 1356 1360
f 4176 1360 4186
f 4177 4187 4185
f 4177 4185 4175
f 4178 4176 4186
f 4178 4186 4188
f 4179 4189 4187
f 4179 4187 4177
f 4180 4178 4188
f 4180 4188 4190
f 4181 4191 4189
f 4181 4189 4179
f 4182 4180 4190
f 4182 4190 4192
f 4183 4193 4191
f 4183 4191 4181
f 4184 4182 4192
f 4184 4192 4194
f 1165 1169 4193
f 1165 4193 4183
f 1167 4184 4194
f 1167 4194 1171
f 4185 4195 1362
f 4185 1362 1358
f 4186 1360 1364
f 4186 1364 4196
f 4187 4197 4195
f 4187 4195 4185
f 4188 4186 4196
f 4188 4196 4198
f 4189 4199 4197
f 4189 4197 4187
f 4190 4188 4198
f 4190 4198 4200
f 4191 4201 4199
f 4191 4199 4189
f 4192 4190 4200
f 4192 4200 4202
f 4193 4203 4201
f 4193 4201 4191
f 4194 4192 4202
f 4194 4202 4204
f 1169 1173 4203
f 1169 4203 4193
f 1171 4194 4204
f 1171 4204 1175
f 4195 4205 1366
f 4195 1366 1362
f 4196 1364 1368
f 4196 1368 4206
f 4197 4207 4205
f 4197 4205 4195
f 4198 4196 4206
f 4198 4206 4208
f 4199 4209 4207
f 4199 4207 4197
f 4200 4198 4208
f 4200 4208 4210
f 4201 4211 4209
f 4201 4209 4199
f 4202 4200 4210
f 4202 4210 4212
f 4203 4213 4211
f 4203 4211 4201
f 4204 4202 4212
f 4204 4212 4214
f 1173 1177 4213
f 1173 4213 4203
f 1175 4204 4214
f 1175 4214 1179
f 4205 4215 1370
f 4205 1370 1366
f 4206 1368 1372
f 4206 1372 4216
f 4207 4217 4215
f 4207 4215 4205
f 4208 4206 4216
f 4208 4216 4218
f 4209 4219 4217
f 4209 4217 4207
f 4210 4208 4218
f 4210 4218 4220
f 4211 4221 4219
f 4211 4219 4209
f 4212 4210 4220
f 4212 4220 4222
f 4213 4223 4221
f 4213 4221 4211
f 4214 4212 4222
f 4214 4222 4224
f 1177 1181 4223
f 1177 4223 4213
f 1179 4214 4224
f 1179 4224 1183
f 4215 4225 1195
f 4215 1195 1370
f 4216 1372 1199
f 4216 1199 4226
f 4217 4227 4225
f 4217 4225 4215
f 4218 4216 4226
f 4218 4226 4228
f 4219 4229 4227
f 4219 4227 4217
f 4220 4218 4228
f 4220 4228 4230
f 4221 4231 4229
f 4221 4229 4219
f 4222 4220 4230
f 4222 4230 4232
f 4223 4233 4231
f 4223 4231 4221
f 4224 4222 4232
f 4224 4232 4234
f 1181 1201 4233
f 1181 4233 4223
f 1183 4224 4234
f 1183 4234 1203
f 4235 4236 1642
f 4235 1642 1922
f 4237 1923 1643
f 4237 1643 4238
f 4239 4240 4236
f 4239 4236 4235
f 4241 4237 4238
f 4241 4238 4242
f 4243 4244 4240
f 4243 4240 4239
f 4245 4241 4242
f 4245 4242 4246
f 4247 4248 4244
f 4247 4244 4243
f 4249 4245 4246
f 4249 4246 4250
f 4251 4252 4248
f 4251 4248 4247
f 4253 4249 4250
f 4253 4250 4254
f 1186 1462 4252
f 1186 4252 4251
f 1192 4253 4254
f 1192 4254 1468
f 4236 4255 1527
f 4236 1527 1642
f 4238 1643 1531
f 4238 1531 4256
f 4240 4257 4255
f 4240 4255 4236
f 4242 4238 4256
f 4242 4256 4258
f 4244 4259 4257
f 4244 4257 4240
f 4246 4242 4258
f 4246 4258 4260
f 4248 4261 4259
f 4248 4259 4244
f 4250 4246 4260
f 4250 4260 4262
f 4252 4263 4261
f 4252 4261 4248
f 4254 4250 4262
f 4254 4262 4264
f 1462 1461 4263
f 1462 4263 4252
f 1468 4254 4264
f 1468 4264 1465
f 4255 4265 1528
f 4255 1528 1527
f 4256 1531 1530
f 4256 1530 4266
f 4257 4267 4265
f 4257 4265 4255
f 4258 4256 4266
f 4258 4266 4268
f 4259 4269 4267
f 4259 4267 4257
f 4260 4258 4268
f 4260 4268 4270
f 4261 4271 4269
f 4261 4269 4259
f 4262 4260 4270
f 4262 4270 4272
f 4263 4273 4271
f 4263 4271 4261
f 4264 4262 4272
f 4264 4272 4274
f 1461 1473 4273
f 1461 4273 4263
f 1465 4264 4274
f 1465 4274 1475
f 4265 4275 1534
f 4265 1534 1528
f 4266 1530 1536
f 4266 1536 4276
f 4267 4277 4275
f 4267 4275 4265
f 4268 4266 4276
f 4268 4276 4278
f 4269 4279 4277
f 4269 4277 4267
f 4270 4268 4278
f 4270 4278 4280
f 4271 4281 4279
f 4271 4279 4269
f 4272 4270 4280
f 4272 4280 4282
f 4273 4283 4281
f 4273 4281 4271
f 4274 4272 4282
f 4274 4282 4284
f 1473 1477 4283
f 1473 4283 4273
f 1475 4274 4284
f 1475 4284 1479
f 4275 4285 1538
f 4275 1538 1534
f 4276 1536 1540
f 4276 1540 4286
f 4277 4287 4285
f 4277 4285 4275
f 4278 4276 4286
f 4278 4286 4288
f 4279 4289 4287
f 4279 4287 4277
f 4280 4278 4288
f 4280 4288 4290
f 4281 4291 4289
f 4281 4289 4279
f 4282 4280 4290
f 4282 4290 4292
f 4283 4293 4291
f 4283 4291 4281
f 4284 4282 4292
f 4284 4292 4294
f 1477 1481 4293
f 1477 4293 4283
f 1479 4284 4294
f 1479 4294 1483
f 4285 4295 1542
f 4285 1542 1538
f 4286 1540 1544
f 4286 1544 4296
f 4287 4297 4295
f 4287 4295 4285
f 4288 4286 4296
f 4288 4296 4298
f 4289 4299 4297
f 4289 4297 4287
f 4290 4288 4298
f 4290 4298 4300
f 4291 4301 4299
f 4291 4299 4289
f 4292 4290 4300
f 4292 4300 4302
f 4293 4303 4301
f 4293 4301 4291
f 4294 4292 4302
f 4294 4302 4304
f 1481 1485 4303
f 1481 4303 4293
f 1483 4294 4304
f 1483 4304 1487
f 4295 4305 1546
f 4295 1546 1542
f 4296 1544 1548
f 4296 1548 4306
f 4297 4307 4305
f 4297 4305 4295
f 4298 4296 4306
f 4298 4306 4308
f 4299 4309 4307
f 4299 4307 4297
f 4300 4298 4308
f 4300 4308 4310
f 4301 4311 4309
f 4301 4309 4299
f 4302 4300 4310
f 4302 4310 4312
f 4303 4313 4311
f 4303 4311 4301
f 4304 4302 4312
f 4304 4312 4314
f 1485 1489 4313
f 1485 4313 4303
f 1487 4304 4314
f 1487 4314 1491
f 4305 4315 1550
f 4305 1550 1546
f 4306 1548 1552
f 4306 1552 4316
f 4307 4317 4315
f 4307 4315 4305
f 4308 4306 4316
f 4308 4316 4318
f 4309 4319 4317
f 4309 4317 4307
f 4310 4308 4318
f 4310 4318 4320
f 4311 4321 4319
f 4311 4319 4309
f 4312 4310 4320
f 4312 4320 4322
f 4313 4323 4321
f 4313 4321 4311
f 4314 4312 4322
f 4314 4322 4324
f 1489 1493 4323
f 1489 4323 4313
f 1491 4314 4324
f 1491 4324 1495
f 4315 4325 1554
f 4315 1554 1550
f 4316 1552 1556
f 4316 1556 4326
f 4317 4327 4325
f 4317 4325 4315
f 4318 4316 4326
f 4318 4326 4328
f 4319 4329 4327
f 4319 4327 4317
f 4320 4318 4328
f 4320 4328 4330
f 4321 4331 4329
f 4321 4329 4319
f 4322 4320 4330
f 4322 4330 4332
f 4323 4333 4331
f 4323 4331 4321
f 4324 4322 4332
f 4324 4332 4334
f 1493 1497 4333
f 1493 4333 4323
f 1495 4324 4334
f 1495 4334 1499
f 4325 4335 1558
f 4325 1558 1554
f 4326 1556 1560
f 4326 1560 4336
f 4327 4337 4335
f 4327 4335 4325
f 4328 4326 4336
f 4328 4336 4338
f 4329 4339 4337
f 4329 4337 4327
f 4330 4328 4338
f 4330 4338 4340
f 4331 4341 4339
f 4331 4339 4329
f 4332 4330 4340
f 4332 4340 4342
f 4333 4343 4341
f 4333 4341 4331
f 4334 4332 4342
f 4334 4342 4344
f 1497 1501 4343
f 1497 4343 4333
f 1499 4334 4344
f 1499 4344 1503
f 4335 4345 1562
f 4335 1562 1558
f 4336 1560 1564
f 4336 1564 4346
f 4337 4347 4345
f 4337 4345 4335
f 4338 4336 4346
f 4338 4346 4348
f 4339 4349 4347
f 4339 4347 4337
f 4340 4338 4348
f 4340 4348 4350
f 4341 4351 4349
f 4341 4349 4339
f 4342 4340 4350
f 4342 4350 4352
f 4343 4353 4351
f 4343 4351 4341
f 4344 4342 4352
f 4344 4352 4354
f 1501 1505 4353
f 1501 4353 4343
f 1503 4344 4354
f 1503 4354 1507
f 4345 4355 1566
f 4345 1566 1562
f 4346 1564 1568
f 4346 1568 4356
f 4347 4357 4355
f 4347 4355 4345
f 4348 4346 4356
f 4348 4356 4358
f 4349 4359 4357
f 4349 4357 4347
f 4350 4348 4358
f 4350 4358 4360
f 4351 4361 4359
f 4351 4359 4349
f 4352 4350 4360
f 4352 4360 4362
f 4353 4363 4361
f 4353 4361 4351
f 4354 4352 4362
f 4354 4362 4364
f 1505 1509 4363
f 1505 4363 4353
f 1507 4354 4364
f 1507 4364 1511
f 4355 4365 1570
f 4355 1570 1566
f 4356 1568 1572
f 4356 1572 4366
f 4357 4367 4365
f 4357 4365 4355
f 4358 4356 4366
f 4358 4366 4368
f 4359 4369 4367
f 4359 4367 4357
f 4360 4358 4368
f 4360 4368 4370
f 4361 4371 4369
f 4361 4369 4359
f 4362 4360 4370
f 4362 4370 4372
f 4363 4373 4371
f 4363 4371 4361
f 4364 4362 4372
f 4364 4372 4374
f 1509 1513 4373
f 1509 4373 4363
f 1511 4364 4374
f 1511 4374 1515
f 4365 4375 1574
f 4365 1574 1570
f 4366 1572 1576
f 4366 1576 4376
f 4367 4377 4375
f 4367 4375 4365
f 4368 4366 4376
f 4368 4376 4378
f 4369 4379 4377
f 4369 4377 4367
f 4370 4368 4378
f 4370 4378 4380
f 4371 4381 4379
f 4371 4379 4369
f 4372 4370 4380
f 4372 4380 4382
f 4373 4383 4381
f 4373 4381 4371
f 4374 4372 4382
f 4374 4382 4384
f 1513 1517 4383
f 1513 4383 4373
f 1515 4374 4384
f 1515 4384 1519
f 4375 4385 1578
f 4375 1578 1574
f 4376 1576 1580
f 4376 1580 4386
f 4377 4387 4385
f 4377 4385 4375
f 4378 4376 4386
f 4378 4386 4388
f 4379 4389 4387
f 4379 4387 4377
f 4380 4378 4388
f 4380 4388 4390
f 4381 4391 4389
f 4381 4389 4379
f 4382 4380 4390
f 4382 4390 4392
f 4383 4393 4391
f 4383 4391 4381
f 4384 4382 4392
f 4384 4392 4394
f 1517 1521 4393
f 1517 4393 4383
f 1519 4384 4394
f 1519 4394 1523
f 4385 4395 1387
f 4385 1387 1578
f 4386 1580 1391
f 4386 1391 4396
f 4387 4397 4395
f 4387 4395 4385
f 4388 4386 4396
f 4388 4396 4398
f 4389 4399 4397
f 4389 4397 4387
f 4390 4388 4398
f 4390 4398 4400
f 4391 4401 4399
f 4391 4399 4389
f 4392 4390 4400
f 4392 4400 4402
f 4393 4403 4401
f 4393 4401 4391
f 4394 4392 4402
f 4394 4402 4404
f 1521 1394 4403
f 1521 4403 4393
f 1523 4394 4404
f 1523 4404 1400
f 4395 4405 1388
f 4395 1388 1387
f 4396 1391 1390
f 4396 1390 4406
f 4397 4407 4405
f 4397 4405 4395
f 4398 4396 4406
f 4398 4406 4408
f 4399 4409 4407
f 4399 4407 4397
f 4400 4398 4408
f 4400 4408 4410
f 4401 4411 4409
f 4401 4409 4399
f 4402 4400 4410
f 4402 4410 4412
f 4403 4413 4411
f 4403 4411 4401
f 4404 4402 4412
f 4404 4412 4414
f 1394 1393 4413
f 1394 4413 4403
f 1400 4404 4414
f 1400 4414 1397
f 4405 4415 1582
f 4405 1582 1388
f 4406 1390 1584
f 4406 1584 4416
f 4407 4417 4415
f 4407 4415 4405
f 4408 4406 4416
f 4408 4416 4418
f 4409 4419 4417
f 4409 4417 4407
f 4410 4408 4418
f 4410 4418 4420
f 4411 4421 4419
f 4411 4419 4409
f 4412 4410 4420
f 4412 4420 4422
f 4413 4423 4421
f 4413 4421 4411
f 4414 4412 4422
f 4414 4422 4424
f 1393 1402 4423
f 1393 4423 4413
f 1397 4414 4424
f 1397 4424 1408
f 4415 4425 1586
f 4415 1586 1582
f 4416 1584 1588
f 4416 1588 4426
f 4417 4427 4425
f 4417 4425 4415
f 4418 4416 4426
f 4418 4426 4428
f 4419 4429 4427
f 4419 4427 4417
f 4420 4418 4428
f 4420 4428 4430
f 4421 4431 4429
f 4421 4429 4419
f 4422 4420 4430
f 4422 4430 4432
f 4423 4433 4431
f 4423 4431 4421
f 4424 4422 4432
f 4424 4432 4434
f 1402 1401 4433
f 1402 4433 4423
f 1408 4424 4434
f 1408 4434 1405
f 4425 4435 1590
f 4425 1590 1586
f 4426 1588 1592
f 4426 1592 4436
f 4427 4437 4435
f 4427 4435 4425
f 4428 4426 4436
f 4428 4436 4438
f 4429 4439 4437
f 4429 4437 4427
f 4430 4428 4438
f 4430 4438 4440
f 4431 4441 4439
f 4431 4439 4429
f 4432 4430 4440
f 4432 4440 4442
f 4433 4443 4441
f 4433 4441 4431
f 4434 4432 4442
f 4434 4442 4444
f 1401 1409 4443
f 1401 4443 4433
f 1405 4434 4444
f 1405 4444 1411
f 4435 4445 1594
f 4435 1594 1590
f 4436 1592 1596
f 4436 1596 4446
f 4437 4447 4445
f 4437 4445 4435
f 4438 4436 4446
f 4438 4446 4448
f 4439 4449 4447
f 4439 4447 4437
f 4440 4438 4448
f 4440 4448 4450
f 4441 4451 4449
f 4441 4449 4439
f 4442 4440 4450
f 4442 4450 4452
f 4443 4453 4451
f 4443 4451 4441
f 4444 4442 4452
f 4444 4452 4454
f 1409 1413 4453
f 1409 4453 4443
f 1411 4444 4454
f 1411 4454 1415
f 4445 4455 1598
f 4445 1598 1594
f 4446 1596 1600
f 4446 1600 4456
f 4447 4457 4455
f 4447 4455 4445
f 4448 4446 4456
f 4448 4456 4458
f 4449 4459 4457
f 4449 4457 4447
f 4450 4448 4458
f 4450 4458 4460
f 4451 4461 4459
f 4451 4459 4449
f 4452 4450 4460
f 4452 4460 4462
f 4453 4463 4461
f 4453 4461 4451
f 4454 4452 4462
f 4454 4462 4464
f 1413 1417 4463
f 1413 4463 4453
f 1415 4454 4464
f 1415 4464 1419
f 4455 4465 1602
f 4455 1602 1598
f 4456 1600 1604
f 4456 1604 4466
f 4457 4467 4465
f 4457 4465 4455
f 4458 4456 4466
f 4458 4466 4468
f 4459 4469 4467
f 4459 4467 4457
f 4460 4458 4468
f 4460 4468 4470
f 4461 4471 4469
f 4461 4469 4459
f 4462 4460 4470
f 4462 4470 4472
f 4463 4473 4471
f 4463 4471 4461
f 4464 4462 4472
f 4464 4472 4474
f 1417 1421 4473
f 1417 4473 4463
f 1419 4464 4474
f 1419 4474 1423
f 4465 4475 1606
f 4465 1606 1602
f 4466 1604 1608
f 4466 1608 4476
f 4467 4477 4475
f 4467 4475 4465
f 4468 4466 4476
f 4468 4476 4478
f 4469 4479 4477
f 4469 4477 4467
f 4470 4468 4478
f 4470 4478 4480
f 4471 4481 4479
f 4471 4479 4469
f 4472 4470 4480
f 4472 4480 4482
f 4473 4483 4481
f 4473 4481 4471
f 4474 4472 4482
f 4474 4482 4484
f 1421 1425 4483
f 1421 4483 4473
f 1423 4474 4484
f 1423 4484 1427
f 4475 4485 1610
f 4475 1610 1606
f 4476 1608 1612
f 4476 1612 4486
f 4477 4487 4485
f 4477 4485 4475
f 4478 4476 4486
f 4478 4486 4488
f 4479 4489 4487
f 4479 4487 4477
f 4480 4478 4488
f 4480 4488 4490
f 4481 4491 4489
f 4481 4489 4479
f 4482 4480 4490
f 4482 4490 4492
f 4483 4493 4491
f 4483 4491 4481
f 4484 4482 4492
f 4484 4492 4494
f 1425 1429 4493
f 1425 4493 4483
f 1427 4484 4494
f 1427 4494 1431
f 4485 4495 1614
f 4485 1614 1610
f 4486 1612 1616
f 4486 1616 4496
f 4487 4497 4495
f 4487 4495 4485
f 4488 4486 4496
f 4488 4496 4498
f 4489 4499 4497
f 4489 4497 4487
f 4490 4488 4498
f 4490 4498 4500
f 4491 4501 4499
f 4491 4499 4489
f 4492 4490 4500
f 4492 4500 4502
f 4493 4503 4501
f 4493 4501 4491
f 4494 4492 4502
f 4494 4502 4504
f 1429 1433 4503
f 1429 4503 4493
f 1431 4494 4504
f 1431 4504 1435
f 4495 4505 1618
f 4495 1618 1614
f 4496 1616 1620
f 4496 1620 4506
f 4497 4507 4505
f 4497 4505 4495
f 4498 4496 4506
f 4498 4506 4508
f 4499 4509 4507
f 4499 4507 4497
f 4500 4498 4508
f 4500 4508 4510
f 4501 4511 4509
f 4501 4509 4499
f 4502 4500 4510
f 4502 4510 4512
f 4503 4513 4511
f 4503 4511 4501
f 4504 4502 4512
f 4504 4512 4514
f 1433 1437 4513
f 1433 4513 4503
f 1435 4504 4514
f 1435 4514 1439
f 4505 4515 1622
f 4505 1622 1618
f 4506 1620 1624
f 4506 1624 4516
f 4507 4517 4515
f 4507 4515 4505
f 4508 4506 4516
f 4508 4516 4518
f 4509 4519 4517
f 4509 4517 4507
f 4510 4508 4518
f 4510 4518 4520
f 4511 4521 4519
f 4511 4519 4509
f 4512 4510 4520
f 4512 4520 4522
f 4513 4523 4521
f 4513 4521 4511
f 4514 4512 4522
f 4514 4522 4524
f 1437 1441 4523
f 1437 4523 4513
f 1439 4514 4524
f 1439 4524 1443
f 4515 4525 1626
f 4515 1626 1622
f 4516 1624 1628
f 4516 1628 4526
f 4517 4527 4525
f 4517 4525 4515
f 4518 4516 4526
f 4518 4526 4528
f 4519 4529 4527
f 4519 4527 4517
f 4520 4518 4528
f 4520 4528 4530
f 4521 4531 4529
f 4521 4529 4519
f 4522 4520 4530
f 4522 4530 4532
f 4523 4533 4531
f 4523 4531 4521
f 4524 4522 4532
f 4524 4532 4534
f 1441 1445 4533
f 1441 4533 4523
f 1443 4524 4534
f 1443 4534 1447
f 4525 4535 1630
f 4525 1630 1626
f 4526 1628 1632
f 4526 1632 4536
f 4527 4537 4535
f 4527 4535 4525
f 4528 4526 4536
f 4528 4536 4538
f 4529 4539 4537
f 4529 4537 4527
f 4530 4528 4538
f 4530 4538 4540
f 4531 4541 4539
f 4531 4539 4529
f 4532 4530 4540
f 4532 4540 4542
f 4533 4543 4541
f 4533 4541 4531
f 4534 4532 4542
f 4534 4542 4544
f 1445 1449 4543
f 1445 4543 4533
f 1447 4534 4544
f 1447 4544 1451
f 4535 4545 1634
f 4535 1634 1630
f 4536 1632 1636
f 4536 1636 4546
f 4537 4547 4545
f 4537 4545 4535
f 4538 4536 4546
f 4538 4546 4548
f 4539 4549 4547
f 4539 4547 4537
f 4540 4538 4548
f 4540 4548 4550
f 4541 4551 4549
f 4541 4549 4539
f 4542 4540 4550
f 4542 4550 4552
f 4543 4553 4551
f 4543 4551 4541
f 4544 4542 4552
f 4544 4552 4554
f 1449 1453 4553
f 1449 4553 4543
f 1451 4544 4554
f 1451 4554 1455
f 4545 4555 1638
f 4545 1638 1634
f 4546 1636 1639
f 4546 1639 4556
f 4547 4557 4555
f 4547 4555 4545
f 4548 4546 4556
f 4548 4556 4558
f 4549 4559 4557
f 4549 4557 4547
f 4550 4548 4558
f 4550 4558 4560
f 4551 4561 4559
f 4551 4559 4549
f 4552 4550 4560
f 4552 4560 4562
f 4553 4563 4561
f 4553 4561 4551
f 4554 4552 4562
f 4554 4562 4564
f 1453 1469 4563
f 1453 4563 4553
f 1455 4554 4564
f 1455 4564 1471
f 4565 4235 1922
f 4565 1922 1926
f 4566 1932 1923
f 4566 1923 4237
f 4567 4239 4235
f 4567 4235 4565
f 4568 4566 4237
f 4568 4237 4241
f 4569 4243 4239
f 4569 4239 4567
f 4570 4568 4241
f 4570 4241 4245
f 4571 4247 4243
f 4571 4243 4569
f 4572 4570 4245
f 4572 4245 4249
f 4573 4251 4247
f 4573 4247 4571
f 4574 4572 4249
f 4574 4249 4253
f 1187 1186 4251
f 1187 4251 4573
f 1191 4574 4253
f 1191 4253 1192
f 4555 4575 926
f 4555 926 1638
f 4556 1639 932
f 4556 932 4576
f 4557 4577 4575
f 4557 4575 4555
f 4558 4556 4576
f 4558 4576 4578
f 4559 4579 4577
f 4559 4577 4557
f 4560 4558 4578
f 4560 4578 4580
f 4561 4581 4579
f 4561 4579 4559
f 4562 4560 4580
f 4562 4580 4582
f 4563 4583 4581
f 4563 4581 4561
f 4564 4562 4582
f 4564 4582 4584
f 1469 1917 4583
f 1469 4583 4563
f 1471 4564 4584
f 1471 4584 1919
f 4585 4586 1373
f 4585 1373 1376
f 4587 1378 1377
f 4587 1377 4588
f 4589 4590 4586
f 4589 4586 4585
f 4591 4587 4588
f 4591 4588 4592
f 4593 4594 4590
f 4593 4590 4589
f 4595 4591 4592
f 4595 4592 4596
f 4597 4598 4594
f 4597 4594 4593
f 4599 4595 4596
f 4599 4596 4600
f 4601 4602 4598
f 4601 4598 4597
f 4603 4599 4600
f 4603 4600 4604
f 1925 1889 4602
f 1925 4602 4601
f 1929 4603 4604
f 1929 4604 1892
f 4586 4605 1717
f 4586 1717 1373
f 4588 1377 1719
f 4588 1719 4606
f 4590 4607 4605
f 4590 4605 4586
f 4592 4588 4606
f 4592 4606 4608
f 4594 4609 4607
f 4594 4607 4590
f 4596 4592 4608
f 4596 4608 4610
f 4598 4611 4609
f 4598 4609 4594
f 4600 4596 4610
f 4600 4610 4612
f 4602 4613 4611
f 4602 4611 4598
f 4604 4600 4612
f 4604 4612 4614
f 1889 1783 4613
f 1889 4613 4602
f 1892 4604 4614
f 1892 4614 1787
f 4605 4615 1725
f 4605 1725 1717
f 4606 1719 1727
f 4606 1727 4616
f 4607 4617 4615
f 4607 4615 4605
f 4608 4606 4616
f 4608 4616 4618
f 4609 4619 4617
f 4609 4617 4607
f 4610 4608 4618
f 4610 4618 4620
f 4611 4621 4619
f 4611 4619 4609
f 4612 4610 4620
f 4612 4620 4622
f 4613 4623 4621
f 4613 4621 4611
f 4614 4612 4622
f 4614 4622 4624
f 1783 1782 4623
f 1783 4623 4613
f 1787 4614 4624
f 1787 4624 1788
f 4615 4625 1729
f 4615 1729 1725
f 4616 1727 1731
f 4616 1731 4626
f 4617 4627 4625
f 4617 4625 4615
f 4618 4616 4626
f 4618 4626 4628
f 4619 4629 4627
f 4619 4627 4617
f 4620 4618 4628
f 4620 4628 4630
f 4621 4631 4629
f 4621 4629 4619
f 4622 4620 4630
f 4622 4630 4632
f 4623 4633 4631
f 4623 4631 4621
f 4624 4622 4632
f 4624 4632 4634
f 1782 1790 4633
f 1782 4633 4623
f 1788 4624 4634
f 1788 4634 1792
f 4625 4635 1733
f 4625 1733 1729
f 4626 1731 1735
f 4626 1735 4636
f 4627 4637 4635
f 4627 4635 4625
f 4628 4626 4636
f 4628 4636 4638
f 4629 4639 4637
f 4629 4637 4627
f 4630 4628 4638
f 4630 4638 4640
f 4631 4641 4639
f 4631 4639 4629
f 4632 4630 4640
f 4632 4640 4642
f 4633 4643 4641
f 4633 4641 4631
f 4634 4632 4642
f 4634 4642 4644
f 1790 1794 4643
f 1790 4643 4633
f 1792 4634 4644
f 1792 4644 1796
f 4635 4645 1737
f 4635 1737 1733
f 4636 1735 1739
f 4636 1739 4646
f 4637 4647 4645
f 4637 4645 4635
f 4638 4636 4646
f 4638 4646 4648
f 4639 4649 4647
f 4639 4647 4637
f 4640 4638 4648
f 4640 4648 4650
f 4641 4651 4649
f 4641 4649 4639
f 4642 4640 4650
f 4642 4650 4652
f 4643 4653 4651
f 4643 4651 4641
f 4644 4642 4652
f 4644 4652 4654
f 1794 1798 4653
f 1794 4653 4643
f 1796 4644 4654
f 1796 4654 1800
f 4645 4655 1741
f 4645 1741 1737
f 4646 1739 1743
f 4646 1743 4656
f 4647 4657 4655
f 4647 4655 4645
f 4648 4646 4656
f 4648 4656 4658
f 4649 4659 4657
f 4649 4657 4647
f 4650 4648 4658
f 4650 4658 4660
f 4651 4661 4659
f 4651 4659 4649
f 4652 4650 4660
f 4652 4660 4662
f 4653 4663 4661
f 4653 4661 4651
f 4654 4652 4662
f 4654 4662 4664
f 1798 1802 4663
f 1798 4663 4653
f 1800 4654 4664
f 1800 4664 1804
f 4655 4665 1745
f 4655 1745 1741
f 4656 1743 1747
f 4656 1747 4666
f 4657 4667 4665
f 4657 4665 4655
f 4658 4656 4666
f 4658 4666 4668
f 4659 4669 4667
f 4659 4667 4657
f 4660 4658 4668
f 4660 4668 4670
f 4661 4671 4669
f 4661 4669 4659
f 4662 4660 4670
f 4662 4670 4672
f 4663 4673 4671
f 4663 4671 4661
f 4664 4662 4672
f 4664 4672 4674
f 1802 1806 4673
f 1802 4673 4663
f 1804 4664 4674
f 1804 4674 1808
f 4665 4675 1749
f 4665 1749 1745
f 4666 1747 1751
f 4666 1751 4676
f 4667 4677 4675
f 4667 4675 4665
f 4668 4666 4676
f 4668 4676 4678
f 4669 4679 4677
f 4669 4677 4667
f 4670 4668 4678
f 4670 4678 4680
f 4671 4681 4679
f 4671 4679 4669
f 4672 4670 4680
f 4672 4680 4682
f 4673 4683 4681
f 4673 4681 4671
f 4674 4672 4682
f 4674 4682 4684
f 1806 1810 4683
f 1806 4683 4673
f 1808 4674 4684
f 1808 4684 1812
f 4675 4685 1753
f 4675 1753 1749
f 4676 1751 1755
f 4676 1755 4686
f 4677 4687 4685
f 4677 4685 4675
f 4678 4676 4686
f 4678 4686 4688
f 4679 4689 4687
f 4679 4687 4677
f 4680 4678 4688
f 4680 4688 4690
f 4681 4691 4689
f 4681 4689 4679
f 4682 4680 4690
f 4682 4690 4692
f 4683 4693 4691
f 4683 4691 4681
f 4684 4682 4692
f 4684 4692 4694
f 1810 1814 4693
f 1810 4693 4683
f 1812 4684 4694
f 1812 4694 1816
f 4685 4695 1757
f 4685 1757 1753
f 4686 1755 1759
f 4686 1759 4696
f 4687 4697 4695
f 4687 4695 4685
f 4688 4686 4696
f 4688 4696 4698
f 4689 4699 4697
f 4689 4697 4687
f 4690 4688 4698
f 4690 4698 4700
f 4691 4701 4699
f 4691 4699 4689
f 4692 4690 4700
f 4692 4700 4702
f 4693 4703 4701
f 4693 4701 4691
f 4694 4692 4702
f 4694 4702 4704
f 1814 1818 4703
f 1814 4703 4693
f 1816 4694 4704
f 1816 4704 1820
f 4695 4705 1761
f 4695 1761 1757
f 4696 1759 1763
f 4696 1763 4706
f 4697 4707 4705
f 4697 4705 4695
f 4698 4696 4706
f 4698 4706 4708
f 4699 4709 4707
f 4699 4707 4697
f 4700 4698 4708
f 4700 4708 4710
f 4701 4711 4709
f 4701 4709 4699
f 4702 4700 4710
f 4702 4710 4712
f 4703 4713 4711
f 4703 4711 4701
f 4704 4702 4712
f 4704 4712 4714
f 1818 1822 4713
f 1818 4713 4703
f 1820 4704 4714
f 1820 4714 1824
f 4705 4715 1765
f 4705 1765 1761
f 4706 1763 1767
f 4706 1767 4716
f 4707 4717 4715
f 4707 4715 4705
f 4708 4706 4716
f 4708 4716 4718
f 4709 4719 4717
f 4709 4717 4707
f 4710 4708 4718
f 4710 4718 4720
f 4711 4721 4719
f 4711 4719 4709
f 4712 4710 4720
f 4712 4720 4722
f 4713 4723 4721
f 4713 4721 4711
f 4714 4712 4722
f 4714 4722 4724
f 1822 1826 4723
f 1822 4723 4713
f 1824 4714 4724
f 1824 4724 1828
f 4715 4725 1769
f 4715 1769 1765
f 4716 1767 1771
f 4716 1771 4726
f 4717 4727 4725
f 4717 4725 4715
f 4718 4716 4726
f 4718 4726 4728
f 4719 4729 4727
f 4719 4727 4717
f 4720 4718 4728
f 4720 4728 4730
f 4721 4731 4729
f 4721 4729 4719
f 4722 4720 4730
f 4722 4730 4732
f 4723 4733 4731
f 4723 4731 4721
f 4724 4722 4732
f 4724 4732 4734
f 1826 1830 4733
f 1826 4733 4723
f 1828 4724 4734
f 1828 4734 1832
f 4725 4735 1773
f 4725 1773 1769
f 4726 1771 1775
f 4726 1775 4736
f 4727 4737 4735
f 4727 4735 4725
f 4728 4726 4736
f 4728 4736 4738
f 4729 4739 4737
f 4729 4737 4727
f 4730 4728 4738
f 4730 4738 4740
f 4731 4741 4739
f 4731 4739 4729
f 4732 4730 4740
f 4732 4740 4742
f 4733 4743 4741
f 4733 4741 4731
f 4734 4732 4742
f 4734 4742 4744
f 1830 1834 4743
f 1830 4743 4733
f 1832 4734 4744
f 1832 4744 1836
f 4735 4745 1656
f 4735 1656 1773
f 4736 1775 1658
f 4736 1658 4746
f 4737 4747 4745
f 4737 4745 4735
f 4738 4736 4746
f 4738 4746 4748
f 4739 4749 4747
f 4739 4747 4737
f 4740 4738 4748
f 4740 4748 4750
f 4741 4751 4749
f 4741 4749 4739
f 4742 4740 4750
f 4742 4750 4752
f 4743 4753 4751
f 4743 4751 4741
f 4744 4742 4752
f 4744 4752 4754
f 1834 1647 4753
f 1834 4753 4743
f 1836 4744 4754
f 1836 4754 1651
f 4745 4755 1653
f 4745 1653 1656
f 4746 1658 1657
f 4746 1657 4756
f 4747 4757 4755
f 4747 4755 4745
f 4748 4746 4756
f 4748 4756 4758
f 4749 4759 4757
f 4749 4757 4747
f 4750 4748 4758
f 4750 4758 4760
f 4751 4761 4759
f 4751 4759 4749
f 4752 4750 4760
f 4752 4760 4762
f 4753 4763 4761
f 4753 4761 4751
f 4754 4752 4762
f 4754 4762 4764
f 1647 1646 4763
f 1647 4763 4753
f 1651 4754 4764
f 1651 4764 1652
f 4755 4765 1664
f 4755 1664 1653
f 4756 1657 1666
f 4756 1666 4766
f 4757 4767 4765
f 4757 4765 4755
f 4758 4756 4766
f 4758 4766 4768
f 4759 4769 4767
f 4759 4767 4757
f 4760 4758 4768
f 4760 4768 4770
f 4761 4771 4769
f 4761 4769 4759
f 4762 4760 4770
f 4762 4770 4772
f 4763 4773 4771
f 4763 4771 4761
f 4764 4762 4772
f 4764 4772 4774
f 1646 1838 4773
f 1646 4773 4763
f 1652 4764 4774
f 1652 4774 1840
f 4765 4775 1661
f 4765 1661 1664
f 4766 1666 1665
f 4766 1665 4776
f 4767 4777 4775
f 4767 4775 4765
f 4768 4766 4776
f 4768 4776 4778
f 4769 4779 4777
f 4769 4777 4767
f 4770 4768 4778
f 4770 4778 4780
f 4771 4781 4779
f 4771 4779 4769
f 4772 4770 4780
f 4772 4780 4782
f 4773 4783 4781
f 4773 4781 4771
f 4774 4772 4782
f 4774 4782 4784
f 1838 1842 4783
f 1838 4783 4773
f 1840 4774 4784
f 1840 4784 1844
f 4775 4785 1669
f 4775 1669 1661
f 4776 1665 1671
f 4776 1671 4786
f 4777 4787 4785
f 4777 4785 4775
f 4778 4776 4786
f 4778 4786 4788
f 4779 4789 4787
f 4779 4787 4777
f 4780 4778 4788
f 4780 4788 4790
f 4781 4791 4789
f 4781 4789 4779
f 4782 4780 4790
f 4782 4790 4792
f 4783 4793 4791
f 4783 4791 4781
f 4784 4782 4792
f 4784 4792 4794
f 1842 1846 4793
f 1842 4793 4783
f 1844 4784 4794
f 1844 4794 1848
f 4785 4795 1673
f 4785 1673 1669
f 4786 1671 1675
f 4786 1675 4796
f 4787 4797 4795
f 4787 4795 4785
f 4788 4786 4796
f 4788 4796 4798
f 4789 4799 4797
f 4789 4797 4787
f 4790 4788 4798
f 4790 4798 4800
f 4791 4801 4799
f 4791 4799 4789
f 4792 4790 4800
f 4792 4800 4802
f 4793 4803 4801
f 4793 4801 4791
f 4794 4792 4802
f 4794 4802 4804
f 1846 1850 4803
f 1846 4803 4793
f 1848 4794 4804
f 1848 4804 1852
f 4795 4805 1677
f 4795 1677 1673
f 4796 1675 1679
f 4796 1679 4806
f 4797 4807 4805
f 4797 4805 4795
f 4798 4796 4806
f 4798 4806 4808
f 4799 4809 4807
f 4799 4807 4797
f 4800 4798 4808
f 4800 4808 4810
f 4801 4811 4809
f 4801 4809 4799
f 4802 4800 4810
f 4802 4810 4812
f 4803 4813 4811
f 4803 4811 4801
f 4804 4802 4812
f 4804 4812 4814
f 1850 1854 4813
f 1850 4813 4803
f 1852 4804 4814
f 1852 4814 1856
f 4805 4815 1681
f 4805 1681 1677
f 4806 1679 1683
f 4806 1683 4816
f 4807 4817 4815
f 4807 4815 4805
f 4808 4806 4816
f 4808 4816 4818
f 4809 4819 4817
f 4809 4817 4807
f 4810 4808 4818
f 4810 4818 4820
f 4811 4821 4819
f 4811 4819 4809
f 4812 4810 4820
f 4812 4820 4822
f 4813 4823 4821
f 4813 4821 4811
f 4814 4812 4822
f 4814 4822 4824
f 1854 1858 4823
f 1854 4823 4813
f 1856 4814 4824
f 1856 4824 1860
f 4815 4825 1685
f 4815 1685 1681
f 4816 1683 1687
f 4816 1687 4826
f 4817 4827 4825
f 4817 4825 4815
f 4818 4816 4826
f 4818 4826 4828
f 4819 4829 4827
f 4819 4827 4817
f 4820 4818 4828
f 4820 4828 4830
f 4821 4831 4829
f 4821 4829 4819
f 4822 4820 4830
f 4822 4830 4832
f 4823 4833 4831
f 4823 4831 4821
f 4824 4822 4832
f 4824 4832 4834
f 1858 1862 4833
f 1858 4833 4823
f 1860 4824 4834
f 1860 4834 1864
f 4825 4835 1689
f 4825 1689 1685
f 4826 1687 1691
f 4826 1691 4836
f 4827 4837 4835
f 4827 4835 4825
f 4828 4826 4836
f 4828 4836 4838
f 4829 4839 4837
f 4829 4837 4827
f 4830 4828 4838
f 4830 4838 4840
f 4831 4841 4839
f 4831 4839 4829
f 4832 4830 4840
f 4832 4840 4842
f 4833 4843 4841
f 4833 4841 4831
f 4834 4832 4842
f 4834 4842 4844
f 1862 1866 4843
f 1862 4843 4833
f 1864 4834 4844
f 1864 4844 1868
f 4835 4845 1693
f 4835 1693 1689
f 4836 1691 1695
f 4836 1695 4846
f 4837 4847 4845
f 4837 4845 4835
f 4838 4836 4846
f 4838 4846 4848
f 4839 4849 4847
f 4839 4847 4837
f 4840 4838 4848
f 4840 4848 4850
f 4841 4851 4849
f 4841 4849 4839
f 4842 4840 4850
f 4842 4850 4852
f 4843 4853 4851
f 4843 4851 4841
f 4844 4842 4852
f 4844 4852 4854
f 1866 1870 4853
f 1866 4853 4843
f 1868 4844 4854
f 1868 4854 1872
f 4845 4855 1697
f 4845 1697 1693
f 4846 1695 1699
f 4846 1699 4856
f 4847 4857 4855
f 4847 4855 4845
f 4848 4846 4856
f 4848 4856 4858
f 4849 4859 4857
f 4849 4857 4847
f 4850 4848 4858
f 4850 4858 4860
f 4851 4861 4859
f 4851 4859 4849
f 4852 4850 4860
f 4852 4860 4862
f 4853 4863 4861
f 4853 4861 4851
f 4854 4852 4862
f 4854 4862 4864
f 1870 1874 4863
f 1870 4863 4853
f 1872 4854 4864
f 1872 4864 1876
f 4855 4865 1701
f 4855 1701 1697
f 4856 1699 1703
f 4856 1703 4866
f 4857 4867 4865
f 4857 4865 4855
f 4858 4856 4866
f 4858 4866 4868
f 4859 4869 4867
f 4859 4867 4857
f 4860 4858 4868
f 4860 4868 4870
f 4861 4871 4869
f 4861 4869 4859
f 4862 4860 4870
f 4862 4870 4872
f 4863 4873 4871
f 4863 4871 4861
f 4864 4862 4872
f 4864 4872 4874
f 1874 1878 4873
f 1874 4873 4863
f 1876 4864 4874
f 1876 4874 1880
f 4865 4875 1705
f 4865 1705 1701
f 4866 1703 1707
f 4866 1707 4876
f 4867 4877 4875
f 4867 4875 4865
f 4868 4866 4876
f 4868 4876 4878
f 4869 4879 4877
f 4869 4877 4867
f 4870 4868 4878
f 4870 4878 4880
f 4871 4881 4879
f 4871 4879 4869
f 4872 4870 4880
f 4872 4880 4882
f 4873 4883 4881
f 4873 4881 4871
f 4874 4872 4882
f 4874 4882 4884
f 1878 1882 4883
f 1878 4883 4873
f 1880 4874 4884
f 1880 4884 1884
f 4875 4885 1709
f 4875 1709 1705
f 4876 1707 1711
f 4876 1711 4886
f 4877 4887 4885
f 4877 4885 4875
f 4878 4876 4886
f 4878 4886 4888
f 4879 4889 4887
f 4879 4887 4877
f 4880 4878 4888
f 4880 4888 4890
f 4881 4891 4889
f 4881 4889 4879
f 4882 4880 4890
f 4882 4890 4892
f 4883 4893 4891
f 4883 4891 4881
f 4884 4882 4892
f 4884 4892 4894
f 1882 1886 4893
f 1882 4893 4883
f 1884 4884 4894
f 1884 4894 1888
f 4885 4895 1713
f 4885 1713 1709
f 4886 1711 1715
f 4886 1715 4896
f 4887 4897 4895
f 4887 4895 4885
f 4888 4886 4896
f 4888 4896 4898
f 4889 4899 4897
f 4889 4897 4887
f 4890 4888 4898
f 4890 4898 4900
f 4891 4901 4899
f 4891 4899 4889
f 4892 4890 4900
f 4892 4900 4902
f 4893 4903 4901
f 4893 4901 4891
f 4894 4892 4902
f 4894 4902 4904
f 1886 1777 4903
f 1886 4903 4893
f 1888 4894 4904
f 1888 4904 1780
f 4895 4905 1721
f 4895 1721 1713
f 4896 1715 1723
f 4896 1723 4906
f 4897 4907 4905
f 4897 4905 4895
f 4898 4896 4906
f 4898 4906 4908
f 4899 4909 4907
f 4899 4907 4897
f 4900 4898 4908
f 4900 4908 4910
f 4901 4911 4909
f 4901 4909 4899
f 4902 4900 4910
f 4902 4910 4912
f 4903 4913 4911
f 4903 4911 4901
f 4904 4902 4912
f 4904 4912 4914
f 1777 1457 4913
f 1777 4913 4903
f 1780 4904 4914
f 1780 4914 1460
f 4905 4915 1893
f 4905 1893 1721
f 4906 1723 1896
f 4906 1896 4916
f 4907 4917 4915
f 4907 4915 4905
f 4908 4906 4916
f 4908 4916 4918
f 4909 4919 4917
f 4909 4917 4907
f 4910 4908 4918
f 4910 4918 4920
f 4911 4921 4919
f 4911 4919 4909
f 4912 4910 4920
f 4912 4920 4922
f 4913 4923 4921
f 4913 4921 4911
f 4914 4912 4922
f 4914 4922 4924
f 1457 1196 4923
f 1457 4923 4913
f 1460 4914 4924
f 1460 4924 1198
f 3885 4583 1917
f 3885 1917 933
f 3886 935 1919
f 3886 1919 4584
f 3887 4581 4583
f 3887 4583 3885
f 3888 3886 4584
f 3888 4584 4582
f 3889 4579 4581
f 3889 4581 3887
f 3890 3888 4582
f 3890 4582 4580
f 3891 4577 4579
f 3891 4579 3889
f 3892 3890 4580
f 3892 4580 4578
f 3893 4575 4577
f 3893 4577 3891
f 3894 3892 4578
f 3894 4578 4576
f 927 926 4575
f 927 4575 3893
f 931 3894 4576
f 931 4576 932
f 3903 3905 1909
f 3903 1909 1912
f 3904 1914 1913
f 3904 1913 3907
f 3901 3909 3905
f 3901 3905 3903
f 3902 3904 3907
f 3902 3907 3911
f 3899 3913 3909
f 3899 3909 3901
f 3900 3902 3911
f 3900 3911 3915
f 3897 3917 3913
f 3897 3913 3899
f 3898 3900 3915
f 3898 3915 3919
f 3895 3921 3917
f 3895 3917 3897
f 3896 3898 3919
f 3896 3919 3923
f 1897 918 3921
f 1897 3921 3895
f 1900 3896 3923
f 1900 3923 924
f 4225 4923 1196
f 4225 1196 1195
f 4226 1199 1198
f 4226 1198 4924
f 4227 4921 4923
f 4227 4923 4225
f 4228 4226 4924
f 4228 4924 4922
f 4229 4919 4921
f 4229 4921 4227
f 4230 4228 4922
f 4230 4922 4920
f 4231 4917 4919
f 4231 4919 4229
f 4232 4230 4920
f 4232 4920 4918
f 4233 4915 4917
f 4233 4917 4231
f 4234 4232 4918
f 4234 4918 4916
f 1201 1893 4915
f 1201 4915 4233
f 1203 4234 4916
f 1203 4916 1896
f 4573 4585 1376
f 4573 1376 1187
f 4574 1191 1378
f 4574 1378 4587
f 4571 4589 4585
f 4571 4585 4573
f 4572 4574 4587
f 4572 4587 4591
f 4569 4593 4589
f 4569 4589 4571
f 4570 4572 4591
f 4570 4591 4595
f 4567 4597 4593
f 4567 4593 4569
f 4568 4570 4595
f 4568 4595 4599
f 4565 4601 4597
f 4565 4597 4567
f 4566 4568 4599
f 4566 4599 4603
f 1926 1925 4601
f 1926 4601 4565
f 1932 4566 4603
f 1932 4603 1929
f 1107 1898 1897
f 1107 1897 1108
f 1111 1110 1900
f 1111 1900 1899
f 4925 4926 556
f 4925 556 555
f 4927 559 562
f 4927 562 4928
f 4929 4930 4931
f 4929 4931 4932
f 4933 4934 4935
f 4933 4935 4936
f 4937 4938 274
f 4937 274 273
f 4939 277 280
f 4939 280 4940
f 832 831 4941
f 832 4941 4942
f 834 4943 4944
f 834 4944 835
f 4945 4946 4947
f 4945 4947 4948
f 4949 4950 4951
f 4949 4951 4952
f 4953 4954 4955
f 4953 4955 4956
f 4957 4958 4959
f 4957 4959 4960
f 4961 4962 4963
f 4961 4963 4964
f 4965 4966 4967
f 4965 4967 4968
f 4969 4970 4962
f 4969 4962 4961
f 4971 4965 4968
f 4971 4968 4972
f 4973 4974 4970
f 4973 4970 4969
f 4975 4971 4972
f 4975 4972 4976
f 4977 4978 4974
f 4977 4974 4973
f 4979 4975 4976
f 4979 4976 4980
f 4981 4982 4978
f 4981 4978 4977
f 4983 4979 4980
f 4983 4980 4984
f 4985 4986 4982
f 4985 4982 4981
f 4987 4983 4984
f 4987 4984 4988
f 4989 4990 4986
f 4989 4986 4985
f 4991 4987 4988
f 4991 4988 4992
f 4993 4994 4990
f 4993 4990 4989
f 4995 4991 4992
f 4995 4992 4996
f 4997 4998 4994
f 4997 4994 4993
f 4999 4995 4996
f 4999 4996 5000
f 5001 5002 4998
f 5001 4998 4997
f 5003 4999 5000
f 5003 5000 5004
f 5005 5006 5002
f 5005 5002 5001
f 5007 5003 5004
f 5007 5004 5008
f 5009 5010 5006
f 5009 5006 5005
f 5011 5007 5008
f 5011 5008 5012
f 5013 5014 5010
f 5013 5010 5009
f 5015 5011 5012
f 5015 5012 5016
f 5017 5018 5014
f 5017 5014 5013
f 5019 5015 5016
f 5019 5016 5020
f 5021 5022 5018
f 5021 5018 5017
f 5023 5019 5020
f 5023 5020 5024
f 5025 5026 5022
f 5025 5022 5021
f 5027 5023 5024
f 5027 5024 5028
f 5029 5030 5026
f 5029 5026 5025
f 5031 5027 5028
f 5031 5028 5032
f 5033 5034 5030
f 5033 5030 5029
f 5035 5031 5032
f 5035 5032 5036
f 5037 5038 5034
f 5037 5034 5033
f 5039 5035 5036
f 5039 5036 5040
f 5041 5042 5038
f 5041 5038 5037
f 5043 5039 5040
f 5043 5040 5044
f 5045 5046 5042
f 5045 5042 5041
f 5047 5043 5044
f 5047 5044 5048
f 5049 5050 5046
f 5049 5046 5045
f 5051 5047 5048
f 5051 5048 5052
f 5053 5054 5050
f 5053 5050 5049
f 5055 5056 5057
f 5055 5057 5058
f 5059 5060 5054
f 5059 5054 5053
f 5061 5055 5058
f 5061 5058 5062
f 5063 5064 5060
f 5063 5060 5059
f 5065 5061 5062
f 5065 5062 5066
f 5067 5068 5064
f 5067 5064 5063
f 5069 5065 5066
f 5069 5066 5070
f 5071 5072 5068
f 5071 5068 5067
f 5073 5069 5070
f 5073 5070 5074
f 5075 5076 5072
f 5075 5072 5071
f 5077 5073 5074
f 5077 5074 5078
f 4956 4955 5076
f 4956 5076 5075
f 4958 5077 5078
f 4958 5078 4959
f 4964 4963 4946
f 4964 4946 4945
f 4966 4949 4952
f 4966 4952 4967
f 5079 5080 690
f 5079 690 689
f 5081 691 692
f 5081 692 5082
f 4926 4925 4954
f 4926 4954 4953
f 4928 4957 4960
f 4928 4960 4927
f 840 839 5083
f 840 5083 5084
f 842 5085 5086
f 842 5086 843
f 5087 5088 5089
f 5087 5089 5090
f 5091 5092 5093
f 5091 5093 5094
f 5095 5096 5088
f 5095 5088 5087
f 5097 5091 5094
f 5097 5094 5098
f 5099 5100 5096
f 5099 5096 5095
f 5101 5097 5098
f 5101 5098 5102
f 5103 5104 5100
f 5103 5100 5099
f 5105 5101 5102
f 5105 5102 5106
f 5107 5108 5104
f 5107 5104 5103
f 5109 5105 5106
f 5109 5106 5110
f 5111 5112 5108
f 5111 5108 5107
f 5113 5109 5110
f 5113 5110 5114
f 5115 5116 5112
f 5115 5112 5111
f 5117 5113 5114
f 5117 5114 5118
f 5119 5120 5116
f 5119 5116 5115
f 5121 5117 5118
f 5121 5118 5122
f 5123 5124 5120
f 5123 5120 5119
f 5125 5121 5122
f 5125 5122 5126
f 5127 5128 5124
f 5127 5124 5123
f 5129 5125 5126
f 5129 5126 5130
f 5131 5132 5128
f 5131 5128 5127
f 5133 5129 5130
f 5133 5130 5134
f 5135 5136 5132
f 5135 5132 5131
f 5137 5133 5134
f 5137 5134 5138
f 5139 5140 5136
f 5139 5136 5135
f 5141 5137 5138
f 5141 5138 5142
f 5143 5144 5140
f 5143 5140 5139
f 5145 5141 5142
f 5145 5142 5146
f 5147 5148 5144
f 5147 5144 5143
f 5149 5145 5146
f 5149 5146 5150
f 5151 5152 5148
f 5151 5148 5147
f 5153 5149 5150
f 5153 5150 5154
f 5155 5156 5152
f 5155 5152 5151
f 5157 5153 5154
f 5157 5154 5158
f 5159 5160 5156
f 5159 5156 5155
f 5161 5157 5158
f 5161 5158 5162
f 5163 5164 5160
f 5163 5160 5159
f 5165 5161 5162
f 5165 5162 5166
f 5167 5168 5164
f 5167 5164 5163
f 5169 5165 5166
f 5169 5166 5170
f 5171 5172 5168
f 5171 5168 5167
f 5173 5169 5170
f 5173 5170 5174
f 5175 5176 5172
f 5175 5172 5171
f 5177 5173 5174
f 5177 5174 5178
f 5179 5180 5176
f 5179 5176 5175
f 5181 5177 5178
f 5181 5178 5182
f 5183 5184 5180
f 5183 5180 5179
f 5185 5181 5182
f 5185 5182 5186
f 5187 5188 5184
f 5187 5184 5183
f 5189 5185 5186
f 5189 5186 5190
f 5191 5192 5188
f 5191 5188 5187
f 5193 5189 5190
f 5193 5190 5194
f 5195 5196 5192
f 5195 5192 5191
f 5197 5193 5194
f 5197 5194 5198
f 5199 5200 5196
f 5199 5196 5195
f 5201 5197 5198
f 5201 5198 5202
f 5084 5083 5200
f 5084 5200 5199
f 5085 5201 5202
f 5085 5202 5086
f 4948 4947 550
f 4948 550 549
f 4950 553 552
f 4950 552 4951
f 5090 5089 5080
f 5090 5080 5079
f 5092 5081 5082
f 5092 5082 5093
f 5203 5204 5205
f 5203 5205 5206
f 5207 5208 5209
f 5207 5209 5210
f 5211 5212 5213
f 5211 5213 5214
f 5215 5216 5217
f 5215 5217 5218
f 5219 5220 5212
f 5219 5212 5211
f 5221 5215 5218
f 5221 5218 5222
f 5223 5224 5220
f 5223 5220 5219
f 5225 5221 5222
f 5225 5222 5226
f 5227 5228 5224
f 5227 5224 5223
f 5229 5225 5226
f 5229 5226 5230
f 5231 5232 5228
f 5231 5228 5227
f 5233 5229 5230
f 5233 5230 5234
f 5235 5236 5232
f 5235 5232 5231
f 5237 5233 5234
f 5237 5234 5238
f 5239 5240 5236
f 5239 5236 5235
f 5241 5237 5238
f 5241 5238 5242
f 5243 5244 5240
f 5243 5240 5239
f 5245 5241 5242
f 5245 5242 5246
f 5247 5248 5244
f 5247 5244 5243
f 5249 5245 5246
f 5249 5246 5250
f 5251 5252 5248
f 5251 5248 5247
f 5253 5249 5250
f 5253 5250 5254
f 5255 5256 5252
f 5255 5252 5251
f 5257 5253 5254
f 5257 5254 5258
f 5259 5260 5256
f 5259 5256 5255
f 5261 5257 5258
f 5261 5258 5262
f 5263 5264 5260
f 5263 5260 5259
f 5265 5261 5262
f 5265 5262 5266
f 5267 5268 5264
f 5267 5264 5263
f 5269 5265 5266
f 5269 5266 5270
f 5271 5272 5268
f 5271 5268 5267
f 5273 5269 5270
f 5273 5270 5274
f 5275 5276 5272
f 5275 5272 5271
f 5277 5273 5274
f 5277 5274 5278
f 5279 5280 5276
f 5279 5276 5275
f 5281 5277 5278
f 5281 5278 5282
f 5283 5284 5280
f 5283 5280 5279
f 5285 5281 5282
f 5285 5282 5286
f 5287 5288 5284
f 5287 5284 5283
f 5289 5285 5286
f 5289 5286 5290
f 5291 5292 5288
f 5291 5288 5287
f 5293 5289 5290
f 5293 5290 5294
f 5295 5296 5292
f 5295 5292 5291
f 5297 5293 5294
f 5297 5294 5298
f 5299 5300 5296
f 5299 5296 5295
f 5301 5297 5298
f 5301 5298 5302
f 5303 5304 5300
f 5303 5300 5299
f 5305 5301 5302
f 5305 5302 5306
f 5307 5308 5304
f 5307 5304 5303
f 5309 5305 5306
f 5309 5306 5310
f 5311 5312 5308
f 5311 5308 5307
f 5313 5309 5310
f 5313 5310 5314
f 5315 5316 5312
f 5315 5312 5311
f 5317 5313 5314
f 5317 5314 5318
f 5319 5320 5316
f 5319 5316 5315
f 5321 5317 5318
f 5321 5318 5322
f 5323 5324 5320
f 5323 5320 5319
f 5325 5321 5322
f 5325 5322 5326
f 4932 4931 5324
f 4932 5324 5323
f 4934 5325 5326
f 4934 5326 4935
f 838 837 694
f 838 694 693
f 844 697 700
f 844 700 841
f 5214 5213 5204
f 5214 5204 5203
f 5216 5207 5210
f 5216 5210 5217
f 4938 4937 4930
f 4938 4930 4929
f 4940 4933 4936
f 4940 4936 4939
f 5327 5328 410
f 5327 410 409
f 5329 413 416
f 5329 416 5330
f 5331 5332 5333
f 5331 5333 5334
f 5335 5336 5337
f 5335 5337 5338
f 5339 5340 5332
f 5339 5332 5331
f 5341 5335 5338
f 5341 5338 5342
f 5343 5344 5340
f 5343 5340 5339
f 5345 5341 5342
f 5345 5342 5346
f 5347 5348 5344
f 5347 5344 5343
f 5349 5345 5346
f 5349 5346 5350
f 5351 5352 5348
f 5351 5348 5347
f 5353 5349 5350
f 5353 5350 5354
f 5355 5356 5352
f 5355 5352 5351
f 5357 5353 5354
f 5357 5354 5358
f 5359 5360 5356
f 5359 5356 5355
f 5361 5357 5358
f 5361 5358 5362
f 5363 5364 5360
f 5363 5360 5359
f 5365 5361 5362
f 5365 5362 5366
f 5367 5368 5364
f 5367 5364 5363
f 5369 5365 5366
f 5369 5366 5370
f 5371 5372 5368
f 5371 5368 5367
f 5373 5369 5370
f 5373 5370 5374
f 5375 5376 5372
f 5375 5372 5371
f 5377 5373 5374
f 5377 5374 5378
f 5379 5380 5376
f 5379 5376 5375
f 5381 5377 5378
f 5381 5378 5382
f 5383 5384 5380
f 5383 5380 5379
f 5385 5381 5382
f 5385 5382 5386
f 5387 5388 5384
f 5387 5384 5383
f 5389 5385 5386
f 5389 5386 5390
f 5391 5392 5388
f 5391 5388 5387
f 5393 5389 5390
f 5393 5390 5394
f 5395 5396 5392
f 5395 5392 5391
f 5397 5393 5394
f 5397 5394 5398
f 5399 5400 5396
f 5399 5396 5395
f 5401 5397 5398
f 5401 5398 5402
f 5403 5404 5400
f 5403 5400 5399
f 5405 5401 5402
f 5405 5402 5406
f 5407 5408 5404
f 5407 5404 5403
f 5409 5405 5406
f 5409 5406 5410
f 5411 5412 5408
f 5411 5408 5407
f 5413 5409 5410
f 5413 5410 5414
f 5415 5416 5412
f 5415 5412 5411
f 5417 5413 5414
f 5417 5414 5418
f 5419 5420 5416
f 5419 5416 5415
f 5421 5417 5418
f 5421 5418 5422
f 5423 5424 5420
f 5423 5420 5419
f 5425 5426 5427
f 5425 5427 5428
f 5429 5430 5424
f 5429 5424 5423
f 5431 5425 5428
f 5431 5428 5432
f 5433 5434 5430
f 5433 5430 5429
f 5435 5431 5432
f 5435 5432 5436
f 5437 5438 5434
f 5437 5434 5433
f 5439 5435 5436
f 5439 5436 5440
f 5441 5442 5438
f 5441 5438 5437
f 5443 5439 5440
f 5443 5440 5444
f 5445 5446 5442
f 5445 5442 5441
f 5447 5443 5444
f 5447 5444 5448
f 4942 4941 5446
f 4942 5446 5445
f 4943 5447 5448
f 4943 5448 4944
f 5206 5205 826
f 5206 826 825
f 5208 828 827
f 5208 827 5209
f 5334 5333 5328
f 5334 5328 5327
f 5336 5329 5330
f 5336 5330 5337
f 5449 4954 4925
f 5449 4925 5450
f 5451 5452 5453
f 5451 5453 5454
f 5455 5449 5450
f 5455 5450 5456
f 5457 5458 5452
f 5457 5452 5451
f 5459 5455 5456
f 5459 5456 5460
f 5461 5462 5458
f 5461 5458 5457
f 5463 5459 5460
f 5463 5460 5464
f 5465 5466 5462
f 5465 5462 5461
f 5467 5463 5464
f 5467 5464 5468
f 5469 5470 5466
f 5469 5466 5465
f 693 5467 5468
f 693 5468 838
f 697 844 5470
f 697 5470 5469
f 5471 826 5205
f 5471 5205 5472
f 5473 5474 5209
f 5473 5209 827
f 5475 5471 5472
f 5475 5472 5476
f 5477 5478 5474
f 5477 5474 5473
f 5479 5475 5476
f 5479 5476 5480
f 5481 5482 5478
f 5481 5478 5477
f 5483 5479 5480
f 5483 5480 5484
f 5485 5486 5482
f 5485 5482 5481
f 5487 5483 5484
f 5487 5484 5488
f 5489 5490 5486
f 5489 5486 5485
f 550 5487 5488
f 550 5488 547
f 552 551 5490
f 552 5490 5489
f 5491 4930 4937
f 5491 4937 5492
f 5493 5494 4939
f 5493 4939 4936
f 5495 5491 5492
f 5495 5492 5496
f 5497 5498 5494
f 5497 5494 5493
f 5499 5495 5496
f 5499 5496 5500
f 5501 5502 5498
f 5501 5498 5497
f 5503 5499 5500
f 5503 5500 5504
f 5505 5506 5502
f 5505 5502 5501
f 5507 5503 5504
f 5507 5504 5508
f 5509 5510 5506
f 5509 5506 5505
f 417 5507 5508
f 417 5508 830
f 5511 5512 5510
f 5511 5510 5509
f 5513 411 410
f 5513 410 5514
f 5515 5516 416
f 5515 416 415
f 5517 5513 5514
f 5517 5514 5518
f 5519 5520 5516
f 5519 5516 5515
f 5521 5517 5518
f 5521 5518 5522
f 5523 5524 5520
f 5523 5520 5519
f 5525 5521 5522
f 5525 5522 5526
f 5527 5528 5524
f 5527 5524 5523
f 5529 5525 5526
f 5529 5526 5530
f 5531 5532 5528
f 5531 5528 5527
f 404 5529 5530
f 404 5530 401
f 406 405 5532
f 406 5532 5531
f 5487 550 4947
f 5487 4947 5533
f 5489 5534 4951
f 5489 4951 552
f 5483 5487 5533
f 5483 5533 5535
f 5485 5536 5534
f 5485 5534 5489
f 5479 5483 5535
f 5479 5535 5537
f 5481 5538 5536
f 5481 5536 5485
f 5475 5479 5537
f 5475 5537 5539
f 5477 5540 5538
f 5477 5538 5481
f 5471 5475 5539
f 5471 5539 5541
f 5473 5542 5540
f 5473 5540 5477
f 826 5471 5541
f 826 5541 822
f 827 823 5542
f 827 5542 5473
f 5533 4947 4946
f 5533 4946 5543
f 5534 5544 4952
f 5534 4952 4951
f 5535 5533 5543
f 5535 5543 5545
f 5536 5546 5544
f 5536 5544 5534
f 5537 5535 5545
f 5537 5545 5547
f 5538 5548 5546
f 5538 5546 5536
f 5539 5537 5547
f 5539 5547 5549
f 5540 5550 5548
f 5540 5548 5538
f 5541 5539 5549
f 5541 5549 5551
f 5542 5552 5550
f 5542 5550 5540
f 822 5541 5551
f 822 5551 818
f 823 819 5552
f 823 5552 5542
f 5543 4946 4963
f 5543 4963 5553
f 5544 5554 4967
f 5544 4967 4952
f 5545 5543 5553
f 5545 5553 5555
f 5546 5556 5554
f 5546 5554 5544
f 5547 5545 5555
f 5547 5555 5557
f 5548 5558 5556
f 5548 5556 5546
f 5549 5547 5557
f 5549 5557 5559
f 5550 5560 5558
f 5550 5558 5548
f 5551 5549 5559
f 5551 5559 5561
f 5552 5562 5560
f 5552 5560 5550
f 818 5551 5561
f 818 5561 814
f 819 815 5562
f 819 5562 5552
f 5553 4963 4962
f 5553 4962 5563
f 5554 5564 4968
f 5554 4968 4967
f 5555 5553 5563
f 5555 5563 5565
f 5556 5566 5564
f 5556 5564 5554
f 5557 5555 5565
f 5557 5565 5567
f 5558 5568 5566
f 5558 5566 5556
f 5559 5557 5567
f 5559 5567 5569
f 5560 5570 5568
f 5560 5568 5558
f 5561 5559 5569
f 5561 5569 5571
f 5562 5572 5570
f 5562 5570 5560
f 814 5561 5571
f 814 5571 810
f 815 811 5572
f 815 5572 5562
f 5563 4962 4970
f 5563 4970 5573
f 5564 5574 4972
f 5564 4972 4968
f 5565 5563 5573
f 5565 5573 5575
f 5566 5576 5574
f 5566 5574 5564
f 5567 5565 5575
f 5567 5575 5577
f 5568 5578 5576
f 5568 5576 5566
f 5569 5567 5577
f 5569 5577 5579
f 5570 5580 5578
f 5570 5578 5568
f 5571 5569 5579
f 5571 5579 5581
f 5572 5582 5580
f 5572 5580 5570
f 810 5571 5581
f 810 5581 806
f 811 807 5582
f 811 5582 5572
f 5573 4970 4974
f 5573 4974 5583
f 5574 5584 4976
f 5574 4976 4972
f 5575 5573 5583
f 5575 5583 5585
f 5576 5586 5584
f 5576 5584 5574
f 5577 5575 5585
f 5577 5585 5587
f 5578 5588 5586
f 5578 5586 5576
f 5579 5577 5587
f 5579 5587 5589
f 5580 5590 5588
f 5580 5588 5578
f 5581 5579 5589
f 5581 5589 5591
f 5582 5592 5590
f 5582 5590 5580
f 806 5581 5591
f 806 5591 802
f 807 803 5592
f 807 5592 5582
f 5583 4974 4978
f 5583 4978 5593
f 5584 5594 4980
f 5584 4980 4976
f 5585 5583 5593
f 5585 5593 5595
f 5586 5596 5594
f 5586 5594 5584
f 5587 5585 5595
f 5587 5595 5597
f 5588 5598 5596
f 5588 5596 5586
f 5589 5587 5597
f 5589 5597 5599
f 5590 5600 5598
f 5590 5598 5588
f 5591 5589 5599
f 5591 5599 5601
f 5592 5602 5600
f 5592 5600 5590
f 802 5591 5601
f 802 5601 798
f 803 799 5602
f 803 5602 5592
f 5593 4978 4982
f 5593 4982 5603
f 5594 5604 4984
f 5594 4984 4980
f 5595 5593 5603
f 5595 5603 5605
f 5596 5606 5604
f 5596 5604 5594
f 5597 5595 5605
f 5597 5605 5607
f 5598 5608 5606
f 5598 5606 5596
f 5599 5597 5607
f 5599 5607 5609
f 5600 5610 5608
f 5600 5608 5598
f 5601 5599 5609
f 5601 5609 5611
f 5602 5612 5610
f 5602 5610 5600
f 798 5601 5611
f 798 5611 794
f 799 795 5612
f 799 5612 5602
f 5603 4982 4986
f 5603 4986 5613
f 5604 5614 4988
f 5604 4988 4984
f 5605 5603 5613
f 5605 5613 5615
f 5606 5616 5614
f 5606 5614 5604
f 5607 5605 5615
f 5607 5615 5617
f 5608 5618 5616
f 5608 5616 5606
f 5609 5607 5617
f 5609 5617 5619
f 5610 5620 5618
f 5610 5618 5608
f 5611 5609 5619
f 5611 5619 5621
f 5612 5622 5620
f 5612 5620 5610
f 794 5611 5621
f 794 5621 790
f 795 791 5622
f 795 5622 5612
f 5613 4986 4990
f 5613 4990 5623
f 5614 5624 4992
f 5614 4992 4988
f 5615 5613 5623
f 5615 5623 5625
f 5616 5626 5624
f 5616 5624 5614
f 5617 5615 5625
f 5617 5625 5627
f 5618 5628 5626
f 5618 5626 5616
f 5619 5617 5627
f 5619 5627 5629
f 5620 5630 5628
f 5620 5628 5618
f 5621 5619 5629
f 5621 5629 5631
f 5622 5632 5630
f 5622 5630 5620
f 790 5621 5631
f 790 5631 786
f 791 787 5632
f 791 5632 5622
f 5623 4990 4994
f 5623 4994 5633
f 5624 5634 4996
f 5624 4996 4992
f 5625 5623 5633
f 5625 5633 5635
f 5626 5636 5634
f 5626 5634 5624
f 5627 5625 5635
f 5627 5635 5637
f 5628 5638 5636
f 5628 5636 5626
f 5629 5627 5637
f 5629 5637 5639
f 5630 5640 5638
f 5630 5638 5628
f 5631 5629 5639
f 5631 5639 5641
f 5632 5642 5640
f 5632 5640 5630
f 786 5631 5641
f 786 5641 782
f 787 783 5642
f 787 5642 5632
f 5633 4994 4998
f 5633 4998 5643
f 5634 5644 5000
f 5634 5000 4996
f 5635 5633 5643
f 5635 5643 5645
f 5636 5646 5644
f 5636 5644 5634
f 5637 5635 5645
f 5637 5645 5647
f 5638 5648 5646
f 5638 5646 5636
f 5639 5637 5647
f 5639 5647 5649
f 5640 5650 5648
f 5640 5648 5638
f 5641 5639 5649
f 5641 5649 5651
f 5642 5652 5650
f 5642 5650 5640
f 782 5641 5651
f 782 5651 778
f 783 779 5652
f 783 5652 5642
f 5643 4998 5002
f 5643 5002 5653
f 5644 5654 5004
f 5644 5004 5000
f 5645 5643 5653
f 5645 5653 5655
f 5646 5656 5654
f 5646 5654 5644
f 5647 5645 5655
f 5647 5655 5657
f 5648 5658 5656
f 5648 5656 5646
f 5649 5647 5657
f 5649 5657 5659
f 5650 5660 5658
f 5650 5658 5648
f 5651 5649 5659
f 5651 5659 5661
f 5652 5662 5660
f 5652 5660 5650
f 778 5651 5661
f 778 5661 774
f 779 775 5662
f 779 5662 5652
f 5653 5002 5006
f 5653 5006 5663
f 5654 5664 5008
f 5654 5008 5004
f 5655 5653 5663
f 5655 5663 5665
f 5656 5666 5664
f 5656 5664 5654
f 5657 5655 5665
f 5657 5665 5667
f 5658 5668 5666
f 5658 5666 5656
f 5659 5657 5667
f 5659 5667 5669
f 5660 5670 5668
f 5660 5668 5658
f 5661 5659 5669
f 5661 5669 5671
f 5662 5672 5670
f 5662 5670 5660
f 774 5661 5671
f 774 5671 770
f 775 771 5672
f 775 5672 5662
f 5663 5006 5010
f 5663 5010 5673
f 5664 5674 5012
f 5664 5012 5008
f 5665 5663 5673
f 5665 5673 5675
f 5666 5676 5674
f 5666 5674 5664
f 5667 5665 5675
f 5667 5675 5677
f 5668 5678 5676
f 5668 5676 5666
f 5669 5667 5677
f 5669 5677 5679
f 5670 5680 5678
f 5670 5678 5668
f 5671 5669 5679
f 5671 5679 5681
f 5672 5682 5680
f 5672 5680 5670
f 770 5671 5681
f 770 5681 766
f 771 767 5682
f 771 5682 5672
f 5673 5010 5014
f 5673 5014 5683
f 5674 5684 5016
f 5674 5016 5012
f 5675 5673 5683
f 5675 5683 5685
f 5676 5686 5684
f 5676 5684 5674
f 5677 5675 5685
f 5677 5685 5687
f 5678 5688 5686
f 5678 5686 5676
f 5679 5677 5687
f 5679 5687 5689
f 5680 5690 5688
f 5680 5688 5678
f 5681 5679 5689
f 5681 5689 5691
f 5682 5692 5690
f 5682 5690 5680
f 766 5681 5691
f 766 5691 762
f 767 763 5692
f 767 5692 5682
f 5683 5014 5018
f 5683 5018 5693
f 5684 5694 5020
f 5684 5020 5016
f 5685 5683 5693
f 5685 5693 5695
f 5686 5696 5694
f 5686 5694 5684
f 5687 5685 5695
f 5687 5695 5697
f 5688 5698 5696
f 5688 5696 5686
f 5689 5687 5697
f 5689 5697 5699
f 5690 5700 5698
f 5690 5698 5688
f 5691 5689 5699
f 5691 5699 5701
f 5692 5702 5700
f 5692 5700 5690
f 762 5691 5701
f 762 5701 758
f 763 759 5702
f 763 5702 5692
f 5693 5018 5022
f 5693 5022 5703
f 5694 5704 5024
f 5694 5024 5020
f 5695 5693 5703
f 5695 5703 5705
f 5696 5706 5704
f 5696 5704 5694
f 5697 5695 5705
f 5697 5705 5707
f 5698 5708 5706
f 5698 5706 5696
f 5699 5697 5707
f 5699 5707 5709
f 5700 5710 5708
f 5700 5708 5698
f 5701 5699 5709
f 5701 5709 5711
f 5702 5712 5710
f 5702 5710 5700
f 758 5701 5711
f 758 5711 754
f 759 755 5712
f 759 5712 5702
f 5703 5022 5026
f 5703 5026 5713
f 5704 5714 5028
f 5704 5028 5024
f 5705 5703 5713
f 5705 5713 5715
f 5706 5716 5714
f 5706 5714 5704
f 5707 5705 5715
f 5707 5715 5717
f 5708 5718 5716
f 5708 5716 5706
f 5709 5707 5717
f 5709 5717 5719
f 5710 5720 5718
f 5710 5718 5708
f 5711 5709 5719
f 5711 5719 5721
f 5712 5722 5720
f 5712 5720 5710
f 754 5711 5721
f 754 5721 750
f 755 751 5722
f 755 5722 5712
f 5713 5026 5030
f 5713 5030 5723
f 5714 5724 5032
f 5714 5032 5028
f 5715 5713 5723
f 5715 5723 5725
f 5716 5726 5724
f 5716 5724 5714
f 5717 5715 5725
f 5717 5725 5727
f 5718 5728 5726
f 5718 5726 5716
f 5719 5717 5727
f 5719 5727 5729
f 5720 5730 5728
f 5720 5728 5718
f 5721 5719 5729
f 5721 5729 5731
f 5722 5732 5730
f 5722 5730 5720
f 750 5721 5731
f 750 5731 746
f 751 747 5732
f 751 5732 5722
f 5723 5030 5034
f 5723 5034 5733
f 5724 5734 5036
f 5724 5036 5032
f 5725 5723 5733
f 5725 5733 5735
f 5726 5736 5734
f 5726 5734 5724
f 5727 5725 5735
f 5727 5735 5737
f 5728 5738 5736
f 5728 5736 5726
f 5729 5727 5737
f 5729 5737 5739
f 5730 5740 5738
f 5730 5738 5728
f 5731 5729 5739
f 5731 5739 5741
f 5732 5742 5740
f 5732 5740 5730
f 746 5731 5741
f 746 5741 742
f 747 743 5742
f 747 5742 5732
f 5733 5034 5038
f 5733 5038 5743
f 5734 5744 5040
f 5734 5040 5036
f 5735 5733 5743
f 5735 5743 5745
f 5736 5746 5744
f 5736 5744 5734
f 5737 5735 5745
f 5737 5745 5747
f 5738 5748 5746
f 5738 5746 5736
f 5739 5737 5747
f 5739 5747 5749
f 5740 5750 5748
f 5740 5748 5738
f 5741 5739 5749
f 5741 5749 5751
f 5742 5752 5750
f 5742 5750 5740
f 742 5741 5751
f 742 5751 738
f 743 739 5752
f 743 5752 5742
f 5743 5038 5042
f 5743 5042 5753
f 5744 5754 5044
f 5744 5044 5040
f 5745 5743 5753
f 5745 5753 5755
f 5746 5756 5754
f 5746 5754 5744
f 5747 5745 5755
f 5747 5755 5757
f 5748 5758 5756
f 5748 5756 5746
f 5749 5747 5757
f 5749 5757 5759
f 5750 5760 5758
f 5750 5758 5748
f 5751 5749 5759
f 5751 5759 5761
f 5752 5762 5760
f 5752 5760 5750
f 738 5751 5761
f 738 5761 734
f 739 735 5762
f 739 5762 5752
f 5753 5042 5046
f 5753 5046 5763
f 5754 5764 5048
f 5754 5048 5044
f 5755 5753 5763
f 5755 5763 5765
f 5756 5766 5764
f 5756 5764 5754
f 5757 5755 5765
f 5757 5765 5767
f 5758 5768 5766
f 5758 5766 5756
f 5759 5757 5767
f 5759 5767 5769
f 5760 5770 5768
f 5760 5768 5758
f 5761 5759 5769
f 5761 5769 5771
f 5762 5772 5770
f 5762 5770 5760
f 734 5761 5771
f 734 5771 730
f 735 731 5772
f 735 5772 5762
f 5763 5046 5050
f 5763 5050 5773
f 5764 5774 5052
f 5764 5052 5048
f 5765 5763 5773
f 5765 5773 5775
f 5766 5776 5774
f 5766 5774 5764
f 5767 5765 5775
f 5767 5775 5777
f 5768 5778 5776
f 5768 5776 5766
f 5769 5767 5777
f 5769 5777 5779
f 5770 5780 5778
f 5770 5778 5768
f 5771 5769 5779
f 5771 5779 5781
f 5772 5782 5780
f 5772 5780 5770
f 730 5771 5781
f 730 5781 726
f 731 727 5782
f 731 5782 5772
f 5773 5050 5054
f 5773 5054 5783
f 5774 5784 5785
f 5774 5785 5052
f 5775 5773 5783
f 5775 5783 5786
f 5776 5787 5784
f 5776 5784 5774
f 5777 5775 5786
f 5777 5786 5788
f 5778 5789 5787
f 5778 5787 5776
f 5779 5777 5788
f 5779 5788 5790
f 5780 5791 5789
f 5780 5789 5778
f 5781 5779 5790
f 5781 5790 5792
f 5782 5793 5791
f 5782 5791 5780
f 726 5781 5792
f 726 5792 722
f 727 723 5793
f 727 5793 5782
f 5783 5054 5060
f 5783 5060 5794
f 5784 5795 5796
f 5784 5796 5785
f 5786 5783 5794
f 5786 5794 5797
f 5787 5798 5795
f 5787 5795 5784
f 5788 5786 5797
f 5788 5797 5799
f 5789 5800 5798
f 5789 5798 5787
f 5790 5788 5799
f 5790 5799 5801
f 5791 5802 5800
f 5791 5800 5789
f 5792 5790 5801
f 5792 5801 5803
f 5793 5804 5802
f 5793 5802 5791
f 722 5792 5803
f 722 5803 718
f 723 719 5804
f 723 5804 5793
f 5794 5060 5064
f 5794 5064 5805
f 5795 5806 5807
f 5795 5807 5796
f 5797 5794 5805
f 5797 5805 5808
f 5798 5809 5806
f 5798 5806 5795
f 5799 5797 5808
f 5799 5808 5810
f 5800 5811 5809
f 5800 5809 5798
f 5801 5799 5810
f 5801 5810 5812
f 5802 5813 5811
f 5802 5811 5800
f 5803 5801 5812
f 5803 5812 5814
f 5804 5815 5813
f 5804 5813 5802
f 718 5803 5814
f 718 5814 714
f 719 715 5815
f 719 5815 5804
f 5805 5064 5068
f 5805 5068 5816
f 5806 5817 5818
f 5806 5818 5807
f 5808 5805 5816
f 5808 5816 5819
f 5809 5820 5817
f 5809 5817 5806
f 5810 5808 5819
f 5810 5819 5821
f 5811 5822 5820
f 5811 5820 5809
f 5812 5810 5821
f 5812 5821 5823
f 5813 5824 5822
f 5813 5822 5811
f 5814 5812 5823
f 5814 5823 5825
f 5815 5826 5824
f 5815 5824 5813
f 714 5814 5825
f 714 5825 710
f 715 711 5826
f 715 5826 5815
f 5816 5068 5072
f 5816 5072 5827
f 5817 5828 5829
f 5817 5829 5818
f 5819 5816 5827
f 5819 5827 5830
f 5820 5831 5828
f 5820 5828 5817
f 5821 5819 5830
f 5821 5830 5832
f 5822 5833 5831
f 5822 5831 5820
f 5823 5821 5832
f 5823 5832 5834
f 5824 5835 5833
f 5824 5833 5822
f 5825 5823 5834
f 5825 5834 5836
f 5826 5837 5835
f 5826 5835 5824
f 710 5825 5836
f 710 5836 706
f 711 707 5837
f 711 5837 5826
f 5827 5072 5076
f 5827 5076 5838
f 5828 5839 5840
f 5828 5840 5829
f 5830 5827 5838
f 5830 5838 5841
f 5831 5842 5839
f 5831 5839 5828
f 5832 5830 5841
f 5832 5841 5843
f 5833 5844 5842
f 5833 5842 5831
f 5834 5832 5843
f 5834 5843 5845
f 5835 5846 5844
f 5835 5844 5833
f 5836 5834 5845
f 5836 5845 5847
f 5837 5848 5846
f 5837 5846 5835
f 706 5836 5847
f 706 5847 702
f 707 703 5848
f 707 5848 5837
f 5838 5076 4955
f 5838 4955 5849
f 5839 5850 5851
f 5839 5851 5840
f 5841 5838 5849
f 5841 5849 5852
f 5842 5853 5850
f 5842 5850 5839
f 5843 5841 5852
f 5843 5852 5854
f 5844 5855 5853
f 5844 5853 5842
f 5845 5843 5854
f 5845 5854 5856
f 5846 5857 5855
f 5846 5855 5844
f 5847 5845 5856
f 5847 5856 5858
f 5848 5859 5857
f 5848 5857 5846
f 702 5847 5858
f 702 5858 696
f 703 698 5859
f 703 5859 5848
f 5849 4955 4954
f 5849 4954 5449
f 5850 5451 5454
f 5850 5454 5851
f 5852 5849 5449
f 5852 5449 5455
f 5853 5457 5451
f 5853 5451 5850
f 5854 5852 5455
f 5854 5455 5459
f 5855 5461 5457
f 5855 5457 5853
f 5856 5854 5459
f 5856 5459 5463
f 5857 5465 5461
f 5857 5461 5855
f 5858 5856 5463
f 5858 5463 5467
f 5859 5469 5465
f 5859 5465 5857
f 696 5858 5467
f 696 5467 693
f 698 697 5469
f 698 5469 5859
f 5529 404 690
f 5529 690 5860
f 5531 5861 692
f 5531 692 406
f 5525 5529 5860
f 5525 5860 5862
f 5527 5863 5861
f 5527 5861 5531
f 5521 5525 5862
f 5521 5862 5864
f 5523 5865 5863
f 5523 5863 5527
f 5517 5521 5864
f 5517 5864 5866
f 5519 5867 5865
f 5519 5865 5523
f 5513 5517 5866
f 5513 5866 5868
f 5515 5869 5867
f 5515 5867 5519
f 411 5513 5868
f 411 5868 686
f 415 687 5869
f 415 5869 5515
f 5870 839 838
f 5870 838 5468
f 5871 5470 844
f 5871 844 843
f 5872 5870 5468
f 5872 5468 5464
f 5873 5466 5470
f 5873 5470 5871
f 5874 5872 5464
f 5874 5464 5460
f 5875 5462 5466
f 5875 5466 5873
f 5876 5874 5460
f 5876 5460 5456
f 5877 5458 5462
f 5877 5462 5875
f 5878 5876 5456
f 5878 5456 5450
f 5879 5452 5458
f 5879 5458 5877
f 555 5878 5450
f 555 5450 4925
f 5880 5453 5452
f 5880 5452 5879
f 5860 690 5080
f 5860 5080 5881
f 5861 5882 5082
f 5861 5082 692
f 5862 5860 5881
f 5862 5881 5883
f 5863 5884 5882
f 5863 5882 5861
f 5864 5862 5883
f 5864 5883 5885
f 5865 5886 5884
f 5865 5884 5863
f 5866 5864 5885
f 5866 5885 5887
f 5867 5888 5886
f 5867 5886 5865
f 5868 5866 5887
f 5868 5887 5889
f 5869 5890 5888
f 5869 5888 5867
f 686 5868 5889
f 686 5889 682
f 687 683 5890
f 687 5890 5869
f 5881 5080 5089
f 5881 5089 5891
f 5882 5892 5093
f 5882 5093 5082
f 5883 5881 5891
f 5883 5891 5893
f 5884 5894 5892
f 5884 5892 5882
f 5885 5883 5893
f 5885 5893 5895
f 5886 5896 5894
f 5886 5894 5884
f 5887 5885 5895
f 5887 5895 5897
f 5888 5898 5896
f 5888 5896 5886
f 5889 5887 5897
f 5889 5897 5899
f 5890 5900 5898
f 5890 5898 5888
f 682 5889 5899
f 682 5899 678
f 683 679 5900
f 683 5900 5890
f 5891 5089 5088
f 5891 5088 5901
f 5892 5902 5094
f 5892 5094 5093
f 5893 5891 5901
f 5893 5901 5903
f 5894 5904 5902
f 5894 5902 5892
f 5895 5893 5903
f 5895 5903 5905
f 5896 5906 5904
f 5896 5904 5894
f 5897 5895 5905
f 5897 5905 5907
f 5898 5908 5906
f 5898 5906 5896
f 5899 5897 5907
f 5899 5907 5909
f 5900 5910 5908
f 5900 5908 5898
f 678 5899 5909
f 678 5909 674
f 679 675 5910
f 679 5910 5900
f 5901 5088 5096
f 5901 5096 5911
f 5902 5912 5098
f 5902 5098 5094
f 5903 5901 5911
f 5903 5911 5913
f 5904 5914 5912
f 5904 5912 5902
f 5905 5903 5913
f 5905 5913 5915
f 5906 5916 5914
f 5906 5914 5904
f 5907 5905 5915
f 5907 5915 5917
f 5908 5918 5916
f 5908 5916 5906
f 5909 5907 5917
f 5909 5917 5919
f 5910 5920 5918
f 5910 5918 5908
f 674 5909 5919
f 674 5919 670
f 675 671 5920
f 675 5920 5910
f 5911 5096 5100
f 5911 5100 5921
f 5912 5922 5102
f 5912 5102 5098
f 5913 5911 5921
f 5913 5921 5923
f 5914 5924 5922
f 5914 5922 5912
f 5915 5913 5923
f 5915 5923 5925
f 5916 5926 5924
f 5916 5924 5914
f 5917 5915 5925
f 5917 5925 5927
f 5918 5928 5926
f 5918 5926 5916
f 5919 5917 5927
f 5919 5927 5929
f 5920 5930 5928
f 5920 5928 5918
f 670 5919 5929
f 670 5929 666
f 671 667 5930
f 671 5930 5920
f 5921 5100 5104
f 5921 5104 5931
f 5922 5932 5106
f 5922 5106 5102
f 5923 5921 5931
f 5923 5931 5933
f 5924 5934 5932
f 5924 5932 5922
f 5925 5923 5933
f 5925 5933 5935
f 5926 5936 5934
f 5926 5934 5924
f 5927 5925 5935
f 5927 5935 5937
f 5928 5938 5936
f 5928 5936 5926
f 5929 5927 5937
f 5929 5937 5939
f 5930 5940 5938
f 5930 5938 5928
f 666 5929 5939
f 666 5939 662
f 667 663 5940
f 667 5940 5930
f 5931 5104 5108
f 5931 5108 5941
f 5932 5942 5110
f 5932 5110 5106
f 5933 5931 5941
f 5933 5941 5943
f 5934 5944 5942
f 5934 5942 5932
f 5935 5933 5943
f 5935 5943 5945
f 5936 5946 5944
f 5936 5944 5934
f 5937 5935 5945
f 5937 5945 5947
f 5938 5948 5946
f 5938 5946 5936
f 5939 5937 5947
f 5939 5947 5949
f 5940 5950 5948
f 5940 5948 5938
f 662 5939 5949
f 662 5949 658
f 663 659 5950
f 663 5950 5940
f 5941 5108 5112
f 5941 5112 5951
f 5942 5952 5114
f 5942 5114 5110
f 5943 5941 5951
f 5943 5951 5953
f 5944 5954 5952
f 5944 5952 5942
f 5945 5943 5953
f 5945 5953 5955
f 5946 5956 5954
f 5946 5954 5944
f 5947 5945 5955
f 5947 5955 5957
f 5948 5958 5956
f 5948 5956 5946
f 5949 5947 5957
f 5949 5957 5959
f 5950 5960 5958
f 5950 5958 5948
f 658 5949 5959
f 658 5959 654
f 659 655 5960
f 659 5960 5950
f 5951 5112 5116
f 5951 5116 5961
f 5952 5962 5118
f 5952 5118 5114
f 5953 5951 5961
f 5953 5961 5963
f 5954 5964 5962
f 5954 5962 5952
f 5955 5953 5963
f 5955 5963 5965
f 5956 5966 5964
f 5956 5964 5954
f 5957 5955 5965
f 5957 5965 5967
f 5958 5968 5966
f 5958 5966 5956
f 5959 5957 5967
f 5959 5967 5969
f 5960 5970 5968
f 5960 5968 5958
f 654 5959 5969
f 654 5969 650
f 655 651 5970
f 655 5970 5960
f 5961 5116 5120
f 5961 5120 5971
f 5962 5972 5122
f 5962 5122 5118
f 5963 5961 5971
f 5963 5971 5973
f 5964 5974 5972
f 5964 5972 5962
f 5965 5963 5973
f 5965 5973 5975
f 5966 5976 5974
f 5966 5974 5964
f 5967 5965 5975
f 5967 5975 5977
f 5968 5978 5976
f 5968 5976 5966
f 5969 5967 5977
f 5969 5977 5979
f 5970 5980 5978
f 5970 5978 5968
f 650 5969 5979
f 650 5979 646
f 651 647 5980
f 651 5980 5970
f 5971 5120 5124
f 5971 5124 5981
f 5972 5982 5126
f 5972 5126 5122
f 5973 5971 5981
f 5973 5981 5983
f 5974 5984 5982
f 5974 5982 5972
f 5975 5973 5983
f 5975 5983 5985
f 5976 5986 5984
f 5976 5984 5974
f 5977 5975 5985
f 5977 5985 5987
f 5978 5988 5986
f 5978 5986 5976
f 5979 5977 5987
f 5979 5987 5989
f 5980 5990 5988
f 5980 5988 5978
f 646 5979 5989
f 646 5989 642
f 647 643 5990
f 647 5990 5980
f 5981 5124 5128
f 5981 5128 5991
f 5982 5992 5130
f 5982 5130 5126
f 5983 5981 5991
f 5983 5991 5993
f 5984 5994 5992
f 5984 5992 5982
f 5985 5983 5993
f 5985 5993 5995
f 5986 5996 5994
f 5986 5994 5984
f 5987 5985 5995
f 5987 5995 5997
f 5988 5998 5996
f 5988 5996 5986
f 5989 5987 5997
f 5989 5997 5999
f 5990 6000 5998
f 5990 5998 5988
f 642 5989 5999
f 642 5999 638
f 643 639 6000
f 643 6000 5990
f 5991 5128 5132
f 5991 5132 6001
f 5992 6002 5134
f 5992 5134 5130
f 5993 5991 6001
f 5993 6001 6003
f 5994 6004 6002
f 5994 6002 5992
f 5995 5993 6003
f 5995 6003 6005
f 5996 6006 6004
f 5996 6004 5994
f 5997 5995 6005
f 5997 6005 6007
f 5998 6008 6006
f 5998 6006 5996
f 5999 5997 6007
f 5999 6007 6009
f 6000 6010 6008
f 6000 6008 5998
f 638 5999 6009
f 638 6009 634
f 639 635 6010
f 639 6010 6000
f 6001 5132 5136
f 6001 5136 6011
f 6002 6012 5138
f 6002 5138 5134
f 6003 6001 6011
f 6003 6011 6013
f 6004 6014 6012
f 6004 6012 6002
f 6005 6003 6013
f 6005 6013 6015
f 6006 6016 6014
f 6006 6014 6004
f 6007 6005 6015
f 6007 6015 6017
f 6008 6018 6016
f 6008 6016 6006
f 6009 6007 6017
f 6009 6017 6019
f 6010 6020 6018
f 6010 6018 6008
f 634 6009 6019
f 634 6019 630
f 635 631 6020
f 635 6020 6010
f 6011 5136 5140
f 6011 5140 6021
f 6012 6022 5142
f 6012 5142 5138
f 6013 6011 6021
f 6013 6021 6023
f 6014 6024 6022
f 6014 6022 6012
f 6015 6013 6023
f 6015 6023 6025
f 6016 6026 6024
f 6016 6024 6014
f 6017 6015 6025
f 6017 6025 6027
f 6018 6028 6026
f 6018 6026 6016
f 6019 6017 6027
f 6019 6027 6029
f 6020 6030 6028
f 6020 6028 6018
f 630 6019 6029
f 630 6029 626
f 631 627 6030
f 631 6030 6020
f 6021 5140 5144
f 6021 5144 6031
f 6022 6032 5146
f 6022 5146 5142
f 6023 6021 6031
f 6023 6031 6033
f 6024 6034 6032
f 6024 6032 6022
f 6025 6023 6033
f 6025 6033 6035
f 6026 6036 6034
f 6026 6034 6024
f 6027 6025 6035
f 6027 6035 6037
f 6028 6038 6036
f 6028 6036 6026
f 6029 6027 6037
f 6029 6037 6039
f 6030 6040 6038
f 6030 6038 6028
f 626 6029 6039
f 626 6039 622
f 627 623 6040
f 627 6040 6030
f 6031 5144 5148
f 6031 5148 6041
f 6032 6042 5150
f 6032 5150 5146
f 6033 6031 6041
f 6033 6041 6043
f 6034 6044 6042
f 6034 6042 6032
f 6035 6033 6043
f 6035 6043 6045
f 6036 6046 6044
f 6036 6044 6034
f 6037 6035 6045
f 6037 6045 6047
f 6038 6048 6046
f 6038 6046 6036
f 6039 6037 6047
f 6039 6047 6049
f 6040 6050 6048
f 6040 6048 6038
f 622 6039 6049
f 622 6049 618
f 623 619 6050
f 623 6050 6040
f 6041 5148 5152
f 6041 5152 6051
f 6042 6052 5154
f 6042 5154 5150
f 6043 6041 6051
f 6043 6051 6053
f 6044 6054 6052
f 6044 6052 6042
f 6045 6043 6053
f 6045 6053 6055
f 6046 6056 6054
f 6046 6054 6044
f 6047 6045 6055
f 6047 6055 6057
f 6048 6058 6056
f 6048 6056 6046
f 6049 6047 6057
f 6049 6057 6059
f 6050 6060 6058
f 6050 6058 6048
f 618 6049 6059
f 618 6059 614
f 619 615 6060
f 619 6060 6050
f 6051 5152 5156
f 6051 5156 6061
f 6052 6062 5158
f 6052 5158 5154
f 6053 6051 6061
f 6053 6061 6063
f 6054 6064 6062
f 6054 6062 6052
f 6055 6053 6063
f 6055 6063 6065
f 6056 6066 6064
f 6056 6064 6054
f 6057 6055 6065
f 6057 6065 6067
f 6058 6068 6066
f 6058 6066 6056
f 6059 6057 6067
f 6059 6067 6069
f 6060 6070 6068
f 6060 6068 6058
f 614 6059 6069
f 614 6069 610
f 615 611 6070
f 615 6070 6060
f 6061 5156 5160
f 6061 5160 6071
f 6062 6072 5162
f 6062 5162 5158
f 6063 6061 6071
f 6063 6071 6073
f 6064 6074 6072
f 6064 6072 6062
f 6065 6063 6073
f 6065 6073 6075
f 6066 6076 6074
f 6066 6074 6064
f 6067 6065 6075
f 6067 6075 6077
f 6068 6078 6076
f 6068 6076 6066
f 6069 6067 6077
f 6069 6077 6079
f 6070 6080 6078
f 6070 6078 6068
f 610 6069 6079
f 610 6079 606
f 611 607 6080
f 611 6080 6070
f 6071 5160 5164
f 6071 5164 6081
f 6072 6082 5166
f 6072 5166 5162
f 6073 6071 6081
f 6073 6081 6083
f 6074 6084 6082
f 6074 6082 6072
f 6075 6073 6083
f 6075 6083 6085
f 6076 6086 6084
f 6076 6084 6074
f 6077 6075 6085
f 6077 6085 6087
f 6078 6088 6086
f 6078 6086 6076
f 6079 6077 6087
f 6079 6087 6089
f 6080 6090 6088
f 6080 6088 6078
f 606 6079 6089
f 606 6089 602
f 607 603 6090
f 607 6090 6080
f 6081 5164 5168
f 6081 5168 6091
f 6082 6092 5170
f 6082 5170 5166
f 6083 6081 6091
f 6083 6091 6093
f 6084 6094 6092
f 6084 6092 6082
f 6085 6083 6093
f 6085 6093 6095
f 6086 6096 6094
f 6086 6094 6084
f 6087 6085 6095
f 6087 6095 6097
f 6088 6098 6096
f 6088 6096 6086
f 6089 6087 6097
f 6089 6097 6099
f 6090 6100 6098
f 6090 6098 6088
f 602 6089 6099
f 602 6099 598
f 603 599 6100
f 603 6100 6090
f 6091 5168 5172
f 6091 5172 6101
f 6092 6102 5174
f 6092 5174 5170
f 6093 6091 6101
f 6093 6101 6103
f 6094 6104 6102
f 6094 6102 6092
f 6095 6093 6103
f 6095 6103 6105
f 6096 6106 6104
f 6096 6104 6094
f 6097 6095 6105
f 6097 6105 6107
f 6098 6108 6106
f 6098 6106 6096
f 6099 6097 6107
f 6099 6107 6109
f 6100 6110 6108
f 6100 6108 6098
f 598 6099 6109
f 598 6109 592
f 599 594 6110
f 599 6110 6100
f 6101 5172 5176
f 6101 5176 6111
f 6102 6112 5178
f 6102 5178 5174
f 6103 6101 6111
f 6103 6111 6113
f 6104 6114 6112
f 6104 6112 6102
f 6105 6103 6113
f 6105 6113 6115
f 6106 6116 6114
f 6106 6114 6104
f 6107 6105 6115
f 6107 6115 6117
f 6108 6118 6116
f 6108 6116 6106
f 6109 6107 6117
f 6109 6117 6119
f 6110 6120 6118
f 6110 6118 6108
f 592 6109 6119
f 592 6119 588
f 594 593 6120
f 594 6120 6110
f 6111 5176 5180
f 6111 5180 6121
f 6112 6122 5182
f 6112 5182 5178
f 6113 6111 6121
f 6113 6121 6123
f 6114 6124 6122
f 6114 6122 6112
f 6115 6113 6123
f 6115 6123 6125
f 6116 6126 6124
f 6116 6124 6114
f 6117 6115 6125
f 6117 6125 6127
f 6118 6128 6126
f 6118 6126 6116
f 6119 6117 6127
f 6119 6127 6129
f 6120 6130 6128
f 6120 6128 6118
f 588 6119 6129
f 588 6129 584
f 593 6131 6130
f 593 6130 6120
f 6121 5180 5184
f 6121 5184 6132
f 6122 6133 5186
f 6122 5186 5182
f 6123 6121 6132
f 6123 6132 6134
f 6124 6135 6133
f 6124 6133 6122
f 6125 6123 6134
f 6125 6134 6136
f 6126 6137 6135
f 6126 6135 6124
f 6127 6125 6136
f 6127 6136 6138
f 6128 6139 6137
f 6128 6137 6126
f 6129 6127 6138
f 6129 6138 6140
f 6130 6141 6139
f 6130 6139 6128
f 584 6129 6140
f 584 6140 580
f 6131 6142 6141
f 6131 6141 6130
f 6132 5184 5188
f 6132 5188 6143
f 6133 6144 5190
f 6133 5190 5186
f 6134 6132 6143
f 6134 6143 6145
f 6135 6146 6144
f 6135 6144 6133
f 6136 6134 6145
f 6136 6145 6147
f 6137 6148 6146
f 6137 6146 6135
f 6138 6136 6147
f 6138 6147 6149
f 6139 6150 6148
f 6139 6148 6137
f 6140 6138 6149
f 6140 6149 6151
f 6141 6152 6150
f 6141 6150 6139
f 580 6140 6151
f 580 6151 576
f 6142 6153 6152
f 6142 6152 6141
f 6143 5188 5192
f 6143 5192 6154
f 6144 6155 5194
f 6144 5194 5190
f 6145 6143 6154
f 6145 6154 6156
f 6146 6157 6155
f 6146 6155 6144
f 6147 6145 6156
f 6147 6156 6158
f 6148 6159 6157
f 6148 6157 6146
f 6149 6147 6158
f 6149 6158 6160
f 6150 6161 6159
f 6150 6159 6148
f 6151 6149 6160
f 6151 6160 6162
f 6152 6163 6161
f 6152 6161 6150
f 576 6151 6162
f 576 6162 572
f 6153 6164 6163
f 6153 6163 6152
f 6154 5192 5196
f 6154 5196 6165
f 6155 6166 5198
f 6155 5198 5194
f 6156 6154 6165
f 6156 6165 6167
f 6157 6168 6166
f 6157 6166 6155
f 6158 6156 6167
f 6158 6167 6169
f 6159 6170 6168
f 6159 6168 6157
f 6160 6158 6169
f 6160 6169 6171
f 6161 6172 6170
f 6161 6170 6159
f 6162 6160 6171
f 6162 6171 6173
f 6163 6174 6172
f 6163 6172 6161
f 572 6162 6173
f 572 6173 568
f 6164 6175 6174
f 6164 6174 6163
f 6165 5196 5200
f 6165 5200 6176
f 6166 6177 5202
f 6166 5202 5198
f 6167 6165 6176
f 6167 6176 6178
f 6168 6179 6177
f 6168 6177 6166
f 6169 6167 6178
f 6169 6178 6180
f 6170 6181 6179
f 6170 6179 6168
f 6171 6169 6180
f 6171 6180 6182
f 6172 6183 6181
f 6172 6181 6170
f 6173 6171 6182
f 6173 6182 6184
f 6174 6185 6183
f 6174 6183 6172
f 568 6173 6184
f 568 6184 564
f 6175 6186 6185
f 6175 6185 6174
f 6176 5200 5083
f 6176 5083 6187
f 6177 6188 5086
f 6177 5086 5202
f 6178 6176 6187
f 6178 6187 6189
f 6179 6190 6188
f 6179 6188 6177
f 6180 6178 6189
f 6180 6189 6191
f 6181 6192 6190
f 6181 6190 6179
f 6182 6180 6191
f 6182 6191 6193
f 6183 6194 6192
f 6183 6192 6181
f 6184 6182 6193
f 6184 6193 6195
f 6185 6196 6194
f 6185 6194 6183
f 564 6184 6195
f 564 6195 558
f 6186 6197 6196
f 6186 6196 6185
f 6187 5083 839
f 6187 839 5870
f 6188 5871 843
f 6188 843 5086
f 6189 6187 5870
f 6189 5870 5872
f 6190 5873 5871
f 6190 5871 6188
f 6191 6189 5872
f 6191 5872 5874
f 6192 5875 5873
f 6192 5873 6190
f 6193 6191 5874
f 6193 5874 5876
f 6194 5877 5875
f 6194 5875 6192
f 6195 6193 5876
f 6195 5876 5878
f 6196 5879 5877
f 6196 5877 6194
f 558 6195 5878
f 558 5878 555
f 6197 5880 5879
f 6197 5879 6196
f 5472 5205 5204
f 5472 5204 6198
f 5474 6199 5210
f 5474 5210 5209
f 5476 5472 6198
f 5476 6198 6200
f 5478 6201 6199
f 5478 6199 5474
f 5480 5476 6200
f 5480 6200 6202
f 5482 6203 6201
f 5482 6201 5478
f 5484 5480 6202
f 5484 6202 6204
f 5486 6205 6203
f 5486 6203 5482
f 5488 5484 6204
f 5488 6204 6206
f 5490 6207 6205
f 5490 6205 5486
f 547 5488 6206
f 547 6206 544
f 551 545 6207
f 551 6207 5490
f 6198 5204 5213
f 6198 5213 6208
f 6199 6209 5217
f 6199 5217 5210
f 6200 6198 6208
f 6200 6208 6210
f 6201 6211 6209
f 6201 6209 6199
f 6202 6200 6210
f 6202 6210 6212
f 6203 6213 6211
f 6203 6211 6201
f 6204 6202 6212
f 6204 6212 6214
f 6205 6215 6213
f 6205 6213 6203
f 6206 6204 6214
f 6206 6214 6216
f 6207 6217 6215
f 6207 6215 6205
f 544 6206 6216
f 544 6216 540
f 545 541 6217
f 545 6217 6207
f 6208 5213 5212
f 6208 5212 6218
f 6209 6219 5218
f 6209 5218 5217
f 6210 6208 6218
f 6210 6218 6220
f 6211 6221 6219
f 6211 6219 6209
f 6212 6210 6220
f 6212 6220 6222
f 6213 6223 6221
f 6213 6221 6211
f 6214 6212 6222
f 6214 6222 6224
f 6215 6225 6223
f 6215 6223 6213
f 6216 6214 6224
f 6216 6224 6226
f 6217 6227 6225
f 6217 6225 6215
f 540 6216 6226
f 540 6226 536
f 541 537 6227
f 541 6227 6217
f 6218 5212 5220
f 6218 5220 6228
f 6219 6229 5222
f 6219 5222 5218
f 6220 6218 6228
f 6220 6228 6230
f 6221 6231 6229
f 6221 6229 6219
f 6222 6220 6230
f 6222 6230 6232
f 6223 6233 6231
f 6223 6231 6221
f 6224 6222 6232
f 6224 6232 6234
f 6225 6235 6233
f 6225 6233 6223
f 6226 6224 6234
f 6226 6234 6236
f 6227 6237 6235
f 6227 6235 6225
f 536 6226 6236
f 536 6236 532
f 537 533 6237
f 537 6237 6227
f 6228 5220 5224
f 6228 5224 6238
f 6229 6239 5226
f 6229 5226 5222
f 6230 6228 6238
f 6230 6238 6240
f 6231 6241 6239
f 6231 6239 6229
f 6232 6230 6240
f 6232 6240 6242
f 6233 6243 6241
f 6233 6241 6231
f 6234 6232 6242
f 6234 6242 6244
f 6235 6245 6243
f 6235 6243 6233
f 6236 6234 6244
f 6236 6244 6246
f 6237 6247 6245
f 6237 6245 6235
f 532 6236 6246
f 532 6246 528
f 533 529 6247
f 533 6247 6237
f 6238 5224 5228
f 6238 5228 6248
f 6239 6249 5230
f 6239 5230 5226
f 6240 6238 6248
f 6240 6248 6250
f 6241 6251 6249
f 6241 6249 6239
f 6242 6240 6250
f 6242 6250 6252
f 6243 6253 6251
f 6243 6251 6241
f 6244 6242 6252
f 6244 6252 6254
f 6245 6255 6253
f 6245 6253 6243
f 6246 6244 6254
f 6246 6254 6256
f 6247 6257 6255
f 6247 6255 6245
f 528 6246 6256
f 528 6256 524
f 529 525 6257
f 529 6257 6247
f 6248 5228 5232
f 6248 5232 6258
f 6249 6259 5234
f 6249 5234 5230
f 6250 6248 6258
f 6250 6258 6260
f 6251 6261 6259
f 6251 6259 6249
f 6252 6250 6260
f 6252 6260 6262
f 6253 6263 6261
f 6253 6261 6251
f 6254 6252 6262
f 6254 6262 6264
f 6255 6265 6263
f 6255 6263 6253
f 6256 6254 6264
f 6256 6264 6266
f 6257 6267 6265
f 6257 6265 6255
f 524 6256 6266
f 524 6266 520
f 525 521 6267
f 525 6267 6257
f 6258 5232 5236
f 6258 5236 6268
f 6259 6269 5238
f 6259 5238 5234
f 6260 6258 6268
f 6260 6268 6270
f 6261 6271 6269
f 6261 6269 6259
f 6262 6260 6270
f 6262 6270 6272
f 6263 6273 6271
f 6263 6271 6261
f 6264 6262 6272
f 6264 6272 6274
f 6265 6275 6273
f 6265 6273 6263
f 6266 6264 6274
f 6266 6274 6276
f 6267 6277 6275
f 6267 6275 6265
f 520 6266 6276
f 520 6276 516
f 521 517 6277
f 521 6277 6267
f 6268 5236 5240
f 6268 5240 6278
f 6269 6279 5242
f 6269 5242 5238
f 6270 6268 6278
f 6270 6278 6280
f 6271 6281 6279
f 6271 6279 6269
f 6272 6270 6280
f 6272 6280 6282
f 6273 6283 6281
f 6273 6281 6271
f 6274 6272 6282
f 6274 6282 6284
f 6275 6285 6283
f 6275 6283 6273
f 6276 6274 6284
f 6276 6284 6286
f 6277 6287 6285
f 6277 6285 6275
f 516 6276 6286
f 516 6286 512
f 517 513 6287
f 517 6287 6277
f 6278 5240 5244
f 6278 5244 6288
f 6279 6289 5246
f 6279 5246 5242
f 6280 6278 6288
f 6280 6288 6290
f 6281 6291 6289
f 6281 6289 6279
f 6282 6280 6290
f 6282 6290 6292
f 6283 6293 6291
f 6283 6291 6281
f 6284 6282 6292
f 6284 6292 6294
f 6285 6295 6293
f 6285 6293 6283
f 6286 6284 6294
f 6286 6294 6296
f 6287 6297 6295
f 6287 6295 6285
f 512 6286 6296
f 512 6296 508
f 513 509 6297
f 513 6297 6287
f 6288 5244 5248
f 6288 5248 6298
f 6289 6299 5250
f 6289 5250 5246
f 6290 6288 6298
f 6290 6298 6300
f 6291 6301 6299
f 6291 6299 6289
f 6292 6290 6300
f 6292 6300 6302
f 6293 6303 6301
f 6293 6301 6291
f 6294 6292 6302
f 6294 6302 6304
f 6295 6305 6303
f 6295 6303 6293
f 6296 6294 6304
f 6296 6304 6306
f 6297 6307 6305
f 6297 6305 6295
f 508 6296 6306
f 508 6306 504
f 509 505 6307
f 509 6307 6297
f 6298 5248 5252
f 6298 5252 6308
f 6299 6309 5254
f 6299 5254 5250
f 6300 6298 6308
f 6300 6308 6310
f 6301 6311 6309
f 6301 6309 6299
f 6302 6300 6310
f 6302 6310 6312
f 6303 6313 6311
f 6303 6311 6301
f 6304 6302 6312
f 6304 6312 6314
f 6305 6315 6313
f 6305 6313 6303
f 6306 6304 6314
f 6306 6314 6316
f 6307 6317 6315
f 6307 6315 6305
f 504 6306 6316
f 504 6316 500
f 505 501 6317
f 505 6317 6307
f 6308 5252 5256
f 6308 5256 6318
f 6309 6319 5258
f 6309 5258 5254
f 6310 6308 6318
f 6310 6318 6320
f 6311 6321 6319
f 6311 6319 6309
f 6312 6310 6320
f 6312 6320 6322
f 6313 6323 6321
f 6313 6321 6311
f 6314 6312 6322
f 6314 6322 6324
f 6315 6325 6323
f 6315 6323 6313
f 6316 6314 6324
f 6316 6324 6326
f 6317 6327 6325
f 6317 6325 6315
f 500 6316 6326
f 500 6326 496
f 501 497 6327
f 501 6327 6317
f 6318 5256 5260
f 6318 5260 6328
f 6319 6329 5262
f 6319 5262 5258
f 6320 6318 6328
f 6320 6328 6330
f 6321 6331 6329
f 6321 6329 6319
f 6322 6320 6330
f 6322 6330 6332
f 6323 6333 6331
f 6323 6331 6321
f 6324 6322 6332
f 6324 6332 6334
f 6325 6335 6333
f 6325 6333 6323
f 6326 6324 6334
f 6326 6334 6336
f 6327 6337 6335
f 6327 6335 6325
f 496 6326 6336
f 496 6336 492
f 497 493 6337
f 497 6337 6327
f 6328 5260 5264
f 6328 5264 6338
f 6329 6339 5266
f 6329 5266 5262
f 6330 6328 6338
f 6330 6338 6340
f 6331 6341 6339
f 6331 6339 6329
f 6332 6330 6340
f 6332 6340 6342
f 6333 6343 6341
f 6333 6341 6331
f 6334 6332 6342
f 6334 6342 6344
f 6335 6345 6343
f 6335 6343 6333
f 6336 6334 6344
f 6336 6344 6346
f 6337 6347 6345
f 6337 6345 6335
f 492 6336 6346
f 492 6346 488
f 493 489 6347
f 493 6347 6337
f 6338 5264 5268
f 6338 5268 6348
f 6339 6349 5270
f 6339 5270 5266
f 6340 6338 6348
f 6340 6348 6350
f 6341 6351 6349
f 6341 6349 6339
f 6342 6340 6350
f 6342 6350 6352
f 6343 6353 6351
f 6343 6351 6341
f 6344 6342 6352
f 6344 6352 6354
f 6345 6355 6353
f 6345 6353 6343
f 6346 6344 6354
f 6346 6354 6356
f 6347 6357 6355
f 6347 6355 6345
f 488 6346 6356
f 488 6356 484
f 489 485 6357
f 489 6357 6347
f 6348 5268 5272
f 6348 5272 6358
f 6349 6359 5274
f 6349 5274 5270
f 6350 6348 6358
f 6350 6358 6360
f 6351 6361 6359
f 6351 6359 6349
f 6352 6350 6360
f 6352 6360 6362
f 6353 6363 6361
f 6353 6361 6351
f 6354 6352 6362
f 6354 6362 6364
f 6355 6365 6363
f 6355 6363 6353
f 6356 6354 6364
f 6356 6364 6366
f 6357 6367 6365
f 6357 6365 6355
f 484 6356 6366
f 484 6366 480
f 485 481 6367
f 485 6367 6357
f 6358 5272 5276
f 6358 5276 6368
f 6359 6369 5278
f 6359 5278 5274
f 6360 6358 6368
f 6360 6368 6370
f 6361 6371 6369
f 6361 6369 6359
f 6362 6360 6370
f 6362 6370 6372
f 6363 6373 6371
f 6363 6371 6361
f 6364 6362 6372
f 6364 6372 6374
f 6365 6375 6373
f 6365 6373 6363
f 6366 6364 6374
f 6366 6374 6376
f 6367 6377 6375
f 6367 6375 6365
f 480 6366 6376
f 480 6376 476
f 481 477 6377
f 481 6377 6367
f 6368 5276 5280
f 6368 5280 6378
f 6369 6379 5282
f 6369 5282 5278
f 6370 6368 6378
f 6370 6378 6380
f 6371 6381 6379
f 6371 6379 6369
f 6372 6370 6380
f 6372 6380 6382
f 6373 6383 6381
f 6373 6381 6371
f 6374 6372 6382
f 6374 6382 6384
f 6375 6385 6383
f 6375 6383 6373
f 6376 6374 6384
f 6376 6384 6386
f 6377 6387 6385
f 6377 6385 6375
f 476 6376 6386
f 476 6386 472
f 477 473 6387
f 477 6387 6377
f 6378 5280 5284
f 6378 5284 6388
f 6379 6389 5286
f 6379 5286 5282
f 6380 6378 6388
f 6380 6388 6390
f 6381 6391 6389
f 6381 6389 6379
f 6382 6380 6390
f 6382 6390 6392
f 6383 6393 6391
f 6383 6391 6381
f 6384 6382 6392
f 6384 6392 6394
f 6385 6395 6393
f 6385 6393 6383
f 6386 6384 6394
f 6386 6394 6396
f 6387 6397 6395
f 6387 6395 6385
f 472 6386 6396
f 472 6396 468
f 473 469 6397
f 473 6397 6387
f 6388 5284 5288
f 6388 5288 6398
f 6389 6399 5290
f 6389 5290 5286
f 6390 6388 6398
f 6390 6398 6400
f 6391 6401 6399
f 6391 6399 6389
f 6392 6390 6400
f 6392 6400 6402
f 6393 6403 6401
f 6393 6401 6391
f 6394 6392 6402
f 6394 6402 6404
f 6395 6405 6403
f 6395 6403 6393
f 6396 6394 6404
f 6396 6404 6406
f 6397 6407 6405
f 6397 6405 6395
f 468 6396 6406
f 468 6406 464
f 469 465 6407
f 469 6407 6397
f 6398 5288 5292
f 6398 5292 6408
f 6399 6409 5294
f 6399 5294 5290
f 6400 6398 6408
f 6400 6408 6410
f 6401 6411 6409
f 6401 6409 6399
f 6402 6400 6410
f 6402 6410 6412
f 6403 6413 6411
f 6403 6411 6401
f 6404 6402 6412
f 6404 6412 6414
f 6405 6415 6413
f 6405 6413 6403
f 6406 6404 6414
f 6406 6414 6416
f 6407 6417 6415
f 6407 6415 6405
f 464 6406 6416
f 464 6416 460
f 465 461 6417
f 465 6417 6407
f 6408 5292 5296
f 6408 5296 6418
f 6409 6419 5298
f 6409 5298 5294
f 6410 6408 6418
f 6410 6418 6420
f 6411 6421 6419
f 6411 6419 6409
f 6412 6410 6420
f 6412 6420 6422
f 6413 6423 6421
f 6413 6421 6411
f 6414 6412 6422
f 6414 6422 6424
f 6415 6425 6423
f 6415 6423 6413
f 6416 6414 6424
f 6416 6424 6426
f 6417 6427 6425
f 6417 6425 6415
f 460 6416 6426
f 460 6426 454
f 461 456 6427
f 461 6427 6417
f 6418 5296 5300
f 6418 5300 6428
f 6419 6429 5302
f 6419 5302 5298
f 6420 6418 6428
f 6420 6428 6430
f 6421 6431 6429
f 6421 6429 6419
f 6422 6420 6430
f 6422 6430 6432
f 6423 6433 6431
f 6423 6431 6421
f 6424 6422 6432
f 6424 6432 6434
f 6425 6435 6433
f 6425 6433 6423
f 6426 6424 6434
f 6426 6434 6436
f 6427 6437 6435
f 6427 6435 6425
f 454 6426 6436
f 454 6436 450
f 456 455 6437
f 456 6437 6427
f 6428 5300 5304
f 6428 5304 6438
f 6429 6439 5306
f 6429 5306 5302
f 6430 6428 6438
f 6430 6438 6440
f 6431 6441 6439
f 6431 6439 6429
f 6432 6430 6440
f 6432 6440 6442
f 6433 6443 6441
f 6433 6441 6431
f 6434 6432 6442
f 6434 6442 6444
f 6435 6445 6443
f 6435 6443 6433
f 6436 6434 6444
f 6436 6444 6446
f 6437 6447 6445
f 6437 6445 6435
f 450 6436 6446
f 450 6446 446
f 455 6448 6447
f 455 6447 6437
f 6438 5304 5308
f 6438 5308 6449
f 6439 6450 5310
f 6439 5310 5306
f 6440 6438 6449
f 6440 6449 6451
f 6441 6452 6450
f 6441 6450 6439
f 6442 6440 6451
f 6442 6451 6453
f 6443 6454 6452
f 6443 6452 6441
f 6444 6442 6453
f 6444 6453 6455
f 6445 6456 6454
f 6445 6454 6443
f 6446 6444 6455
f 6446 6455 6457
f 6447 6458 6456
f 6447 6456 6445
f 446 6446 6457
f 446 6457 442
f 6448 6459 6458
f 6448 6458 6447
f 6449 5308 5312
f 6449 5312 6460
f 6450 6461 5314
f 6450 5314 5310
f 6451 6449 6460
f 6451 6460 6462
f 6452 6463 6461
f 6452 6461 6450
f 6453 6451 6462
f 6453 6462 6464
f 6454 6465 6463
f 6454 6463 6452
f 6455 6453 6464
f 6455 6464 6466
f 6456 6467 6465
f 6456 6465 6454
f 6457 6455 6466
f 6457 6466 6468
f 6458 6469 6467
f 6458 6467 6456
f 442 6457 6468
f 442 6468 438
f 6459 6470 6469
f 6459 6469 6458
f 6460 5312 5316
f 6460 5316 6471
f 6461 6472 5318
f 6461 5318 5314
f 6462 6460 6471
f 6462 6471 6473
f 6463 6474 6472
f 6463 6472 6461
f 6464 6462 6473
f 6464 6473 6475
f 6465 6476 6474
f 6465 6474 6463
f 6466 6464 6475
f 6466 6475 6477
f 6467 6478 6476
f 6467 6476 6465
f 6468 6466 6477
f 6468 6477 6479
f 6469 6480 6478
f 6469 6478 6467
f 438 6468 6479
f 438 6479 434
f 6470 6481 6480
f 6470 6480 6469
f 6471 5316 5320
f 6471 5320 6482
f 6472 6483 5322
f 6472 5322 5318
f 6473 6471 6482
f 6473 6482 6484
f 6474 6485 6483
f 6474 6483 6472
f 6475 6473 6484
f 6475 6484 6486
f 6476 6487 6485
f 6476 6485 6474
f 6477 6475 6486
f 6477 6486 6488
f 6478 6489 6487
f 6478 6487 6476
f 6479 6477 6488
f 6479 6488 6490
f 6480 6491 6489
f 6480 6489 6478
f 434 6479 6490
f 434 6490 430
f 6481 6492 6491
f 6481 6491 6480
f 6482 5320 5324
f 6482 5324 6493
f 6483 6494 5326
f 6483 5326 5322
f 6484 6482 6493
f 6484 6493 6495
f 6485 6496 6494
f 6485 6494 6483
f 6486 6484 6495
f 6486 6495 6497
f 6487 6498 6496
f 6487 6496 6485
f 6488 6486 6497
f 6488 6497 6499
f 6489 6500 6498
f 6489 6498 6487
f 6490 6488 6499
f 6490 6499 6501
f 6491 6502 6500
f 6491 6500 6489
f 430 6490 6501
f 430 6501 426
f 6492 6503 6502
f 6492 6502 6491
f 6493 5324 4931
f 6493 4931 6504
f 6494 6505 4935
f 6494 4935 5326
f 6495 6493 6504
f 6495 6504 6506
f 6496 6507 6505
f 6496 6505 6494
f 6497 6495 6506
f 6497 6506 6508
f 6498 6509 6507
f 6498 6507 6496
f 6499 6497 6508
f 6499 6508 6510
f 6500 6511 6509
f 6500 6509 6498
f 6501 6499 6510
f 6501 6510 6512
f 6502 6513 6511
f 6502 6511 6500
f 426 6501 6512
f 426 6512 420
f 6503 6514 6513
f 6503 6513 6502
f 6504 4931 4930
f 6504 4930 5491
f 6505 5493 4936
f 6505 4936 4935
f 6506 6504 5491
f 6506 5491 5495
f 6507 5497 5493
f 6507 5493 6505
f 6508 6506 5495
f 6508 5495 5499
f 6509 5501 5497
f 6509 5497 6507
f 6510 6508 5499
f 6510 5499 5503
f 6511 5505 5501
f 6511 5501 6509
f 6512 6510 5503
f 6512 5503 5507
f 6513 5509 5505
f 6513 5505 6511
f 420 6512 5507
f 420 5507 417
f 6514 5511 5509
f 6514 5509 6513
f 6515 831 830
f 6515 830 5508
f 6516 5510 5512
f 6516 5512 6517
f 6518 6515 5508
f 6518 5508 5504
f 6519 5506 5510
f 6519 5510 6516
f 6520 6518 5504
f 6520 5504 5500
f 6521 5502 5506
f 6521 5506 6519
f 6522 6520 5500
f 6522 5500 5496
f 6523 5498 5502
f 6523 5502 6521
f 6524 6522 5496
f 6524 5496 5492
f 6525 5494 5498
f 6525 5498 6523
f 273 6524 5492
f 273 5492 4937
f 277 4939 5494
f 277 5494 6525
f 5514 410 5328
f 5514 5328 6526
f 5516 6527 5330
f 5516 5330 416
f 5518 5514 6526
f 5518 6526 6528
f 5520 6529 6527
f 5520 6527 5516
f 5522 5518 6528
f 5522 6528 6530
f 5524 6531 6529
f 5524 6529 5520
f 5526 5522 6530
f 5526 6530 6532
f 5528 6533 6531
f 5528 6531 5524
f 5530 5526 6532
f 5530 6532 6534
f 5532 6535 6533
f 5532 6533 5528
f 401 5530 6534
f 401 6534 398
f 405 399 6535
f 405 6535 5532
f 6526 5328 5333
f 6526 5333 6536
f 6527 6537 5337
f 6527 5337 5330
f 6528 6526 6536
f 6528 6536 6538
f 6529 6539 6537
f 6529 6537 6527
f 6530 6528 6538
f 6530 6538 6540
f 6531 6541 6539
f 6531 6539 6529
f 6532 6530 6540
f 6532 6540 6542
f 6533 6543 6541
f 6533 6541 6531
f 6534 6532 6542
f 6534 6542 6544
f 6535 6545 6543
f 6535 6543 6533
f 398 6534 6544
f 398 6544 394
f 399 395 6545
f 399 6545 6535
f 6536 5333 5332
f 6536 5332 6546
f 6537 6547 5338
f 6537 5338 5337
f 6538 6536 6546
f 6538 6546 6548
f 6539 6549 6547
f 6539 6547 6537
f 6540 6538 6548
f 6540 6548 6550
f 6541 6551 6549
f 6541 6549 6539
f 6542 6540 6550
f 6542 6550 6552
f 6543 6553 6551
f 6543 6551 6541
f 6544 6542 6552
f 6544 6552 6554
f 6545 6555 6553
f 6545 6553 6543
f 394 6544 6554
f 394 6554 390
f 395 391 6555
f 395 6555 6545
f 6546 5332 5340
f 6546 5340 6556
f 6547 6557 5342
f 6547 5342 5338
f 6548 6546 6556
f 6548 6556 6558
f 6549 6559 6557
f 6549 6557 6547
f 6550 6548 6558
f 6550 6558 6560
f 6551 6561 6559
f 6551 6559 6549
f 6552 6550 6560
f 6552 6560 6562
f 6553 6563 6561
f 6553 6561 6551
f 6554 6552 6562
f 6554 6562 6564
f 6555 6565 6563
f 6555 6563 6553
f 390 6554 6564
f 390 6564 386
f 391 387 6565
f 391 6565 6555
f 6556 5340 5344
f 6556 5344 6566
f 6557 6567 5346
f 6557 5346 5342
f 6558 6556 6566
f 6558 6566 6568
f 6559 6569 6567
f 6559 6567 6557
f 6560 6558 6568
f 6560 6568 6570
f 6561 6571 6569
f 6561 6569 6559
f 6562 6560 6570
f 6562 6570 6572
f 6563 6573 6571
f 6563 6571 6561
f 6564 6562 6572
f 6564 6572 6574
f 6565 6575 6573
f 6565 6573 6563
f 386 6564 6574
f 386 6574 382
f 387 383 6575
f 387 6575 6565
f 6566 5344 5348
f 6566 5348 6576
f 6567 6577 5350
f 6567 5350 5346
f 6568 6566 6576
f 6568 6576 6578
f 6569 6579 6577
f 6569 6577 6567
f 6570 6568 6578
f 6570 6578 6580
f 6571 6581 6579
f 6571 6579 6569
f 6572 6570 6580
f 6572 6580 6582
f 6573 6583 6581
f 6573 6581 6571
f 6574 6572 6582
f 6574 6582 6584
f 6575 6585 6583
f 6575 6583 6573
f 382 6574 6584
f 382 6584 378
f 383 379 6585
f 383 6585 6575
f 6576 5348 5352
f 6576 5352 6586
f 6577 6587 5354
f 6577 5354 5350
f 6578 6576 6586
f 6578 6586 6588
f 6579 6589 6587
f 6579 6587 6577
f 6580 6578 6588
f 6580 6588 6590
f 6581 6591 6589
f 6581 6589 6579
f 6582 6580 6590
f 6582 6590 6592
f 6583 6593 6591
f 6583 6591 6581
f 6584 6582 6592
f 6584 6592 6594
f 6585 6595 6593
f 6585 6593 6583
f 378 6584 6594
f 378 6594 374
f 379 375 6595
f 379 6595 6585
f 6586 5352 5356
f 6586 5356 6596
f 6587 6597 5358
f 6587 5358 5354
f 6588 6586 6596
f 6588 6596 6598
f 6589 6599 6597
f 6589 6597 6587
f 6590 6588 6598
f 6590 6598 6600
f 6591 6601 6599
f 6591 6599 6589
f 6592 6590 6600
f 6592 6600 6602
f 6593 6603 6601
f 6593 6601 6591
f 6594 6592 6602
f 6594 6602 6604
f 6595 6605 6603
f 6595 6603 6593
f 374 6594 6604
f 374 6604 370
f 375 371 6605
f 375 6605 6595
f 6596 5356 5360
f 6596 5360 6606
f 6597 6607 5362
f 6597 5362 5358
f 6598 6596 6606
f 6598 6606 6608
f 6599 6609 6607
f 6599 6607 6597
f 6600 6598 6608
f 6600 6608 6610
f 6601 6611 6609
f 6601 6609 6599
f 6602 6600 6610
f 6602 6610 6612
f 6603 6613 6611
f 6603 6611 6601
f 6604 6602 6612
f 6604 6612 6614
f 6605 6615 6613
f 6605 6613 6603
f 370 6604 6614
f 370 6614 366
f 371 367 6615
f 371 6615 6605
f 6606 5360 5364
f 6606 5364 6616
f 6607 6617 5366
f 6607 5366 5362
f 6608 6606 6616
f 6608 6616 6618
f 6609 6619 6617
f 6609 6617 6607
f 6610 6608 6618
f 6610 6618 6620
f 6611 6621 6619
f 6611 6619 6609
f 6612 6610 6620
f 6612 6620 6622
f 6613 6623 6621
f 6613 6621 6611
f 6614 6612 6622
f 6614 6622 6624
f 6615 6625 6623
f 6615 6623 6613
f 366 6614 6624
f 366 6624 362
f 367 363 6625
f 367 6625 6615
f 6616 5364 5368
f 6616 5368 6626
f 6617 6627 5370
f 6617 5370 5366
f 6618 6616 6626
f 6618 6626 6628
f 6619 6629 6627
f 6619 6627 6617
f 6620 6618 6628
f 6620 6628 6630
f 6621 6631 6629
f 6621 6629 6619
f 6622 6620 6630
f 6622 6630 6632
f 6623 6633 6631
f 6623 6631 6621
f 6624 6622 6632
f 6624 6632 6634
f 6625 6635 6633
f 6625 6633 6623
f 362 6624 6634
f 362 6634 358
f 363 359 6635
f 363 6635 6625
f 6626 5368 5372
f 6626 5372 6636
f 6627 6637 5374
f 6627 5374 5370
f 6628 6626 6636
f 6628 6636 6638
f 6629 6639 6637
f 6629 6637 6627
f 6630 6628 6638
f 6630 6638 6640
f 6631 6641 6639
f 6631 6639 6629
f 6632 6630 6640
f 6632 6640 6642
f 6633 6643 6641
f 6633 6641 6631
f 6634 6632 6642
f 6634 6642 6644
f 6635 6645 6643
f 6635 6643 6633
f 358 6634 6644
f 358 6644 354
f 359 355 6645
f 359 6645 6635
f 6636 5372 5376
f 6636 5376 6646
f 6637 6647 5378
f 6637 5378 5374
f 6638 6636 6646
f 6638 6646 6648
f 6639 6649 6647
f 6639 6647 6637
f 6640 6638 6648
f 6640 6648 6650
f 6641 6651 6649
f 6641 6649 6639
f 6642 6640 6650
f 6642 6650 6652
f 6643 6653 6651
f 6643 6651 6641
f 6644 6642 6652
f 6644 6652 6654
f 6645 6655 6653
f 6645 6653 6643
f 354 6644 6654
f 354 6654 350
f 355 351 6655
f 355 6655 6645
f 6646 5376 5380
f 6646 5380 6656
f 6647 6657 5382
f 6647 5382 5378
f 6648 6646 6656
f 6648 6656 6658
f 6649 6659 6657
f 6649 6657 6647
f 6650 6648 6658
f 6650 6658 6660
f 6651 6661 6659
f 6651 6659 6649
f 6652 6650 6660
f 6652 6660 6662
f 6653 6663 6661
f 6653 6661 6651
f 6654 6652 6662
f 6654 6662 6664
f 6655 6665 6663
f 6655 6663 6653
f 350 6654 6664
f 350 6664 346
f 351 347 6665
f 351 6665 6655
f 6656 5380 5384
f 6656 5384 6666
f 6657 6667 5386
f 6657 5386 5382
f 6658 6656 6666
f 6658 6666 6668
f 6659 6669 6667
f 6659 6667 6657
f 6660 6658 6668
f 6660 6668 6670
f 6661 6671 6669
f 6661 6669 6659
f 6662 6660 6670
f 6662 6670 6672
f 6663 6673 6671
f 6663 6671 6661
f 6664 6662 6672
f 6664 6672 6674
f 6665 6675 6673
f 6665 6673 6663
f 346 6664 6674
f 346 6674 342
f 347 343 6675
f 347 6675 6665
f 6666 5384 5388
f 6666 5388 6676
f 6667 6677 5390
f 6667 5390 5386
f 6668 6666 6676
f 6668 6676 6678
f 6669 6679 6677
f 6669 6677 6667
f 6670 6668 6678
f 6670 6678 6680
f 6671 6681 6679
f 6671 6679 6669
f 6672 6670 6680
f 6672 6680 6682
f 6673 6683 6681
f 6673 6681 6671
f 6674 6672 6682
f 6674 6682 6684
f 6675 6685 6683
f 6675 6683 6673
f 342 6674 6684
f 342 6684 338
f 343 339 6685
f 343 6685 6675
f 6676 5388 5392
f 6676 5392 6686
f 6677 6687 5394
f 6677 5394 5390
f 6678 6676 6686
f 6678 6686 6688
f 6679 6689 6687
f 6679 6687 6677
f 6680 6678 6688
f 6680 6688 6690
f 6681 6691 6689
f 6681 6689 6679
f 6682 6680 6690
f 6682 6690 6692
f 6683 6693 6691
f 6683 6691 6681
f 6684 6682 6692
f 6684 6692 6694
f 6685 6695 6693
f 6685 6693 6683
f 338 6684 6694
f 338 6694 334
f 339 335 6695
f 339 6695 6685
f 6686 5392 5396
f 6686 5396 6696
f 6687 6697 5398
f 6687 5398 5394
f 6688 6686 6696
f 6688 6696 6698
f 6689 6699 6697
f 6689 6697 6687
f 6690 6688 6698
f 6690 6698 6700
f 6691 6701 6699
f 6691 6699 6689
f 6692 6690 6700
f 6692 6700 6702
f 6693 6703 6701
f 6693 6701 6691
f 6694 6692 6702
f 6694 6702 6704
f 6695 6705 6703
f 6695 6703 6693
f 334 6694 6704
f 334 6704 330
f 335 331 6705
f 335 6705 6695
f 6696 5396 5400
f 6696 5400 6706
f 6697 6707 5402
f 6697 5402 5398
f 6698 6696 6706
f 6698 6706 6708
f 6699 6709 6707
f 6699 6707 6697
f 6700 6698 6708
f 6700 6708 6710
f 6701 6711 6709
f 6701 6709 6699
f 6702 6700 6710
f 6702 6710 6712
f 6703 6713 6711
f 6703 6711 6701
f 6704 6702 6712
f 6704 6712 6714
f 6705 6715 6713
f 6705 6713 6703
f 330 6704 6714
f 330 6714 326
f 331 327 6715
f 331 6715 6705
f 6706 5400 5404
f 6706 5404 6716
f 6707 6717 5406
f 6707 5406 5402
f 6708 6706 6716
f 6708 6716 6718
f 6709 6719 6717
f 6709 6717 6707
f 6710 6708 6718
f 6710 6718 6720
f 6711 6721 6719
f 6711 6719 6709
f 6712 6710 6720
f 6712 6720 6722
f 6713 6723 6721
f 6713 6721 6711
f 6714 6712 6722
f 6714 6722 6724
f 6715 6725 6723
f 6715 6723 6713
f 326 6714 6724
f 326 6724 322
f 327 323 6725
f 327 6725 6715
f 6716 5404 5408
f 6716 5408 6726
f 6717 6727 5410
f 6717 5410 5406
f 6718 6716 6726
f 6718 6726 6728
f 6719 6729 6727
f 6719 6727 6717
f 6720 6718 6728
f 6720 6728 6730
f 6721 6731 6729
f 6721 6729 6719
f 6722 6720 6730
f 6722 6730 6732
f 6723 6733 6731
f 6723 6731 6721
f 6724 6722 6732
f 6724 6732 6734
f 6725 6735 6733
f 6725 6733 6723
f 322 6724 6734
f 322 6734 318
f 323 319 6735
f 323 6735 6725
f 6726 5408 5412
f 6726 5412 6736
f 6727 6737 5414
f 6727 5414 5410
f 6728 6726 6736
f 6728 6736 6738
f 6729 6739 6737
f 6729 6737 6727
f 6730 6728 6738
f 6730 6738 6740
f 6731 6741 6739
f 6731 6739 6729
f 6732 6730 6740
f 6732 6740 6742
f 6733 6743 6741
f 6733 6741 6731
f 6734 6732 6742
f 6734 6742 6744
f 6735 6745 6743
f 6735 6743 6733
f 318 6734 6744
f 318 6744 314
f 319 315 6745
f 319 6745 6735
f 6736 5412 5416
f 6736 5416 6746
f 6737 6747 5418
f 6737 5418 5414
f 6738 6736 6746
f 6738 6746 6748
f 6739 6749 6747
f 6739 6747 6737
f 6740 6738 6748
f 6740 6748 6750
f 6741 6751 6749
f 6741 6749 6739
f 6742 6740 6750
f 6742 6750 6752
f 6743 6753 6751
f 6743 6751 6741
f 6744 6742 6752
f 6744 6752 6754
f 6745 6755 6753
f 6745 6753 6743
f 314 6744 6754
f 314 6754 310
f 315 311 6755
f 315 6755 6745
f 6746 5416 5420
f 6746 5420 6756
f 6747 6757 5422
f 6747 5422 5418
f 6748 6746 6756
f 6748 6756 6758
f 6749 6759 6757
f 6749 6757 6747
f 6750 6748 6758
f 6750 6758 6760
f 6751 6761 6759
f 6751 6759 6749
f 6752 6750 6760
f 6752 6760 6762
f 6753 6763 6761
f 6753 6761 6751
f 6754 6752 6762
f 6754 6762 6764
f 6755 6765 6763
f 6755 6763 6753
f 310 6754 6764
f 310 6764 306
f 311 307 6765
f 311 6765 6755
f 6756 5420 5424
f 6756 5424 6766
f 6757 6767 6768
f 6757 6768 5422
f 6758 6756 6766
f 6758 6766 6769
f 6759 6770 6767
f 6759 6767 6757
f 6760 6758 6769
f 6760 6769 6771
f 6761 6772 6770
f 6761 6770 6759
f 6762 6760 6771
f 6762 6771 6773
f 6763 6774 6772
f 6763 6772 6761
f 6764 6762 6773
f 6764 6773 6775
f 6765 6776 6774
f 6765 6774 6763
f 306 6764 6775
f 306 6775 302
f 307 303 6776
f 307 6776 6765
f 6766 5424 5430
f 6766 5430 6777
f 6767 6778 6779
f 6767 6779 6768
f 6769 6766 6777
f 6769 6777 6780
f 6770 6781 6778
f 6770 6778 6767
f 6771 6769 6780
f 6771 6780 6782
f 6772 6783 6781
f 6772 6781 6770
f 6773 6771 6782
f 6773 6782 6784
f 6774 6785 6783
f 6774 6783 6772
f 6775 6773 6784
f 6775 6784 6786
f 6776 6787 6785
f 6776 6785 6774
f 302 6775 6786
f 302 6786 298
f 303 299 6787
f 303 6787 6776
f 6777 5430 5434
f 6777 5434 6788
f 6778 6789 6790
f 6778 6790 6779
f 6780 6777 6788
f 6780 6788 6791
f 6781 6792 6789
f 6781 6789 6778
f 6782 6780 6791
f 6782 6791 6793
f 6783 6794 6792
f 6783 6792 6781
f 6784 6782 6793
f 6784 6793 6795
f 6785 6796 6794
f 6785 6794 6783
f 6786 6784 6795
f 6786 6795 6797
f 6787 6798 6796
f 6787 6796 6785
f 298 6786 6797
f 298 6797 294
f 299 295 6798
f 299 6798 6787
f 6788 5434 5438
f 6788 5438 6799
f 6789 6800 6801
f 6789 6801 6790
f 6791 6788 6799
f 6791 6799 6802
f 6792 6803 6800
f 6792 6800 6789
f 6793 6791 6802
f 6793 6802 6804
f 6794 6805 6803
f 6794 6803 6792
f 6795 6793 6804
f 6795 6804 6806
f 6796 6807 6805
f 6796 6805 6794
f 6797 6795 6806
f 6797 6806 6808
f 6798 6809 6807
f 6798 6807 6796
f 294 6797 6808
f 294 6808 290
f 295 291 6809
f 295 6809 6798
f 6799 5438 5442
f 6799 5442 6810
f 6800 6811 6812
f 6800 6812 6801
f 6802 6799 6810
f 6802 6810 6813
f 6803 6814 6811
f 6803 6811 6800
f 6804 6802 6813
f 6804 6813 6815
f 6805 6816 6814
f 6805 6814 6803
f 6806 6804 6815
f 6806 6815 6817
f 6807 6818 6816
f 6807 6816 6805
f 6808 6806 6817
f 6808 6817 6819
f 6809 6820 6818
f 6809 6818 6807
f 290 6808 6819
f 290 6819 286
f 291 287 6820
f 291 6820 6809
f 6810 5442 5446
f 6810 5446 6821
f 6811 6822 6823
f 6811 6823 6812
f 6813 6810 6821
f 6813 6821 6824
f 6814 6825 6822
f 6814 6822 6811
f 6815 6813 6824
f 6815 6824 6826
f 6816 6827 6825
f 6816 6825 6814
f 6817 6815 6826
f 6817 6826 6828
f 6818 6829 6827
f 6818 6827 6816
f 6819 6817 6828
f 6819 6828 6830
f 6820 6831 6829
f 6820 6829 6818
f 286 6819 6830
f 286 6830 282
f 287 283 6831
f 287 6831 6820
f 6821 5446 4941
f 6821 4941 6832
f 6822 6833 6834
f 6822 6834 6823
f 6824 6821 6832
f 6824 6832 6835
f 6825 6836 6833
f 6825 6833 6822
f 6826 6824 6835
f 6826 6835 6837
f 6827 6838 6836
f 6827 6836 6825
f 6828 6826 6837
f 6828 6837 6839
f 6829 6840 6838
f 6829 6838 6827
f 6830 6828 6839
f 6830 6839 6841
f 6831 6842 6840
f 6831 6840 6829
f 282 6830 6841
f 282 6841 276
f 283 278 6842
f 283 6842 6831
f 6832 4941 831
f 6832 831 6515
f 6833 6516 6517
f 6833 6517 6834
f 6835 6832 6515
f 6835 6515 6518
f 6836 6519 6516
f 6836 6516 6833
f 6837 6835 6518
f 6837 6518 6520
f 6838 6521 6519
f 6838 6519 6836
f 6839 6837 6520
f 6839 6520 6522
f 6840 6523 6521
f 6840 6521 6838
f 6841 6839 6522
f 6841 6522 6524
f 6842 6525 6523
f 6842 6523 6840
f 276 6841 6524
f 276 6524 273
f 278 277 6525
f 278 6525 6842
f 830 829 418
f 830 418 417
f 836 421 424
f 836 424 833
f 6843 6844 6845
f 6844 6843 6846
f 6844 6846 6847
f 6847 6846 6848
f 6847 6848 6849
f 6849 6848 6850
f 6849 6850 6851
f 6851 6850 6852
f 6851 6852 6853
f 6853 6852 6854
f 6853 6854 6855
f 6855 6854 6856
f 6856 6854 6857
f 6856 6857 6858
f 6856 6858 6859
f 6859 6858 6860
f 6859 6860 6861
f 6861 6860 6862
f 6862 6860 6863
f 6862 6863 6864
f 6862 6864 6865
f 6865 6864 6866
f 6865 6866 6867
f 6867 6866 6868
f 6867 6868 6869
f 6869 6868 6870
f 6869 6870 6871
f 6871 6870 6872
f 6871 6872 6873
f 6873 6872 6874
f 6873 6874 6875
f 6875 6874 6876
f 6875 6876 6877
f 6877 6876 6878
f 6877 6878 6879
f 6879 6878 6880
f 6879 6880 6881
f 6881 6880 6882
f 6881 6882 6883
f 6883 6882 6884
f 6883 6884 6885
f 6885 6884 6886
f 6885 6886 6887
f 6887 6886 6888
f 6887 6888 6889
f 6889 6888 6890
f 6889 6890 6891
f 6891 6890 6892
f 6891 6892 6893
f 6893 6892 6894
f 6893 6894 6895
f 6895 6894 6896
f 6895 6896 6897
f 6897 6896 6898
f 6897 6898 6899
f 6899 6898 6900
f 6899 6900 6901
f 6901 6900 6902
f 6901 6902 6903
f 6903 6902 6904
f 6903 6904 6905
f 6905 6904 6906
f 6905 6906 6907
f 6907 6906 6908
f 6907 6908 6909
f 6909 6908 6910
f 6909 6910 6911
f 6911 6910 6912
f 6911 6912 6913
f 6913 6912 6914
f 6913 6914 6915
f 6915 6914 6916
f 6915 6916 6917
f 6917 6916 6918
f 6917 6918 6919
f 6919 6918 6920
f 6919 6920 6921
f 6921 6920 6922
f 6921 6922 6923
f 6923 6922 6924
f 6923 6924 6925
f 6925 6924 6926
f 6925 6926 6927
f 6927 6926 6928
f 6927 6928 6929
f 6929 6928 6930
f 6929 6930 6931
f 6931 6930 6932
f 6931 6932 6933
f 6933 6932 6934
f 6933 6934 6935
f 6935 6934 6936
f 6935 6936 6937
f 6937 6936 6938
f 6937 6938 6939
f 6939 6938 6940
f 6939 6940 6941
f 6941 6940 6942
f 6941 6942 6943
f 6943 6942 6944
f 6943 6944 6945
f 6945 6944 6946
f 6945 6946 6947
f 6947 6946 6948
f 6947 6948 6949
f 6949 6948 6950
f 6949 6950 6951
f 6951 6950 6952
f 6951 6952 6953
f 6953 6952 6954
f 6953 6954 6955
f 6955 6954 6956
f 6955 6956 6957
f 6957 6956 6958
f 6957 6958 6959
f 6959 6958 6960
f 6960 6958 6961
f 6960 6961 6962
f 6962 6961 6963
f 6962 6963 6964
f 6962 6964 6965
f 6965 6964 6966
f 6966 6964 6967
f 6966 6967 6968
f 6966 6968 6969
f 6969 6968 6970
f 6970 6968 6971
f 6970 6971 6972
f 6970 6972 6973
f 6973 6972 6974
f 6973 6974 6975
f 6975 6974 6976
f 6975 6976 6977
f 6977 6976 6978
f 6979 6980 6981
f 6980 6979 6982
f 6980 6982 6983
f 6983 6982 6984
f 6983 6984 6985
f 6985 6984 6986
f 6985 6986 6987
f 6987 6986 6988
f 6987 6988 6989
f 6989 6988 6990
f 6989 6990 6991
f 6991 6990 6992
f 6991 6992 6993
f 6993 6992 6994
f 6994 6992 6995
f 6994 6995 6996
f 6994 6996 6997
f 6997 6996 6998
f 6997 6998 6999
f 6999 6998 7000
f 7000 6998 7001
f 7000 7001 7002
f 7000 7002 7003
f 7003 7002 7004
f 7003 7004 7005
f 7005 7004 7006
f 7005 7006 7007
f 7007 7006 7008
f 7007 7008 7009
f 7009 7008 7010
f 7009 7010 7011
f 7011 7010 7012
f 7011 7012 7013
f 7013 7012 7014
f 7013 7014 7015
f 7015 7014 7016
f 7015 7016 7017
f 7017 7016 7018
f 7017 7018 7019
f 7019 7018 7020
f 7019 7020 7021
f 7021 7020 7022
f 7021 7022 7023
f 7023 7022 7024
f 7023 7024 7025
f 7025 7024 7026
f 7025 7026 7027
f 7027 7026 7028
f 7027 7028 7029
f 7029 7028 7030
f 7029 7030 7031
f 7031 7030 7032
f 7031 7032 7033
f 7033 7032 7034
f 7033 7034 7035
f 7035 7034 7036
f 7035 7036 7037
f 7037 7036 7038
f 7037 7038 7039
f 7039 7038 7040
f 7039 7040 7041
f 7041 7040 7042
f 7041 7042 7043
f 7043 7042 7044
f 7043 7044 7045
f 7045 7044 7046
f 7045 7046 7047
f 7047 7046 7048
f 7048 7046 7049
f 7048 7049 7050
f 7048 7050 7051
f 7051 7050 7052
f 7051 7052 7053
f 7053 7052 7054
f 7053 7054 7055
f 7055 7054 7056
f 7055 7056 7057
f 7057 7056 7058
f 7057 7058 7059
f 7059 7058 7060
f 7059 7060 7061
f 7061 7060 7062
f 7061 7062 7063
f 7063 7062 7064
f 7063 7064 7065
f 7065 7064 7066
f 7065 7066 7067
f 7067 7066 7068
f 7067 7068 7069
f 7069 7068 7070
f 7069 7070 7071
f 7071 7070 7072
f 7071 7072 7073
f 7073 7072 7074
f 7073 7074 7075
f 7075 7074 7076
f 7075 7076 7077
f 7077 7076 7078
f 7077 7078 7079
f 7079 7078 7080
f 7079 7080 7081
f 7081 7080 7082
f 7081 7082 7083
f 7083 7082 7084
f 7083 7084 7085
f 7085 7084 7086
f 7085 7086 7087
f 7087 7086 7088
f 7088 7086 7089
f 7088 7089 7090
f 7088 7090 7091
f 7091 7090 7092
f 7091 7092 7093
f 7093 7092 7094
f 7093 7094 7095
f 7095 7094 7096
f 7095 7096 7097
f 7097 7096 7098
f 7097 7098 7099
f 7099 7098 7100
f 7100 7098 7101
f 7100 7101 7102
f 7100 7102 7103
f 7103 7102 7104
f 7104 7102 7105
f 7104 7105 7106
f 7104 7106 7107
f 7107 7106 7108
f 7108 7106 7109
f 7108 7109 7110
f 7108 7110 7111
f 7111 7110 7112
f 7111 7112 7113
f 7113 7112 7114
