{
    "action": {
        "min": [
            0.8000107407569885,
            0.49866634607315063,
            0.9975303411483765,
            0.999976396560669,
            -0.0016184335108846426,
            -0.0064523848704993725,
            0.0015449358616024256,
            0.8001470565795898,
            -0.4999859929084778,
            0.9979062080383301,
            0.9999814033508301,
            0.0005821507656946778,
            -0.006058486178517342,
            -2.250059333164245e-05,
            0.629470705986023,
            -0.8324596881866455,
            -0.6229110360145569,
            -1.6914012432098389,
            0.5496455430984497,
            1.0043390989303589,
            0.7365850806236267,
            -0.559660017490387,
            -0.7873135209083557,
            0.6039167642593384,
            -1.6828670501708984,
            -0.6183361411094666,
            0.9467359781265259,
            0.8773525357246399,
            0.0,
            0.0,
            0.0,
            0.0
        ],
        "max": [
            0.8001105189323425,
            0.49891239404678345,
            0.9980050325393677,
            0.9999837279319763,
            -0.001328226993791759,
            -0.005330821964889765,
            0.0018613558495417237,
            0.8002647161483765,
            -0.4998500645160675,
            0.9982548952102661,
            0.9999868869781494,
            0.0008929325849749148,
            -0.005061462055891752,
            0.0001556363276904449,
            0.6426975131034851,
            -0.8252549171447754,
            -0.6216518878936768,
            -1.690167784690857,
            0.5562422871589661,
            1.0098698139190674,
            0.7451452016830444,
            -0.49813511967658997,
            -0.7558177709579468,
            0.6135797500610352,
            -1.6766295433044434,
            -0.590221643447876,
            0.9735880494117737,
            0.9143354296684265,
            0.3749000132083893,
            0.0,
            0.0,
            0.0
        ],
        "mean": [
            0.8000680208206177,
            0.49872705340385437,
            0.9976511001586914,
            0.9999861717224121,
            -0.001512737013399601,
            -0.006200618576258421,
            0.0017452446045354009,
            0.8002070188522339,
            -0.4999377131462097,
            0.997982919216156,
            0.9999871850013733,
            0.0007717031403444707,
            -0.005787693429738283,
            5.8516849094303325e-05,
            0.6371417045593262,
            -0.8293752670288086,
            -0.6224024295806885,
            -1.6908396482467651,
            0.5524277091026306,
            1.0074793100357056,
            0.7415235638618469,
            -0.5308704376220703,
            -0.7724339962005615,
            0.6092360615730286,
            -1.6799393892288208,
            -0.6034936308860779,
            0.9610100984573364,
            0.894751787185669,
            0.18413886427879333,
            0.0,
            0.0,
            0.0
        ],
        "std": [
            3.633110100054182e-05,
            3.84425584343262e-05,
            5.078772665001452e-05,
            8.131443792080972e-06,
            6.48350251140073e-05,
            0.00013562943786382675,
            5.317457180353813e-05,
            3.573136200429872e-05,
            3.3133917895611376e-05,
            4.7861638449830934e-05,
            4.297024133848026e-06,
            8.945181616581976e-05,
            0.00011329331755405292,
            3.6674380680778995e-05,
            0.003947867546230555,
            0.0021194920409470797,
            0.00037880989839322865,
            0.0003350632032379508,
            0.0019717575050890446,
            0.0016111547593027353,
            0.002592201344668865,
            0.01821521669626236,
            0.00932467170059681,
            0.00285584875382483,
            0.0018358605448156595,
            0.008333959616720676,
            0.007948390208184719,
            0.010976037941873074,
            0.12453216314315796,
            0.0,
            0.0,
            0.0
        ],
        "count": [
            919
        ]
    },
    "observation.state": {
        "min": [
            0.8000107407569885,
            0.49866634607315063,
            0.9975303411483765,
            0.999976396560669,
            -0.0016184335108846426,
            -0.0064523848704993725,
            0.0015449358616024256,
            0.8001470565795898,
            -0.4999859929084778,
            0.9979062080383301,
            0.9999814033508301,
            0.0005821507656946778,
            -0.006058486178517342,
            -2.250059333164245e-05,
            0.6317999958992004,
            -0.8294000029563904,
            -0.6223999857902527,
            -1.69350004196167,
            0.5455999970436096,
            0.9987000226974487,
            0.736299991607666,
            -0.5616999864578247,
            -0.7838000059127808,
            0.6025000214576721,
            -1.6836999654769897,
            -0.6186000108718872,
            0.9409999847412109,
            0.8770999908447266,
            0.0,
            -0.007923901081085205,
            8.698708552401513e-05,
            0.00033118907595053315
        ],
        "max": [
            0.8001105189323425,
            0.49891239404678345,
            0.9980050325393677,
            0.9999837279319763,
            -0.001328226993791759,
            -0.005330821964889765,
            0.0018613558495417237,
            0.8002647161483765,
            -0.4998500645160675,
            0.9982548952102661,
            0.9999868869781494,
            0.0008929325849749148,
            -0.005061462055891752,
            0.0001556363276904449,
            0.6452000141143799,
            -0.8223000168800354,
            -0.6208999752998352,
            -1.692199945449829,
            0.552299976348877,
            1.0042999982833862,
            0.7450000047683716,
            -0.49939998984336853,
            -0.7523000240325928,
            0.612500011920929,
            -1.677299976348877,
            -0.590399980545044,
            0.9679999947547913,
            0.9146000146865845,
            0.3749000132083893,
            -0.005329668987542391,
            9.391122875967994e-05,
            0.0003462879976723343
        ],
        "mean": [
            0.8000680208206177,
            0.49872705340385437,
            0.9976511001586914,
            0.9999861717224121,
            -0.001512737013399601,
            -0.006200618576258421,
            0.0017452446045354009,
            0.8002070188522339,
            -0.4999377131462097,
            0.997982919216156,
            0.9999871850013733,
            0.0007717031403444707,
            -0.005787693429738283,
            5.8516849094303325e-05,
            0.639599621295929,
            -0.8262556195259094,
            -0.6218017339706421,
            -1.6929121017456055,
            0.5483806729316711,
            1.0018376111984253,
            0.7413305044174194,
            -0.5327194333076477,
            -0.7689184546470642,
            0.6080776453018188,
            -1.6807377338409424,
            -0.6036276817321777,
            0.9553831219673157,
            0.8946673274040222,
            0.18413886427879333,
            -0.007019702345132828,
            9.067625069292262e-05,
            0.00034114622394554317
        ],