# Converted from head.usd for MuJoCo visual rendering only.
# Uniform scale: 5.92723875514; target local-Z size: 0.2 m.
v 0.02211240118 0.05284681856 -0.06778527417
v 0.02545849714 0.05514874101 -0.07600476501
v 0.01902768946 0.05657298936 -0.07769278922
v 0.01632343208 0.05432935439 -0.06944724317
v 3.430276737e-05 0.05643690058 -0.07200657121
v 3.430276737e-05 0.05643690058 -0.07200657121
v 0.005759967842 0.05623847802 -0.07195674615
v 0.006425851956 0.05839547942 -0.07999536306
v 3.493715311e-05 0.05864827566 -0.08024733679
v 3.493715311e-05 0.05864827566 -0.08024733679
v 0.012242208 0.05172987263 -0.06023775378
v 0.01858901801 0.0502958591 -0.05954893577
v 0.005694850522 0.05144704113 -0.05707236061
v 1.723200703e-05 0.0514136717 -0.05627031285
v 1.723200703e-05 0.0514136717 -0.05627031285
v 7.724560545e-06 0.0485417198 -0.04936900026
v 7.724560545e-06 0.0485417198 -0.04936900026
v 0.005634991855 0.04856614656 -0.05002126922
v 0.01132907645 0.04847444547 -0.05158204796
v 0.01663735042 0.04794185383 -0.05290728652
v 0.007096607965 0.06012591511 -0.08745722695
v 0.01272335855 0.0576740096 -0.07914918152
v 0.01410986548 0.05943756079 -0.08653814604
v 0.02108758 0.05827293162 -0.08517662892
v 0.005409182349 0.05395678148 -0.06414694585
v 2.678094105e-05 0.0540118783 -0.06372990244
v 2.678094105e-05 0.0540118783 -0.06372990244
v 0.009552683962 0.05387136235 -0.06515709303
v 0.01110442342 0.05558647955 -0.07132753495
v 0.04618656081 0.03156441929 -0.05316054093
v 0.04714211902 0.02851483104 -0.0529139052
v 0.05526757926 0.02866210093 -0.05615146908
v 0.05421726732 0.03238152608 -0.05651713075
v 0.03472218082 0.05481515155 -0.08158398554
v 0.02805289483 0.05669175032 -0.08350552404
v 0.03164805817 0.05341456265 -0.07413605456
v 0.02331922378 0.04881706594 -0.05879916955
v 0.02763912212 0.0511886364 -0.06616733958
v 0.02843531298 0.03750349979 -0.04425593612
v 0.02681259515 0.03968916468 -0.04545501944
v 0.02075135327 0.04004922337 -0.03898675325
v 0.02250765786 0.03815006089 -0.03761320215
v 0.01594577922 0.03948189605 -0.03088998133
v 0.01808702881 0.03786345636 -0.02957729841
v 0.05695362725 0.04209293705 -0.06403155772
v 0.05384158102 0.04548374641 -0.06784631622
v 0.04815928785 0.04392992584 -0.06227415047
v 0.05065542097 0.04042346062 -0.05946176674
v 0.05017611554 0.04818718128 -0.07200909945
v 0.04521974974 0.046817958 -0.0655383271
v 0.03354417075 0.03970475364 -0.05148255791
v 0.03520749772 0.03707163747 -0.05021935505
v 0.04325709977 0.03828292865 -0.0550535015
v 0.0412868844 0.04151600739 -0.05686135207
v 0.0389401078 0.04440537819 -0.05908823331
v 0.03163684394 0.04223109866 -0.05307634176
v 0.02510925523 0.04182636522 -0.04712712071
v 0.0189762525 0.04195821451 -0.04122185955
v 0.02334512442 0.04389864303 -0.0492554945
v 0.01755878154 0.04389073263 -0.04445445804
v 0.02939922872 0.0446550721 -0.05496459362
v 0.04582283673 0.05054834621 -0.07590582698
v 0.04159165858 0.04928343761 -0.06882193473
v 0.03600512106 0.04698992238 -0.06154799955
v 0.03228742649 0.04925849196 -0.06402475686
v 0.02672343887 0.04691269518 -0.05705309522
v 0.04068516366 0.05275002236 -0.07912493693
v 0.03708894321 0.05146247553 -0.07176003484
v 0.01253685266 0.04137248846 -0.03328164797
v 0.01168695744 0.04374084342 -0.04034402811
v 0.02164718598 0.04588203504 -0.05176446202
v 0.02043908132 0.04743271739 -0.0541065658
v 0.01658528278 0.04584414183 -0.04817624582
v 0.005809613157 0.04357775548 -0.03769867096
v -1.142864212e-06 0.04349696777 -0.03678528687
v -1.142864212e-06 0.04349696777 -0.03678528687
v -1.492708182e-06 0.04197722598 -0.02958470924
v -1.492708182e-06 0.04197722598 -0.02958470924
v 0.005999433216 0.04188530133 -0.03050080926
v 0.005589156148 0.04582867431 -0.04368822238
v 1.168890873e-06 0.04575578045 -0.04300492454
v 1.168890873e-06 0.04575578045 -0.04300492454
v 0.01116951521 0.04592107922 -0.04554075322
v 0.04865793596 0.01893017425 -0.05360805018
v 0.04841408792 0.01504964842 -0.0544591281
v 0.05589834715 0.01353750929 -0.05754411445
v 0.05645486322 0.01766249866 -0.05672886244
v 0.04843454567 0.02239502566 -0.05312825345
v 0.05644022924 0.02150220834 -0.05629537443
v 0.0560077183 0.02510937391 -0.0561177298
v 0.04789380626 0.02552979568 -0.05291670945
v 0.0409051618 0.02081440605 -0.04949699095
v 0.04114422938 0.01697450178 -0.05035709988
v 0.03960534088 0.02687098201 -0.04877408037
v 0.04034794467 0.02407007471 -0.04900661206
v 0.02932032891 0.02737723139 -0.03692990983
v 0.03412262398 0.02596901362 -0.04352525865
v 0.03316362671 0.02866786399 -0.04324650656
v 0.02818049635 0.03007510193 -0.03661988046
v 0.02694710241 0.032351811 -0.03650229805
v 0.03218176213 0.03099726034 -0.04313029039
v 0.03113674127 0.03314653074 -0.04319259933
v 0.02561523965 0.03435771151 -0.0365665142
v 0.03140298465 0.02018669081 -0.03849637435
v 0.03572087088 0.01875602389 -0.04495723247
v 0.03500745223 0.02272362352 -0.04403209041
v 0.03037971326 0.02413106984 -0.03749200403
v 0.02501070085 0.02992179021 -0.02858550304
v 0.0264794611 0.02704016421 -0.02884643049
v 0.02773480876 0.0237750326 -0.02965137358
v 0.02862419392 0.02061386926 -0.03066658552
v 0.02342953336 0.03235658595 -0.02854452957
v 0.02173399758 0.03444277735 -0.02863651494
v 0.03875878397 0.02939302405 -0.04874342134
v 0.03780301324 0.03183505949 -0.04891697552
v 0.05918044225 0.003559383311 -0.06322652354
v 0.05285517058 0.004744913921 -0.06054689993
v 0.05058892499 0.000430696225 -0.06282487036
v 0.05667690106 -0.0008770597312 -0.06562913944
v 0.06118476124 0.008081320265 -0.06141034855
v 0.05468370523 0.009190412373 -0.05880353048
v 0.04814290951 -0.003564096503 -0.06552368209
v 0.05380763197 -0.005151060867 -0.06861047353
v 0.05054315173 -0.009363305517 -0.07202695168
v 0.04550367699 -0.00733207087 -0.0684141376
v 0.04758967242 0.01077656044 -0.05576403034
v 0.01396032681 -0.01003009321 -0.05880462347
v 0.01524950208 -0.01286295402 -0.07006479025
v 0.01869758873 -0.01237621568 -0.07034454149
v 0.0169293454 -0.008595237859 -0.06014642254
v 0.02238222439 -0.01199416463 -0.07025047777
v 0.02002277623 -0.006989785061 -0.06137490906
v 0.02359378881 -0.005359486663 -0.06204589691
v 0.02631398569 -0.01134346616 -0.0697396632
v 0.0304363447 -0.01026666567 -0.06903881674
v 0.02768306268 -0.003900787618 -0.06246147196
v 0.006258601807 -0.01436880982 -0.06995589935
v 0.005382644816 -0.01206590339 -0.05852623572
v 0.002753748645 -0.01267865206 -0.05872204723
v 0.00323538445 -0.01442735399 -0.07035313088
v 0.01768320068 -0.006808775195 -0.05014410959
v 0.02069282703 -0.004846214584 -0.05194582173
v 0.01431466936 -0.008328051219 -0.04633540671
v 0.0240317868 -0.00248871884 -0.05304559993
v 0.03452164956 -0.008900666864 -0.06819037194
v 0.03201108671 -0.003387251951 -0.06309177616
v 0.0282838864 0.0003251248042 -0.05359684975
v 0.03225441862 0.0003691232861 -0.05765924866
v 0.03399258531 0.004139071676 -0.05338684035
v 0.03124580881 0.004822066595 -0.04918732039
v 0.0325585635 0.009608334879 -0.044829711
v 0.03549886064 0.008791474427 -0.04968249631
v 0.03049690374 0.009557704558 -0.04013954165
v 0.03006190872 0.005759459296 -0.04514345821
v 0.02811990695 0.003443010856 -0.04527550899
v 0.02526431132 0.000632154487 -0.04448232662
v 0.02236887799 -0.002012271306 -0.0431097664
v 0.01963195362 -0.004285900986 -0.04138123241
v 0.01715804747 -0.006100501342 -0.03951884531
v 0.002703491281 -0.01307648114 -0.04933556459
v 0.00531411948 -0.01236058669 -0.04914409745
v 0.005422327602 -0.01286786145 -0.04200059011
v 0.002749676311 -0.01358893106 -0.04227679464
v 0.01067153711 -0.0102641885 -0.04859953255
v 0.0109183902 -0.01101721438 -0.05848562382
v 0.01315688244 -0.008877021901 -0.03975535705
v 0.01061598763 -0.01041068763 -0.04097714483
v 0.01517708433 -0.007512789547 -0.03894534368
v 0.02941350388 0.015916779 -0.03226028932
v 0.03237986451 0.01522064677 -0.04067893414
v -7.165718676e-06 -0.01384191085 -0.04238749891
v -1.590827104e-05 -0.01335585839 -0.04942934126
v -2.267109807e-05 -0.01295483037 -0.05883347189
v 0.003733811063 -0.0195745466 -0.0800703601
v 0.007266208327 -0.01995568959 -0.07940633318
v 0.01788307504 -0.02009816659 -0.07758998155
v 0.02166894236 -0.01945946621 -0.07728944135
v 0.02563349485 -0.01857559295 -0.07687927606
v 0.02981213753 -0.01742182609 -0.07618822238
v 0.03407983161 -0.01584700404 -0.07517534272
v 0.03761056075 -0.01935908742 -0.08094204483
v 0.04222113751 -0.01693040941 -0.0786474366
v 0.03831031974 -0.01373022123 -0.0735657491
v 0.04226293349 -0.01085412989 -0.07121359861
v 0.04666405563 -0.01347140938 -0.07554534324
v 0.04050829461 -0.0048913651 -0.06538186889
v 0.03630137485 -0.003589868457 -0.06375707272
v 0.03819270973 -0.007242215592 -0.06709882983
v 0.04225582074 -0.001662774601 -0.06281049031
v 0.03679703103 -0.0002270794684 -0.0603189831
v 0.04423012104 0.00203519951 -0.0600863686
v 0.03837026052 0.00335773732 -0.05698418692
v 0.03997876666 0.007723813274 -0.05399045452
v 0.0461467797 0.00628609088 -0.05763899515
v 0.04091358006 0.01252152453 -0.05176338559
v 0.03602658073 0.01398504889 -0.04673225182
v 0.03144023476 0.05850068837 -0.095273254
v 0.02391399739 0.06046481498 -0.09704846379
v 0.02347190895 0.06005403696 -0.09514475545
v 0.03089630193 0.05810917022 -0.09340391424
v 0.007651017395 0.06143131969 -0.09347392105
v 2.029118998e-05 0.06161353502 -0.09381542093
v 2.029118998e-05 0.06161353502 -0.09381542093
v 2.877888725e-05 0.06033171813 -0.08779457566
v 2.877888725e-05 0.06033171813 -0.08779457566
v 0.01615812365 0.06195297035 -0.0984006739
v 0.01583793992 0.06154384838 -0.0964061477
v 0.01518059654 0.06070181801 -0.09257608728
v 0.06230248551 0.02927576181 -0.05918364947
v 0.06821297152 0.02989364286 -0.0616612293
v 0.0670301037 0.0343218856 -0.06271515143
v 0.06115991495 0.03346724993 -0.05981158551
v 0.057657151 0.04862745358 -0.08188968711
v 0.05631385044 0.04855048583 -0.08042063705
v 0.0614880008 0.04587347326 -0.07564969656
v 0.06317876854 0.04587861806 -0.07705354235
v 0.06769706735 0.04276638414 -0.07247570297
v 0.06575660019 0.04286888268 -0.07104481385
v 0.03676191998 0.05551536319 -0.08754595267
v 0.02984032077 0.05751643079 -0.08960604746
v 0.05151355368 0.05119827462 -0.08641597913
v 0.0505124651 0.05107347458 -0.08480500547
v 0.04515292806 0.05372963195 -0.09018198901
v 0.04438375568 0.05354271895 -0.08840035925
v 0.03854983721 0.05621407335 -0.09307072775
v 0.0379190638 0.05592987837 -0.09120860286
v 0.0731034734 0.01180034865 -0.0646183464
v 0.07433718752 0.01655252747 -0.06343046627
v 0.07242468002 0.01656472566 -0.06259326053
v 0.07135218803 0.01182091543 -0.06362021663
v 0.06339622464 0.0212216829 -0.05901171822
v 0.06905836919 0.02119828842 -0.06101873105
v 0.06885245024 0.02556231501 -0.06115285465
v 0.06303661861 0.02525746355 -0.05897336407
v 0.06946475315 0.002434459352 -0.06877210415
v 0.06775466482 0.002467918145 -0.06759020788
v 0.06510644546 -0.002122662138 -0.07047432624
v 0.06679659494 -0.002160246397 -0.07174330872
v 0.06976871586 0.007111322672 -0.06530010963
v 0.07147081099 0.007080566347 -0.06639182838
v 0.06325772907 -0.006828337302 -0.07519957627
v 0.06166759958 -0.006750465626 -0.0738584065
v 0.05748800743 -0.01139343475 -0.07760859005
v 0.05892987616 -0.0115554159 -0.07902810209
v 0.004232344974 -0.02399890038 -0.08761922742
v 0.004632778197 -0.02777641154 -0.09329431676
v 0.009157775051 -0.02781213808 -0.0927733782
v 0.008286225572 -0.02445892385 -0.08690140091
v 0.02021262182 -0.02384161138 -0.0850851376
v 0.02223485237 -0.02675652677 -0.09068143754
v 0.02660074478 -0.02592537667 -0.08984512608
v 0.02429200768 -0.02309581554 -0.08450060667
v 0.03110341875 -0.02483223372 -0.08874923408
v 0.02856393297 -0.02218941584 -0.0836772124
v 0.03376592431 -0.02697703002 -0.09392398062
v 0.03863144466 -0.02517741278 -0.09213449014
v 0.03763527732 -0.02466372773 -0.09028159498
v 0.03284740094 -0.02636035512 -0.09201293597
v 0.04367671559 -0.02290328439 -0.08975269081
v 0.0425882427 -0.02249400509 -0.0879485498
v 0.04059580864 -0.02148061205 -0.08518117754
v 0.04551776446 -0.01873926327 -0.08245660317
v 0.05278122236 -0.01581349108 -0.08145241226
v 0.05410039425 -0.01609023382 -0.08299590182
v 0.04770131237 -0.01959597729 -0.08497488322
v 0.04892172287 -0.01997695743 -0.0866769121
v 0.008012614833 -0.01177734334 -0.04162008746
v 0.007892877489 -0.01141796846 -0.04898220738
v 0.008056896957 -0.01153430607 -0.05844167221
v -1.701634299e-05 -0.01437845908 -0.07056946639
v -6.400579275e-06 -0.01936264655 -0.08036549054
v 3.438686306e-06 -0.02376178143 -0.08793805595
v 9.075515319e-06 -0.02773721556 -0.09350641278
v 0.01213292793 -0.01357383753 -0.06974498465
v 0.01422548547 -0.02039334256 -0.07801388654
v 0.01623285987 -0.02440487034 -0.08559777383
v 0.01791725042 -0.02734435049 -0.09142425387
v 0.009182348093 -0.01411496474 -0.06968683516
v 0.01070224721 -0.02028712757 -0.07865629647
v 0.01226366077 -0.02464556636 -0.08618336463
v 0.01357242851 -0.0276895682 -0.0921253653
v 0.07494404754 0.02129181254 -0.06295591922
v 0.07288551496 0.02124483174 -0.06222503751
v 0.07508328834 0.02595401256 -0.06311120716
v 0.07465262666 0.03054031436 -0.06398958233
v 0.07234838574 0.03034239414 -0.06315009677
v 0.0728776156 0.02582267388 -0.06240339424
v 0.06511598432 0.03882127231 -0.06476711501
v 0.05942646525 0.03789667399 -0.06128254003
v 0.04491503904 0.03485697788 -0.05381624896
v 0.05271279432 0.03640331586 -0.05751661848
v 0.03663955159 0.03439011492 -0.04937398498
v 0.02990894478 0.03530081897 -0.04352453551
v 0.02414378832 0.03625694024 -0.03688070855
v 0.01995302058 0.03624188949 -0.02891932987
v 0.06224514197 0.04281914042 -0.06823839743
v -0.02213155065 0.05284434 -0.06778671494
v -0.01635992593 0.05432546819 -0.06945031791
v -0.01906431717 0.05656945645 -0.07769496417
v -0.02547878653 0.05514574908 -0.0760057752
v -0.006406903968 0.05839501021 -0.07999853163
v -0.005741903772 0.05623812473 -0.0719592799
v -0.01226716746 0.05172657157 -0.0602411818
v -0.01860510792 0.05029440729 -0.05955057526
v -0.005685109835 0.05144685897 -0.05707425955
v -0.005630454619 0.04856609687 -0.05002272102
v -0.01133881266 0.04847328072 -0.05158430571
v -0.01664711836 0.04794136253 -0.05290837951
v -0.007079627918 0.06012541829 -0.08746075434
v -0.01413997112 0.05943685973 -0.08654096133
v -0.01275938595 0.05767172977 -0.07915252675
v -0.02112190995 0.05826973544 -0.0851779924
v -0.005395120058 0.05395706852 -0.06414948513
v -0.0111418978 0.0555827148 -0.07133151499
v -0.009581415764 0.05386895003 -0.06516089091
v -0.04618294234 0.03155658341 -0.0531580955
v -0.05421177475 0.03237217215 -0.05651125177
v -0.05526491302 0.02865713554 -0.05614957566
v -0.04714083834 0.02851108009 -0.05291264108
v -0.03472984006 0.05481325813 -0.08158506197
v -0.03165592717 0.05341324885 -0.07413704267
v -0.02807342987 0.05668755499 -0.08350598773
v -0.02332658492 0.04881727571 -0.05880033982
v -0.02764715397 0.05118949754 -0.06616806824
v -0.02843680342 0.03749789957 -0.04425403718
v -0.02251043174 0.03814823095 -0.03761275226
v -0.02075374764 0.04004837878 -0.03898621503
v -0.02681334314 0.03968696765 -0.0454538464
v -0.01808966607 0.03786257865 -0.02957730117
v -0.01594814738 0.03948006335 -0.03089007241
v -0.05695160687 0.04207418779 -0.06400837852
v -0.05065310802 0.04040552558 -0.05944548776
v -0.04815802925 0.04392229421 -0.0622634855
v -0.05384131053 0.0454762859 -0.06783103639
v -0.04521507691 0.04681958645 -0.06553759844
v -0.05017143444 0.04818928998 -0.07200659329
v -0.03354356354 0.03970117105 -0.05147903053
v -0.03520740939 0.03706134511 -0.05021411088
v -0.0412853636 0.04150999317 -0.05685493211
v -0.04325577217 0.03826783374 -0.05504301869
v -0.03163463587 0.04223092753 -0.05307742371
v -0.03893650313 0.04440732681 -0.05908813947
v -0.02510941531 0.04182562 -0.04712820819
v -0.01897840675 0.04195743893 -0.04122267101
v -0.01756153059 0.04388971415 -0.04445571663
v -0.02334637474 0.04389850503 -0.04925748728
v -0.029397799 0.04465557167 -0.05496757451
v -0.04158578788 0.04928605969 -0.06882608038
v -0.04581566327 0.05055162519 -0.07590980703
v -0.03600101406 0.04699076696 -0.06155224456
v -0.02672527985 0.04691257926 -0.05705571178
v -0.03228814687 0.04926034121 -0.06402729614
v -0.03708772325 0.0514633422 -0.0717631151
v -0.0406826989 0.05275161217 -0.07912821039
v -0.01253964173 0.04137168528 -0.03328218895
v -0.01169037028 0.04374023068 -0.04034475126
v -0.02165059745 0.04588164311 -0.05176600215
v -0.02044580765 0.0474335123 -0.05410720062
v -0.01659016261 0.04584341593 -0.04817751546
v -0.005812480886 0.04357756503 -0.03769912638
v -0.006002478281 0.04188492872 -0.0305009859
v -0.005589799938 0.04582871295 -0.04368894829
v -0.01117416665 0.04592050236 -0.04554193453
v -0.04866724297 0.01892709123 -0.05360841451
v -0.05646717872 0.0176585407 -0.05673275968
v -0.05591116499 0.01353504729 -0.05754998791
v -0.04842292019 0.01504830702 -0.05446273277
v -0.04844110364 0.02239036526 -0.05312797744
v -0.04789657186 0.02552553962 -0.05291571582
v -0.05601053359 0.02510334589 -0.05611837014
v -0.05644863646 0.02149588637 -0.0562983498
v -0.04114756908 0.01697474742 -0.05036360816
v -0.04090984567 0.02081324267 -0.04949978968
v -0.04035249882 0.02406760443 -0.04900660654
v -0.03960867506 0.02686878498 -0.04877208759
v -0.02932170344 0.02737622948 -0.03693180877
v -0.02817991949 0.0300735618 -0.03662177111
v -0.03316728382 0.02866713533 -0.04324487259
v -0.03412634458 0.02596768878 -0.04352525865
v -0.02695032619 0.03235201801 -0.03650193372
v -0.0256176768 0.03435653296 -0.03656659976
v -0.03113735125 0.0331433318 -0.04319224052
v -0.03218453877 0.03099670004 -0.0431286647
v -0.03140587722 0.02018662181 -0.03849990726
v -0.03038030668 0.02412971188 -0.0374960862
v -0.03500813397 0.02272262575 -0.04403653691
v -0.03572187004 0.01875612739 -0.04496255944
v -0.02501134947 0.02992702058 -0.02858604677
v -0.02647723923 0.02704650965 -0.02885348527
v -0.02862801112 0.0206157889 -0.03068604136
v -0.02773805739 0.02377673557 -0.02967028569
v -0.0234288461 0.03235448829 -0.02854534655
v -0.02173623324 0.03444114614 -0.02863714424
v -0.03780182916 0.03182943168 -0.04891535811
v -0.03875991837 0.02939100643 -0.04874116359
v -0.05916027155 0.003479815563 -0.06327048066
v -0.05661798428 -0.001003831327 -0.06571062821
v -0.05053927657 0.0003271176291 -0.0628875519
v -0.05283576718 0.004686577096 -0.06058026936
v -0.06119306357 0.008056270418 -0.06142871416
v -0.05468951245 0.009175048357 -0.05881555341
v -0.0537403466 -0.005263731012 -0.06870870498
v -0.04809366406 -0.003664984187 -0.06559803327
v -0.05050467614 -0.009435748795 -0.07209876359
v -0.04547798059 -0.0073949125 -0.06847898857
v -0.04759391743 0.01076643438 -0.05577107408
v -0.01396573657 -0.01003187623 -0.05880371265
v -0.0169364264 -0.008589351286 -0.06014994993
v -0.01871081092 -0.01237668489 -0.07034417164
v -0.01525492565 -0.01287231899 -0.07006009258
v -0.0200314291 -0.006986388776 -0.06137852477
v -0.02240233161 -0.01199691505 -0.07025174741
v -0.02359865484 -0.005358205983 -0.06204906549
v -0.02768190344 -0.003904118006 -0.06246492207
v -0.03045802241 -0.01027529508 -0.0690466885
v -0.02633553367 -0.01134468405 -0.0697454373
v -0.006235426058 -0.01435207266 -0.06996251252
v -0.003234878664 -0.0144101007 -0.07036144425
v -0.002758891892 -0.01268213943 -0.05872375849
v -0.005363148951 -0.01207459766 -0.05852234952
v -0.01768852213 -0.00680698597 -0.05014429728
v -0.02069637788 -0.004842106197 -0.05194735633
v -0.01431837201 -0.008324986834 -0.04633477189
v -0.02403649551 -0.002487527691 -0.05304858634
v -0.03200417822 -0.003401826238 -0.06310651502
v -0.03453830116 -0.008920622973 -0.06820819657
v -0.02828342546 0.000322344902 -0.05360453383
v -0.03224098252 0.0003510985469 -0.05767842574
v -0.03124586125 0.00481530473 -0.04919356922
v -0.03398280356 0.004119761081 -0.05340474779
v -0.03256041827 0.009604540451 -0.04483350611
v -0.03549557061 0.008781467046 -0.049691991
v -0.03006230893 0.005759358208 -0.0451469856
v -0.03049800501 0.009557596915 -0.0401419788
v -0.02812231375 0.003442827655 -0.0452779489
v -0.02526644763 0.0006337430456 -0.04448368182
v -0.02236985506 -0.002008667497 -0.04311021905
v -0.01963393674 -0.004282362556 -0.04138087084
v -0.01716245257 -0.00609658271 -0.0395170347
v -0.002709630746 -0.01307264463 -0.04933809835
v -0.005305163347 -0.0123634351 -0.04914672505
v -0.005422137501 -0.01286459351 -0.04200655741
v -0.002756070912 -0.01359008202 -0.04227978105
v -0.01091573845 -0.01101665822 -0.05848245524
v -0.0106732325 -0.0102630265 -0.04859944423
v -0.01062343779 -0.01040410276 -0.04098066946
v -0.01316803595 -0.008870405285 -0.03975208635
v -0.01518822956 -0.007509097932 -0.03894064049
v -0.02941523722 0.01591746902 -0.03227222393
v -0.03238275984 0.01521979804 -0.04068192056
v -0.007241052216 -0.01995146803 -0.07940986609
v -0.003727183062 -0.01956530445 -0.08007724928
v -0.02168943599 -0.01945421515 -0.07729721375
v -0.0178940243 -0.02010503644 -0.07758879471
v -0.02566102671 -0.01857791832 -0.07688326163
v -0.02984286833 -0.01742249956 -0.07619653024
v -0.03410999107 -0.01585114831 -0.07518872914
v -0.03765020938 -0.01936314336 -0.08095289748
v -0.03833387431 -0.01374573291 -0.07358717289
v -0.04225015153 -0.01694311684 -0.07866669648
v -0.0466639949 -0.01350592425 -0.07558614282
v -0.04226613794 -0.01088715845 -0.07125503302
v -0.0404930065 -0.004950115592 -0.06542455637
v -0.03819692162 -0.007282258225 -0.06712758441
v -0.03629150203 -0.003624417484 -0.06378881922
v -0.04222057445 -0.001735490092 -0.06286873364
v -0.03677130979 -0.0002695837089 -0.06035796655
v -0.04419273292 0.0019626617 -0.06013628199
v -0.03834463864 0.003313348243 -0.05701774404
v -0.03997065477 0.007699617673 -0.05400501673
v -0.04613300135 0.006244427387 -0.05765970131
v -0.04091652231 0.01251578355 -0.0517684531
v -0.03602892956 0.01398277458 -0.04673660172
v -0.03145859209 0.05849967265 -0.09527118945
v -0.03091521403 0.05810817107 -0.09340239068
v -0.02349713338 0.06005366158 -0.09514366246
v -0.02393653073 0.06046110543 -0.09704756952
v -0.007636817445 0.06143506788 -0.09347572063
v -0.01585288992 0.06154626069 -0.09640716342
v -0.0161699244 0.06195144126 -0.0984030255
v -0.01520275175 0.06070444009 -0.09257727964
v -0.06229867659 0.02926999323 -0.05918183334
v -0.0611525952 0.03345748475 -0.05980372479
v -0.06702124383 0.03431224738 -0.06270519305
v -0.06820859954 0.02988817789 -0.06165905435
v -0.05765441851 0.04862046504 -0.08188498944
v -0.06318262162 0.04586090935 -0.07703193088
v -0.06149185388 0.04586267028 -0.07562880271
v -0.05631073706 0.04854713509 -0.0804157517
v -0.06769057563 0.04274400813 -0.07243872334
v -0.06575632418 0.04285352557 -0.07101016926
v -0.0298602679 0.05751371487 -0.08960532984
v -0.03676895544 0.05551385066 -0.08754623419
v -0.05050410756 0.05107663212 -0.08480699273
v -0.05150420251 0.05120078629 -0.08641759102
v -0.04437940027 0.05354586545 -0.0884019049
v -0.04514758178 0.05373449522 -0.09018208285
v -0.03792578461 0.05593052975 -0.0912081502
v -0.03855660218 0.05621699352 -0.0930691821
v -0.07312414644 0.01178389992 -0.06464502539
v -0.07137332477 0.01180382912 -0.06363913426
v -0.07244434839 0.01655894328 -0.06260229705
v -0.07435552553 0.01654854742 -0.06344595035
v -0.06340749131 0.02121432865 -0.05901488128
v -0.06304015704 0.0252500886 -0.05897518021
v -0.06885674493 0.02555611861 -0.06115458246
v -0.06907148511 0.0211921348 -0.06102226395
v -0.06944773999 0.002318818664 -0.06886633347
v -0.06672432486 -0.002326665932 -0.07186569092
v -0.06503829343 -0.002269491449 -0.07059108338
v -0.06773490261 0.002363373691 -0.06767702361
v -0.0714853456 0.007026966175 -0.0664434751
v -0.06977966236 0.007061456205 -0.06534514319
v -0.06315980123 -0.006994466166 -0.07530214657
v -0.05886988846 -0.01167777877 -0.07907875518
v -0.05742610975 -0.01149170001 -0.07767128815
v -0.06157674308 -0.00689306338 -0.07396323456
v -0.004217027879 -0.02399659571 -0.08762024865
v -0.008261485544 -0.02445432279 -0.08690257671
v -0.009130471594 -0.02781239753 -0.09276967969
v -0.004610478085 -0.02777757353 -0.09329070657
v -0.02022469719 -0.02384367593 -0.08508675501
v -0.02431796076 -0.02309599219 -0.08450430518
v -0.02663208555 -0.02592050788 -0.08985081737
v -0.02224882117 -0.02675259917 -0.09068579296
v -0.02859906886 -0.02218920746 -0.08368291474
v -0.03114655061 -0.02482588 -0.08875583068
v -0.03382200649 -0.02697144636 -0.09392733688
v -0.03289723152 -0.02634867168 -0.09202008459
v -0.03769341024 -0.02465585044 -0.0902875678
v -0.03869857546 -0.02517731066 -0.09213810585
v -0.04264765906 -0.02249336889 -0.08795939693
v -0.04374589713 -0.02291332834 -0.08975785217
v -0.04555163623 -0.01874855786 -0.08247468725
v -0.04064372373 -0.02147730409 -0.08519023062
v -0.05410537897 -0.01615891027 -0.08301009971
v -0.05277743001 -0.01586386954 -0.08148197278
v -0.04897571014 -0.02000850244 -0.08668433673
v -0.04774922745 -0.01961683939 -0.08499577707
v -0.007888662838 -0.01141867366 -0.04898301885
v -0.008016461013 -0.01177578941 -0.04162777982
v -0.008042899183 -0.01153243335 -0.05843687519
v -0.0121312498 -0.01358745166 -0.06973585429
v -0.01622787239 -0.02440873446 -0.08559686852
v -0.01422105691 -0.02039424373 -0.07801596213
v -0.01791168057 -0.02734191886 -0.09142604792
v -0.009169052071 -0.01411268353 -0.06968556552
v -0.0122433562 -0.02464622326 -0.08618247589
v -0.0106828093 -0.02029172587 -0.07865485571
v -0.01355098817 -0.02768785971 -0.09212437167
v -0.07289818927 0.02124096072 -0.06223084473
v -0.07495366368 0.02129015373 -0.06296714173
v -0.07508327178 0.02595166924 -0.06311934941
v -0.0728811209 0.02581892569 -0.062405928
v -0.07234172841 0.03033786208 -0.06314801566
v -0.07463946105 0.03053510332 -0.0639935679
v -0.05942050898 0.0378772071 -0.06126527293
v -0.06510942635 0.03880313027 -0.06474413454
v -0.04491197535 0.03484163181 -0.05380910585
v -0.05270816842 0.03638527594 -0.05750403801
v -0.03663806114 0.03437871577 -0.04937118625
v -0.02991123565 0.03529569349 -0.04352226671
v -0.02414682165 0.03625485913 -0.03688025865
v -0.01995569097 0.03624027208 -0.0289194182
v -0.06224563327 0.04280238946 -0.06820836218
v 0.02257136615 0.05930740067 -0.09130600628
v 0.007996268226 0.06229493392 -0.09730217086
v 0.008162107281 0.06269959007 -0.09935620451
v 1.400249795e-05 0.06289074256 -0.09970630481
v 1.400249795e-05 0.06289074256 -0.09970630481
v 1.482041725e-05 0.06248179724 -0.09764241214
v 1.482041725e-05 0.06248179724 -0.09764241214
v 0.07335158854 0.03496244351 -0.06579273523
v 0.07109395442 0.03482984624 -0.06464754811
v 0.05387790927 0.04849579197 -0.07727313476
v 0.05842480809 0.04588852953 -0.0726747769
v 0.04871206676 0.05091342274 -0.08148341354
v 0.04302458187 0.05326885773 -0.08491570146
v 0.06881062942 0.01669055659 -0.06130055235
v 0.06795641604 0.01205257494 -0.06215704556
v 0.06443571153 0.002807821482 -0.06571595517
v 0.06182554272 -0.001728151369 -0.06838627178
v 0.06646430271 0.007408590104 -0.06364635464
v 0.05859811939 -0.006219462413 -0.07162854988
v 0.05477074177 -0.01071415284 -0.07530061197
v 0.00490007317 -0.02977829336 -0.09734497427
v 0.005048372916 -0.03040657717 -0.09982752777
v 0.01001464087 -0.03024024061 -0.09936697988
v 0.0097144029 -0.02966099248 -0.09688805866
v 0.02363144742 -0.0285780094 -0.09439373615
v 0.02439211874 -0.02929922806 -0.09657874138
v 0.02904643734 -0.02833000191 -0.09534383491
v 0.02820117767 -0.02765980896 -0.09331981995
v 0.03578047217 -0.0234097325 -0.08723857297
v 0.050375195 -0.0150534049 -0.07907449913
v 1.231181747e-05 -0.02982857936 -0.09751283164
v 1.40425987e-05 -0.03050436425 -0.1
v 0.01905911855 -0.02913569575 -0.09536770413
v 0.01968004673 -0.02977868253 -0.09769525122
v 0.01443075718 -0.0294578971 -0.0962204933
v 0.01489237046 -0.03003012357 -0.09865104679
v 0.07109541174 0.0391199467 -0.06861525952
v 0.06896947787 0.03915444501 -0.06722869738
v -0.02260147869 0.05930604271 -0.09130582411
v -0.007983596673 0.06229829018 -0.09730388212
v -0.008148820229 0.06269965079 -0.09935892043
v -0.07108091025 0.03482088424 -0.0646349842
v -0.07332897792 0.03495194139 -0.06578304733
v -0.05842737497 0.04588136986 -0.07265579303
v -0.05387432116 0.04849695121 -0.0772692596
v -0.048704333 0.05091711021 -0.08148658764
v -0.0430209082 0.05327053587 -0.08491850571
v -0.06797596297 0.01204127791 -0.06216916234
v -0.06882961329 0.01668523376 -0.06130688398
v -0.06175995756 -0.001864857203 -0.06849019452
v -0.06441410558 0.002713092411 -0.06578143544
v -0.06647360972 0.00736945347 -0.06367593172
v -0.05471754388 -0.01079690089 -0.07537050837
v -0.05851634357 -0.00634636977 -0.07173463654
v -0.004873037096 -0.02978011502 -0.09733926641
v -0.009684876194 -0.02966106148 -0.09688262681
v -0.009982478286 -0.03024340919 -0.09935993614
v -0.005018087531 -0.03041547017 -0.09981928063
v -0.02364669414 -0.02857155632 -0.09439835101
v -0.02823665857 -0.02765079452 -0.09332598047
v -0.02908554499 -0.02832576242 -0.09534726845
v -0.0244081576 -0.02929626649 -0.096581921
v -0.03582937813 -0.02340343951 -0.08724516957
v -0.05036977971 -0.0150909186 -0.07910931485
v -0.01905276621 -0.02912929511 -0.09536980179
v -0.01967234333 -0.02977204729 -0.0976966975
v -0.01440778361 -0.0294539833 -0.09621878205
v -0.01486715432 -0.03002555287 -0.09864859583
v -0.06895975133 0.03914024713 -0.06719965024
v -0.07107596418 0.03910279 -0.0685855886
v 0.06257815734 0.01259589642 -0.06011656946
v 0.06329186581 0.01701009722 -0.05934201215
v 0.03303275449 -0.02100730567 -0.08252859725
v -0.06330790742 0.01700559276 -0.05934798497
v -0.06259480066 0.0125908565 -0.06012534653
v -0.03307273157 -0.02100853943 -0.08253583419
v -0.003231337129 -0.05665910403 0.01555916851
v -0.002699544876 -0.05708709395 0.01545434184
v -0.002968961664 -0.05773329072 0.01533884743
v -0.003454040848 -0.05727595005 0.01553682837
v -0.002275907268 -0.057632658 0.01406080496
v -0.002642607759 -0.05841774779 0.01435654952
v -0.002850452385 -0.05835671126 0.01471153931
v -0.002603214955 -0.05783082662 0.01475666809
v -0.003355215637 -0.05846449812 0.01486926716
v -0.004395002686 -0.05766296374 0.01498802261
v -0.003931568783 -0.05761857052 0.01527255156
v -0.003317026747 -0.05823799998 0.01510161531
v -0.004424934089 -0.05685499283 0.01513797392
v -0.003919364719 -0.05680966118 0.01542169278
v -0.005043619358 -0.05668929937 0.01474138688
v -0.00240258985 -0.05683712403 0.0148896228
v -0.003910539691 -0.05624608482 0.01530366876
v -0.004589125028 -0.05609107841 0.01488600708
v -0.002893377754 -0.05568308807 0.01505305437
v -0.002647296455 -0.05624070265 0.01520210589
v -0.003206952117 -0.05603348094 0.01537800615
v -0.003292754554 -0.05543558567 0.01497183609
v -0.003907385603 -0.05557123836 0.01500349703
v -0.003814884438 -0.05513720938 0.01468974843
v -0.004211956567 -0.0549974 0.01439156258
v -0.004483270224 -0.05542073641 0.01459903408
v -0.002510294084 -0.05586042357 0.01458257293
v -0.00398046301 -0.05461602241 0.01395110536
v -0.003413776719 -0.05483089507 0.01420624077
v -0.002843451945 -0.05534720773 0.01454052027
v -0.004377493047 -0.05430764908 0.01329448927
v -0.00469283283 -0.05462602496 0.01362361016
v -0.005180065226 -0.05591441085 0.0144314403
v -0.005012110221 -0.05516929813 0.01399741408
v -0.002249614002 -0.05636986914 0.01393744708
v -0.004043902198 -0.05423862486 0.01317881408
v -0.003550737688 -0.05438607967 0.01328146718
v -0.003000808222 -0.05473740545 0.01344942253
v -0.00252805765 -0.0553409865 0.01366657089
v -0.005653435782 -0.05270536417 1.092742024e-05
v -0.005258813229 -0.05170934863 -0.0004419134287
v -0.003488488787 -0.05203921198 -0.0003891904455
v -0.003860339943 -0.05321796727 0.0001093315632
v -0.006242415285 -0.05328351379 0.0009392335925
v -0.004383430682 -0.05401861843 0.001244836397
v -0.002383770034 -0.0544811867 0.001132147449
v -0.002725024951 -0.05496928025 0.002659620755
v -0.004829544012 -0.05437511661 0.00256077191
v -0.002023997875 -0.05359309603 -2.235389577e-05
v -0.001794056694 -0.05231870378 -0.0005223220114
v -0.008173865936 -0.05237857555 0.0004731805412
v -0.007608382352 -0.05197023192 -0.0002670899715
v -0.007213503802 -0.05116599817 -0.000584274074
v 3.721758154e-06 -0.05387741245 -0.0002835494834
v 3.692041412e-06 -0.0547207511 0.0008620787626
v 3.176535785e-06 -0.0525675531 -0.0007202977353
v 3.703827368e-06 -0.05514762042 0.002266828311
v -0.002960211848 -0.05517427181 0.004280447057
v 3.703796371e-06 -0.05520140897 0.00358285991
v -0.005109387024 -0.05452377483 0.003864314466
v -0.007275781684 -0.05363202428 0.003038484081
v -0.006833122601 -0.05353837457 0.001983115314
v -0.009253714937 -0.05264522191 0.002269187149
v -0.008766173412 -0.05253829619 0.001387190315
v -0.01095117864 -0.05157589297 0.001767956117
v -0.01056136278 -0.05151825686 0.001091628702
v -0.01006021334 -0.05134942794 0.0003967546327
v -0.009595234133 -0.05098955694 -0.0001620889504
v -0.00922770458 -0.05033894404 -0.0004370296297
v -0.01128451763 -0.04986695283 -1.819310038e-05
v -0.01102185891 -0.04936949156 -0.0002071296341
v -0.01164335774 -0.05021051173 0.000398385067
v -0.01202163852 -0.05040213344 0.0008775489563
v -0.01226248083 -0.05052050799 0.001437750167
v -0.007068144582 -0.05019845016 -0.0002817415842
v -0.005148620951 -0.05057524601 -0.0001773684717
v -0.003386587806 -0.0508367034 -0.0001312484436
v -0.009022171354 -0.04961485213 -0.0002324507459
v -0.01081848821 -0.04888994324 -8.14127202e-05
v -0.008922528123 -0.04904650634 0.0001645025806
v -0.007054446967 -0.04952714765 0.0001876544915
v -0.005186655276 -0.04988973458 0.0002801789876
v -0.00340768866 -0.05016421957 0.0003375193353
v -0.01065615171 -0.04844430534 0.0001815019803
v -0.001707448312 -0.05102120408 -0.000170225823
v -0.001698646571 -0.05035850752 0.0003495458046
v -0.01242801145 -0.04883878229 -4.197883235e-05
v -0.01226502425 -0.04846138475 -0.0001657928559
v -0.01268621332 -0.04916803843 0.0002409222897
v -0.01298522719 -0.047449714 -0.0002451108706
v -0.01213606063 -0.04812176173 -0.0001128861869
v -0.013028653 -0.04771465462 -0.0002345308586
v -0.0130654546 -0.04986168107 0.001240859286
v -0.01318967364 -0.04938771916 0.0007597038228
v -0.01356167108 -0.0497853095 0.00153009073
v -0.014064647 -0.04920685075 0.001034105498
v -0.01303884738 -0.04707958652 -0.0001390248878
v -0.01207736741 -0.04776599221 9.504147857e-05
v -0.01309904622 -0.04801628782 -0.0001075517284
v -0.01327330561 -0.04829514479 9.775595809e-05
v -0.01368885444 -0.04848603231 0.0003455679606
v -0.0142857133 -0.04862380474 0.0004669400738
v -0.01335779735 -0.04730241927 -0.0003121300838
v -0.01324624435 -0.04713621243 -0.0002900629189
v -0.01365271388 -0.04773946227 -0.0001334182051
v -0.01347516309 -0.04751563036 -0.0002443879222
v -0.01434506342 -0.04813945388 -0.00015249789
v -0.01393754368 -0.04793806147 -6.187640825e-05
v -0.006253243791 -0.05202583661 -0.004412431591
v -0.008576478937 -0.05092610257 -0.003540200716
v -0.008569331695 -0.0508651102 -0.004762351107
v -0.00637829706 -0.05162463608 -0.00603822484
v -0.008719287837 -0.05059165196 -0.005761374451
v -0.006565941482 -0.05095838453 -0.0072705044
v -0.003452860222 -0.05227222945 -0.006722418326
v -0.003143873466 -0.05283249924 -0.004764972844
v -0.003612024699 -0.0514742335 -0.007988435103
v -0.002639868374 -0.05165520127 -0.001252276984
v -0.005676037433 -0.05096402615 -0.001266477884
v -0.006037640392 -0.05191820983 -0.002511144536
v -0.002810923129 -0.05268684952 -0.00257373172
v -0.008422719396 -0.04998097749 -0.001148536147
v -0.008617542801 -0.05069620952 -0.002162580049
v -0.00531105613 -0.04978956555 -0.0009581604485
v -0.007940379252 -0.04913132377 -0.0009171842172
v -0.002546360296 -0.05031038819 -0.0009944238335
v 3.69777991e-06 -0.05170976816 -0.001593520257
v 4.37946412e-06 -0.05047009778 -0.001090475072
v 3.727375697e-06 -0.05290934002 -0.005148541943
v 3.721459639e-06 -0.05259597646 -0.003065650569
v -0.00503174685 -0.04903908723 -0.001269192255
v -0.007511946341 -0.04855461492 -0.001139402248
v -0.002447339809 -0.04943722406 -0.001315134743
v -0.01064881954 -0.04974434983 -0.00301861526
v -0.01080047382 -0.04967994599 -0.003847160534
v -0.01063043392 -0.04960139947 -0.002203371355
v -0.01067061318 -0.04927911532 -0.001384048906
v -0.01225268805 -0.04815223307 -0.0008731401508
v -0.01231388467 -0.04839697539 -0.001257971817
v -0.01054635412 -0.0488152498 -0.000796173438
v -0.01209722622 -0.04787162069 -0.0006201772248
v -0.01011669435 -0.04838870065 -0.0007197475726
v -0.01323786749 -0.04699884849 -0.0003897290935
v -0.0133625102 -0.04713769184 -0.0003559025621
v -0.01303878666 -0.04731257087 -0.0006182767764
v -0.0128738674 -0.04714213558 -0.0005955754171
v -0.01177783878 -0.04760558156 -0.0005745017321
v -0.009659195667 -0.04803802625 -0.0008917739201
v -0.0129498981 -0.04687377797 -0.0005309094141
v -0.01146537362 -0.04735480018 -0.0006369037318
v -0.01241294 -0.04855176099 -0.001735061071
v -0.01332934501 -0.0476610096 -0.0008705223821
v -0.01347657488 -0.04785191368 -0.001136063061
v -0.01369323746 -0.04751283716 -0.0003880997373
v -0.01392743486 -0.0477128716 -0.0005154464225
v -0.01263303199 -0.04858681408 -0.002378736155
v -0.01370914521 -0.04798560671 -0.001509224137
v -0.01421723558 -0.04787919436 -0.0007719416112
v -0.01318834328 -0.0474678588 -0.0006897298301
v -0.01351179357 -0.0473060681 -0.000346318402
v -0.01960122007 -0.04831706539 0.04068906366
v -0.01997319543 -0.04838780086 0.04143404113
v -0.02269455154 -0.04727914071 0.04100760514
v -0.02220099992 -0.04731481205 0.04032512153
v -0.02827298406 -0.04231150547 0.03955221199
v -0.02756623101 -0.04253030574 0.03868505381
v -0.02626856296 -0.04399509974 0.03919252039
v -0.02693315293 -0.04379675723 0.04005370575
v -0.02448362386 -0.04573028278 0.03974376469
v -0.02505899683 -0.0455897613 0.04051017147
v -0.01428129716 -0.04839059407 0.0401462321
v -0.01427918018 -0.0484851546 0.04102930493
v -0.01708666062 -0.04871928715 0.04135327274
v -0.01693657406 -0.04862206589 0.04059871225
v -0.02112105984 -0.04727359294 0.03889424622
v -0.02066416493 -0.04671707135 0.03856774189
v -0.01846278273 -0.04739620698 0.03878714661
v -0.01878946232 -0.04804030608 0.03914638832
v -0.02324775964 -0.04607448201 0.03836568706
v -0.02272225314 -0.04571076345 0.03808623115
v -0.02491215199 -0.0445977396 0.0377952712
v -0.02442406397 -0.04442585527 0.037494731
v -0.02613220093 -0.04311663349 0.03716163834
v -0.02569790973 -0.0430034203 0.03683803762
v -0.01620344288 -0.04752036667 0.03863882513
v -0.01641987085 -0.04815117872 0.03902701461
v -0.01901617852 -0.04809774346 0.03966851372
v -0.01925056499 -0.04805597233 0.04019588052
v -0.02173584269 -0.04719440608 0.03988295029
v -0.02142703327 -0.0473045887 0.03938642744
v -0.02359301323 -0.04594962402 0.03881962454
v -0.02396611332 -0.04570564625 0.03928251298
v -0.02527893149 -0.04436342765 0.03824279148
v -0.02570865199 -0.04404934095 0.03869978438
v -0.02652392056 -0.04290223832 0.03765292806
v -0.02697367927 -0.04262659409 0.03815858679
v -0.01658892333 -0.04826718512 0.0395597967
v -0.01675414068 -0.04831181019 0.04009865926
v -0.0142515186 -0.04807503348 0.03957172855
v -0.01418767782 -0.04795219311 0.03896296959
v -0.01409534329 -0.04775569709 0.03843325947
v -0.0140208679 -0.047155798 0.03802879101
v -0.01217049822 -0.04734186089 0.03797850501
v -0.01207637102 -0.04747287112 0.03862235846
v -0.01221362732 -0.04711934831 0.03744787854
v -0.01228711046 -0.04656567513 0.03705491411
v -0.01193500771 -0.04776010771 0.0393049304
v -0.02029107587 -0.04631866955 0.03854566948
v -0.01822207428 -0.04682128666 0.03870221602
v -0.01610540601 -0.04690587777 0.03852043678
v -0.02221580088 -0.04546255447 0.03814726492
v -0.02391043136 -0.04427987158 0.03757187539
v -0.02527409306 -0.04288248439 0.0368714043
v -0.01411576931 -0.04659690274 0.03793039119
v -0.01253003249 -0.0460500525 0.03703500837
v -0.03034085125 -0.03963190394 0.03849304293
v -0.02975257764 -0.04001217198 0.03788780307
v -0.02919002251 -0.04065153477 0.03803739143
v -0.02984782544 -0.04031268458 0.0387995532
v -0.02918364947 -0.04119197334 0.03912721676
v -0.02849375779 -0.04145252266 0.03829270487
v -0.02790159246 -0.04155857895 0.03771432893
v -0.02744684351 -0.04171998876 0.03713921541
v -0.02703623109 -0.04185929304 0.03658733077
v -0.02662776878 -0.04175252741 0.03624238078
v -0.02769137054 -0.04106537649 0.03630514237
v -0.02816033945 -0.04090148261 0.03687474676
v -0.02884497869 -0.04028427502 0.03684653317
v -0.02834139002 -0.04047599333 0.0363254014
v -0.02789209224 -0.04056847276 0.03588631042
v -0.0271653617 -0.04105811747 0.03591886839
v -0.01049331838 -0.0457414556 0.03530899987
v -0.01015405556 -0.04557943858 0.03481401991
v -0.009785351591 -0.04591886839 0.03476717298
v -0.01025433223 -0.04614537757 0.03553492668
v -0.02863642386 -0.04078637324 0.03742490911
v -0.02929411638 -0.04017457818 0.0373563541
v -0.01145449129 -0.04618531049 0.03348848879
v -0.01030632465 -0.045960703 0.03372201135
v -0.01037636252 -0.04582861635 0.03418336242
v -0.01143430265 -0.04600326077 0.03407600061
v -0.02652291313 -0.04156198214 0.03483454943
v -0.0252933143 -0.0430711942 0.03438197267
v -0.02481541375 -0.04293169119 0.034673929
v -0.02604254506 -0.04168668833 0.03519993508
v -0.01158128618 -0.04568499253 0.03436478009
v -0.01316316577 -0.04605211152 0.03426494504
v -0.0130922854 -0.04652444497 0.03392260886
v -0.01059941125 -0.04551518102 0.03444935188
v -0.02350755546 -0.04482196896 0.03391664155
v -0.02297125978 -0.04448134679 0.03426846967
v -0.01531713108 -0.04649478509 0.03414519044
v -0.01537487759 -0.04700601919 0.03375195552
v -0.02111277406 -0.04625538079 0.03352529177
v -0.02069469423 -0.04580102653 0.03396557235
v -0.01821835231 -0.04700578735 0.03354546799
v -0.01799239376 -0.04648879019 0.03401061143
v -0.02627316126 -0.04139873411 0.03597648517
v -0.02750207558 -0.04063118742 0.03538163704
v -0.02673970681 -0.04106566906 0.03558449781
v -0.003380151976 -0.05920410171 0.01456421008
v -0.002317450869 -0.05859707056 0.01377871455
v -0.00207542379 -0.05892410758 0.0135926765
v -0.002700421893 -0.05985759062 0.01431331968
v -0.001803482214 -0.05751091062 0.01318966674
v -0.001586266752 -0.0577287697 0.0130208047
v -0.003227911173 -0.06061162394 0.01517713402
v -0.004119918751 -0.0597014305 0.01527255156
v -0.003592318378 -0.06108320665 0.01626416614
v -0.00460450043 -0.05996235795 0.01617580476
v -0.005842487157 -0.05692000389 0.01457651178
v -0.004803875215 -0.05826782546 0.01489306048
v -0.005246615376 -0.05842180512 0.01524885898
v -0.006323861961 -0.05683053847 0.01480098679
v -0.005710351163 -0.05850745058 0.01592337837
v -0.006851884283 -0.05675864376 0.015363633
v -0.002026619439 -0.05744551315 0.01351986682
v -0.002442456527 -0.05842284291 0.01403113818
v -0.005267342929 -0.05706076273 0.01471352795
v -0.004469679562 -0.05805634218 0.01489776091
v -0.003342371924 -0.05868663533 0.01465283919
v -0.002807378316 -0.05237238744 0.04840326838
v 3.700669712e-06 -0.0524247021 0.048442434
v 3.705486048e-06 -0.05264545927 0.05176058686
v -0.002745167021 -0.05265186819 0.05170424247
v -0.006165397165 -0.05261417646 0.05160512228
v -0.006296527453 -0.05220877509 0.04836718854
v -0.002771735605 -0.05246861507 0.05580399638
v 3.687982482e-06 -0.05247937388 0.05585636073
v -0.006279942099 -0.05164100891 0.06053396065
v -0.006171539736 -0.05237229912 0.0557097505
v -0.00284708508 -0.05188353763 0.06062214538
v -0.0209123463 -0.04984148276 0.04897992755
v -0.01714142072 -0.05078012716 0.04870063449
v -0.01699973724 -0.05136021988 0.05124650987
v -0.02080732919 -0.05034398395 0.05144439697
v -0.01348877998 -0.05145731417 0.04840136392
v -0.01333952421 -0.05203506082 0.0511867209
v -0.009910321368 -0.05190920091 0.04823730443
v -0.009768619262 -0.05242063926 0.05130837443
v -0.03231832564 -0.0382008851 0.04206995106
v -0.03320738235 -0.03713152029 0.04361995995
v -0.03368496548 -0.03604212829 0.04251990298
v -0.03278473319 -0.03727137659 0.04120649691
v -0.0325146947 -0.03860646037 0.04465913495
v -0.03152499423 -0.04048642093 0.04559512414
v -0.03218059461 -0.03985491886 0.04780228182
v -0.03319192311 -0.03770803317 0.04668839406
v -0.0306376819 -0.04108184868 0.04368525529
v -0.03162852504 -0.03946295634 0.04290518057
v -0.03007222592 -0.04276773659 0.04644329294
v -0.03077134181 -0.04246855986 0.04875536699
v -0.03082570722 -0.04105924634 0.05401414157
v -0.03087558196 -0.04197417333 0.05123546953
v -0.0284211703 -0.04525829709 0.05183121745
v -0.028227197 -0.04445037587 0.05474454855
v -0.0170211003 -0.04957714936 0.05971790269
v -0.02074790316 -0.04817420888 0.05926903548
v -0.0207347624 -0.04965290267 0.0549446106
v -0.01698110252 -0.05086082655 0.05501298896
v -0.01343880035 -0.05052043623 0.06014008539
v -0.01335712803 -0.05163568747 0.05520626672
v -0.009769977224 -0.05213692454 0.05543715892
v -0.009877545351 -0.05119604447 0.06039666295
v -0.0248305335 -0.04833155032 0.05179007562
v -0.02469636574 -0.04750175265 0.05499227176
v -0.04072055899 -0.0176997681 0.05924362061
v -0.0415768038 -0.01552336054 0.05505595798
v -0.04083997686 -0.01803605279 0.05358310452
v -0.04004208855 -0.02010220735 0.05762189918
v -0.04139328571 -0.01626760935 0.04975892308
v -0.04214142624 -0.01363429721 0.05098180662
v -0.0423523161 -0.01280078999 0.05645555876
v -0.04143165642 -0.01514844983 0.06072544435
v -0.04308963985 -0.00992877047 0.05776065421
v -0.04212648865 -0.01253515521 0.06202248035
v -0.03955175105 -0.02011038962 0.06341510363
v -0.04021788668 -0.01761133357 0.06505899407
v -0.03893407425 -0.02244554489 0.06160046325
v -0.0408967877 -0.01501926264 0.06645552012
v -0.04374982473 -0.007447849562 0.05357768923
v -0.04294301306 -0.01069974519 0.05227458657
v -0.03596480173 -0.02547328292 0.07124028864
v -0.03541344703 -0.02792653259 0.0687479534
v -0.03282741516 -0.03096938071 0.07174567136
v -0.03336901572 -0.02837559024 0.07469734005
v -0.03651400909 -0.02271263424 0.0734908459
v -0.0385849455 -0.02012510088 0.06933220832
v -0.03797737613 -0.02270430568 0.06743237514
v -0.03742393756 -0.02506478749 0.06534631898
v -0.03714065893 -0.01968576563 0.07548718271
v -0.03925702359 -0.01739633256 0.07099436501
v -0.03389783433 -0.02539154851 0.0774187624
v -0.03448164212 -0.02192320007 0.07977217149
v -0.02811627468 -0.04299462943 0.05822316176
v -0.03090604227 -0.03971207891 0.05714300224
v -0.03299439482 -0.03667569215 0.05558957085
v -0.03269759729 -0.03802396362 0.05279606611
v -0.02460720669 -0.04595867434 0.05887560184
v -0.03235401631 -0.03321236706 0.06879788887
v -0.03487777789 -0.03010895714 0.06613696759
v -0.03682972149 -0.02724422286 0.0630518046
v -0.03248546539 -0.03908442716 0.05019032998
v -0.03406804605 -0.03551593177 0.05112713065
v -0.03366725125 -0.0366975465 0.04884092964
v -0.03509313909 -0.03346412275 0.04915195817
v -0.03589130893 -0.03177259599 0.04694470665
v -0.03521625271 -0.03322182587 0.04535210136
v -0.03454147525 -0.03476522988 0.04718057805
v -0.03570117767 -0.03197166993 0.05129689247
v -0.03658093289 -0.03016280641 0.04869332026
v -0.03454403385 -0.03410401824 0.05361222343
v -0.03115696717 -0.03818200612 0.06025141068
v -0.0334115928 -0.03517012892 0.05840685097
v -0.03388204112 -0.03363095337 0.06102478115
v -0.03152558213 -0.03666502442 0.06313481693
v -0.03510514546 -0.03253791806 0.05612589413
v -0.03567225474 -0.03092147667 0.05846736309
v -0.036349922 -0.03033690709 0.05346452572
v -0.03727408699 -0.02843993888 0.05050100522
v -0.02205464224 -0.03911971761 0.07848689346
v -0.02598256288 -0.03682030407 0.0766767741
v -0.02561486704 -0.03926028601 0.07306703475
v -0.02175901499 -0.04165153036 0.0746318653
v -0.01812193423 -0.04082967346 0.07985791079
v -0.0179021845 -0.04342092189 0.07581937558
v -0.02146836969 -0.04355689751 0.07096532891
v -0.01769065982 -0.04532778501 0.07200225996
v -0.02526969073 -0.04115901516 0.06962569927
v -0.003179538947 -0.04370725593 0.08236272162
v -0.003130028876 -0.04642639017 0.07800999482
v 3.696792385e-06 -0.04650527342 0.07810160758
v 3.702448673e-06 -0.04378524215 0.0824664622
v -0.003104447367 -0.04840113208 0.07390245747
v 3.696950402e-06 -0.04848471851 0.07398357639
v -0.01427244281 -0.04202842281 0.08086326094
v -0.01412061188 -0.0446653479 0.07670499322
v -0.01398333626 -0.04658920762 0.07279651876
v -0.003356247909 -0.03609254678 0.09075931612
v -0.003517302701 -0.03156942333 0.09411290296
v -0.00724729001 -0.03137536447 0.09368801538
v -0.007052194737 -0.03585372485 0.0903680519
v -0.01081453922 -0.0353770553 0.08970890481
v -0.01100320901 -0.03095025608 0.09298337656
v -0.01478460292 -0.03024433106 0.09199112025
v -0.01460541816 -0.0346525549 0.0888016757
v -0.0105204521 -0.04285624701 0.08157793543
v -0.01040607691 -0.04553874111 0.07733736195
v -0.006805877796 -0.04340097751 0.08206696741
v -0.006724982446 -0.0461120109 0.07775819773
v -0.01031783766 -0.04748874161 0.07334287771
v -0.00667063498 -0.04808208274 0.07369244807
v -0.007546519863 -0.02674906626 0.09620611878
v -0.003775244088 -0.02697627927 0.09655549042
v -0.01507878664 -0.02573096452 0.09473426448
v -0.01129674964 -0.02634866892 0.09561624432
v -0.02258918389 -0.03220469292 0.08592397731
v -0.02667981847 -0.03033083766 0.08372984723
v -0.02633369822 -0.03383516658 0.0803293831
v -0.02231594093 -0.03592956648 0.0823460507
v -0.03055140715 -0.02798754153 0.08085387113
v -0.03011098028 -0.03123490647 0.07774335951
v -0.01832059278 -0.03752015139 0.08389689314
v -0.01852796353 -0.03364467927 0.08759183081
v -0.02965574004 -0.0340167609 0.0743960767
v -0.003252639125 -0.04020739283 0.08673668452
v 3.696544408e-06 -0.04027412066 0.08685877967
v -0.01443595304 -0.03863884997 0.08503077495
v -0.01065867166 -0.0394147956 0.08584014246
v -0.006913378301 -0.0399239624 0.08639617275
v -0.03450361516 -0.03462794046 0.04389444494
v -0.03393962754 -0.03597651554 0.04535490285
v -0.02293969406 -0.02792217166 0.08897731651
v -0.02712221328 -0.0262048795 0.08661676984
v -0.0230162271 -0.02368718459 0.09168100255
v -0.02720381521 -0.02222052477 0.08917375181
v -0.01877091593 -0.02929008942 0.09071273139
v -0.0189787352 -0.02486575496 0.09347167987
v -0.03131935405 -0.0205028738 0.08586355903
v -0.03107491535 -0.02415482038 0.08352273041
v -0.03933054399 -0.0224412709 0.05585276158
v -0.03827767897 -0.02468588569 0.05958802962
v -0.03698930688 -0.02862117714 0.05552507869
v -0.03795106147 -0.02663676114 0.05227792627
v -0.03763418984 -0.02675185671 0.05754918749
v -0.03863800815 -0.02464450649 0.05406037853
v -0.02923448749 -0.03635559674 0.07109330304
v -0.02121252356 -0.04506494481 0.06740180995
v -0.02096891564 -0.04652711122 0.06358359582
v -0.01725400461 -0.0481671265 0.0642889633
v -0.0174935828 -0.04679037922 0.06830704628
v -0.003067762379 -0.04985439444 0.06986408786
v -0.002977277112 -0.05099327754 0.06552484684
v 3.697627284e-06 -0.05106883212 0.06558418316
v 3.697319335e-06 -0.04993877026 0.06993119659
v -0.01365050581 -0.04931565333 0.06486562799
v -0.01384888973 -0.04803932349 0.06899620654
v -0.006601961979 -0.04953808311 0.06970122073
v -0.00646660462 -0.05069977003 0.06540376189
v -0.01007269238 -0.0501426081 0.06521609262
v -0.01023188238 -0.04894105451 0.06943794168
v -0.0282373624 -0.04134255257 0.06169461529
v -0.02851430111 -0.03981284963 0.0648660696
v -0.02473149335 -0.04423454821 0.06277811451
v -0.02497152144 -0.04271590218 0.06628467082
v 3.703853649e-06 -0.05194219497 0.06067974837
v -0.001718253875 -0.04428731553 -0.02572856048
v -0.00166678742 -0.0411326177 -0.02606571874
v 3.692279955e-06 -0.04113973596 -0.02610903277
v 3.698153897e-06 -0.0443238701 -0.02578797133
v -0.02564826959 -0.03728256597 -0.01072431685
v -0.02361432937 -0.03638737084 -0.0137989101
v -0.02129705256 -0.0393894801 -0.01437901247
v -0.02338910638 -0.03968978846 -0.01157664785
v -0.006727582447 -0.03421918282 -0.02502381402
v -0.005989594201 -0.03753296094 -0.02547675235
v -0.007132560841 -0.03741703459 -0.02524440282
v -0.008155923309 -0.03499653609 -0.02474407934
v -0.003549420782 -0.03378091986 -0.02547611753
v -0.001814049719 -0.03372035254 -0.02558808592
v -0.001670924616 -0.03746166241 -0.02592082805
v -0.003194319551 -0.03750175541 -0.02582965966
v -0.006166071316 -0.04039035615 -0.02550515639
v -0.007748175169 -0.03921538218 -0.02512619664
v -0.009611290241 -0.03664848322 -0.02440329157
v -0.003220725635 -0.04106703254 -0.02594614631
v -0.003381596536 -0.04413106156 -0.02557507212
v -0.02480063349 -0.04039736125 -0.00882123091
v -0.02694607013 -0.03845017052 -0.007665466443
v -0.0256815369 -0.04134309079 -0.006028908171
v -0.02772802723 -0.03972890991 -0.004531723182
v -0.02288119405 -0.04715211053 0.00363026093
v -0.02168656412 -0.04832156433 0.005976156034
v -0.02342992529 -0.04792510563 0.007439787352
v -0.02465788739 -0.04654217576 0.005046136556
v -0.02652355347 -0.04581630913 0.007034695794
v -0.02530246398 -0.04741563246 0.00948523506
v -0.0273602541 -0.04418631296 0.004561816051
v -0.02553187402 -0.04510231085 0.002621374248
v -0.02789245106 -0.04261972147 0.001833710154
v -0.02602666629 -0.04374619798 -7.390119029e-05
v -0.04061961714 -0.01761903835 0.02816723138
v -0.0399850155 -0.02041408737 0.02478576767
v -0.03968642115 -0.02381057698 0.02720265322
v -0.0401463839 -0.02171096742 0.03022542999
v -0.03934300302 -0.007039899246 0.01557112934
v -0.03909389425 -0.01090043861 0.01414801401
v -0.03962304683 -0.01374692526 0.01801505682
v -0.04018503062 -0.009509248495 0.01995903205
v -0.03645230462 -0.02740466388 0.006468620862
v -0.03759548516 -0.0245662691 0.009833442633
v -0.03742655964 -0.02153681016 0.006263135248
v -0.03614008925 -0.02458780329 0.002729908233
v -0.04108002151 -0.01617884361 0.03225649973
v -0.04170333164 -0.01130290049 0.03081855031
v -0.04088348961 -0.01223513942 0.02530725273
v -0.03926728007 -0.02073286898 0.01893864909
v -0.03924980873 -0.02368393597 0.02190164104
v -0.03997081761 -0.0168566406 0.02176163983
v -0.03837023292 -0.01821814254 0.009479910165
v -0.03786484192 -0.01501133153 0.005937820515
v -0.03680729855 -0.01831055849 0.002538986727
v -0.03531025019 -0.0215356178 -0.001147809641
v -0.03850068561 -0.02135160841 0.01290198439
v -0.03913560742 -0.01772604687 0.01561806459
v -0.03887036043 -0.0146686738 0.01213476063
v -0.03839834439 -0.01169005977 0.00866005364
v -0.03849453337 -0.008211964778 0.01051050268
v -0.03857667352 -0.003950748618 0.01140489394
v -0.03850804951 -0.02421800426 0.01614669552
v -0.03843463676 -0.02690589157 0.0191400691
v -0.03757092868 -0.02731452225 0.01318280102
v -0.03746438938 -0.02988656324 0.01627963918
v -0.005202764171 -0.05057537297 0.0313151532
v -0.006510723209 -0.04947969626 0.03003847283
v -0.006590740851 -0.05026252278 0.02833679448
v -0.005288631815 -0.05145224113 0.02953696527
v -0.01708188429 -0.0501032272 0.009669465255
v -0.01828406442 -0.05010809599 0.01122073826
v -0.02015008656 -0.04931587966 0.008462779279
v -0.01877991243 -0.0494528351 0.0071560678
v -0.01528605251 -0.05054936192 0.012245901
v -0.01630449789 -0.05056410078 0.0140361229
v -0.01345794568 -0.05071475177 0.01489387609
v -0.01429421988 -0.05063645367 0.01680039696
v -0.011558728 -0.05067918531 0.01762976129
v -0.01223515046 -0.05045780436 0.01942956206
v -0.01506705352 -0.05044931986 0.01891521183
v -0.01736418171 -0.05054581245 0.01611457778
v -0.01963498558 -0.05010887986 0.01311377956
v -0.02175867826 -0.04914661464 0.01009753315
v -0.01018400663 -0.05027615209 0.02168701402
v -0.009721635704 -0.05066936493 0.02013113029
v -0.008110916663 -0.05129111286 0.02205926677
v -0.008307352647 -0.05072359509 0.02352426502
v -0.007895693466 -0.05185964633 0.02092710586
v -0.009168729141 -0.0510313336 0.01903134243
v -0.00675381085 -0.0524663518 0.02346619558
v -0.006736621037 -0.05314458764 0.02219195098
v -0.01570487343 -0.05000873291 0.02111405474
v -0.01837413292 -0.05032002089 0.01851564527
v -0.0210404129 -0.05001442421 0.01549341499
v -0.02350080153 -0.04891262011 0.0122751165
v -0.01276109168 -0.05004225139 0.0213874564
v -0.0131099872 -0.04947052725 0.02329724797
v -0.01048973786 -0.04982120165 0.0234236875
v -0.01062703073 -0.04921335904 0.02514652191
v -0.01063728514 -0.04844601659 0.02675052359
v -0.01330156199 -0.04878391179 0.02505997114
v -0.01615491091 -0.04934562234 0.02316547321
v -0.003931064032 -0.05365236611 0.009766057212
v -0.002840802263 -0.05398266556 0.009519875515
v -0.002580003152 -0.05414220955 0.01046599216
v -0.00349566708 -0.05384998824 0.01067780872
v -0.002169104029 -0.05460844873 0.01131090336
v -0.002978693381 -0.05437366481 0.01169057867
v -0.00438113153 -0.05347634441 0.01090472847
v -0.005104693498 -0.05314952819 0.01023780484
v -0.003942000527 -0.05382309949 0.01166336008
v -0.006136436277 -0.05342863357 0.01228288614
v -0.006518333455 -0.05411137387 0.01301827922
v -0.007225305238 -0.0537905084 0.01340709248
v -0.006899995335 -0.05302188527 0.01252473037
v -0.005550499079 -0.05384850332 0.01248186624
v -0.005950119457 -0.05448324021 0.01306386479
v -0.005203637048 -0.05316374815 0.01105097713
v -0.004617036739 -0.05357685569 0.0117540772
v -0.005123898174 -0.05357585102 0.012047564
v -0.005739583575 -0.0531563456 0.01166562473
v -0.006612748394 -0.05268432128 0.01171138833
v -0.006333770669 -0.05263015736 0.01071271966
v -0.005862082385 -0.05298549078 0.00897821354
v -0.007257526478 -0.05231892458 0.009501785223
v -0.004205110174 -0.05368472535 0.008711136614
v -0.00618425269 -0.05555465577 0.01383578898
v -0.006740867429 -0.05528328967 0.01391818306
v -0.007395500398 -0.05507437327 0.01442004805
v -0.002212852767 -0.05522711641 0.0122751165
v -0.00173477385 -0.05536520349 0.01198388607
v -0.00145839233 -0.05642242669 0.01252590478
v -0.001805147753 -0.05623163301 0.01273619157
v -0.005937215366 -0.05508947646 0.0217675064
v -0.00576118159 -0.05457995361 0.02292390361
v -0.006754931445 -0.05370492918 0.02124537962
v -0.007747178778 -0.05239232078 0.02016666777
v -0.007766379314 -0.05287473959 0.01956070339
v -0.006689719592 -0.05445631833 0.02064176407
v -0.008701140274 -0.05143631544 0.01858275261
v -0.008494687939 -0.0518096943 0.0183058139
v -0.005504207268 -0.05487940634 0.01344517338
v -0.005116441112 -0.05426495608 0.01296979693
v -0.003702628995 -0.05412471061 0.01245166124
v -0.003050093691 -0.05452376379 0.01258741191
v -0.00471167007 -0.05397725027 0.0126294701
v -0.004265503608 -0.05394292033 0.01245011145
v -0.005665908609 -0.05592716244 0.01416943227
v -0.002457992014 -0.05517051809 0.01285892154
v -0.002068489248 -0.05615257312 0.01318234699
v -0.03698688628 -0.03394884347 0.02654721016
v -0.03778847863 -0.03187646078 0.02434403253
v -0.03678013655 -0.03470554026 0.02177166998
v -0.03599097838 -0.03672594779 0.02417354756
v -0.03481725473 -0.03822774902 0.02639843326
v -0.03478399294 -0.03946044742 0.02156500443
v -0.0334249323 -0.04102202659 0.02412552483
v -0.03558909612 -0.03734547937 0.01894687967
v -0.03417924714 -0.03954437334 0.01590068494
v -0.03332094883 -0.04173106774 0.01868712801
v -0.03172923781 -0.04353211746 0.02154510422
v -0.0422073288 -0.01080834283 0.03531353745
v -0.04135013453 -0.01561740355 0.03646523286
v -0.03896432479 -0.02492063098 0.03863639074
v -0.04013060173 -0.02090046414 0.03875967272
v -0.04032512429 -0.02067101822 0.03386700417
v -0.0394109094 -0.02440205505 0.03497446921
v -0.03583656539 -0.03558263476 0.02852103296
v -0.03833501147 -0.02742482079 0.0358108828
v -0.03788829437 -0.02776991153 0.03872040774
v -0.03709191582 -0.03001794332 0.03652817661
v -0.03675158898 -0.03021292681 0.03883554471
v -0.0365736987 -0.03332219915 0.03054595046
v -0.03701982238 -0.03158908618 0.03248385626
v -0.03823360316 -0.02937508349 0.03097084908
v -0.03774266673 -0.03141844665 0.02878666084
v -0.03844857519 -0.02799408569 0.0332438486
v -0.03719291563 -0.03047930543 0.03441905718
v -0.03911683056 -0.02679771553 0.02922757072
v -0.03902864858 -0.02653529763 0.02450104276
v -0.03855224952 -0.0291425104 0.02678363358
v -0.0394345661 -0.02512002784 0.03187048795
v -0.0382264849 -0.02947828033 0.02186636852
v -0.03722103263 -0.03235755198 0.01913119681
v -0.03645048296 -0.03002619873 0.009977699198
v -0.03602999771 -0.03496876135 0.01616920677
v -0.03630045575 -0.03252676731 0.01320233691
v -0.03492399552 -0.03479419974 0.00999967569
v -0.03465846424 -0.03719618633 0.01304261351
v -0.03437087988 -0.03444947608 0.03744381018
v -0.03321957916 -0.03599320853 0.03738232099
v -0.0332505418 -0.03605392214 0.03840467879
v -0.0342752926 -0.03461191264 0.03884043283
v -0.02885011521 -0.04190888626 0.03042230966
v -0.03054630651 -0.03987297534 0.03159191803
v -0.03190728265 -0.03958053875 0.0302209835
v -0.03004198642 -0.04194501026 0.02883793771
v -0.03338044523 -0.0391310726 0.02845048241
v -0.03163969511 -0.04182473125 0.02664434309
v -0.03154527534 -0.03829328173 0.03287827802
v -0.03296783451 -0.03760229429 0.03175145926
v -0.02634567975 -0.0439524371 0.02956120435
v -0.02719184196 -0.04425015098 0.02790936762
v -0.02853969114 -0.04483859019 0.02477308508
v -0.02352650345 -0.0459424892 0.02780851409
v -0.02306082042 -0.04559082393 0.02910085518
v -0.02387598825 -0.04663685774 0.02588805755
v -0.01973762074 -0.04676155841 0.02818503117
v -0.01948267025 -0.04647325091 0.02919020468
v -0.01343202848 -0.04665326369 0.03039996953
v -0.01146558753 -0.04649008743 0.03110723043
v -0.01159006049 -0.04640615874 0.03165015583
v -0.0134295375 -0.04659824414 0.031089323
v -0.04072293819 -0.01853540196 0.04849869558
v -0.04011358028 -0.02040544968 0.05202197249
v -0.04167628004 -0.01507175947 0.04640584962
v -0.04111699561 -0.01715235617 0.04619711814
v -0.04089277454 -0.01789906146 0.04435255015
v -0.04168160701 -0.01477154081 0.04332139872
v -0.04241428002 -0.01217910278 0.04711828292
v -0.04250402696 -0.01118592392 0.0433753998
v -0.03941897161 -0.02262877318 0.05039184936
v -0.04014837668 -0.02044555234 0.04689378859
v -0.04398294985 -0.00581291284 0.04956203513
v -0.04320092099 -0.009022301078 0.04822249381
v -0.0373361282 -0.02845143464 0.04576281039
v -0.03656372099 -0.03028696058 0.04447119519
v -0.03806885641 -0.02655604243 0.04720345364
v -0.03874372771 -0.0246622428 0.04876116317
v -0.03959318822 -0.02228007362 0.04511063803
v -0.0389775594 -0.0242611444 0.04344396309
v -0.04057307382 -0.01908533384 0.0419313092
v -0.04156054413 -0.01504877485 0.0401128737
v -0.03814855112 -0.02661502546 0.04240178235
v -0.04248276051 -0.01062901385 0.03948872726
v -0.03413925902 -0.03491721123 0.04016287817
v -0.03319401525 -0.03627385956 0.0393915888
v -0.03305558868 -0.03665534204 0.04032269541
v -0.03396682267 -0.03534542472 0.041374346
v -0.03723482477 -0.02888736808 0.04170365181
v -0.03431355842 -0.03461166147 0.03606809518
v -0.03304711521 -0.0361404453 0.03635090183
v -0.03444837481 -0.03676013697 0.0302773334
v -0.03491444287 -0.0336622693 0.04233159614
v -0.03572981632 -0.03236232693 0.03710501519
v -0.03552386977 -0.03250497367 0.03890843858
v -0.03523562575 -0.03297855469 0.04067388043
v -0.03576857344 -0.0319873969 0.0433432862
v -0.0362750464 -0.03095195905 0.04115602598
v -0.03219754706 -0.03723701628 0.0341386794
v -0.03270091215 -0.0365425401 0.03528847587
v -0.03405360528 -0.03517465546 0.03470684579
v -0.03361003744 -0.03616530815 0.03327350848
v -0.03575758278 -0.03268098986 0.03539402154
v -0.03556030014 -0.03350532807 0.03376542198
v -0.03513383655 -0.03487571334 0.03206846061
v -0.04406366855 -0.004340990225 0.04586048982
v -0.0433400707 -0.00749838604 0.04423415076
v -0.04470030438 -0.002463680033 0.0505176375
v -0.04517371703 0.0002595655468 0.05055309908
v -0.04512850407 0.00105624587 0.04845140428
v -0.04464831541 -0.001581339654 0.04736021546
v -0.007441588308 -0.0534147117 0.004119002058
v -0.007462085394 -0.05313451333 0.005397045218
v -0.00981531853 -0.05225425026 0.004244451745
v -0.009522592129 -0.05247715477 0.003221273512
v -0.00495907207 -0.05433671278 0.005113604089
v -0.004761677991 -0.05405226388 0.006303919653
v -0.01127204066 -0.05144502075 0.002575696901
v -0.01170431423 -0.05130767337 0.003365169886
v -0.004504844433 -0.05381722051 0.007511416404
v -0.007383906658 -0.05277601132 0.007127035149
v -0.008919435447 -0.0519809521 0.008055970948
v -0.01098389186 -0.05148839274 0.006347782244
v -0.01025423011 -0.05193103871 0.00536503271
v -0.01223880482 -0.05112828988 0.004152384949
v -0.0128824347 -0.05087327453 0.004873119209
v -0.002769259981 -0.05490951335 0.005570790193
v -0.01263593698 -0.05051298951 0.002005639338
v -0.01476467096 -0.04925867412 0.00110890149
v -0.01495730424 -0.0487564931 0.0003410455387
v -0.01336930139 -0.04833178769 -0.00443558388
v -0.01453753247 -0.04800437529 -0.003096129849
v -0.01503224884 -0.04780249158 -0.004376253079
v -0.01378660288 -0.04805004366 -0.005747270068
v -0.01560423657 -0.04834965648 -0.0009800471512
v -0.01490560645 -0.04831145689 -0.0004692317212
v -0.01569333489 -0.04878439205 0.0001058052842
v -0.009134337784 -0.04996395328 -0.006775233945
v -0.006817605399 -0.05009188325 -0.008306247923
v -0.003686145419 -0.05035899882 -0.009090296477
v -0.01121497589 -0.04935533232 -0.004901629168
v -0.01405934488 -0.04805027551 -0.002115550605
v -0.01462132453 -0.04801375958 -0.001259332712
v -0.01522742692 -0.04803446574 -0.002042931545
v -0.01296137315 -0.04851972192 -0.00328262228
v -0.0117036877 -0.04889370248 -0.006091582125
v -0.02868978459 -0.00652849195 -0.01009599854
v -0.02577099404 -0.005221826702 -0.01564455866
v -0.02232139624 -0.009141605089 -0.01904809063
v -0.02534048968 -0.01086889152 -0.01447151812
v -0.03026633998 -0.002790302874 -0.007402713882
v -0.0285120406 -0.0008911265076 -0.0122750268
v -0.0313571617 -0.004440037968 -0.005154672784
v -0.01340372794 -0.04677401744 0.02963609375
v -0.01125355775 -0.04660750147 0.0305119324
v -0.0162765672 -0.04691153042 0.0288156031
v -0.01615555539 -0.04672320978 0.02969207381
v -0.006198292556 -0.04811109676 0.03786409946
v -0.007311268105 -0.04788526655 0.03935676204
v -0.008016200875 -0.04716484004 0.03836812697
v -0.006995838619 -0.04725580142 0.03708655849
v -0.01009148166 -0.04701311813 0.03839653653
v -0.008719442402 -0.04662705944 0.03742906028
v -0.009611856748 -0.04733983499 0.0394933228
v -0.01050664891 -0.04683701363 0.03756779874
v -0.01080365689 -0.04672805097 0.03690449497
v -0.01171405044 -0.04788507335 0.0404107725
v -0.007812215366 -0.04657195157 0.03633951648
v -0.01604007755 -0.04668236603 0.03045731583
v -0.02265124303 -0.04546136763 0.03000743567
v -0.02567019847 -0.04389047594 0.03060679931
v -0.01925845331 -0.04637750906 0.03000292017
v -0.01904105931 -0.04648156428 0.03072248277
v -0.02227923869 -0.04555859993 0.03075097238
v -0.0159217582 -0.04677269812 0.03116086441
v -0.01880469938 -0.04675593336 0.03153194689
v -0.02192279571 -0.04588311148 0.03155573607
v -0.02456358078 -0.04439874295 0.03214551116
v -0.02508227263 -0.04404681271 0.03137738485
v -0.01578211442 -0.04696168118 0.03194327969
v -0.01435295727 -0.05056119717 0.01067527634
v -0.01261881479 -0.0508114707 0.01308358147
v -0.01604064474 -0.050148189 0.008333897771
v -0.01764726161 -0.0496066878 0.006069313064
v -0.009352552224 -0.05114353108 0.01653667491
v -0.008887926309 -0.05139286617 0.01684950716
v -0.01061095737 -0.05089386477 0.01586749077
v -0.006755665628 -0.05173589513 0.02496943757
v -0.005542684241 -0.05300756595 0.02604244294
v -0.005627463376 -0.05385516064 0.02440689072
v -0.005890651342 -0.05594578198 0.0210142045
v -0.007062668572 -0.05486831631 0.01959580478
v -0.006061053508 -0.05647804241 0.02025123541
v -0.007976908296 -0.05329004967 0.01877765882
v -0.008513827063 -0.05216490628 0.01779363309
v -0.008747195063 -0.05165158556 0.01694085771
v -0.01670191158 -0.04976898635 0.00520033909
v -0.01589548632 -0.0499257261 0.004507367497
v -0.01434160089 -0.05041420605 0.006272445016
v -0.01513663252 -0.0502558489 0.007201379436
v -0.01795370288 -0.04917252633 0.003311268519
v -0.0188473289 -0.04845711765 0.001433412348
v -0.01789999299 -0.04876637421 0.001170853251
v -0.01709667145 -0.04937193699 0.002848563969
v -0.008511990916 -0.05176281149 0.01029514562
v -0.01005783207 -0.05148524624 0.008928377434
v -0.01182426894 -0.05112135655 0.0071937823
v -0.01360090983 -0.05061749188 0.005529821552
v -0.006042489862 -0.05837118515 0.01689952405
v -0.007290895913 -0.05652626663 0.01626407782
v -0.007707805467 -0.0526089047 0.01332171061
v -0.00793965197 -0.05342529939 0.0142979529
v -0.004888213082 -0.05993711421 0.01732623329
v -0.007553763708 -0.05218982434 0.01241457259
v -0.007704569267 -0.05200838735 0.01143761406
v -0.007994424489 -0.05476116427 0.01535241463
v -0.008339277868 -0.05177713633 0.013668652
v -0.008630525553 -0.05159102376 0.01267088932
v -0.008428936489 -0.05298909545 0.01554261213
v -0.008362921451 -0.05220271946 0.01457243928
v -0.01265441299 -0.05086758324 0.008130678876
v -0.01102639718 -0.05116955868 0.009979229666
v -0.007452988152 -0.0560464147 0.01739044668
v -0.006166802049 -0.0579377413 0.01806722934
v -0.009520564156 -0.05138499993 0.01143228089
v -0.008267521852 -0.05428591617 0.01654616823
v -0.01515881257 -0.05008019705 0.003985965586
v -0.004994571947 -0.05954847759 0.01862833681
v -0.01348492138 -0.05067715941 0.009287347961
v -0.01184900896 -0.0509443633 0.01135648824
v -0.01024334364 -0.05111988266 0.01308058539
v -0.009251283302 -0.05127923345 0.01440051078
v -0.008396212914 -0.05011171171 0.02516795673
v -0.006699269488 -0.05100488646 0.02662082992
v -0.00542418859 -0.05221984303 0.02775705781
v -0.008355891513 -0.04938856375 0.02683635673
v -0.0279010984 -0.04198565252 0.03149649911
v -0.02646301099 -0.04261305587 0.03291906932
v -0.02711157039 -0.04223264983 0.03225450142
v -0.0283862497 -0.0405995182 0.0332710658
v -0.02935109835 -0.04020537797 0.03257746456
v -0.0276322909 -0.04102519793 0.03379319948
v -0.02921879364 -0.0395010814 0.03420452952
v -0.0283676964 -0.04003948579 0.03457326592
v -0.03117308607 -0.03816433053 0.03691635229
v -0.03081881528 -0.03834085457 0.03629203196
v -0.0297897698 -0.03918623843 0.0361932623
v -0.03020704782 -0.03901411121 0.03670245394
v -0.03050628251 -0.0389272734 0.0372245821
v -0.03138297127 -0.0381129681 0.037539955
v -0.03035267546 -0.0386018041 0.03567449041
v -0.02932970768 -0.03938471343 0.0357143764
v -0.03144637595 -0.03822258766 0.03814492989
v -0.03066095771 -0.0389692267 0.03772472065
v -0.03134816383 -0.03852154357 0.03870983385
v -0.03062663052 -0.03918127028 0.03815406025
v -0.02981131779 -0.03894149336 0.03501805648
v -0.02887723029 -0.03960394427 0.03521007288
v -0.03190014507 -0.0373484575 0.03635551117
v -0.03217321138 -0.03717549121 0.03714706785
v -0.03229856619 -0.03716309291 0.03792984746
v -0.03147336407 -0.03767222382 0.03554769483
v -0.03229743456 -0.03732690399 0.03869209754
v -0.03027447672 -0.03892130609 0.03366765975
v -0.03092093293 -0.03816055473 0.03467925321
v -0.03217161881 -0.03768205249 0.03942188074
v -0.01412187462 -0.04892449951 0.04334192272
v -0.01115716176 -0.04874533684 0.04283147248
v -0.01067707661 -0.04953633322 0.0442875943
v -0.01393015079 -0.04946602831 0.0447569855
v -0.009113308001 -0.04787755487 0.0406812885
v -0.01147474411 -0.04819262417 0.04157558384
v -0.01423021074 -0.04862097842 0.04211263578
v -0.002651769691 -0.05181889643 0.04536973831
v 3.69824116e-06 -0.05200425826 0.0453545468
v -0.001443141046 -0.05151847767 0.03999663546
v 3.697615491e-06 -0.05169042548 0.04003002145
v 3.697590222e-06 -0.05170828324 0.04234379847
v -0.00195363622 -0.05148577065 0.04232607596
v -0.002038923211 -0.05428508262 0.03136326701
v -0.0008582355159 -0.05483443902 0.03141735917
v -0.0009247628948 -0.05372322303 0.03337651763
v -0.002104757636 -0.05322806367 0.03324257344
v -0.001055044025 -0.05283490051 0.03518022255
v -0.002273992113 -0.05237602523 0.03495972207
v -0.006245110508 -0.0511431005 0.04518785419
v -0.004024589879 -0.0507921777 0.04210631243
v -0.002986233245 -0.05095657944 0.03975724219
v -0.002110228125 -0.05536285742 0.02953569564
v -0.0008843035759 -0.0559683098 0.02956057229
v -0.000988492582 -0.05696089731 0.02801952264
v 3.696894136e-06 -0.05714124683 0.02797348165
v 3.696770148e-06 -0.05612628054 0.02949952195
v -0.002237889331 -0.0563344462 0.0279150534
v -0.002355414984 -0.05735785283 0.02633132454
v -0.001088994976 -0.05794858292 0.02655498808
v -0.002439866532 -0.05853016056 0.02462901965
v -0.001161841054 -0.05909689998 0.02492973926
v -0.003802106622 -0.0611938088 0.01759195225
v -0.002547748791 -0.06188928965 0.01616974361
v -0.002646383729 -0.06212831307 0.01766231374
v -0.003029501037 -0.05456695913 0.006601559697
v -0.001409367258 -0.0546113689 0.006020104188
v -0.001941734385 -0.05451199478 0.006660346761
v -0.001581821462 -0.05917963631 0.01341133887
v -0.001208298384 -0.05791108991 0.01289554373
v -0.00104546558 -0.05659044414 0.01241746654
v -0.0011765461 -0.05549095851 0.0118708371
v -0.001431814603 -0.0547342976 0.01119829739
v -0.0007213876672 -0.05480872607 0.01118193215
v -0.0006064821543 -0.0555782545 0.01182995195
v -0.001948189363 -0.05414628895 0.008402726716
v -0.001076660154 -0.05399845877 0.008313911991
v -0.0009993394598 -0.05404390634 0.009368927122
v -0.00190963873 -0.05407642567 0.009407997514
v -0.002876151887 -0.0541245726 0.008532603926
v -0.0008647142131 -0.05431355014 0.01036044027
v -0.001703614035 -0.05428432636 0.01037174903
v 3.703804121e-06 -0.05490504201 0.005000999151
v 3.709746458e-06 -0.05463413961 0.005780710231
v 3.703624877e-06 -0.05394442181 0.008286509861
v 3.703381617e-06 -0.0540014231 0.009361238213
v -0.001961477968 -0.05433241257 0.007468633007
v -0.001068865672 -0.05414947961 0.007398544082
v -0.0009992144796 -0.05435053529 0.006694986525
v -0.0008218773392 -0.05446745252 0.006268277977
v -0.00234238117 -0.06122423598 0.01498042685
v -0.002009779984 -0.06027814487 0.01407518363
v -0.001347719538 -0.06242466898 0.01943272512
v -0.002668557394 -0.06181560641 0.01934978869
v -0.001351098228 -0.0627061922 0.01759167624
v -0.001327365373 -0.06235024603 0.01596877902
v -0.000860375531 -0.05931361639 0.01322927811
v -0.0006689434527 -0.05800172561 0.01277806069
v -0.0005641794431 -0.05668667729 0.01234592374
v -0.00124874028 -0.06156843522 0.01474445471
v -0.001083791007 -0.06051931563 0.01385658761
v 3.702861406e-06 -0.06289070944 0.01753415606
v 3.697082477e-06 -0.06262644228 0.01943760909
v 3.697398512e-06 -0.05672568282 0.01231942554
v 3.697372906e-06 -0.05803176638 0.01272713987
v 3.703275486e-06 -0.05935278752 0.01315104348
v 3.703249206e-06 -0.06059304304 0.01375456794
v 3.703133304e-06 -0.06167876688 0.01462996084
v -0.005481506253 -0.049785994 0.0413583375
v -0.004267488455 -0.05008290193 0.03930809897
v -0.00772627458 -0.04965084917 0.04330665435
v -0.003872682356 -0.06084228981 0.01908588172
v -0.003188208721 -0.05249315775 0.03284255699
v -0.003354450748 -0.05164739575 0.03454205211
v -0.003153528935 -0.05348280301 0.03101652298
v -0.003265677769 -0.05447025677 0.02919590149
v -0.003410349728 -0.05540831051 0.02750146009
v -0.003534810614 -0.05643456003 0.02580214161
v -0.00365170162 -0.05759611998 0.02400052055
v -0.00650398998 -0.04876855468 0.04036528077
v -0.005319033468 -0.04907969361 0.03862290496
v -0.008533037259 -0.0486223695 0.04192478711
v -0.005074250789 -0.05747287664 0.0213033497
v -0.004919975457 -0.05617084488 0.02306327137
v -0.004176659212 -0.05159523565 0.03221424281
v -0.00419497997 -0.05253261041 0.03041045233
v -0.004617662933 -0.05524308074 0.02509705013
v -0.004482569507 -0.05429565927 0.02685769771
v -0.004335426237 -0.05343057667 0.02859790134
v -0.00429683403 -0.05072622269 0.03393500992
v -0.005245080078 -0.04967369716 0.03308574537
v -0.01016510211 -0.05072310931 0.04602580238
v -0.01369320572 -0.05033966718 0.04641497998
v -0.03012494356 -0.03959549013 0.03780657651
v -0.0209185082 -0.04909046898 0.04695230241
v -0.01725461459 -0.04986298935 0.04674609089
v -0.02921319067 -0.04304752371 0.04441830091
v -0.0173047198 -0.04924959344 0.04504803377
v -0.02077898035 -0.04863290751 0.04514752934
v -0.02977832924 -0.04159864436 0.04207130074
v -0.02836989343 -0.04334034395 0.04269292447
v -0.03076182503 -0.04018639686 0.04143477531
v -0.03189631959 -0.03825608406 0.04011313315
v -0.03144013264 -0.03908270762 0.04077725943
v -0.027110574 -0.04521831449 0.04496599298
v -0.02637751182 -0.04529500071 0.04319676154
v -0.02370910243 -0.04712324003 0.04346113082
v -0.02421373165 -0.04722669356 0.0451431822
v -0.01727619156 -0.04894690589 0.04361362003
v -0.02054765895 -0.04842084461 0.04363558755
v -0.03106795441 -0.03903817088 0.03922499004
v -0.02570798956 -0.04543063408 0.04169487198
v -0.02322353161 -0.04717457762 0.0421040326
v -0.02029201706 -0.0483644671 0.04242872907
v -0.01719663899 -0.04878789184 0.04238712078
v -0.0290051851 -0.04199438267 0.04069910761
v -0.02762894844 -0.04358258287 0.04123127144
v -0.0306053337 -0.039782025 0.03970686511
v -0.02994724924 -0.04075308108 0.04018820472
v -0.02783565401 -0.04526365994 0.04701931729
v -0.02465731881 -0.04755673908 0.04711365149
v -0.02840603399 -0.04542495658 0.04932324356
v -0.02487771993 -0.04814149082 0.04927694589
v -0.0299535726 -0.03959496019 0.03745041782
v -0.02965447316 -0.03964355978 0.03698156484
v -0.00292596988 -0.05433785546 0.00754704497
v -0.03542152304 -0.01514803305 -0.001098150267
v -0.03673831021 -0.01194835825 0.002454975241
v -0.03368274637 -0.0184165927 -0.004831707574
v -0.03751001359 -0.003174065007 0.00815529332
v -0.03766864123 -0.006182049452 0.007322678299
v -0.01167396295 -0.04588019683 -0.01901445484
v -0.0109966821 -0.04692908457 -0.01669443175
v -0.01378296508 -0.04530641919 -0.01615512344
v -0.01428682009 -0.04401239168 -0.01799905936
v -0.001711609658 -0.0500232896 -0.01999539756
v -0.001690763249 -0.05026481918 -0.01723120354
v -0.003490473978 -0.04997307812 -0.01722478358
v -0.003536475981 -0.04973050524 -0.0198928383
v -0.007215875405 -0.04849417456 -0.01972027222
v -0.007042314321 -0.04885347147 -0.0173652402
v -0.00895468519 -0.04800745002 -0.01736406578
v -0.009307905768 -0.04741401505 -0.01951343278
v -0.001784579595 -0.04888371097 -0.02268606703
v 3.698037658e-06 -0.04896793774 -0.02274567246
v 3.697979707e-06 -0.05012176394 -0.02003021742
v -0.01204095912 -0.04407813416 -0.02101875037
v -0.0149705002 -0.04168479767 -0.01959021699
v -0.003623742643 -0.04861650156 -0.02251241349
v -0.007316222458 -0.04734133648 -0.02211175532
v -0.00949392588 -0.04605352468 -0.02175568081
v -0.020504091 -0.03627821222 -0.01694440856
v -0.01836969746 -0.03992283905 -0.01716146998
v -0.001803629706 -0.0468894111 -0.02467715278
v 3.698098641e-06 -0.04695380389 -0.02474734176
v -0.003603127218 -0.04666857665 -0.02448279307
v -0.03328358831 -0.01211065404 -0.004397043424
v -0.03119859479 -0.01543664279 -0.008025142172
v -0.03493761378 -0.009117590274 -0.0006841966346
v -0.009323783851 -0.04397937554 -0.0235010389
v -0.01204065965 -0.04145729209 -0.02255320065
v -0.007176896786 -0.04541847038 -0.02396003286
v -0.01608086609 -0.03733280781 -0.02040121157
v -0.01104616975 -0.03889053114 -0.02372940286
v -0.008610328627 -0.04157496834 -0.02462080564
v -0.006651026641 -0.04303044982 -0.02507717751
v -0.03079274903 -0.009441204794 -0.007238383214
v -0.03283087631 -0.006617089319 -0.003219388718
v -0.02825286304 -0.01287163449 -0.01100757478
v -0.03748908938 -0.009012494494 0.005377981652
v -0.03655521717 -0.002706683492 0.005633577656
v -0.03665251019 -0.004601794166 0.00480900932
v -0.03609745145 -0.006638119791 0.002539445246
v -0.01321745252 -0.04666294055 0.03321381611
v -0.0155834683 -0.04709837718 0.03287302005
v -0.02151585283 -0.04620093258 0.03255258239
v -0.0240169403 -0.04473228825 0.0330576201
v -0.01850977871 -0.04700690794 0.03254734375
v -0.02585145882 -0.04295570118 0.03365083426
v -0.02700526293 -0.0413949252 0.03432897902
v -0.02771698413 -0.04050121223 0.03491658193
v -0.02810475684 -0.04016403741 0.03531661494
v -0.0292436565 -0.03977770822 0.03649733265
v -0.02878232198 -0.0399322675 0.03604231046
v -0.02839322995 -0.04004453674 0.03564545982
v -0.01158245921 -0.04633204493 0.03222265004
v -0.01062261391 -0.04630391689 0.03199446824
v -0.01042062532 -0.04620094086 0.03246838322
v -0.01339833335 -0.04660553077 0.03175036074
v -0.008280074721 -0.04858881238 0.02839621912
v -0.01026084603 -0.04636574557 0.03177370279
v -0.009829786899 -0.04651465219 0.03141211225
v -0.009689803636 -0.04622449819 0.03247598173
v -0.009057663985 -0.0463724857 0.03235578553
v -0.006589471902 -0.04842591765 0.03186405143
v -0.005333479066 -0.04897563838 0.03480325006
v -0.00624291348 -0.04793551115 0.03410620423
v 3.691323763e-06 -0.05298064959 0.03519151682
v 3.697338539e-06 -0.05236294243 0.03678159663
v -0.001151260783 -0.05222215046 0.03675074716
v -0.002437388838 -0.05176399281 0.03649615134
v -0.003547133706 -0.05100053104 0.03608473573
v -0.004472588348 -0.05002636986 0.03550200713
v -0.0133367034 -0.0466503104 0.03245445859
v -0.008806237435 -0.0461810296 0.03334920107
v -0.009518321586 -0.04606923233 0.0332561365
v -0.01032069849 -0.04607556121 0.03309388486
v -0.01153053165 -0.04626313939 0.03284416888
v -0.007150503467 -0.04704993216 0.03369017652
v -0.007597115683 -0.04729233944 0.03206908163
v -0.006418289321 -0.04752864141 0.03570224583
v -0.00559791114 -0.04846595545 0.03636437657
v -0.001243796708 -0.05179682678 0.0382640331
v -0.00261006704 -0.05131279057 0.03800274684
v -0.003780738039 -0.05049922773 0.03761520045
v -0.004752840887 -0.04949091877 0.03702442621
v -0.009604054676 -0.04593957455 0.03408984244
v -0.009896042755 -0.04580773354 0.0343747302
v -0.01017050843 -0.04551614429 0.03455832834
v 3.697480721e-06 -0.05194144975 0.03830129702
v -0.008937869368 -0.0460493818 0.03431549048
v -0.007271384177 -0.04674918771 0.03510578304
v -0.003905902747 -0.04952389075 -0.01066164359
v 3.697883683e-06 -0.04977132139 -0.01084596004
v 3.697862794e-06 -0.05048774577 -0.009354207585
v -0.003697549058 -0.04965339949 -0.01491316357
v -0.001851895496 -0.04992584202 -0.01481286205
v -0.002407633562 -0.04954053959 -0.01270935802
v -0.004432241761 -0.04921778069 -0.01297633696
v -0.008921004555 -0.04799787805 -0.01577499064
v -0.007084769958 -0.04869818905 -0.01536473842
v -0.007552743166 -0.04838654226 -0.01372709681
v -0.009295403961 -0.04779122491 -0.01426587242
v -0.01132877215 -0.04695497417 -0.01465286679
v 3.697910974e-06 -0.05002208069 -0.0147885319
v 3.697892106e-06 -0.0496694411 -0.01267354314
v -0.01996999649 -0.04808319229 0.001915380398
v -0.01897579985 -0.04892356108 0.003975297165
v -0.02373293577 -0.04590890724 0.001220962864
v -0.01706939076 -0.04250975966 -0.01625885573
v -0.02149513287 -0.04173549492 -0.01166030743
v -0.02288931698 -0.04210705765 -0.009295423281
v -0.0237836275 -0.04277881281 -0.006856998032
v -0.02421585415 -0.044735708 -0.001459666455
v -0.01955282059 -0.04179313655 -0.01401054242
v -0.0170712966 -0.04901421886 0.001090177587
v -0.01633266456 -0.04953361729 0.002546754643
v -0.01941438987 -0.04769828731 -0.0005793003135
v -0.01834282665 -0.04811393413 -0.0006410683129
v -0.01966879524 -0.04696214487 -0.002716816457
v -0.01848212817 -0.04747154628 -0.002655132165
v -0.01217218463 -0.04844735247 -0.007298629673
v -0.01024823382 -0.04871733853 -0.008812457288
v -0.009669105754 -0.0492740478 -0.007808903263
v -0.008167698525 -0.04880331519 -0.01019106693
v -0.007321575645 -0.04936824952 -0.009324540805
v -0.01624554246 -0.04632183813 -0.009367680253
v -0.01484125091 -0.04667967219 -0.01030810284
v -0.0145243917 -0.04721349483 -0.008727623296
v -0.01589152974 -0.04689576481 -0.007736375803
v -0.01293093631 -0.04755914587 -0.009794484024
v -0.01319740188 -0.04707934363 -0.01117770577
v -0.01147804517 -0.04745421294 -0.01184155673
v -0.01122524893 -0.04783867079 -0.01077704829
v -0.01022799135 -0.04771904316 -0.01216362422
v -0.009680444186 -0.0480035307 -0.01162413237
v -0.01715544195 -0.04663114436 -0.006969331447
v -0.01742447578 -0.04607180749 -0.008490302163
v -0.01829792143 -0.04629107421 -0.006658934287
v -0.01820433935 -0.04593685863 -0.007870954128
v -0.01670876901 -0.04563403859 -0.01080563035
v -0.01516090609 -0.04603718222 -0.01188442914
v -0.0179685618 -0.04542183217 -0.009602382064
v -0.01885986383 -0.045449974 -0.008301278389
v -0.01937688583 -0.04576247365 -0.006734179741
v -0.02130411562 -0.0476457132 0.00264054839
v -0.02020648477 -0.04864405825 0.004848699696
v -0.02208761699 -0.04660262716 0.0002962777692
v -0.01619268268 -0.04416900446 -0.01494292005
v -0.02124524575 -0.04352306162 -0.009213027825
v -0.02207782282 -0.04400840612 -0.007081748354
v -0.022533455 -0.04560580291 -0.00226758492
v -0.01829317271 -0.04351824251 -0.01318589646
v -0.01998806815 -0.04333403716 -0.01124291762
v -0.01351609792 -0.04601156586 -0.01436797627
v -0.01558832053 -0.04524735335 -0.01344564674
v -0.01989902503 -0.04463156169 -0.008813359836
v -0.02060959941 -0.04500359087 -0.006953594818
v -0.01882362666 -0.04453511602 -0.0105193798
v -0.0173730126 -0.04474075896 -0.01208276614
v -0.02100872435 -0.04634869376 -0.002608917464
v -0.02065848605 -0.04719990417 -0.0002834598022
v -0.01594968474 -0.04787482239 -0.003093599886
v -0.01650795622 -0.04868264425 -0.0001956422655
v -0.01642546692 -0.04821630018 -0.001622642783
v -0.01739209859 -0.04845004079 -0.0004897577017
v -0.01738735815 -0.04790179395 -0.002294904592
v -0.01416533217 -0.04979708954 0.001835877166
v -0.01314512309 -0.05047168759 0.002564933602
v -0.01547851191 -0.04927130979 0.001125995822
v -0.0144165455 -0.05024964422 0.003559079702
v -0.01625600457 -0.04918391444 0.001111527367
v -0.01372982791 -0.05039638694 0.003090679715
v -0.01482161153 -0.04978371969 0.002098164136
v -0.01556325067 -0.04968120459 0.002330238863
v -0.009777432215 -0.04770300154 -0.01299252624
v -0.01145865764 -0.04714369779 -0.01311109952
v -0.00847118788 -0.04814989252 -0.01253443897
v -0.006032525953 -0.04894491311 -0.01145934352
v -0.01336656614 -0.04655923861 -0.01270609559
v -0.01336448918 -0.04741289998 0.02781466908
v -0.01077441793 -0.04714742942 0.02906919976
v -0.01099516612 -0.04680191086 0.02984446917
v -0.01336791583 -0.04700061495 0.02879144959
v -0.008819187066 -0.04723003326 0.03046028844
v -0.00933695636 -0.04678469897 0.03098005949
v -0.00837156949 -0.04669474778 0.03220610608
v -0.008017748593 -0.04646975664 0.03346144823
v -0.0081517611 -0.0462491982 0.03464261583
v -0.009320667714 -0.04606804826 0.0351552493
v -0.009915407516 -0.04628600118 0.03598162721
v -0.008639023857 -0.04618144085 0.03568353521
v -0.009401071769 -0.04637586404 0.0366206036
v -0.0325311034 -0.04116821452 0.01283676357
v -0.03167167898 -0.04332056518 0.01566426291
v -0.03010473973 -0.04528805634 0.01859044083
v -0.03306302711 -0.03892726788 0.009943330612
v -0.02732833371 -0.04684343359 0.02145502606
v -0.0236714935 -0.04773209836 0.02360483744
v -0.003011392805 -0.01786453417 -0.02984791652
v 9.483619181e-06 -0.01802952381 -0.03004726095
v 8.87303514e-06 -0.02056533592 -0.02790268269
v -0.002872013656 -0.02045965776 -0.02771492235
v -0.01777414965 -0.01385506128 -0.02221845747
v -0.01266282987 -0.01560002744 -0.02611219306
v -0.01212337252 -0.01924819132 -0.02431447477
v -0.01585253663 -0.0190304523 -0.021785872
v -0.006031285985 -0.01738182003 -0.02920035351
v -0.005781233267 -0.02015704335 -0.02711746041
v -0.01956307844 -0.01956389543 -0.01894960111
v -0.022206153 -0.0151554356 -0.01728112245
v -0.01995441995 -0.04803928485 0.02519536714
v -0.02311503678 -0.04879305872 0.02112545114
v -0.01969022455 -0.04890150248 0.02323149721
v -0.02027246047 -0.02505995182 -0.01819586037
v -0.02351830323 -0.02666761614 -0.0159249392
v -0.02631267188 -0.02276596737 -0.01371407197
v -0.02297538887 -0.02083033864 -0.01622565604
v -0.02029205708 -0.03125949055 -0.01816185473
v -0.0172781871 -0.02977439888 -0.0201913871
v -0.01390642923 -0.03484107703 -0.02219423495
v -0.01707538981 -0.02387056192 -0.02026898138
v -0.01450227928 -0.0283317242 -0.02167436455
v -0.002641325699 -0.02346847265 -0.02626278058
v -0.002357559398 -0.02674230405 -0.0255086755
v -0.00472037676 -0.02672479959 -0.02514871617
v -0.005311831714 -0.02333052909 -0.02576950635
v -0.01397696184 -0.02325150231 -0.02210958037
v -0.0119688436 -0.02741046558 -0.02287001294
v -0.01094053989 -0.02308041427 -0.0236598487
v -0.009516556512 -0.02693130368 -0.0238130583
v 5.5358588e-06 -0.0267541393 -0.02562842182
v 4.522232515e-06 -0.03016068667 -0.02539906422
v -0.00206228837 -0.03017073614 -0.0253327642
v -0.004098555689 -0.03021695101 -0.02514184356
v -0.009957322176 -0.03140259823 -0.02382292284
v -0.008050920682 -0.03067731397 -0.02438854719
v -0.0118822956 -0.03276970177 -0.02314677087
v 3.935396599e-06 -0.03370214978 -0.02562489719
v 7.047369897e-06 -0.02352043678 -0.0264214165
v -0.01640279282 -0.04729326683 0.02780390751
v -0.01648768063 -0.0478668623 0.02653896854
v -0.01917542442 -0.04976295833 0.02101773741
v -0.02356933722 -0.03209104639 -0.01534719669
v -0.02225610503 -0.04960224958 0.01833503079
v -0.02625367505 -0.03321087385 -0.01224881427
v -0.02805019547 -0.03476004092 -0.009081338619
v -0.02916607049 -0.03640095598 -0.005785072201
v -0.029803987 -0.03799690098 -0.002350249829
v -0.02917132569 -0.04324881123 0.006977718657
v -0.02835033822 -0.04508458282 0.009578298247
v -0.02709302813 -0.04689572065 0.01220773729
v -0.02970813199 -0.04142641501 0.004204119649
v -0.02507128197 -0.04858396015 0.01517876937
v -0.03509650915 -0.03238097407 0.006664158439
v -0.03343378113 -0.02459412665 -0.004722552052
v -0.03121299967 -0.02747335137 -0.007763227296
v -0.03250446306 -0.02995780381 -0.004108811132
v -0.03449553087 -0.02738546473 -0.0008359673176
v -0.03326785582 -0.03222803496 -0.0002830934439
v -0.03502070892 -0.02993010083 0.003025385405
v -0.03352363848 -0.03441842512 0.003431470938
v -0.03159278745 -0.02169645075 -0.008191289667
v -0.02918227771 -0.02499066539 -0.01099121092
v -0.02885530693 -0.01903290188 -0.01114640295
v -0.02558713094 -0.01674353781 -0.01396603742
v -0.03004852783 -0.04433440811 0.0125394775
v -0.02863289923 -0.04629904258 0.0153828984
v -0.03086153865 -0.04230503859 0.009808565291
v -0.03129037039 -0.03435788264 -0.003293923796
v -0.03177194461 -0.03624028036 0.0003714383941
v -0.02650724136 -0.02835395945 -0.01326828088
v -0.02881449078 -0.03026544296 -0.01020888466
v -0.03140742562 -0.04023246821 0.006963700182
v -0.0303405228 -0.03235582417 -0.006863869955
v -0.02628170372 -0.04795014513 0.01840729397
v -0.01995572685 -0.04728236449 0.02686203933
v -0.008395383508 -0.04786454935 0.0296815772
v -0.01064859597 -0.04769849708 0.02807622584
v -0.01336860171 -0.04804446277 0.02658736113
v -0.01641537467 -0.04858211641 0.02498119278
v 3.703074005e-06 -0.05927136499 0.02500155117
v 3.697050132e-06 -0.0581298819 0.02657461505
v -0.0344184472 -0.004519967287 0.0004119701653
v -0.03299019673 -0.002414843251 -0.00118850236
v -0.03219908166 -0.0002635401564 -0.002843417099
v -0.03165964777 0.002420965638 -0.004667279958
v -0.03565521673 -0.003100009495 0.003352070865
v -0.008201864935 -0.05375416911 0.01775004996
v -0.007331069649 -0.05543338313 0.0185412354
v -0.008569094328 -0.05254275097 0.01681976172
v -0.008825869924 -0.05146401566 0.01524578977
v -0.005000267728 -0.05877337379 0.01996932165
v -0.006143016321 -0.05725221883 0.01924659737
v -0.008704092186 -0.05183374569 0.01595341362
v -0.002634849331 -0.06097975864 0.0211055523
v -0.001313210877 -0.06157212821 0.02131872613
v 3.697157948e-06 -0.06176618431 0.02137416383
v -0.003854171152 -0.0600301843 0.02065026237
v -0.001240756214 -0.0603700778 0.02317451249
v 3.697176815e-06 -0.06055156999 0.02325527535
v -0.002545590922 -0.0598028802 0.0228811209
v -0.003775699502 -0.05886297168 0.02226782436
v -0.02396466152 -0.003359428563 -0.02143133763
v -0.01959768854 -0.007518672669 -0.02478639697
v -0.01575085921 -0.01060463471 -0.02730341566
v -0.01213582602 -0.01275637055 -0.02955308141
v -0.006000535871 -0.01521132596 -0.0321854082
v -0.003033975481 -0.01584154183 -0.03277119497
v 6.158520574e-06 -0.01606106938 -0.03294367272
v -0.005262452057 -0.0495415829 0.0008076380574
v -0.003456771953 -0.04983812098 0.0008817110792
v -0.007126196083 -0.04913948258 0.0007197251038
v -0.008968300003 -0.04861304593 0.0006648269575
v -0.01067916806 -0.04795401477 0.0006021524424
v -0.01209204968 -0.04717853559 0.0004532840327
v -0.007380557984 -0.04795747591 -0.001755497263
v -0.00481771394 -0.04843722296 -0.002039940647
v -0.002280571295 -0.04887480141 -0.001980520661
v -0.009479363668 -0.04757536414 -0.001281306271
v -0.01126729815 -0.0469870022 -0.0008580371347
v -0.01276621026 -0.04644977914 -0.0004994352951
v -0.01289846804 -0.04653841101 0.0001204580613
v 3.704186867e-06 -0.03744225625 -0.02595257731
v -0.02885643304 -0.03823215135 0.06793351837
v -0.0319283283 -0.03507435119 0.06593627625
v -0.03437455356 -0.03198788543 0.06355935675
v -0.03624912643 -0.02918813185 0.0607458745
v -0.03339398622 -0.03664818789 0.006842146011
v -0.03176413633 -0.03818496493 0.003840810612
v -0.02999330127 -0.03966168802 0.001076885359
v -0.0280486857 -0.04113581388 -0.001281036042
v -0.02608206673 -0.0424909 -0.00307569176
v -0.02423129683 -0.04368438586 -0.004261572211
v -0.02252169151 -0.04472590418 -0.00479952394
v -0.02099169049 -0.04559885854 -0.004900274656
v -0.01964511647 -0.04629777294 -0.004833166969
v -0.01841274652 -0.04685155928 -0.004758554264
v -0.01693538722 -0.04735026811 -0.004629401233
v -0.01551890024 -0.0474154227 -0.005957818025
v -0.01417504767 -0.04767342446 -0.007192899763
v -0.01258092019 -0.04801072348 -0.008521324836
v -0.01078813279 -0.04825659191 -0.009788508439
v -0.00898402214 -0.04837049513 -0.01093242869
v -0.007341431701 -0.04852611979 -0.01202144531
v -0.006054930258 -0.04883268251 -0.01332897378
v -0.005410959155 -0.04923610214 -0.0151071686
v -0.005272777538 -0.04949197312 -0.01730256417
v -0.005355409326 -0.04922100999 -0.01982491121
v -0.005430489175 -0.04811992903 -0.02232574751
v -0.005356612034 -0.04621635042 -0.02423968473
v -0.004985080702 -0.04376748376 -0.0253576381
v -0.004696921552 -0.04087074629 -0.02575902631
v -0.004620419224 -0.03753771657 -0.02568070336
v -0.005189084151 -0.03391473709 -0.02528401557
v -0.006097049165 -0.03034952068 -0.02482936599
v -0.00710094544 -0.02675447879 -0.02456499946
v -0.00805571012 -0.02316301397 -0.02490578724
v -0.008807610577 -0.01971517296 -0.02603866714
v -0.00915129575 -0.01662580222 -0.02803635088
v -0.008966750904 -0.01419435861 -0.03115110475
v -0.02562967213 -0.04151080463 0.03528351048
v -0.0243585009 -0.04275825017 0.03462191795
v -0.0225277292 -0.04425440979 0.03409978703
v -0.02035605657 -0.04536406909 0.03388290778
v -0.01788201517 -0.04594406521 0.03391357233
v -0.01545533547 -0.04586875903 0.03402019168
v -0.01346886044 -0.04541245892 0.03428220937
v -0.01185222584 -0.04507321403 0.03446969923
v -0.0108179707 -0.04496178385 0.03453599372
v -0.01039913322 -0.04490351293 0.03467888612
v -0.04472731458 -0.003210347023 0.05464001859
v -0.0437982394 -0.007239423076 0.05898758955
v -0.04277251705 -0.01022429284 0.06310236385
v -0.0414866318 -0.0127559593 0.06755954885
v -0.03983516217 -0.01497254543 0.07231302904
v -0.03769109453 -0.01693988478 0.07713921541
v -0.03490861356 -0.01872216868 0.08177909047
v -0.04563263647 0.002567916565 0.05241658193
v -0.04557964282 0.003983464948 0.04937852808
v -0.01072711972 -0.04504521848 0.03529118351
v -0.0103839838 -0.04493649319 0.0348910677
v -0.01117338485 -0.04604208689 0.03607477734
v -0.01142664617 -0.04544471328 0.03606474443
v -0.01100296406 -0.04653480082 0.03639711946
v -2.851403628e-06 -0.05114264233 -0.0002225928845
v -5.554205688e-06 -0.05044785149 0.0003482834751
v 3.69781057e-06 -0.05159996092 -0.008189849592
v 3.703694283e-06 -0.05246501039 -0.007013376203
v 4.45656121e-06 -0.04958327675 -0.001346430923
v 3.702486409e-06 -0.03613542747 0.09089044227
v 2.736367154e-06 -0.03160088831 0.09424757306
v -1.116306306e-06 -0.02704713895 0.09667432866
v 3.690788727e-06 -0.05498114309 0.03138253517
v 3.697117854e-06 -0.05387439292 0.03335843907
v 3.697448377e-06 -0.05431226946 0.01037048146
v 3.69743928e-06 -0.0548361558 0.01118663257
v 3.71562377e-06 -0.05430611447 0.006711535309
v 3.709638306e-06 -0.05409146261 0.007383258728
v 3.715659147e-06 -0.05446274933 0.006226947075
v 3.70334961e-06 -0.05561971099 0.01182090853
v 3.70302414e-06 -0.06248735605 0.01586141996
v 3.697933885e-06 -0.05036303406 -0.01723708666
v -7.842128333e-06 -0.05011810958 0.0009357026667
v 0.001711466134 -0.05005041572 0.0009320868683
v 0.001695142643 -0.05038589309 0.0003558760826
v 0.003238737609 -0.05665910403 0.01555925959
v 0.003461417522 -0.05727597213 0.01553691808
v 0.002976261056 -0.05773332936 0.01533939117
v 0.002706921722 -0.05708713259 0.0154544343
v 0.002283272384 -0.05763266352 0.01406080496
v 0.00261056213 -0.05783087078 0.01475666671
v 0.002857894438 -0.05835670574 0.01471126468
v 0.00264997253 -0.05841776435 0.01435664474
v 0.003362598521 -0.0584645478 0.01486936239
v 0.003324344769 -0.0582380331 0.0151017961
v 0.003938952357 -0.05761860916 0.01527264402
v 0.00440239661 -0.05766296374 0.01498801985
v 0.003926759334 -0.05680965566 0.0154216914
v 0.004432294893 -0.05685509771 0.01513806776
v 0.005050647916 -0.05669001147 0.0147415649
v 0.002410026384 -0.05683719028 0.01488952757
v 0.003917892559 -0.05624620074 0.01530376398
v 0.004596081824 -0.05609201132 0.0148864556
v 0.002900795829 -0.05568311015 0.01505314683
v 0.003300172975 -0.05543562431 0.0149716553
v 0.003214370193 -0.05603353062 0.01537800615
v 0.002654738163 -0.05624075233 0.01520210589
v 0.003914637728 -0.05557153093 0.01500349565
v 0.003822220401 -0.05513735842 0.01468975119
v 0.004219090698 -0.05499792994 0.0143915612
v 0.004490150082 -0.05542180733 0.01459958058
v 0.002517694219 -0.05586044013 0.01458257293
v 0.003987846239 -0.05461603897 0.0139511026
v 0.003421160293 -0.05483086195 0.01420624215
v 0.00285084656 -0.05534720221 0.0145404278
v 0.00438484695 -0.05430788093 0.01329476252
v 0.004699831373 -0.0546268861 0.01362415666
v 0.005186565228 -0.05591640363 0.01443207374
v 0.005018687505 -0.05517113083 0.01399813584
v 0.002257020347 -0.0563698857 0.0139374457
v 0.004051325793 -0.05423889535 0.01317908595
v 0.003558144378 -0.05438599687 0.01328146718
v 0.003008191796 -0.05473734473 0.01344942115
v 0.002535440535 -0.05534099202 0.01366666059
v 0.005660821081 -0.05270533657 1.092743709e-05
v 0.00386779597 -0.05321815496 0.000109242766
v 0.003496726952 -0.05204250753 -0.0003897297835
v 0.005266191283 -0.05170935415 -0.0004419133855
v 0.006249799894 -0.05328347515 0.0009391388871
v 0.004390827366 -0.05401856323 0.001244836484
v 0.004836933796 -0.05437508349 0.00256077191
v 0.002732414563 -0.05496922505 0.002659620237
v 0.002391165684 -0.0544811315 0.001132147621
v 0.002031684886 -0.05359417247 -2.280428299e-05
v 0.001798975856 -0.05231610377 -0.0005213263105
v 0.008181260895 -0.05237858659 0.0004730913559
v 0.007615766962 -0.05197023744 -0.0002670902518
v 0.007220894621 -0.05116587673 -0.0005841855356
v 0.002967613362 -0.05517415036 0.004280447747
v 0.005116753692 -0.05452370858 0.003864314121
v 0.00684052584 -0.05353838561 0.001983115314
v 0.007283183543 -0.05363205188 0.003038484426
v 0.008773576651 -0.05253828515 0.001387101216
v 0.009261156818 -0.05264527711 0.002269186977
v 0.01095861638 -0.05157595369 0.001767955599
v 0.01056878327 -0.05151831206 0.001091533392
v 0.01006763452 -0.05134950523 0.0003967542445
v 0.009602642892 -0.05098956246 -0.0001620894248
v 0.009235135421 -0.05033897164 -0.0004370301472
v 0.0110284224 -0.04936972893 -0.0002064958926
v 0.01129195261 -0.04986698043 -1.837735901e-05
v 0.01165076443 -0.05021052829 0.000398200745
v 0.01202907557 -0.05040216104 0.0008775484388
v 0.01226992892 -0.05052057975 0.001437660637
v 0.005171326105 -0.05060201332 -0.0001739367365
v 0.007087281636 -0.0502119525 -0.000265827297
v 0.003399152405 -0.05086525924 -0.0001269037561
v 0.009030136961 -0.04961751285 -0.0002248525752
v 0.0108226932 -0.04889092031 -8.204736739e-05
v 0.00893180477 -0.04905276621 0.0001686629676
v 0.00707774554 -0.04955713322 0.0002061055777
v 0.003419572209 -0.05020124336 0.0003446616822
v 0.005212822613 -0.04993143947 0.0002891289965
v 0.01066267034 -0.0484481805 0.0001787928808
v 0.001706984963 -0.05104268307 -0.0001657033148
v 0.01226903603 -0.04846353209 -0.0001661543409
v 0.0124355382 -0.04883865533 -4.225168461e-05
v 0.01269366693 -0.04916805499 0.0002409218584
v 0.01299127592 -0.04745015009 -0.000245108973
v 0.01303499982 -0.04771510727 -0.0002344403795
v 0.01213669683 -0.04812449973 -0.0001117123095
v 0.01319706791 -0.04938774677 0.000759614465
v 0.01307286957 -0.04986172523 0.001240763891
v 0.01407071367 -0.04920803759 0.001033470937
v 0.01356907639 -0.04978531502 0.00153009004
v 0.0120796293 -0.04776518627 9.57651493e-05
v 0.01303645162 -0.04708386465 -0.0001331427033
v 0.01310701183 -0.04801549291 -0.0001076396199
v 0.01328103247 -0.04829483014 9.757261725e-05
v 0.01369591474 -0.04848588879 0.0003453841346
v 0.0142883547 -0.04862753086 0.000465131959
v 0.01336359767 -0.04730279464 -0.0003114929784
v 0.01324922938 -0.0471390498 -0.0002872564725
v 0.01348380354 -0.04751373143 -0.0002444800832
v 0.01366077333 -0.04773860664 -0.0001337775661
v 0.01394420929 -0.04793754257 -6.178606935e-05
v 0.01434952234 -0.04814044751 -0.0001524971569
v 0.006260615289 -0.05202578693 -0.004412430901
v 0.00638571617 -0.05162466368 -0.00603822622
v 0.008576807387 -0.0508651102 -0.004762350072
v 0.008583915987 -0.05092607497 -0.003540201061
v 0.006573366802 -0.05095832381 -0.00727050509
v 0.008726694527 -0.05059164092 -0.005761469329
v 0.003151239099 -0.05283251028 -0.004764705805
v 0.003460250006 -0.05227227362 -0.006722419706
v 0.003619389988 -0.05147420038 -0.007988435103
v 0.002647857097 -0.05165582505 -0.001252099131
v 0.002818271167 -0.05268676119 -0.00257373172
v 0.00604500568 -0.05191815463 -0.002511144881
v 0.005684221432 -0.05096331405 -0.001266294166
v 0.008624896359 -0.05069613776 -0.002162580739
v 0.008433066957 -0.04998204288 -0.001147813264
v 0.005319476806 -0.04979126024 -0.0009558070442
v 0.00795641604 -0.04912854712 -0.0009149260359
v 0.002555368353 -0.05031158055 -0.0009977728524
v 0.005040298285 -0.04904025198 -0.001269915139
v 0.007520652341 -0.04855434443 -0.001134879761
v 0.002455695623 -0.04943879179 -0.001319568217
v 0.01065625176 -0.04974441607 -0.003018710137
v 0.01080781703 -0.04968008399 -0.003847249202
v 0.01063788339 -0.04960147676 -0.002203371355
v 0.01067797363 -0.04927909875 -0.00138414387
v 0.01232134794 -0.04839709683 -0.001258065315
v 0.01226202128 -0.04815144921 -0.0008719651306
v 0.01056625779 -0.04881061286 -0.0007867668074
v 0.01211485627 -0.04786594043 -0.0006130276542
v 0.01013805051 -0.04839053335 -0.0007156814058
v 0.01324518586 -0.0469978383 -0.0003886411885
v 0.01288384235 -0.04713969566 -0.0005960229823
v 0.0130466046 -0.04731172076 -0.0006183628566
v 0.01337072007 -0.04713630076 -0.0003553597741
v 0.01179251967 -0.04759968049 -0.000564732409
v 0.009668664831 -0.04805369802 -0.0008970192041
v 0.01296049407 -0.04687059283 -0.0005300056585
v 0.0114762249 -0.04735630166 -0.0006219836577
v 0.01242045847 -0.04855189899 -0.001735148876
v 0.01348422445 -0.04785269754 -0.001136960607
v 0.01333730096 -0.04766108136 -0.0008710587012
v 0.01370134797 -0.04751198705 -0.0003886414041
v 0.01393407977 -0.04771281088 -0.0005152596423
v 0.01264028549 -0.0485869852 -0.002378829481
v 0.01371613789 -0.04798550734 -0.001509221377
v 0.01422317528 -0.04787863131 -0.000771304894
v 0.01319635166 -0.04746695901 -0.0006899934182
v 0.01352035674 -0.04730414156 -0.0003464037275
v 0.01960852601 -0.04834123822 0.04069621228
v 0.02222448135 -0.04735493818 0.04032812174
v 0.02270209899 -0.047279494 0.04100742573
v 0.0199805828 -0.0483877843 0.04143395005
v 0.02828041973 -0.04231156619 0.03955220647
v 0.02694061069 -0.04379682899 0.04005370299
v 0.02629796063 -0.0440047352 0.03916384586
v 0.02757556286 -0.04252862761 0.0386789899
v 0.02506665331 -0.0455897751 0.04050999758
v 0.02451931177 -0.04575910635 0.03973481097
v 0.01428608729 -0.04840161233 0.04014722573
v 0.01694512205 -0.04863737333 0.04059972245
v 0.01709400106 -0.04871951347 0.0413532755
v 0.01428651786 -0.04848539197 0.04102930769
v 0.02113732088 -0.04730292161 0.03890002031
v 0.01880133069 -0.04810633285 0.03915334925
v 0.01847470768 -0.04737897301 0.03878399183
v 0.02068100283 -0.04670744417 0.03856395229
v 0.02327853459 -0.04610203043 0.03836217071
v 0.0227405249 -0.04570452014 0.03808234495
v 0.0249272055 -0.04460425892 0.03779662916
v 0.02443013892 -0.04441763297 0.03749970467
v 0.02610340771 -0.04309969761 0.03718289376
v 0.02567078085 -0.04298578335 0.03687149814
v 0.01643192966 -0.04818294731 0.03903090633
v 0.01621314044 -0.04750976794 0.0386379143
v 0.01901547746 -0.04813167596 0.03968660056
v 0.02143983593 -0.0473329679 0.03940152787
v 0.02174360957 -0.04721791097 0.0399121658
v 0.0192430203 -0.04806726108 0.04022600133
v 0.02362239986 -0.04596714228 0.03882242879
v 0.023998111 -0.04568880697 0.03928649302
v 0.02529334466 -0.04436394931 0.03824494711
v 0.02573005645 -0.04401558234 0.03869733895
v 0.02651489232 -0.04290862516 0.03766015673
v 0.02698134679 -0.04260428156 0.03815451291
v 0.01660011272 -0.04829704373 0.03958250393
v 0.01676572614 -0.04831894225 0.04012072615
v 0.01424886892 -0.04807962074 0.03959742219
v 0.01418641094 -0.0479678704 0.03896902798
v 0.01409664053 -0.04776997778 0.03843677858
v 0.01403551292 -0.04714976997 0.03802779461
v 0.01206147484 -0.04745942398 0.0386295126
v 0.01215438898 -0.04734543244 0.03797370798
v 0.01220134493 -0.04712388589 0.03744253778
v 0.01229223317 -0.04656606155 0.03705210986
v 0.01194129243 -0.04776341981 0.03930095311
v 0.01828359659 -0.04679583315 0.03868314383
v 0.0203648157 -0.0462913585 0.03852857075
v 0.01616142609 -0.04688911301 0.03850025779
v 0.02228611958 -0.04542380287 0.03813397511
v 0.02395147935 -0.04425322295 0.03758019981
v 0.02527440219 -0.04288037292 0.03690225102
v 0.01419533982 -0.04660043013 0.03791573238
v 0.01259299419 -0.04605221916 0.03702469117
v 0.03034822344 -0.03963187634 0.03849304293
v 0.02985521419 -0.04031269286 0.03879955872
v 0.02919740574 -0.04065152925 0.03803738867
v 0.02975996915 -0.04001215542 0.03788789139
v 0.02850115206 -0.0414525199 0.03829270487
v 0.02919105202 -0.04119197334 0.03912721676
v 0.02745516517 -0.0417161274 0.03713739927
v 0.02790580711 -0.04155109084 0.03771233615
v 0.02703568736 -0.04186262171 0.03659854223
v 0.0266207554 -0.04176464419 0.03626381561
v 0.02769858816 -0.04106624316 0.03629719056
v 0.02834694332 -0.04047730437 0.03632431393
v 0.02885237848 -0.0402842695 0.03684662425
v 0.02816813669 -0.04089816222 0.03687339156
v 0.02717060034 -0.04106031726 0.03591931828
v 0.02789665743 -0.0405704683 0.03588458536
v 0.01048831987 -0.04575111314 0.03529453702
v 0.01025588409 -0.04615408288 0.03551332349
v 0.009791838482 -0.04591807624 0.03476282032
v 0.01013668703 -0.04560407234 0.03478724432
v 0.02930150789 -0.04017457266 0.0373563541
v 0.02864377948 -0.04078623799 0.03742445646
v 0.01146189315 -0.04618528565 0.0334881217
v 0.01144175005 -0.04600323868 0.03407600061
v 0.01038348423 -0.04582865499 0.0341833569
v 0.01031375756 -0.04596068092 0.03372191475
v 0.02653019147 -0.04156181653 0.03483473711
v 0.02605281534 -0.04168535245 0.03520220387
v 0.02482412458 -0.04293134618 0.03467456106
v 0.02530080241 -0.04307124388 0.03438233976
v 0.01309964102 -0.04652437321 0.03392269718
v 0.01317032268 -0.0460522164 0.03426466627
v 0.01158870529 -0.04568506153 0.03436477733
v 0.01060442839 -0.04551566128 0.03445016886
v 0.02351532234 -0.04482241609 0.03391709144
v 0.02297893558 -0.04448141303 0.03426818814
v 0.01532514499 -0.04649392947 0.0341446467
v 0.01538209521 -0.04700587015 0.03375195276
v 0.02070242109 -0.04580169171 0.03396540122
v 0.02112056716 -0.04625606529 0.03352530281
v 0.01800142476 -0.04648023944 0.03400554667
v 0.01822575762 -0.04700500348 0.03354547075
v 0.02626445595 -0.0414241131 0.03598408093
v 0.0275083051 -0.04062816237 0.03538308608
v 0.02674570448 -0.04106052426 0.03558395684
v 0.00338753486 -0.05920409067 0.01456421008
v 0.002707810642 -0.05985757958 0.0143133183
v 0.002082842556 -0.05892411862 0.0135926765
v 0.002324851694 -0.05859707056 0.01377871455
v 0.001593709151 -0.05772878626 0.01302071637
v 0.001810877346 -0.0575109051 0.01318966536
v 0.004127296115 -0.05970138082 0.01527255156
v 0.003235269906 -0.06061159081 0.01517722648
v 0.003599729898 -0.06108324529 0.01626416476
v 0.004611883314 -0.05996233035 0.01617580338
v 0.005848963008 -0.05692186418 0.01457714246
v 0.006327936538 -0.05683741108 0.01480261248
v 0.00525400378 -0.05842178856 0.01524885622
v 0.00481128225 -0.05826785306 0.01489305772
v 0.006850061246 -0.05677827349 0.01536770137
v 0.005717532561 -0.05850791427 0.01592337423
v 0.002034002323 -0.05744550763 0.01351986682
v 0.002449845449 -0.05842283739 0.01403123202
v 0.005274419099 -0.05706127611 0.01471361766
v 0.004477044851 -0.0580563201 0.01489775815
v 0.003349748943 -0.05868664637 0.01465283919
v 0.00281477086 -0.05237243712 0.04840326838
v 0.002752558185 -0.05265184611 0.05170423695
v 0.006303921723 -0.05220878613 0.04836718302
v 0.006172785224 -0.05261414886 0.05160511676
v 0.002779122284 -0.05246860955 0.0558040019
v 0.006287329468 -0.05164100339 0.06053396065
v 0.00285447038 -0.05188353211 0.06062212882
v 0.006178922965 -0.05237228808 0.0557097505
v 0.02091974747 -0.04984151588 0.04897992755
v 0.0208147276 -0.05034398395 0.05144430313
v 0.01700712599 -0.05136023092 0.05124642155
v 0.01714883293 -0.05078014924 0.04870036952
v 0.01334691985 -0.05203506082 0.05118673194
v 0.01349618115 -0.05145731417 0.04840145777
v 0.009776005941 -0.05242063374 0.05130836891
v 0.009917726678 -0.05190922299 0.04823730443
v 0.03232568955 -0.0382008575 0.04206995934
v 0.03279212746 -0.03727136555 0.04120650519
v 0.03369233215 -0.03604212553 0.04251990298
v 0.03321479042 -0.03713152305 0.04361996271
v 0.03252207792 -0.03860643829 0.04465914323
v 0.03319925941 -0.03770799453 0.04668839958
v 0.03218798888 -0.03985491886 0.04780228182
v 0.03153242714 -0.04048647337 0.04559504134
v 0.03064513965 -0.0410818956 0.04368515869
v 0.03163590827 -0.0394629453 0.04290518333
v 0.0307788382 -0.04246866199 0.04875536699
v 0.03007973611 -0.04276785527 0.04644329294
v 0.03083312633 -0.0410592629 0.05401414709
v 0.02823460507 -0.04445039519 0.05474454855
v 0.02842852593 -0.04525827501 0.05183122297
v 0.03088299555 -0.04197418437 0.05123547505
v 0.0170286795 -0.0495776517 0.05971780885
v 0.01698855061 -0.05086097007 0.05501325393
v 0.02074214562 -0.04965289715 0.0549446106
v 0.02075532227 -0.0481742696 0.059269041
v 0.0134463202 -0.05052080608 0.06014008539
v 0.0133645499 -0.05163576475 0.05520617288
v 0.009777369423 -0.05213690246 0.05543716444
v 0.009884952731 -0.05119606103 0.06039666295
v 0.02483790845 -0.04833155584 0.0517900701
v 0.02470376277 -0.04750173609 0.05499227728
v 0.04072791186 -0.0176997612 0.05924362061
v 0.04004944969 -0.02010219907 0.05762191022
v 0.04084732697 -0.01803603899 0.05358311004
v 0.04158418979 -0.0155233564 0.05505595798
v 0.04140058061 -0.01626758727 0.04975891756
v 0.04214880946 -0.01363425719 0.05098180662
v 0.04235919423 -0.01280075963 0.05645556428
v 0.04143837722 -0.01514843741 0.06072543883
v 0.04309350121 -0.009928642126 0.05776065421
v 0.04213018441 -0.01253508069 0.06202248035
v 0.04022475929 -0.0176113736 0.06505898855
v 0.03955910116 -0.02011038962 0.06341510363
v 0.03894144644 -0.02244553247 0.06160036941
v 0.04090093611 -0.0150193275 0.06645542075
v 0.04295021689 -0.01069971345 0.05227458105
v 0.04375468249 -0.00744777711 0.05357767819
v 0.03597218496 -0.02547330224 0.07124029416
v 0.03337640723 -0.02837558748 0.07469734557
v 0.03283479563 -0.03096936967 0.07174566584
v 0.03542089098 -0.02792656295 0.0687479534
v 0.03652093139 -0.02271268944 0.07349075758
v 0.03798475108 -0.0227043319 0.06743237514
v 0.03859170219 -0.02012517678 0.06933221936
v 0.03743136771 -0.02506479853 0.06534623618
v 0.03714529864 -0.01968597264 0.07548709439
v 0.03926136244 -0.01739651611 0.07099427117
v 0.03448692216 -0.02192329391 0.07977218253
v 0.03390514303 -0.02539156783 0.07741874032
v 0.03091347794 -0.03971209823 0.05714301328
v 0.02812371587 -0.04299465151 0.05822316728
v 0.03300178909 -0.03667567283 0.05558957085
v 0.03270498052 -0.03802398846 0.05279607163
v 0.02461459268 -0.0459586771 0.05887560184
v 0.0323614299 -0.03321237534 0.06879788335
v 0.03488524944 -0.03010900406 0.06613696759
v 0.03683709367 -0.02724420906 0.06305179356
v 0.03249287898 -0.03908444372 0.0501903355
v 0.03407545964 -0.03551595937 0.05112713617
v 0.03367467588 -0.03669755202 0.04884092964
v 0.03510054164 -0.03346413379 0.04915195817
v 0.03454888056 -0.03476522988 0.04718058357
v 0.03522364974 -0.03322182035 0.04535210964
v 0.03589864248 -0.03177257667 0.04694470665
v 0.0365882968 -0.03016279261 0.04869331474
v 0.03570857746 -0.03197166717 0.05129688695
v 0.03455145296 -0.03410402376 0.05361222343
v 0.03341902847 -0.03517017032 0.05840685097
v 0.03116443597 -0.03818206408 0.06025142724
v 0.03388946851 -0.03363097545 0.06102478667
v 0.03153300124 -0.03666505202 0.06313481141
v 0.03511260873 -0.03253794842 0.05612588861
v 0.03567969593 -0.03092149047 0.05846736861
v 0.03728147022 -0.02843993336 0.05050100522
v 0.03635733283 -0.03033691813 0.05346452572
v 0.02206206135 -0.03911974245 0.07848699834
v 0.02176642582 -0.04165155244 0.07463185978
v 0.02562227235 -0.03926029429 0.07306694643
v 0.02599001511 -0.03682036203 0.0766767741
v 0.01812935058 -0.04082969278 0.07985791631
v 0.01790959533 -0.04342094949 0.07581937006
v 0.01769808031 -0.04532785125 0.07200225996
v 0.02147572946 -0.04355685059 0.07096532891
v 0.02527703531 -0.04115897376 0.06962560542
v 0.003186937702 -0.0437073553 0.0823627161
v 0.00313742142 -0.04642643985 0.07800988994
v 0.003111846467 -0.04840115968 0.07390245747
v 0.01427983846 -0.04202843109 0.0808632775
v 0.01412801167 -0.0446653479 0.07670499322
v 0.01399074709 -0.04658924074 0.07279651876
v 0.003363646664 -0.03609257162 0.09075931612
v 0.007059588317 -0.03585372209 0.09036814022
v 0.00725278603 -0.03137535343 0.09368808162
v 0.003522787681 -0.03156938745 0.094112914
v 0.01082194453 -0.03537705254 0.08970889929
v 0.01461280553 -0.03465253282 0.0888016757
v 0.01479011757 -0.0302443559 0.09199113681
v 0.01100872297 -0.03095029196 0.09298337656
v 0.01052785948 -0.04285627185 0.08157795199
v 0.01041346842 -0.04553873835 0.07733727915
v 0.006813283105 -0.04340106031 0.0820668846
v 0.006732387066 -0.04611205506 0.07775845166
v 0.01032522503 -0.04748869745 0.07334288323
v 0.006678029249 -0.04808209378 0.07369245359
v 0.007544412538 -0.0267490359 0.09620611878
v 0.003773059135 -0.02697620475 0.09655549042
v 0.01507671244 -0.02573101144 0.09473415407
v 0.01129467199 -0.026348691 0.09561624432
v 0.02259656712 -0.03220468188 0.08592398835
v 0.02232333106 -0.03592955544 0.08234606726
v 0.02634113113 -0.03383519142 0.0803293831
v 0.0266872017 -0.03033082662 0.08372984723
v 0.0305587959 -0.02798757189 0.08085387113
v 0.03011847392 -0.03123498099 0.07774336503
v 0.01832799809 -0.03752015967 0.08389689314
v 0.01853534814 -0.03364465167 0.08759182529
v 0.02966320055 -0.03401681334 0.0743960767
v 0.003260039259 -0.04020742872 0.08673669004
v 0.01444334593 -0.03863884721 0.08503077495
v 0.01066605696 -0.03941479008 0.08584012038
v 0.00692076567 -0.03992395688 0.08639617275
v 0.03451102599 -0.03462794322 0.04389445598
v 0.03394703837 -0.03597651278 0.04535491665
v 0.02712777209 -0.02620479946 0.08661685816
v 0.02294520457 -0.0279221137 0.08897731099
v 0.02301427019 -0.02368694446 0.09168110191
v 0.0272020874 -0.02222013008 0.08917392845
v 0.01877639884 -0.02929005905 0.09071272035
v 0.01897666927 -0.02486574115 0.09347156946
v 0.03108041896 -0.02415476242 0.08352274697
v 0.03131788017 -0.02050270682 0.08586364183
v 0.03933795206 -0.02244128056 0.05585275606
v 0.03828506496 -0.02468588017 0.05958802962
v 0.03795846402 -0.02663676114 0.05227802011
v 0.03699675359 -0.0286211937 0.05552499037
v 0.03764158963 -0.02675185395 0.05754918749
v 0.03864536653 -0.02464449545 0.05406037301
v 0.02924187072 -0.03635559674 0.07109330304
v 0.02121988747 -0.04506490065 0.06740180443
v 0.01750098121 -0.04679040131 0.06830704628
v 0.0172614113 -0.04816716514 0.06428906266
v 0.02097633337 -0.0465271333 0.0635835903
v 0.003075156994 -0.04985436132 0.0698640989
v 0.002984667931 -0.05099325545 0.06552484684
v 0.01365788904 -0.04931563677 0.06486552863
v 0.01385627572 -0.04803930141 0.06899620654
v 0.006473991299 -0.05069972035 0.06540366252
v 0.006609350038 -0.04953806103 0.06970122073
v 0.01008006594 -0.05014250322 0.06521608158
v 0.01023927389 -0.04894106003 0.06943794168
v 0.02824478979 -0.04134259121 0.0616946981
v 0.02852172298 -0.03981287447 0.06486606408
v 0.02473891798 -0.04423458133 0.06277803171
v 0.02497890743 -0.04271588286 0.06628465978
v 0.001725650214 -0.04428734589 -0.02572856048
v 0.001674183587 -0.04113261494 -0.02606571598
v 0.0256557301 -0.03728262118 -0.0107244031
v 0.02339655309 -0.0396898409 -0.01157664647
v 0.02130449375 -0.0393895353 -0.01437909666
v 0.02362177056 -0.03638742604 -0.01379890872
v 0.006735056068 -0.03421902825 -0.02502354629
v 0.008163289288 -0.03499650021 -0.02474407934
v 0.00713995235 -0.03741703183 -0.02524440282
v 0.00599697191 -0.03753295818 -0.02547674959
v 0.003557220094 -0.03378075149 -0.02547575596
v 0.003201716235 -0.03750175541 -0.02582984459
v 0.001678327166 -0.03746165689 -0.02592074249
v 0.001821908718 -0.03372025042 -0.02558800036
v 0.007755561849 -0.03921536838 -0.02512610555
v 0.006173426944 -0.04039034511 -0.02550505979
v 0.00961867692 -0.03664848322 -0.02440329157
v 0.003228109899 -0.04106701874 -0.02594605799
v 0.003388981835 -0.04413106708 -0.02557507764
v 0.02695368797 -0.03845038304 -0.007666460074
v 0.02480813265 -0.04039747993 -0.008821590411
v 0.02568944731 -0.04134363452 -0.006030081207
v 0.02773825335 -0.03973209505 -0.00453696838
v 0.02289372345 -0.04706366082 0.003643009766
v 0.02468047593 -0.0464427354 0.005055904844
v 0.02345027264 -0.04777087756 0.007462760925
v 0.02169724566 -0.04818120845 0.00600147568
v 0.02658370677 -0.04573375772 0.00701488735
v 0.0253488003 -0.04727801459 0.009486954593
v 0.02555072541 -0.04506359789 0.002620289534
v 0.02741545582 -0.04416161847 0.00453115495
v 0.02792786019 -0.04262883252 0.001806936806
v 0.02604002787 -0.04374286104 -7.905792511e-05
v 0.04062800228 -0.01761920534 0.02816551185
v 0.04015444611 -0.02171093568 0.03022415759
v 0.03973981777 -0.02379567528 0.02714812496
v 0.04006605437 -0.02039398014 0.02472969653
v 0.03935190429 -0.007039939957 0.01556479908
v 0.04021250727 -0.00950619653 0.01993732536
v 0.03979838126 -0.01370077387 0.01792560934
v 0.03918872251 -0.01087831169 0.01409637143
v 0.03659761208 -0.02741070295 0.006395728381
v 0.03617424807 -0.02459748567 0.002711457923
v 0.03756710872 -0.02149629624 0.006232749465
v 0.03790172494 -0.02448700772 0.009720395046
v 0.04089592656 -0.01223548857 0.02529938373
v 0.04170732273 -0.01130297018 0.03081881804
v 0.04108693276 -0.01617900784 0.03225650249
v 0.03960458461 -0.02062522702 0.01877731243
v 0.04012226627 -0.01681687467 0.02168268482
v 0.03954049818 -0.02357622639 0.02172148059
v 0.03682794399 -0.01830570212 0.002538804561
v 0.03792988058 -0.01499272303 0.005922268812
v 0.03862015315 -0.01813809592 0.009400958605
v 0.03531752577 -0.02153560814 -0.001147992065
v 0.0388865235 -0.02122760881 0.01276215155
v 0.03909433034 -0.01460312867 0.01204449617
v 0.03947078946 -0.01762282657 0.01548520511
v 0.03845381107 -0.01167709151 0.008637715576
v 0.03850567308 -0.008211822634 0.0105051695
v 0.03857810877 -0.003950772079 0.01140507127
v 0.03900438191 -0.0240396006 0.01590846976
v 0.03893692818 -0.02670035627 0.0188478478
v 0.03806181819 -0.02715351817 0.01293526412
v 0.03803471415 -0.02966763601 0.01593993888
v 0.005210100133 -0.05057531777 0.03131505936
v 0.005295784231 -0.05145273243 0.02953696803
v 0.006591531616 -0.05027685315 0.02834014522
v 0.006517500599 -0.04948081685 0.03003882888
v 0.01707620403 -0.04989152863 0.009714957677
v 0.01878700447 -0.04929740364 0.007185370939
v 0.02015609388 -0.04909974287 0.008504566286
v 0.01826478937 -0.04980795876 0.01129109975
v 0.01523919868 -0.05035927483 0.01231174008
v 0.01622976857 -0.05029543957 0.01413615116
v 0.01336073132 -0.05063374326 0.01497084246
v 0.01416924873 -0.05050374323 0.01690821418
v 0.0114350665 -0.05072625581 0.01769903391
v 0.01209783896 -0.05047553515 0.01951268342
v 0.01726863582 -0.05021423785 0.01624020446
v 0.0149323089 -0.05028188755 0.01903505888
v 0.01960365446 -0.04973007467 0.01320377905
v 0.02176935841 -0.04888358952 0.01014410683
v 0.01008124312 -0.050412688 0.02173964333
v 0.00825037758 -0.05085913737 0.0235545542
v 0.008045769672 -0.05145325685 0.0220937292
v 0.009619671241 -0.05082046305 0.02018095259
v 0.007830290477 -0.05202881198 0.02096148687
v 0.00908007312 -0.05119593958 0.01907005401
v 0.006720751235 -0.05255565713 0.02348346819
v 0.006697286367 -0.0532471193 0.02221130746
v 0.01558295769 -0.04984056641 0.02122042016
v 0.01827545848 -0.04997607006 0.01864308256
v 0.02100912871 -0.04960887931 0.01558540312
v 0.02352706926 -0.04864533341 0.01231056566
v 0.01300820077 -0.04947505931 0.02336381296
v 0.01263139802 -0.05004826838 0.02146750579
v 0.01040332855 -0.04992933077 0.02346972848
v 0.01056783518 -0.04928498326 0.02518044336
v 0.01323427938 -0.04879218653 0.02510917795
v 0.01060651019 -0.04849121023 0.02677133187
v 0.01606754178 -0.04920866689 0.02324335454
v 0.003939799703 -0.05365339838 0.009766240758
v 0.003504306838 -0.0538512358 0.01067889412
v 0.002587381033 -0.05414208258 0.01046590383
v 0.002848208953 -0.05398261036 0.009519963837
v 0.002986349514 -0.05437477988 0.01169139013
v 0.002176504854 -0.05460846529 0.01131107931
v 0.005118815821 -0.0531562076 0.01023961269
v 0.004394341645 -0.05348410025 0.01090988431
v 0.003950835561 -0.05382996658 0.0116697828
v 0.006140885535 -0.05344860003 0.01229654857
v 0.006892837053 -0.05306515237 0.01254345065
v 0.007213745999 -0.0538403997 0.0134244548
v 0.006517745557 -0.05413506093 0.0130279616
v 0.005557584909 -0.05385559674 0.01248737951
v 0.005954177472 -0.05449280114 0.01306765439
v 0.005217320517 -0.05317699656 0.011058212
v 0.005749243185 -0.05317490994 0.01168534003
v 0.00513488435 -0.05358702384 0.01206175222
v 0.004627963918 -0.05358922639 0.01176664801
v 0.00661132971 -0.05272110218 0.01173399206
v 0.006345049069 -0.05264288135 0.01071516234
v 0.00587158122 -0.05298679906 0.008977940292
v 0.007270630674 -0.05232156322 0.009499253535
v 0.004212819784 -0.05368494064 0.008711224937
v 0.006187936715 -0.0555640787 0.01383940193
v 0.006739507396 -0.05530583957 0.01392694909
v 0.00738395358 -0.0551217529 0.01443659614
v 0.002220247726 -0.05522719921 0.01227519931
v 0.001812548405 -0.05623163853 0.01273619019
v 0.00146580523 -0.05642245429 0.01252581646
v 0.001742162599 -0.05536521453 0.01198380051
v 0.005920728685 -0.0551411839 0.02177826935
v 0.006713982815 -0.05380992836 0.02126482304
v 0.005747700297 -0.05462575447 0.02293403451
v 0.007682571384 -0.05255566817 0.020199775
v 0.006654153818 -0.05454868736 0.02065904083
v 0.007701270964 -0.05303030353 0.01959171985
v 0.008621292377 -0.05160682249 0.01861594678
v 0.008416416051 -0.05197518904 0.01834199034
v 0.00512343931 -0.05426692126 0.01297106933
v 0.005510050714 -0.05488351887 0.01344688464
v 0.00305747623 -0.05452405635 0.01258768378
v 0.00371018404 -0.05412608513 0.01245337939
v 0.004719806457 -0.05397981715 0.01263253517
v 0.004273656556 -0.05394653604 0.01245455243
v 0.005671767926 -0.05593070639 0.01417069915
v 0.002075877652 -0.05615256208 0.01318234423
v 0.002465362995 -0.05517054017 0.01285900158
v 0.03727190376 -0.03380934322 0.02635412285
v 0.0363620443 -0.03654401122 0.02394635939
v 0.03729150313 -0.0344719901 0.02144652362
v 0.03817181312 -0.03169079534 0.02408329276
v 0.03503007665 -0.03812233031 0.02627236083
v 0.03363631069 -0.04092329004 0.02401880888
v 0.03517850302 -0.03928348453 0.02134387741
v 0.03613793362 -0.0371210292 0.01861675963
v 0.03370834065 -0.04160598894 0.01847666872
v 0.03471953942 -0.03939320069 0.01558060885
v 0.03190378838 -0.04346456436 0.02146814061
v 0.04221152965 -0.0108081648 0.03531345188
v 0.04135703198 -0.01561743668 0.03646523838
v 0.03897159761 -0.0249206365 0.0386363935
v 0.03941817671 -0.02440211301 0.03497447197
v 0.04033234743 -0.02067115346 0.03386700141
v 0.04013782764 -0.02090051106 0.03875967548
v 0.03600125694 -0.03550409652 0.02840897348
v 0.03834238641 -0.02742484563 0.0358108828
v 0.03789567484 -0.02776991981 0.03872041602
v 0.03709934597 -0.03001795712 0.03652818765
v 0.03675896945 -0.03021292129 0.03883545915
v 0.03665748386 -0.03328709086 0.03047893006
v 0.0378978277 -0.03134840671 0.0286650211
v 0.03828361591 -0.02935945313 0.03092272699
v 0.03704599075 -0.0315833314 0.03246034861
v 0.03846001574 -0.02799311414 0.03323779021
v 0.03720133941 -0.03047910946 0.03441752809
v 0.03918008344 -0.02677701765 0.02916516242
v 0.03876050903 -0.02904728192 0.02662128534
v 0.03925954355 -0.02643353327 0.02432621618
v 0.03944628818 -0.02511902869 0.03186379198
v 0.03866617758 -0.02927567901 0.02157387673
v 0.037790223 -0.03211660755 0.01876391221
v 0.03679146946 -0.02995801634 0.009782795061
v 0.03662227897 -0.0347549872 0.01579595349
v 0.035190744 -0.03706658927 0.012710963
v 0.03530712853 -0.03473443008 0.009754124672
v 0.03680714951 -0.0323711316 0.01288506507
v 0.03437832383 -0.03444951472 0.03744372737
v 0.03428270067 -0.03461191816 0.03884034174
v 0.03325793055 -0.03605391386 0.03840467879
v 0.03322693755 -0.03599318369 0.03738231823
v 0.02885785725 -0.04190873998 0.03042204469
v 0.03005836201 -0.04194133107 0.02883396318
v 0.03192487544 -0.03957571964 0.03021465186
v 0.03055369802 -0.03987290082 0.03159191803
v 0.03171250617 -0.04179596564 0.02661423332
v 0.03346552763 -0.03909245624 0.02840318834
v 0.03298083176 -0.03759999514 0.03174557751
v 0.03155265305 -0.03829328173 0.03287827802
v 0.02635337763 -0.04395228254 0.02956111326
v 0.02720486956 -0.04424634482 0.02790746868
v 0.02858354338 -0.04482214836 0.0247582579
v 0.02353538264 -0.04592787455 0.02781095401
v 0.02306859558 -0.04558670036 0.02910184882
v 0.02388777933 -0.04659612992 0.02589285734
v 0.01949081802 -0.04644996682 0.02919500999
v 0.019743951 -0.04672677029 0.02819317619
v 0.01343805788 -0.04665528959 0.03040059607
v 0.0134368117 -0.04659860296 0.03108941132
v 0.01159745338 -0.04640622499 0.03165016135
v 0.01147288312 -0.04649039656 0.03110723319
v 0.04073029658 -0.01853535366 0.04849887775
v 0.04012095799 -0.0204054345 0.05202198353
v 0.04112426568 -0.01715226923 0.04619783576
v 0.04168359703 -0.01507182985 0.04640630227
v 0.04090007496 -0.01789888482 0.04435318221
v 0.04168876391 -0.01477159463 0.04332186518
v 0.04251048833 -0.01118577626 0.0433755792
v 0.04242150868 -0.01217909174 0.04711818355
v 0.03942637968 -0.02262874419 0.05039184936
v 0.04015575991 -0.02044540744 0.04689424677
v 0.04398880951 -0.00581291353 0.04956204065
v 0.04320780188 -0.009022165144 0.04822249381
v 0.03734351419 -0.02845143464 0.04576280211
v 0.03657113182 -0.0302869661 0.04447120347
v 0.03807627828 -0.02655603967 0.04720346468
v 0.03898498679 -0.02426112508 0.04344395757
v 0.03960056869 -0.02227990387 0.04511071807
v 0.03875111921 -0.02466219588 0.04876116317
v 0.04156746919 -0.01504876105 0.04011251489
v 0.04058036597 -0.01908525656 0.04193140028
v 0.03815593159 -0.02661501718 0.04240178235
v 0.04248788322 -0.01062862882 0.03948818904
v 0.03414667261 -0.03491722503 0.04016288369
v 0.03397417277 -0.03534540264 0.04137435704
v 0.03306296363 -0.03665532547 0.04032268989
v 0.03320142332 -0.03627384852 0.0393915888
v 0.03724221904 -0.02888737084 0.04170366009
v 0.03432101894 -0.03461170011 0.0360681835
v 0.0330545288 -0.03614047014 0.03635091011
v 0.03451259924 -0.03673255819 0.03023409942
v 0.03492181781 -0.0336622555 0.04233160166
v 0.03573727131 -0.03236237109 0.03710520011
v 0.03553124196 -0.03250496539 0.03890835301
v 0.03524304486 -0.03297857125 0.04067388319
v 0.0357760312 -0.03198740518 0.04334329172
v 0.03628243515 -0.03095195629 0.04115602874
v 0.03220506001 -0.03723714877 0.03413868216
v 0.03361817141 -0.03616510391 0.03327242652
v 0.03406090295 -0.0351745561 0.03470675746
v 0.0327083285 -0.03654257046 0.03528848139
v 0.03557053178 -0.03350447796 0.03376118249
v 0.03576505434 -0.03268103954 0.0353940243
v 0.03516149813 -0.03486767321 0.03204711963
v 0.04334498917 -0.007498023089 0.04423397963
v 0.04406760443 -0.004341074753 0.04586013652
v 0.04470363305 -0.002463751105 0.0505176375
v 0.04465137358 -0.001581636019 0.04736038659
v 0.04513031744 0.001056228016 0.04845139876
v 0.04517555249 0.000259583358 0.0505531046
v 0.007449003968 -0.05341476138 0.004119002058
v 0.00953002642 -0.05247722101 0.003221184844
v 0.009822756271 -0.0522542889 0.004244451745
v 0.007469452062 -0.05313451333 0.00539696276
v 0.004769037415 -0.05405224732 0.006303919653
v 0.004966444604 -0.0543367183 0.005113604434
v 0.0112795067 -0.05144508147 0.002575607716
v 0.01171190999 -0.05130749672 0.003365169541
v 0.004512210412 -0.05381722051 0.007511416404
v 0.007391503794 -0.05277595612 0.007126762591
v 0.008928850789 -0.05198130539 0.008054796532
v 0.01026170856 -0.05193098351 0.005365032365
v 0.01099172637 -0.05148768063 0.006347781554
v 0.01224670694 -0.05112697056 0.004152746175
v 0.01289048173 -0.05086621975 0.004874653816
v 0.002776673226 -0.05490939743 0.005570790883
v 0.01264341681 -0.05051297847 0.002005638993
v 0.01495304818 -0.04876693727 0.0003363388811
v 0.01476495249 -0.0492652376 0.001105190641
v 0.01337654385 -0.04833175456 -0.004435581809
v 0.0137939792 -0.04805008231 -0.005747357356
v 0.01503956583 -0.04780249158 -0.004375800425
v 0.01454466591 -0.04800390607 -0.003095587838
v 0.01560710153 -0.04835317283 -0.0009806808496
v 0.01568766567 -0.04879580224 0.0001009208167
v 0.01490763373 -0.04831520509 -0.000470132156
v 0.006824978968 -0.05009179493 -0.008306248613
v 0.009141727913 -0.04996400296 -0.006775234635
v 0.003693511052 -0.05035892706 -0.009090297167
v 0.01122220525 -0.04935556969 -0.004901722666
v 0.01406631961 -0.04804861394 -0.002114101905
v 0.01523379167 -0.04803457062 -0.002042745584
v 0.01462716763 -0.0480130806 -0.001258156743
v 0.01296837273 -0.04851981024 -0.003282798926
v 0.01171100192 -0.04889384048 -0.006091669758
v 0.02869328162 -0.006527040835 -0.01009292932
v 0.02534529775 -0.01086631912 -0.01446545974
v 0.02233573764 -0.009134183219 -0.01902954975
v 0.02577458491 -0.005218199259 -0.01563786407
v 0.0302682748 -0.002789330979 -0.007400812183
v 0.02851117393 -0.000889561539 -0.01227313062
v 0.03136176553 -0.00443963534 -0.005153771271
v 0.01340687996 -0.04677750619 0.02963943345
v 0.0112598749 -0.04660996347 0.03051247614
v 0.01627909682 -0.04689149772 0.02882383367
v 0.01616176006 -0.04671007729 0.02969587444
v 0.006205657844 -0.04811109124 0.0378640967
v 0.00700328602 -0.04725595047 0.03708655849
v 0.008023707618 -0.04716524853 0.03836812697
v 0.007318799688 -0.04788564192 0.03935666544
v 0.01009888283 -0.04701302429 0.03839653653
v 0.009619292419 -0.04733994539 0.03949313788
v 0.008726885663 -0.04662729681 0.0374290658
v 0.01049760618 -0.04681317753 0.03755903271
v 0.01078546448 -0.04672400469 0.03687782426
v 0.01172144609 -0.04788493534 0.04041096019
v 0.007819662767 -0.04657211165 0.03633951096
v 0.01604762914 -0.0466754879 0.03045912368
v 0.02567762586 -0.04389052562 0.03060672202
v 0.02265896437 -0.04546002071 0.03000798217
v 0.01926688124 -0.04636299653 0.03000744671
v 0.0222867751 -0.04555776638 0.03075151335
v 0.01904890071 -0.04647447086 0.03072575348
v 0.01592924769 -0.04677060597 0.03116167864
v 0.01881218335 -0.0467541945 0.03153312268
v 0.02193026726 -0.04588280787 0.03155592099
v 0.02457111029 -0.04439888647 0.03214550564
v 0.02508971106 -0.04404688723 0.03137738761
v 0.01578953905 -0.04696134997 0.03194337905
v 0.01255867666 -0.05078023205 0.01312084538
v 0.01433246777 -0.05044388801 0.01070964424
v 0.01604479729 -0.05001426964 0.008359404412
v 0.01765519271 -0.04950259393 0.006088215511
v 0.008803133718 -0.0515583057 0.01686262171
v 0.009272531131 -0.05129640118 0.01653984487
v 0.01052118076 -0.05098140917 0.015895979
v 0.006734182501 -0.05179928326 0.02498254798
v 0.00553894812 -0.05303199822 0.026048137
v 0.005618634208 -0.05389107488 0.02441501641
v 0.005879398472 -0.05598595227 0.02102316374
v 0.007023995632 -0.05496610063 0.0196137067
v 0.00605143668 -0.05651475155 0.02025910304
v 0.007910248778 -0.05343801786 0.01880677634
v 0.008437115313 -0.05231979125 0.01783144626
v 0.008666450828 -0.05181536352 0.01696780167
v 0.01671000139 -0.0496982012 0.005212820888
v 0.01514506044 -0.05018287223 0.007214225564
v 0.01435015716 -0.05037408545 0.006279682651
v 0.01590353335 -0.04988064286 0.004515687775
v 0.01796119789 -0.0491168002 0.003321307985
v 0.0171040947 -0.04933708815 0.002854982375
v 0.01790701879 -0.04874629735 0.001174112481
v 0.01885472869 -0.04842241786 0.001439469097
v 0.01006733229 -0.05149199189 0.008925934758
v 0.008521050897 -0.05178597413 0.01029044657
v 0.01360905347 -0.05059698996 0.005533437609
v 0.01183305291 -0.0511146661 0.007194328107
v 0.007278358914 -0.05656880507 0.01627230287
v 0.006048029354 -0.05837494438 0.01690069571
v 0.007678074515 -0.05269551067 0.0133490258
v 0.007908648618 -0.05351132574 0.01432535365
v 0.004895543179 -0.05993705349 0.01732623191
v 0.007530585889 -0.05227209697 0.01243926294
v 0.00770079761 -0.05206010583 0.01144060116
v 0.007965048898 -0.05484268064 0.01537737823
v 0.008601466682 -0.05168768196 0.01266455907
v 0.008287400678 -0.05190579497 0.01368167132
v 0.00830518046 -0.05233217851 0.01460047623
v 0.008374749798 -0.053107332 0.01557671851
v 0.01266221851 -0.05084486221 0.008133752232
v 0.01102592797 -0.05117878289 0.009978327808
v 0.007427623655 -0.05611657608 0.01740320242
v 0.006168471211 -0.05794995192 0.01807011915
v 0.009508299715 -0.05143717107 0.01142622181
v 0.00821784376 -0.05439912936 0.01657529127
v 0.01516710662 -0.05005465522 0.003990671877
v 0.00500193068 -0.05954845551 0.01862823744
v 0.01348383942 -0.05061528933 0.009300730926
v 0.01182422753 -0.05094183506 0.01136625757
v 0.01019663609 -0.05119316294 0.01307652531
v 0.009191884189 -0.05141337913 0.0143850405
v 0.008355822511 -0.05019720812 0.02519156098
v 0.006690434454 -0.05104033148 0.0266289639
v 0.005426971446 -0.05222998358 0.02775922172
v 0.008336992517 -0.04943395612 0.02684929049
v 0.02790850371 -0.04198564976 0.03149649911
v 0.02711898398 -0.04223265535 0.0322544959
v 0.0264704853 -0.04261315247 0.03291907208
v 0.02839361912 -0.04059947956 0.03327115964
v 0.02935846778 -0.04020533105 0.03257746456
v 0.02763966309 -0.04102517861 0.03379319948
v 0.02922625692 -0.0395009986 0.03420416795
v 0.02837543292 -0.04003924842 0.03457281051
v 0.0311804555 -0.03816428913 0.03691634677
v 0.03021442829 -0.03901408913 0.03670246222
v 0.02979719443 -0.03918619979 0.03619326782
v 0.03082617919 -0.0383407966 0.03629203196
v 0.03139035725 -0.03811295706 0.037539955
v 0.03051366022 -0.03892724856 0.03722458762
v 0.02933714612 -0.03938454783 0.0357143764
v 0.03036002557 -0.03860174062 0.03567448765
v 0.0314537509 -0.03822257386 0.03814492989
v 0.03066833265 -0.03896919634 0.03772472617
v 0.03135553049 -0.03852151321 0.03870983385
v 0.03063398891 -0.03918124544 0.03815405749
v 0.02888490885 -0.03960376763 0.03520997627
v 0.02981871758 -0.03894147956 0.03501805924
v 0.03190752554 -0.0373484437 0.03635552221
v 0.03218056977 -0.03717545533 0.03714707061
v 0.03230593838 -0.03716307911 0.03792984746
v 0.03148076938 -0.0376722321 0.03554769207
v 0.0323048233 -0.03732689571 0.0386921003
v 0.03028186822 -0.03892130609 0.03366765975
v 0.03092841552 -0.03816064306 0.03467934429
v 0.032178991 -0.03768204697 0.0394218835
v 0.01412927579 -0.04892447191 0.04334193376
v 0.01393754368 -0.04946605591 0.04475698274
v 0.01068447433 -0.04953639394 0.04428749494
v 0.01116458156 -0.04874532579 0.042831478
v 0.009120767133 -0.0478776984 0.04068119189
v 0.01423761329 -0.04862093426 0.04211263854
v 0.01148213907 -0.04819235368 0.0415756694
v 0.00265916534 -0.05181900683 0.04536973555
v 0.001450554377 -0.05151858255 0.03999664098
v 0.001961037562 -0.05148583138 0.04232607596
v 0.002046347323 -0.0542851323 0.03136355406
v 0.002112128099 -0.05322804159 0.03324257344
v 0.0009321573367 -0.05372323959 0.03337661976
v 0.0008656178824 -0.05483441142 0.03141743645
v 0.002281344809 -0.05237598107 0.03495972207
v 0.001062432602 -0.05283493915 0.03518021979
v 0.006252501328 -0.05114314466 0.04518785971
v 0.004031978973 -0.05079216114 0.04210630967
v 0.002993616129 -0.05095656288 0.03975724219
v 0.0008916920664 -0.0559682822 0.02956047292
v 0.002117616529 -0.05536281878 0.02953578948
v 0.0009958810725 -0.05696089179 0.02801942603
v 0.002245277562 -0.05633440756 0.02791505064
v 0.001096371564 -0.05794853324 0.02655498256
v 0.002362785276 -0.05735779211 0.02633132178
v 0.002447230958 -0.05853010536 0.02462891753
v 0.001169229458 -0.0590969055 0.0249297365
v 0.003809494336 -0.06119378672 0.01759194811
v 0.002653771788 -0.06212831307 0.01766231374
v 0.002555142716 -0.06188928413 0.01616974223
v 0.003036932223 -0.05456691496 0.006601561077
v 0.001949177301 -0.05451192854 0.006660347451
v 0.001416787144 -0.05461135786 0.006020104188
v 0.001589234017 -0.05917963631 0.01341125055
v 0.001215734831 -0.05791113408 0.01289545541
v 0.00105289573 -0.05659049934 0.01241746654
v 0.001183952876 -0.05549098611 0.0118708371
v 0.0006138949249 -0.05557831522 0.01182995195
v 0.0007287884487 -0.05480877023 0.01118193077
v 0.001439209649 -0.05473430864 0.01119820975
v 0.001955614683 -0.05414619511 0.008402726026
v 0.001917051285 -0.05407648639 0.009407996824
v 0.001006746322 -0.05404397258 0.009368925052
v 0.001084078919 -0.05399848637 0.008313913371
v 0.00288356496 -0.05412445668 0.008532603235
v 0.001711003302 -0.05428428772 0.0103716545
v 0.0008721090001 -0.0543135943 0.01036044027
v 0.00107630255 -0.05414944649 0.007398544772
v 0.001968932959 -0.05433239049 0.007468634387
v 0.001006651703 -0.05435049665 0.006694986525
v 0.0008293029183 -0.0544674194 0.006268277977
v 0.002349746286 -0.0612241863 0.01498042685
v 0.00201715683 -0.06027812279 0.01407518363
v 0.001355101646 -0.06242463586 0.01943272512
v 0.001358498276 -0.0627061922 0.01759167624
v 0.002675945454 -0.06181560641 0.01934978869
v 0.001334771372 -0.06235030676 0.01596868793
v 0.0008677761831 -0.05931364399 0.01322927811
v 0.0006763440616 -0.05800175321 0.01277806069
v 0.000571586176 -0.05668671041 0.01234574847
v 0.001256146624 -0.06156845178 0.01474445609
v 0.001091197611 -0.06051934323 0.01385649652
v 0.005488906733 -0.04978599952 0.0413583375
v 0.004274842358 -0.05008282465 0.03930809897
v 0.00773368748 -0.04965087677 0.04330655774
v 0.00388007628 -0.06084228981 0.01908588034
v 0.00319558022 -0.05249313567 0.03284255699
v 0.003361804307 -0.05164734055 0.03454205211
v 0.003160911129 -0.05348281957 0.03101642085
v 0.003273066519 -0.05447025677 0.02919590701
v 0.003417750552 -0.05540831603 0.02750146285
v 0.003542174867 -0.05643460419 0.0258020588
v 0.003659013432 -0.05759636287 0.02400062268
v 0.006511468432 -0.0487688086 0.0403650158
v 0.005326393236 -0.04907964393 0.03862290496
v 0.00854049708 -0.04862254615 0.04192478159
v 0.004919784321 -0.05618717355 0.02306725142
v 0.005076600311 -0.0574838673 0.02130596764
v 0.004202339393 -0.05253258281 0.03041045509
v 0.004184047271 -0.05159522461 0.03221424005
v 0.00461996657 -0.05525391684 0.02509966945
v 0.004487693951 -0.05430039558 0.02685851194
v 0.004342743569 -0.05343066499 0.02859790686
v 0.00430424141 -0.05072623925 0.03393501268
v 0.005252480558 -0.04967371372 0.03308574813
v 0.01370059999 -0.0503397003 0.04641497998
v 0.01017250328 -0.05072315348 0.0460258079
v 0.03013231022 -0.03959547909 0.03780657651
v 0.01726201024 -0.04986300039 0.04674617921
v 0.02092590937 -0.04909048002 0.04695230241
v 0.02922064842 -0.04304758443 0.04441820155
v 0.01731210717 -0.04924957136 0.04504803929
v 0.02078636082 -0.04863286887 0.04514752934
v 0.02837731254 -0.04334037155 0.04269291895
v 0.02978573731 -0.04159865816 0.04207131178
v 0.03076918342 -0.04018636374 0.04143478083
v 0.03144748551 -0.03908266898 0.04077725943
v 0.03190367522 -0.03825605646 0.04011313315
v 0.02711801795 -0.04521836141 0.04496600127
v 0.02638493093 -0.04529501451 0.04319668701
v 0.02422112592 -0.04722669908 0.04514317944
v 0.02371650222 -0.04712323451 0.0434611253
v 0.01728358445 -0.04894690589 0.04361352067
v 0.02055504908 -0.04842084461 0.04363559583
v 0.03107531004 -0.03903814328 0.03922499556
v 0.0232309314 -0.04717456106 0.04210394703
v 0.02571538935 -0.04543064788 0.0416947947
v 0.01720404568 -0.04878800224 0.0423870297
v 0.02029940581 -0.04836447262 0.04242872907
v 0.02763638135 -0.04358261599 0.04123118588
v 0.02901260421 -0.04199440751 0.04069911037
v 0.03061269761 -0.03978200292 0.03970687339
v 0.02995463247 -0.04075306176 0.04018820748
v 0.02784309796 -0.04526370962 0.04701932281
v 0.02466469652 -0.047556717 0.04711364045
v 0.0284134531 -0.0454249621 0.04932324908
v 0.02488510868 -0.04814149634 0.04927694037
v 0.02996095583 -0.03959494363 0.03745041506
v 0.02966185915 -0.0396435377 0.0369815676
v 0.002933401411 -0.05433783338 0.00754704566
v 0.0354286137 -0.01514806203 -0.001097971206
v 0.03674545055 -0.01194846313 0.002454881743
v 0.03368997504 -0.01841658856 -0.004831621666
v 0.03767413656 -0.006182031511 0.007322769382
v 0.03751250043 -0.003173857656 0.008155204997
v 0.01168150765 -0.04588036243 -0.01901472947
v 0.01429430683 -0.04401252968 -0.01799933399
v 0.01379044905 -0.04530652683 -0.01615538978
v 0.01100410397 -0.04692909561 -0.01669433929
v 0.001719011346 -0.05002335032 -0.019995588
v 0.00354387163 -0.04973053836 -0.01989274583
v 0.003497870318 -0.04997309469 -0.0172247822
v 0.001698159071 -0.05026486886 -0.01723111108
v 0.007223235174 -0.0484940752 -0.01972027222
v 0.00931536076 -0.04741406473 -0.01951334032
v 0.008962063589 -0.04800740034 -0.01736406578
v 0.007049674779 -0.04885338315 -0.0173652402
v 0.001791969552 -0.04888372753 -0.02268606841
v 0.0120486363 -0.04407843225 -0.02101893805
v 0.01497793588 -0.04168484735 -0.01959030531
v 0.003631126562 -0.04861649052 -0.02251241211
v 0.00732367193 -0.04734140272 -0.02211175532
v 0.009501523705 -0.04605374549 -0.02175612932
v 0.02051151287 -0.0362782481 -0.01694440856
v 0.01837711933 -0.03992287217 -0.01716147274
v 0.001811019663 -0.04688941662 -0.02467715278
v 0.003610518038 -0.04666856561 -0.02448279583
v 0.03329055201 -0.01211071338 -0.004396681163
v 0.03120537908 -0.01543668143 -0.008024594985
v 0.03494495561 -0.009117584754 -0.0006841954702
v 0.009331198821 -0.04397941694 -0.0235010389
v 0.01204800148 -0.04145727829 -0.02255292878
v 0.007184303476 -0.04541849522 -0.02395994453
v 0.0160882093 -0.03733277745 -0.02040120881
v 0.0110535302 -0.03889048698 -0.02372931454
v 0.008617694605 -0.04157496834 -0.02462071179
v 0.0066583871 -0.04303043326 -0.02507709195
v 0.03283759159 -0.006617041707 -0.003218842221
v 0.03079814224 -0.009441136482 -0.007237201897
v 0.02825741994 -0.01287153375 -0.01100521905
v 0.03749595371 -0.009012624908 0.005378077564
v 0.0366580138 -0.004601615796 0.004809283258
v 0.03655826982 -0.002706428874 0.005633578691
v 0.03610466907 -0.006638035608 0.002539719012
v 0.01322485507 -0.04666280807 0.0332137333
v 0.01559087913 -0.04709781964 0.0328733071
v 0.02152336716 -0.04620080837 0.03255259343
v 0.02402467958 -0.04473268295 0.03305762286
v 0.01851724612 -0.0470060468 0.03254744311
v 0.02585902421 -0.04295576742 0.03365083702
v 0.02772363042 -0.04050056913 0.03491784881
v 0.02701262408 -0.04139482031 0.03432907011
v 0.02811089803 -0.04016436586 0.03531714488
v 0.02878970797 -0.0399322123 0.03604231874
v 0.02925100936 -0.03977765578 0.03649733265
v 0.02839999216 -0.04004473823 0.03564563647
v 0.01158986314 -0.04633207253 0.03222265556
v 0.01042802718 -0.04620094362 0.03246839426
v 0.01063002267 -0.04630393621 0.03199446824
v 0.01340573728 -0.04660563013 0.03175046287
v 0.008276421748 -0.0486095075 0.02840172826
v 0.01026824306 -0.04636576213 0.03177370555
v 0.009837176339 -0.04651461355 0.03141211777
v 0.009697193766 -0.04622449819 0.03247599278
v 0.009065060324 -0.0463724581 0.03235578553
v 0.006596807519 -0.0484258514 0.03186405143
v 0.006250361571 -0.04793557187 0.03410620699
v 0.005340951308 -0.04897573222 0.03480325558
v 0.00115865557 -0.0522221891 0.03675074716
v 0.002444747916 -0.05176395969 0.03649615134
v 0.003554510035 -0.05100048688 0.03608473297
v 0.004480019188 -0.0500264085 0.03550200713
v 0.01334410457 -0.046650338 0.03245446411
v 0.008813613764 -0.04618094404 0.03334930595
v 0.009525707576 -0.04606922129 0.03325622482
v 0.01032809483 -0.04607552533 0.03309380206
v 0.01153793351 -0.04626310075 0.032844271
v 0.007604505122 -0.04729234496 0.03206908715
v 0.007157934998 -0.0470499984 0.03369017928
v 0.005605299199 -0.04846591681 0.03636437933
v 0.006425700841 -0.04752869661 0.03570224307
v 0.001251209435 -0.05179693719 0.0382640331
v 0.002617443886 -0.05131277401 0.03800274132
v 0.003788126443 -0.05049921117 0.03761519493
v 0.004760259652 -0.04949093533 0.03702442621
v 0.009620499956 -0.04594136032 0.03409010465
v 0.009919583525 -0.04580685859 0.03437482404
v 0.01017063746 -0.04552232688 0.03455724362
v 0.008945238797 -0.04604929623 0.03431540216
v 0.007278855729 -0.04674935331 0.03510578304
v 0.003913268725 -0.0495237141 -0.0106616429
v 0.003704949882 -0.04965339949 -0.01491316357
v 0.004439638445 -0.04921778069 -0.01297624864
v 0.002415017308 -0.0495404623 -0.01270926141
v 0.001859279415 -0.04992576474 -0.01481286343
v 0.008928393994 -0.04799784493 -0.01577498374
v 0.00930278719 -0.04779119731 -0.01426595937
v 0.007560168487 -0.04838661955 -0.01372709819
v 0.007092171818 -0.04869821113 -0.0153647398
v 0.01133615193 -0.04695493553 -0.01465286679
v 0.01997797176 -0.04803089419 0.001924329285
v 0.01898344114 -0.0488413823 0.003990488676
v 0.0237436725 -0.04587020256 0.001226024171
v 0.01707683747 -0.0425098259 -0.01625885849
v 0.02289677473 -0.04210713769 -0.009295420521
v 0.02150256992 -0.0417355584 -0.01166039851
v 0.0237911239 -0.04277890389 -0.006857091184
v 0.02422433314 -0.04472890991 -0.001459393896
v 0.01956026868 -0.04179321383 -0.0140105438
v 0.0163403238 -0.04951382196 0.00255028117
v 0.01707734533 -0.04900551355 0.001091445156
v 0.0194218559 -0.04768129622 -0.0005763134264
v 0.01834969098 -0.04810496937 -0.0006398060481
v 0.01848924505 -0.04746841634 -0.002654592051
v 0.01967625024 -0.04695579668 -0.002715909078
v 0.01217956786 -0.04844740767 -0.007298626223
v 0.009676484153 -0.04927408644 -0.007808991586
v 0.01025562257 -0.04871737717 -0.008812457288
v 0.007328958874 -0.04936819984 -0.009324540115
v 0.008175104524 -0.04880332071 -0.010191069
v 0.01625296985 -0.04632191541 -0.009367682323
v 0.01589894609 -0.0468958145 -0.007736101175
v 0.01453180805 -0.04721355555 -0.008727619846
v 0.01484867003 -0.04667973291 -0.01030810077
v 0.01293833748 -0.04755916796 -0.009794481954
v 0.01123263906 -0.04783867079 -0.01077704691
v 0.01148542495 -0.0474541743 -0.01184164506
v 0.01320480305 -0.04707935467 -0.01117770301
v 0.009687835005 -0.04800351414 -0.01162413375
v 0.01023536354 -0.04771901555 -0.01216380363
v 0.01716284726 -0.04663121613 -0.006969056128
v 0.01743189765 -0.04607189029 -0.008490301473
v 0.01821176398 -0.04593693591 -0.007870952748
v 0.01830533778 -0.04629104937 -0.006658932217
v 0.0167161964 -0.04563411035 -0.01080562828
v 0.01516832796 -0.04603724294 -0.01188442914
v 0.01797599195 -0.04542192049 -0.009602379994
v 0.01886728432 -0.04545004024 -0.008301185926
v 0.01938430494 -0.04576234117 -0.006734089348
v 0.02021486577 -0.04853207054 0.004868958725
v 0.02131346817 -0.04757460787 0.002652212512
v 0.02209646168 -0.04656888787 0.0003015227298
v 0.01620014457 -0.04416910658 -0.01494291591
v 0.02208526953 -0.04400841716 -0.007081746284
v 0.02125267728 -0.04352313338 -0.009213026445
v 0.02254134884 -0.04559773794 -0.002266595429
v 0.01830062218 -0.04351830875 -0.0131859834
v 0.01999551348 -0.04333408684 -0.01124291693
v 0.0155957562 -0.04524741408 -0.0134456426
v 0.01352353497 -0.04601160174 -0.01436797351
v 0.02061703232 -0.04500351359 -0.006953592748
v 0.0199064607 -0.04463162793 -0.008813359146
v 0.01883105957 -0.04453519054 -0.01051937773
v 0.01738044689 -0.04474083348 -0.01208276338
v 0.02066642958 -0.04717446722 -0.0002792994475
v 0.02101643465 -0.04634045215 -0.002607470317
v 0.01595685407 -0.04787492175 -0.003093235555
v 0.01650866832 -0.04868719839 -0.0001975392853
v 0.01643063104 -0.04821794519 -0.001623276223
v 0.01739764084 -0.04844778304 -0.0004896691634
v 0.01739383193 -0.04790150138 -0.00229508141
v 0.01417242835 -0.04979700122 0.001835514733
v 0.01315283201 -0.05047107485 0.002565027272
v 0.01547358929 -0.04928185884 0.0011201152
v 0.01442492236 -0.05023846036 0.003561337452
v 0.01625518896 -0.04918725415 0.001108355856
v 0.01373793843 -0.05039310244 0.003091217932
v 0.01482834613 -0.04978183179 0.002097979038
v 0.01557065046 -0.04967256552 0.002331684113
v 0.01146602293 -0.04714364258 -0.01311118646
v 0.009784797504 -0.04770295738 -0.01299243654
v 0.00847858284 -0.0481499146 -0.01253453281
v 0.006039926433 -0.04894494623 -0.01145934283
v 0.01337396731 -0.04655924965 -0.01270609559
v 0.01335020436 -0.04742432121 0.02783095911
v 0.01336587474 -0.04700542302 0.02879905086
v 0.01099929038 -0.04680927477 0.02984610039
v 0.01077423231 -0.04716296318 0.02907344477
v 0.008825958937 -0.04723148507 0.03046065553
v 0.009344309228 -0.04678467137 0.03098016161
v 0.008378963759 -0.04669473674 0.03220610608
v 0.008025142862 -0.04646973456 0.03346135991
v 0.008159186421 -0.0462492672 0.03464261583
v 0.009329194309 -0.04606499284 0.03515163082
v 0.009914811337 -0.04627592134 0.03596805587
v 0.008646429857 -0.04618144637 0.03568353521
v 0.009401672777 -0.04635811117 0.03661598597
v 0.03202058969 -0.04326985412 0.01546510893
v 0.03297831456 -0.041119154 0.01256534365
v 0.03026666567 -0.04524917777 0.01850986013
v 0.03345496479 -0.03890048953 0.009692619614
v 0.02368341707 -0.04762235184 0.0236204954
v 0.02737849275 -0.04681635715 0.02143567096
v 0.003032896978 -0.01786538014 -0.02983426514
v 0.002891206429 -0.02045961084 -0.02770642404
v 0.01779709286 -0.01384911191 -0.02219105672
v 0.01586667793 -0.01902584986 -0.02177330257
v 0.01214474386 -0.01924410363 -0.02429647349
v 0.01269693901 -0.01559702722 -0.02607484359
v 0.006060068158 -0.01738279434 -0.02917321083
v 0.00580356167 -0.02015639887 -0.0271020895
v 0.02221261988 -0.01515244781 -0.01727288911
v 0.01956931486 -0.01956174394 -0.01894426173
v 0.01994195678 -0.04792055701 0.02523090876
v 0.01965075809 -0.04869153173 0.0232898399
v 0.02311654655 -0.0485586612 0.0211629883
v 0.020279173 -0.02505989662 -0.01819522693
v 0.02298103876 -0.02083025032 -0.01622375849
v 0.02631967422 -0.02276596737 -0.01371362069
v 0.0235255595 -0.02666759682 -0.01592484949
v 0.02029940857 -0.03125949055 -0.01816176089
v 0.0139137959 -0.03484106323 -0.02219423219
v 0.0172854268 -0.02977438784 -0.02019129325
v 0.01450925678 -0.02833136539 -0.02167328259
v 0.01708165658 -0.02386963729 -0.02026617576
v 0.002655948633 -0.02346813316 -0.02625862665
v 0.005327396182 -0.02332954098 -0.02576190508
v 0.004731785574 -0.02672399365 -0.02514527711
v 0.002368779492 -0.02674192868 -0.02550641223
v 0.01197671537 -0.02740932015 -0.02286802982
v 0.01398622607 -0.0232490348 -0.02210451147
v 0.009526198181 -0.02692975803 -0.02381006912
v 0.01095386213 -0.02307760312 -0.02365162089
v 0.002071356459 -0.03017050153 -0.02533204382
v 0.004107594624 -0.03021646248 -0.02514067052
v 0.009964773717 -0.03140221182 -0.02382200925
v 0.008059011873 -0.03067664051 -0.0243875508
v 0.01188958912 -0.03276963829 -0.0231466784
v 0.01646401428 -0.04781948819 0.02657044732
v 0.01639590641 -0.0472679458 0.0278204625
v 0.01909827312 -0.04945819519 0.02111325018
v 0.02357673148 -0.03209105743 -0.01534719393
v 0.02223978603 -0.04925391573 0.01840702486
v 0.02626110796 -0.03321088489 -0.01224890535
v 0.02805769738 -0.03476010716 -0.009082422643
v 0.02917618896 -0.03640405556 -0.005790405032
v 0.02982643478 -0.03801383134 -0.002373400737
v 0.02932399155 -0.0432535917 0.006875153185
v 0.02851092552 -0.04504632528 0.009482522586
v 0.02720055003 -0.04681213422 0.01215762518
v 0.02980678849 -0.04145375642 0.004128055484
v 0.0251134478 -0.04837640723 0.01519323912
v 0.03528586759 -0.0324019452 0.006531750231
v 0.03344112572 -0.02459411285 -0.004723184457
v 0.03451597206 -0.0273999745 -0.0008547786812
v 0.03251793228 -0.02996454118 -0.004118667743
v 0.03122033874 -0.02747333481 -0.007763858666
v 0.03508940193 -0.02997200721 0.002961716439
v 0.03330860297 -0.03226205578 -0.0003287674703
v 0.03362548012 -0.03447099095 0.003341028452
v 0.0316001072 -0.02169644247 -0.008191288287
v 0.02918953674 -0.02499064331 -0.01099129855
v 0.02886206914 -0.0190329143 -0.01114595098
v 0.02559166024 -0.01674349779 -0.01396323318
v 0.02878678504 -0.04626835871 0.01529561759
v 0.03031751197 -0.04432756862 0.01237053542
v 0.03116022407 -0.04231814624 0.009613125008
v 0.03182136947 -0.0362797275 0.0003172641666
v 0.03131242624 -0.03437387181 -0.003316712788
v 0.02651456387 -0.02835394565 -0.01326818979
v 0.02882192093 -0.03026544296 -0.01020942633
v 0.0316349312 -0.04026309412 0.006803617975
v 0.03034884446 -0.03235675984 -0.006866582429
v 0.02633281775 -0.04785041771 0.01839753016
v 0.01995706549 -0.04722114027 0.02687805058
v 0.00839963197 -0.04787101899 0.02968330225
v 0.01063856168 -0.04772626354 0.0280859855
v 0.01333233418 -0.04806040503 0.0266175813
v 0.01636462084 -0.04849235843 0.02503339152
v 0.03442551578 -0.004519522224 0.0004122437588
v 0.03299554577 -0.002414369206 -0.001188140012
v 0.03220124281 -0.0002631192865 -0.002842876295
v 0.03165792548 0.002421208526 -0.004666284257
v 0.03565995303 -0.003099570641 0.003352255445
v 0.008139379356 -0.05388904345 0.01777962428
v 0.007296003451 -0.05552377593 0.01855751577
v 0.008497715753 -0.0526832338 0.01685602234
v 0.008749641189 -0.05162233417 0.01524524465
v 0.005006535193 -0.05877579162 0.01996986401
v 0.006138899653 -0.05727700992 0.01925211064
v 0.008628334735 -0.05199151218 0.01597665216
v 0.002642243083 -0.06097975864 0.02110554954
v 0.001320587551 -0.06157205645 0.02131863091
v 0.003861589572 -0.0600302119 0.02065026513
v 0.001248156608 -0.06037008332 0.02317451249
v 0.002552997094 -0.05980290229 0.0228811209
v 0.003783112057 -0.05886297168 0.02226782712
v 0.02396738572 -0.003356458711 -0.02142446639
v 0.0196268309 -0.007509431903 -0.02474460376
v 0.01578681347 -0.01060460297 -0.02724461756
v 0.01217099227 -0.0127623213 -0.02948948904
v 0.003051052476 -0.01584428673 -0.03275337862
v 0.006024528605 -0.01521639761 -0.03214760055
v 0.005286971968 -0.04956126231 0.0008284425479
v 0.003467866807 -0.04985637618 0.0008976257329
v 0.007146448211 -0.04915370806 0.0007412525641
v 0.008977106746 -0.0486179368 0.0006665453264
v 0.01068880835 -0.04795633876 0.0005977184942
v 0.01210727432 -0.04717430714 0.000451838481
v 0.007379330436 -0.04796386827 -0.001749978816
v 0.004824031431 -0.04843970151 -0.002038767266
v 0.009472841585 -0.04759248219 -0.001287096845
v 0.01126595053 -0.04699684467 -0.0008505321169
v 0.01277513086 -0.04644625175 -0.000500244949
v 0.01290934278 -0.04652918128 0.0001224458836
v 0.02886379695 -0.03823212651 0.06793351285
v 0.03193570049 -0.03507434843 0.06593627625
v 0.03438195887 -0.03198789923 0.06355936227
v 0.0362565345 -0.02918813461 0.06074588002
v 0.03362781515 -0.0366723414 0.00667934926
v 0.03187660154 -0.03823112736 0.003746029272
v 0.03003594184 -0.03969235258 0.001033113334
v 0.02806679186 -0.04114679902 -0.001296594817
v 0.02609149242 -0.04249257537 -0.003078945901
v 0.02423892295 -0.04368425062 -0.004261933782
v 0.02252915754 -0.04472536044 -0.004799345225
v 0.02099917722 -0.04559765238 -0.004900184953
v 0.01965254662 -0.04629633494 -0.00483271397
v 0.01842009939 -0.04685099071 -0.004758552884
v 0.01694274423 -0.04735028468 -0.004629309115
v 0.01552629727 -0.04741546686 -0.005957815955
v 0.0141824447 -0.04767347966 -0.007192897692
v 0.01258831584 -0.04801076765 -0.008521323456
v 0.01079552982 -0.04825661399 -0.009788507059
v 0.00899142538 -0.04837051169 -0.01093242869
v 0.00734882183 -0.04852613635 -0.01202144531
v 0.006062320387 -0.04883267698 -0.0133289724
v 0.005418361359 -0.0492361463 -0.01510716722
v 0.005280156282 -0.0494919124 -0.01730256555
v 0.005362781515 -0.04922095479 -0.01982491397
v 0.005437892415 -0.04811996215 -0.02232574751
v 0.005364007683 -0.04621635042 -0.02423958813
v 0.004992453581 -0.04376742856 -0.0253576381
v 0.004704295121 -0.04087073249 -0.02575893799
v 0.004627809353 -0.03753771657 -0.0256806178
v 0.005196748564 -0.03391455769 -0.02528366228
v 0.006105773106 -0.0303488417 -0.0248279197
v 0.007111945761 -0.02675317603 -0.02456110498
v 0.0080711804 -0.02316101843 -0.02489637811
v 0.008831414936 -0.01971309324 -0.02601966947
v 0.009186296396 -0.01662584086 -0.02800035384
v 0.008998154469 -0.01420129332 -0.03109566567
v 0.0256445628 -0.04151538637 0.0352797954
v 0.02441808563 -0.04276877714 0.03459126168
v 0.02261586563 -0.04420665203 0.03409925434
v 0.02040807866 -0.04533329966 0.0338673547
v 0.01790670552 -0.04591318813 0.03384257465
v 0.0154292361 -0.04586362527 0.03399081333
v 0.01343753209 -0.0454074052 0.03426630024
v 0.01185909984 -0.0450733686 0.03446915273
v 0.01082205838 -0.04496206814 0.03453599372
v 0.01040196438 -0.04489529339 0.03467871499
v 0.04472748571 -0.003210228684 0.05464011243
v 0.0437978447 -0.007239251261 0.05898758403
v 0.04277197884 -0.01022426938 0.06310227552
v 0.04148625919 -0.01275618287 0.0675593722
v 0.0398348834 -0.01497302016 0.07231257639
v 0.03769057839 -0.01694039678 0.07713858611
v 0.03490758681 -0.0187223467 0.08177890831
v 0.04557923157 0.003983454598 0.0493786164
v 0.04563142203 0.002567969696 0.05241658193
v 0.01073492248 -0.04499899809 0.03526142979
v 0.01037941793 -0.04489676176 0.03486186047
v 0.01117171086 -0.04604740281 0.03606772809
v 0.01145748254 -0.04541700754 0.03604502638
v 0.01099185747 -0.04653843309 0.03637324472
v 0.04567792119 0.006848984123 0.04509426796
v 0.04573793373 0.007304639759 0.04713808929
v 0.04549789185 0.004478266879 0.04687589772
v 0.04554112031 0.004851564665 0.04483523945
v 0.04583500043 0.0101608571 0.04653502714
v 0.04581703227 0.009070525294 0.04469388166
v 0.04605581556 0.01102384548 0.048687364
v 0.04630709927 0.01185559177 0.05093540406
v 0.04618113172 0.007749212272 0.05193542724
v 0.04594017625 0.007566867214 0.0494699642
v 0.04451073618 -0.0005334860402 0.04002804523
v 0.04432271915 -0.002416013527 0.04253229576
v 0.0434952648 -0.005614092487 0.03960955553
v 0.04389187254 -0.002074609738 0.0372661131
v 0.04537579118 0.003152698839 0.04398462798
v 0.04519672234 0.00207243617 0.04589748324
v 0.04485045028 -5.81396081e-05 0.04447608883
v 0.04514274887 0.00152785368 0.04217088739
v 0.03873209946 0.005319133176 0.01097456691
v 0.0383020864 0.002967614397 0.009821879944
v 0.03700029202 0.002566293117 0.008603167585
v 0.03701491219 0.005004694216 0.009830201602
v 0.03930870619 0.003270780823 0.009738673023
v 0.03924455352 0.000856385741 0.01051331037
v 0.03832661528 9.158236891e-05 0.009912050561
v 0.03726310185 -0.0001355135198 0.00817238722
v 0.03555106766 0.002069300713 0.005772222277
v 0.03532195847 0.004744370529 0.006403515963
v 0.03603709941 -0.0004347734322 0.005592153256
v 0.04011471468 -0.0003032496161 0.01325064255
v 0.03939008456 -0.001620561161 0.01282384637
v 0.04013165884 0.001393749055 0.01063902607
v 0.0408181225 -0.005440179491 0.02093355618
v 0.04126505213 -0.002869616004 0.02127153695
v 0.04194483086 -0.003416938397 0.02566305813
v 0.04160187366 -0.006571887396 0.02563095281
v 0.04061153837 -0.001776412501 0.01695471472
v 0.03998595392 -0.003744677865 0.01648694783
v 0.04232573647 -0.006674910352 0.03022470685
v 0.04263224674 -0.003389686692 0.02974463964
v 0.03460538228 -0.001118586631 0.002470804504
v 0.03390090354 0.001247952361 0.00184566443
v 0.03360887268 0.004058103184 0.001415157918
v 0.04296140903 -0.006309447414 0.03464616254
v 0.04329624606 -0.00291467699 0.03361539476
v -2.139271718e-06 0.04474250609 0.004688015446
v -2.139271718e-06 0.04474250609 0.004688015446
v -2.121515964e-06 0.04590955862 0.007593660746
v -2.121515964e-06 0.04590955862 0.007593660746
v 0.003416988079 0.04577232992 0.007577111272
v 0.003484665723 0.04460273536 0.004669202357
v 0.04162718916 0.01608824104 0.02557867679
v 0.04004275925 0.01560311183 0.02071252025
v 0.03562363583 0.01921063621 0.01358736333
v 0.03983411333 0.01902039869 0.02436738561
v 0.03906153501 0.01420546519 0.01729233944
v 0.03814964687 0.01096411654 0.01427029684
v 0.03558115535 0.0123393782 0.009799269323
v 0.04473708252 0.01624034522 0.04016171342
v 0.04562804368 0.01451400964 0.03896425579
v 0.04436741321 0.01568682385 0.03491251909
v 0.04356159517 0.01750356603 0.03589889917
v 0.04211277931 0.01278551706 0.01849151522
v 0.04087844141 0.01028528038 0.01550121913
v 0.0396667997 0.007723849155 0.01290099352
v 0.03742798937 0.007685713052 0.01175291382
v 0.04311913689 0.0161270299 0.03044439587
v 0.04554067041 0.01621493173 0.02974148486
v 0.04445049179 0.01565742618 0.02572294647
v 0.04647404581 0.01625097983 0.0336546487
v 0.04325209021 0.0146035689 0.02188373912
v 0.03532209647 0.007942529359 0.007699017354
v 0.02434312998 0.03654098617 0.009190966461
v 0.02785560667 0.03326006962 0.01087617952
v 0.02707666911 0.03209426465 0.007714762263
v 0.02381580458 0.03541627887 0.006143233678
v 0.03174426647 0.02980366407 0.01421866392
v 0.03102862595 0.02827394181 0.01128353021
v 0.01794294268 0.04147917405 0.007953081856
v 0.02106086513 0.03933502085 0.008389918539
v 0.02078485933 0.0381775541 0.005406578899
v 0.01785097663 0.04032461643 0.005008452762
v 0.01219551977 0.04408529658 0.007579369022
v 0.01499559352 0.04301179992 0.007697398564
v 0.01501605404 0.04186876566 0.004781351192
v 0.01227559124 0.0429312965 0.004676166053
v 0.0331177044 0.01189215186 0.002187538124
v 0.03339476732 0.007519473784 0.001483262427
v 0.03150727448 0.006075238968 -0.00584321375
v 0.0313736615 0.01032959011 -0.006496389394
v 0.02551179716 0.02916055032 -0.00238187351
v 0.02535768226 0.02735496302 -0.01032670996
v 0.02322612333 0.03078030933 -0.01064624093
v 0.02300107837 0.03260397795 -0.00323185637
v 0.02831264097 0.02504627284 -0.0004595226456
v 0.02751099066 0.02334607113 -0.009655261165
v 0.02056493295 0.03542555828 -0.003641831209
v 0.02108014019 0.0335790196 -0.01086004544
v 0.01885404695 0.03583242527 -0.01099100391
v 0.01807844633 0.03763958029 -0.00387490181
v 0.01295403547 0.04037115147 -0.004036608327
v 0.01552848878 0.03925900533 -0.00399093857
v 0.0165070868 0.03757226732 -0.01106100797
v 0.01407378427 0.03883919079 -0.01112549116
v 0.01512826532 0.04062142224 0.001014602475
v 0.01246249872 0.0416788414 0.0009368255041
v 0.02623308758 0.03070519084 0.00344587686
v 0.0299857552 0.02640168465 0.006745581655
v 0.02328739723 0.03411364818 0.002121797024
v 0.01783265932 0.0390606435 0.001192229596
v 0.02055016649 0.03689570961 0.001524788778
v 0.03070290273 0.01480851906 -0.00708290621
v 0.03239824944 0.01664029681 0.002734534309
v 0.004618262562 0.04100483677 -0.01144439421
v -1.890137097e-06 0.04117583788 -0.01131207364
v -1.890137097e-06 0.04117583788 -0.01131207364
v -2.091760476e-06 0.04220002009 -0.003993286023
v -2.091760476e-06 0.04220002009 -0.003993286023
v 0.003926007555 0.0420634621 -0.00403606873
v -2.145161664e-06 0.0434573771 0.0009483069428
v -2.145161664e-06 0.0434573771 0.0009483069428
v 0.003618935609 0.04331911337 0.0009346504703
v 0.008455883205 0.04046942708 -0.01143968688
v 0.007373888238 0.04168940701 -0.004057229271
v 0.006892917096 0.04294758653 0.0009197316038
v 0.04705743959 0.01024280197 0.04377606763
v 0.04600148603 0.01137814595 0.04333678896
v 0.04649348233 0.007805054324 0.04406231887
v 0.04768784315 0.01160405136 0.04344984483
v 0.04753239513 0.01249200541 0.04276773383
v 0.04577362992 0.01324558883 0.04175948007
v 0.04750807325 0.01362813808 0.04160482695
v 0.0473744023 0.01587246031 0.03695056079
v 0.04770092043 0.01468412338 0.0400974117
v 0.04818042459 0.01567567034 0.03877153005
v 0.0420049538 0.01835684926 0.0307103936
v 0.04589971063 0.01402502597 0.04712904173
v 0.04609976716 0.01533124892 0.04920415139
v 0.04574340974 0.01271598912 0.04517305461
v 0.04539233237 0.01471948698 0.04316693605
v 0.04560115217 0.01807344229 0.04643961098
v 0.04545637464 0.01643103402 0.04472317997
v 0.03099017796 0.02044149916 0.001978990021
v 0.02939766927 0.01907725783 -0.008136104515
v 0.03572664774 0.02678926967 0.01938853753
v 0.03891844113 0.02463046318 0.02539373174
v 0.03917068535 0.022248639 0.02463302177
v 0.03561546321 0.02448292556 0.01751610234
v 0.04334973376 0.02178843612 0.03728021714
v 0.04473033135 0.02015985588 0.04242387132
v 0.04466403134 0.01830742303 0.0412543568
v 0.04339601764 0.01979844889 0.03659693034
v 0.04140711097 0.02313078445 0.03146431651
v 0.04160017896 0.020960427 0.0309895873
v 0.02929061107 0.00362187924 -0.01396838488
v 0.02991766389 0.007862770475 -0.01532294382
v 0.02996600127 0.01213726127 -0.01674786287
v -1.56991831e-06 0.04107892023 -0.02074034467
v -1.56991831e-06 0.04107892023 -0.02074034467
v 0.005493792429 0.04084663971 -0.02116098724
v 0.01009524434 0.04002633674 -0.02156337046
v 0.02209288185 0.03201097355 -0.01967819058
v 0.02013836033 0.03422334779 -0.01974918412
v 0.02583631147 0.02608065081 -0.01984279656
v 0.02396552819 0.02936439092 -0.01963893388
v 0.02790884044 0.02116065327 -0.02209455032
v 0.01579119097 0.03757755289 -0.02018855249
v 0.01803007997 0.03608434104 -0.01987769647
v 0.02937286438 0.0164112787 -0.01849629155
v 0.02620308268 0.0008337072387 -0.02276816578
v 0.02761507901 0.004603045865 -0.02439957097
v 0.02248460838 -0.001729406863 -0.03223939824
v 0.02479814942 0.00119383036 -0.0338674513
v 0.0285668283 0.008424856393 -0.02621637526
v 0.02693753595 0.004310846295 -0.03557020609
v 0.0290368488 0.01221080927 -0.0284515616
v 0.02883383346 0.007382881287 -0.03740484053
v 0.04230169337 0.007981458297 0.02173921828
v 0.04337914523 0.00979854135 0.02261035236
v 0.04206287144 0.009724782202 0.02458299798
v 0.04098440938 0.008110468839 0.02347752021
v 0.0433310121 0.01087666254 0.02563629082
v 0.04466885597 0.01124970122 0.02382383367
v 0.04576964712 0.01218429037 0.02535348693
v 0.04433866692 0.01165329819 0.02687635313
v 0.04764948348 0.01128564375 0.02079246613
v 0.04894736958 0.01295448122 0.022628177
v 0.04841110151 0.01204802908 0.02353450217
v 0.04719905958 0.01066584513 0.02195094445
v 0.04772560112 0.01200270295 0.01976060397
v 0.04902496663 0.01394479304 0.02196026388
v 0.04650910994 0.01263210874 0.02706347314
v 0.04500079214 0.0121958289 0.02823352864
v 0.04611876759 0.01073340236 0.0228919087
v 0.04723515046 0.0119064077 0.0244069128
v 0.04962287846 0.01324419775 0.0280100445
v 0.04977717277 0.01318976196 0.030446212
v 0.04854531343 0.01227060928 0.03031244169
v 0.04840243484 0.01258248654 0.02827866708
v 0.04993368618 0.01524532745 0.0247891267
v 0.04979796725 0.01405514403 0.02508722423
v 0.04919152124 0.01291842484 0.02560491141
v 0.04797940203 0.0125211533 0.02625392622
v 0.03834150871 0.002938716301 0.0272989802
v 0.03839063547 0.002635277834 0.02667104692
v 0.03825934372 0.003177678994 0.02638416362
v 0.03844670385 0.003382293112 0.02731490314
v 0.03852086735 0.003036426782 0.02785204064
v 0.03880762093 0.003187654289 0.02800968293
v 0.03868267737 0.002694099054 0.02809125726
v 0.03905339827 0.002528723349 0.02827911145
v 0.03870618778 0.002432050142 0.02780790963
v 0.03918730107 0.002040917717 0.02774495484
v 0.04900740697 0.01678989621 0.01994827876
v 0.05027941451 0.01835674438 0.0238930235
v 0.05105704103 0.01739249466 0.02392086724
v 0.0498665057 0.015903129 0.02016244898
v 0.04550000607 0.006629217825 0.01916531422
v 0.04574285497 0.006880865872 0.01750885573
v 0.04651140081 0.009498037027 0.01830204224
v 0.04635543941 0.009071067651 0.01966112083
v 0.04374697081 0.007228555929 0.02120451793
v 0.04483402777 0.009091397752 0.0218268579
v 0.04599534484 0.01147610483 0.01293481975
v 0.04750474459 0.01442220367 0.01609742385
v 0.04841024036 0.01365215358 0.01656988288
v 0.0470533657 0.01085321768 0.01361865581
v 0.04588074608 0.00879997273 0.0209471151
v 0.04490546431 0.006628880404 0.02055414791
v 0.04146555855 0.008417422792 0.02696462343
v 0.04045991859 0.007019518774 0.02624017824
v 0.0456194681 0.005179252036 0.04000461486
v 0.04670081997 0.005253331009 0.04074605667
v 0.0456169371 0.004061659554 0.0388932581
v 0.04471439738 0.00445331398 0.03873498375
v 0.04766877096 0.004920593371 0.04112710305
v 0.04643542669 0.003588114078 0.03930928581
v 0.04662645222 0.003124213031 0.04050485554
v 0.04782215443 0.004840030612 0.04237909445
v 0.04729399549 0.005571279073 0.04362665591
v 0.04633437996 0.003177161478 0.04182458221
v 0.04969805215 0.01509230002 0.02081336273
v 0.05085538366 0.01649813446 0.02425976712
v 0.05013757923 0.01607945017 0.02457278843
v 0.04909850083 0.01467309546 0.02143795907
v 0.04643935705 0.005499553763 0.04363959243
v 0.045925741 0.003573610173 0.04280923723
v 0.04920139682 0.00690433902 0.0425508463
v 0.0485114803 0.007154190252 0.0421809341
v 0.04920775606 0.007095084398 0.04374586125
v 0.04845164716 0.007687948721 0.04453479033
v 0.04753978111 0.007915751008 0.04439315653
v 0.04259155756 0.009260696574 0.02779624275
v 0.04833702081 0.01296597422 0.01763973072
v 0.04720201288 0.01025114433 0.0151217184
v 0.05177171553 0.01725965726 0.02776168924
v 0.05097306267 0.01685862786 0.02794303514
v 0.05206919755 0.01820364933 0.02759817073
v 0.05139927509 0.01928933453 0.02769956799
v 0.04639339611 0.006065883658 0.04135401797
v 0.04790489628 0.007745242578 0.04260891022
v 0.04593792954 0.005691460792 0.04037262812
v 0.0412049071 0.006394148232 0.02849544972
v 0.04019373593 0.005065800786 0.02771692065
v 0.03879024895 0.004053008066 0.02664562929
v 0.03926336075 0.004871660503 0.02565402161
v 0.03944315272 0.003729350764 0.02793425255
v 0.03848324462 0.003693230559 0.02546245787
v 0.04034015295 0.002613992572 0.02889049802
v 0.04005535904 0.001963502146 0.02755014524
v 0.04608439348 0.005401132215 0.0437332863
v 0.04577046962 0.004338537889 0.04352283253
v 0.04595401808 0.006248424681 0.04409614648
v 0.04573570634 0.005138851973 0.04400886153
v 0.04245190551 0.007089003929 0.02952160816
v 0.04783322238 0.01256731435 0.01877062474
v 0.04445612789 0.01155008755 0.01337979385
v 0.042957567 0.00865201351 0.01103878445
v 0.04137183708 0.008244550349 0.01213295829
v 0.04278594211 0.01092053893 0.01458413238
v 0.04458828907 0.008530618044 0.01065567145
v 0.04747264479 0.0168419114 0.02039524288
v 0.04596242254 0.01450029202 0.01654691345
v 0.04420159831 0.0136016937 0.01767111565
v 0.04566086662 0.01571536589 0.02127696466
v 0.04572108893 0.002126001497 0.0386205782
v 0.04548547698 0.001676722349 0.04010184164
v 0.04477198381 0.0006612090027 0.03819548638
v 0.04409438002 -5.824502504e-05 0.03581505053
v 0.04429366373 0.001437405157 0.03493857429
v 0.04501210574 0.001675016098 0.03685188497
v 0.04874306804 0.01839927316 0.02434658009
v 0.04688164422 0.01710522495 0.02509509323
v 0.04787882451 0.01792132569 0.02893609463
v 0.04868016017 0.01817993467 0.03271576693
v 0.04980631375 0.01934095917 0.0281954505
v 0.04585114417 0.007997652409 0.01157963289
v 0.04335026646 0.001298394824 0.02811930249
v 0.04325713565 0.001408220097 0.03089795798
v 0.04337479258 0.0003176437861 0.03057291373
v 0.04333880658 4.976846785e-05 0.02842282635
v 0.04163458343 0.002093883071 0.02919574969
v 0.04259182805 0.002266999781 0.03035847716
v 0.0423529454 0.001937101927 0.02814643137
v 0.04122723343 0.001911774863 0.02717607911
v 0.04121196188 0.001666514517 0.01117743321
v 0.04099191681 0.0004308271566 0.01377466551
v 0.04138152498 -0.0005089846739 0.01779049625
v 0.04176805013 -0.001357315579 0.0215257712
v 0.0497589562 0.01217244546 0.04032768289
v 0.049622205 0.0115531547 0.04119266888
v 0.04892619973 0.01055024239 0.04103693933
v 0.04895494326 0.01106619072 0.03965306552
v 0.04950141813 0.009679068283 0.04275822809
v 0.05014085269 0.009234022416 0.04251213334
v 0.04775936249 0.00854081242 0.04188925653
v 0.04779229583 0.009284504382 0.04045375532
v 0.04908568299 0.01014399574 0.04218807996
v 0.05069575687 0.009190770494 0.04308192817
v 0.05050119843 0.009607793902 0.04426844482
v 0.04941727416 0.01010496951 0.04485775899
v 0.04810174559 0.01017329336 0.04444063829
v 0.05239929276 0.01376068981 0.04307396257
v 0.0509535875 0.01419864088 0.04361951281
v 0.05028264381 0.01237289806 0.04449318756
v 0.05158032567 0.01191824985 0.04394004432
v 0.04871173555 0.01209677633 0.04399250802
v 0.04912680827 0.01358186524 0.04315789677
v 0.05192578903 0.01127305776 0.04273400006
v 0.05280726101 0.01291241337 0.0418926956
v 0.05142046703 0.01109416143 0.04200259393
v 0.05224136618 0.01253231094 0.04110512449
v 0.05001372867 0.01165529925 0.04181997562
v 0.05067880442 0.01146131147 0.04213716466
v 0.05132953877 0.01282087789 0.04114021897
v 0.05045563494 0.01281192142 0.04092079769
v 0.05236580188 0.0195449916 0.03149461673
v 0.05294304066 0.01833690902 0.03121966528
v 0.05150088488 0.01718605406 0.03131996679
v 0.05243021123 0.01743829001 0.03122617908
v 0.05068656026 0.01964859694 0.03202551368
v 0.05043413387 0.01449835168 0.03342465905
v 0.04971523093 0.01287241145 0.03280359286
v 0.05049600395 0.01472916936 0.03078011336
v 0.04931325205 0.0178022694 0.03614662237
v 0.05094655481 0.01622732314 0.03114967503
v 0.05097125205 0.01603758795 0.03406110167
v 0.05299607295 0.01896973594 0.035132934
v 0.05348461915 0.01775385336 0.03461136062
v 0.05132184917 0.01916202282 0.03566989762
v 0.04957228057 0.01246886071 0.03496644012
v 0.0502443835 0.01399396121 0.03577300614
v 0.05326455752 0.01779070464 0.03820898044
v 0.05370086082 0.0166117796 0.03743134563
v 0.05088871445 0.01535462408 0.03652873691
v 0.05163803906 0.01807627138 0.03873418057
v 0.04967825682 0.01697048723 0.03883302476
v 0.04986223309 0.01279283128 0.03914930297
v 0.0490749573 0.0115550978 0.03830755689
v 0.05063751354 0.01366966495 0.03982120165
v 0.05137195576 0.01553358113 0.04247379575
v 0.05289132218 0.01512920513 0.04194931048
v 0.0493972249 0.01473413751 0.04210785807
v 0.05332004076 0.01414015052 0.04086220107
v 0.0492908236 0.01201122334 0.03683813699
v 0.05000814225 0.01338456052 0.03771317521
v 0.05075730677 0.01448005507 0.03845561893
v 0.05161159192 0.01675180427 0.04097434887
v 0.05318315155 0.01639758316 0.04046090118
v 0.05361458054 0.01530292216 0.03950049074
v 0.0496104636 0.01582308652 0.04076551527
v 0.04214319821 -0.0003118748837 0.02134343442
v 0.04290186571 -0.0001797632989 0.02513623507
v 0.04237640889 -0.001553164183 0.02549592391
v 0.04293882325 -0.001328296988 0.02913450891
v 0.04186612701 0.0005488379384 0.01717448516
v 0.04205180626 0.0009668974995 0.02050566563
v 0.04189878435 0.001004803222 0.01454876464
v 0.04051164535 0.003438497771 0.009297128324
v 0.04201565741 0.003386539849 0.009689560059
v 0.04010585756 0.005718363001 0.01046076524
v 0.04153081801 0.005938073063 0.009587272666
v 0.04321604901 0.005762176946 0.009499271475
v 0.04454099224 0.005412493417 0.01067592979
v 0.04628847421 0.007487636886 0.01346399579
v 0.04675319535 0.009885786967 0.01681281596
v 0.04600469049 0.007175193813 0.01561137691
v 0.04238678681 0.001250255567 0.01661320381
v 0.04243000699 0.00145257614 0.01465675023
v 0.04394034793 0.003418125924 0.01288326825
v 0.0441766499 0.003449142731 0.01503851147
v 0.04326777026 0.00225251606 0.01557836076
v 0.04295866275 0.002164502794 0.01370312961
v 0.04515038603 0.005173382714 0.01273503233
v 0.04322658978 0.003359742868 0.01095982737
v 0.04225199803 0.001933713922 0.01224600588
v 0.05283486187 0.01696746218 0.03438172426
v 0.05299932985 0.01591055225 0.0369513695
v 0.05268455865 0.01360211185 0.04010356669
v 0.05292810308 0.01465168409 0.03883032263
v 0.05182167308 0.01602116268 0.0369365368
v 0.0517812047 0.01483965835 0.03879730097
v 0.05163123269 0.01382962985 0.04007725204
v 0.05172281233 0.01696238914 0.03441165463
v 0.04692100856 0.01262539759 0.02877229735
v 0.04542892835 0.0124192675 0.02952216294
v 0.04320779636 0.008039696794 0.03046980798
v 0.04338979364 0.01006648701 0.02874389607
v 0.04666127898 0.007136551234 0.04079517515
v 0.0468804077 0.008050269992 0.03935488243
v 0.04717094535 0.008869206718 0.03774626588
v 0.04790982027 0.009959611667 0.03883312412
v 0.04605228817 0.006185472648 0.03951369223
v 0.04629992857 0.007063077065 0.03810188635
v 0.04836573122 0.01148145388 0.03261086436
v 0.04871024511 0.01132295389 0.03439294125
v 0.04537692833 0.00561968856 0.03862229774
v 0.04552113453 0.00656555714 0.03727434092
v 0.04577354712 0.007631877581 0.03604459581
v 0.04664047897 0.007996825074 0.0366510087
v 0.04691136482 0.008790825807 0.03554733878
v 0.04746550169 0.009503687612 0.03644399676
v 0.048133194 0.01046757507 0.03741913777
v 0.04844512784 0.01089774545 0.03602289601
v 0.04776393319 0.01009309355 0.03525124231
v 0.04808367807 0.01073703947 0.03396097681
v 0.04715335809 0.009576635296 0.03457029883
v 0.04752383886 0.01047300553 0.03349104739
v 0.05029871303 0.01460276158 0.02792901115
v 0.05059814368 0.01595578177 0.02796545256
v 0.04446911961 0.006340755066 0.03690849985
v 0.04463655468 0.007474943943 0.035942572
v 0.04479115812 0.008475497064 0.03524038138
v 0.04597630301 0.008564642999 0.03515725864
v 0.04704826507 0.01220571553 0.03040125849
v 0.04555014855 0.01218265639 0.03082967898
v 0.04523792766 0.01058369601 0.0333960756
v 0.04651188106 0.01049786425 0.03322071632
v 0.04618756548 0.009477875292 0.03432022679
v 0.04498322972 0.009481515155 0.0344879986
v 0.04440201089 0.005241406059 0.03796685744
v 0.04380999736 0.006643055514 0.03533688225
v 0.04381005532 0.00762894568 0.03472494367
v 0.04386763347 0.00558729516 0.03612680496
v 0.04363307311 0.002268612016 0.03253307135
v 0.04360730771 0.001174591614 0.03285495805
v 0.04340172274 0.003190421275 0.03195243213
v 0.04433382849 0.003121973566 0.03427806924
v 0.04395982585 0.004293895574 0.03318281206
v 0.04293701264 0.001080225408 0.02494404478
v 0.04086607071 0.003730328525 0.02925606584
v 0.04129493281 0.002935557038 0.02980722458
v 0.04169075117 0.002524372764 0.0300259172
v 0.04226166385 0.002965175172 0.03067863881
v 0.04308233943 0.003991956351 0.03149840357
v 0.04160123608 0.004553296356 0.02986827767
v 0.04192165994 0.003615719074 0.03042856126
v 0.04367439987 0.005177155751 0.03249779745
v 0.04258446414 0.004967373028 0.03071644371
v 0.04339159598 0.006279550167 0.03170172251
v 0.04486984816 0.003671374821 0.03738766175
v 0.04428754738 0.004104389475 0.03769689071
v 0.04553406829 0.00294981081 0.03760336797
v 0.04396848148 0.004630005346 0.03701675041
v 0.04490984456 0.002871914811 0.03606946418
v 0.04404347024 0.004539330323 0.03515473316
v 0.0443739629 0.00388343427 0.03620765339
v 0.04546165744 0.0115563143 0.03214371987
v 0.04689477118 0.011471087 0.03193760219
v 0.04514212785 0.005026126626 0.01503435203
v 0.04165252951 0.006289740403 0.02098374834
v 0.04293079693 0.00572105305 0.02058751873
v 0.04403099742 0.00496743927 0.02013919802
v 0.04473786915 0.004713718398 0.01885256064
v 0.04501887347 0.004825055768 0.01709499332
v 0.04152319742 0.004835961901 0.02033183957
v 0.04249569427 0.00481691731 0.02017492181
v 0.04186877946 0.001695442974 0.02560517914
v 0.0408811739 0.001918313679 0.02298189853
v 0.03890145004 0.004102903513 0.02422131912
v 0.04066044433 0.001831514506 0.02522957012
v 0.03953366145 0.001902919991 0.02601904293
v 0.03863105549 0.002267249397 0.02710398843
v 0.03995769893 0.002165633394 0.0241562915
v 0.03938076375 0.002212256761 0.02490958235
v 0.03871270158 0.002363027818 0.0258850049
v 0.03844227943 0.002889431867 0.02564162607
v 0.03875648758 0.002883783351 0.02497841061
v 0.03926997115 0.003088824248 0.02378836933
v 0.04030274275 0.006424863845 0.02208325743
v 0.0401913043 0.004776748749 0.02101829633
v 0.03963667337 0.005814139698 0.0240349195
v 0.03946036462 0.004299552369 0.02233667469
v 0.03896951651 0.00196599157 0.0267765926
v 0.04204874532 0.003519972394 0.01980139252
v 0.04313505154 0.004054982562 0.01974333136
v 0.0398279059 0.003065607787 0.02240288225
v 0.04058567361 0.00311015695 0.02088063982
v 0.04387710884 0.003471789924 0.01867592758
v 0.04290155658 0.002649960627 0.0188377307
v 0.04203953215 0.001987283216 0.01939123275
v 0.04265878773 0.001741570043 0.01788265965
v 0.04332274288 0.002349354871 0.01734226525
v 0.04418057198 0.003388305269 0.01701965264
v 0.04343948347 -0.0004913240503 0.03246867303
v 0.0435952765 0.006378736604 0.03366279095
v 0.04375480393 0.005459054682 0.03431669112
v 0.04365145804 0.009499274235 0.03165958981
v 0.04354399411 0.007518473253 0.03287946485
v 0.04388641033 0.01095858395 0.0297072874
v 0.0442934374 0.01070857056 0.03212345808
v 0.0441317433 0.009891632828 0.03303512816
v 0.04392512053 0.00868780561 0.03400276174
v 0.04439848074 0.0116450621 0.03019983848
v 0.04433038115 0.01120922249 0.03118359096
v 0.006574938671 0.04540611624 0.007562369655
v 0.006680147615 0.04423202549 0.004656630512
v 0.01329430986 0.03884087168 -0.0208605395
v 0.0114772689 0.03975105132 -0.01125482187
v 0.01030266754 0.04113489201 -0.004049541398
v 0.00977759782 0.04240922354 0.0009179177962
v 0.009446388925 0.04484866174 0.007550970501
v 0.009553732105 0.04368135253 0.004654283749
v -0.04568188467 0.006848966872 0.04509426244
v -0.04554502307 0.004851540859 0.04483523669
v -0.04550044769 0.004478295515 0.0468758922
v -0.04574139764 0.007304616988 0.04713798993
v -0.04583876794 0.01016070875 0.04653492226
v -0.04582067834 0.00907038315 0.04469361393
v -0.04605946439 0.01102371369 0.04868745784
v -0.04594286733 0.007566807873 0.0494699642
v -0.04618424234 0.007749199851 0.05193552661
v -0.04631088611 0.01185556693 0.05093585671
v -0.04451434085 -0.0005334622345 0.04002813079
v -0.04389514324 -0.002074354775 0.03726619867
v -0.04349485906 -0.005614164594 0.03960965765
v -0.04432423444 -0.002415669379 0.04253239513
v -0.04537972706 0.003152687109 0.04398471078
v -0.04514657159 0.00152786541 0.04217088739
v -0.04485256175 -5.799736126e-05 0.04447608883
v -0.04519888625 0.00207242996 0.04589747772
v -0.03873609331 0.005319145251 0.01097465524
v -0.03701882599 0.005004759423 0.009830289925
v -0.03700388013 0.002566317095 0.008603167585
v -0.0383059726 0.002967727216 0.009821788861
v -0.03832882887 9.171869126e-05 0.009911237026
v -0.03924780766 0.0008570729161 0.01051150045
v -0.03931241299 0.003270988174 0.009737677322
v -0.03726465026 -0.0001356736048 0.008172298897
v -0.03532543342 0.004744340168 0.006403515273
v -0.03555359589 0.00206927708 0.00577213361
v -0.03603717946 -0.0004348979379 0.005592152911
v -0.04011851808 -0.0003031903174 0.013250459
v -0.04013555885 0.001393926821 0.01063848578
v -0.03939239199 -0.001620164054 0.01282312322
v -0.04082005456 -0.005440245043 0.02093346096
v -0.04160359595 -0.006571200135 0.02563095557
v -0.04194838033 -0.003416370509 0.0256635163
v -0.04126883344 -0.002869586161 0.02127153419
v -0.04061537765 -0.001776453903 0.01695471748
v -0.03998804331 -0.003744908332 0.01648685399
v -0.04232718 -0.006674127178 0.0302249801
v -0.04263597562 -0.003388630614 0.02974490737
v -0.03390053093 0.001247667814 0.001845486059
v -0.03460281816 -0.001118936213 0.002470714111
v -0.03361098967 0.00405800244 0.001414979116
v -0.04330010742 -0.002913883465 0.03361548585
v -0.04296225086 -0.006309229368 0.03464616254
v -0.003488784116 0.04460270223 0.004669202357
v -0.003421083356 0.04577226092 0.00757702226
v -0.04163132929 0.01608835421 0.02557859951
v -0.03983839699 0.01902069126 0.02436766162
v -0.03562779252 0.01921081424 0.01358754274
v -0.04004666753 0.01560304559 0.02071260857
v -0.03906549021 0.01420546105 0.01729242638
v -0.03558504155 0.01233935474 0.009799361785
v -0.0381536214 0.01096409791 0.01427038654
v -0.0447409908 0.01624011475 0.04016199219
v -0.0435655973 0.01750348461 0.03589906753
v -0.04437127457 0.0156866541 0.03491243904
v -0.04563174496 0.01451347281 0.03896434411
v -0.04088455776 0.01028211111 0.01550474652
v -0.0421169774 0.01278540113 0.01849160354
v -0.03743194457 0.007685714432 0.01175300905
v -0.03967107784 0.007723593847 0.01290162558
v -0.04445467332 0.01565627384 0.02572330528
v -0.04554473326 0.01621432037 0.02974148486
v -0.04312311417 0.0161269747 0.0304442965
v -0.04647794305 0.01625086667 0.03365473978
v -0.04325653947 0.01460291614 0.02188392129
v -0.03532589435 0.007942500378 0.007699103607
v -0.02785965572 0.03326013586 0.01087626785
v -0.02434719835 0.03654111589 0.009190693212
v -0.02381977082 0.03541627887 0.006143144665
v -0.02708076783 0.03209433917 0.00771466842
v -0.03174827964 0.02980366407 0.01421866116
v -0.03103275228 0.02827401357 0.01128353021
v -0.02106485346 0.03933505949 0.008390007552
v -0.0179468965 0.04147928997 0.007953081856
v -0.01785496633 0.04032466611 0.005008452762
v -0.02078882419 0.03817753754 0.005406489886
v -0.01499951699 0.04301185236 0.007697486887
v -0.01219945566 0.04408526898 0.007579102674
v -0.01227957818 0.04293138482 0.004676165363
v -0.01501998992 0.04186877946 0.004781350157
v -0.03312164305 0.01189218774 0.002187537261
v -0.03137756426 0.01032977572 -0.006496390084
v -0.0315110696 0.006075576389 -0.005843392465
v -0.03339847687 0.007519604888 0.001483172724
v -0.02551556743 0.02916076284 -0.002381874373
v -0.02300487762 0.03260410215 -0.003231857405
v -0.023227128 0.03078469786 -0.01064624093
v -0.02535754977 0.02736157343 -0.010331596
v -0.02831644713 0.02504612931 -0.0004601576378
v -0.02751305797 0.02334754501 -0.00966927826
v -0.02056890471 0.03542571285 -0.003641832244
v -0.01808238221 0.03763962997 -0.003874902155
v -0.01885801457 0.03583240042 -0.01099109914
v -0.02108338053 0.03357985314 -0.0108600482
v -0.01295799481 0.04037120392 -0.004036703895
v -0.01407775327 0.03883923219 -0.01112549116
v -0.01651120622 0.037572179 -0.01106118944
v -0.01553248538 0.03925910193 -0.00399093926
v -0.01513223984 0.0406215216 0.001014513117
v -0.01246643736 0.04167883588 0.0009367301949
v -0.02623710626 0.03070512736 0.003445876515
v -0.02998977112 0.02640166533 0.006745580965
v -0.02329136071 0.0341135847 0.002121885519
v -0.01783659658 0.0390606435 0.001192229251
v -0.02055412583 0.03689570133 0.001524877273
v -0.03070683861 0.01480852044 -0.007082818577
v -0.03240220465 0.01664026093 0.002734444606
v -0.004622006618 0.04100425164 -0.01144439352
v -0.003930078337 0.04206337653 -0.00403606873
v -0.003623077462 0.04331911337 0.0009346502978
v -0.008459627261 0.04046898823 -0.01143977659
v -0.007377853101 0.04168947049 -0.004057229271
v -0.006896886789 0.04294742368 0.000919731345
v -0.04706021624 0.01024258876 0.04377552389
v -0.04649715877 0.007805030173 0.04406267768
v -0.04600299028 0.01137674244 0.04333489278
v -0.04753513865 0.01249105732 0.04276637586
v -0.04769012298 0.01160341654 0.04344821914
v -0.0457755399 0.01324344976 0.041758572
v -0.04751091614 0.01362621982 0.04160418661
v -0.04737799593 0.01587164194 0.03695092513
v -0.04818410654 0.01567503828 0.03877197994
v -0.04770420494 0.01468266606 0.04009740894
v -0.04200905529 0.01835693759 0.0307104764
v -0.04590358579 0.01402481207 0.04712903621
v -0.04610371684 0.01533109297 0.04920460404
v -0.04574700614 0.01271562755 0.04517286968
v -0.04539604193 0.01471911851 0.04316675941
v -0.04560519294 0.01807307382 0.0464400526
v -0.04546028568 0.01643072213 0.04472354154
v -0.03099406692 0.02044144258 0.001978804923
v -0.02940124358 0.01907724541 -0.008139725747
v -0.0356196061 0.02448304424 0.0175160154
v -0.0391747896 0.02224879495 0.02463283685
v -0.03892235769 0.02463047698 0.0253937345
v -0.03573058915 0.02678929175 0.01938853753
v -0.04473436108 0.02015938804 0.0424239486
v -0.04335373865 0.02178809663 0.03728020886
v -0.04340004184 0.01979827914 0.03659683374
v -0.0446679893 0.0183071139 0.04125435404
v -0.04141109654 0.02313066577 0.03146431651
v -0.04160432737 0.02096047944 0.0309895873
v -0.02929414398 0.003621451772 -0.01396874645
v -0.0299214728 0.007862887778 -0.01532311908
v -0.02996961698 0.01213719778 -0.01674804089
v -0.005497044845 0.04084590276 -0.0211611694
v -0.01009842534 0.04002514438 -0.02156364371
v -0.02014189462 0.03422237347 -0.01974936214
v -0.02209434884 0.03201349627 -0.01967819058
v -0.02582736327 0.02610456419 -0.01986007332
v -0.02395828848 0.02937946375 -0.01964011105
v -0.02790937038 0.0211656918 -0.02215025989
v -0.01579463417 0.03757709747 -0.02018846279
v -0.01803399515 0.03608352406 -0.01987751982
v -0.02937524358 0.01641100684 -0.01850742297
v -0.02761673782 0.004603751757 -0.0243992094
v -0.02620390795 0.0008342704687 -0.02276771727
v -0.02248744437 -0.001728470159 -0.03223912223
v -0.02479808594 0.001196959779 -0.03386727466
v -0.02856994443 0.008424591425 -0.02621638078
v -0.02693975782 0.004311730212 -0.03557066978
v -0.02903942948 0.01221035937 -0.02845500343
v -0.02883436064 0.007383805225 -0.0374064607
v -0.04230332734 0.007982721726 0.02173125543
v -0.04098849155 0.008110381206 0.02347752021
v -0.0420668432 0.009724764951 0.02458299798
v -0.04338313356 0.00979852893 0.02261017572
v -0.04333498386 0.01087665219 0.02563629082
v -0.04467279461 0.01124990754 0.02382364874
v -0.04434259176 0.01165332027 0.02687635313
v -0.04577357748 0.01218439525 0.02535348693
v -0.04765344696 0.01128560855 0.02079246613
v -0.04720297339 0.01066585617 0.02195094307
v -0.04841503187 0.01204803322 0.02353449941
v -0.0489512337 0.01295450606 0.02262817148
v -0.04772947076 0.01200271537 0.01976060397
v -0.04902858234 0.01394493381 0.02196035634
v -0.04500469215 0.01219590205 0.02823352312
v -0.04651315622 0.01263204388 0.02706347038
v -0.04612270347 0.01073350863 0.02289172653
v -0.04723908635 0.01190647533 0.0244068162
v -0.04962681434 0.01324417567 0.02801004726
v -0.04840651976 0.01258230851 0.02827866708
v -0.04854932659 0.0122705251 0.03031243893
v -0.04978115281 0.01318971918 0.03044620924
v -0.04980183137 0.01405516887 0.02508722147
v -0.04993745094 0.01524538403 0.02478912394
v -0.04919544608 0.0129184138 0.02560490589
v -0.04798348144 0.01252097941 0.02625392622
v -0.03834532039 0.00293870457 0.0272989802
v -0.03826316644 0.003177678994 0.02638406702
v -0.03839441403 0.002635171054 0.02667104692
v -0.03845052657 0.003382382125 0.02731481481
v -0.03852469283 0.003036474739 0.02785203788
v -0.03881151265 0.003187755032 0.02800968017
v -0.03868649181 0.002694087496 0.02809125726
v -0.03905724859 0.002528628298 0.02827919701
v -0.0387099691 0.002431931286 0.02780790963
v -0.03919114311 0.002040651024 0.02774505144
v -0.04901133181 0.01678987137 0.01994827738
v -0.0498704471 0.01590313176 0.0201623579
v -0.05106094379 0.01739252227 0.02392086172
v -0.05028335591 0.01835676094 0.02389302074
v -0.0455039806 0.006629164003 0.01916539841
v -0.04635943602 0.009071020039 0.01966112083
v -0.04651544158 0.009497965265 0.01830195254
v -0.04574679913 0.006880852762 0.01750885573
v -0.04375077144 0.007228165377 0.02120433576
v -0.04483798297 0.009091380501 0.02182667297
v -0.04599935524 0.01147610483 0.01293481699
v -0.04705731263 0.01085321147 0.01361874137
v -0.04841417624 0.01365213564 0.0165698815
v -0.04750868599 0.01442216503 0.01609750803
v -0.04588467369 0.008799944439 0.0209471151
v -0.04490934775 0.006628881094 0.02055369802
v -0.04146956895 0.008417417962 0.02696462343
v -0.04046393727 0.007019507733 0.02624008163
v -0.04562342882 0.005179281362 0.0400046121
v -0.0447183443 0.004453373321 0.03873498099
v -0.04562079018 0.004061582272 0.03889361692
v -0.04670510362 0.005253176445 0.04074605667
v -0.04643760164 0.003587593456 0.03931047265
v -0.04767224866 0.004919929571 0.04112827056
v -0.04663052611 0.00312419578 0.04050475894
v -0.04633834344 0.003177184939 0.04182458221
v -0.04729786513 0.005571273553 0.04362665315
v -0.04782633872 0.004840041652 0.04237935942
v -0.04970187211 0.01509230554 0.02081336273
v -0.04910223799 0.0146731548 0.02143786799
v -0.05014118942 0.01607954539 0.02457242409
v -0.05085885032 0.0164982007 0.0242598444
v -0.0459295996 0.003573621903 0.04280923447
v -0.04644327086 0.005499381948 0.04364012513
v -0.04920585712 0.006904114073 0.04255093186
v -0.04851556523 0.007154159891 0.0421808375
v -0.04921192379 0.007095078188 0.04374585849
v -0.04845561617 0.007687955621 0.04453478757
v -0.04754315394 0.007915981475 0.0443940646
v -0.04259550448 0.009260720725 0.02779632555
v -0.04834095669 0.01296595766 0.01763963549
v -0.0472059874 0.01025111535 0.0151217184
v -0.05177525948 0.01725958826 0.02776168648
v -0.05097699303 0.0168585975 0.02794303514
v -0.05207311136 0.01820369625 0.02759816521
v -0.05140324961 0.01928932901 0.02769956523
v -0.04790887632 0.00774529433 0.04260891022
v -0.04639736511 0.00606595473 0.04135410629
v -0.04594188198 0.005691531864 0.04037262536
v -0.0412087381 0.006394237245 0.02849553805
v -0.04019755865 0.005065884279 0.02771710558
v -0.03879414895 0.004053085003 0.02664554097
v -0.03944719625 0.003729463583 0.02793415871
v -0.03926727179 0.00487170225 0.02565392501
v -0.03848712254 0.003693266095 0.02546236678
v -0.04034395911 0.002613909769 0.02889076851
v -0.0400592204 0.001963164035 0.0275502308
v -0.04577449659 0.004338484067 0.0435229181
v -0.04608846737 0.005401084258 0.0437332035
v -0.04595806988 0.00624838397 0.04409650253
v -0.04573977471 0.005138774345 0.04400896089
v -0.04245575583 0.007089081902 0.02952169648
v -0.04783706442 0.01256734333 0.01877062474
v -0.04446047778 0.01155017173 0.01337970277
v -0.04279076122 0.01092053893 0.01458403578
v -0.04137613729 0.008244568289 0.01213295691
v -0.04296175681 0.008652113563 0.01103859745
v -0.04459230775 0.008530623564 0.01065575908
v -0.047476669 0.01684191554 0.02039532706
v -0.04566535176 0.01571530517 0.02127696466
v -0.04420660235 0.0136016937 0.01767111565
v -0.04596684696 0.01450028374 0.01654681823
v -0.04572502757 0.002126019265 0.0386205782
v -0.04548952603 0.001676686985 0.04010183888
v -0.04477591141 0.0006611851539 0.03819558574
v -0.04501596434 0.001675045769 0.03685188497
v -0.04429758029 0.001437434827 0.03493856877
v -0.04409829659 -5.816204458e-05 0.03581504501
v -0.04874703705 0.01839921244 0.02434657733
v -0.04688567394 0.01710492824 0.02509509047
v -0.04788283216 0.01792138227 0.0289361802
v -0.04868415678 0.01818010166 0.03271586354
v -0.04981029379 0.01934093847 0.02819554986
v -0.04585509661 0.007997651719 0.01157971983
v -0.04335413886 0.001298388872 0.02811920589
v -0.04334268174 4.980403629e-05 0.02842272975
v -0.04337870638 0.0003176615111 0.03057281713
v -0.04326080656 0.001408154977 0.03089823123
v -0.04163875944 0.002093800268 0.02919574969
v -0.04235693924 0.001937013086 0.02814642861
v -0.0425953306 0.002266750856 0.03035864829
v -0.04123119968 0.001911597355 0.02717607911
v -0.04099583613 0.0004308508761 0.0137745758
v -0.04121587016 0.001666502614 0.01117779271
v -0.0413854857 -0.0005089668627 0.0177905832
v -0.04177195841 -0.001357262189 0.0215257712
v -0.04976299145 0.01217238612 0.0403275918
v -0.04895892882 0.01106614932 0.03965306276
v -0.04893017977 0.01055022583 0.04103693657
v -0.04962627337 0.01155310708 0.04119249224
v -0.05014479961 0.009234009306 0.04251178005
v -0.04950536505 0.009679102784 0.04275822533
v -0.04776340325 0.008540833121 0.04188925377
v -0.04908962992 0.01014403093 0.04218807996
v -0.04779627587 0.009284504382 0.0404537498
v -0.05050511775 0.009607835303 0.04426852211
v -0.0506993781 0.00919093679 0.04308236979
v -0.04942115484 0.01010501091 0.04485767894
v -0.04810493073 0.01017384399 0.04444163192
v -0.05240321208 0.01376069533 0.04307406193
v -0.05158422291 0.01191825951 0.04394004432
v -0.05028656865 0.01237292566 0.0444931848
v -0.05095750683 0.01419872368 0.04361960941
v -0.04871554999 0.01209685499 0.04399240038
v -0.04913069447 0.01358195357 0.04315798785
v -0.05281118585 0.01291238853 0.04189278944
v -0.05192966971 0.0112731102 0.0427339973
v -0.05142425939 0.01109409587 0.04200258841
v -0.05224494877 0.01253258971 0.04110521833
v -0.05001771423 0.01165528131 0.04182007223
v -0.05068272374 0.01146134183 0.04213716466
v -0.05133345809 0.01282089722 0.04114012513
v -0.05045968122 0.01281186898 0.04092079493
v -0.0523697488 0.01954496952 0.03149451737
v -0.05294700415 0.01833693663 0.031219588
v -0.05150485941 0.01718605406 0.03132006339
v -0.05243394839 0.01743817546 0.03122627292
v -0.05069052374 0.01964860936 0.032025602
v -0.05043808079 0.01449835858 0.03342465905
v -0.05049992879 0.014729208 0.03078012164
v -0.04971923305 0.01287235901 0.03280359286
v -0.0493172045 0.01780235634 0.03614661961
v -0.05095050725 0.01622733556 0.03114967227
v -0.05097523762 0.01603756173 0.03406109339
v -0.05300011372 0.018969787 0.03513293952
v -0.05348860471 0.01775400654 0.03461171391
v -0.05132585681 0.01916204766 0.03566989762
v -0.04957619437 0.01246886761 0.0349664346
v -0.05024826418 0.01399400951 0.03577299786
v -0.05370477462 0.01661181687 0.03743126283
v -0.05326852652 0.01779074328 0.03820906876
v -0.05089263377 0.01535466962 0.03652881695
v -0.05164198598 0.01807632658 0.03873417781
v -0.04968218718 0.01697050379 0.038833022
v -0.04986629041 0.01279273606 0.03914929745
v -0.04907887662 0.01155504673 0.03830755689
v -0.05064156534 0.01366961113 0.03982120165
v -0.05137584748 0.01553362806 0.04247387303
v -0.05289531326 0.01512922997 0.04194930496
v -0.04940107798 0.01473400641 0.04210767315
v -0.05332391592 0.01414011602 0.04086228663
v -0.04929474292 0.01201120126 0.03683812871
v -0.0500120947 0.0133845481 0.03771317521
v -0.05076126474 0.01448012545 0.03845561617
v -0.05318712056 0.0163976287 0.04046108058
v -0.05161552228 0.01675188983 0.04097434611
v -0.0536184833 0.01530286282 0.03950058735
v -0.04961434428 0.01582307548 0.04076551527
v -0.04238018744 -0.001552986502 0.02549628272
v -0.04290576571 -0.000179692162 0.02513650832
v -0.04214712305 -0.0003118333746 0.0213433461
v -0.04294278122 -0.001327983114 0.02913460827
v -0.04205572834 0.0009669210465 0.02050557731
v -0.04187013466 0.0005488320301 0.01717448792
v -0.04190268159 0.001004844537 0.0145487605
v -0.04201955741 0.003386516388 0.009689742225
v -0.04051597593 0.003438616455 0.009297038621
v -0.04010982105 0.005718517221 0.01046058584
v -0.0415350437 0.005938233838 0.00958708843
v -0.04322005942 0.005762165905 0.009499271475
v -0.0445448812 0.005412505493 0.01067592841
v -0.04629234937 0.007487661037 0.01346399579
v -0.04600855185 0.007175223484 0.01561137415
v -0.04675719748 0.009885725555 0.01681272074
v -0.04239064817 0.001250326725 0.01661320243
v -0.04243391803 0.001452588215 0.01465666191
v -0.04394422585 0.00341815525 0.01288326549
v -0.04296254067 0.002164514352 0.01370339457
v -0.0432717089 0.002252551596 0.0155782683
v -0.0441805499 0.003449172057 0.01503860118
v -0.0451541977 0.005173442746 0.01273503371
v -0.0432304125 0.003359748388 0.01095991293
v -0.04225584835 0.001933714267 0.0122461011
v -0.05283854934 0.01696717237 0.03438135993
v -0.05300332646 0.01591021 0.03695128394
v -0.05268843933 0.01360243202 0.04010401107
v -0.0529318016 0.01465187316 0.03883031987
v -0.05182560344 0.01602115026 0.0369365368
v -0.0517851461 0.01483970251 0.03879729821
v -0.05163516857 0.01382961743 0.0400773376
v -0.05172674821 0.01696240156 0.03441164911
v -0.04692515421 0.01262542933 0.02877220351
v -0.04543275935 0.01241951038 0.02952216294
v -0.04321167152 0.008039725774 0.03046980522
v -0.04339369365 0.01006651599 0.02874389607
v -0.0468844043 0.008050245151 0.03935488243
v -0.04666537495 0.007136544334 0.04079508683
v -0.04791371752 0.009959587516 0.03883275979
v -0.04717480947 0.008869212928 0.03774636524
v -0.04630378165 0.007063112946 0.03810188359
v -0.04605617161 0.00618553751 0.0395137778
v -0.0483697223 0.01148140765 0.0326108616
v -0.04871421411 0.01132291249 0.03439293849
v -0.04552509801 0.006565539199 0.03727442648
v -0.04538079245 0.005619728926 0.03862237778
v -0.04664436517 0.007996818863 0.03665100594
v -0.04577754924 0.00763183135 0.03604459581
v -0.04746938789 0.009503528907 0.036443994
v -0.04691529518 0.008790700223 0.03554725598
v -0.04813703052 0.0104674688 0.03741923713
v -0.04844904716 0.01089767369 0.03602289325
v -0.04808770779 0.01073694493 0.03396097405
v -0.04776802364 0.0100928686 0.03525123679
v -0.04715723877 0.009576664966 0.03457029883
v -0.04752782442 0.01047298759 0.03349104739
v -0.05030261027 0.01460280988 0.02792901667
v -0.05060218444 0.01595571967 0.02796545256
v -0.04464050437 0.007474949463 0.03594256924
v -0.04447322386 0.006340707454 0.03690831492
v -0.04598058666 0.008564417362 0.03515707647
v -0.04479531205 0.008475390111 0.03524038138
v -0.04705244384 0.01220579833 0.03040107908
v -0.04555410651 0.01218269504 0.0308297673
v -0.04524197395 0.01058369739 0.03339607284
v -0.04498744437 0.009481437182 0.03448799584
v -0.04619173321 0.009477910483 0.03432030131
v -0.04651599911 0.01049791117 0.0332207108
v -0.04440591365 0.00524142331 0.03796685468
v -0.04381383664 0.00762894568 0.03472494091
v -0.04381364067 0.006643074145 0.03533723554
v -0.04387142307 0.00558728412 0.03612688776
v -0.04363677439 0.002268605634 0.03253315415
v -0.04361115251 0.001174621371 0.03285486421
v -0.04340539089 0.003190380563 0.03195287927
v -0.04433771745 0.003121955971 0.03427806648
v -0.04396360441 0.004293836577 0.03318280654
v -0.04294103684 0.001080278885 0.02494404202
v -0.04086978302 0.003730405462 0.0292561652
v -0.04129862581 0.002935610169 0.02980722458
v -0.04169465393 0.002524408127 0.03002591168
v -0.04226550036 0.002965257974 0.03067872714
v -0.04308617871 0.003992033634 0.03149840081
v -0.04192545782 0.003615796356 0.03042902219
v -0.04160502015 0.004553373294 0.02986836324
v -0.04367815911 0.005177066048 0.03249770637
v -0.04258832826 0.004967467906 0.03071652927
v -0.04339541042 0.006279550167 0.03170180808
v -0.0442915357 0.004104425011 0.03769652638
v -0.044873773 0.003671386896 0.03738765899
v -0.04553751012 0.002949833926 0.03760345353
v -0.04397230696 0.004630010866 0.03701657376
v -0.04491375836 0.002871921193 0.03606945866
v -0.04437788774 0.003883399079 0.03620756506
v -0.04404729572 0.004539259941 0.03515473316
v -0.04689886715 0.01147108838 0.03193760495
v -0.04546562093 0.01155635639 0.03214371987
v -0.04514588985 0.005026220468 0.01503434927
v -0.04293440712 0.005720477227 0.02058725238
v -0.04165605966 0.006289587908 0.02098257254
v -0.04403466833 0.00496761143 0.02013874122
v -0.04502275691 0.004825091994 0.01709508164
v -0.04474171119 0.004713795336 0.01885247094
v -0.04249942866 0.004816413594 0.02017419866
v -0.04152697597 0.004835801471 0.02033129446
v -0.04187281194 0.001695365865 0.0256052647
v -0.04088502422 0.001918165152 0.02298189715
v -0.03890532244 0.00410294595 0.0242213136
v -0.03953747037 0.001902659336 0.02601904017
v -0.04066431673 0.001831307154 0.02522956736
v -0.03863481197 0.002267077409 0.02710389735
v -0.03996150233 0.002165443466 0.02415610382
v -0.03938458923 0.002212108578 0.02490958235
v -0.03844613527 0.00288936666 0.02564162331
v -0.03871643874 0.0023628441 0.02588473993
v -0.03876040138 0.002883747815 0.02497841061
v -0.03927387943 0.003088806652 0.02378827549
v -0.04030713405 0.006424626478 0.0220834396
v -0.04019538094 0.004776694582 0.02101848264
v -0.03964071137 0.005814085876 0.0240350989
v -0.03946417906 0.0042995641 0.02233667469
v -0.03897326471 0.001965706937 0.02677640491
v -0.04205277781 0.003520031045 0.0198014836
v -0.04313908127 0.004054627201 0.0197434183
v -0.03983171482 0.003065578462 0.02240288087
v -0.04058957637 0.003110180755 0.02088063982
v -0.04388106681 0.003471848921 0.01867593034
v -0.04290565254 0.002649978568 0.01883773208
v -0.04204349288 0.001987336865 0.01939123275
v -0.04266269601 0.001741676824 0.01788265551
v -0.04332676985 0.002349390407 0.01734235219
v -0.04418453822 0.003388329075 0.01701947185
v -0.04344366224 -0.0004910989309 0.03246876411
v -0.04359881493 0.006378713143 0.03366279095
v -0.04375833684 0.00545900086 0.03431669112
v -0.04354750218 0.007518557436 0.03287946209
v -0.04365534148 0.009499291486 0.03165958705
v -0.04389039314 0.01095854255 0.0297072874
v -0.0442973374 0.01070861196 0.03212345532
v -0.04413574543 0.009891603157 0.03303502328
v -0.04392904537 0.008687756619 0.03400294115
v -0.04440238626 0.01164516008 0.03019983848
v -0.04433431427 0.01120924596 0.0311835882
v -0.006684112478 0.04423185989 0.004656630512
v -0.006578909054 0.04540604724 0.007562275122
v -0.01329784277 0.03884053495 -0.02086017793
v -0.01148116062 0.03975098507 -0.01125482187
v -0.01030662067 0.04113491133 -0.004049635931
v -0.009781537842 0.04240916282 0.0009179174512
v -0.009450337227 0.0448486645 0.007550972571
v -0.009557666607 0.04368123109 0.004654187492
v 0.04657296728 0.01364596409 0.05542768631
v 0.04655710231 0.00890051851 0.05661908279
v 0.0465568539 0.008709181094 0.0557845709
v 0.04658664626 0.01334289979 0.05458358588
v 0.04621260222 0.01772565356 0.05339472316
v 0.04624062813 0.01727092393 0.05253641933
v 0.04566317681 0.0209637736 0.05013181617
v 0.04571170188 0.02044437931 0.04942981599
v 0.04479045706 0.02334108365 0.04515043295
v 0.04485928807 0.02278859593 0.04471596235
v 0.04324169297 0.02507193059 0.0387738844
v 0.04330490169 0.02443031833 0.03852425122
v 0.04107489051 0.02645060164 0.03234957533
v 0.04118666294 0.02579184373 0.0322143615
v 0.03856668753 0.02783101431 0.02672938961
v 0.03869020412 0.02719853793 0.02645725069
v 0.03590590702 0.02957080668 0.02190401333
v 0.03589345076 0.02899553308 0.02135149801
v 0.03272539135 0.03194088669 0.01799743781
v 0.03254785436 0.03149242246 0.01719114366
v 0.02902400612 0.03504856095 0.01505263069
v 0.02879701392 0.03467632476 0.01415950838
v 0.02523546843 0.03841350002 0.01331460201
v 0.02504291381 0.03801980693 0.01243450593
v 0.02157912779 0.04130619396 0.0125091207
v 0.02146423509 0.04089047539 0.01162567663
v 0.01816172915 0.04348227307 0.01209842134
v 0.01810733476 0.0430576477 0.01120991597
v 0.01502525616 0.0450033259 0.01186381682
v 0.01500987421 0.04457789734 0.01097585104
v 0.01213822178 0.04604572468 0.01174026849
v 0.0121442774 0.04561897404 0.01085384284
v 0.009362477492 0.0467830098 0.01169197251
v 0.009379353345 0.04635632264 0.01080753343
v 0.006492282387 0.04732181715 0.01167704735
v 0.006512281967 0.04689602426 0.01079261655
v 0.003361752555 0.04767336374 0.01167054045
v 0.003375829682 0.04724982308 0.01078555625
v -2.103766781e-06 0.04780025039 0.01166682951
v -2.103766781e-06 0.04780025039 0.01166682951
v -2.103760042e-06 0.04737704647 0.01078194123
v -2.103760042e-06 0.04737704647 0.01078194123
v -0.003365847487 0.04767329198 0.01167054045
v -0.003379930479 0.04724981204 0.01078555556
v -0.006496318322 0.0473219938 0.01167704735
v -0.00651624614 0.04689577585 0.01079261586
v -0.009366447185 0.04678292147 0.01169242379
v -0.009383334769 0.0463563944 0.01080762866
v -0.01214219216 0.04604585165 0.01174009046
v -0.01214823675 0.04561906237 0.01085384284
v -0.01502912856 0.04500335902 0.01186390515
v -0.01501378525 0.04457796083 0.01097585035
v -0.01816554497 0.04348216543 0.01209859523
v -0.01811122786 0.04305765322 0.01121000429
v -0.02158303607 0.04130626297 0.01250930287
v -0.02146819305 0.04089053059 0.01162586018
v -0.02523934911 0.03841356902 0.01331477728
v -0.02504686349 0.03801984557 0.01243459701
v -0.02902863754 0.03504925649 0.01505254237
v -0.02880105744 0.03467640204 0.01415950838
v -0.03272961428 0.03194115994 0.01799743505
v -0.03255176541 0.0314924197 0.01719105534
v -0.03590996711 0.02957088397 0.02190400919
v -0.03589748048 0.02899558828 0.02135159185
v -0.03857048817 0.02783084042 0.02672957178
v -0.03869420901 0.02719855449 0.02645724517
v -0.04107860834 0.02645075069 0.03234984858
v -0.04119057122 0.02579177472 0.03221435874
v -0.04324515688 0.02507238877 0.0387744171
v -0.04330895626 0.02443001472 0.03852425122
v -0.04479456407 0.02334129342 0.04515097116
v -0.04486337576 0.02278778999 0.04471613623
v -0.0456673197 0.0209632685 0.05013228538
v -0.04571561292 0.020443612 0.04942999816
v -0.04621634766 0.0177256922 0.05339598728
v -0.04624468546 0.01727076247 0.05253714247
v -0.04657691972 0.01364635602 0.05542922092
v -0.04659067047 0.01334301847 0.05458430902
v -0.04656108235 0.008900683425 0.05661980593
v -0.04656081738 0.008709233535 0.05578465922
v -0.04623622579 0.01650533828 0.05116123979
v -0.04651925049 0.0127307887 0.05308757531
v -0.0464343889 0.008266956034 0.05425527922
v 0.04643063518 0.008266895312 0.05425500321
v 0.04651529805 0.0127307335 0.05308712265
v 0.04623228439 0.01650552045 0.05116088098
v 0.04570370867 0.01948672206 0.04814272734
v 0.04480684921 0.02171057273 0.04369656888
v 0.04332428301 0.02336404757 0.03800231902
v 0.0412827222 0.02473028167 0.03193623871
v 0.03878760203 0.02619094383 0.02603578561
v 0.03583507219 0.02812745855 0.02055904154
v 0.03223401883 0.03081209447 0.01601629527
v 0.02841818941 0.03410511124 0.01287495901
v 0.02476372563 0.03741332503 0.01116840083
v 0.02130624364 0.0402572041 0.01034772801
v 0.01804397838 0.04241604924 0.009919566965
v 0.01500456242 0.04394003328 0.009675378049
v 0.01216353728 0.04498664671 0.009548032528
v 0.009402444911 0.04573762736 0.009511135013
v 0.006534591739 0.04628635447 0.0095065236
v 0.003392171114 0.04664814097 0.009508235543
v -2.103749935e-06 0.04678034355 0.009511223336
v -2.103749935e-06 0.04678034355 0.009511223336
v -0.003396253625 0.04664806921 0.009508235543
v -0.006538567643 0.04628633515 0.009506428377
v -0.009406391144 0.0457376108 0.009511132943
v -0.01216746488 0.04498664119 0.009548125681
v -0.01500846104 0.043940163 0.009675282826
v -0.01804789356 0.04241616516 0.009919567655
v -0.02131020713 0.04025722342 0.01034772732
v -0.02476769739 0.03741348788 0.01116848915
v -0.02842222189 0.03410518576 0.01287486793
v -0.03223808995 0.03081214692 0.01601620419
v -0.03583898047 0.02812746131 0.02055904154
v -0.03879149927 0.02619091071 0.0260358767
v -0.0412866912 0.02473010227 0.03193634083
v -0.04332819681 0.02336350935 0.0380023135
v -0.04481078233 0.02170976264 0.04369648608
v -0.04570770252 0.01948613692 0.04814309167
v -0.002904400156 -0.01448406823 -0.03676867115
v -9.125875931e-07 -0.01472348082 -0.03689600218
v -0.005701428151 -0.01378770139 -0.03634612964
v -0.008406987598 -0.01268867393 -0.03563706088
v -0.01113582354 -0.01122938147 -0.03458285722
v -0.01990893787 -0.004504321052 -0.03122860796
v -0.01692754444 -0.007137407551 -0.0318409992
v -0.01395614114 -0.009379029725 -0.03318525198
v 0.002902681313 -0.01448795581 -0.0367549066
v 0.005696598001 -0.01379772878 -0.03631509248
v 0.008391868539 -0.01271230579 -0.03558984686
v 0.01109991551 -0.01126889072 -0.03453454744
v 0.01390891883 -0.009426766096 -0.03315892628
v 0.01690500282 -0.007161614192 -0.03182553444
v 0.01990342046 -0.004506531191 -0.03122453959
v 0.03845566033 -0.01293681253 0.07943663892
v 0.03530228458 -0.01432938337 0.08432785843
v 0.0352430145 -0.01530021589 0.08381143537
v 0.03829980381 -0.01378570033 0.07896597808
v 0.04084913206 -0.01133095055 0.07412042695
v 0.04062712458 -0.01206299564 0.07378842177
v 0.04255836477 -0.00937403604 0.06875574236
v 0.0423458299 -0.01001458843 0.06863825655
v 0.04373289161 -0.007046646275 0.06425631701
v 0.04361235867 -0.00760958092 0.06409823034
v 0.04465134874 -0.004159879271 0.06098673061
v 0.04458869204 -0.004593818554 0.06067741886
v 0.04548663622 -0.0004365187551 0.05884614068
v 0.04544802814 -0.0007196213418 0.05828530232
v 0.04615056102 0.004006367794 0.05754692974
v 0.04613257078 0.00383946231 0.05677735714
v -0.04549142221 -0.0004366965649 0.05884604684
v -0.0461545107 0.004006326047 0.05754684141
v -0.04613650942 0.0038394561 0.05677753931
v -0.04545198886 -0.0007196924571 0.058285214
v -0.04466132369 -0.004160928794 0.06098736543
v -0.04459260308 -0.004593758867 0.06067741886
v -0.04373785424 -0.007046546222 0.0642568635
v -0.0436164022 -0.007609331822 0.06409849531
v -0.042560686 -0.009372531103 0.06875637718
v -0.04234995899 -0.0100136983 0.06863880305
v -0.04085225924 -0.01132885289 0.07412278407
v -0.0406310991 -0.01206159628 0.07379013303
v -0.03845909111 -0.01293399172 0.07943952597
v -0.03830361825 -0.0137841602 0.07896787702
v -0.03530556632 -0.01432569452 0.08433021554
v -0.03524655293 -0.0152990608 0.08381278781
v -0.03140691225 -0.01560828975 0.08862965613
v -0.03142396958 -0.01671734322 0.08807425514
v -0.02714323409 -0.01671763165 0.0922002409
v -0.02718520395 -0.01797301657 0.09158505093
v -0.02294253695 -0.01760980725 0.0949025745
v -0.02298122369 -0.01899777289 0.09426178198
v -0.01896802606 -0.01831306878 0.09683360769
v -0.01899724295 -0.0198110059 0.0961675107
v -0.0151055719 -0.01883599185 0.09813941524
v -0.01513119929 -0.02041736773 0.09747719341
v -0.01133365337 -0.01922516806 0.0989538613
v -0.01135407386 -0.02085939406 0.09831885392
v -0.00760701473 -0.019519614 0.09947552853
v -0.007617274658 -0.02118331495 0.09885798697
v -0.003841184259 -0.0197087668 0.0998400144
v -0.003842370061 -0.021393265 0.09919976285
v -2.058678363e-06 -0.01977164432 0.1
v -2.076475221e-06 -0.02146764103 0.0993361442
v 0.003837121068 -0.01970885237 0.09983991503
v 0.003838282374 -0.0213932236 0.0991999395
v 0.007603116799 -0.01951998109 0.09947589286
v 0.007613269774 -0.02118332461 0.09885798697
v 0.01132984514 -0.01922611339 0.0989542146
v 0.01135012211 -0.02085961625 0.09831895329
v 0.01510164843 -0.01883722147 0.09813923859
v 0.01512723029 -0.02041771274 0.09747719341
v 0.01896417712 -0.01831413418 0.09683360769
v 0.01899331397 -0.01981128467 0.0961675107
v 0.02297736233 -0.01899768318 0.0942618703
v 0.02293873907 -0.01761023506 0.09490275114
v 0.02713940309 -0.0167180981 0.09219969992
v 0.02718152752 -0.01797284959 0.09158495157
v 0.03140339314 -0.01561027563 0.08862803872
v 0.03142046151 -0.01671770065 0.08807371416
v -0.04597592764 0.003380439715 0.05532087099
v -0.04523271386 -0.001417672183 0.05716607656
v -0.04431539664 -0.005444157465 0.06009026584
v -0.0432871433 -0.008560731268 0.06383033643
v -0.04196852895 -0.01108982257 0.0682993622
v -0.04027759285 -0.01322659944 0.07322242757
v -0.03806137382 -0.0150482601 0.07825102758
v -0.03514028687 -0.01667506837 0.08303797105
v -0.03139966702 -0.01824653278 0.08723078401
v -0.02717902964 -0.01968837115 0.09064715176
v -0.02297848706 -0.02090121488 0.09325343437
v -0.018993187 -0.02187597224 0.09511338984
v -0.01512974197 -0.02260686776 0.09640165428
v -0.01135564297 -0.02313091279 0.09725977595
v -0.007615745571 -0.02349281108 0.0978166177
v -0.003838837841 -0.02371903598 0.0981452887
v -2.076493921e-06 -0.02379820076 0.09826133374
v 0.003834743599 -0.02371892834 0.0981452887
v 0.007611735166 -0.02349275312 0.0978166177
v 0.01135165602 -0.02313093901 0.09725977595
v 0.01512577848 -0.02260697954 0.09640175365
v 0.01898923042 -0.02187600812 0.09511338984
v 0.02297462294 -0.02090094715 0.09325351166
v 0.02717535597 -0.01968790884 0.0906472456
v 0.03139620036 -0.01824642238 0.08723041968
v 0.03513697753 -0.01667554862 0.08303733071
v 0.03805820248 -0.01504923993 0.07824985178
v 0.0402745126 -0.01322754201 0.07322142842
v 0.04196538797 -0.01109042358 0.06829919107
v 0.04328393332 -0.008560925164 0.06383033643
v 0.04431233019 -0.005444121928 0.06009063017
v 0.04522968881 -0.001417624572 0.05716598824
v 0.04597259621 0.003380427639 0.05532078267
v -0.001718152614 -0.05003825479 0.0009207833689
v 0.002287830493 -0.04887415555 -0.001983051487
v 4.213580009e-06 -0.04899970633 -0.001985220914
v 0.01821124647 -0.04666168195 0.0388971305
v 0.02019188391 -0.04623683301 0.03879230797
v -0.02005108504 -0.04627242432 0.03885733283
v -0.01808273136 -0.04666854352 0.03895509506
v 0.0220430071 -0.04545811349 0.03846925099
v -0.02189067246 -0.04553417869 0.03854585717
v 0.01620986697 -0.04675117497 0.03871426655
v -0.01608667883 -0.04674099025 0.03877104979
v 0.02037253152 -0.04505589173 0.03298888293
v 0.01796692507 -0.04559187276 0.03292187633
v -0.0178041504 -0.04562516768 0.03291390244
v -0.02009047009 -0.04516267393 0.032956405
v 0.01551014111 -0.04555333645 0.0330389012
v -0.01556599558 -0.04557074707 0.03302587635
v 0.02253161678 -0.04403619466 0.03334296879
v -0.02211538759 -0.04429865672 0.03326355285
v 0.01343032274 -0.04507581679 0.03340194354
v -0.01366345614 -0.04516152021 0.03335236964
v 0.02370144871 -0.0443604578 0.03795770224
v -0.02356936758 -0.04446144381 0.03803657997
v 0.02511466224 -0.04297559035 0.0372569579
v -0.02502724757 -0.04308398168 0.0373072577
v 0.01437073912 -0.04653770995 0.0382007195
v -0.01423293908 -0.04650855792 0.03826168703
v 0.01286372132 -0.04607284252 0.03742264308
v -0.01273026428 -0.04602881916 0.03749083652
v 0.01173677974 -0.04544729948 0.03650158043
v -0.0116309829 -0.04543202792 0.0365866021
v 0.01092068038 -0.04470937126 0.03560818763
v -0.01084265966 -0.044837442 0.03569258001
v 0.0104524843 -0.04424400427 0.03501353546
v -0.01041670186 -0.04443442533 0.03508732911
v 0.01041818816 -0.04414279745 0.03473813688
v -0.01040783577 -0.0442090257 0.03474753773
v 0.01081536587 -0.0442503359 0.03452405083
v -0.01082170578 -0.04425580915 0.03451464722
v 0.01190402851 -0.04454111644 0.03408215836
v -0.01201397514 -0.04459885467 0.03404408022
v 0.02431346458 -0.04265598624 0.03407248702
v -0.02400133478 -0.04296164916 0.03402263988
v 0.02560193051 -0.04131771732 0.03509185841
v -0.02557713114 -0.04133977317 0.0351121202
v 0.02590629068 -0.04153826196 0.0362559466
v -0.02588022719 -0.04161080805 0.03630125341
vt 0.4915820062 0
vt 0.4883249998 0.005406975746
vt 0.5116909742 0.01370501518
vt 0.4823539853 0.01546800137
vt 0.5080289841 0.01883500814
vt 0.5011860132 0.02839702368
vt 0.5298230052 0.02899199724
vt 0.4732800126 0.03117102385
vt 0.5258759856 0.03375899792
vt 0.5182880163 0.04290401936
vt 0.4906780124 0.04333198071
vt 0.5461859703 0.04518598318
vt 0.5421040058 0.04958099127
vt 0.4624069929 0.05068302155
vt 0.5064790249 0.05721497536
vt 0.5339260101 0.05839502811
vt 0.4780780077 0.06178802252
vt 0.5610399842 0.06205099821
vt 0.5567899942 0.06624996662
vt 0.4509490132 0.07168000937
vt 0.5209540129 0.07232797146
vt 0.4921799898 0.07464396954
vt 0.5483070016 0.07471102476
vt 0.5741919875 0.07916998863
vt 0.4650790095 0.08157402277
vt 0.5697550178 0.08319300413
vt 0.5346080065 0.0881639719
vt 0.5048639774 0.08920699358
vt 0.5612310171 0.09114301205
vt 0.4398649931 0.09197998047
vt 0.4770230055 0.09262698889
vt 0.5852050185 0.0969529748
vt 0.580565989 0.1005759835
vt 0.4534479976 0.1006119847
vt 0.5471379757 0.1040139794
vt 0.5171740055 0.1046109796
vt 0.4646129906 0.1057810187
vt 0.486420989 0.1070519686
vt 0.5718349814 0.1078310013
vt 0.4299679995 0.1093659997
vt 0.5944479704 0.1160460114
vt 0.4442430139 0.1184170246
vt 0.5895400047 0.1189990044
vt 0.5572729707 0.1200090051
vt 0.5285750031 0.1200799942
vt 0.4971390069 0.122123003
vt 0.4636439979 0.1238210201
vt 0.4204820096 0.1242740154
vt 0.5800430179 0.1253859997
vt 0.4337419868 0.1345790029
vt 0.5376430154 0.1355149746
vt 0.6023200154 0.1361169815
vt 0.4112220109 0.1362289786
vt 0.5645369887 0.1365619898
vt 0.5072699785 0.1367200017
vt 0.5968409777 0.1384270191
vt 0.4766980112 0.1384819746
vt 0.4483689964 0.1434600353
vt 0.5861390233 0.1438300014
vt 0.4015659988 0.1453819871
vt 0.4235819876 0.1475740075
vt 0.4860709906 0.1504399776
vt 0.5438529849 0.1511920094
vt 0.5146999955 0.1513929963
vt 0.4618879855 0.1520310044
vt 0.3892669976 0.1525999904
vt 0.5692719817 0.1536989808
vt 0.292050004 0.1542959809
vt 0.2878830135 0.1543080211
vt 0.2849459946 0.1543689966
vt 0.2982139885 0.1544259787
vt 0.3071829975 0.1548680067
vt 0.3181599975 0.1556960344
vt 0.608798027 0.1557090282
vt 0.3317390084 0.1568779945
vt 0.437981993 0.1568999887
vt 0.3718790114 0.157401979
vt 0.4720999897 0.1575149894
vt 0.6025699973 0.1576539874
vt 0.3503209949 0.1581280231
vt 0.4136170149 0.1583510041
vt 0.5907109976 0.1622779965
vt 0.4909400046 0.163187027
vt 0.453749001 0.163967967
vt 0.2884390056 0.1641960144
vt 0.2854939997 0.1642090082
vt 0.2926540077 0.1642439961
vt 0.2989290059 0.1644669771
vt 0.3080790043 0.1651290059
vt 0.5196560025 0.1659699678
vt 0.3193899989 0.1663659811
vt 0.5478280187 0.1668360233
vt 0.4708249867 0.1671029925
vt 0.4001100063 0.167667985
vt 0.3337419927 0.1684409976
vt 0.4295440018 0.1687259674
vt 0.5724779963 0.1708750129
vt 0.3540900052 0.1716060042
vt 0.3790050149 0.1728389859
vt 0.2863639891 0.1729099751
vt 0.2893190086 0.1729329824
vt 0.2935869992 0.1730309725
vt 0.2999550104 0.1733499765
vt 0.6139590144 0.1734409928
vt 0.3092330098 0.1741889715
vt 0.6070880294 0.1753709912
vt 0.4490019977 0.1755319834
vt 0.3208140135 0.1757249832
vt 0.4936720133 0.1761890054
vt 0.3357090056 0.1783639789
vt 0.4701690078 0.178722024
vt 0.5944179893 0.1797230244
vt 0.5230069757 0.1800519824
vt 0.2873649895 0.1805310249
vt 0.2903259993 0.1805790067
vt 0.2946479917 0.180734992
vt 0.3011080027 0.1811510324
vt 0.3104499876 0.1821069717
vt 0.5505840182 0.1822320223
vt 0.3572210073 0.1827700138
vt 0.4167940021 0.1828399897
vt 0.3222079873 0.1837970018
vt 0.3856219947 0.1861860156
vt 0.337462008 0.1867029667
vt 0.4455929995 0.187016964
vt 0.5754680037 0.1874269843
vt 0.2883839905 0.1876050234
vt 0.2913500071 0.1876789927
vt 0.295724988 0.1879100204
vt 0.3022530079 0.1884239912
vt 0.4957979918 0.1886450052
vt 0.618193984 0.1888340116
vt 0.3116709888 0.1894649863
vt 0.4701929986 0.1900280118
vt 0.6109629869 0.1909279823
vt 0.3235709965 0.1912360191
vt 0.3593389988 0.1916559935
vt 0.5255420208 0.1936370134
vt 0.3391500115 0.1942840219
vt 0.2893539965 0.1947200298
vt 0.2923229933 0.1948180199
vt 0.2966929972 0.1951079965
vt 0.5979459882 0.1953679919
vt 0.3032999933 0.1957179904
vt 0.4171049893 0.1962599754
vt 0.3878709972 0.1962990165
vt 0.3128060102 0.1968380213
vt 0.5533310175 0.1972680092
vt 0.4444999993 0.1975709796
vt 0.3249079883 0.198693037
vt 0.3613100052 0.1994919777
vt 0.4978019893 0.200379014
vt 0.4708740115 0.2008010149
vt 0.3408569992 0.2018719912
vt 0.6217809916 0.2020919919
vt 0.2902260125 0.2022429705
vt 0.2931959927 0.2023670077
vt 0.5789610147 0.2025430202
vt 0.2975470126 0.2027040124
vt 0.3041529953 0.2033820152
vt 0.6145480275 0.2043119669
vt 0.3138119876 0.2046079636
vt 0.3892920017 0.2047569752
vt 0.4176020026 0.2053589821
vt 0.3261899948 0.2065899968
vt 0.5281710029 0.2067610025
vt 0.44511801 0.2071139812
vt 0.3634699881 0.207291007
vt 0.6016200185 0.2087550163
vt 0.3425810039 0.2099339962
vt 0.2907559872 0.2101759911
vt 0.2937040031 0.2103610039
vt 0.298025012 0.2107809782
vt 0.4723280072 0.2108719945
vt 0.5567719936 0.2112749815
vt 0.3046360016 0.2115679979
vt 0.4998950064 0.2117680311
vt 0.3914540112 0.2129009962
vt 0.3145020008 0.212962985
vt 0.4192759991 0.2135100365
vt 0.6247540116 0.2140100002
vt 0.3272199929 0.2151249647
vt 0.3657670021 0.2156059742
vt 0.5827159882 0.2156469822
vt 0.4469400048 0.2157480121
vt 0.6176649928 0.2162359953
vt 0.2898020148 0.2180399895
vt 0.2927730083 0.2184100151
vt 0.3441810012 0.2187069654
vt 0.2971259952 0.2190560102
vt 0.5310930014 0.2193009853
vt 0.3039030135 0.2201250196
vt 0.4745109975 0.2202479839
vt 0.6049360037 0.2205209732
vt 0.3941589892 0.2215310335
vt 0.4218229949 0.2217180133
vt 0.3141680062 0.2218520045
vt 0.5023869872 0.2224879861
vt 0.5602859855 0.2236790061
vt 0.4495179951 0.2238299847
vt 0.3276410103 0.224406004
vt 0.2850899994 0.2246159911
vt 0.3680259883 0.224650979
vt 0.2881549895 0.2254279852
vt 0.6267610192 0.2254689932
vt 0.2926900089 0.2265999913
vt 0.5863019824 0.227026999
vt 0.6200760007 0.2275519967
vt 0.2997590005 0.2283719778
vt 0.3453809917 0.2284070253
vt 0.2748109996 0.2284719944
vt 0.4771189988 0.228794992
vt 0.2408159971 0.2288860083
vt 0.259957999 0.2294809818
vt 0.2177760005 0.2296969891
vt 0.2777320147 0.2298820019
vt 0.5342040062 0.2304469943
vt 0.4248900115 0.2305369973
vt 0.2419240028 0.2306889892
vt 0.3969979882 0.2307109833
vt 0.3108119965 0.231020987
vt 0.2620710135 0.2312650084
vt 0.2185059935 0.2315180302
vt 0.6077780128 0.2315499783
vt 0.2821100056 0.2318969965
vt 0.4525659978 0.231934011
vt 0.5051090121 0.2321360111
vt 0.2437939942 0.2334430218
vt 0.2652060091 0.2338429689
vt 0.2199919969 0.2343429923
vt 0.5637729764 0.2344380021
vt 0.3255479932 0.2345399857
vt 0.3701480031 0.2347589731
vt 0.1926130056 0.2348099947
vt 0.2888639867 0.2348300219
vt 0.1938640028 0.2365269661
vt 0.6283680201 0.2368090153
vt 0.4800469875 0.2369840145
vt 0.246724993 0.2375519872
vt 0.5896670222 0.2375659943
vt 0.2699480057 0.2376790047
vt 0.222446993 0.238409996
vt 0.6220589876 0.2387689948
vt 0.1963610053 0.2392309904
vt 0.3453089893 0.2392790318
vt 0.2998259962 0.2393500209
vt 0.4283330142 0.2402560115
vt 0.5373600125 0.2403230071
vt 0.4560880065 0.240794003
vt 0.3999840021 0.2409279943
vt 0.5080080032 0.2410349846
vt 0.6103990078 0.2424390316
vt 0.1998060048 0.2430589795
vt 0.2504569888 0.2434279919
vt 0.2251529992 0.2435370088
vt 0.2776570022 0.2441059947
vt 0.1706359982 0.2441679835
vt 0.5672180057 0.2444120049
vt 0.3163979948 0.2454789877
vt 0.1724430025 0.2454819679
vt 0.4834389985 0.2457119823
vt 0.3720090091 0.2463809848
vt 0.2032310069 0.2476419806
vt 0.1765799969 0.247797966
vt 0.5927860141 0.2480199933
vt 0.6300309896 0.2483389974
vt 0.2270970047 0.2491990328
vt 0.5406529903 0.2497429848
vt 0.5112509727 0.2500270009
vt 0.6240029931 0.2502080202
vt 0.2525990009 0.2505420446
vt 0.4602429867 0.2510700226
vt 0.1817670017 0.2511590123
vt 0.3413339853 0.2512310147
vt 0.4325020015 0.2513760328
vt 0.206705004 0.2525429726
vt 0.4039649963 0.253131032
vt 0.6128889918 0.2536619902
vt 0.2282239944 0.2541559935
vt 0.5705599785 0.2544249892
vt 0.1559219956 0.2548129559
vt 0.1866209954 0.2552030087
vt 0.4874770045 0.2557600141
vt 0.1584679931 0.255802989
vt 0.2476779968 0.2561509609
vt 0.2106429935 0.2562229633
vt 0.1631290019 0.257604003
vt 0.229903996 0.2588800192
vt 0.2941389978 0.2589269876
vt 0.5956019759 0.2590000033
vt 0.5441169739 0.2594889998
vt 0.3727509975 0.2595050335
vt 0.1910630018 0.2595280409
vt 0.2158969939 0.2598149776
vt 0.5149819851 0.2598659992
vt 0.1693540066 0.2603720427
vt 0.6316050291 0.260398984
vt 0.2448190004 0.2606419921
vt 0.2669680119 0.2611559629
vt 0.6257870197 0.2622150183
vt 0.195472002 0.2628830075
vt 0.334980011 0.2632880211
vt 0.2050179988 0.2633140087
vt 0.4653460085 0.2634049654
vt 0.1756410003 0.2637059689
vt 0.4382480085 0.2638369799
vt 0.2315810025 0.2645890117
vt 0.2595930099 0.264662981
vt 0.2202419937 0.2648299932
vt 0.573728025 0.2651839852
vt 0.6150810122 0.2655780315
vt 0.2437900007 0.2658389807
vt 0.1476919949 0.2663140297
vt 0.2106059939 0.2667390108
vt 0.2003130019 0.2668269873
vt 0.1505720019 0.2670090199
vt 0.1812140048 0.2672070265
vt 0.2807109952 0.2673729658
vt 0.4923790097 0.267836988
vt 0.1552149951 0.2682430148
vt 0.1949220002 0.2683830261
vt 0.2566730082 0.2689080238
vt 0.2034509927 0.2694129944
vt 0.2228730023 0.2695729733
vt 0.2327149957 0.2696449757
vt 0.1858700067 0.2700669765
vt 0.5477560163 0.270277977
vt 0.1618749946 0.2702879906
vt 0.2434660047 0.2705639601
vt 0.2732959986 0.2707209587
vt 0.2140620053 0.2707569599
vt 0.5982769728 0.2708799839
vt 0.5193110108 0.2712470293
vt 0.4155170023 0.2715740204
vt 0.1979880035 0.2718670368
vt 0.1898410022 0.2719889879
vt 0.3697740138 0.2724009752
vt 0.1689140052 0.272709012
vt 0.2068549991 0.2727470398
vt 0.6338000298 0.2728550434
vt 0.2334149927 0.2730590105
vt 0.2242709994 0.2730690241
vt 0.333389014 0.2731410265
vt 0.2551879883 0.2732419968
vt 0.2698540092 0.2739729881
vt 0.2433809936 0.2740039825
vt 0.216020003 0.2740399837
vt 0.1939609945 0.274304986
vt 0.6279900074 0.2747679949
vt 0.201481998 0.2749459743
vt 0.1753810048 0.2752720118
vt 0.2091539949 0.275711
vt 0.2338349968 0.2757359743
vt 0.2250989974 0.275842011
vt 0.4442310035 0.2760410309
vt 0.186401993 0.2762269974
vt 0.2544000149 0.2765040398
vt 0.2433110029 0.2766540051
vt 0.2172719985 0.2767800093
vt 0.1977050006 0.2769780159
vt 0.1907400042 0.2770619988
vt 0.5766929984 0.2771760225
vt 0.2039819956 0.2776139975
vt 0.2340230048 0.2778309584
vt 0.2675220072 0.2779079676
vt 0.2255730033 0.277938962
vt 0.2935580015 0.2780280113
vt 0.1810390055 0.2781760097
vt 0.6173229814 0.278283
vt 0.210819006 0.2784180045
vt 0.4721769989 0.2785980105
vt 0.2857739925 0.2786909938
vt 0.2431129962 0.2787020206
vt 0.2181140035 0.2787970304
vt 0.1434620023 0.2789620161
vt 0.3097870052 0.2789790034
vt 0.2536740005 0.2790650129
vt 0.1944469959 0.2791730165
vt 0.1461499929 0.2792490125
vt 0.2003529966 0.2794049978
vt 0.1850260049 0.2797089815
vt 0.2341919988 0.2797330022
vt 0.2259799987 0.2799130082
vt 0.1509750038 0.2800129652
vt 0.2059330046 0.2802280188
vt 0.2120060027 0.280411005
vt 0.1876859963 0.2805179954
vt 0.2429520041 0.2805609703
vt 0.2659690082 0.2809330225
vt 0.218937993 0.2809460163
vt 0.2818419933 0.2809640169
vt 0.2527689934 0.2810930014
vt 0.1579760015 0.2812470198
vt 0.1972009987 0.2814159989
vt 0.2346660048 0.2817369699
vt 0.2025099993 0.2818830013
vt 0.2268639952 0.2820940018
vt 0.1910289973 0.2821959853
vt 0.2073110044 0.2822259665
vt 0.2429589927 0.2824169993
vt 0.1652369946 0.2825499773
vt 0.2131790072 0.282564044
vt 0.5516129732 0.2826570272
vt 0.4986610115 0.2827110291
vt 0.2518289983 0.2828890085
vt 0.2644410133 0.28323102
vt 0.220096007 0.283239007
vt 0.1821179986 0.2835379839
vt 0.2039459944 0.2837929726
vt 0.1995269954 0.2837970257
vt 0.6006510258 0.2838900089
vt 0.2788040042 0.2841089964
vt 0.1721439958 0.2842329741
vt 0.208596006 0.2842459679
vt 0.1938260049 0.2842879891
vt 0.2353370041 0.2845320106
vt 0.2510280013 0.2845909595
vt 0.524443984 0.2847720385
vt 0.367659986 0.2847740054
vt 0.2143909931 0.2847759724
vt 0.242828995 0.2849589586
vt 0.228222996 0.2851259708
vt 0.1848459989 0.2851489782
vt 0.2624920011 0.2852050066
vt 0.2009720057 0.2854939699
vt 0.2051929981 0.2856199741
vt 0.636958003 0.2858300209
vt 0.209781006 0.2862750292
vt 0.2218369991 0.2863559723
vt 0.187905997 0.2865049839
vt 0.336353004 0.2865710258
vt 0.196220994 0.2866240144
vt 0.4059379995 0.2866550088
vt 0.2764990032 0.2866560221
vt 0.2499369979 0.2868189812
vt 0.2602939904 0.2870439887
vt 0.2022060007 0.287078023
vt 0.177869007 0.2871949673
vt 0.2063309997 0.2874369621
vt 0.2356999964 0.2875530124
vt 0.242227003 0.2876830101
vt 0.2161470056 0.2877359986
vt 0.2959719896 0.2877789736
vt 0.6310399771 0.287932992
vt 0.1976580024 0.2880940437
vt 0.2293909937 0.2883709669
vt 0.2033780068 0.2885789871
vt 0.190614 0.288598001
vt 0.2741219997 0.2886619568
vt 0.2583799958 0.2886710167
vt 0.2916719913 0.2887489796
vt 0.2113689929 0.2889580131
vt 0.248466 0.2892739773
vt 0.3032569885 0.289312005
vt 0.1991019994 0.2893649936
vt 0.2234330028 0.2897469997
vt 0.2077250034 0.2898290157
vt 0.2354699969 0.2903059721
vt 0.2006600052 0.2903369665
vt 0.2410710007 0.2903450131
vt 0.2563770115 0.2905229926
vt 0.204610005 0.2905349731
vt 0.5797780156 0.2905609608
vt 0.2710790038 0.2906270027
vt 0.1931090057 0.2907620072
vt 0.2880249918 0.2907630205
vt 0.21796 0.2909539938
vt 0.2021979988 0.2912420034
vt 0.2299779952 0.2912690043
vt 0.1834930032 0.2915769815
vt 0.2465420067 0.291655004
vt 0.6201189756 0.2918030024
vt 0.1807589978 0.2918559909
vt 0.2131869942 0.2920629978
vt 0.1946219951 0.2921140194
vt 0.1415369958 0.2923159599
vt 0.144115001 0.2923309803
vt 0.1858720034 0.292353034
vt 0.254124999 0.2925089598
vt 0.2675960064 0.2925670147
vt 0.284882009 0.2926620245
vt 0.1489119977 0.2927019596
vt 0.2093690038 0.292847991
vt 0.1639879942 0.2928500175
vt 0.3175199926 0.2929030061
vt 0.1966670007 0.2929370403
vt 0.1562509984 0.2931029797
vt 0.1712779999 0.2932050228
vt 0.1988500059 0.2932739854
vt 0.2348140031 0.2933000326
vt 0.2057940066 0.293380022
vt 0.2392980009 0.2933809757
vt 0.2238309979 0.2934899926
vt 0.2020359933 0.2935470343
vt 0.2191690058 0.2936969995
vt 0.2304739952 0.2940670252
vt 0.2645100057 0.2941889763
vt 0.2816120088 0.2943699956
vt 0.2516860068 0.294393003
vt 0.2439070046 0.2944459915
vt 0.4528479874 0.2945050001
vt 0.1887619942 0.2946289778
vt 0.177590996 0.2947419882
vt 0.2149109989 0.2948319912
vt 0.2201139927 0.2952970266
vt 0.2262730002 0.2956559658
vt 0.2616809905 0.2956869602
vt 0.211206004 0.2957879901
vt 0.2776429951 0.2963340282
vt 0.2213090062 0.296341002
vt 0.2335059941 0.2964470387
vt 0.207396999 0.2965320349
vt 0.2986960113 0.2966890335
vt 0.2483090013 0.2966960073
vt 0.1916300058 0.2967649698
vt 0.2368019968 0.2968379855
vt 0.555907011 0.296890974
vt 0.216621995 0.2968930006
vt 0.3026930094 0.2969099879
vt 0.2029120028 0.2970379591
vt 0.2302950025 0.2970399857
vt 0.1810040027 0.2970440388
vt 0.2589080036 0.2970930338
vt 0.1987719983 0.2972739935
vt 0.2947930098 0.2974879742
vt 0.3668070138 0.2977030277
vt 0.1961279958 0.2977340221
vt 0.240357995 0.2978720069
vt 0.1937360018 0.2978950143
vt 0.2226939946 0.2979090214
vt 0.6033970118 0.2979589701
vt 0.2133540064 0.2982070446
vt 0.4831509888 0.2982159853
vt 0.2270379961 0.2983579636
vt 0.2732569873 0.2983720303
vt 0.2182340026 0.2984000444
vt 0.2559620142 0.2984130383
vt 0.2909170091 0.2984349728
vt 0.185623005 0.2989439964
vt 0.2321349978 0.2991369963
vt 0.3089329898 0.2992010117
vt 0.3392100036 0.2993029952
vt 0.2097280025 0.2993929982
vt 0.1836329997 0.2994909883
vt 0.2438119948 0.2996879816
vt 0.2869150043 0.2997360229
vt 0.1827969998 0.299834013
vt 0.4016579986 0.2998709679
vt 0.6406999826 0.299898982
vt 0.2692680061 0.3000079989
vt 0.2521649897 0.3000229597
vt 0.2194810063 0.3000349998
vt 0.2154330015 0.3000490069
vt 0.2297119945 0.3001639843
vt 0.2237150073 0.3002510071
vt 0.2051180005 0.3004969954
vt 0.1817750037 0.300541997
vt 0.2333829999 0.3006119728
vt 0.5307850242 0.3007739782
vt 0.5072929859 0.3009170294
vt 0.1792919934 0.3009970188
vt 0.2273119986 0.3011649847
vt 0.2657310069 0.3012620211
vt 0.2007600069 0.3013340235
vt 0.2821770012 0.3014659882
vt 0.1730159968 0.301486969
vt 0.2122920007 0.3016240001
vt 0.2168689966 0.3017350435
vt 0.1901070029 0.3019120097
vt 0.6347460151 0.3021459579
vt 0.2625089884 0.3021979928
vt 0.2358230054 0.302233994
vt 0.2205729932 0.3022669554
vt 0.2469750047 0.3023220301
vt 0.2248259932 0.3027369976
vt 0.165249005 0.3027549982
vt 0.1984560043 0.3027549982
vt 0.2592819929 0.3027969599
vt 0.3213570118 0.3029949665
vt 0.1838629991 0.3031020164
vt 0.2080309987 0.3032189608
vt 0.2770799994 0.30339396
vt 0.2141119987 0.3033950329
vt 0.1940030009 0.3037099838
vt 0.2988030016 0.3037890196
vt 0.2555319965 0.3038100004
vt 0.2384209931 0.3038139939
vt 0.2282190025 0.3038519621
vt 0.2945829928 0.3039039969
vt 0.2180600017 0.3039540052
vt 0.2036159933 0.3043010235
vt 0.3023869991 0.3045079708
vt 0.1973810047 0.3045660257
vt 0.2008450031 0.3045920134
vt 0.2900399864 0.304839015
vt 0.221845001 0.3048499823
vt 0.2724319994 0.3049550056
vt 0.1395930052 0.3051060438
vt 0.2103479952 0.3051469922
vt 0.141978994 0.3051480055
vt 0.5833380222 0.3052899837
vt 0.2505480051 0.3053560257
vt 0.215526998 0.3055189848
vt 0.3056249917 0.3055939674
vt 0.2411960065 0.3056589961
vt 0.1867810041 0.3056820035
vt 0.1465750039 0.3057060242
vt 0.2684310079 0.3060259819
vt 0.2014469951 0.3060389757
vt 0.2847349942 0.3061460257
vt 0.1827789992 0.3062319756
vt 0.6236960292 0.3062869906
vt 0.2059990019 0.3063200116
vt 0.265008986 0.3063930273
vt 0.2193589956 0.3065890074
vt 0.2617839873 0.3066059947
vt 0.2308650017 0.3066860437
vt 0.1559049934 0.3069469929
vt 0.2121859938 0.3071249723
vt 0.441614002 0.3071880341
vt 0.2586170137 0.3072680235
vt 0.1905499995 0.3074070215
vt 0.2791300118 0.3075309992
vt 0.3117139935 0.3075529933
vt 0.2242349982 0.3076159954
vt 0.2170329988 0.3080480099
vt 0.2437459975 0.3081380129
vt 0.2084099948 0.3082709908
vt 0.1768780053 0.3083530068
vt 0.2548440099 0.3084130287
vt 0.2335149944 0.3085160255
vt 0.1951680034 0.3087179661
vt 0.2052890062 0.3088179827
vt 0.2740209997 0.3088200092
vt 0.3393589854 0.3089460135
vt 0.2632089853 0.3089709878
vt 0.2026470006 0.3093580008
vt 0.1994840056 0.3094030023
vt 0.2140620053 0.3094229698
vt 0.2215249985 0.309540987
vt 0.265982002 0.3095539808
vt 0.2696529925 0.3095859885
vt 0.3653230071 0.3097429872
vt 0.2899410129 0.309754014
vt 0.2373380065 0.3098050356
vt 0.2948229909 0.3098819852
vt 0.2502349913 0.3099609613
vt 0.2848440111 0.3101029992
vt 0.2615120113 0.31011796
vt 0.2269580066 0.310281992
vt 0.210729003 0.3102999926
vt 0.2081830055 0.3103690147
vt 0.2987169921 0.3104479909
vt 0.1688870043 0.3106030226
vt 0.3226979971 0.3109099865
vt 0.2191179991 0.310945034
vt 0.2792440057 0.311177969
vt 0.2584249973 0.3112800121
vt 0.2464639992 0.311637044
vt 0.1893440038 0.311743021
vt 0.2402119935 0.311833024
vt 0.2077790052 0.3118399978
vt 0.273995012 0.312112987
vt 0.2159750015 0.3121199608
vt 0.2649320066 0.3121359944
vt 0.3013589978 0.3122450113
vt 0.2242680043 0.3123619556
vt 0.2121029943 0.3125120401
vt 0.1622650027 0.3126029968
vt 0.2552869916 0.3126590252
vt 0.2692840099 0.3126900196
vt 0.2832480073 0.3127759695
vt 0.5610070229 0.3127880096
vt 0.6070629954 0.3128390312
vt 0.205610007 0.3128399849
vt 0.3979279995 0.3129060268
vt 0.1965239942 0.3129780293
vt 0.2301550061 0.3130489588
vt 0.2505820096 0.3131309748
vt 0.2445250005 0.313223958
vt 0.2016669959 0.3132320046
vt 0.2476900071 0.3138070107
vt 0.2335830033 0.313814044
vt 0.221826002 0.3138470054
vt 0.2844890058 0.3140929937
vt 0.2408549935 0.3142150044
vt 0.2608320117 0.3144190311
vt 0.1820739955 0.3144310117
vt 0.2727710009 0.3144509792
vt 0.211296007 0.3144910336
vt 0.2436890006 0.3145430088
vt 0.3050799966 0.3145439625
vt 0.2458530068 0.3146849871
vt 0.277350992 0.3147640228
vt 0.2561349869 0.3149900436
vt 0.2275400013 0.3150089979
vt 0.252297014 0.3150489926
vt 0.2362599969 0.3151450157
vt 0.242128998 0.3151500225
vt 0.2475710064 0.3151539564
vt 0.2440450042 0.3152210116
vt 0.2492419928 0.31526196
vt 0.2428410053 0.3152990341
vt 0.2673319876 0.3153550029
vt 0.2177219987 0.3153719902
vt 0.2883970141 0.3154610395
vt 0.6449099779 0.3154720068
vt 0.2454469949 0.3156229854
vt 0.3122889996 0.3156830072
vt 0.2321580052 0.3158459663
vt 0.2424049973 0.315860033
vt 0.2080940008 0.3159639835
vt 0.1355900019 0.3160650134
vt 0.2430189997 0.3162059784
vt 0.247281 0.3162089586
vt 0.3374190032 0.3162629604
vt 0.2416380048 0.3163210154
vt 0.2445719987 0.3163210154
vt 0.2259330004 0.3165010214
vt 0.1373949945 0.3165299892
vt 0.2498030066 0.3168630004
vt 0.2350019962 0.3169189692
vt 0.243009001 0.3170230389
vt 0.2452870011 0.3170239925
vt 0.2034260035 0.3170360327
vt 0.2763009965 0.317054987
vt 0.2385960072 0.3170830011
vt 0.2916809916 0.3171620369
vt 0.2313279957 0.3172090054
vt 0.2519960105 0.3172789812
vt 0.1729959995 0.3175109625
vt 0.6390839815 0.3177239895
vt 0.2470549941 0.3177989721
vt 0.2341109961 0.3178219795
vt 0.1410519928 0.3178769946
vt 0.3223060071 0.3179340363
vt 0.2238290012 0.3179650307
vt 0.215121001 0.3179950118
vt 0.2558990121 0.3181279898
vt 0.2427320033 0.3182480335
vt 0.1971990019 0.3182719946
vt 0.2648909986 0.318697989
vt 0.2366479933 0.3188390136
vt 0.5386239886 0.3188979626
vt 0.2319300026 0.3189309835
vt 0.2491679937 0.3190900087
vt 0.3614700139 0.3192360401
vt 0.1628589928 0.3195109963
vt 0.2226620018 0.3198210001
vt 0.2429880053 0.3199110031
vt 0.2752040029 0.3199520111
vt 0.2943530083 0.3202210069
vt 0.4353489876 0.3203020096
vt 0.2120539993 0.3203110099
vt 0.2295860052 0.3203970194
vt 0.5876520276 0.320638001
vt 0.2392670065 0.3207399845
vt 0.2478570044 0.3209450245
vt 0.1891079992 0.3211190104
vt 0.4994519949 0.3214609623
vt 0.1494940072 0.3216869831
vt 0.6282730103 0.3217639923
vt 0.5184190273 0.3218219876
vt 0.2627530098 0.3218660355
vt 0.3342230022 0.3220950365
vt 0.4825809896 0.3222210407
vt 0.2389370054 0.3224070072
vt 0.2791860104 0.3224389553
vt 0.2305810004 0.3225309849
vt 0.2499379963 0.3225420117
vt 0.2239740044 0.3230659962
vt 0.2071380019 0.3233959675
vt 0.3212200105 0.3240699768
vt 0.2380319983 0.3240759969
vt 0.2628250122 0.3240820169
vt 0.3118369877 0.3240889907
vt 0.2496670038 0.3243839741
vt 0.1785289943 0.32466501
vt 0.3546200097 0.3248760104
vt 0.1282899976 0.3251799941
vt 0.300108999 0.3257219791
vt 0.3944709897 0.3258210421
vt 0.2358179986 0.3260979652
vt 0.1293800026 0.3261289597
vt 0.2817389965 0.3266179562
vt 0.3296769857 0.3266589642
vt 0.2490119934 0.3266819715
vt 0.2644659877 0.3269219995
vt 0.2201379985 0.3269979954
vt 0.166655004 0.3277779818
vt 0.6121510267 0.3279889822
vt 0.1314769983 0.3280969858
vt 0.5673699975 0.3288969994
vt 0.347961992 0.3289489746
vt 0.234040007 0.3294110298
vt 0.3235360086 0.3295710087
vt 0.199763 0.3297449946
vt 0.2489250004 0.3297629952
vt 0.47339499 0.3313089609
vt 0.2662160099 0.3318859935
vt 0.1537310034 0.3319200277
vt 0.1355199963 0.3322889805
vt 0.6500999928 0.3323209882
vt 0.3140769899 0.3323580027
vt 0.1846850067 0.3325890303
vt 0.3404699862 0.3328579664
vt 0.1169599965 0.3329330087
vt 0.2170639932 0.3331500292
vt 0.4302609861 0.3337230086
vt 0.285416007 0.3338209987
vt 0.1176929995 0.3343290091
vt 0.6444280148 0.3344590068
vt 0.2328259945 0.3351370096
vt 0.2494480014 0.3352559805
vt 0.5934849977 0.3353430033
vt 0.1718409956 0.3356319666
vt 0.3310379982 0.3364340067
vt 0.3026440144 0.3365249634
vt 0.1189320013 0.3367710114
vt 0.5474399924 0.3369560242
vt 0.3711900115 0.3376939893
vt 0.6342509985 0.3381149769
vt 0.1403120011 0.3386859894
vt 0.3894830048 0.3388229609
vt 0.3622460067 0.3391020298
vt 0.1588629931 0.3397369981
vt 0.2698450089 0.3400000334
vt 0.4997870028 0.3403910398
vt 0.3199439943 0.3404470086
vt 0.2014109939 0.3408069611
vt 0.1220450029 0.3408870101
vt 0.1015850008 0.340970993
vt 0.1885199994 0.3413289785
vt 0.2157319933 0.3421660066
vt 0.353451997 0.342245996
vt 0.2897700071 0.3425819874
vt 0.5300769806 0.3426190019
vt 0.1023510024 0.3427039981
vt 0.1763570011 0.3432610035
vt 0.5742570162 0.343454957
vt 0.6185629964 0.3435729742
vt 0.5138779879 0.3438969851
vt 0.2314410061 0.3439860344
vt 0.4676289856 0.3448629975
vt 0.1455579996 0.3455060124
vt 0.1041269973 0.3455469608
vt 0.3079180121 0.345559001
vt 0.3417859972 0.3456189632
vt 0.2509090006 0.3460310102
vt 0.1266400069 0.3464620113
vt 0.1639969945 0.3467749953
vt 0.4258030057 0.3474000096
vt 0.2760820091 0.348886013
vt 0.1896519959 0.3496110439
vt 0.5997809768 0.3496440053
vt 0.1076259986 0.3496699929
vt 0.3289119899 0.3496969938
vt 0.6564189792 0.3497049809
vt 0.1795330048 0.3501479626
vt 0.2003899962 0.3505430222
vt 0.0837289989 0.3506289721
vt 0.2955600023 0.3515459895
vt 0.6506090164 0.3517090082
vt 0.1511349976 0.3519560099
vt 0.2127240002 0.3521989584
vt 0.556968987 0.352256
vt 0.08543600142 0.3524590135
vt 0.3805449903 0.3525069952
vt 0.1321049929 0.3526319861
vt 0.4996359944 0.3529440165
vt 0.1688490063 0.353085041
vt 0.2270410061 0.353793025
vt 0.3158839941 0.3546940088
vt 0.1126729995 0.3550469875
vt 0.1808180064 0.3550800085
vt 0.6407589912 0.3551570177
vt 0.3673749864 0.3552510142
vt 0.08825899661 0.3553110361
vt 0.2628279924 0.3554779887
vt 0.5813829899 0.3556270003
vt 0.187086001 0.3568429947
vt 0.2410349995 0.3569560051
vt 0.3538070023 0.3574379683
vt 0.2832500041 0.3578180075
vt 0.1568800062 0.3578580022
vt 0.1736930013 0.3584719896
vt 0.138124004 0.3585389853
vt 0.4624870121 0.3592460155
vt 0.09267000109 0.3593779802
vt 0.401737988 0.3595169783
vt 0.1953359991 0.3596470356
vt 0.6253240108 0.3599309921
vt 0.3031409979 0.3605630398
vt 0.3396340013 0.3607090116
vt 0.5425469875 0.3609549999
vt 0.1188020036 0.3610140085
vt 0.06653299928 0.3619779944
vt 0.2522990108 0.3629050255
vt 0.1795050055 0.3629429936
vt 0.5688220263 0.363083005
vt 0.2221709937 0.363386035
vt 0.1628170013 0.3633930087
vt 0.06895200163 0.3637819886
vt 0.4225119948 0.3638010025
vt 0.2061289996 0.3638679981
vt 0.2716360092 0.3639810085
vt 0.1444739997 0.3639969826
vt 0.6055290103 0.3644070029
vt 0.3256579936 0.3648350239
vt 0.09888699651 0.3648409843
vt 0.2342739999 0.3656220436
vt 0.07255899906 0.3664380312
vt 0.2911149859 0.3665390015
vt 0.1255699992 0.3665469885
vt 0.5849379897 0.3666419983
vt 0.6624519825 0.3670049906
vt 0.1858090013 0.3672260046
vt 0.1688549966 0.3685519695
vt 0.5264120102 0.3688080311
vt 0.6563370228 0.3688089848
vt 0.4963949919 0.3688889742
vt 0.1511780024 0.3692749739
vt 0.3122639954 0.369830966
vt 0.2614490092 0.3700879812
vt 0.244175002 0.3701640368
vt 0.07799900323 0.3703340292
vt 0.1062569991 0.370716989
vt 0.3650110066 0.3711569905
vt 0.3799250126 0.3712999821
vt 0.1326729953 0.3715549707
vt 0.2190099955 0.3718050122
vt 0.1916940063 0.3718789816
vt 0.646386981 0.3720450401
vt 0.2799359858 0.3721050024
vt 0.3504010141 0.3729339838
vt 0.2291000038 0.373216033
vt 0.2072799951 0.373257041
vt 0.1747480035 0.3732770085
vt 0.4576680064 0.3735300303
vt 0.1577910036 0.3742259741
vt 0.5604299903 0.3742910028
vt 0.3956319988 0.3744710088
vt 0.2998700142 0.374966979
vt 0.0509499982 0.3750239611
vt 0.3359380066 0.3757599592
vt 0.08585199714 0.3758850098
vt 0.1141000018 0.3759750128
vt 0.2527480125 0.3761569858
vt 0.6307550073 0.3762469888
vt 0.1402029991 0.3762980103
vt 0.05385300145 0.3767510056
vt 0.2376359999 0.3768280149
vt 0.2698119879 0.3774589896
vt 0.1955659986 0.3775500059
vt 0.1802780032 0.3777210116
vt 0.1641799957 0.378723979
vt 0.2166759968 0.379027009
vt 0.05801500008 0.3791589737
vt 0.3220350146 0.3793540001
vt 0.6092609763 0.3795449734
vt 0.5844230056 0.3797880411
vt 0.2885270119 0.3798630238
vt 0.224902004 0.3800359964
vt 0.2074750066 0.3801870346
vt 0.122190997 0.3805789948
vt 0.1475799978 0.380656004
vt 0.4140349925 0.3814649582
vt 0.09478600323 0.3817750216
vt 0.2453690022 0.381960988
vt 0.1853300035 0.3822829723
vt 0.06435000151 0.3827049732
vt 0.2608039975 0.3828009963
vt 0.1703789979 0.3828369975
vt 0.2321809977 0.3829690218
vt 0.1982309967 0.3831579685
vt 0.3092460036 0.383278966
vt 0.6670569777 0.3833209872
vt 0.4916369915 0.3843190074
vt 0.1546840072 0.3846299648
vt 0.2782320082 0.3846539855
vt 0.1306039989 0.3847500086
vt 0.6607959867 0.38489604
vt 0.2146639973 0.3856289983
vt 0.3594909906 0.3856970072
vt 0.3737829924 0.3859369755
vt 0.2074490041 0.3863970041
vt 0.2213349938 0.3864209652
vt 0.1040100008 0.3867889643
vt 0.1897999942 0.3867920041
vt 0.1765410006 0.3868379593
vt 0.3454770148 0.3870440125
vt 0.2975809872 0.3873969913
vt 0.239094004 0.3874269724
vt 0.553959012 0.3875880241
vt 0.650439024 0.3877210021
vt 0.2528820038 0.3880280256
vt 0.07410699874 0.388234973
vt 0.1617150009 0.3883090019
vt 0.5228360295 0.3883919716
vt 0.2002959996 0.388413012
vt 0.1387339979 0.3884570003
vt 0.3887000084 0.3885689974
vt 0.4548870027 0.3885849714
vt 0.2274859995 0.3887740374
vt 0.3315829933 0.3890979886
vt 0.2689509988 0.3895039558
vt 0.03731999919 0.3898409605
vt 0.1823800057 0.3906710148
vt 0.1134200022 0.3909829855
vt 0.1936340034 0.3910869956
vt 0.4344199896 0.3910909891
vt 0.6338049769 0.391339004
vt 0.04073600098 0.3914569616
vt 0.3185740113 0.3916239738
vt 0.287052989 0.3916749954
vt 0.1465139985 0.3917959929
vt 0.168926999 0.3918679953
vt 0.2130489945 0.3919540048
vt 0.2074770033 0.3924599886
vt 0.218373999 0.3925529718
vt 0.2336300015 0.3925780058
vt 0.2460590005 0.393016994
vt 0.04553300142 0.3936699629
vt 0.2020590007 0.3937159777
vt 0.5829449892 0.3938390017
vt 0.6107289791 0.3940080404
vt 0.08477199823 0.3941949606
vt 0.1875980049 0.3942390084
vt 0.2234710008 0.394389987
vt 0.2606000006 0.3944790363
vt 0.1227520034 0.3946269751
vt 0.3066979945 0.3948290348
vt 0.1542930007 0.3949300051
vt 0.1759109944 0.3951900005
vt 0.4041410089 0.3952629566
vt 0.1969999969 0.3954409957
vt 0.2775349915 0.3961589932
vt 0.05278100073 0.39685601
vt 0.2288189977 0.3974919915
vt 0.2400050014 0.3976010084
vt 0.1315830052 0.3977389932
vt 0.1922910064 0.3978350163
vt 0.2121230066 0.39784199
vt 0.1624410003 0.3979879618
vt 0.4860459864 0.3981939554
vt 0.1822099984 0.3981989622
vt 0.3532209992 0.3982030153
vt 0.2078460008 0.3982340097
vt 0.2163420022 0.3982689977
vt 0.6702830195 0.3982830048
vt 0.2959960103 0.3985520005
vt 0.3664749861 0.39863199
vt 0.09563600272 0.398810029
vt 0.340041995 0.3988809586
vt 0.2037999928 0.398950994
vt 0.2532989979 0.3992509842
vt 0.6638860106 0.3996700048
vt 0.2205159962 0.3997200131
vt 0.200097993 0.399963975
vt 0.3272649944 0.4000990391
vt 0.1399749964 0.400488019
vt 0.1703310013 0.4007700086
vt 0.2688570023 0.4008560181
vt 0.3799610138 0.4009920359
vt 0.1879419982 0.4012019634
vt 0.1966090053 0.4016519785
vt 0.2345090061 0.4017590284
vt 0.06437499821 0.4019460082
vt 0.6527370214 0.4021589756
vt 0.3153499961 0.4021619558
vt 0.2249439955 0.4021730423
vt 0.212353006 0.4024580121
vt 0.2092349976 0.402469039
vt 0.2863459885 0.4026060104
vt 0.1064580008 0.4026119709
vt 0.5506070256 0.4026899934
vt 0.206220001 0.4029040337
vt 0.2154899985 0.4030419588
vt 0.1484130025 0.4030649662
vt 0.1774549931 0.4032050371
vt 0.2466419935 0.4035320282
vt 0.2033710033 0.4037649632
vt 0.518633008 0.4041489959
vt 0.1932999939 0.4043419957
vt 0.2187020034 0.4043569565
vt 0.3045989871 0.4051319957
vt 0.2006739974 0.4052510262
vt 0.6349089742 0.4053109884
vt 0.02604700066 0.4054070115
vt 0.1572809964 0.405542016
vt 0.2610099912 0.4055489898
vt 0.1840379983 0.4055700302
vt 0.2297430038 0.4056099653
vt 0.3937360048 0.4056800008
vt 0.1167209968 0.4057959914
vt 0.2106889933 0.4060119987
vt 0.2083609998 0.4062529802
vt 0.2130669951 0.406291008
vt 0.4569909871 0.4063949585
vt 0.2221709937 0.4064159989
vt 0.03000500053 0.4069199562
vt 0.2775079906 0.4069390297
vt 0.2061190009 0.4070370197
vt 0.2154610008 0.4070999622
vt 0.2403540015 0.4072549939
vt 0.1980269998 0.4075999856
vt 0.0766049996 0.4076349735
vt 0.1658979952 0.4077180028
vt 0.6106969714 0.4077309966
vt 0.5814229846 0.4079179764
vt 0.1901859939 0.4080469608
vt 0.3467710018 0.4083870053
vt 0.1262270063 0.4083889723
vt 0.2178830057 0.4084360003
vt 0.2039780021 0.4084470272
vt 0.3348610103 0.4085919857
vt 0.2949169874 0.4087070227
vt 0.03549199924 0.4090000391
vt 0.3589400053 0.4090909958
vt 0.2118410021 0.4092450142
vt 0.2260510027 0.4092569947
vt 0.2099869996 0.4092789888
vt 0.1737750024 0.4094580412
vt 0.3232879937 0.4094749689
vt 0.2137369961 0.409744978
vt 0.4242370129 0.4097490311
vt 0.208239004 0.4099149704
vt 0.4802170098 0.4100350142
vt 0.2535749972 0.4100829959
vt 0.2204580009 0.4102619886
vt 0.2347009927 0.4104689956
vt 0.2018900067 0.4105809927
vt 0.1351960003 0.4106050134
vt 0.215625003 0.4107179642
vt 0.195438996 0.4108740091
vt 0.1808580011 0.4110429883
vt 0.2066140026 0.411231041
vt 0.3125770092 0.411462009
vt 0.2692340016 0.4115160108
vt 0.3714129925 0.4116629958
vt 0.08888600022 0.4117929935
vt 0.04371299967 0.4118579626
vt 0.2111990005 0.4119560122
vt 0.2174769938 0.4120410085
vt 0.6723549962 0.4121370316
vt 0.212744996 0.4122049809
vt 0.2098560035 0.4123350382
vt 0.2860490084 0.4126099944
vt 0.2234999985 0.4126380086
vt 0.1441970021 0.412719965
vt 0.1873539984 0.4129300117
vt 0.2143429965 0.4129390121
vt 0.205043003 0.4132289886
vt 0.6658189893 0.4133629799
vt 0.2302110046 0.4134089947
vt 0.1997690052 0.4135329723
vt 0.2087559998 0.4135559797
vt 0.2194209993 0.4136259556
vt 0.2108529955 0.4139569998
vt 0.4069769979 0.4139710069
vt 0.2158969939 0.4140399694
vt 0.2460310012 0.414124012
vt 0.2119619995 0.4143010378
vt 0.3030070066 0.4144029617
vt 0.4426240027 0.4144519567
vt 0.1537010074 0.4147310257
vt 0.2134249955 0.4149810076
vt 0.1009220034 0.4151450396
vt 0.1929530054 0.415233016
vt 0.217354998 0.4152680039
vt 0.2105399966 0.4153029919
vt 0.2076909989 0.4155099988
vt 0.2218440026 0.4155960083
vt 0.6539229751 0.4156180024
vt 0.2033939958 0.4159129858
vt 0.214921996 0.416023016
vt 0.2270179987 0.4162099957
vt 0.383980006 0.4163119793
vt 0.05676500127 0.4163219929
vt 0.1630509943 0.4163299799
vt 0.2121769935 0.4164739847
vt 0.2188690007 0.4165009856
vt 0.2610689998 0.4165059924
vt 0.2776510119 0.4168609977
vt 0.5474209785 0.4168710113
vt 0.3407720029 0.4169409871
vt 0.3300600052 0.4169589877
vt 0.239203006 0.4171029925
vt 0.2163410038 0.4172040224
vt 0.1711499989 0.4172790051
vt 0.2099449933 0.4173370004
vt 0.1976100057 0.4174849987
vt 0.2137829959 0.4175649881
vt 0.3516350091 0.4177830219
vt 0.2943510115 0.4178240299
vt 0.5125579834 0.417847991
vt 0.1121189967 0.4179109931
vt 0.1781889945 0.4179149866
vt 0.3196530044 0.4179860353
vt 0.2064550072 0.4180560112
vt 0.2207790017 0.4181190133
vt 0.2175880075 0.4181690216
vt 0.6351130009 0.4184870124
vt 0.2118639946 0.4186689854
vt 0.2248969972 0.4187090397
vt 0.2153760046 0.4189170003
vt 0.2185969949 0.4189189672
vt 0.1847590059 0.4192060232
vt 0.2342009991 0.419310987
vt 0.2015170008 0.4194840193
vt 0.2089139968 0.4198189974
vt 0.2135670036 0.419852972
vt 0.2168069929 0.4200040102
vt 0.1222900003 0.4200899601
vt 0.3102580011 0.4201569557
vt 0.2198320031 0.4201589823
vt 0.3628470004 0.4201899767
vt 0.4783250093 0.4203560352
vt 0.01758500002 0.4204080105
vt 0.6100090146 0.4207769632
vt 0.2234459966 0.4208669662
vt 0.1905069947 0.4208829999
vt 0.2184409946 0.4208920002
vt 0.2152650058 0.4211390018
vt 0.210729003 0.4211829901
vt 0.5795570016 0.4212130308
vt 0.2308779955 0.4212909937
vt 0.2047419995 0.4213550091
vt 0.07017800212 0.4214769602
vt 0.286206007 0.421611011
vt 0.02195999958 0.4218460321
vt 0.2693170011 0.4218760133
vt 0.1317940056 0.4219210148
vt 0.216734007 0.4222710133
vt 0.2123669982 0.4224179983
vt 0.3961809874 0.4224610329
vt 0.1953189969 0.4226920009
vt 0.2220200002 0.4227399826
vt 0.301928997 0.4230020046
vt 0.2071799934 0.4230650067
vt 0.2179750055 0.4231710434
vt 0.2287310064 0.4232180119
vt 0.2138990015 0.4235750437
vt 0.2516590059 0.4235990047
vt 0.1413830072 0.4236600399
vt 0.02808300033 0.4238079786
vt 0.2206099927 0.424077034
vt 0.4609760046 0.4243069887
vt 0.1993120015 0.4243450165
vt 0.2152149975 0.4243479967
vt 0.3351469934 0.4243620038
vt 0.2087219954 0.4243890047
vt 0.3254230022 0.4247019887
vt 0.2168350071 0.4247590303
vt 0.2270819992 0.4250949621
vt 0.344769001 0.4251109958
vt 0.6737599969 0.4251190424
vt 0.08357000351 0.4251300097
vt 0.2423219979 0.4253309965
vt 0.2196650058 0.4253560305
vt 0.1517039984 0.4253820181
vt 0.3744379878 0.4254770279
vt 0.2098769993 0.4257600307
vt 0.2024430037 0.4259519577
vt 0.3162510097 0.4261050224
vt 0.2160169929 0.4261569977
vt 0.2780170143 0.4262139797
vt 0.6669459939 0.4262329936
vt 0.219088003 0.4262889624
vt 0.2941879928 0.4263769984
vt 0.0370859988 0.4263989925
vt 0.1617799997 0.4265719652
vt 0.2373970002 0.4266319871
vt 0.2188190073 0.4267039895
vt 0.1766369939 0.4267050028
vt 0.4193089902 0.4267120361
vt 0.1698960066 0.4269109964
vt 0.2253309935 0.4269180298
vt 0.2109670043 0.4269679785
vt 0.1829349995 0.4271069765
vt 0.354497999 0.4271190166
vt 0.204629004 0.4275339842
vt 0.212093994 0.4277880192
vt 0.2344039977 0.4279389977
vt 0.09657000005 0.428023994
vt 0.1885139942 0.4280790091
vt 0.6544139981 0.4282590151
vt 0.2234970033 0.4284039736
vt 0.2612690032 0.4284390211
vt 0.3082000017 0.4284520149
vt 0.2126619965 0.4286899567
vt 0.2059469968 0.4287250042
vt 0.1932030022 0.429354012
vt 0.2324000001 0.4293550253
vt 0.2223899961 0.429363966
vt 0.5431349874 0.4297770262
vt 0.2124249935 0.4300509691
vt 0.206806004 0.4300889969
vt 0.2216120064 0.4303539991
vt 0.0511040017 0.4303759933
vt 0.1085420027 0.4303970337
vt 0.2865180075 0.4304069877
vt 0.4070180058 0.4306080341
vt 0.1970559955 0.4306880236
vt 0.6349080205 0.4308819771
vt 0.2305440009 0.4309160113
vt 0.3296059966 0.4310500026
vt 0.5003740191 0.4311699867
vt 0.3383240104 0.4311820269
vt 0.364553988 0.4312369823
vt 0.207663998 0.4312410355
vt 0.3008750081 0.4314889908
vt 0.3208929896 0.4319360256
vt 0.4805180132 0.4320030212
vt 0.2695510089 0.4320070148
vt 0.1999790072 0.4321039915
vt 0.208754003 0.4321190119
vt 0.2211350054 0.4321249723
vt 0.1193120033 0.4322370291
vt 0.3467189968 0.432536006
vt 0.2283719927 0.432585001
vt 0.6090189815 0.4329969883
vt 0.3857339919 0.4331439734
vt 0.2093210071 0.4332389832
vt 0.2017869949 0.4334189892
vt 0.5771510005 0.4335449934
vt 0.1293469965 0.4337279797
vt 0.3130539954 0.433874011
vt 0.2262659967 0.4339610338
vt 0.01151099987 0.4343639612
vt 0.202996999 0.43443501
vt 0.2429479957 0.4345999956
vt 0.2484319955 0.4346439838
vt 0.2094269991 0.4347109795
vt 0.06538199633 0.4347510338
vt 0.2246740013 0.4349099994
vt 0.2936879992 0.4351260066
vt 0.1396140009 0.4351630211
vt 0.2393359989 0.4352140427
vt 0.3550930023 0.4353829622
vt 0.4494409859 0.4354709983
vt 0.2780770063 0.4355369806
vt 0.2039339989 0.4355410337
vt 0.4373480082 0.4356719851
vt 0.01624800079 0.435683012
vt 0.2237530053 0.4358789921
vt 0.2369219959 0.4359630346
vt 0.2550170124 0.4363510013
vt 0.2049019933 0.4364329576
vt 0.1824939996 0.4365490079
vt 0.3059369922 0.4366729856
vt 0.3321830034 0.436694026
vt 0.1876309961 0.4367040396
vt 0.1508660018 0.4367200136
vt 0.2350700051 0.4368549585
vt 0.3397629857 0.4371340275
vt 0.1767819971 0.4371980429
vt 0.2062669992 0.437237978
vt 0.324138999 0.4373019934
vt 0.1918859929 0.4373300076
vt 0.02284899913 0.4374650121
vt 0.6748710275 0.4376350045
vt 0.2220650017 0.4376469851
vt 0.1617549956 0.4377449751
vt 0.07957399637 0.4379220009
vt 0.2330659926 0.437936008
vt 0.1703229994 0.4379589558
vt 0.1952130049 0.4381799698
vt 0.2070640028 0.4382439852
vt 0.6676419973 0.4386050105
vt 0.2618409991 0.4387069941
vt 0.3469359875 0.438773036
vt 0.3164460063 0.4389820099
vt 0.2306410074 0.4391610026
vt 0.374514997 0.4391909838
vt 0.1978359967 0.4392510056
vt 0.2075340003 0.4393479824
vt 0.2856540084 0.4395899773
vt 0.3961580098 0.4396539927
vt 0.03253300115 0.4399150014
vt 0.2989360094 0.4400080442
vt 0.2283080071 0.4402140379
vt 0.1994780004 0.4402500391
vt 0.6545680165 0.4403330088
vt 0.3634720147 0.4404039979
vt 0.09331800044 0.440410018
vt 0.4158470035 0.4407169819
vt 0.2266159952 0.4409320354
vt 0.2007039934 0.4410809875
vt 0.4648259878 0.441133976
vt 0.3094480038 0.4414680004
vt 0.225406006 0.4415370226
vt 0.2691900134 0.4415389895
vt 0.3331179917 0.4416239858
vt 0.2018550038 0.4417859912
vt 0.353843987 0.4418779612
vt 0.3258819878 0.4420779943
vt 0.3397249877 0.4421820045
vt 0.5385940075 0.44234097
vt 0.2030590028 0.4423429966
vt 0.1059169993 0.442381978
vt 0.2232449949 0.4425089955
vt 0.634552002 0.4426460266
vt 0.4288760126 0.4426580071
vt 0.2048120052 0.4428420067
vt 0.2059350014 0.4433740377
vt 0.3185789883 0.4435310364
vt 0.04706000164 0.4436990023
vt 0.2454330027 0.4437539577
vt 0.2418279946 0.4437999725
vt 0.3458859921 0.4438160062
vt 0.1171500012 0.4438719749
vt 0.2912420034 0.4439150095
vt 0.2066189945 0.4439539909
vt 0.2391960025 0.444133997
vt 0.250037998 0.4444339871
vt 0.3026069999 0.4444719553
vt 0.2371719927 0.4445379972
vt 0.6080229878 0.444633007
vt 0.2764799893 0.4448779821
vt 0.2354169935 0.4450399876
vt 0.1276039928 0.4450689554
vt 0.574845016 0.4453710318
vt 0.2333929986 0.4456560016
vt 0.3118279874 0.4456590414
vt 0.2553929985 0.4458140135
vt 0.3329930007 0.4458680153
vt 0.1914059967 0.4459779859
vt 0.1876789927 0.4460040331
vt 0.1943310052 0.4461899996
vt 0.3264530003 0.4462649822
vt 0.1385030001 0.4462760091
vt 0.405095011 0.4463340044
vt 0.3389019966 0.4463469982
vt 0.2309300005 0.4463950396
vt 0.1831109971 0.4464820027
vt 0.4838100076 0.4465039968
vt 0.1967329979 0.4466440082
vt 0.3516429961 0.4467200041
vt 0.3604120016 0.4467890263
vt 0.2285760045 0.4470559955
vt 0.06181199849 0.4471939802
vt 0.1985760033 0.4472230077
vt 0.2269109935 0.4474279881
vt 0.3198229969 0.4474369884
vt 0.2231560051 0.4475179911
vt 0.2256180048 0.4475209713
vt 0.1777990013 0.4475530386
vt 0.007100000046 0.447676003
vt 0.200011 0.4477039576
vt 0.1506090015 0.4477280378
vt 0.2613059878 0.4477429986
vt 0.3442200124 0.4477599859
vt 0.2953479886 0.4478900433
vt 0.2012930065 0.4480630159
vt 0.3053619862 0.4482820034
vt 0.2025849968 0.4483309984
vt 0.2825190127 0.4484069943
vt 0.2044579983 0.4484789968
vt 0.2059469968 0.4484829903
vt 0.2067220062 0.4485119581
vt 0.3709770143 0.4485419989
vt 0.1624280065 0.4486140013
vt 0.1715330034 0.4486280084
vt 0.01207000017 0.4488210082
vt 0.313477993 0.4492169619
vt 0.3325259984 0.4495019913
vt 0.3379890025 0.4497349858
vt 0.07656300068 0.4498249888
vt 0.3264670074 0.4498760104
vt 0.6756510139 0.4500659704
vt 0.2677290142 0.4501689672
vt 0.3489910066 0.4502589703
vt 0.01912100054 0.4503660202
vt 0.506757021 0.4503940344
vt 0.3424549997 0.4507189989
vt 0.3203499913 0.450782001
vt 0.6681849957 0.4508050084
vt 0.3568849862 0.4510359764
vt 0.29855901 0.451308012
vt 0.3074299991 0.4514769912
vt 0.2872659862 0.4517390132
vt 0.0908799991 0.451851964
vt 0.2418929935 0.4520869851
vt 0.2392459959 0.4521620274
vt 0.6547240019 0.4521659613
vt 0.3145110011 0.452203989
vt 0.2453130037 0.4522299767
vt 0.2370769978 0.4523060322
vt 0.4226279855 0.4523099661
vt 0.2219119966 0.4523540139
vt 0.3839040101 0.4524739981
vt 0.2352419943 0.4524869919
vt 0.02923199907 0.4525370002
vt 0.3411009908 0.452542007
vt 0.3376219869 0.4525679946
vt 0.2335560024 0.452690959
vt 0.3321419954 0.4527390003
vt 0.3460839987 0.4527800083
vt 0.2495259941 0.4528490305
vt 0.2737950087 0.4528920054
vt 0.231656 0.4529129863
vt 0.3260860145 0.4530299902
vt 0.2243929952 0.453091979
vt 0.4540250003 0.4532110095
vt 0.2294330001 0.4532139897
vt 0.2075320035 0.4532749653
vt 0.1039540023 0.4534100294
vt 0.2273370028 0.4535219669
vt 0.2258410007 0.453561008
vt 0.3202860057 0.4536219835
vt 0.2068849951 0.4536820054
vt 0.3659369946 0.4537470341
vt 0.4434629977 0.4537550211
vt 0.1995099932 0.4538099766
vt 0.1976619959 0.4538359642
vt 0.4119150043 0.4538459778
vt 0.3531830013 0.4539020061
vt 0.200962007 0.4539040327
vt 0.2543869913 0.4539470077
vt 0.2022929937 0.4539899826
vt 0.205430001 0.4540330172
vt 0.1951690018 0.4540469646
vt 0.2036309987 0.4540579915
vt 0.6343050003 0.454087019
vt 0.3089219928 0.4541400075
vt 0.3011609912 0.4541940093
vt 0.1921949983 0.4543789625
vt 0.3428139985 0.4544030428
vt 0.115523003 0.4545680285
vt 0.314971 0.4546849728
vt 0.2910889983 0.454720974
vt 0.188666001 0.4549070001
vt 0.5371869802 0.4550380111
vt 0.3384610116 0.4553700089
vt 0.1261940002 0.4554400444
vt 0.2597660124 0.4554480314
vt 0.2790090144 0.4556210041
vt 0.184318006 0.4558179975
vt 0.3493370116 0.4558799863
vt 0.3249590099 0.4559000134
vt 0.6073110104 0.4559069872
vt 0.04400800169 0.4559639692
vt 0.3196739852 0.4560819864
vt 0.3937380016 0.4563390017
vt 0.3099040091 0.456348002
vt 0.137500003 0.4564689994
vt 0.3317449987 0.4564700127
vt 0.2215339988 0.4565780163
vt 0.5734080076 0.4565880299
vt 0.4675709903 0.4566090107
vt 0.3031690121 0.4566370249
vt 0.3611469865 0.4567649961
vt 0.3149459958 0.456791997
vt 0.1790640056 0.4570310116
vt 0.3452300131 0.4572609663
vt 0.2654240131 0.4573099613
vt 0.29430601 0.4573569894
vt 0.2093269974 0.4573630095
vt 0.1500889957 0.4575940371
vt 0.2231509984 0.4578570127
vt 0.4348469973 0.4580700397
vt 0.1725379974 0.4580770135
vt 0.1627909988 0.4581829906
vt 0.2834520042 0.4582309723
vt 0.3104380071 0.4582690001
vt 0.209040001 0.4582790136
vt 0.318700999 0.4582949877
vt 0.3406719863 0.4583710432
vt 0.3230240047 0.4584079981
vt 0.3565840125 0.4585880041
vt 0.05915100127 0.4586850405
vt 0.2243860066 0.4587259889
vt 0.3046770096 0.4587329626
vt 0.3146399856 0.4587789774
vt 0.2306549996 0.4587979913
vt 0.2290229946 0.4588040113
vt 0.232189998 0.4588159919
vt 0.2272589952 0.4588800073
vt 0.2337989956 0.458886981
vt 0.2256110013 0.4589630365
vt 0.235600993 0.4590370059
vt 0.2079019994 0.4590790272
vt 0.375488013 0.4591610432
vt 0.2376630008 0.459224999
vt 0.3274509907 0.4592469931
vt 0.2402160019 0.4593889713
vt 0.2062319964 0.4594089985
vt 0.2708120048 0.459414959
vt 0.2048829943 0.4595299959
vt 0.3357279897 0.459594965
vt 0.2435930073 0.4596220255
vt 0.2969439924 0.4596959949
vt 0.2034060061 0.4597690105
vt 0.3521400094 0.4598070383
vt 0.2018480003 0.4600600004
vt 0.2477869987 0.4600750208
vt 0.3106749952 0.4601570368
vt 0.3177410066 0.4602789879
vt 0.4014750123 0.4603099823
vt 0.2118179947 0.4603669643
vt 0.220231995 0.4604660273
vt 0.4853630066 0.4604780078
vt 0.3212270141 0.4605289698
vt 0.1997469962 0.4606029987
vt 0.003980000038 0.460605979
vt 0.3057009876 0.4606170058
vt 0.3143430054 0.4606339931
vt 0.2872779965 0.460653007
vt 0.3477829993 0.4607470036
vt 0.2525269985 0.460801959
vt 0.07431299984 0.460819006
vt 0.3313840032 0.4611079693
vt 0.3245869875 0.4612759948
vt 0.1971600056 0.4613200426
vt 0.2214809954 0.4614560008
vt 0.009136999957 0.4615359902
vt 0.2120600045 0.4615880251
vt 0.2756339908 0.4616479874
vt 0.3435020149 0.4616780281
vt 0.2989979982 0.461789012
vt 0.2575919926 0.4618560076
vt 0.3109000027 0.4619629979
vt 0.3690379858 0.4620499611
vt 0.317012012 0.4620580077
vt 0.1941549927 0.4621859789
vt 0.4170069993 0.46223104
vt 0.3141599894 0.46232301
vt 0.2145469934 0.4623240232
vt 0.3198570013 0.4623420238
vt 0.08903700113 0.4624390006
vt 0.2225610018 0.4624869823
vt 0.3063719869 0.4624949694
vt 0.6762830019 0.4625359774
vt 0.3279379904 0.4626170397
vt 0.3393999934 0.4627209902
vt 0.211322993 0.4627590179
vt 0.01644900069 0.4627699852
vt 0.2905470133 0.4629600048
vt 0.322510004 0.4630069733
vt 0.2194910049 0.4630079865
vt 0.6686630249 0.463029027
vt 0.2233480066 0.4630320072
vt 0.2278790027 0.4631220102
vt 0.2263399959 0.4631519914
vt 0.229271993 0.4631649852
vt 0.2247499973 0.4631789923
vt 0.2627289891 0.4632920027
vt 0.1905619949 0.4633489847
vt 0.2169930041 0.4634189606
vt 0.2098609954 0.4634299874
vt 0.3634490073 0.4634820223
vt 0.2151470035 0.4635009766
vt 0.2304960042 0.4635089636
vt 0.311221987 0.4635599852
vt 0.1024769992 0.4636349678
vt 0.2191720009 0.4636679888
vt 0.3166190088 0.4636839628
vt 0.2182970047 0.4637299776
vt 0.3004739881 0.4637650251
vt 0.5075510144 0.46380198
vt 0.3191019893 0.4638400078
vt 0.2203720063 0.4638609886
vt 0.2085469961 0.4638699889
vt 0.335608989 0.4638910294
vt 0.2801620066 0.4639530182
vt 0.3140619993 0.4639860392
vt 0.6549869776 0.4639880061
vt 0.231803 0.4640569687
vt 0.3253940046 0.4640610218
vt 0.3585950136 0.4640749693
vt 0.3212549984 0.4642170072
vt 0.3070890009 0.4642699957
vt 0.3541829884 0.4643859863
vt 0.4274240136 0.4644110203
vt 0.2174890041 0.4644520283
vt 0.1142430007 0.4644579887
vt 0.2070630044 0.4645299911
vt 0.02684799954 0.4645370245
vt 0.219453007 0.4646570086
vt 0.2333029956 0.4647209644
vt 0.2188629955 0.4647420049
vt 0.1860869974 0.4647499919
vt 0.3501400054 0.4648480415
vt 0.2145590037 0.4648489952
vt 0.2209330052 0.4649080038
vt 0.3190200031 0.4649330378
vt 0.2673879862 0.4650570154
vt 0.3115879893 0.465068996
vt 0.1251630038 0.4650999904
vt 0.3206520081 0.4651019573
vt 0.3167540133 0.4651069641
vt 0.3239150047 0.465124011
vt 0.3322820067 0.4651620388
vt 0.2931190133 0.4651930332
vt 0.4071899951 0.4651960135
vt 0.2053650022 0.4652969837
vt 0.2352080047 0.4653289914
vt 0.2275400013 0.4653930068
vt 0.6343050003 0.4654510021
vt 0.3465319872 0.4655929804
vt 0.2215300053 0.4656350017
vt 0.3193379939 0.4656959772
vt 0.3016400039 0.4657080173
vt 0.213429004 0.4657109976
vt 0.2378789932 0.4657920003
vt 0.2261269987 0.4658130407
vt 0.30794999 0.4658370018
vt 0.3230270147 0.4658479691
vt 0.3204210103 0.4658609629
vt 0.1366810054 0.4658629894
vt 0.219874993 0.4658709764
vt 0.2226780057 0.4659119844
vt 0.2171760052 0.465947032
vt 0.2243819982 0.4659689665
vt 0.2416239977 0.4660489559
vt 0.2190220058 0.4661049843
vt 0.1805229932 0.4661309719
vt 0.2843930125 0.4661580324
vt 0.3136140108 0.4661810398
vt 0.3172050118 0.4662159681
vt 0.2278130054 0.4662590027
vt 0.2461100072 0.4662619829
vt 0.3197720051 0.466268003
vt 0.3223380148 0.4663609862
vt 0.3117519915 0.4664100409
vt 0.3295170069 0.4664570093
vt 0.3204210103 0.4664750099
vt 0.2122540027 0.4664869905
vt 0.3432849944 0.4665789604
vt 0.2028380036 0.466580987
vt 0.2507829964 0.4666619897
vt 0.1495839953 0.4667060375
vt 0.320115 0.4667220116
vt 0.2203589976 0.4667780399
vt 0.3179019988 0.4667810202
vt 0.536634028 0.4667810202
vt 0.3218970001 0.4668549895
vt 0.2164179981 0.4668779969
vt 0.607080996 0.4669150114
vt 0.3205260038 0.4669179916
vt 0.1733299941 0.4670760036
vt 0.3186129928 0.467097044
vt 0.3202620149 0.4671150446
vt 0.1628520042 0.467203021
vt 0.3206669986 0.4672670364
vt 0.2190790027 0.4672750235
vt 0.3088490069 0.4672909975
vt 0.5728350282 0.467294991
vt 0.228451997 0.4673030376
vt 0.3191539943 0.4673449993
vt 0.3217279911 0.4673479795
vt 0.2554160058 0.4673820138
vt 0.04178899899 0.4674060345
vt 0.3831920028 0.4674299955
vt 0.2950119972 0.4674400091
vt 0.2718949914 0.4674830437
vt 0.2255370021 0.4674990177
vt 0.2210450023 0.4675289989
vt 0.3028999865 0.4675559998
vt 0.3275110126 0.4675689936
vt 0.3199290037 0.4675970078
vt 0.3145169914 0.467615962
vt 0.2108179927 0.4676359892
vt 0.3402650058 0.4677560329
vt 0.2233210057 0.467805028
vt 0.2000440061 0.4678530097
vt 0.3211460114 0.4678549767
vt 0.3216100037 0.4678640366
vt 0.2154050022 0.4679180384
vt 0.3153679967 0.4683430195
vt 0.326169014 0.4683710337
vt 0.3905560076 0.4684020281
vt 0.2595419884 0.4684660435
vt 0.2875750065 0.4684820175
vt 0.3097940087 0.4684970379
vt 0.2293120027 0.4685360193
vt 0.2180099934 0.4686629772
vt 0.3761459887 0.468716979
vt 0.3209820092 0.4687669873
vt 0.3161750138 0.4687780142
vt 0.3201949894 0.4687889814
vt 0.3251050115 0.4688010216
vt 0.2255000025 0.4690070152
vt 0.3241530061 0.4691129923
vt 0.3168349862 0.4691569805
vt 0.3519380093 0.4691590071
vt 0.337413013 0.4691630006
vt 0.4568380117 0.4691709876
vt 0.2089850008 0.4691979885
vt 0.3043049872 0.4691979885
vt 0.2202650011 0.4692389965
vt 0.3551119864 0.4692400098
vt 0.2792850137 0.4692469835
vt 0.1968549937 0.4693430066
vt 0.3108989894 0.4693490267
vt 0.2227640003 0.469505012
vt 0.3175849915 0.4695259929
vt 0.05719599873 0.4695360065
vt 0.2140160054 0.46954
vt 0.3234220147 0.4696270227
vt 0.4469490051 0.4697220325
vt 0.2624079883 0.4697669744
vt 0.3588680029 0.4697870016
vt 0.2965399921 0.4697970152
vt 0.349289 0.4698269963
vt 0.2304950058 0.4699339867
vt 0.269520998 0.46994102
vt 0.3698019981 0.469949007
vt 0.3188390136 0.4700289965
vt 0.3118390143 0.4704650044
vt 0.322905004 0.4705150127
vt 0.2167399973 0.4706380367
vt 0.3056940138 0.4706630111
vt 0.3347539902 0.4707570076
vt 0.2256529927 0.4707679749
vt 0.3971669972 0.4708169699
vt 0.2684459984 0.470919013
vt 0.2754490077 0.4709650278
vt 0.3469130099 0.4709889889
vt 0.263448 0.4710149765
vt 0.4112460017 0.4710299969
vt 0.2064400017 0.4711040258
vt 0.2897489965 0.4711390138
vt 0.4693160057 0.4711549878
vt 0.072691001 0.471183002
vt 0.2324959934 0.4712280035
vt 0.3637000024 0.4712510109
vt 0.4206509888 0.4712910056
vt 0.2193679959 0.4713529944
vt 0.1930350065 0.4713599682
vt 0.3223910034 0.4713990092
vt 0.3129180074 0.4714440107
vt 0.2680979967 0.4714900255
vt 0.2833099961 0.4715399742
vt 0.2223069966 0.4715520144
vt 0.2729800045 0.4716160297
vt 0.2450049967 0.4716550112
vt 0.2360019982 0.4717119932
vt 0.2403849959 0.4717140198
vt 0.212202996 0.4717360139
vt 0.2494699955 0.4718079567
vt 0.2640939951 0.4718539715
vt 0.3071039915 0.4719940424
vt 0.2983399928 0.472070992
vt 0.3140740097 0.4720779657
vt 0.3214170039 0.4720900059
vt 0.2708590031 0.4721249938
vt 0.3325360119 0.4721900225
vt 0.2534190118 0.4722809792
vt 0.3528110087 0.4723179936
vt 0.08773799986 0.4724270105
vt 0.4383580089 0.4724450111
vt 0.3446629941 0.4724540114
vt 0.2655040026 0.4724960327
vt 0.3151429892 0.472555995
vt 0.3307499886 0.472859025
vt 0.3162310123 0.4730160236
vt 0.256457001 0.4730219841
vt 0.2259040028 0.4730379581
vt 0.3175979853 0.4731349945
vt 0.3288969994 0.4731420279
vt 0.2035239935 0.4731470346
vt 0.2151670009 0.4731919765
vt 0.2799240053 0.4731960297
vt 0.3083010018 0.4732420444
vt 0.2681820095 0.473262012
vt 0.3269349933 0.4732689857
vt 0.1013960019 0.4733060002
vt 0.001888000057 0.4734579921
vt 0.2772319913 0.4735289812
vt 0.354775995 0.4735310078
vt 0.1880840063 0.4736130238
vt 0.3253009915 0.4736520052
vt 0.3515709937 0.4737039804
vt 0.2745920122 0.4737330079
vt 0.3005490005 0.4737640023
vt 0.4861499965 0.4737769961
vt 0.2584759891 0.4738410115
vt 0.1134049967 0.4738889933
vt 0.4023030102 0.4739459753
vt 0.2182050049 0.4740450382
vt 0.3424189985 0.4741159678
vt 0.007151999976 0.4741259813
vt 0.2216850072 0.4741809964
vt 0.2099339962 0.4742529988
vt 0.124594003 0.4743260145
vt 0.2913089991 0.4743379951
vt 0.2858209908 0.4744490385
vt 0.2601470053 0.4744889736
vt 0.2715390027 0.4746010303
vt 0.3242470026 0.4746810198
vt 0.3095619977 0.4747259617
vt 0.1363240033 0.474897027
vt 0.262401998 0.474938035
vt 0.1817689985 0.4749829769
vt 0.01460400037 0.4749909639
vt 0.3576819897 0.4750319719
vt 0.3025459945 0.4750809669
vt 0.6767219901 0.475086987
vt 0.669046998 0.4753780365
vt 0.2003069967 0.4754779935
vt 0.3500460088 0.4754999876
vt 0.1494639963 0.4755569696
vt 0.2652390003 0.4755699635
vt 0.1737370044 0.4758189917
vt 0.323303014 0.4758380055
vt 0.3401109874 0.475876987
vt 0.6553789973 0.4759280086
vt 0.1628440022 0.4759750366
vt 0.310867995 0.4759770036
vt 0.5077390075 0.4759960175
vt 0.2778710127 0.4760420322
vt 0.2828789949 0.4760860205
vt 0.2133180052 0.4761199951
vt 0.3819330037 0.4761500359
vt 0.2804360092 0.4761840105
vt 0.02514100075 0.4762890339
vt 0.3757239878 0.4762940407
vt 0.3043439984 0.4763360023
vt 0.4304839969 0.4763709903
vt 0.321934998 0.4764260054
vt 0.3610410094 0.4764640331
vt 0.2747080028 0.4765000343
vt 0.2264779955 0.4765180349
vt 0.2451349944 0.4765490294
vt 0.369731009 0.4766110182
vt 0.2683059871 0.4766600132
vt 0.2491810024 0.4766910076
vt 0.2406779975 0.4767119884
vt 0.3123989999 0.4767670035
vt 0.3882569969 0.4768390059
vt 0.6345589757 0.4768570065
vt 0.353749007 0.4768689871
vt 0.3646309972 0.4769790173
vt 0.2074420005 0.4769949913
vt 0.2360340059 0.477034986
vt 0.2525979877 0.4770640135
vt 0.3139930069 0.4771289825
vt 0.2167409956 0.4771699905
vt 0.2314279974 0.4771749973
vt 0.3168030083 0.477298975
vt 0.3154329956 0.4773409963
vt 0.3379020095 0.4773980379
vt 0.2551270127 0.4774810076
vt 0.2206989974 0.4774900079
vt 0.4140320122 0.4776389599
vt 0.3484990001 0.4776489735
vt 0.6075220108 0.477782011
vt 0.3059900105 0.4777939916
vt 0.3940910101 0.47785604
vt 0.5366050005 0.4778770208
vt 0.573086977 0.4778950214
vt 0.405359 0.4779250026
vt 0.2873769999 0.4780640006
vt 0.3357650042 0.478085041
vt 0.2711310089 0.4781210423
vt 0.3331159949 0.4784010053
vt 0.040107999 0.4785330296
vt 0.1965450048 0.4785490036
vt 0.3983550072 0.4785770178
vt 0.2799420059 0.4785810113
vt 0.2567369938 0.4785829782
vt 0.2770099938 0.4785940051
vt 0.2597010136 0.4786059856
vt 0.3300580084 0.4786329865
vt 0.2927330136 0.4788030386
vt 0.3273299932 0.4790840149
vt 0.2821780145 0.4791480303
vt 0.26256001 0.4791560173
vt 0.2113489956 0.4793080091
vt 0.2965649962 0.4794459939
vt 0.3563759923 0.4794819951
vt 0.3076669872 0.4795210361
vt 0.273378998 0.4796949625
vt 0.352692008 0.4797940254
vt 0.34672001 0.4799749851
vt 0.3252629936 0.4800779819
vt 0.2654469907 0.4801039696
vt 0.05576999858 0.4801169634
vt 0.2845369875 0.4801299572
vt 0.2048079967 0.4801520109
vt 0.2992810011 0.4801819921
vt 0.2781449854 0.4804599881
vt 0.2151229978 0.4805780053
vt 0.4230889976 0.4806870222
vt 0.2806949914 0.480832994
vt 0.2535809875 0.4809750319
vt 0.3093189895 0.4809870124
vt 0.2505190074 0.4810230136
vt 0.3238289952 0.4810929894
vt 0.2747569978 0.4810990095
vt 0.2466479987 0.4811300039
vt 0.3014470041 0.4811840057
vt 0.2423239946 0.4811910391
vt 0.3598999977 0.4811910391
vt 0.07155700028 0.4812619686
vt 0.2680389881 0.4812669754
vt 0.2190790027 0.4812819958
vt 0.3218689859 0.4815460443
vt 0.2377910018 0.4815579653
vt 0.3444280028 0.4815939665
vt 0.2235489935 0.4817060232
vt 0.2824609876 0.4817410111
vt 0.3111340106 0.4818120003
vt 0.3162289858 0.4819179773
vt 0.3642140031 0.481941998
vt 0.3991439939 0.4819580317
vt 0.2782030106 0.4819650054
vt 0.3132120073 0.4820070267
vt 0.3148800135 0.4820089936
vt 0.2555719912 0.4820230007
vt 0.2330719978 0.4820289612
vt 0.3694399893 0.4820970297
vt 0.08685500175 0.4821109772
vt 0.2282840014 0.4821109772
vt 0.3753019869 0.4821139574
vt 0.3812119961 0.4821400046
vt 0.2883220017 0.4821950197
vt 0.2750850022 0.4823520184
vt 0.2700980008 0.482401967
vt 0.2576540112 0.4824379683
vt 0.2804419994 0.4825389981
vt 0.3035210073 0.4825860262
vt 0.3871720135 0.4826140404
vt 0.100684002 0.4826840162
vt 0.4072859883 0.4826990366
vt 0.3419240117 0.4827359915
vt 0.3931060135 0.4827610254
vt 0.2094070017 0.4828659892
vt 0.1128889993 0.4830499887
vt 0.2775740027 0.4831969738
vt 0.3516280055 0.4832500219
vt 0.2602359951 0.483307004
vt 0.2839849889 0.4833170176
vt 0.1243119985 0.4833599925
vt 0.3555229902 0.4833909869
vt 0.2714900076 0.4834150076
vt 0.1912519932 0.4834259748
vt 0.2818680108 0.4835339785
vt 0.3392370045 0.4836390018
vt 0.2746349871 0.4836840034
vt 0.1362459958 0.4837970138
vt 0.2796170115 0.4838160276
vt 0.285683006 0.4838550091
vt 0.2021320015 0.4838559628
vt 0.1823790073 0.4839780331
vt 0.3056379855 0.4842419624
vt 0.213530004 0.4842460155
vt 0.263101995 0.4842829704
vt 0.3359400034 0.4843230247
vt 0.2721459866 0.4843280315
vt 0.1495330036 0.4843400121
vt 0.4583800137 0.4845229983
vt 0.2769849896 0.4845730066
vt 0.1736530066 0.4845820069
vt 0.1626140028 0.4846680164
vt 0.4158799946 0.4847370386
vt 0.2749899924 0.4847450256
vt 0.2808870077 0.4847500324
vt 0.2502360046 0.484762013
vt 0.4488190114 0.4849100113
vt 0.2827590108 0.4849619865
vt 0.2786610126 0.4850490093
vt 0.2175029963 0.4850879908
vt 0.3321700096 0.4851039648
vt 0.2657710016 0.4852559566
vt 0.2450529933 0.4853270054
vt 0.4703170061 0.48546803
vt 0.2548399866 0.4855350256
vt 0.2724179924 0.4855439663
vt 0.3592480123 0.4855459929
vt 0.2405290008 0.4855929613
vt 0.2733640075 0.4856389761
vt 0.2798300087 0.4857230186
vt 0.3079130054 0.4857270122
vt 0.2216719985 0.4857770205
vt 0.2844859958 0.4858210087
vt 0.3289949894 0.4858250022
vt 0.2815740108 0.4859640002
vt 0.4001080096 0.4859659672
vt 0.2765159905 0.4860060215
vt 0.235995993 0.4860149622
vt 0.274969995 0.4861600399
vt 0.2679429948 0.4861890078
vt 0.4402320087 0.4862530231
vt 0.2263090014 0.4862959981
vt 0.2311789989 0.4863780141
vt 0.2776780128 0.4864090085
vt 0.2962220013 0.4864400029
vt 0.2936860025 0.4864419699
vt 0.3638170063 0.4864529967
vt 0.0005569999921 0.4865249991
vt 0.2803690135 0.4865490198
vt 0.3102410138 0.4865570068
vt 0.2988440096 0.4865670204
vt 0.3265970051 0.4865689874
vt 0.3156549931 0.4865959883
vt 0.314357996 0.4866639972
vt 0.2911410034 0.4866759777
vt 0.3126649857 0.4867429733
vt 0.3692130148 0.4867550135
vt 0.278937012 0.4867820144
vt 0.3809500039 0.4867960215
vt 0.3751010001 0.4868149757
vt 0.2076629996 0.4868249893
vt 0.4867169857 0.4868620038
vt 0.005938000046 0.4868800044
vt 0.3931280077 0.486905992
vt 0.2581929862 0.4870229959
vt 0.2695780098 0.4870280027
vt 0.2831769884 0.4870289564
vt 0.3868499994 0.487079978
vt 0.2736189961 0.4870960116
vt 0.2887189984 0.4871399999
vt 0.3250519931 0.4872530103
vt 0.2765020132 0.4873000383
vt 0.01350099966 0.4873169661
vt 0.2775259912 0.4873430133
vt 0.3014580011 0.4874869585
vt 0.2866840065 0.4875929952
vt 0.2818419933 0.4876090288
vt 0.2751930058 0.4876700044
vt 0.3548530042 0.4876739979
vt 0.2706510127 0.4877319932
vt 0.6771699786 0.4877430201
vt 0.28045699 0.4878540039
vt 0.2721039951 0.4878709912
vt 0.6694489717 0.4878860116
vt 0.2613550127 0.4879150391
vt 0.508095026 0.4879469872
vt 0.4085800052 0.4879859686
vt 0.02409099974 0.4880430102
vt 0.3232949972 0.4880470037
vt 0.2742219865 0.4880889654
vt 0.6557310224 0.4881110191
vt 0.4321649969 0.4881340265
vt 0.2788189948 0.488139987
vt 0.212154001 0.4881410003
vt 0.271382004 0.4881620407
vt 0.277274996 0.4884870052
vt 0.6349939704 0.4884949923
vt 0.2001360059 0.4885300398
vt 0.2642500103 0.4886749983
vt 0.5737730265 0.4886890054
vt 0.2850199938 0.4886919856
vt 0.2728500068 0.488756001
vt 0.3041929901 0.4887770414
vt 0.5370870233 0.4887909889
vt 0.6080070138 0.4888319969
vt 0.2162709981 0.4888490438
vt 0.2761529982 0.4888910055
vt 0.3503240049 0.4889450073
vt 0.2751370072 0.4892120361
vt 0.2740019858 0.4893029928
vt 0.2771289945 0.4893609881
vt 0.2802399993 0.489405036
vt 0.03900400177 0.4894599915
vt 0.243708998 0.4894790053
vt 0.2482530028 0.4894859791
vt 0.2204540074 0.4894980192
vt 0.2667590082 0.4895039797
vt 0.2782259881 0.489560008
vt 0.2816880047 0.4896509647
vt 0.2393819988 0.489684999
vt 0.3469649851 0.4896990061
vt 0.252609998 0.4898599982
vt 0.3587880135 0.4899849892
vt 0.2349680066 0.4900319576
vt 0.2251069993 0.4900679588
vt 0.3070600033 0.4900740385
vt 0.2764770091 0.4901419878
vt 0.4009259939 0.4901629686
vt 0.4244740009 0.490203023
vt 0.2832140028 0.4902429581
vt 0.2300969958 0.4902740121
vt 0.344020009 0.4902889729
vt 0.2689650059 0.4903720021
vt 0.05488400161 0.4903889894
vt 0.2750740051 0.4904819727
vt 0.2565490007 0.4905090332
vt 0.2739219964 0.4906049967
vt 0.2728120089 0.4906129837
vt 0.2777409852 0.4906259775
vt 0.3097380102 0.4908750057
vt 0.2723259926 0.4908900261
vt 0.3934490085 0.4909399748
vt 0.3635149896 0.4909520149
vt 0.2795619965 0.4909549952
vt 0.3412140012 0.4909809828
vt 0.2871200144 0.4909859896
vt 0.07093299925 0.491016984
vt 0.2065660059 0.4910420179
vt 0.3139129877 0.4910650253
vt 0.3122540116 0.491073966
vt 0.3151949942 0.4910780191
vt 0.3809910119 0.4910830259
vt 0.2600870132 0.4911209941
vt 0.2889859974 0.4911279678
vt 0.3750829995 0.4911569953
vt 0.3690569997 0.4911800027
vt 0.3869259953 0.4911819696
vt 0.2927899957 0.4911949635
vt 0.2908979952 0.4912320375
vt 0.272006005 0.491286993
vt 0.2761299908 0.4914159775
vt 0.08629100025 0.4914450049
vt 0.2853850126 0.4916260242
vt 0.2632470131 0.4916650057
vt 0.2712419927 0.4916809797
vt 0.2809219956 0.4917030334
vt 0.1002419963 0.4917290211
vt 0.2733249962 0.4918720126
vt 0.1125579998 0.4918869734
vt 0.2973810136 0.4919500351
vt 0.3373369873 0.4919890165
vt 0.2744179964 0.4920099974
vt 0.1241120026 0.4920309782
vt 0.2113289982 0.4920549989
vt 0.2660700083 0.4921200275
vt 0.2947930098 0.4921469688
vt 0.4169439971 0.4921480417
vt 0.1361629963 0.49229002
vt 0.2780140042 0.4924789667
vt 0.182803005 0.492560029
vt 0.2154510021 0.4925850034
vt 0.149544999 0.4926329851
vt 0.3005670011 0.4927200079
vt 0.1912579983 0.4927250147
vt 0.2686260045 0.4927330017
vt 0.2736049891 0.4927339554
vt 0.162650004 0.4928300381
vt 0.1737959981 0.4928439856
vt 0.3331629932 0.4928959608
vt 0.2817510068 0.4929000139
vt 0.2837339938 0.4929100275
vt 0.3544040024 0.4930819869
vt 0.2196989954 0.4930980206
vt 0.3300110102 0.4932739735
vt 0.2471670061 0.4933190346
vt 0.2429630011 0.4933379889
vt 0.2756420076 0.4933869839
vt 0.3274450004 0.4934209585
vt 0.2513949871 0.4934319854
vt 0.2793450058 0.4934840202
vt 0.2388920039 0.4935269952
vt 0.2740130126 0.4935359955
vt 0.2711600065 0.4936139584
vt 0.2244890034 0.4936400056
vt 0.3037140071 0.4936469793
vt 0.3257089853 0.4936879873
vt 0.4093619883 0.4936890006
vt 0.2555840015 0.4937269688
vt 0.2872669995 0.4937820435
vt 0.2346519977 0.4938060045
vt 0.2891199887 0.4938139915
vt 0.2297050059 0.4939140081
vt 0.2909060121 0.4939199686
vt 0.25939399 0.4940680265
vt 0.2924579978 0.4941160083
vt 0.2740559876 0.4941630363
vt 0.3240790069 0.4941810369
vt 0.1996680051 0.4942770004
vt 0.2854929864 0.4943189621
vt 0.2628099918 0.4943499565
vt 0.2766979933 0.4943740368
vt 0.2820259929 0.4944649935
vt 0.3066120148 0.4945089817
vt 0.265846014 0.4945549965
vt 0.2798480093 0.4945859909
vt 0.4015049934 0.4946839809
vt 0.3585669994 0.4947650433
vt 0.2685799897 0.4948220253
vt 0.2738690078 0.4949370027
vt 0.3093380034 0.4950460196
vt 0.393768996 0.4951499701
vt 0.2838400006 0.495175004
vt 0.2770540118 0.4951820374
vt 0.3119780123 0.4952039719
vt 0.3136230111 0.4952720404
vt 0.2712230086 0.4953119755
vt 0.3149079978 0.4953370094
vt 0.3871339858 0.49535501
vt 0.3811529875 0.4953759909
vt 0.3634409904 0.4954149723
vt 0.3752160072 0.4954769611
vt 0.2060369998 0.4955099821
vt 0.3691200018 0.4955530167
vt 0.2936359942 0.4956569672
vt 0.2798449993 0.4956859946
vt 0.2769289911 0.4958629608
vt 0.2107799947 0.4960359931
vt 0.2739070058 0.4961079955
vt 0.2820580006 0.4961169958
vt 0.2149569988 0.4963270426
vt 0.2891980112 0.4963650107
vt 0.2908929884 0.4964640141
vt 0.2872929871 0.4964849949
vt 0.2193679959 0.4966250062
vt 0.2509489954 0.4966819882
vt 0.246747002 0.4967049956
vt 0.2922489941 0.4967069626
vt 0.2551940084 0.4967479706
vt 0.276861012 0.4967750311
vt 0.2427469939 0.4967949986
vt 0.2797609866 0.496818006
vt 0.2854900062 0.4968559742
vt 0.2591669858 0.4968730211
vt 0.2627750039 0.496976018
vt 0.2390159965 0.4969949722
vt 0.2660039961 0.4970129728
vt 0.2244630009 0.4970220327
vt 0.2688049972 0.497081995
vt 0.2930719852 0.4972189665
vt 0.234969005 0.4972230196
vt 0.2299360037 0.4972479939
vt 0.2714509964 0.497303009
vt 0.2838180065 0.4973149896
vt 0.274120003 0.4976849556
vt 0.2820329964 0.4977560043
vt 0.2769249976 0.4980009794
vt 0.279745996 0.4980590343
vt 0.3117949963 0.4994089603
vt 0.3089750111 0.4994100332
vt 0.3063989878 0.4994109869
vt 0.3037169874 0.4994139671
vt 0.3008939922 0.4994210005
vt 0.3134939969 0.4994280338
vt 0.2983390093 0.4994289875
vt 0.2955319881 0.4994379878
vt 0.2940019965 0.4994449615
vt 0.2931169868 0.4994490147
vt 0.2921710014 0.4994530082
vt 0.2908689976 0.4994570017
vt 0.3147889972 0.4994599819
vt 0.2891969979 0.4994629622
vt 0.182889998 0.4994649887
vt 0.1913889945 0.4994649887
vt 0.1996510029 0.4994679689
vt 0.1737509966 0.4994690418
vt 0.2873049974 0.4994699955
vt 0.2059739977 0.4994729757
vt 0.1625799984 0.499475956
vt 0.2854759991 0.4994770288
vt 0.2107169926 0.4994779825
vt 0.2149399966 0.4994840026
vt 0.2837960124 0.4994840026
vt 0.1494569927 0.4994890094
vt 0.282005012 0.4994900227
vt 0.2194249928 0.4994909763
vt 0.2796980143 0.4994969964
vt 0.2246149927 0.4994989634
vt 0.2769750059 0.4995039701
vt 0.3382869959 0.4995039701
vt 0.1360650063 0.4995059967
vt 0.230122 0.49950701
vt 0.2742289901 0.4995099902
vt 0.3419629931 0.4995110035
vt 0.3341189921 0.4995139837
vt 0.2352010012 0.499514997
vt 0.2715879977 0.499514997
vt 0.3447960019 0.499514997
vt 0.2689589858 0.4995189905
vt 0.2392109931 0.4995210171
vt 0.2661580145 0.4995219707
vt 0.123995997 0.4995239973
vt 0.2427890003 0.4995250106
vt 0.3478760123 0.4995250106
vt 0.2628529966 0.4995260239
vt 0.2466669977 0.4995279908
vt 0.2591559887 0.4995279908
vt 0.2508400083 0.4995299578
vt 0.2551099956 0.4995299578
vt 0.3509989977 0.4995369911
vt 0.1124039963 0.4995440245
vt 0.3306420147 0.4995499849
vt 0.3544119895 0.499556005
vt 0.1000560001 0.4995689988
vt 0.3585349917 0.4995729923
vt 0.3634420037 0.4995889664
vt 0.08607500046 0.4996010065
vt 0.3279649913 0.4996019602
vt 0.3691549897 0.4996060133
vt 0.3752650023 0.4996219873
vt 0.3812850118 0.4996370077
vt 0.07065600157 0.4996410012
vt 0.3871749938 0.499653995
vt 0.326177001 0.4996570349
vt 0.3940109909 0.4996730089
vt 0.05463400111 0.4996880293
vt 0.4016250074 0.4996960163
vt 0.3245100081 0.4997110367
vt 0.409612 0.4997229576
vt 0.03863000125 0.4997389913
vt 0.4172720015 0.4997509718
vt 0.02373999916 0.4997830391
vt 0.4248999953 0.4997830391
vt 0.4326840043 0.4998190403
vt 0.01312300004 0.4998239875
vt 0.005483000074 0.4998580217
vt 0.4408220053 0.4998580217
vt 0 0.4998829961
vt 0.4494619966 0.4998910427
vt 0.4588069916 0.4999029636
vt 0.4705829918 0.4999029636
vt 0.4869320095 0.4999240041
vt 0.5082740188 0.4999519587
vt 0.5373349786 0.5000219941
vt 0.5741199851 0.5001659989
vt 0.608217001 0.5003179908
vt 0.6351490021 0.5004310012
vt 0.6559590101 0.5005109906
vt 0.6696799994 0.5005599856
vt 0.6774629951 0.5005869865
vt 0.279745996 0.5009350181
vt 0.2769249976 0.5010079741
vt 0.2820320129 0.5012239814
vt 0.2741219997 0.5013359785
vt 0.2838160098 0.5016530156
vt 0.2930600047 0.5016810298
vt 0.2714540064 0.5017279983
vt 0.2299399972 0.501766026
vt 0.2349739969 0.5018069744
vt 0.2688089907 0.5019569993
vt 0.2244669944 0.5019760132
vt 0.2660079896 0.5020319819
vt 0.2390210032 0.5020449758
vt 0.2627800107 0.5020750165
vt 0.2854860127 0.5020989776
vt 0.2797609866 0.502177
vt 0.2591710091 0.5021839738
vt 0.2922370136 0.5021989942
vt 0.2768619955 0.5022339821
vt 0.2427529991 0.5022540092
vt 0.2551999986 0.5023130178
vt 0.2467530072 0.502350986
vt 0.2193710059 0.5023570061
vt 0.2509540021 0.5023779869
vt 0.2908810079 0.5024520159
vt 0.2872860134 0.5024560094
vt 0.2891890109 0.5025629997
vt 0.2149579972 0.5026410222
vt 0.2820569873 0.5028640032
vt 0.2739109993 0.5029140115
vt 0.2107799947 0.5029209852
vt 0.2769309878 0.5031459928
vt 0.2936150134 0.5032410026
vt 0.2798449993 0.5033090115
vt 0.2060340047 0.5034350157
vt 0.3147619963 0.5035480261
vt 0.3134579957 0.503575027
vt 0.3118290007 0.5036190152
vt 0.3691360056 0.5036600232
vt 0.2712289989 0.5037199855
vt 0.3634639978 0.5037660003
vt 0.3752270043 0.5037670135
vt 0.3092469871 0.5037750006
vt 0.2838369906 0.5037940145
vt 0.2770569921 0.5038279891
vt 0.381159991 0.5038999915
vt 0.3871380091 0.5039520264
vt 0.2738730013 0.5040860176
vt 0.3937700093 0.5041949749
vt 0.2685880065 0.5042179823
vt 0.3065220118 0.5043179989
vt 0.3586049974 0.5043860078
vt 0.2798480093 0.5044100285
vt 0.265854001 0.5044909716
vt 0.2820239961 0.5045170188
vt 0.2767010033 0.5046370029
vt 0.2854849994 0.5046370029
vt 0.1996600032 0.5046579838
vt 0.2628180087 0.504701972
vt 0.4015029967 0.5047079921
vt 0.2924329937 0.5047929883
vt 0.2740620077 0.5048589706
vt 0.2594029903 0.504989028
vt 0.2908850014 0.504998982
vt 0.2297150046 0.5050989985
vt 0.2891030014 0.5051169991
vt 0.2872549891 0.5051620007
vt 0.3036319911 0.5051950216
vt 0.2346639931 0.5052210093
vt 0.3244599998 0.5052700043
vt 0.2555949986 0.5053340197
vt 0.2244980037 0.5053570271
vt 0.2711679935 0.5054180026
vt 0.2740179896 0.5054870248
vt 0.2389049977 0.5055130124
vt 0.2793459892 0.5055159926
vt 0.3261100054 0.5056020021
vt 0.2514080107 0.505629003
vt 0.2756460011 0.505629003
vt 0.2429780066 0.505711019
vt 0.2471809983 0.5057380199
vt 0.4093570113 0.5057560205
vt 0.3278450072 0.5057600141
vt 0.3303720057 0.5058270097
vt 0.2197059989 0.505885005
vt 0.3544729948 0.5060430169
vt 0.283728987 0.5060610175
vt 0.2817499936 0.5060849786
vt 0.1737879962 0.5060930252
vt 0.1626459956 0.5061230063
vt 0.3004949987 0.5061429739
vt 0.3334890008 0.5061429739
vt 0.1912450045 0.506205976
vt 0.2736130059 0.5062900186
vt 0.2686359882 0.5063070059
vt 0.1495459974 0.5063440204
vt 0.182791993 0.5063710213
vt 0.2154549956 0.5063840151
vt 0.2780179977 0.5065270066
vt 0.1361690015 0.5067200065
vt 0.294746995 0.5067510009
vt 0.2113289982 0.5069029927
vt 0.2660819888 0.5069260001
vt 0.2973209918 0.5069320202
vt 0.2744260132 0.5070109963
vt 0.1241210029 0.5070160031
vt 0.3376210034 0.5070359707
vt 0.2733339965 0.5071529746
vt 0.1125710011 0.5072020292
vt 0.2809219956 0.5072889924
vt 0.285374999 0.5073329806
vt 0.2712520063 0.5073530078
vt 0.4169330001 0.5073530078
vt 0.2632609904 0.5073869824
vt 0.1002580002 0.5074089766
vt 0.2761369944 0.5076000094
vt 0.2908680141 0.5076919794
vt 0.2927510142 0.5077189803
vt 0.2720170021 0.5077440143
vt 0.08631099761 0.5077559948
vt 0.3149609864 0.5077710152
vt 0.3120059967 0.5077720284
vt 0.3136450052 0.5077800155
vt 0.28896299 0.5078080297
vt 0.2065590024 0.5079039931
vt 0.2601020038 0.5079370141
vt 0.2871029973 0.5079619884
vt 0.3095600009 0.507964015
vt 0.3690890074 0.5080369711
vt 0.2795650065 0.5080450177
vt 0.3414599895 0.5080580115
vt 0.3751040101 0.5080909729
vt 0.3869340122 0.5081279874
vt 0.2723369896 0.5081400275
vt 0.3810049891 0.508194983
vt 0.3635610044 0.5082370043
vt 0.07095699757 0.5082640052
vt 0.2777470052 0.5083829761
vt 0.3934519887 0.5084059834
vt 0.2728230059 0.508415997
vt 0.2739320099 0.5084189773
vt 0.2750839889 0.5085380077
vt 0.2565659881 0.5085520148
vt 0.2689799964 0.5086680055
vt 0.2832080126 0.5087339878
vt 0.2301139981 0.5087389946
vt 0.344235003 0.5087710023
vt 0.3069080114 0.5087760091
vt 0.2764860094 0.5088729858
vt 0.2251210064 0.5089309812
vt 0.05491400138 0.508984983
vt 0.2349870056 0.5089949965
vt 0.3588579893 0.5091789961
vt 0.2526299953 0.5092030168
vt 0.4009230137 0.5092269778
vt 0.2816869915 0.509337008
vt 0.2394039929 0.5093539953
vt 0.4244560003 0.5093619823
vt 0.3471469879 0.5093839765
vt 0.2782329917 0.5094479918
vt 0.2204660028 0.5094869733
vt 0.2667759955 0.5095419884
vt 0.2437320054 0.5095710158
vt 0.2482759953 0.5095720291
vt 0.2802430093 0.5095930099
vt 0.2771379948 0.5096520185
vt 0.2740139961 0.5097219944
vt 0.2751480043 0.5098090172
vt 0.03904100135 0.5100150108
vt 0.3040600121 0.5100950003
vt 0.2162780017 0.5101230145
vt 0.2761639953 0.510127008
vt 0.3504720032 0.5101659894
vt 0.2728649974 0.510273993
vt 0.285007 0.5102750063
vt 0.2642689943 0.5103769898
vt 0.2001180053 0.510405004
vt 0.2772850096 0.5105260015
vt 0.212154001 0.5108190179
vt 0.2788270116 0.5108659863
vt 0.2714000046 0.5108739734
vt 0.2742370069 0.5109369755
vt 0.2613759935 0.5111430287
vt 0.2804610133 0.5111439824
vt 0.2721210122 0.5111640096
vt 0.3242839873 0.511292994
vt 0.2706699967 0.5113070011
vt 0.2752079964 0.5113520026
vt 0.2866640091 0.5113660097
vt 0.2818390131 0.5113800168
vt 0.3013440073 0.5114049911
vt 0.5370399952 0.511416018
vt 0.4085699916 0.5114560127
vt 0.3549630046 0.5114769936
vt 0.4321359992 0.5115039945
vt 0.02413599938 0.5115190148
vt 0.2775369883 0.5116699934
vt 0.276515007 0.5117170215
vt 0.5737190247 0.5117660165
vt 0.2886900008 0.5118079782
vt 0.6079540253 0.5118659735
vt 0.3260320127 0.5119299889
vt 0.2736360133 0.5119330287
vt 0.2831589878 0.511950016
vt 0.269600004 0.5120139718
vt 0.2582170069 0.512033999
vt 0.5080469847 0.5120679736
vt 0.2076520026 0.5121229887
vt 0.3123680055 0.5121290088
vt 0.3140259981 0.5121859908
vt 0.3153589964 0.5122209787
vt 0.2789460123 0.5122249722
vt 0.3868609965 0.5122330189
vt 0.2910990119 0.5122609735
vt 0.31002599 0.5123029947
vt 0.01355099957 0.5123270154
vt 0.2987500131 0.5123419762
vt 0.6349459887 0.5123909712
vt 0.375131011 0.5124400258
vt 0.3931309879 0.5124409795
vt 0.2803750038 0.5124499798
vt 0.3692570031 0.5124710202
vt 0.2961480021 0.5124790072
vt 0.2936280072 0.5124869943
vt 0.3809689879 0.5124869943
vt 0.3275310099 0.5125629902
vt 0.2776910067 0.5126039982
vt 0.2312020063 0.5126370192
vt 0.2263299972 0.5127050281
vt 0.3638809919 0.512748003
vt 0.005991999991 0.512831986
vt 0.2679669857 0.5128560066
vt 0.2749870121 0.5128639936
vt 0.6556879878 0.512920022
vt 0.2360229939 0.5130109787
vt 0.2765299976 0.513011992
vt 0.486669004 0.5130230188
vt 0.2815670073 0.5130280256
vt 0.3077250123 0.5131570101
vt 0.2844629884 0.513158977
vt 0.2216890007 0.5132120252
vt 0.0006159999757 0.5132369995
vt 0.6694110036 0.5132399797
vt 0.3298240006 0.5132709742
vt 0.2798379958 0.5132799745
vt 0.2733849883 0.5133929849
vt 0.4001030028 0.5134230256
vt 0.2405599952 0.5134339929
vt 0.6771330237 0.5134369731
vt 0.4401850104 0.5134680271
vt 0.2724429965 0.5134940147
vt 0.2548649907 0.5135080218
vt 0.3593379855 0.5136370063
vt 0.245085001 0.5136970282
vt 0.2657929957 0.5137879848
vt 0.2175139934 0.5138880014
vt 0.2786720097 0.5139600039
vt 0.3328399956 0.5140020251
vt 0.2827270031 0.5140249729
vt 0.2808859944 0.5142480135
vt 0.2502659857 0.5142610073
vt 0.275007993 0.5142800212
vt 0.1626060009 0.5142830014
vt 0.4702380002 0.5143380165
vt 0.1736360043 0.5143539906
vt 0.2769989967 0.5144439936
vt 0.1495359987 0.5146359801
vt 0.3054780066 0.5146669745
vt 0.272175014 0.5147119761
vt 0.2135320008 0.5147179961
vt 0.2631219923 0.5147500038
vt 0.4158599973 0.5147600174
vt 0.3364549875 0.5147979856
vt 0.448751986 0.5148829818
vt 0.1823540032 0.5149509907
vt 0.2021079957 0.5150840282
vt 0.2856639922 0.515124023
vt 0.2796249986 0.5151900053
vt 0.1362580061 0.515214026
vt 0.4582940042 0.5153080225
vt 0.2746529877 0.5153419971
vt 0.2818360031 0.5154619813
vt 0.3396449983 0.5154929757
vt 0.1912209988 0.5155029893
vt 0.2715190053 0.5156229734
vt 0.2839590013 0.515666008
vt 0.1243330017 0.5156869888
vt 0.2602539957 0.5157049894
vt 0.355648011 0.5157849789
vt 0.2775839865 0.5158179998
vt 0.3517920077 0.5159119964
vt 0.1129160002 0.5160369873
vt 0.2093960047 0.5160869956
vt 0.3033860028 0.5163440108
vt 0.3422619998 0.5164080262
vt 0.1007170007 0.5164520144
vt 0.2804369926 0.5164610147
vt 0.2576699853 0.5165510178
vt 0.3931080103 0.5165910125
vt 0.2700999975 0.5165989995
vt 0.2750909925 0.5166640282
vt 0.3871830106 0.5167059898
vt 0.4072709978 0.5167390108
vt 0.2882950008 0.5167710185
vt 0.314586997 0.5168420076
vt 0.3159460127 0.5168629885
vt 0.3129610121 0.5168870091
vt 0.2283110023 0.5168960094
vt 0.2555879951 0.5169609785
vt 0.2331019938 0.5169860125
vt 0.2782059908 0.5170440078
vt 0.08689700067 0.5170890093
vt 0.3109230101 0.5170940161
vt 0.3694930077 0.5171419978
vt 0.3753370047 0.5171509981
vt 0.3812330067 0.5171520114
vt 0.2824130058 0.5172439814
vt 0.3234879971 0.5172489882
vt 0.364286989 0.5172749758
vt 0.2235720009 0.5172899961
vt 0.3991380036 0.5174289942
vt 0.237823993 0.5174430013
vt 0.3447110057 0.517565012
vt 0.2680329978 0.5176979899
vt 0.219096005 0.5177010298
vt 0.301335007 0.5177609921
vt 0.242355004 0.5177869797
vt 0.2466789931 0.5178340077
vt 0.2747389972 0.5178959966
vt 0.2505460083 0.5179219842
vt 0.30913499 0.5179439783
vt 0.3251389861 0.5179499984
vt 0.2535940111 0.5179880261
vt 0.3599979877 0.5180119872
vt 0.07160899788 0.518015027
vt 0.280667007 0.5181540251
vt 0.2151300013 0.5183929801
vt 0.2781290114 0.5185310245
vt 0.2991890013 0.5187709928
vt 0.2047809958 0.5187919736
vt 0.2654330134 0.5188120008
vt 0.2845239937 0.5188459754
vt 0.4230529964 0.5188729763
vt 0.3263489902 0.5190809965
vt 0.3469620049 0.519200027
vt 0.05583300069 0.519250989
vt 0.2733539939 0.5192750096
vt 0.3528510034 0.5193939805
vt 0.3075140119 0.5194330215
vt 0.2964940071 0.5195140243
vt 0.2113409936 0.5196509957
vt 0.356501013 0.5197169781
vt 0.2625440061 0.5197209716
vt 0.2821249962 0.5197950006
vt 0.3281930089 0.520144999
vt 0.2926850021 0.5201629996
vt 0.2596890032 0.5202519894
vt 0.256734997 0.5202810168
vt 0.2769719958 0.5203570127
vt 0.2799020112 0.5203649998
vt 0.1965029985 0.5203830004
vt 0.3307569921 0.5206109881
vt 0.2710770071 0.5207780004
vt 0.3983460069 0.520810008
vt 0.3336780071 0.5208420157
vt 0.2873649895 0.5209220052
vt 0.04018399864 0.5209339857
vt 0.3362309933 0.521148026
vt 0.305866003 0.5211780071
vt 0.2551259995 0.5213429928
vt 0.2207230031 0.5215029716
vt 0.4053409994 0.5215049982
vt 0.3940890133 0.5215079784
vt 0.3487049937 0.5215460062
vt 0.3166640103 0.521551013
vt 0.3152840137 0.5215659738
vt 0.2525939941 0.5217810273
vt 0.2167550027 0.5218089819
vt 0.3138520122 0.521815002
vt 0.3382959962 0.5218300223
vt 0.231460005 0.5218330026
vt 0.4140030146 0.5218499899
vt 0.2360650003 0.5219449997
vt 0.2074149996 0.5219569802
vt 0.2491910011 0.5221589804
vt 0.2682409883 0.5221700072
vt 0.3122639954 0.5222020149
vt 0.2407059968 0.522225976
vt 0.3647069931 0.5222579837
vt 0.3538950086 0.5223379731
vt 0.245156005 0.5223389864
vt 0.2746450007 0.5223879814
vt 0.5365359783 0.5224279761
vt 0.2265090048 0.522487998
vt 0.3882640004 0.522495985
vt 0.3226340115 0.5225179791
vt 0.5730010271 0.5226380229
vt 0.3697870076 0.5226439834
vt 0.3042429984 0.5226460099
vt 0.2803780138 0.5226740241
vt 0.3611359894 0.5227630138
vt 0.2778089941 0.5228279829
vt 0.2828739882 0.5228279829
vt 0.2133159935 0.5228469968
vt 0.6074290276 0.5229660273
vt 0.1628320068 0.522973001
vt 0.3757610023 0.5229859948
vt 0.3107460141 0.5230079889
vt 0.1737110019 0.5231130123
vt 0.381953001 0.5231570005
vt 0.2651759982 0.5232110023
vt 0.02523100004 0.5232650042
vt 0.4304260015 0.5232650042
vt 0.3238790035 0.5233020186
vt 0.340429008 0.5233510137
vt 0.1494690031 0.5234180093
vt 0.2002580017 0.5234590173
vt 0.3502239883 0.5237110257
vt 0.2623479962 0.5238130093
vt 0.3024640083 0.5239049792
vt 0.1817290038 0.5239419937
vt 0.634468019 0.5240539908
vt 0.5076509714 0.524089992
vt 0.1363440007 0.5241119862
vt 0.3577960134 0.5241919756
vt 0.2714630067 0.5242199898
vt 0.2600989938 0.5242440104
vt 0.3094590008 0.5242729783
vt 0.2858290076 0.524518013
vt 0.3246490061 0.5245760083
vt 0.01470500045 0.5246430039
vt 0.2912830114 0.5246480107
vt 0.2099110037 0.5247089863
vt 0.1246249974 0.5247200131
vt 0.221717 0.5248200297
vt 0.2584309876 0.524872005
vt 0.2182279974 0.5249429941
vt 0.2745299935 0.525053978
vt 0.3426750004 0.5251150131
vt 0.6552900076 0.5251150131
vt 0.1134459972 0.5251960158
vt 0.3004840016 0.525225997
vt 0.2772090137 0.5252379775
vt 0.1880320013 0.5253099799
vt 0.4022839963 0.5254690051
vt 0.2681030035 0.5255069733
vt 0.3517259955 0.5255169868
vt 0.007261000108 0.5255740285
vt 0.2799519897 0.5256320238
vt 0.3255990148 0.5256419778
vt 0.256415993 0.525676012
vt 0.3549050093 0.5256950259
vt 0.6689599752 0.5257539749
vt 0.3082149923 0.5257660151
vt 0.2151760012 0.5257850289
vt 0.2034730017 0.5257999897
vt 0.1014479995 0.5258269906
vt 0.3174900115 0.5259349942
vt 0.225940004 0.5259720087
vt 0.316128999 0.526023984
vt 0.3272579908 0.526023984
vt 0.6766359806 0.5260990262
vt 0.48605299 0.5261309743
vt 0.3292300105 0.5261589885
vt 0.2654260099 0.5262380242
vt 0.002003999893 0.5262910128
vt 0.2533859909 0.5264189839
vt 0.3310689926 0.5264390111
vt 0.3150529861 0.5264760256
vt 0.2708129883 0.5266010165
vt 0.08780200034 0.5267680287
vt 0.3448710144 0.526778996
vt 0.2640269995 0.5268589854
vt 0.3529489934 0.526910007
vt 0.2982909977 0.5269209743
vt 0.2494550049 0.526925981
vt 0.3139899969 0.5269569755
vt 0.3070310056 0.5270169973
vt 0.2730000019 0.5270950198
vt 0.3328239918 0.5270990133
vt 0.2450029999 0.5271549821
vt 0.2404039949 0.5271810293
vt 0.2680479884 0.5272240043
vt 0.2121900022 0.5272369981
vt 0.2360329926 0.5272439718
vt 0.4382660091 0.5272849798
vt 0.3212549984 0.52729702
vt 0.2833299935 0.5273659825
vt 0.2223459929 0.5274580121
vt 0.1929720044 0.5275620222
vt 0.3128409982 0.5275930166
vt 0.2194000036 0.5276460052
vt 0.2633930147 0.5276859999
vt 0.2325319946 0.527764976
vt 0.2684369981 0.5277860165
vt 0.2755140066 0.5277889967
vt 0.2897430062 0.5278499722
vt 0.2063930035 0.5278580189
vt 0.3222759962 0.5279530287
vt 0.3637750149 0.5280010104
vt 0.0727699995 0.5280879736
vt 0.3470849991 0.5282469988
vt 0.225692004 0.5282480121
vt 0.420599997 0.5282580256
vt 0.305633992 0.5283489823
vt 0.216760993 0.5283510089
vt 0.4112100005 0.5284460187
vt 0.3349890113 0.5285180211
vt 0.3117679954 0.5285710096
vt 0.3971520066 0.5285750031
vt 0.46914801 0.5286340117
vt 0.2695440054 0.5287809968
vt 0.3227860034 0.5288029909
vt 0.2623429894 0.5289239883
vt 0.2305350006 0.529073
vt 0.318599999 0.529178977
vt 0.2965070009 0.5291969776
vt 0.3698520064 0.5293260217
vt 0.3494339883 0.5294110179
vt 0.2140409946 0.5294370055
vt 0.3589619994 0.5294589996
vt 0.222807005 0.5295140147
vt 0.2793090045 0.5295770168
vt 0.3174139857 0.5295799971
vt 0.1967819929 0.5295820236
vt 0.3233200014 0.5296670198
vt 0.3108359873 0.5296869874
vt 0.2203039974 0.5297690034
vt 0.2089450061 0.5297819972
vt 0.3042579889 0.5298140049
vt 0.05729199946 0.5298240185
vt 0.3166869879 0.5299209952
vt 0.3552219868 0.5300019979
vt 0.225541994 0.5300149918
vt 0.3520630002 0.5300809741
vt 0.3376030028 0.530098021
vt 0.4468100071 0.5301030278
vt 0.3241020143 0.5301510096
vt 0.2594529986 0.5302010179
vt 0.3160490096 0.5302950144
vt 0.218058005 0.5303450227
vt 0.3198420107 0.5303909779
vt 0.3207190037 0.5304530263
vt 0.3251020014 0.5304549932
vt 0.2293560058 0.5304759741
vt 0.2875750065 0.5304870009
vt 0.3097369969 0.5305349827
vt 0.3761740029 0.530583024
vt 0.4566580057 0.5306940079
vt 0.3152660131 0.5307270288
vt 0.3261969984 0.5308809876
vt 0.3905499876 0.5309600234
vt 0.2154639959 0.531069994
vt 0.1999650002 0.5310800076
vt 0.2233619988 0.5312240124
vt 0.2718409896 0.5312629938
vt 0.2553319931 0.5312740207
vt 0.2108339965 0.5313280225
vt 0.3209170103 0.5313500166
vt 0.3214200139 0.5313500166
vt 0.3144299984 0.5314469934
vt 0.3028639853 0.5314559937
vt 0.3404229879 0.5314970016
vt 0.2210869938 0.5315099955
vt 0.2255800068 0.5315279961
vt 0.3196560144 0.5315579772
vt 0.2949889898 0.5315600038
vt 0.3275580108 0.5316759944
vt 0.2284979969 0.5317130089
vt 0.3088000119 0.5317389965
vt 0.1628389955 0.5317410231
vt 0.2191500068 0.5317440033
vt 0.3189510107 0.5318019986
vt 0.3215650022 0.5318499804
vt 0.1732950062 0.5318509936
vt 0.3831999898 0.5319010019
vt 0.3204630017 0.531908989
vt 0.2507320046 0.5320289731
vt 0.3184399903 0.5320320129
vt 0.3200440109 0.5320450068
vt 0.0419039987 0.5320490003
vt 0.2164950073 0.5321180224
vt 0.3203420043 0.5322489738
vt 0.1495929956 0.5322669744
vt 0.2204460055 0.5322870016
vt 0.3177619874 0.5323309898
vt 0.3217540085 0.5323320031
vt 0.2027550042 0.5323640108
vt 0.3199310005 0.5324310064
vt 0.2123170048 0.5324959755
vt 0.2460989952 0.5325070024
vt 0.3116930127 0.5326349735
vt 0.3434199989 0.5326679945
vt 0.3202620149 0.532679975
vt 0.2278610021 0.5327600241
vt 0.2843700051 0.5327680111
vt 0.3295789957 0.5327820182
vt 0.1804710031 0.5327849984
vt 0.2416500002 0.5328059793
vt 0.3222250044 0.5328220129
vt 0.2191680074 0.53283602
vt 0.3196240067 0.5328729749
vt 0.3135440052 0.5328750014
vt 0.3170889914 0.5328789949
vt 0.2172580063 0.533024013
vt 0.2244260013 0.5330680013
vt 0.2379309982 0.5331280231
vt 0.2227260023 0.5331299901
vt 0.2199420035 0.5331400037
vt 0.1367090046 0.5331439972
vt 0.3079099953 0.5331910253
vt 0.5727120042 0.5332049727
vt 0.2261720002 0.5332159996
vt 0.3202899992 0.5332829952
vt 0.2134920061 0.5333030224
vt 0.301613003 0.5333089828
vt 0.3229449987 0.5333319902
vt 0.2215649933 0.533411026
vt 0.3192130029 0.5334280133
vt 0.5365279913 0.5334950089
vt 0.2275889963 0.5336269736
vt 0.2352699935 0.5336269736
vt 0.2672150135 0.5336319804
vt 0.3466480076 0.5336530209
vt 0.205291003 0.5336710215
vt 0.6069430113 0.5338069797
vt 0.2931120098 0.5338270068
vt 0.1252059937 0.5339440107
vt 0.3115360141 0.5339760184
vt 0.3166620135 0.5339760184
vt 0.3205440044 0.5340319872
vt 0.3238550127 0.5340530276
vt 0.3323560059 0.5340740085
vt 0.2209829986 0.5341410041
vt 0.1860190034 0.5341579914
vt 0.3189150095 0.5341749787
vt 0.2146050036 0.5342140198
vt 0.2333689928 0.5342550278
vt 0.4071500003 0.534259975
vt 0.2190569937 0.534273982
vt 0.2195390016 0.5343850255
vt 0.2069990039 0.5343980193
vt 0.3502410054 0.5343999863
vt 0.2176360041 0.5345829725
vt 0.1142999977 0.5346249938
vt 0.3070560098 0.5347570181
vt 0.3542689979 0.5348669887
vt 0.2800669968 0.5349100232
vt 0.3211680055 0.5349119902
vt 0.2318720073 0.5349299908
vt 0.0269820001 0.5350030065
vt 0.3140020072 0.5350710154
vt 0.2085119933 0.5350959897
vt 0.3253569901 0.5351179838
vt 0.218588993 0.5351700187
vt 0.3586649895 0.5351849794
vt 0.2204439938 0.5351970196
vt 0.4273410141 0.5352119803
vt 0.3190149963 0.5352569818
vt 0.3004559875 0.5352640152
vt 0.2189480066 0.5353429914
vt 0.3356890082 0.5353429914
vt 0.2625179887 0.5353559852
vt 0.3165419996 0.5353829861
vt 0.634164989 0.5354459882
vt 0.3111779988 0.5354819894
vt 0.2305649966 0.5354859829
vt 0.1025469974 0.5354949832
vt 0.1904779971 0.5355529785
vt 0.2098429948 0.535574019
vt 0.2152259946 0.5357360244
vt 0.2172169983 0.5357630253
vt 0.3635030091 0.5357909799
vt 0.2293380052 0.5358390212
vt 0.224793002 0.5358769894
vt 0.2263880074 0.5358849764
vt 0.2279359996 0.5358960032
vt 0.2233940065 0.5360370278
vt 0.2905179858 0.5360599756
vt 0.2194329947 0.536108017
vt 0.3224439919 0.5361250043
vt 0.5074269772 0.5362610221
vt 0.2113270015 0.5363429785
vt 0.3394820094 0.5365149975
vt 0.306344986 0.5365359783
vt 0.3279330134 0.5365689993
vt 0.2226099968 0.5365880132
vt 0.1940550059 0.5367130041
vt 0.3141059875 0.5367190242
vt 0.08912400156 0.5367500186
vt 0.3197869956 0.5367500186
vt 0.2574099898 0.536789
vt 0.2145040035 0.5368040204
vt 0.01659799926 0.5368469954
vt 0.3169459999 0.536996007
vt 0.6548420191 0.5370410085
vt 0.3108620048 0.5370770097
vt 0.2754290104 0.5371549726
vt 0.2989709973 0.5372390151
vt 0.3690710068 0.5372409821
vt 0.4169439971 0.5372970104
vt 0.343580991 0.5375620127
vt 0.1970459968 0.5375760198
vt 0.2215500027 0.5376430154
vt 0.2120389938 0.5376639962
vt 0.3245489895 0.5378659964
vt 0.2524160147 0.5378869772
vt 0.3314029872 0.5380889773
vt 0.6685180068 0.5380889773
vt 0.009297999553 0.5381439924
vt 0.1996210068 0.5382909775
vt 0.2871980071 0.5383470058
vt 0.2203049958 0.5383859873
vt 0.3142949939 0.5383930206
vt 0.3056769967 0.5384200215
vt 0.07441899925 0.5384449959
vt 0.3478550017 0.5384989977
vt 0.3211730123 0.5385689735
vt 0.6761379838 0.5386350155
vt 0.2477599978 0.5386819839
vt 0.211668998 0.5387380123
vt 0.3176870048 0.53877002
vt 0.2017119974 0.5388299823
vt 0.3106409907 0.5388839841
vt 0.2032320052 0.5390949845
vt 0.4014349878 0.5391200185
vt 0.00415199995 0.5391219854
vt 0.2436479926 0.5392029881
vt 0.2705140114 0.5393289924
vt 0.2969169915 0.5393519998
vt 0.2047560066 0.5393589735
vt 0.4852220118 0.5394150019
vt 0.3522010148 0.5394459963
vt 0.2403170019 0.5394899845
vt 0.206121996 0.5394999981
vt 0.3357650042 0.5396149755
vt 0.237785995 0.5396869779
vt 0.2357359976 0.5398899913
vt 0.2078550011 0.5398920178
vt 0.3274340034 0.5399090052
vt 0.2339379936 0.5400509834
vt 0.2256010026 0.5401139855
vt 0.2323240042 0.5401319861
vt 0.2273149937 0.5401369929
vt 0.3754970133 0.5401560068
vt 0.230775997 0.5401610136
vt 0.2291209996 0.5401740074
vt 0.3146019876 0.5402569771
vt 0.3046520054 0.5403109789
vt 0.2243109941 0.5404160023
vt 0.05927800015 0.5406649709
vt 0.3566319942 0.5406759977
vt 0.3229880035 0.5407019854
vt 0.2832919955 0.5407310128
vt 0.1627770066 0.5407570004
vt 0.3186579943 0.5407699943
vt 0.3104090095 0.5407770276
vt 0.2089630067 0.5408329964
vt 0.1725009978 0.5408419967
vt 0.3407169878 0.5408530235
vt 0.2229360044 0.5412740111
vt 0.1501030028 0.5413759947
vt 0.2650890052 0.5413950086
vt 0.4347139895 0.5416510105
vt 0.2090719938 0.541696012
vt 0.2942610085 0.5417100191
vt 0.179008007 0.5418720245
vt 0.3452750146 0.5419729948
vt 0.220878005 0.5422090292
vt 0.3149130046 0.5422639847
vt 0.3031449914 0.5424159765
vt 0.3611780107 0.5425119996
vt 0.1375360042 0.5425360203
vt 0.3098779917 0.5427020192
vt 0.3317449987 0.5427020192
vt 0.3196389973 0.5429970026
vt 0.3937039971 0.5430579782
vt 0.1842399985 0.543070972
vt 0.4673129916 0.5431169868
vt 0.3249329925 0.5432180166
vt 0.2594830096 0.5432580113
vt 0.2787550092 0.5432950258
vt 0.3493750095 0.5433650017
vt 0.04416099936 0.5434759855
vt 0.1262499988 0.5436000228
vt 0.338481009 0.5438349843
vt 0.5732420087 0.5438849926
vt 0.1885659993 0.5439670086
vt 0.2910070121 0.544351995
vt 0.3149439991 0.5443760157
vt 0.1920749992 0.5444809794
vt 0.115594998 0.5445110202
vt 0.2034199983 0.5447289944
vt 0.2052939981 0.5447589755
vt 0.607123971 0.5447769761
vt 0.2020500004 0.544794023
vt 0.1950269938 0.54479599
vt 0.2542319894 0.5448049903
vt 0.3428390026 0.5448169708
vt 0.3011319935 0.5448709726
vt 0.200733006 0.5448949933
vt 0.3088989854 0.5449169874
vt 0.197499007 0.5449879766
vt 0.1993249953 0.5449990034
vt 0.2067299932 0.5451930165
vt 0.5370270014 0.545198977
vt 0.2263039947 0.545329988
vt 0.3532100022 0.5453529954
vt 0.2277510017 0.5453609824
vt 0.3202579916 0.5454630256
vt 0.3659479916 0.5455470085
vt 0.2072020024 0.5456439853
vt 0.4118449986 0.5456519723
vt 0.2298029959 0.5456619859
vt 0.1040429994 0.5457130075
vt 0.2249449939 0.5457490087
vt 0.2495120019 0.5459550023
vt 0.231990993 0.5459610224
vt 0.2734569907 0.5459799767
vt 0.4432579875 0.546085
vt 0.3260639906 0.5460900068
vt 0.2338649929 0.5461850166
vt 0.2355320007 0.5463929772
vt 0.3321349919 0.5464209914
vt 0.346103996 0.5464500189
vt 0.2373449951 0.5465769768
vt 0.2229579985 0.5465779901
vt 0.2454210073 0.546611011
vt 0.3376280069 0.5466229916
vt 0.3411140144 0.5466660261
vt 0.4537509978 0.5466840267
vt 0.2394820005 0.5467190146
vt 0.6341069937 0.5467690229
vt 0.2420829982 0.5467780232
vt 0.3144870102 0.5468630195
vt 0.3838799894 0.5468850136
vt 0.02940900065 0.5469840169
vt 0.4225269854 0.5472819805
vt 0.0909890011 0.5473290086
vt 0.2871330082 0.5473290086
vt 0.3074060082 0.547590971
vt 0.298518002 0.5477749705
vt 0.3568969965 0.5482299924
vt 0.3203240037 0.548304975
vt 0.3424620032 0.5484920144
vt 0.2673670053 0.5486800075
vt 0.6545159817 0.548822999
vt 0.3490009904 0.5489789844
vt 0.01931799948 0.5492269993
vt 0.3264459968 0.5492420197
vt 0.07669399679 0.5494279861
vt 0.3379859924 0.5494509935
vt 0.5065889955 0.5496389866
vt 0.3325130045 0.5496519804
vt 0.3134549856 0.5498560071
vt 0.204282999 0.5501859784
vt 0.2057009935 0.550229013
vt 0.2063090056 0.550252974
vt 0.6679729819 0.5502730012
vt 0.1714970022 0.5502849817
vt 0.1624179929 0.5503230095
vt 0.2022960037 0.5503299832
vt 0.2010239959 0.5506129861
vt 0.2823370099 0.5506520271
vt 0.3709630072 0.5507739782
vt 0.3053370118 0.5507959723
vt 0.01228199992 0.5508300066
vt 0.1997399926 0.5509880185
vt 0.6754360199 0.5510630012
vt 0.2610380054 0.5511199832
vt 0.2952950001 0.5512089729
vt 0.1506289989 0.551240027
vt 0.177741006 0.5513420105
vt 0.2261680067 0.5514429808
vt 0.3442179859 0.5514540076
vt 0.2274949998 0.5514799953
vt 0.1983499974 0.5515300035
vt 0.319799006 0.5516480207
vt 0.2240239978 0.5517029762
vt 0.2291190028 0.5518360138
vt 0.00732500013 0.5520190001
vt 0.06196900085 0.5521410108
vt 0.1965550035 0.5521489978
vt 0.1830299944 0.5523939729
vt 0.2314170003 0.5524870157
vt 0.3604040146 0.5524910092
vt 0.3516390026 0.5525259972
vt 0.1941770017 0.5526260138
vt 0.138549 0.552726984
vt 0.3388899863 0.5528370142
vt 0.3264299929 0.5528470278
vt 0.1875739992 0.5528540015
vt 0.191275999 0.5528590083
vt 0.2553029954 0.5530769825
vt 0.4050189853 0.5531319976
vt 0.2338259965 0.5532220006
vt 0.3329739869 0.5532799959
vt 0.4836359918 0.5533580184
vt 0.3118079901 0.5534179807
vt 0.2358099967 0.5538420081
vt 0.1276730001 0.5539680123
vt 0.2762709856 0.5541790128
vt 0.2375340015 0.5543500185
vt 0.2501069903 0.5544670224
vt 0.3025819957 0.5546119809
vt 0.2395229936 0.5547590256
vt 0.2063249946 0.5550670028
vt 0.5746219754 0.5550820231
vt 0.2421060055 0.5550959706
vt 0.2456350029 0.5551459789
vt 0.2911889851 0.5551990271
vt 0.117238 0.555200994
vt 0.3458710015 0.5554010272
vt 0.2057469934 0.5555009842
vt 0.3185560107 0.5555499792
vt 0.04724799842 0.5557219982
vt 0.2046310008 0.5559049845
vt 0.6077769995 0.5560129881
vt 0.2028110027 0.5563849807
vt 0.1060260013 0.5567340255
vt 0.2016029954 0.5569509864
vt 0.3397029936 0.5569999814
vt 0.3258560002 0.5570219755
vt 0.4287149906 0.5570250154
vt 0.2238380015 0.5570260286
vt 0.3538230062 0.5573750138
vt 0.2259950042 0.5574910045
vt 0.2690039873 0.5575079918
vt 0.3330909908 0.5575169921
vt 0.30943501 0.5576099753
vt 0.2004320025 0.5576660037
vt 0.53837502 0.5578799844
vt 0.2272190005 0.5579810143
vt 0.6342899799 0.558167994
vt 0.4645209908 0.5584660172
vt 0.1992460042 0.5585380197
vt 0.2288559973 0.5586979985
vt 0.09344899654 0.5587610006
vt 0.4157359898 0.5588279963
vt 0.3634409904 0.5588889718
vt 0.2989220023 0.5590770245
vt 0.285623014 0.5595279932
vt 0.1976519972 0.5595620275
vt 0.0327519998 0.5595790148
vt 0.2311200052 0.5597500205
vt 0.3960820138 0.5597749949
vt 0.2073629946 0.5598980188
vt 0.3164249957 0.5600849986
vt 0.374469012 0.5601459742
vt 0.26177001 0.5603039861
vt 0.3469069898 0.5604450107
vt 0.6542900205 0.5606070161
vt 0.1950529963 0.5606520176
vt 0.2069319934 0.5607529879
vt 0.1702950001 0.5609580278
vt 0.2334800065 0.5609750152
vt 0.1617549956 0.5611950159
vt 0.07973100245 0.5613170266
vt 0.191753 0.5615199804
vt 0.206092 0.5616149902
vt 0.1767310053 0.5617030263
vt 0.3241100013 0.5617790222
vt 0.3397299945 0.5620440245
vt 0.2354349941 0.5620549917
vt 0.02309099957 0.5620959997
vt 0.1875270009 0.5621650219
vt 0.1508969963 0.5622490048
vt 0.1824180037 0.5623369813
vt 0.2222280055 0.5623419881
vt 0.3059380054 0.5624049902
vt 0.2046709955 0.5624129772
vt 0.6673539877 0.5624189973
vt 0.3321500123 0.5624349713
vt 0.2550869882 0.5626050234
vt 0.2372509986 0.562943995
vt 0.2241020054 0.5632230043
vt 0.2037100047 0.5633209944
vt 0.674578011 0.5634359717
vt 0.2780770063 0.5635409951
vt 0.2396260053 0.56369102
vt 0.1396729946 0.5638380051
vt 0.3550539911 0.5638740063
vt 0.01650699973 0.563929975
vt 0.2937160134 0.5639439821
vt 0.2250760049 0.563996017
vt 0.4370949864 0.564135015
vt 0.2486069947 0.5642729998
vt 0.2431869954 0.5643069744
vt 0.449093014 0.5644239783
vt 0.2028030008 0.5644930005
vt 0.06556600332 0.5645670295
vt 0.2093400061 0.5646719933
vt 0.2266360074 0.5649600029
vt 0.3130480051 0.5651739836
vt 0.01178400032 0.565286994
vt 0.1294309944 0.5653049946
vt 0.201572001 0.5654640198
vt 0.2091560066 0.5657920241
vt 0.3856570125 0.5662440062
vt 0.2286929935 0.5663459897
vt 0.3466770053 0.5666800141
vt 0.1997919977 0.5667709708
vt 0.2085610032 0.5668129921
vt 0.1194169968 0.5668299794
vt 0.5768730044 0.5668929815
vt 0.2696210146 0.5669890046
vt 0.3208720088 0.5671169758
vt 0.3009389937 0.5675849915
vt 0.6087129712 0.5676259995
vt 0.2074519992 0.567677021
vt 0.2210420072 0.5677530169
vt 0.4803209901 0.5678269863
vt 0.3382839859 0.5679849982
vt 0.2308090031 0.5680159926
vt 0.3295730054 0.5680590272
vt 0.3644979894 0.5680630207
vt 0.1969020069 0.5681930184
vt 0.2866599858 0.5686680079
vt 0.2220209986 0.5687019825
vt 0.1086710021 0.5687100291
vt 0.5001450181 0.5688179731
vt 0.2066230029 0.5688380003
vt 0.4069019854 0.568885982
vt 0.05132099986 0.5690249801
vt 0.2123550028 0.5693640113
vt 0.1930830032 0.5695340037
vt 0.2326200008 0.5695719719
vt 0.2226510048 0.5695940256
vt 0.6345800161 0.5698990226
vt 0.2058289945 0.5702710152
vt 0.2124149948 0.5703470111
vt 0.542855978 0.570456028
vt 0.2614029944 0.5705010295
vt 0.2236939967 0.5705469847
vt 0.3082590103 0.5705879927
vt 0.1884250045 0.570818007
vt 0.2345879972 0.5709810257
vt 0.09672400355 0.5711339712
vt 0.2119130045 0.5711749792
vt 0.2045210004 0.5714100003
vt 0.1828750074 0.5717999935
vt 0.2108159959 0.5719709992
vt 0.2188829929 0.5720160007
vt 0.2254700065 0.5720160007
vt 0.169885993 0.5720210075
vt 0.3544400036 0.5721369982
vt 0.1766040027 0.5722140074
vt 0.2375520021 0.5722780228
vt 0.1617960036 0.5723770261
vt 0.2189529985 0.5724850297
vt 0.6540650129 0.5726389885
vt 0.2944189906 0.5727480054
vt 0.2782630026 0.5728610158
vt 0.419137001 0.5728949904
vt 0.216264993 0.5729150176
vt 0.3162750006 0.5729209781
vt 0.2023030072 0.5729669929
vt 0.03734600171 0.5730599761
vt 0.2097489983 0.5731549859
vt 0.2195490003 0.5734450221
vt 0.2424509972 0.5735769868
vt 0.151749 0.5735909939
vt 0.2271769941 0.5738210082
vt 0.3743570149 0.5738689899
vt 0.2167620063 0.5740860105
vt 0.08375000209 0.5740889907
vt 0.344716996 0.574096024
vt 0.3254100084 0.5743730068
vt 0.215121001 0.5745350122
vt 0.199199006 0.5745720267
vt 0.2086610049 0.5745850205
vt 0.6665840149 0.5747389793
vt 0.2205419987 0.5747460127
vt 0.335108012 0.5747849941
vt 0.460691005 0.5752000213
vt 0.2138299942 0.5753369927
vt 0.1414570063 0.5753409863
vt 0.2517800033 0.5753520131
vt 0.2287990004 0.5756859779
vt 0.2179470062 0.5757049918
vt 0.02836599946 0.5757110119
vt 0.2071020007 0.575873971
vt 0.6733909845 0.5758929849
vt 0.3021459877 0.5760859847
vt 0.2219859958 0.576102972
vt 0.1952320039 0.5762230158
vt 0.2123299986 0.5765150189
vt 0.2167049944 0.5766170025
vt 0.396063 0.5769850016
vt 0.131892994 0.5771080256
vt 0.2695719898 0.577244997
vt 0.2046599984 0.5775740147
vt 0.2866210043 0.5775970221
vt 0.2309280038 0.5776060224
vt 0.02226199955 0.5777170062
vt 0.210691005 0.5777459741
vt 0.2152570039 0.577763021
vt 0.07038400322 0.5778160095
vt 0.2184240073 0.5779830217
vt 0.2234330028 0.5779889822
vt 0.1904470026 0.578034997
vt 0.2198159993 0.5787069798
vt 0.2167930007 0.5788760185
vt 0.3103950024 0.5788789988
vt 0.1224120036 0.5789690018
vt 0.2135410011 0.5790640116
vt 0.208859995 0.5791040063
vt 0.3627679944 0.5791079998
vt 0.0178999994 0.5791860223
vt 0.5792080164 0.5792239904
vt 0.2014479935 0.579441011
vt 0.4780960083 0.5794720054
vt 0.2342399955 0.5795810223
vt 0.1847240031 0.5797179937
vt 0.6096360087 0.5798400044
vt 0.2185820043 0.5799540281
vt 0.2153570056 0.579975009
vt 0.2248899937 0.5801560283
vt 0.211830005 0.5802440047
vt 0.217573002 0.5807129741
vt 0.2207700014 0.5807520151
vt 0.2064049989 0.5808669925
vt 0.1781769991 0.5810170174
vt 0.3197000027 0.5810459852
vt 0.1122659966 0.5811830163
vt 0.2137580067 0.5813390017
vt 0.2947950065 0.581403017
vt 0.1975570023 0.5814399719
vt 0.3515659869 0.5814650059
vt 0.209909007 0.5815799832
vt 0.1711599976 0.5816630125
vt 0.2163249999 0.5816869736
vt 0.239241004 0.5818020105
vt 0.3300510049 0.5821490288
vt 0.5122650266 0.5822160244
vt 0.3407210112 0.5822470188
vt 0.6347129941 0.5822759867
vt 0.2188570052 0.5823799968
vt 0.2121510059 0.5824339986
vt 0.27818501 0.582521975
vt 0.1630849987 0.5826259851
vt 0.2270119935 0.5826619864
vt 0.2613109946 0.5827000141
vt 0.2149039954 0.5828750134
vt 0.2033520043 0.5830109715
vt 0.05697999895 0.5830630064
vt 0.3838649988 0.583082974
vt 0.2218340039 0.5832790136
vt 0.5470849872 0.5833929777
vt 0.2076579928 0.5834079981
vt 0.2105129957 0.5836089849
vt 0.2173410058 0.5836189985
vt 0.1929180026 0.5836939812
vt 0.2134049982 0.5839220285
vt 0.101098001 0.5839930177
vt 0.1537629962 0.5842450261
vt 0.2119420022 0.5846059918
vt 0.3033489883 0.5847409964
vt 0.2158830017 0.5848540068
vt 0.2461300045 0.5848990083
vt 0.2108310014 0.5849530101
vt 0.6535009742 0.58525002
vt 0.2194090039 0.5852569938
vt 0.208731994 0.5853589773
vt 0.1997389942 0.5853919983
vt 0.4422290027 0.585416019
vt 0.2301999927 0.5854679942
vt 0.4068149924 0.5855460167
vt 0.2050160021 0.5856919885
vt 0.2143280059 0.5859609842
vt 0.187338993 0.5860019922
vt 0.2234870046 0.5862410069
vt 0.1442849934 0.586278975
vt 0.2098370045 0.5865769982
vt 0.2127300054 0.5866990089
vt 0.2174649984 0.5868499875
vt 0.2867180109 0.5868769884
vt 0.2111829966 0.5869519711
vt 0.08909399807 0.5873960257
vt 0.04402999952 0.5875449777
vt 0.6653800011 0.5875689983
vt 0.3127470016 0.5875830054
vt 0.3713060021 0.5876809955
vt 0.206596002 0.5876870155
vt 0.180862993 0.5878959894
vt 0.2698380053 0.588045001
vt 0.1954219937 0.5880550146
vt 0.2156119943 0.5881800056
vt 0.2018730044 0.5883430243
vt 0.1353079975 0.5884180069
vt 0.2346999943 0.5884349942
vt 0.2204439938 0.5886269808
vt 0.6719070077 0.5888280272
vt 0.2082249969 0.5889999866
vt 0.2137250006 0.5891579986
vt 0.2538950145 0.5892410278
vt 0.1738010049 0.5894889832
vt 0.3233450055 0.5895850062
vt 0.2260320038 0.5896260142
vt 0.2099750042 0.5896340013
vt 0.211830005 0.5896630287
vt 0.4799410105 0.5898349881
vt 0.4239600003 0.5899479985
vt 0.3588469923 0.590200007
vt 0.217869997 0.5904600024
vt 0.03581500053 0.590462029
vt 0.2039680034 0.5904750228
vt 0.3348399997 0.5905590057
vt 0.1263629943 0.590659976
vt 0.2955049872 0.5906900167
vt 0.3467009962 0.5908489823
vt 0.1901870072 0.5908880234
vt 0.1659460068 0.5912420154
vt 0.1980209947 0.5913280249
vt 0.07685299963 0.5916079879
vt 0.2154500037 0.5918030143
vt 0.240474999 0.5918080211
vt 0.2061119974 0.5918830037
vt 0.2221529931 0.5924779773
vt 0.5810049772 0.5925340056
vt 0.03034199961 0.5925790071
vt 0.2130589932 0.5926179886
vt 0.2083549947 0.5926640034
vt 0.2783629894 0.5928099751
vt 0.6102510095 0.5928869843
vt 0.2106820047 0.5929009914
vt 0.4566890001 0.5932450294
vt 0.1168830022 0.5932840109
vt 0.2297320068 0.5932909846
vt 0.1840550005 0.5933719873
vt 0.1573529989 0.5934330225
vt 0.2006739974 0.593675971
vt 0.3935790062 0.5937709808
vt 0.3049519956 0.5940510035
vt 0.02639699914 0.5941159725
vt 0.2616629899 0.5941159725
vt 0.2186889946 0.59454602
vt 0.1933079958 0.5945919752
vt 0.203373 0.5951610208
vt 0.6344329715 0.5954449773
vt 0.1774909943 0.5957440138
vt 0.2470130026 0.5958150029
vt 0.2154819965 0.5958679914
vt 0.1485099941 0.5959290266
vt 0.5182769895 0.5959579945
vt 0.2062209994 0.5960190296
vt 0.2092339993 0.5964509845
vt 0.2123489976 0.5964580178
vt 0.1066479981 0.5965049863
vt 0.2249229997 0.5967289805
vt 0.3155010045 0.5968980193
vt 0.2871899903 0.5970849991
vt 0.2346110046 0.5972679853
vt 0.1966210008 0.5972819924
vt 0.0646879971 0.5973460078
vt 0.5502120256 0.5976160169
vt 0.1879670024 0.5977389812
vt 0.1703860015 0.5981889963
vt 0.3798159957 0.59840101
vt 0.1400959939 0.598526001
vt 0.6522409916 0.5986909866
vt 0.2001110017 0.5989689827
vt 0.3272950053 0.5990099907
vt 0.2697930038 0.5990219712
vt 0.220502004 0.599192977
vt 0.2038100064 0.5999780297
vt 0.339982003 0.6003329754
vt 0.09585700184 0.6003500223
vt 0.2539879978 0.6004019976
vt 0.216335997 0.6006510258
vt 0.2078530043 0.6006940007
vt 0.3663490117 0.6007050276
vt 0.1822499931 0.6007490158
vt 0.2965950072 0.6008970141
vt 0.1625179946 0.6009830236
vt 0.3531199992 0.6010810137
vt 0.212124005 0.601082027
vt 0.1923169941 0.6011049747
vt 0.6633669734 0.6012349725
vt 0.1317269951 0.6012960076
vt 0.2288569957 0.6014639735
vt 0.2403350025 0.6016520262
vt 0.4857139885 0.6017270088
vt 0.0530509986 0.602545023
vt 0.6697440147 0.602651
vt 0.197025001 0.603497982
vt 0.278546989 0.6037139893
vt 0.1759690046 0.6037660241
vt 0.1543930024 0.6040549874
vt 0.4039239883 0.6042640209
vt 0.3069759905 0.6043509841
vt 0.1229209974 0.6044340134
vt 0.2234670073 0.6045410037
vt 0.1876379997 0.6047070026
vt 0.08502899855 0.6050130129
vt 0.2020789981 0.6052209735
vt 0.2615590096 0.6053749919
vt 0.04583900049 0.6057540178
vt 0.2183679938 0.6063789725
vt 0.2074909955 0.6064760089
vt 0.2466550022 0.6064760089
vt 0.233818993 0.6065109968
vt 0.6101999879 0.6066240072
vt 0.5824429989 0.6066380143
vt 0.2130540013 0.6069800258
vt 0.1690029949 0.6070970297
vt 0.1466349959 0.60720402
vt 0.3186559975 0.6074789762
vt 0.1936700046 0.6078569889
vt 0.04106200114 0.6079900265
vt 0.2878760099 0.6080250144
vt 0.1136149988 0.6081079841
vt 0.1824350059 0.6082820296
vt 0.4340130091 0.608717978
vt 0.6332479715 0.6094200015
vt 0.03766300157 0.6096230149
vt 0.3315449953 0.6100929976
vt 0.2275429964 0.6102020144
vt 0.2699890137 0.6103889942
vt 0.2003259957 0.6105309725
vt 0.1388770044 0.6105599999
vt 0.1618109941 0.610665977
vt 0.3885059953 0.6108760238
vt 0.07439599931 0.6110209823
vt 0.4545589983 0.6111620069
vt 0.2536740005 0.6116269827
vt 0.5224050283 0.6117519736
vt 0.2394649982 0.6118140221
vt 0.2980380058 0.6120479703
vt 0.1766110063 0.612120986
vt 0.1898490041 0.6121569872
vt 0.3453719914 0.6122310162
vt 0.1042329967 0.6123359799
vt 0.2213349938 0.6125289798
vt 0.2074699998 0.6125479937
vt 0.5534960032 0.6127709746
vt 0.6498600245 0.6131240129
vt 0.2146719992 0.6133180261
vt 0.3736129999 0.6134459972
vt 0.3593499959 0.6136299968
vt 0.1307699978 0.6142870188
vt 0.1547999978 0.6143559813
vt 0.2791419923 0.6151850224
vt 0.4912399948 0.6156460047
vt 0.1982699931 0.6157919765
vt 0.3093540072 0.6159480214
vt 0.6601780057 0.6159960032
vt 0.2323189974 0.6160709858
vt 0.1704650074 0.6161289811
vt 0.06465800107 0.6165990233
vt 0.185390994 0.6166719794
vt 0.2616530061 0.6169180274
vt 0.2458589971 0.6173830032
vt 0.09503799677 0.6173850298
vt 0.6664230227 0.6175990105
vt 0.4137159884 0.6181690097
vt 0.1477150023 0.6183419824
vt 0.1223810017 0.6184809804
vt 0.2074999958 0.6187670231
vt 0.2249159962 0.6189380288
vt 0.2891260087 0.6198260188
vt 0.3219980001 0.6198570132
vt 0.2166849971 0.6199340224
vt 0.05834399909 0.6201800108
vt 0.1642819941 0.6202489734
vt 0.5838209987 0.6207450032
vt 0.6086369753 0.621119976
vt 0.180351004 0.6212379932
vt 0.1956119984 0.6214050055
vt 0.2378139943 0.6222580075
vt 0.2706040144 0.6222929955
vt 0.05420099944 0.6226119995
vt 0.140358001 0.6227139831
vt 0.1143139973 0.6231080294
vt 0.2532480061 0.6232290268
vt 0.08613300323 0.6233100295
vt 0.335830003 0.6235079765
vt 0.0513169989 0.6243519783
vt 0.3000580072 0.6245020032
vt 0.6301069856 0.6245390177
vt 0.1579100043 0.6247550249
vt 0.3953729868 0.6250309944
vt 0.1748339981 0.6256859899
vt 0.207306996 0.6257050037
vt 0.2291100025 0.6257809997
vt 0.5598689914 0.6261559725
vt 0.4572919905 0.6262509823
vt 0.3502489924 0.62638098
vt 0.1917490065 0.62707901
vt 0.2190160006 0.6271719933
vt 0.1328479946 0.6274719834
vt 0.2805109918 0.6275929809
vt 0.3796989918 0.6281250119
vt 0.3648180068 0.6282100081
vt 0.1064950004 0.6283910275
vt 0.6457110047 0.6288269758
vt 0.07830700278 0.6288909912
vt 0.2443110049 0.628937006
vt 0.2619220018 0.6293510199
vt 0.3122160137 0.6295300126
vt 0.1513130069 0.6297140121
vt 0.1689530015 0.630415976
vt 0.495923996 0.6311150193
vt 0.5258820057 0.6313959956
vt 0.1858740002 0.6317340136
vt 0.6556029916 0.6321070194
vt 0.1257639974 0.6324949861
vt 0.07288999856 0.6328120232
vt 0.2913570106 0.6330239773
vt 0.2342520058 0.6333979964
vt 0.6617249846 0.6339430213
vt 0.5842379928 0.6339730024
vt 0.099150002 0.6342909932
vt 0.3255349994 0.6344450116
vt 0.1446239948 0.6349999905
vt 0.2061550021 0.635101974
vt 0.06930200011 0.6354860067
vt 0.2719990015 0.635488987
vt 0.1629270017 0.6355779767
vt 0.2221660018 0.6356059909
vt 0.4221520126 0.6358379722
vt 0.1795790046 0.6360179782
vt 0.2524160147 0.636251986
vt 0.6047970057 0.6363310218
vt 0.06689999998 0.6373019814
vt 0.5681430101 0.6374750137
vt 0.1190150008 0.6380439997
vt 0.3394730091 0.6385909915
vt 0.3031780124 0.6388829947
vt 0.1953790039 0.6393169761
vt 0.5419390202 0.6394280195
vt 0.09295599908 0.6397709846
vt 0.4014090002 0.6400309801
vt 0.1382890046 0.6404659748
vt 0.1737769991 0.6404910088
vt 0.4620440006 0.6405720115
vt 0.6245669723 0.6409350038
vt 0.1570010036 0.6411160231
vt 0.2834700048 0.6416540146
vt 0.3535990119 0.641906023
vt 0.2409929931 0.6420930028
vt 0.1871400028 0.6421179771
vt 0.2629899979 0.6437810063
vt 0.0885649994 0.6438530087
vt 0.1808840036 0.6438800097
vt 0.1129050031 0.6440219879
vt 0.3671270013 0.6441419721
vt 0.3157620132 0.644611001
vt 0.5806130171 0.6450650096
vt 0.2270150036 0.6452180147
vt 0.6399899721 0.6458179951
vt 0.1689399928 0.6458770037
vt 0.1322820038 0.6463800073
vt 0.08575700223 0.6467149854
vt 0.2127240002 0.6467859745
vt 0.3802520037 0.6469429731
vt 0.1512649953 0.6470209956
vt 0.4990890026 0.6470919847
vt 0.2956320047 0.6478369832
vt 0.5562540293 0.6483110189
vt 0.2004140019 0.6484259963
vt 0.0840620026 0.6485530138
vt 0.1795960069 0.6488090158
vt 0.6498159766 0.6493340135
vt 0.1896930039 0.6493499875
vt 0.1078730002 0.6494089961
vt 0.3287400007 0.6495879889
vt 0.276154995 0.6503970027
vt 0.5989469886 0.6511999965
vt 0.6556249857 0.651368022
vt 0.1640910059 0.6521840096
vt 0.4253939986 0.6522439718
vt 0.1268279999 0.6525530219
vt 0.2508380115 0.6530359983
vt 0.1456930041 0.6534699798
vt 0.1043860018 0.6535379887
vt 0.3415659964 0.6536989808
vt 0.3078059852 0.6537150145
vt 0.4671120048 0.6549959779
vt 0.231389001 0.6550369859
vt 0.1764180064 0.6556919813
vt 0.5132579803 0.6562560201
vt 0.102617003 0.6563839912
vt 0.2897590101 0.6566820145
vt 0.2157090008 0.656825006
vt 0.3531900048 0.6571099758
vt 0.573431015 0.6572999954
vt 0.6176890135 0.6574230194
vt 0.188548997 0.6576269865
vt 0.5294020176 0.6576960087
vt 0.1018550023 0.6581199765
vt 0.1222399995 0.6581289768
vt 0.2014160007 0.6581619978
vt 0.319754988 0.6588230133
vt 0.269829005 0.6591879725
vt 0.1589560062 0.659217
vt 0.4991829991 0.6596590281
vt 0.140448004 0.6602860093
vt 0.3619509935 0.6602860093
vt 0.389120996 0.6606699824
vt 0.3708660007 0.6617289782
vt 0.1191300005 0.6622459888
vt 0.3024890125 0.6627129912
vt 0.3308070004 0.6628599763
vt 0.6333619952 0.6630160213
vt 0.171893999 0.6633120179
vt 0.5466849804 0.6635710001
vt 0.2493599951 0.6638100147
vt 0.2327609956 0.6638849974
vt 0.1178909987 0.6646860242
vt 0.2852939963 0.6653820276
vt 0.5925729871 0.6656010151
vt 0.2170190066 0.6658369899
vt 0.4297820032 0.6659520268
vt 0.1171580032 0.6660820246
vt 0.1847019941 0.6663569808
vt 0.3402029872 0.6664639711
vt 0.1356530041 0.6666759849
vt 0.6435319781 0.6667640209
vt 0.3138709962 0.6668980122
vt 0.1538150012 0.6670240164
vt 0.2661019862 0.6672490239
vt 0.4728040099 0.6685929894
vt 0.6492000222 0.668956995
vt 0.1997410059 0.6692119837
vt 0.2488249987 0.6693019867
vt 0.2339590043 0.6696119905
vt 0.3232989907 0.6697049737
vt 0.3476609886 0.6703979969
vt 0.1316040009 0.6708620191
vt 0.1666949987 0.6711549759
vt 0.566519022 0.6718320251
vt 0.2200700045 0.6719909906
vt 0.2643370032 0.6721979976
vt 0.248901993 0.6723830104
vt 0.2815819979 0.6725580096
vt 0.3294129968 0.6726329923
vt 0.1295060068 0.6728280187
vt 0.2357230037 0.6729289889
vt 0.6111750007 0.6731259823
vt 0.2999120057 0.673502028
vt 0.3940449953 0.6736950278
vt 0.1284150034 0.6737750173
vt 0.1785340011 0.6742659807
vt 0.3542880118 0.6744930148
vt 0.2495490015 0.6746820211
vt 0.2379260063 0.6749560237
vt 0.2626880109 0.6750280261
vt 0.3116079867 0.6751599908
vt 0.3209680021 0.6752009988
vt 0.207081005 0.6755650043
vt 0.2238859981 0.6759300232
vt 0.2304800004 0.6764810085
vt 0.2498130053 0.6765239835
vt 0.238823995 0.6766269803
vt 0.2790180147 0.6767230034
vt 0.333930999 0.6772109866
vt 0.1495490074 0.6772329807
vt 0.2626079917 0.6772410274
vt 0.4819270074 0.6777409911
vt 0.1890780032 0.6778129935
vt 0.2477290034 0.678113997
vt 0.2391469926 0.678294003
vt 0.5176849961 0.6783890128
vt 0.4987579882 0.6786080003
vt 0.229479 0.6786109805
vt 0.2119760066 0.6786569953
vt 0.2941479981 0.6789799929
vt 0.2428600043 0.6791340113
vt 0.2225639969 0.6791700125
vt 0.2750340104 0.6791939735
vt 0.1628749967 0.6794040203
vt 0.4347960055 0.6794099808
vt 0.6272600293 0.6794909835
vt 0.2490310073 0.679971993
vt 0.231813997 0.6800820231
vt 0.361097008 0.6801559925
vt 0.2365249991 0.6801869869
vt 0.586714983 0.6802859902
vt 0.2647320032 0.6804130077
vt 0.1971410066 0.6806679964
vt 0.2425989956 0.6807940006
vt 0.2557510138 0.6809539795
vt 0.2150280029 0.6809780002
vt 0.2237219959 0.6810269952
vt 0.1411049962 0.6810330153
vt 0.2339880019 0.6811959743
vt 0.2469169945 0.6812559962
vt 0.3220289946 0.6813380122
vt 0.1729830056 0.6814039946
vt 0.5378350019 0.681482017
vt 0.251850009 0.6817910075
vt 0.2312069982 0.6818010211
vt 0.2033510059 0.6819130182
vt 0.2384639978 0.6819469929
vt 0.2428710014 0.6820200086
vt 0.2451470047 0.6820250154
vt 0.291471988 0.6820290089
vt 0.2761180103 0.6820909977
vt 0.2348739952 0.6821010113
vt 0.2496580034 0.6821990013
vt 0.1374460012 0.6823760271
vt 0.2258190066 0.6824960113
vt 0.2414990067 0.682717979
vt 0.2444310039 0.6827260256
vt 0.2428790033 0.6828370094
vt 0.1356399953 0.6828389764
vt 0.2471359968 0.6828460097
vt 0.2080039978 0.6829919815
vt 0.3370949924 0.6830520034
vt 0.2320310026 0.6831660271
vt 0.2422640026 0.6831799746
vt 0.2453020066 0.6834260225
vt 0.3120279908 0.6835619807
vt 0.2176149935 0.683604002
vt 0.638053 0.6836310029
vt 0.2881869972 0.6837189794
vt 0.2426979989 0.6837419868
vt 0.2671560049 0.6837610006
vt 0.2490929961 0.6837980151
vt 0.2439009994 0.6838240027
vt 0.236123994 0.6838780046
vt 0.2419860065 0.6838889718
vt 0.2474229932 0.6839010119
vt 0.2274159938 0.6839900017
vt 0.2521429956 0.6840199828
vt 0.255975008 0.6840909719
vt 0.2457049936 0.6843659878
vt 0.2771570086 0.6843820214
vt 0.211195007 0.6844699979
vt 0.1820310056 0.684484005
vt 0.243542999 0.6845009923
vt 0.2606639862 0.6846759915
vt 0.2725830078 0.6846809983
vt 0.3048290014 0.6846809983
vt 0.2407110035 0.6848199964
vt 0.2842800021 0.6850739717
vt 0.221706003 0.6851379871
vt 0.233446002 0.6852009892
vt 0.247537002 0.6852480173
vt 0.2015769929 0.6857079864
vt 0.2443729937 0.6858209968
vt 0.2504230142 0.6859319806
vt 0.1964440048 0.685953021
vt 0.2300200015 0.685954988
vt 0.6438670158 0.6859639883
vt 0.2055110037 0.6861090064
vt 0.1622530073 0.6862959862
vt 0.2830359936 0.6863859892
vt 0.2551209927 0.6864179969
vt 0.2690950036 0.6864299774
vt 0.211992994 0.6864500046
vt 0.2241380066 0.686627984
vt 0.3974319994 0.6866319776
vt 0.2158579975 0.6868500113
vt 0.3011069894 0.686966002
vt 0.2647489905 0.6869699955
vt 0.2737959921 0.6870200038
vt 0.2076729983 0.6871110201
vt 0.1892729998 0.6871759892
vt 0.2400600016 0.6872000098
vt 0.2463040054 0.6874139905
vt 0.5601469874 0.6877750158
vt 0.2582490146 0.6878060102
vt 0.279031992 0.6879709959
vt 0.2189909965 0.6880310178
vt 0.6060469747 0.6882529855
vt 0.1688529998 0.68829602
vt 0.3223910034 0.6883609891
vt 0.208069995 0.6885820031
vt 0.210611999 0.6886559725
vt 0.2268179953 0.6887130141
vt 0.2984670103 0.6887559891
vt 0.2613259852 0.6889770031
vt 0.2846190035 0.6890619993
vt 0.2500660121 0.6891000271
vt 0.2371820062 0.6892179847
vt 0.2945800126 0.6893119812
vt 0.2897050083 0.6894260049
vt 0.2213889956 0.689440012
vt 0.1993820071 0.6895290017
vt 0.2694509923 0.6895329952
vt 0.2139379978 0.6895390153
vt 0.2657859921 0.6895549893
vt 0.2025399953 0.6895800233
vt 0.3648979962 0.6896640062
vt 0.2051759958 0.6901249886
vt 0.263015002 0.6901299953
vt 0.1950690001 0.6902040243
vt 0.2738080025 0.6903110147
vt 0.3389979899 0.6903740168
vt 0.2333589941 0.6904960275
vt 0.1768179983 0.6905469894
vt 0.2546629906 0.6906610131
vt 0.2082899958 0.6906780005
vt 0.2435760051 0.690903008
vt 0.2168989927 0.6909199953
vt 0.2240879983 0.6913700104
vt 0.1904550046 0.6915060282
vt 0.278903991 0.6916149855
vt 0.3114199936 0.6916859746
vt 0.2584240139 0.6918169856
vt 0.2120549977 0.6918309927
vt 0.1558759958 0.6919320226
vt 0.2307060063 0.692317009
vt 0.2192150056 0.6923840046
vt 0.2615819871 0.692489028
vt 0.4409709871 0.6925669909
vt 0.205873996 0.6926220059
vt 0.1826969981 0.6926699877
vt 0.2648020089 0.6927109957
vt 0.2013279945 0.6928930283
vt 0.2844929993 0.6930149794
vt 0.2682169974 0.6930869818
vt 0.1465519965 0.6931610107
vt 0.1866869926 0.6932240129
vt 0.241019994 0.6933730245
vt 0.2153850049 0.6934440136
vt 0.3053379953 0.6936259866
vt 0.2503620088 0.6937040091
vt 0.1419560015 0.6937109828
vt 0.1395689994 0.6937500238
vt 0.2102120072 0.6938040257
vt 0.2216919959 0.6941279769
vt 0.2722069919 0.6941689849
vt 0.2007199973 0.6943370104
vt 0.2897830009 0.6943380237
vt 0.1972630024 0.6943560243
vt 0.2034859955 0.6946340203
vt 0.3021039963 0.6947029829
vt 0.6226090193 0.6949350238
vt 0.217907995 0.6950139999
vt 0.2280530035 0.6951429844
vt 0.1938879937 0.6952030063
vt 0.2382420003 0.6952090263
vt 0.2553220093 0.6952670217
vt 0.294313997 0.6952850223
vt 0.2985259891 0.6954119802
vt 0.5823959708 0.6954479814
vt 0.2139620036 0.6955630183
vt 0.2078890055 0.6957250237
vt 0.2768400013 0.6957430243
vt 0.1837629974 0.6957960129
vt 0.1651850045 0.696123004
vt 0.1983270049 0.6961659789
vt 0.2246589959 0.6962479949
vt 0.3210160136 0.6962689757
vt 0.259066999 0.6962869763
vt 0.2204100043 0.696705997
vt 0.2467799932 0.6967250109
vt 0.2356410027 0.6967809796
vt 0.2622869909 0.6968950033
vt 0.1899880022 0.6969919801
vt 0.2167100012 0.6972290277
vt 0.2121379972 0.6973289847
vt 0.1729310006 0.6973959804
vt 0.200620994 0.6975910068
vt 0.2819190025 0.6976850033
vt 0.227136001 0.6978260279
vt 0.2655009925 0.6978399754
vt 0.1791920066 0.6978909969
vt 0.1816670001 0.698348999
vt 0.233198002 0.6983950138
vt 0.2049690038 0.6984369755
vt 0.2235399932 0.6987289786
vt 0.2295289934 0.6988329887
vt 0.2152689993 0.6989099979
vt 0.2193109989 0.6989340186
vt 0.2519530058 0.6990380287
vt 0.1826830059 0.6990560293
vt 0.2690269947 0.6991040111
vt 0.6336060166 0.6991659999
vt 0.5064859986 0.6992020011
vt 0.2436099946 0.6993489861
vt 0.1835169941 0.6994000077
vt 0.2866419852 0.6994280219
vt 0.5299379826 0.6994900107
vt 0.2095690072 0.6995519996
vt 0.4010869861 0.6996899843
vt 0.2319460064 0.6998659968
vt 0.1854999959 0.6999480128
vt 0.3388029933 0.7000139952
vt 0.308607012 0.700025022
vt 0.2180590034 0.7005649805
vt 0.2268510014 0.7006300092
vt 0.2557359934 0.7006580234
vt 0.2906309962 0.700740993
vt 0.2131849974 0.7007459998
vt 0.2730009854 0.7007499933
vt 0.1935909986 0.7010110021
vt 0.2225109935 0.7010669708
vt 0.2401529998 0.7011539936
vt 0.1959780008 0.7011759877
vt 0.6395289898 0.7014920115
vt 0.1986169964 0.7016419768
vt 0.2944959998 0.7016980052
vt 0.366317004 0.7017130256
vt 0.4823749959 0.7017639875
vt 0.1808809936 0.7018380165
vt 0.2027509958 0.7018880248
vt 0.2300989926 0.7019569874
vt 0.2586730123 0.7019860148
vt 0.2164430022 0.7020670176
vt 0.1914850026 0.7021340132
vt 0.2365979999 0.7021769881
vt 0.302372992 0.7022960186
vt 0.2480890006 0.7023519874
vt 0.2072270066 0.7024049759
vt 0.298386991 0.702507019
vt 0.2333039939 0.7025589943
vt 0.2211219966 0.7026309967
vt 0.2773709893 0.7027999759
vt 0.6023690104 0.702937007
vt 0.2110300064 0.703158021
vt 0.2260770053 0.7033290267
vt 0.2614339888 0.7033990026
vt 0.5549989939 0.7035290003
vt 0.2199240029 0.7036709785
vt 0.214726001 0.7041230202
vt 0.1774639934 0.7041320205
vt 0.1886110008 0.7042629719
vt 0.2436829954 0.704587996
vt 0.2514500022 0.7046639919
vt 0.2813250124 0.7047759891
vt 0.264252007 0.7049040198
vt 0.2302660048 0.7049279809
vt 0.2189739943 0.7052680254
vt 0.4520879984 0.7053110003
vt 0.2018599957 0.7053740025
vt 0.2236289978 0.7054870129
vt 0.2056140006 0.705550015
vt 0.1986780018 0.7056390047
vt 0.2390760034 0.7056390047
vt 0.1711570024 0.7056599855
vt 0.2345979959 0.7057060003
vt 0.1561499983 0.705739975
vt 0.1964949965 0.7059699893
vt 0.1638769954 0.7060040236
vt 0.2091819942 0.7060909867
vt 0.1488160044 0.7061269879
vt 0.3171379864 0.7063440084
vt 0.1440179944 0.7064859867
vt 0.284581989 0.7064920068
vt 0.1414420009 0.7064960003
vt 0.1857150048 0.7065309882
vt 0.2673259974 0.7065349817
vt 0.2538779974 0.7065529823
vt 0.1944500059 0.7067880034
vt 0.212992996 0.7068840265
vt 0.1806119978 0.7070170045
vt 0.1833389997 0.7072989941
vt 0.246303007 0.7073850036
vt 0.2020120025 0.7076770067
vt 0.2297589928 0.7077230215
vt 0.2177550048 0.7080060244
vt 0.1929340065 0.7081350088
vt 0.2044180036 0.7083899975
vt 0.287710011 0.7084000111
vt 0.2707940042 0.708483994
vt 0.2561169863 0.7085440159
vt 0.2004719973 0.7085779905
vt 0.2408339977 0.7086780071
vt 0.2352409959 0.7087010145
vt 0.2075269967 0.7091029882
vt 0.2232159972 0.7092260122
vt 0.6190069914 0.7092270255
vt 0.1989109963 0.7095450163
vt 0.2482140064 0.7097700238
vt 0.302895993 0.7098910213
vt 0.2111629993 0.7099829912
vt 0.5788000226 0.7100099921
vt 0.1904309988 0.7102919817
vt 0.2031790018 0.710340023
vt 0.25810799 0.7104009986
vt 0.2913410068 0.7104229927
vt 0.273822993 0.710457027
vt 0.2291609943 0.7106180191
vt 0.1974640042 0.7108110189
vt 0.2159309983 0.7112159729
vt 0.2419770062 0.7113419771
vt 0.2956250012 0.7114009857
vt 0.2354589999 0.7114530206
vt 0.2061250061 0.7114890218
vt 0.1777050048 0.7116670012
vt 0.2020020038 0.711838007
vt 0.2600109875 0.7120320201
vt 0.2496709973 0.7122269869
vt 0.1960220039 0.7122759819
vt 0.1877170056 0.7123759985
vt 0.2761870027 0.7124689817
vt 0.221607998 0.7126100063
vt 0.2095659971 0.7126600146
vt 0.3358829916 0.712733984
vt 0.4052489996 0.7129369974
vt 0.6298540235 0.7131860256
vt 0.2049800009 0.7133020163
vt 0.2007620037 0.7134180069
vt 0.1846559942 0.7137230039
vt 0.2279810011 0.7138569951
vt 0.2621969879 0.7138770223
vt 0.2425660044 0.7140650153
vt 0.2141650021 0.7141699791
vt 0.2507500052 0.7144569755
vt 0.2350820005 0.7144709826
vt 0.1936189979 0.7146049738
vt 0.1719789952 0.7146170139
vt 0.3670949936 0.7146459818
vt 0.2083729953 0.7146840096
vt 0.2784759998 0.7150229812
vt 0.1993120015 0.7151100039
vt 0.2037259936 0.7151250243
vt 0.1819290072 0.7153270245
vt 0.6357319951 0.7153429985
vt 0.5235279799 0.7154449821
vt 0.219855994 0.7157210112
vt 0.2641350031 0.7158550024
vt 0.251542002 0.7161610126
vt 0.1650740057 0.7162860036
vt 0.212944001 0.7163770199
vt 0.2426840067 0.7166069746
vt 0.1908160001 0.7166889906
vt 0.2070800066 0.7167000175
vt 0.5995969772 0.7168220282
vt 0.2266110033 0.716884017
vt 0.202282995 0.7170299888
vt 0.2344000041 0.7172620296
vt 0.4977790117 0.7173619866
vt 0.1969780028 0.7174829841
vt 0.1578159928 0.7175719738
vt 0.5506439805 0.7177150249
vt 0.2524729967 0.7179579735
vt 0.2186889946 0.7180089951
vt 0.2656489909 0.7181559801
vt 0.2814939916 0.7181739807
vt 0.187470004 0.7183579803
vt 0.2426680028 0.7184609771
vt 0.2117629945 0.7185260057
vt 0.2056960016 0.718693018
vt 0.1508139968 0.7187889814
vt 0.2257190049 0.719061017
vt 0.1848140061 0.7191569805
vt 0.2339179963 0.7192639709
vt 0.2001170069 0.7195010185
vt 0.1459880024 0.7195389867
vt 0.1942169964 0.7197179794
vt 0.1433019936 0.719817996
vt 0.2533670068 0.7199869752
vt 0.2178560048 0.7201550007
vt 0.3093470037 0.7202349901
vt 0.2428209931 0.7203199863
vt 0.28540501 0.7204539776
vt 0.2105689943 0.7205139995
vt 0.1808280051 0.7206810117
vt 0.2253039926 0.7210329771
vt 0.2931570113 0.7211369872
vt 0.2337410003 0.7211650014
vt 0.2671850026 0.7211850286
vt 0.2037360072 0.7213000059
vt 0.4713209867 0.7213289738
vt 0.190504998 0.7218179703
vt 0.1974620074 0.7219190001
vt 0.2170079947 0.7221670151
vt 0.2430099994 0.7223669887
vt 0.2540790141 0.722548008
vt 0.6161999702 0.7225570083
vt 0.1861719936 0.7226399779
vt 0.2248200029 0.7231270075
vt 0.2088939995 0.7232149839
vt 0.2335440069 0.7232580185
vt 0.5756580234 0.7233399749
vt 0.175169006 0.7235710025
vt 0.4433650076 0.7237349749
vt 0.2012269944 0.7239590287
vt 0.1937099993 0.7245810032
vt 0.215745002 0.7249029875
vt 0.2430669963 0.7250159979
vt 0.2694930136 0.7251240015
vt 0.2548500001 0.7258099914
vt 0.223980993 0.7258960009
vt 0.2331120074 0.7259309888
vt 0.1686989963 0.7261170149
vt 0.3328459859 0.726146996
vt 0.6268079877 0.7261580229
vt 0.2065850049 0.7261700034
vt 0.1895900071 0.7268850207
vt 0.1977230012 0.7270259857
vt 0.369118005 0.7270299792
vt 0.4145770073 0.7280610204
vt 0.6325860023 0.7281090021
vt 0.213774994 0.7281780243
vt 0.2729049921 0.7283819914
vt 0.2431350052 0.7284529805
vt 0.1616570055 0.7285190225
vt 0.1856169999 0.728794992
vt 0.5183359981 0.7289519906
vt 0.232397005 0.7293409705
vt 0.2225690037 0.7293850183
vt 0.2031700015 0.7294920087
vt 0.5971770287 0.7297639847
vt 0.5467320085 0.730084002
vt 0.2563099861 0.7301449776
vt 0.194648996 0.7304999828
vt 0.1549929976 0.7305449843
vt 0.1809560061 0.7316390276
vt 0.280279994 0.7317429781
vt 0.1503490061 0.7317659855
vt 0.2000260055 0.7320669889
vt 0.2103040069 0.7321829796
vt 0.4914309978 0.7322109938
vt 0.147468999 0.7324519753
vt 0.243433997 0.733174026
vt 0.2199189961 0.7341160178
vt 0.2312390059 0.7343890071
vt 0.25919801 0.7343940139
vt 0.1753740013 0.7351229787
vt 0.6139259934 0.73517102
vt 0.5726410151 0.7353289723
vt 0.2047100067 0.7355890274
vt 0.4373289943 0.7359110117
vt 0.1951729953 0.7359960079
vt 0.3343690038 0.7359989882
vt 0.4644199908 0.7364959717
vt 0.2665329874 0.7379140258
vt 0.2444330007 0.7383679748
vt 0.1690790057 0.7384380102
vt 0.6245959997 0.7386050224
vt 0.2155539989 0.7391129732
vt 0.190752998 0.7393339872
vt 0.3719730079 0.7399349809
vt 0.2295340002 0.740086019
vt 0.2936150134 0.7402160168
vt 0.5139600039 0.7403200269
vt 0.6303939819 0.7404540181
vt 0.5430520177 0.7408679724
vt 0.1628469974 0.7411869764
vt 0.5944539905 0.7416359782
vt 0.2102880031 0.7426869869
vt 0.2472569942 0.7428600192
vt 0.1581819952 0.7429749966
vt 0.1862940043 0.7436419725
vt 0.1556349993 0.7439569831
vt 0.4864760041 0.7442690134
vt 0.2278289944 0.7447990179
vt 0.5694360137 0.7460889816
vt 0.2063360065 0.7463510036
vt 0.4030840099 0.7463690042
vt 0.6116960049 0.7470639944
vt 0.181427002 0.7476699948
vt 0.3406200111 0.7480720282
vt 0.43156901 0.748323977
vt 0.2521319985 0.7484710217
vt 0.4592620134 0.7488059998
vt 0.2266750038 0.7497450113
vt 0.5101900101 0.7501429915
vt 0.622781992 0.750575006
vt 0.5395550132 0.7506020069
vt 0.1762290001 0.7510139942
vt 0.202839002 0.7512369752
vt 0.6287969947 0.7524729967
vt 0.5916060209 0.752620995
vt 0.3711790144 0.7530300021
vt 0.1720869988 0.7533180118
vt 0.3157069981 0.7537170053
vt 0.4823940098 0.7542970181
vt 0.1702769995 0.7546229959
vt 0.2770679891 0.7549610138
vt 0.2246990055 0.7553930283
vt 0.2499420047 0.7555680275
vt 0.1993940026 0.7558050156
vt 0.5660669804 0.7560949922
vt 0.6091790199 0.7582899928
vt 0.399078995 0.7585790157
vt 0.4550589919 0.7590619922
vt 0.5069090128 0.7591180205
vt 0.4273569882 0.7594329715
vt 0.1959339976 0.7596200109
vt 0.2991290092 0.759773016
vt 0.5362290144 0.7600079775
vt 0.3445009887 0.7600269914
vt 0.2219669968 0.7605059743
vt 0.2693299949 0.7613520026
vt 0.2461789995 0.7614219785
vt 0.6208080053 0.7620049715
vt 0.1934259981 0.7623140216
vt 0.4789600074 0.7630069852
vt 0.5884680152 0.7630720139
vt 0.6271089911 0.763989985
vt 0.1921689957 0.7640240192
vt 0.2881569862 0.76424402
vt 0.2194920033 0.7645599842
vt 0.3692559898 0.7646449804
vt 0.3247449994 0.7646740079
vt 0.2645719945 0.7651659846
vt 0.243227005 0.7655169964
vt 0.5625950098 0.7660560012
vt 0.2813960016 0.767144978
vt 0.2179909945 0.7673770189
vt 0.2614260018 0.7677299976
vt 0.4514900148 0.7679039836
vt 0.5039690137 0.7680140138
vt 0.3100120127 0.7681229711
vt 0.2413419932 0.7682610154
vt 0.396021992 0.7688289881
vt 0.2770119905 0.7691400051
vt 0.4238570035 0.7691519856
vt 0.6065620184 0.7691919804
vt 0.2172520012 0.7691929936
vt 0.2593050003 0.7695040107
vt 0.5330309868 0.7698839903
vt 0.2402250022 0.7700579762
vt 0.2740879953 0.7705360055
vt 0.298958987 0.7707160115
vt 0.3444899917 0.7708889842
vt 0.4759910107 0.7711870074
vt 0.2918869853 0.7724530101
vt 0.6187819839 0.7732200027
vt 0.287349999 0.7735999823
vt 0.5850750208 0.7736030221
vt 0.2842839956 0.7743960023
vt 0.3670629859 0.7747499943
vt 0.3267529905 0.7748029828
vt 0.6254749894 0.7753199935
vt 0.448397994 0.7759950161
vt 0.5590670109 0.7768179774
vt 0.3132809997 0.7772849798
vt 0.5011979938 0.7776690125
vt 0.4207360148 0.7779589891
vt 0.3931219876 0.7780039907
vt 0.3030149937 0.778955996
vt 0.4733360112 0.7797309756
vt 0.2962369919 0.7799860239
vt 0.6036549807 0.7802050114
vt 0.343219012 0.7805749774
vt 0.291880995 0.7806059718
vt 0.2889100015 0.7809569836
vt 0.5298669934 0.7810440063
vt 0.3647429943 0.7837820053
vt 0.3262569904 0.7840669751
vt 0.445773989 0.7840669751
vt 0.6164330244 0.7845680118
vt 0.5814520121 0.7849879861
vt 0.4181410074 0.7861530185
vt 0.3135380149 0.7861580253
vt 0.3903630078 0.7866179943
vt 0.6235229969 0.7868099809
vt 0.3036710024 0.7874950171
vt 0.2970559895 0.7882410288
vt 0.4986479878 0.788376987
vt 0.2927339971 0.7886329889
vt 0.2897849977 0.7887979746
vt 0.4711000025 0.7890949845
vt 0.5554940104 0.7892379761
vt 0.3415549994 0.7893319726
vt 0.6003270149 0.7919909954
vt 0.3623900115 0.7920809984
vt 0.32516101 0.7925850153
vt 0.4438999891 0.7926899791
vt 0.5268779993 0.7935739756
vt 0.4164150059 0.7942919731
vt 0.3127799928 0.7944949865
vt 0.3881489933 0.7947459817
vt 0.3031179905 0.7956619859
vt 0.2965089977 0.7962970138
vt 0.613263011 0.7965049744
vt 0.2921560109 0.796604991
vt 0.2891849875 0.7967090011
vt 0.339771986 0.7973780036
vt 0.5776370168 0.7981140018
vt 0.6205109954 0.7987639904
vt 0.4695860147 0.7991470098
vt 0.4964880049 0.7997339964
vt 0.3601770103 0.7998639941
vt 0.3238179982 0.800466001
vt 0.4432219863 0.8022249937
vt 0.3117130101 0.8022490144
vt 0.3866719902 0.8031929731
vt 0.5519790053 0.8032360077
vt 0.3022040129 0.8033090234
vt 0.4158580005 0.803385973
vt 0.2955940068 0.8038750291
vt 0.2912220061 0.8041359782
vt 0.288251996 0.8042140007
vt 0.3380100131 0.8049499989
vt 0.5965930223 0.8054080009
vt 0.5241709948 0.8066549897
vt 0.3581520021 0.8076850176
vt 0.3224259913 0.8079090118
vt 0.3105219901 0.809607029
vt 0.4688349962 0.8099070191
vt 0.6096050143 0.8099269867
vt 0.3010999858 0.8105880022
vt 0.294569999 0.8110589981
vt 0.2901940048 0.8112609982
vt 0.2872259915 0.8113139868
vt 0.4944100082 0.8114370108
vt 0.6168490052 0.8120679855
vt 0.3362689912 0.8125169873
vt 0.4442409873 0.8127809763
vt 0.5740600228 0.8132280111
vt 0.3843530118 0.81329
vt 0.3210090101 0.815334022
vt 0.3559739888 0.8165550232
vt 0.415452987 0.816798985
vt 0.3092460036 0.8169519901
vt 0.2999010086 0.8178480268
vt 0.2934400141 0.818220973
vt 0.549135983 0.8182269931
vt 0.2891159952 0.8183479905
vt 0.2861559987 0.8183749914
vt 0.521551013 0.8201929927
vt 0.3344579935 0.8208410144
vt 0.5929660201 0.8210600019
vt 0.4687339962 0.8212119937
vt 0.3195570111 0.8233929873
vt 0.4922029972 0.823876977
vt 0.4475679994 0.8242840171
vt 0.307972014 0.8248580098
vt 0.6056159735 0.8255000114
vt 0.2986910045 0.8256369829
vt 0.2923220098 0.825913012
vt 0.2880530059 0.8259819746
vt 0.2850989997 0.8259840012
vt 0.377651006 0.8265939951
vt 0.6124899983 0.8274850249
vt 0.3527660072 0.8276979923
vt 0.570958972 0.8297340274
vt 0.3324210048 0.8307499886
vt 0.4280860126 0.8309779763
vt 0.3986850083 0.8318740129
vt 0.3180670142 0.8327400088
vt 0.4693090022 0.8328379989
vt 0.5462819934 0.833567977
vt 0.3067530096 0.8339070082
vt 0.5181090236 0.8342490196
vt 0.2976019979 0.8345100284
vt 0.2841669917 0.834676981
vt 0.2913259864 0.8346899748
vt 0.2871119976 0.8347100019
vt 0.4522260129 0.8358749747
vt 0.4893830121 0.8368700147
vt 0.5891320109 0.8384590149
vt 0.3489060104 0.8411499858
vt 0.4121060073 0.8412579894
vt 0.3704229891 0.8419849873
vt 0.3303390145 0.8422989845
vt 0.4705120027 0.8424379826
vt 0.4364280105 0.8428480029
vt 0.6009579897 0.8431699872
vt 0.3167630136 0.8434010148
vt 0.3057860136 0.8441600204
vt 0.2835510075 0.8445119858
vt 0.2968179882 0.8445450068
vt 0.2864870131 0.8445929885
vt 0.2906529903 0.8446329832
vt 0.6071709991 0.8451660275
vt 0.5676400065 0.846848011
vt 0.3877469897 0.8468729854
vt 0.4602650106 0.847867012
vt 0.513053 0.8488050103
vt 0.5422049761 0.8491759896
vt 0.4844219983 0.8495979905
vt 0.4219869971 0.8520780206
vt 0.3999759853 0.854148984
vt 0.4466969967 0.8563519716
vt 0.584438026 0.8568350077
vt 0.4749540091 0.8615120053
vt 0.5950999856 0.8623189926
vt 0.4095659852 0.8633390069
vt 0.5055149794 0.8634489775
vt 0.5627909899 0.8639410138
vt 0.6005610228 0.8646690249
vt 0.5358849764 0.8648279905
vt 0.432054013 0.8651130199
vt 0.5782210231 0.875222981
vt 0.4187589884 0.875312984
vt 0.4617840052 0.8761019707
vt 0.4952639937 0.8780009747
vt 0.5267000198 0.880226016
vt 0.5554090142 0.8804600239
vt 0.4424400032 0.8813189864
vt 0.587677002 0.8816779852
vt 0.5925670266 0.8846660256
vt 0.4281719923 0.8902339935
vt 0.5698879957 0.8927369714
vt 0.4844009876 0.8930280209
vt 0.4626129866 0.8941450119
vt 0.5151680112 0.8956429958
vt 0.545148015 0.8964149952
vt 0.4515169859 0.899164021
vt 0.5785729885 0.900053978
vt 0.5831909776 0.9037100077
vt 0.474898994 0.9073860049
vt 0.4379779994 0.9076409936
vt 0.5591520071 0.9093829989
vt 0.5027130246 0.9109889865
vt 0.5324829817 0.9122070074
vt 0.5676230192 0.9173920155
vt 0.4630120099 0.9182649851
vt 0.5720340014 0.9214450121
vt 0.4899260104 0.9254620075
vt 0.5460889935 0.9257540107
vt 0.5186870098 0.9279720187
vt 0.4489420056 0.9279819727
vt 0.5545169711 0.9342730045
vt 0.4758650064 0.9381309748
vt 0.5587400198 0.9385010004
vt 0.5315719843 0.9419890046
vt 0.5041130185 0.9429759979
vt 0.46024701 0.9490519762
vt 0.5396999717 0.9508529902
vt 0.5437579751 0.9552749991
vt 0.4883260131 0.9566739798
vt 0.515839994 0.9573569894
vt 0.5233809948 0.9665439725
vt 0.4709480107 0.9686560035
vt 0.5273000002 0.9713339806
vt 0.498721987 0.9716870189
vt 0.5054929852 0.9812989831
vt 0.4798679948 0.9844480157
vt 0.5091189742 0.9864529967
vt 0.4857389927 0.9945679903
vt 0.4889529943 1
f 1/4691 2/4701 3/4709
f 1/4691 3/4709 4/4699
f 5/4717 7/4712 8/4719
f 5/4717 8/4719 9/4723
f 11/4690 12/4680 1/4691
f 11/4690 1/4691 4/4699
f 13/4694 14/4697 16/4689
f 13/4694 16/4689 18/4687
f 19/4678 20/4672 12/4680
f 19/4678 12/4680 11/4690
f 21/4726 8/4719 22/4714
f 21/4726 22/4714 23/4722
f 11/4690 13/4694 18/4687
f 11/4690 18/4687 19/4678
f 24/4716 23/4722 22/4714
f 24/4716 22/4714 3/4709
f 13/4694 25/4703 26/4707
f 13/4694 26/4707 14/4697
f 7/4712 5/4717 26/4707
f 7/4712 26/4707 25/4703
f 7/4712 25/4703 28/4700
f 7/4712 28/4700 29/4706
f 13/4694 11/4690 28/4700
f 13/4694 28/4700 25/4703
f 11/4690 4/4699 29/4706
f 11/4690 29/4706 28/4700
f 30/4523 31/4492 32/4509
f 30/4523 32/4509 33/4538
f 34/4702 35/4710 2/4701
f 34/4702 2/4701 36/4692
f 37/4675 38/4683 1/4691
f 37/4675 1/4691 12/4680
f 39/4565 40/4584 41/4588
f 39/4565 41/4588 42/4571
f 42/4571 41/4588 43/4593
f 42/4571 43/4593 44/4573
f 45/4613 46/4640 47/4621
f 45/4613 47/4621 48/4591
f 46/4640 49/4670 50/4646
f 46/4640 50/4646 47/4621
f 51/4585 40/4584 39/4565
f 51/4585 39/4565 52/4562
f 52/4562 53/4572 54/4599
f 52/4562 54/4599 51/4585
f 51/4585 54/4599 55/4624
f 51/4585 55/4624 56/4609
f 40/4584 51/4585 56/4609
f 40/4584 56/4609 57/4603
f 41/4588 40/4584 57/4603
f 41/4588 57/4603 58/4612
f 57/4603 59/4627 60/4630
f 57/4603 60/4630 58/4612
f 61/4629 59/4627 57/4603
f 61/4629 57/4603 56/4609
f 49/4670 62/4684 63/4674
f 49/4670 63/4674 50/4646
f 55/4624 64/4648 61/4629
f 55/4624 61/4629 56/4609
f 64/4648 65/4673 66/4654
f 64/4648 66/4654 61/4629
f 65/4673 38/4683 37/4675
f 65/4673 37/4675 66/4654
f 62/4684 67/4693 68/4686
f 62/4684 68/4686 63/4674
f 67/4693 34/4702 36/4692
f 67/4693 36/4692 68/4686
f 43/4593 41/4588 58/4612
f 43/4593 58/4612 69/4617
f 69/4617 58/4612 60/4630
f 69/4617 60/4630 70/4642
f 66/4654 71/4645 59/4627
f 66/4654 59/4627 61/4629
f 66/4654 37/4675 72/4660
f 66/4654 72/4660 71/4645
f 59/4627 71/4645 73/4653
f 59/4627 73/4653 60/4630
f 74/4657 75/4677 77/4671
f 74/4657 77/4671 79/4643
f 75/4677 74/4657 80/4676
f 75/4677 80/4676 81/4682
f 74/4657 79/4643 69/4617
f 74/4657 69/4617 70/4642
f 74/4657 70/4642 83/4661
f 74/4657 83/4661 80/4676
f 83/4661 70/4642 60/4630
f 83/4661 60/4630 73/4653
f 20/4672 73/4653 71/4645
f 20/4672 71/4645 72/4660
f 72/4660 37/4675 12/4680
f 72/4660 12/4680 20/4672
f 18/4687 16/4689 81/4682
f 18/4687 81/4682 80/4676
f 19/4678 83/4661 73/4653
f 19/4678 73/4653 20/4672
f 18/4687 80/4676 83/4661
f 18/4687 83/4661 19/4678
f 84/4414 85/4344 86/4384
f 84/4414 86/4384 87/4431
f 88/4448 89/4458 90/4484
f 88/4448 90/4484 91/4470
f 85/4344 84/4414 92/4409
f 85/4344 92/4409 93/4328
f 91/4470 94/4468 95/4446
f 91/4470 95/4446 88/4448
f 96/4466 97/4456 98/4478
f 96/4466 98/4478 99/4487
f 100/4513 101/4499 102/4528
f 100/4513 102/4528 103/4537
f 104/4373 105/4341 106/4423
f 104/4373 106/4423 107/4436
f 92/4409 106/4423 105/4341
f 92/4409 105/4341 93/4328
f 108/4489 109/4464 96/4466
f 108/4489 96/4466 99/4487
f 107/4436 110/4433 111/4386
f 107/4436 111/4386 104/4373
f 112/4519 100/4513 103/4537
f 112/4519 103/4537 113/4541
f 101/4499 114/4488 115/4514
f 101/4499 115/4514 102/4528
f 94/4468 98/4478 97/4456
f 94/4468 97/4456 95/4446
f 114/4488 31/4492 30/4523
f 114/4488 30/4523 115/4514
f 116/4227 117/4153 118/3993
f 116/4227 118/3993 119/4081
f 120/4337 121/4285 117/4153
f 120/4337 117/4153 116/4227
f 119/4081 118/3993 122/3926
f 119/4081 122/3926 123/3954
f 124/3902 123/3954 122/3926
f 124/3902 122/3926 125/3883
f 85/4344 126/4231 121/4285
f 85/4344 121/4285 86/4384
f 127/3346 128/3322 129/3419
f 127/3346 129/3419 130/3446
f 130/3446 129/3419 131/3524
f 130/3446 131/3524 132/3563
f 133/3670 134/3634 135/3718
f 133/3670 135/3718 136/3750
f 132/3563 131/3524 134/3634
f 132/3563 134/3634 133/3670
f 137/2811 138/2807 139/2606
f 137/2811 139/2606 140/2613
f 141/3549 130/3446 132/3563
f 141/3549 132/3563 142/3659
f 143/3435 127/3346 130/3446
f 143/3435 130/3446 141/3549
f 144/3741 142/3659 132/3563
f 144/3741 132/3563 133/3670
f 136/3750 135/3718 145/3780
f 136/3750 145/3780 146/3800
f 144/3741 133/3670 136/3750
f 144/3741 136/3750 147/3818
f 147/3818 136/3750 146/3800
f 147/3818 146/3800 148/3845
f 147/3818 148/3845 149/3904
f 147/3818 149/3904 150/3896
f 151/3979 150/3896 149/3904
f 151/3979 149/3904 152/3978
f 151/3979 153/3974 154/3911
f 151/3979 154/3911 150/3896
f 147/3818 150/3896 154/3911
f 147/3818 154/3911 155/3872
f 156/3817 157/3758 142/3659
f 156/3817 142/3659 144/3741
f 147/3818 155/3872 156/3817
f 147/3818 156/3817 144/3741
f 141/3549 142/3659 157/3758
f 141/3549 157/3758 158/3697
f 143/3435 141/3549 158/3697
f 143/3435 158/3697 159/3616
f 160/2621 139/2606 138/2807
f 160/2621 138/2807 161/2837
f 162/2877 163/2651 160/2621
f 162/2877 160/2621 161/2837
f 143/3435 164/3267 165/3220
f 143/3435 165/3220 127/3346
f 143/3435 166/3426 167/3312
f 143/3435 167/3312 164/3267
f 143/3435 159/3616 168/3526
f 168/3526 166/3426 143/3435
f 169/4242 170/4212 104/4373
f 169/4242 104/4373 111/4386
f 169/4242 153/3974 151/3979
f 169/4242 151/3979 170/4212
f 163/2651 171/2406 172/2407
f 163/2651 172/2407 160/2621
f 173/2408 139/2606 160/2621
f 173/2408 160/2621 172/2407
f 137/2811 140/2613 174/2615
f 137/2811 174/2615 175/2819
f 129/3419 128/3322 176/3332
f 129/3419 176/3332 177/3423
f 131/3524 129/3419 177/3423
f 131/3524 177/3423 178/3529
f 131/3524 178/3529 179/3639
f 131/3524 179/3639 134/3634
f 134/3634 179/3639 180/3717
f 134/3634 180/3717 135/3718
f 181/3729 182/3794 183/3781
f 181/3729 183/3781 180/3717
f 124/3902 125/3883 184/3838
f 124/3902 184/3838 185/3851
f 182/3794 185/3851 184/3838
f 182/3794 184/3838 183/3781
f 186/3863 187/3840 188/3826
f 146/3800 145/3780 188/3826
f 146/3800 188/3826 187/3840
f 189/3901 190/3874 187/3840
f 189/3901 187/3840 186/3863
f 148/3845 146/3800 187/3840
f 148/3845 187/3840 190/3874
f 191/3946 192/3921 190/3874
f 191/3946 190/3874 189/3901
f 149/3904 148/3845 190/3874
f 149/3904 190/3874 192/3921
f 193/4005 192/3921 191/3946
f 193/4005 191/3946 194/4077
f 193/4005 152/3978 149/3904
f 193/4005 149/3904 192/3921
f 93/4328 195/4191 126/4231
f 93/4328 126/4231 85/4344
f 126/4231 195/4191 193/4005
f 126/4231 193/4005 194/4077
f 104/4373 170/4212 196/4187
f 104/4373 196/4187 105/4341
f 170/4212 151/3979 152/3978
f 170/4212 152/3978 196/4187
f 195/4191 93/4328 105/4341
f 195/4191 105/4341 196/4187
f 196/4187 152/3978 193/4005
f 196/4187 193/4005 195/4191
f 197/4720 198/4725 199/4724
f 197/4720 199/4724 200/4718
f 21/4726 201/4731 202/4733
f 21/4726 202/4733 204/4729
f 198/4725 206/4730 207/4728
f 198/4725 207/4728 199/4724
f 23/4722 208/4727 201/4731
f 23/4722 201/4731 21/4726
f 209/4532 210/4546 211/4568
f 209/4532 211/4568 212/4555
f 213/4685 214/4681 215/4662
f 213/4685 215/4662 216/4669
f 217/4638 216/4669 215/4662
f 217/4638 215/4662 218/4632
f 34/4702 219/4708 220/4715
f 34/4702 220/4715 35/4710
f 213/4685 221/4696 222/4695
f 213/4685 222/4695 214/4681
f 221/4696 223/4705 224/4704
f 221/4696 224/4704 222/4695
f 223/4705 225/4713 226/4711
f 223/4705 226/4711 224/4704
f 227/4447 228/4473 229/4469
f 227/4447 229/4469 230/4440
f 231/4474 232/4485 233/4520
f 231/4474 233/4520 234/4500
f 235/4327 236/4309 237/4186
f 235/4327 237/4186 238/4208
f 227/4447 230/4440 239/4397
f 227/4447 239/4397 240/4403
f 241/4060 242/4030 243/3933
f 241/4060 243/3933 244/3938
f 240/4403 239/4397 236/4309
f 240/4403 236/4309 235/4327
f 241/4060 238/4208 237/4186
f 241/4060 237/4186 242/4030
f 245/2632 246/2648 247/2854
f 245/2632 247/2854 248/2836
f 249/3348 250/3366 251/3465
f 249/3348 251/3465 252/3443
f 252/3443 251/3465 253/3576
f 252/3443 253/3576 254/3551
f 255/3607 256/3699 257/3693
f 255/3607 257/3693 258/3595
f 256/3699 259/3769 260/3761
f 256/3699 260/3761 257/3693
f 182/3794 181/3729 261/3751
f 182/3794 261/3751 262/3810
f 244/3938 243/3933 263/3878
f 244/3938 263/3878 264/3884
f 264/3884 263/3878 265/3820
f 264/3884 265/3820 266/3825
f 164/3267 167/3312 267/3146
f 164/3267 267/3146 268/3096
f 165/3220 164/3267 268/3096
f 165/3220 268/3096 269/3034
f 173/2408 270/2409 140/2613
f 173/2408 140/2613 139/2606
f 245/2632 174/2615 271/2410
f 245/2632 271/2410 272/2411
f 272/2411 273/2412 246/2648
f 272/2411 246/2648 245/2632
f 165/3220 274/3201 128/3322
f 165/3220 128/3322 127/3346
f 249/3348 176/3332 275/3209
f 249/3348 275/3209 276/3247
f 276/3247 277/3261 250/3366
f 276/3247 250/3366 249/3348
f 278/3026 274/3201 165/3220
f 278/3026 165/3220 269/3034
f 276/3247 275/3209 279/3040
f 276/3247 279/3040 280/3079
f 280/3079 281/3110 277/3261
f 280/3079 277/3261 276/3247
f 248/2836 247/2854 281/3110
f 248/2836 281/3110 280/3079
f 278/3026 137/2811 175/2819
f 278/3026 175/2819 279/3040
f 278/3026 269/3034 138/2807
f 278/3026 138/2807 137/2811
f 161/2837 138/2807 269/3034
f 161/2837 269/3034 268/3096
f 267/3146 162/2877 161/2837
f 267/3146 161/2837 268/3096
f 96/4466 109/4464 110/4433
f 96/4466 110/4433 107/4436
f 106/4423 97/4456 96/4466
f 106/4423 96/4466 107/4436
f 95/4446 97/4456 106/4423
f 95/4446 106/4423 92/4409
f 88/4448 95/4446 92/4409
f 88/4448 92/4409 84/4414
f 84/4414 87/4431 89/4458
f 84/4414 89/4458 88/4448
f 228/4473 282/4501 283/4497
f 228/4473 283/4497 229/4469
f 99/4487 100/4513 112/4519
f 99/4487 112/4519 108/4489
f 98/4478 101/4499 100/4513
f 98/4478 100/4513 99/4487
f 98/4478 94/4468 114/4488
f 98/4478 114/4488 101/4499
f 91/4470 31/4492 114/4488
f 91/4470 114/4488 94/4468
f 209/4532 32/4509 90/4484
f 209/4532 90/4484 234/4500
f 284/4536 285/4559 286/4554
f 284/4536 286/4554 287/4530
f 212/4555 211/4568 288/4598
f 212/4555 288/4598 289/4582
f 290/4550 30/4523 33/4538
f 290/4550 33/4538 291/4566
f 115/4514 30/4523 290/4550
f 115/4514 290/4550 292/4540
f 102/4528 115/4514 292/4540
f 102/4528 292/4540 293/4544
f 103/4537 102/4528 293/4544
f 103/4537 293/4544 294/4553
f 113/4541 103/4537 294/4553
f 113/4541 294/4553 295/4556
f 289/4582 288/4598 296/4626
f 289/4582 296/4626 45/4613
f 53/4572 290/4550 291/4566
f 53/4572 291/4566 48/4591
f 292/4540 290/4550 53/4572
f 292/4540 53/4572 52/4562
f 293/4544 292/4540 52/4562
f 293/4544 52/4562 39/4565
f 294/4553 293/4544 39/4565
f 294/4553 39/4565 42/4571
f 295/4556 294/4553 42/4571
f 295/4556 42/4571 44/4573
f 297/46 298/38 299/28
f 297/46 299/28 300/36
f 6/20 10/14 301/17
f 6/20 301/17 302/25
f 303/47 298/38 297/46
f 303/47 297/46 304/57
f 305/42 306/50 17/48
f 305/42 17/48 15/40
f 307/58 303/47 304/57
f 307/58 304/57 308/65
f 309/11 310/15 311/22
f 309/11 311/22 301/17
f 303/47 307/58 306/50
f 303/47 306/50 305/42
f 312/21 299/28 311/22
f 312/21 311/22 310/15
f 305/42 15/40 27/30
f 305/42 27/30 313/34
f 302/25 313/34 27/30
f 302/25 27/30 6/20
f 302/25 314/31 315/37
f 302/25 315/37 313/34
f 305/42 313/34 315/37
f 305/42 315/37 303/47
f 303/47 315/37 314/31
f 303/47 314/31 298/38
f 316/217 317/199 318/231
f 316/217 318/231 319/248
f 320/35 321/45 300/36
f 320/35 300/36 322/27
f 323/62 304/57 297/46
f 323/62 297/46 324/55
f 325/174 326/167 327/149
f 325/174 327/149 328/153
f 326/167 329/164 330/145
f 326/167 330/145 327/149
f 331/126 332/148 333/119
f 331/126 333/119 334/97
f 334/97 333/119 335/92
f 334/97 335/92 336/67
f 337/152 338/177 325/174
f 337/152 325/174 328/153
f 338/177 337/152 339/138
f 338/177 339/138 340/166
f 337/152 341/131 342/113
f 337/152 342/113 339/138
f 328/153 343/134 341/131
f 328/153 341/131 337/152
f 327/149 344/125 343/134
f 327/149 343/134 328/153
f 343/134 344/125 345/107
f 343/134 345/107 346/111
f 347/109 341/131 343/134
f 347/109 343/134 346/111
f 336/67 335/92 348/63
f 336/67 348/63 349/54
f 342/113 341/131 347/109
f 342/113 347/109 350/90
f 350/90 347/109 351/83
f 350/90 351/83 352/64
f 352/64 351/83 323/62
f 352/64 323/62 324/55
f 349/54 348/63 353/51
f 349/54 353/51 354/44
f 354/44 353/51 321/45
f 354/44 321/45 320/35
f 330/145 355/121 344/125
f 330/145 344/125 327/149
f 355/121 356/96 345/107
f 355/121 345/107 344/125
f 351/83 347/109 346/111
f 351/83 346/111 357/93
f 351/83 357/93 358/78
f 351/83 358/78 323/62
f 346/111 345/107 359/84
f 346/111 359/84 357/93
f 360/81 361/94 78/66
f 360/81 78/66 76/60
f 76/60 82/53 362/61
f 76/60 362/61 360/81
f 360/81 356/96 355/121
f 360/81 355/121 361/94
f 360/81 362/61 363/76
f 360/81 363/76 356/96
f 363/76 359/84 345/107
f 363/76 345/107 356/96
f 308/65 358/78 357/93
f 308/65 357/93 359/84
f 358/78 308/65 304/57
f 358/78 304/57 323/62
f 306/50 362/61 82/53
f 306/50 82/53 17/48
f 307/58 308/65 359/84
f 307/58 359/84 363/76
f 306/50 307/58 363/76
f 306/50 363/76 362/61
f 364/327 365/310 366/362
f 364/327 366/362 367/403
f 368/291 369/268 370/258
f 368/291 370/258 371/280
f 367/403 372/418 373/333
f 367/403 373/333 364/327
f 369/268 368/291 374/295
f 369/268 374/295 375/269
f 376/272 377/249 378/261
f 376/272 378/261 379/283
f 380/226 381/200 382/212
f 380/226 382/212 383/238
f 384/371 385/304 386/319
f 384/371 386/319 387/404
f 373/333 372/418 387/404
f 373/333 387/404 386/319
f 388/247 377/249 376/272
f 388/247 376/272 389/275
f 385/304 384/371 390/355
f 385/304 390/355 391/306
f 392/218 393/196 381/200
f 392/218 381/200 380/226
f 383/238 382/212 394/227
f 383/238 394/227 395/251
f 375/269 374/295 379/283
f 375/269 379/283 378/261
f 395/251 394/227 316/217
f 395/251 316/217 319/248
f 396/531 397/674 398/756
f 396/531 398/756 399/601
f 400/411 396/531 399/601
f 400/411 399/601 401/463
f 397/674 402/791 403/815
f 397/674 403/815 398/756
f 404/841 405/855 403/815
f 404/841 403/815 402/791
f 367/403 366/362 401/463
f 367/403 401/463 406/517
f 407/1399 408/1296 409/1326
f 407/1399 409/1326 410/1423
f 408/1296 411/1185 412/1226
f 408/1296 412/1226 409/1326
f 413/1076 414/994 415/1025
f 413/1076 415/1025 416/1110
f 411/1185 413/1076 416/1110
f 411/1185 416/1110 412/1226
f 417/1953 418/2145 419/2149
f 417/1953 419/2149 420/1952
f 421/1196 422/1083 411/1185
f 421/1196 411/1185 408/1296
f 423/1308 421/1196 408/1296
f 423/1308 408/1296 407/1399
f 424/999 413/1076 411/1185
f 424/999 411/1185 422/1083
f 414/994 425/941 426/961
f 414/994 426/961 415/1025
f 424/999 427/919 414/994
f 424/999 414/994 413/1076
f 427/919 428/895 425/941
f 427/919 425/941 414/994
f 427/919 429/842 430/837
f 427/919 430/837 428/895
f 431/760 432/763 430/837
f 431/760 430/837 429/842
f 431/760 429/842 433/828
f 431/760 433/828 434/766
f 427/919 435/870 433/828
f 427/919 433/828 429/842
f 436/921 424/999 422/1083
f 436/921 422/1083 437/978
f 427/919 424/999 436/921
f 427/919 436/921 435/870
f 421/1196 438/1045 437/978
f 421/1196 437/978 422/1083
f 423/1308 439/1128 438/1045
f 423/1308 438/1045 421/1196
f 440/2131 441/1912 420/1952
f 440/2131 420/1952 419/2149
f 442/1878 441/1912 440/2131
f 442/1878 440/2131 443/2107
f 423/1308 407/1399 444/1534
f 423/1308 444/1534 445/1475
f 423/1308 445/1475 446/1437
f 423/1308 446/1437 447/1314
f 423/1308 448/1218 439/1128
f 448/1218 423/1308 447/1314
f 449/501 390/355 384/371
f 449/501 384/371 450/533
f 449/501 450/533 431/760
f 449/501 431/760 434/766
f 443/2107 440/2131 172/2407
f 443/2107 172/2407 171/2406
f 173/2408 172/2407 440/2131
f 173/2408 440/2131 419/2149
f 417/1953 451/1949 452/2150
f 417/1953 452/2150 418/2145
f 409/1326 453/1322 454/1419
f 409/1326 454/1419 410/1423
f 412/1226 455/1220 453/1322
f 412/1226 453/1322 409/1326
f 412/1226 416/1110 456/1109
f 412/1226 456/1109 455/1220
f 416/1110 415/1025 457/1026
f 416/1110 457/1026 456/1109
f 458/1012 457/1026 459/960
f 458/1012 459/960 460/949
f 404/841 461/892 462/908
f 404/841 462/908 405/855
f 460/949 459/960 462/908
f 460/949 462/908 461/892
f 463/880 464/915 465/900
f 425/941 465/900 464/915
f 425/941 464/915 426/961
f 466/840 463/880 465/900
f 466/840 465/900 467/866
f 428/895 467/866 465/900
f 428/895 465/900 425/941
f 468/793 466/840 467/866
f 468/793 467/866 469/820
f 430/837 469/820 467/866
f 430/837 467/866 428/895
f 470/744 471/673 468/793
f 470/744 468/793 469/820
f 470/744 469/820 430/837
f 470/744 430/837 432/763
f 372/418 367/403 406/517
f 372/418 406/517 472/559
f 406/517 471/673 470/744
f 406/517 470/744 472/559
f 384/371 387/404 473/560
f 384/371 473/560 450/533
f 450/533 473/560 432/763
f 450/533 432/763 431/760
f 472/559 473/560 387/404
f 472/559 387/404 372/418
f 473/560 472/559 470/744
f 473/560 470/744 432/763
f 474/18 475/19 476/13
f 474/18 476/13 477/12
f 309/11 205/8 203/4
f 309/11 203/4 478/6
f 477/12 476/13 479/9
f 477/12 479/9 480/7
f 310/15 309/11 478/6
f 310/15 478/6 481/10
f 482/207 483/184 484/169
f 482/207 484/169 485/194
f 486/52 487/74 488/79
f 486/52 488/79 489/56
f 490/104 491/106 488/79
f 490/104 488/79 487/74
f 320/35 322/27 492/23
f 320/35 492/23 493/29
f 486/52 489/56 494/43
f 486/52 494/43 495/41
f 495/41 494/43 496/33
f 495/41 496/33 497/32
f 497/32 496/33 498/26
f 497/32 498/26 499/24
f 500/297 501/300 502/270
f 500/297 502/270 503/266
f 504/265 505/240 506/224
f 504/265 506/224 507/252
f 508/427 509/549 510/570
f 508/427 510/570 511/444
f 500/297 512/340 513/349
f 500/297 513/349 501/300
f 514/707 515/803 516/812
f 514/707 516/812 517/732
f 512/340 508/427 511/444
f 512/340 511/444 513/349
f 514/707 517/732 510/570
f 514/707 510/570 509/549
f 518/2142 519/1933 520/1909
f 518/2142 520/1909 521/2136
f 522/1403 523/1305 524/1287
f 522/1403 524/1287 525/1384
f 523/1305 526/1203 527/1174
f 523/1305 527/1174 524/1287
f 528/1145 529/1154 530/1057
f 528/1145 530/1057 531/1050
f 531/1050 530/1057 532/982
f 531/1050 532/982 533/977
f 460/949 534/933 535/995
f 460/949 535/995 458/1012
f 515/803 536/858 537/863
f 515/803 537/863 516/812
f 536/858 538/916 539/920
f 536/858 539/920 537/863
f 445/1475 540/1661 541/1603
f 445/1475 541/1603 446/1437
f 444/1534 542/1737 540/1661
f 444/1534 540/1661 445/1475
f 173/2408 419/2149 418/2145
f 173/2408 418/2145 270/2409
f 518/2142 272/2411 271/2410
f 518/2142 271/2410 452/2150
f 272/2411 518/2142 521/2136
f 272/2411 521/2136 273/2412
f 444/1534 407/1399 410/1423
f 444/1534 410/1423 543/1550
f 522/1403 544/1525 545/1542
f 522/1403 545/1542 454/1419
f 544/1525 522/1403 525/1384
f 544/1525 525/1384 546/1486
f 547/1749 542/1737 444/1534
f 547/1749 444/1534 543/1550
f 544/1525 548/1700 549/1740
f 544/1525 549/1740 545/1542
f 548/1700 544/1525 546/1486
f 548/1700 546/1486 550/1668
f 519/1933 548/1700 550/1668
f 519/1933 550/1668 520/1909
f 547/1749 549/1740 451/1949
f 547/1749 451/1949 417/1953
f 547/1749 417/1953 420/1952
f 547/1749 420/1952 542/1737
f 441/1912 540/1661 542/1737
f 441/1912 542/1737 420/1952
f 541/1603 540/1661 441/1912
f 541/1603 441/1912 442/1878
f 376/272 385/304 391/306
f 376/272 391/306 389/275
f 386/319 385/304 376/272
f 386/319 376/272 379/283
f 374/295 373/333 386/319
f 374/295 386/319 379/283
f 368/291 364/327 373/333
f 368/291 373/333 374/295
f 364/327 368/291 371/280
f 364/327 371/280 365/310
f 503/266 502/270 551/243
f 503/266 551/243 552/237
f 377/249 388/247 392/218
f 377/249 392/218 380/226
f 378/261 377/249 380/226
f 378/261 380/226 383/238
f 378/261 383/238 395/251
f 378/261 395/251 375/269
f 369/268 375/269 395/251
f 369/268 395/251 319/248
f 482/207 505/240 370/258
f 482/207 370/258 318/231
f 553/205 554/208 555/186
f 553/205 555/186 556/181
f 483/184 557/158 558/143
f 483/184 558/143 484/169
f 559/191 560/175 317/199
f 559/191 317/199 316/217
f 394/227 561/198 559/191
f 394/227 559/191 316/217
f 382/212 562/193 561/198
f 382/212 561/198 394/227
f 381/200 563/185 562/193
f 381/200 562/193 382/212
f 393/196 564/180 563/185
f 393/196 563/185 381/200
f 557/158 331/126 565/112
f 557/158 565/112 558/143
f 340/166 332/148 560/175
f 340/166 560/175 559/191
f 561/198 338/177 340/166
f 561/198 340/166 559/191
f 562/193 325/174 338/177
f 562/193 338/177 561/198
f 563/185 326/167 325/174
f 563/185 325/174 562/193
f 564/180 329/164 326/167
f 564/180 326/167 563/185
f 200/4718 199/4724 566/4721
f 200/4718 566/4721 220/4715
f 567/4732 568/4734 569/4736
f 567/4732 569/4736 571/4735
f 199/4724 207/4728 208/4727
f 199/4724 208/4727 566/4721
f 207/4728 206/4730 568/4734
f 207/4728 568/4734 567/4732
f 286/4554 285/4559 573/4583
f 286/4554 573/4583 574/4578
f 214/4681 575/4679 576/4655
f 214/4681 576/4655 215/4662
f 218/4632 215/4662 576/4655
f 218/4632 576/4655 296/4626
f 226/4711 225/4713 197/4720
f 226/4711 197/4720 200/4718
f 214/4681 222/4695 577/4688
f 214/4681 577/4688 575/4679
f 222/4695 224/4704 578/4698
f 222/4695 578/4698 577/4688
f 224/4704 226/4711 219/4708
f 224/4704 219/4708 578/4698
f 230/4440 229/4469 579/4461
f 230/4440 579/4461 580/4430
f 283/4497 282/4501 284/4536
f 283/4497 284/4536 287/4530
f 236/4309 581/4280 582/4145
f 236/4309 582/4145 237/4186
f 230/4440 580/4430 583/4379
f 230/4440 583/4379 239/4397
f 242/4030 584/3988 585/3919
f 242/4030 585/3919 243/3933
f 239/4397 583/4379 581/4280
f 239/4397 581/4280 236/4309
f 242/4030 237/4186 582/4145
f 242/4030 582/4145 584/3988
f 586/2657 587/2663 588/2876
f 586/2657 588/2876 589/2867
f 590/3386 591/3392 592/3497
f 590/3386 592/3497 593/3486
f 593/3486 592/3497 255/3607
f 593/3486 255/3607 258/3595
f 258/3595 257/3693 594/3675
f 258/3595 594/3675 253/3576
f 257/3693 260/3761 261/3751
f 257/3693 261/3751 594/3675
f 265/3820 260/3761 259/3769
f 265/3820 259/3769 266/3825
f 243/3933 585/3919 595/3865
f 243/3933 595/3865 263/3878
f 263/3878 595/3865 262/3810
f 263/3878 262/3810 265/3820
f 596/2413 597/2414 587/2663
f 596/2413 587/2663 586/2657
f 598/3273 599/3283 591/3392
f 598/3273 591/3392 590/3386
f 600/3123 601/3133 599/3283
f 600/3123 599/3283 598/3273
f 589/2867 588/2876 601/3133
f 589/2867 601/3133 600/3123
f 229/4469 283/4497 232/4485
f 229/4469 232/4485 579/4461
f 287/4530 286/4554 210/4546
f 287/4530 210/4546 233/4520
f 574/4578 573/4583 602/4610
f 574/4578 602/4610 603/4604
f 603/4604 602/4610 217/4638
f 603/4604 217/4638 218/4632
f 475/19 492/23 604/16
f 475/19 604/16 476/13
f 605/5 572/2 570/1
f 605/5 570/1 606/3
f 476/13 604/16 481/10
f 476/13 481/10 479/9
f 479/9 605/5 606/3
f 479/9 606/3 480/7
f 555/186 607/161 608/155
f 555/186 608/155 556/181
f 489/56 488/79 609/82
f 489/56 609/82 610/59
f 491/106 565/112 609/82
f 491/106 609/82 488/79
f 498/26 475/19 474/18
f 498/26 474/18 499/24
f 489/56 610/59 611/49
f 489/56 611/49 494/43
f 494/43 611/49 612/39
f 494/43 612/39 496/33
f 496/33 612/39 493/29
f 496/33 493/29 498/26
f 501/300 613/311 614/278
f 501/300 614/278 502/270
f 551/243 554/208 553/205
f 551/243 553/205 552/237
f 511/444 510/570 615/612
f 511/444 615/612 616/472
f 501/300 513/349 617/369
f 501/300 617/369 613/311
f 517/732 516/812 618/822
f 517/732 618/822 619/762
f 513/349 511/444 616/472
f 513/349 616/472 617/369
f 517/732 619/762 615/612
f 517/732 615/612 510/570
f 620/2129 621/1901 622/1900
f 620/2129 622/1900 623/2126
f 624/1370 625/1268 626/1257
f 624/1370 626/1257 627/1362
f 625/1268 529/1154 528/1145
f 625/1268 528/1145 626/1257
f 529/1154 527/1174 628/1069
f 529/1154 628/1069 530/1057
f 530/1057 628/1069 535/995
f 530/1057 535/995 532/982
f 539/920 538/916 533/977
f 539/920 533/977 532/982
f 516/812 537/863 629/876
f 516/812 629/876 618/822
f 537/863 539/920 534/933
f 537/863 534/933 629/876
f 596/2413 620/2129 623/2126
f 596/2413 623/2126 597/2414
f 630/1478 624/1370 627/1362
f 630/1478 627/1362 631/1471
f 632/1642 630/1478 631/1471
f 632/1642 631/1471 633/1634
f 621/1901 632/1642 633/1634
f 621/1901 633/1634 622/1900
f 502/270 614/278 507/252
f 502/270 507/252 551/243
f 554/208 506/224 485/194
f 554/208 485/194 555/186
f 607/161 634/135 635/132
f 607/161 635/132 608/155
f 634/135 491/106 490/104
f 634/135 490/104 635/132
f 2/4701 35/4710 24/4716
f 2/4701 24/4716 3/4709
f 9/4723 8/4719 21/4726
f 9/4723 21/4726 204/4729
f 8/4719 7/4712 29/4706
f 8/4719 29/4706 22/4714
f 3/4709 22/4714 29/4706
f 3/4709 29/4706 4/4699
f 33/4538 32/4509 209/4532
f 33/4538 209/4532 212/4555
f 36/4692 2/4701 1/4691
f 36/4692 1/4691 38/4683
f 48/4591 47/4621 54/4599
f 48/4591 54/4599 53/4572
f 47/4621 50/4646 55/4624
f 47/4621 55/4624 54/4599
f 50/4646 63/4674 64/4648
f 50/4646 64/4648 55/4624
f 63/4674 68/4686 65/4673
f 63/4674 65/4673 64/4648
f 68/4686 36/4692 38/4683
f 68/4686 38/4683 65/4673
f 87/4431 86/4384 636/4413
f 87/4431 636/4413 637/4450
f 89/4458 231/4474 234/4500
f 89/4458 234/4500 90/4484
f 117/4153 194/4077 191/3946
f 117/4153 191/3946 118/3993
f 121/4285 126/4231 194/4077
f 121/4285 194/4077 117/4153
f 118/3993 191/3946 189/3901
f 118/3993 189/3901 122/3926
f 125/3883 122/3926 189/3901
f 125/3883 189/3901 186/3863
f 86/4384 121/4285 120/4337
f 86/4384 120/4337 636/4413
f 175/2819 174/2615 245/2632
f 175/2819 245/2632 248/2836
f 177/3423 176/3332 249/3348
f 177/3423 249/3348 252/3443
f 178/3529 177/3423 252/3443
f 178/3529 252/3443 254/3551
f 178/3529 254/3551 638/3654
f 178/3529 638/3654 179/3639
f 179/3639 638/3654 181/3729
f 179/3639 181/3729 180/3717
f 180/3717 183/3781 145/3780
f 180/3717 145/3780 135/3718
f 125/3883 186/3863 188/3826
f 125/3883 188/3826 184/3838
f 183/3781 184/3838 188/3826
f 183/3781 188/3826 145/3780
f 174/2615 140/2613 270/2409
f 174/2615 270/2409 271/2410
f 176/3332 128/3322 274/3201
f 176/3332 274/3201 275/3209
f 275/3209 274/3201 278/3026
f 275/3209 278/3026 279/3040
f 279/3040 175/2819 248/2836
f 279/3040 248/2836 280/3079
f 87/4431 637/4450 231/4474
f 87/4431 231/4474 89/4458
f 32/4509 31/4492 91/4470
f 32/4509 91/4470 90/4484
f 291/4566 33/4538 212/4555
f 291/4566 212/4555 289/4582
f 48/4591 291/4566 289/4582
f 48/4591 289/4582 45/4613
f 300/36 299/28 312/21
f 300/36 312/21 322/27
f 10/14 205/8 309/11
f 10/14 309/11 301/17
f 301/17 311/22 314/31
f 301/17 314/31 302/25
f 299/28 298/38 314/31
f 299/28 314/31 311/22
f 317/199 483/184 482/207
f 317/199 482/207 318/231
f 321/45 324/55 297/46
f 321/45 297/46 300/36
f 332/148 340/166 339/138
f 332/148 339/138 333/119
f 333/119 339/138 342/113
f 333/119 342/113 335/92
f 335/92 342/113 350/90
f 335/92 350/90 348/63
f 348/63 350/90 352/64
f 348/63 352/64 353/51
f 353/51 352/64 324/55
f 353/51 324/55 321/45
f 365/310 639/290 640/332
f 365/310 640/332 366/362
f 371/280 370/258 505/240
f 371/280 505/240 504/265
f 399/601 398/756 468/793
f 399/601 468/793 471/673
f 401/463 399/601 471/673
f 401/463 471/673 406/517
f 398/756 403/815 466/840
f 398/756 466/840 468/793
f 405/855 463/880 466/840
f 405/855 466/840 403/815
f 366/362 640/332 400/411
f 366/362 400/411 401/463
f 451/1949 519/1933 518/2142
f 451/1949 518/2142 452/2150
f 453/1322 523/1305 522/1403
f 453/1322 522/1403 454/1419
f 455/1220 526/1203 523/1305
f 455/1220 523/1305 453/1322
f 455/1220 456/1109 641/1088
f 455/1220 641/1088 526/1203
f 456/1109 457/1026 458/1012
f 456/1109 458/1012 641/1088
f 457/1026 415/1025 426/961
f 457/1026 426/961 459/960
f 405/855 462/908 464/915
f 405/855 464/915 463/880
f 459/960 426/961 464/915
f 459/960 464/915 462/908
f 452/2150 271/2410 270/2409
f 452/2150 270/2409 418/2145
f 454/1419 545/1542 543/1550
f 454/1419 543/1550 410/1423
f 545/1542 549/1740 547/1749
f 545/1542 547/1749 543/1550
f 549/1740 548/1700 519/1933
f 549/1740 519/1933 451/1949
f 365/310 371/280 504/265
f 365/310 504/265 639/290
f 318/231 370/258 369/268
f 318/231 369/268 319/248
f 560/175 557/158 483/184
f 560/175 483/184 317/199
f 332/148 331/126 557/158
f 332/148 557/158 560/175
f 201/4731 567/4732 571/4735
f 201/4731 571/4735 202/4733
f 208/4727 207/4728 567/4732
f 208/4727 567/4732 201/4731
f 210/4546 286/4554 574/4578
f 210/4546 574/4578 211/4568
f 219/4708 226/4711 200/4718
f 219/4708 200/4718 220/4715
f 232/4485 283/4497 287/4530
f 232/4485 287/4530 233/4520
f 246/2648 586/2657 589/2867
f 246/2648 589/2867 247/2854
f 250/3366 590/3386 593/3486
f 250/3366 593/3486 251/3465
f 251/3465 593/3486 258/3595
f 251/3465 258/3595 253/3576
f 262/3810 261/3751 260/3761
f 262/3810 260/3761 265/3820
f 273/2412 596/2413 586/2657
f 273/2412 586/2657 246/2648
f 277/3261 598/3273 590/3386
f 277/3261 590/3386 250/3366
f 281/3110 600/3123 598/3273
f 281/3110 598/3273 277/3261
f 247/2854 589/2867 600/3123
f 247/2854 600/3123 281/3110
f 211/4568 574/4578 603/4604
f 211/4568 603/4604 288/4598
f 288/4598 603/4604 218/4632
f 288/4598 218/4632 296/4626
f 478/6 203/4 572/2
f 478/6 572/2 605/5
f 481/10 478/6 605/5
f 481/10 605/5 479/9
f 485/194 484/169 607/161
f 485/194 607/161 555/186
f 493/29 492/23 475/19
f 493/29 475/19 498/26
f 507/252 506/224 554/208
f 507/252 554/208 551/243
f 521/2136 520/1909 621/1901
f 521/2136 621/1901 620/2129
f 525/1384 524/1287 625/1268
f 525/1384 625/1268 624/1370
f 524/1287 527/1174 529/1154
f 524/1287 529/1154 625/1268
f 534/933 539/920 532/982
f 534/933 532/982 535/995
f 273/2412 521/2136 620/2129
f 273/2412 620/2129 596/2413
f 546/1486 525/1384 624/1370
f 546/1486 624/1370 630/1478
f 550/1668 546/1486 630/1478
f 550/1668 630/1478 632/1642
f 520/1909 550/1668 632/1642
f 520/1909 632/1642 621/1901
f 484/169 558/143 634/135
f 484/169 634/135 607/161
f 558/143 565/112 491/106
f 558/143 491/106 634/135
f 220/4715 566/4721 24/4716
f 220/4715 24/4716 35/4710
f 566/4721 208/4727 23/4722
f 566/4721 23/4722 24/4716
f 575/4679 49/4670 46/4640
f 575/4679 46/4640 576/4655
f 296/4626 576/4655 46/4640
f 296/4626 46/4640 45/4613
f 575/4679 577/4688 62/4684
f 575/4679 62/4684 49/4670
f 577/4688 578/4698 67/4693
f 577/4688 67/4693 62/4684
f 578/4698 219/4708 34/4702
f 578/4698 34/4702 67/4693
f 580/4430 579/4461 637/4450
f 580/4430 637/4450 636/4413
f 581/4280 116/4227 119/4081
f 581/4280 119/4081 582/4145
f 580/4430 636/4413 120/4337
f 580/4430 120/4337 583/4379
f 584/3988 123/3954 124/3902
f 584/3988 124/3902 585/3919
f 583/4379 120/4337 116/4227
f 583/4379 116/4227 581/4280
f 584/3988 582/4145 119/4081
f 584/3988 119/4081 123/3954
f 253/3576 594/3675 638/3654
f 253/3576 638/3654 254/3551
f 594/3675 261/3751 181/3729
f 594/3675 181/3729 638/3654
f 585/3919 124/3902 185/3851
f 585/3919 185/3851 595/3865
f 595/3865 185/3851 182/3794
f 595/3865 182/3794 262/3810
f 579/4461 232/4485 231/4474
f 579/4461 231/4474 637/4450
f 233/4520 210/4546 209/4532
f 233/4520 209/4532 234/4500
f 492/23 322/27 312/21
f 492/23 312/21 604/16
f 604/16 312/21 310/15
f 604/16 310/15 481/10
f 610/59 609/82 334/97
f 610/59 334/97 336/67
f 565/112 331/126 334/97
f 565/112 334/97 609/82
f 610/59 336/67 349/54
f 610/59 349/54 611/49
f 611/49 349/54 354/44
f 611/49 354/44 612/39
f 612/39 354/44 320/35
f 612/39 320/35 493/29
f 613/311 640/332 639/290
f 613/311 639/290 614/278
f 616/472 615/612 397/674
f 616/472 397/674 396/531
f 613/311 617/369 400/411
f 613/311 400/411 640/332
f 619/762 618/822 404/841
f 619/762 404/841 402/791
f 617/369 616/472 396/531
f 617/369 396/531 400/411
f 619/762 402/791 397/674
f 619/762 397/674 615/612
f 527/1174 526/1203 641/1088
f 527/1174 641/1088 628/1069
f 628/1069 641/1088 458/1012
f 628/1069 458/1012 535/995
f 618/822 629/876 461/892
f 618/822 461/892 404/841
f 629/876 534/933 460/949
f 629/876 460/949 461/892
f 614/278 639/290 504/265
f 614/278 504/265 507/252
f 506/224 505/240 482/207
f 506/224 482/207 485/194
f 642/2154 643/2180 644/2182
f 642/2154 644/2182 645/2155
f 646/2242 647/2231 648/2213
f 646/2242 648/2213 649/2217
f 650/2186 651/2128 652/2147
f 650/2186 652/2147 653/2183
f 647/2231 650/2186 653/2183
f 647/2231 653/2183 648/2213
f 653/2183 644/2182 649/2217
f 653/2183 649/2217 648/2213
f 644/2182 653/2183 652/2147
f 644/2182 652/2147 645/2155
f 645/2155 652/2147 654/2114
f 645/2155 654/2114 655/2135
f 656/2074 654/2114 652/2147
f 656/2074 652/2147 651/2128
f 649/2217 644/2182 643/2180
f 649/2217 643/2180 657/2206
f 645/2155 655/2135 658/2123
f 645/2155 658/2123 642/2154
f 658/2123 655/2135 654/2114
f 658/2123 654/2114 659/2084
f 660/2156 661/2172 662/2152
f 660/2156 662/2152 663/2141
f 643/2180 642/2154 662/2152
f 643/2180 662/2152 661/2172
f 664/2117 665/2119 663/2141
f 664/2117 663/2141 662/2152
f 658/2123 664/2117 662/2152
f 658/2123 662/2152 642/2154
f 666/2089 664/2117 667/2082
f 664/2117 666/2089 665/2119
f 661/2172 657/2206 643/2180
f 657/2206 661/2172 668/2184
f 659/2084 667/2082 664/2117
f 659/2084 664/2117 658/2123
f 666/2089 669/2103 665/2119
f 665/2119 669/2103 670/2138
f 665/2119 670/2138 663/2141
f 661/2172 671/2163 668/2184
f 671/2163 661/2172 660/2156
f 660/2156 663/2141 670/2138
f 660/2156 670/2138 671/2163
f 672/2075 669/2103 666/2089
f 672/2075 666/2089 673/2064
f 654/2114 656/2074 674/2059
f 654/2114 674/2059 659/2084
f 667/2082 659/2084 674/2059
f 667/2082 674/2059 675/2055
f 667/2082 675/2055 673/2064
f 667/2082 673/2064 666/2089
f 657/2206 676/2224 646/2242
f 657/2206 646/2242 649/2217
f 669/2103 672/2075 677/2094
f 677/2094 678/2127 670/2138
f 677/2094 670/2138 669/2103
f 679/2157 680/2189 668/2184
f 679/2157 668/2184 671/2163
f 678/2127 679/2157 671/2163
f 678/2127 671/2163 670/2138
f 680/2189 676/2224 657/2206
f 680/2189 657/2206 668/2184
f 681/2076 682/2095 683/2185
f 681/2076 683/2185 684/2171
f 685/2048 681/2076 684/2171
f 685/2048 684/2171 686/2148
f 686/2148 687/2250 688/2228
f 686/2148 688/2228 689/2120
f 686/2148 684/2171 690/2268
f 686/2148 690/2268 687/2250
f 683/2185 691/2275 690/2268
f 683/2185 690/2268 684/2171
f 692/1974 693/1989 681/2076
f 692/1974 681/2076 685/2048
f 694/2005 682/2095 681/2076
f 694/2005 681/2076 693/1989
f 687/2250 690/2268 695/2325
f 687/2250 695/2325 696/2326
f 690/2268 691/2275 697/2324
f 690/2268 697/2324 695/2325
f 688/2228 687/2250 696/2326
f 688/2228 696/2326 698/2327
f 699/2215 688/2228 698/2327
f 699/2215 698/2327 700/2329
f 701/2096 689/2120 688/2228
f 701/2096 688/2228 699/2215
f 689/2120 701/2096 702/1994
f 689/2120 702/1994 703/2024
f 703/2024 702/1994 704/1920
f 703/2024 704/1920 705/1950
f 706/1844 707/1866 705/1950
f 706/1844 705/1950 704/1920
f 708/1893 709/1911 693/1989
f 708/1893 693/1989 692/1974
f 709/1911 710/1931 694/2005
f 709/1911 694/2005 693/1989
f 707/1866 708/1893 692/1974
f 707/1866 692/1974 705/1950
f 705/1950 692/1974 685/2048
f 705/1950 685/2048 703/2024
f 685/2048 686/2148 689/2120
f 685/2048 689/2120 703/2024
f 710/1931 709/1911 711/1833
f 710/1931 711/1833 712/1846
f 713/1811 711/1833 709/1911
f 713/1811 709/1911 708/1893
f 714/1796 713/1811 708/1893
f 714/1796 708/1893 707/1866
f 715/1776 714/1796 707/1866
f 715/1776 707/1866 706/1844
f 682/2095 694/2005 716/2010
f 682/2095 716/2010 717/2101
f 683/2185 682/2095 717/2101
f 683/2185 717/2101 718/2195
f 694/2005 710/1931 719/1939
f 694/2005 719/1939 716/2010
f 712/1846 720/1856 719/1939
f 712/1846 719/1939 710/1931
f 721/1943 722/2011 716/2010
f 721/1943 716/2010 719/1939
f 718/2195 717/2101 723/2099
f 718/2195 723/2099 724/2194
f 717/2101 716/2010 722/2011
f 717/2101 722/2011 723/2099
f 725/1858 721/1943 719/1939
f 725/1858 719/1939 720/1856
f 691/2275 683/2185 718/2195
f 691/2275 718/2195 726/2279
f 718/2195 724/2194 727/2280
f 718/2195 727/2280 726/2279
f 711/1833 728/1771 729/1781
f 711/1833 729/1781 712/1846
f 713/1811 730/1763 728/1771
f 713/1811 728/1771 711/1833
f 731/1751 732/1786 729/1781
f 731/1751 729/1781 733/1743
f 715/1776 734/1726 735/1720
f 715/1776 735/1720 714/1796
f 734/1726 736/1689 737/1667
f 734/1726 737/1667 735/1720
f 713/1811 714/1796 735/1720
f 713/1811 735/1720 730/1763
f 712/1846 729/1781 732/1786
f 712/1846 732/1786 720/1856
f 731/1751 738/1762 739/1798
f 731/1751 739/1798 732/1786
f 739/1798 725/1858 720/1856
f 739/1798 720/1856 732/1786
f 729/1781 728/1771 740/1736
f 729/1781 740/1736 733/1743
f 741/1721 740/1736 728/1771
f 741/1721 728/1771 730/1763
f 742/1692 741/1721 730/1763
f 742/1692 730/1763 735/1720
f 735/1720 737/1667 743/1658
f 735/1720 743/1658 742/1692
f 744/1734 745/1744 731/1751
f 744/1734 731/1751 733/1743
f 738/1762 731/1751 745/1744
f 741/1721 746/1703 747/1724
f 741/1721 747/1724 740/1736
f 740/1736 747/1724 744/1734
f 740/1736 744/1734 733/1743
f 743/1658 748/1662 749/1687
f 743/1658 749/1687 742/1692
f 741/1721 742/1692 749/1687
f 741/1721 749/1687 746/1703
f 750/2051 751/1958 752/1956
f 750/2051 752/1956 753/2041
f 753/2041 752/1956 754/1944
f 753/2041 754/1944 755/2028
f 750/2051 753/2041 756/2190
f 750/2051 756/2190 757/2216
f 753/2041 755/2028 758/2177
f 753/2041 758/2177 756/2190
f 759/2239 760/2079 761/2066
f 759/2239 761/2066 762/2234
f 760/2079 763/1968 764/1966
f 760/2079 764/1966 761/2066
f 765/2097 766/1978 763/1968
f 765/2097 763/1968 760/2079
f 767/2243 765/2097 760/2079
f 767/2243 760/2079 759/2239
f 759/2239 768/2376 769/2382
f 759/2239 769/2382 767/2243
f 762/2234 757/2216 770/2354
f 762/2234 770/2354 771/2359
f 761/2066 750/2051 757/2216
f 761/2066 757/2216 762/2234
f 764/1966 751/1958 750/2051
f 764/1966 750/2051 761/2066
f 772/2116 773/1991 766/1978
f 772/2116 766/1978 765/2097
f 767/2243 774/2251 772/2116
f 767/2243 772/2116 765/2097
f 775/1857 776/1849 754/1944
f 775/1857 754/1944 752/1956
f 777/1862 775/1857 752/1956
f 777/1862 752/1956 751/1958
f 778/1868 779/1785 780/1783
f 778/1868 780/1783 777/1862
f 778/1868 777/1862 751/1958
f 778/1868 751/1958 764/1966
f 763/1968 781/1874 778/1868
f 763/1968 778/1868 764/1966
f 781/1874 782/1801 779/1785
f 781/1874 779/1785 778/1868
f 766/1978 783/1892 781/1874
f 766/1978 781/1874 763/1968
f 784/1746 785/1741 786/1752
f 784/1746 786/1752 787/1769
f 788/1812 782/1801 781/1874
f 788/1812 781/1874 783/1892
f 786/1752 782/1801 788/1812
f 786/1752 788/1812 787/1769
f 773/1991 789/1907 783/1892
f 773/1991 783/1892 766/1978
f 790/1768 784/1746 787/1769
f 791/1832 788/1812 783/1892
f 791/1832 783/1892 789/1907
f 790/1768 787/1769 788/1812
f 790/1768 788/1812 791/1832
f 792/1772 780/1783 793/1725
f 792/1772 793/1725 794/1709
f 795/1710 796/1691 794/1709
f 795/1710 794/1709 793/1725
f 797/1761 792/1772 794/1709
f 797/1761 794/1709 798/1693
f 794/1709 796/1691 799/1672
f 794/1709 799/1672 798/1693
f 780/1783 779/1785 800/1738
f 780/1783 800/1738 793/1725
f 795/1710 793/1725 800/1738
f 795/1710 800/1738 801/1728
f 775/1857 792/1772 797/1761
f 775/1857 797/1761 776/1849
f 775/1857 777/1862 780/1783
f 775/1857 780/1783 792/1772
f 800/1738 779/1785 782/1801
f 800/1738 782/1801 786/1752
f 801/1728 800/1738 786/1752
f 801/1728 786/1752 785/1741
f 802/1443 803/1438 804/1376
f 802/1443 804/1376 805/1383
f 806/1228 807/1240 808/1282
f 806/1228 808/1282 809/1264
f 809/1264 808/1282 810/1325
f 809/1264 810/1325 811/1316
f 811/1316 810/1325 805/1383
f 811/1316 805/1383 804/1376
f 812/1596 813/1605 814/1516
f 812/1596 814/1516 815/1515
f 802/1443 815/1515 814/1516
f 802/1443 814/1516 803/1438
f 816/1400 817/1405 818/1459
f 816/1400 818/1459 819/1457
f 820/1349 821/1358 817/1405
f 820/1349 817/1405 816/1400
f 822/1311 823/1317 821/1358
f 822/1311 821/1358 820/1349
f 824/1279 825/1283 823/1317
f 824/1279 823/1317 822/1311
f 819/1457 818/1459 826/1522
f 819/1457 826/1522 827/1524
f 828/1455 829/1450 830/1389
f 828/1455 830/1389 831/1395
f 832/1343 820/1349 816/1400
f 832/1343 816/1400 831/1395
f 833/1331 832/1343 831/1395
f 833/1331 831/1395 830/1389
f 832/1343 834/1298 822/1311
f 832/1343 822/1311 820/1349
f 833/1331 835/1292 834/1298
f 833/1331 834/1298 832/1343
f 824/1279 822/1311 834/1298
f 824/1279 834/1298 836/1263
f 836/1263 834/1298 835/1292
f 836/1263 835/1292 837/1252
f 819/1457 828/1455 831/1395
f 819/1457 831/1395 816/1400
f 828/1455 819/1457 827/1524
f 828/1455 827/1524 838/1521
f 802/1443 805/1383 830/1389
f 802/1443 830/1389 829/1450
f 807/1240 837/1252 835/1292
f 807/1240 835/1292 808/1282
f 808/1282 835/1292 833/1331
f 808/1282 833/1331 810/1325
f 833/1331 830/1389 805/1383
f 833/1331 805/1383 810/1325
f 802/1443 829/1450 839/1519
f 802/1443 839/1519 815/1515
f 839/1519 840/1594 812/1596
f 839/1519 812/1596 815/1515
f 839/1519 838/1521 841/1590
f 839/1519 841/1590 840/1594
f 827/1524 842/1588 841/1590
f 827/1524 841/1590 838/1521
f 827/1524 826/1522 843/1583
f 827/1524 843/1583 842/1588
f 841/1590 844/1664 845/1678
f 841/1590 845/1678 840/1594
f 842/1588 846/1651 844/1664
f 842/1588 844/1664 841/1590
f 843/1583 847/1637 846/1651
f 843/1583 846/1651 842/1588
f 840/1594 845/1678 848/1697
f 840/1594 848/1697 812/1596
f 817/1405 849/1406 850/1460
f 817/1405 850/1460 818/1459
f 818/1459 850/1460 851/1512
f 818/1459 851/1512 826/1522
f 817/1405 821/1358 852/1369
f 817/1405 852/1369 849/1406
f 821/1358 823/1317 853/1324
f 821/1358 853/1324 852/1369
f 823/1317 825/1283 854/1291
f 823/1317 854/1291 853/1324
f 826/1522 851/1512 855/1567
f 826/1522 855/1567 843/1583
f 855/1567 856/1618 847/1637
f 855/1567 847/1637 843/1583
f 838/1521 839/1519 829/1450
f 838/1521 829/1450 828/1455
f 857/1157 858/1171 859/1191
f 857/1157 859/1191 860/1172
f 806/1228 861/1200 862/1211
f 806/1228 862/1211 807/1240
f 836/1263 837/1252 863/1225
f 836/1263 863/1225 864/1235
f 824/1279 836/1263 864/1235
f 824/1279 864/1235 865/1243
f 865/1243 866/1250 825/1283
f 865/1243 825/1283 824/1279
f 867/1224 868/1212 869/1193
f 867/1224 869/1193 870/1206
f 870/1206 871/1213 872/1234
f 870/1206 872/1234 867/1224
f 873/1714 874/1717 875/1747
f 873/1714 875/1747 876/1739
f 869/1193 868/1212 877/1204
f 869/1193 877/1204 878/1181
f 878/1181 877/1204 859/1191
f 878/1181 859/1191 858/1171
f 879/1647 880/1713 881/1702
f 879/1647 881/1702 882/1643
f 883/1247 884/1288 885/1295
f 883/1247 885/1295 886/1260
f 882/1643 887/1632 888/1573
f 882/1643 888/1573 889/1581
f 882/1643 881/1702 890/1686
f 882/1643 890/1686 887/1632
f 891/1329 892/1336 885/1295
f 891/1329 885/1295 884/1288
f 893/1510 894/1509 889/1581
f 893/1510 889/1581 888/1573
f 891/1329 895/1382 896/1388
f 891/1329 896/1388 892/1336
f 895/1382 897/1441 898/1444
f 895/1382 898/1444 896/1388
f 893/1510 898/1444 897/1441
f 893/1510 897/1441 894/1509
f 866/1250 899/1254 854/1291
f 866/1250 854/1291 825/1283
f 900/1223 901/1241 872/1234
f 900/1223 872/1234 871/1213
f 902/2210 903/2261 904/2274
f 902/2210 904/2274 905/2248
f 903/2261 906/2278 907/2291
f 903/2261 907/2291 904/2274
f 902/2210 905/2248 908/2230
f 902/2210 908/2230 909/2178
f 910/2220 911/2162 909/2178
f 910/2220 909/2178 908/2230
f 912/2052 913/2125 914/2111
f 912/2052 914/2111 915/2038
f 915/2038 914/2111 916/2085
f 915/2038 916/2085 917/2021
f 911/2162 916/2085 914/2111
f 911/2162 914/2111 909/2178
f 914/2111 913/2125 902/2210
f 914/2111 902/2210 909/2178
f 918/2266 919/2247 647/2231
f 918/2266 647/2231 646/2242
f 920/2071 651/2128 921/2140
f 651/2128 920/2071 656/2074
f 650/2186 922/2205 921/2140
f 650/2186 921/2140 651/2128
f 650/2186 647/2231 919/2247
f 650/2186 919/2247 922/2205
f 902/2210 922/2205 919/2247
f 902/2210 919/2247 903/2261
f 906/2278 903/2261 919/2247
f 906/2278 919/2247 918/2266
f 920/2071 921/2140 913/2125
f 920/2071 913/2125 912/2052
f 902/2210 913/2125 921/2140
f 902/2210 921/2140 922/2205
f 923/2225 924/2337 925/2340
f 923/2225 925/2340 926/2233
f 923/2225 926/2233 927/2056
f 923/2225 927/2056 928/2047
f 929/2232 926/2233 925/2340
f 929/2232 925/2340 930/2343
f 931/2053 932/2057 929/2232
f 931/2053 929/2232 933/2227
f 934/1448 935/1555 936/1563
f 934/1448 936/1563 937/1464
f 936/1563 935/1555 938/1718
f 936/1563 938/1718 939/1742
f 938/1718 940/1896 941/1906
f 938/1718 941/1906 939/1742
f 941/1906 940/1896 928/2047
f 941/1906 928/2047 927/2056
f 942/1106 943/1084 944/1066
f 942/1106 944/1066 945/1087
f 946/1111 947/1151 948/1136
f 946/1111 948/1136 949/1092
f 950/1169 947/1151 946/1111
f 950/1169 946/1111 951/1135
f 947/1151 952/1208 953/1198
f 947/1151 953/1198 948/1136
f 954/1180 955/1190 956/1277
f 954/1180 956/1277 957/1272
f 958/1560 959/1451 960/1463
f 958/1560 960/1463 961/1564
f 962/1733 958/1560 961/1564
f 962/1733 961/1564 963/1745
f 964/1910 932/2057 931/2053
f 964/1910 931/2053 965/1904
f 939/1742 941/1906 964/1910
f 939/1742 964/1910 963/1745
f 961/1564 936/1563 939/1742
f 961/1564 939/1742 963/1745
f 960/1463 937/1464 936/1563
f 960/1463 936/1563 961/1564
f 966/1367 967/1364 957/1272
f 966/1367 957/1272 956/1277
f 966/1367 937/1464 960/1463
f 966/1367 960/1463 967/1364
f 964/1910 941/1906 927/2056
f 964/1910 927/2056 932/2057
f 968/887 969/864 970/885
f 968/887 970/885 971/907
f 972/871 970/885 969/864
f 972/871 969/864 973/851
f 974/845 969/864 968/887
f 974/845 968/887 975/869
f 976/823 974/845 975/869
f 976/823 975/869 977/850
f 968/887 978/914 979/896
f 968/887 979/896 975/869
f 971/907 980/930 978/914
f 971/907 978/914 968/887
f 975/869 979/896 981/874
f 975/869 981/874 977/850
f 976/823 982/801 983/826
f 976/823 983/826 974/845
f 974/845 983/826 973/851
f 974/845 973/851 969/864
f 984/988 985/1009 986/1075
f 984/988 986/1075 987/1053
f 988/968 989/927 990/947
f 988/968 990/947 984/988
f 990/947 991/965 985/1009
f 990/947 985/1009 984/988
f 992/946 993/910 989/927
f 992/946 989/927 988/968
f 988/968 994/1027 995/997
f 988/968 995/997 992/946
f 984/988 987/1053 994/1027
f 984/988 994/1027 988/968
f 954/1180 957/1272 996/1261
f 954/1180 996/1261 997/1166
f 998/1090 999/1108 954/1180
f 998/1090 954/1180 997/1166
f 959/1451 1000/1354 967/1364
f 959/1451 967/1364 960/1463
f 996/1261 957/1272 967/1364
f 996/1261 967/1364 1000/1354
f 1001/1095 986/1075 985/1009
f 1001/1095 985/1009 1002/1031
f 991/965 1003/981 1002/1031
f 991/965 1002/1031 985/1009
f 1004/1123 955/1190 954/1180
f 1004/1123 954/1180 999/1108
f 1005/1062 1006/1080 1004/1123
f 1005/1062 1004/1123 999/1108
f 1007/1034 1008/1008 1009/1028
f 1007/1034 1009/1028 1010/1046
f 1007/1034 1011/1017 1012/990
f 1007/1034 1012/990 1008/1008
f 1005/1062 999/1108 998/1090
f 1005/1062 998/1090 1013/1044
f 997/1166 1014/1150 1015/1079
f 997/1166 1015/1079 998/1090
f 1016/1061 1015/1079 1014/1150
f 1016/1061 1014/1150 1017/1133
f 1018/1033 1015/1079 1016/1061
f 1018/1033 1016/1061 1019/1016
f 998/1090 1015/1079 1018/1033
f 998/1090 1018/1033 1013/1044
f 1011/1017 1020/998 1021/973
f 1011/1017 1021/973 1012/990
f 1022/1386 1023/1285 1024/1301
f 1022/1386 1024/1301 1025/1401
f 1026/1483 1022/1386 1025/1401
f 1026/1483 1025/1401 1027/1508
f 1027/1508 1025/1401 1028/1412
f 1027/1508 1028/1412 1029/1530
f 1025/1401 1024/1301 1030/1319
f 1025/1401 1030/1319 1028/1412
f 1031/2207 1032/2212 1033/2378
f 1031/2207 1033/2378 1034/2381
f 1035/2214 1036/2375 1033/2378
f 1035/2214 1033/2378 1032/2212
f 1037/1631 1026/1483 1027/1508
f 1037/1631 1027/1508 1038/1656
f 1038/1656 1027/1508 1029/1530
f 1038/1656 1029/1530 1039/1677
f 1040/2179 1041/2158 1042/1959
f 1040/2179 1042/1959 1043/1980
f 1044/1799 1045/1754 1046/1543
f 1044/1799 1046/1543 1047/1572
f 1048/1852 1037/1631 1038/1656
f 1048/1852 1038/1656 1049/1869
f 1050/2015 1051/2026 1032/2212
f 1050/2015 1032/2212 1031/2207
f 1038/1656 1039/1677 1052/1880
f 1038/1656 1052/1880 1049/1869
f 1032/2212 1051/2026 1053/2031
f 1032/2212 1053/2031 1035/2214
f 1054/1918 1042/1959 1041/2158
f 1054/1918 1041/2158 1055/2133
f 1056/1494 1046/1543 1045/1754
f 1056/1494 1045/1754 1057/1679
f 1058/1335 1059/1229 1060/1258
f 1058/1335 1060/1258 1061/1365
f 1062/1107 1063/1141 1060/1258
f 1062/1107 1060/1258 1059/1229
f 1064/1469 1065/1442 1058/1335
f 1064/1469 1058/1335 1061/1365
f 1063/1141 1066/1168 1023/1285
f 1063/1141 1023/1285 1060/1258
f 1061/1365 1060/1258 1023/1285
f 1061/1365 1023/1285 1022/1386
f 1064/1469 1061/1365 1022/1386
f 1064/1469 1022/1386 1026/1483
f 1067/2192 1031/2207 1034/2381
f 1067/2192 1034/2381 1068/2386
f 1069/1612 1047/1572 1065/1442
f 1069/1612 1065/1442 1064/1469
f 1064/1469 1026/1483 1037/1631
f 1064/1469 1037/1631 1069/1612
f 1044/1799 1047/1572 1069/1612
f 1044/1799 1069/1612 1070/1826
f 1043/1980 1071/1997 1067/2192
f 1043/1980 1067/2192 1040/2179
f 1037/1631 1048/1852 1070/1826
f 1037/1631 1070/1826 1069/1612
f 1050/2015 1031/2207 1067/2192
f 1050/2015 1067/2192 1071/1997
f 1072/1042 944/1066 943/1084
f 1072/1042 943/1084 1073/1065
f 1058/1335 1074/1300 1075/1179
f 1058/1335 1075/1179 1059/1229
f 1076/1271 1077/1142 1075/1179
f 1076/1271 1075/1179 1074/1300
f 1047/1572 1046/1543 1078/1408
f 1047/1572 1078/1408 1065/1442
f 1076/1271 1074/1300 1078/1408
f 1076/1271 1078/1408 1079/1380
f 1079/1380 1078/1408 1046/1543
f 1079/1380 1046/1543 1056/1494
f 1065/1442 1078/1408 1074/1300
f 1065/1442 1074/1300 1058/1335
f 1075/1179 1077/1142 1080/1038
f 1075/1179 1080/1038 1081/1068
f 1082/922 1083/950 980/930
f 1082/922 980/930 971/907
f 1020/998 1084/979 1085/956
f 1020/998 1085/956 1021/973
f 1086/966 1083/950 1082/922
f 1086/966 1082/922 1087/940
f 979/896 978/914 990/947
f 979/896 990/947 989/927
f 978/914 980/930 991/965
f 978/914 991/965 990/947
f 981/874 979/896 989/927
f 981/874 989/927 993/910
f 991/965 980/930 1083/950
f 991/965 1083/950 1003/981
f 987/1053 986/1075 1066/1168
f 987/1053 1066/1168 1063/1141
f 987/1053 1063/1141 1062/1107
f 987/1053 1062/1107 994/1027
f 1088/1197 1066/1168 986/1075
f 1088/1197 986/1075 1001/1095
f 1062/1107 1081/1068 995/997
f 1062/1107 995/997 994/1027
f 1089/1422 1090/1432 1091/1547
f 1089/1422 1091/1547 1092/1536
f 958/1560 1091/1547 1090/1432
f 958/1560 1090/1432 959/1451
f 1093/2218 1094/2223 1095/2355
f 1093/2218 1095/2355 1096/2366
f 1097/1711 1098/1690 1092/1536
f 1097/1711 1092/1536 1091/1547
f 962/1733 1097/1711 1091/1547
f 962/1733 1091/1547 958/1560
f 1093/2218 1099/2036 1100/2043
f 1093/2218 1100/2043 1094/2223
f 1101/1894 1102/1887 1098/1690
f 1101/1894 1098/1690 1097/1711
f 965/1904 1101/1894 1097/1711
f 965/1904 1097/1711 962/1733
f 933/2227 1094/2223 1100/2043
f 933/2227 1100/2043 931/2053
f 996/1261 1103/1245 1014/1150
f 996/1261 1014/1150 997/1166
f 1017/1133 1014/1150 1103/1245
f 1017/1133 1103/1245 1104/1233
f 959/1451 1090/1432 1105/1338
f 959/1451 1105/1338 1000/1354
f 1089/1422 1106/1327 1105/1338
f 1089/1422 1105/1338 1090/1432
f 1000/1354 1105/1338 1103/1245
f 1000/1354 1103/1245 996/1261
f 1103/1245 1105/1338 1106/1327
f 1103/1245 1106/1327 1104/1233
f 1066/1168 1088/1197 1024/1301
f 1066/1168 1024/1301 1023/1285
f 929/2232 930/2343 1107/2348
f 929/2232 1107/2348 933/2227
f 932/2057 927/2056 926/2233
f 932/2057 926/2233 929/2232
f 1108/2283 1109/2276 1110/2389
f 1108/2283 1110/2389 1111/2387
f 1112/1281 1113/1310 1114/1385
f 1112/1281 1114/1385 1115/1340
f 1116/1954 1117/2008 1118/1961
f 1116/1954 1118/1961 1119/1881
f 1120/2132 1121/2252 1122/2271
f 1120/2132 1122/2271 1123/2173
f 1117/2008 1124/2029 1125/1951
f 1117/2008 1125/1951 1118/1961
f 1126/1817 1119/1881 1118/1961
f 1126/1817 1118/1961 1125/1951
f 1127/2187 1123/2173 1122/2271
f 1127/2187 1122/2271 1109/2276
f 1128/2202 1127/2187 1109/2276
f 1128/2202 1109/2276 1108/2283
f 1115/1340 1129/1320 1130/1256
f 1115/1340 1130/1256 1112/1281
f 1131/1309 1132/1251 1130/1256
f 1131/1309 1130/1256 1129/1320
f 1133/1391 1134/1417 1135/1381
f 1133/1391 1135/1381 1136/1351
f 1137/1312 1136/1351 1135/1381
f 1137/1312 1135/1381 1138/1337
f 1137/1312 1139/1290 1140/1328
f 1137/1312 1140/1328 1136/1351
f 1141/1265 1142/1313 1140/1328
f 1141/1265 1140/1328 1139/1290
f 1143/882 1144/898 1145/925
f 1143/882 1145/925 1146/911
f 1147/810 1148/836 1149/853
f 1147/810 1149/853 1150/827
f 1151/976 1152/943 1153/923
f 1151/976 1153/923 1154/959
f 1143/882 1155/872 1156/843
f 1143/882 1156/843 1157/849
f 1158/906 1159/924 1144/898
f 1158/906 1144/898 1160/879
f 1160/879 1144/898 1143/882
f 1160/879 1143/882 1157/849
f 1153/923 1161/893 1162/873
f 1153/923 1162/873 1163/909
f 1153/923 1163/909 1164/945
f 1153/923 1164/945 1154/959
f 1165/913 1166/884 1167/862
f 1165/913 1167/862 1161/893
f 1161/893 1167/862 1168/847
f 1161/893 1168/847 1162/873
f 1169/818 1168/847 1167/862
f 1169/818 1167/862 1148/836
f 1169/818 1148/836 1147/810
f 1169/818 1147/810 1170/781
f 1149/853 1148/836 1167/862
f 1149/853 1167/862 1166/884
f 1149/853 1160/879 1157/849
f 1149/853 1157/849 1150/827
f 1166/884 1158/906 1160/879
f 1166/884 1160/879 1149/853
f 1152/943 1165/913 1161/893
f 1152/943 1161/893 1153/923
f 1165/913 1171/934 1158/906
f 1165/913 1158/906 1166/884
f 1171/934 1172/953 1159/924
f 1171/934 1159/924 1158/906
f 1173/962 1174/980 1172/953
f 1173/962 1172/953 1171/934
f 1152/943 1173/962 1171/934
f 1152/943 1171/934 1165/913
f 1175/2016 1176/1941 1177/1937
f 1175/2016 1177/1937 1178/2013
f 1179/1532 1180/1482 1181/1454
f 1179/1532 1181/1454 1182/1480
f 1183/1565 1184/1538 1180/1482
f 1183/1565 1180/1482 1179/1532
f 1185/1619 1186/1589 1184/1538
f 1185/1619 1184/1538 1183/1565
f 1187/1688 1188/1648 1186/1589
f 1187/1688 1186/1589 1185/1619
f 1184/1538 1186/1589 1189/1557
f 1184/1538 1189/1557 1190/1501
f 1191/1458 1180/1482 1184/1538
f 1191/1458 1184/1538 1190/1501
f 1180/1482 1191/1458 1192/1413
f 1180/1482 1192/1413 1181/1454
f 1193/1753 1194/1774 1195/1850
f 1193/1753 1195/1850 1196/1842
f 1197/1859 1195/1850 1194/1774
f 1197/1859 1194/1774 1198/1803
f 1199/1929 1195/1850 1197/1859
f 1199/1929 1197/1859 1200/1938
f 1201/1537 1202/1472 1190/1501
f 1201/1537 1190/1501 1189/1557
f 1203/1420 1191/1458 1190/1501
f 1203/1420 1190/1501 1202/1472
f 1192/1413 1191/1458 1203/1420
f 1192/1413 1203/1420 1204/1378
f 1201/1537 1189/1557 1205/1622
f 1201/1537 1205/1622 1206/1611
f 1187/1688 1194/1774 1193/1753
f 1187/1688 1193/1753 1188/1648
f 1207/1732 1205/1622 1188/1648
f 1207/1732 1188/1648 1193/1753
f 1208/1723 1209/1716 1210/1597
f 1208/1723 1210/1597 1206/1611
f 1208/1723 1206/1611 1205/1622
f 1208/1723 1205/1622 1207/1732
f 1201/1537 1206/1611 1210/1597
f 1201/1537 1210/1597 1211/1520
f 1186/1589 1188/1648 1205/1622
f 1186/1589 1205/1622 1189/1557
f 1212/2121 1213/2191 1214/2208
f 1212/2121 1214/2208 1215/2146
f 1215/2146 1214/2208 1216/2236
f 1215/2146 1216/2236 1217/2175
f 1212/2121 1215/2146 1218/2078
f 1212/2121 1218/2078 1219/2045
f 1215/2146 1217/2175 1220/2112
f 1215/2146 1220/2112 1218/2078
f 1221/1987 1222/1984 1223/1964
f 1221/1987 1223/1964 1224/1962
f 1225/2023 1226/2009 1222/1984
f 1225/2023 1222/1984 1221/1987
f 1227/2035 1228/2063 1229/2040
f 1227/2035 1229/2040 1230/2004
f 1231/1969 1230/2004 1221/1987
f 1231/1969 1221/1987 1224/1962
f 1227/2035 1218/2078 1220/2112
f 1227/2035 1220/2112 1228/2063
f 1230/2004 1229/2040 1225/2023
f 1230/2004 1225/2023 1221/1987
f 1230/2004 1231/1969 1232/1981
f 1230/2004 1232/1981 1227/2035
f 1233/2019 1219/2045 1232/1981
f 1233/2019 1232/1981 1234/1955
f 1219/2045 1227/2035 1232/1981
f 1227/2035 1219/2045 1218/2078
f 1219/2045 1233/2019 1235/2115
f 1219/2045 1235/2115 1212/2121
f 1236/2020 912/2052 915/2038
f 1236/2020 915/2038 1237/1992
f 1226/2009 1236/2020 1237/1992
f 1226/2009 1237/1992 1222/1984
f 1238/1975 1237/1992 915/2038
f 1238/1975 915/2038 917/2021
f 1223/1964 1222/1984 1237/1992
f 1223/1964 1237/1992 1238/1975
f 1239/2235 1240/2267 1241/2290
f 1239/2235 1241/2290 1242/2270
f 1241/2290 907/2291 906/2278
f 1241/2290 906/2278 1242/2270
f 1217/2175 1216/2236 1240/2267
f 1217/2175 1240/2267 1239/2235
f 1243/1988 1244/1990 1200/1938
f 1243/1988 1200/1938 1245/1945
f 1246/1879 1247/1890 1248/1963
f 1246/1879 1248/1963 1245/1945
f 1200/1938 1197/1859 1246/1879
f 1200/1938 1246/1879 1245/1945
f 1249/1821 1250/1843 1247/1890
f 1249/1821 1247/1890 1246/1879
f 1198/1803 1249/1821 1246/1879
f 1198/1803 1246/1879 1197/1859
f 673/2064 675/2055 1251/2032
f 673/2064 1251/2032 1252/2044
f 1252/2044 1251/2032 1226/2009
f 1252/2044 1226/2009 1225/2023
f 678/2127 1253/2122 1254/2164
f 678/2127 1254/2164 679/2157
f 1217/2175 1254/2164 1253/2122
f 1217/2175 1253/2122 1220/2112
f 1255/2060 1229/2040 1228/2063
f 1255/2060 1228/2063 1256/2080
f 1256/2080 677/2094 672/2075
f 1256/2080 672/2075 1255/2060
f 1255/2060 672/2075 673/2064
f 1255/2060 673/2064 1252/2044
f 1225/2023 1229/2040 1255/2060
f 1225/2023 1255/2060 1252/2044
f 678/2127 677/2094 1256/2080
f 678/2127 1256/2080 1253/2122
f 1228/2063 1220/2112 1253/2122
f 1228/2063 1253/2122 1256/2080
f 656/2074 1257/2042 674/2059
f 1257/2042 656/2074 920/2071
f 675/2055 674/2059 1257/2042
f 675/2055 1257/2042 1251/2032
f 1257/2042 1236/2020 1226/2009
f 1257/2042 1226/2009 1251/2032
f 1257/2042 920/2071 912/2052
f 1257/2042 912/2052 1236/2020
f 680/2189 1258/2211 1259/2245
f 680/2189 1259/2245 676/2224
f 1258/2211 1239/2235 1242/2270
f 1258/2211 1242/2270 1259/2245
f 1259/2245 1242/2270 906/2278
f 1259/2245 906/2278 918/2266
f 1217/2175 1239/2235 1258/2211
f 1217/2175 1258/2211 1254/2164
f 676/2224 1259/2245 918/2266
f 676/2224 918/2266 646/2242
f 680/2189 679/2157 1254/2164
f 680/2189 1254/2164 1258/2211
f 1260/1022 1261/996 1262/1030
f 1260/1022 1262/1030 1263/1056
f 1264/1081 1263/1056 1265/1091
f 1264/1081 1265/1091 1266/1129
f 1265/1091 1263/1056 1262/1030
f 1265/1091 1262/1030 1267/1063
f 1265/1091 1267/1063 1268/1102
f 1265/1091 1268/1102 1269/1139
f 1269/1139 1270/1183 1266/1129
f 1269/1139 1266/1129 1265/1091
f 1271/834 1156/843 1155/872
f 1271/834 1155/872 1272/865
f 1273/937 1274/905 1275/901
f 1273/937 1275/901 1276/931
f 1155/872 1275/901 1274/905
f 1155/872 1274/905 1272/865
f 1263/1056 1264/1081 1277/1040
f 1263/1056 1277/1040 1260/1022
f 1278/957 1279/964 1273/937
f 1278/957 1273/937 1276/931
f 1280/983 1281/986 1279/964
f 1280/983 1279/964 1278/957
f 1282/1021 1283/1004 1284/974
f 1282/1021 1284/974 1285/993
f 1286/963 1284/974 1283/1004
f 1286/963 1283/1004 1287/987
f 1277/1040 1282/1021 1285/993
f 1277/1040 1285/993 1260/1022
f 1288/952 1145/925 1289/948
f 1288/952 1289/948 1290/969
f 1260/1022 1285/993 1290/969
f 1260/1022 1290/969 1261/996
f 1290/969 1285/993 1284/974
f 1290/969 1284/974 1288/952
f 1291/936 1286/963 1278/957
f 1291/936 1278/957 1276/931
f 1287/987 1280/983 1278/957
f 1287/987 1278/957 1286/963
f 1286/963 1291/936 1288/952
f 1286/963 1288/952 1284/974
f 1276/931 1275/901 1146/911
f 1276/931 1146/911 1291/936
f 1291/936 1146/911 1145/925
f 1291/936 1145/925 1288/952
f 1159/924 1172/953 1292/972
f 1159/924 1292/972 1289/948
f 1275/901 1155/872 1143/882
f 1275/901 1143/882 1146/911
f 1159/924 1289/948 1145/925
f 1159/924 1145/925 1144/898
f 1290/969 1289/948 1292/972
f 1290/969 1292/972 1261/996
f 1293/1006 1292/972 1172/953
f 1293/1006 1172/953 1174/980
f 1151/976 1294/992 1173/962
f 1151/976 1173/962 1152/943
f 1261/996 1292/972 1293/1006
f 1261/996 1293/1006 1262/1030
f 1295/1037 1296/1015 1297/1051
f 1295/1037 1297/1051 1298/1074
f 1262/1030 1293/1006 1295/1037
f 1262/1030 1295/1037 1267/1063
f 1293/1006 1174/980 1296/1015
f 1293/1006 1296/1015 1295/1037
f 1173/962 1294/992 1296/1015
f 1173/962 1296/1015 1174/980
f 1299/1043 1300/1072 1301/1073
f 1299/1043 1301/1073 1302/1048
f 1303/1209 1304/1155 1305/1131
f 1303/1209 1305/1131 1306/1188
f 1306/1188 1305/1131 1307/1105
f 1306/1188 1307/1105 1308/1162
f 1304/1155 1309/1121 1310/1093
f 1304/1155 1310/1093 1305/1131
f 1311/1273 1303/1209 1306/1188
f 1311/1273 1306/1188 1312/1259
f 1312/1259 1306/1188 1308/1162
f 1312/1259 1308/1162 1313/1244
f 1314/1332 1315/1339 1311/1273
f 1314/1332 1311/1273 1312/1259
f 1316/1333 1314/1332 1312/1259
f 1316/1333 1312/1259 1313/1244
f 1314/1332 1317/1410 1318/1415
f 1314/1332 1318/1415 1315/1339
f 1319/1580 1320/1654 1321/1646
f 1319/1580 1321/1646 1322/1578
f 1323/886 1324/902 970/885
f 1323/886 970/885 972/871
f 972/871 1325/859 1326/875
f 972/871 1326/875 1323/886
f 1327/881 1326/875 1325/859
f 1327/881 1325/859 1328/854
f 1328/854 1325/859 1329/839
f 1328/854 1329/839 1330/833
f 1331/918 1324/902 1323/886
f 1331/918 1323/886 1332/899
f 1323/886 1326/875 1327/881
f 1323/886 1327/881 1332/899
f 1333/790 1334/816 983/826
f 1333/790 983/826 982/801
f 1329/839 1325/859 972/871
f 1329/839 972/871 973/851
f 983/826 1334/816 1329/839
f 983/826 1329/839 973/851
f 1335/970 1336/989 1008/1008
f 1335/970 1008/1008 1012/990
f 1087/940 1082/922 1324/902
f 1087/940 1324/902 1331/918
f 1337/955 1338/938 1339/917
f 1337/955 1339/917 1340/932
f 1274/905 1341/891 1342/860
f 1274/905 1342/860 1272/865
f 1339/917 1341/891 1274/905
f 1339/917 1274/905 1340/932
f 1012/990 1021/973 1337/955
f 1012/990 1337/955 1335/970
f 1335/970 1337/955 1340/932
f 1335/970 1340/932 1343/954
f 1337/955 1021/973 1085/956
f 1337/955 1085/956 1338/938
f 1343/954 1340/932 1274/905
f 1343/954 1274/905 1273/937
f 1342/860 1344/830 1271/834
f 1342/860 1271/834 1272/865
f 1345/1055 1346/1077 1347/1082
f 1345/1055 1347/1082 1348/1059
f 944/1066 1348/1059 1347/1082
f 944/1066 1347/1082 945/1087
f 1345/1055 1302/1048 1301/1073
f 1345/1055 1301/1073 1346/1077
f 1349/975 1336/989 1335/970
f 1349/975 1335/970 1343/954
f 1350/1049 1351/1078 1300/1072
f 1350/1049 1300/1072 1299/1043
f 1307/1105 1305/1131 1310/1093
f 1307/1105 1310/1093 1352/1067
f 1353/1036 1348/1059 944/1066
f 1353/1036 944/1066 1072/1042
f 1354/1018 1299/1043 1302/1048
f 1354/1018 1302/1048 1355/1019
f 1356/1024 1345/1055 1348/1059
f 1356/1024 1348/1059 1353/1036
f 1355/1019 1302/1048 1345/1055
f 1355/1019 1345/1055 1356/1024
f 1357/1010 1009/1028 1008/1008
f 1357/1010 1008/1008 1336/989
f 1349/975 1358/1000 1357/1010
f 1349/975 1357/1010 1336/989
f 1359/1100 1360/1085 1361/1058
f 1359/1100 1361/1058 1362/1071
f 1279/964 1281/986 1358/1000
f 1279/964 1358/1000 1349/975
f 1350/1049 1361/1058 1360/1085
f 1350/1049 1360/1085 1351/1078
f 1350/1049 1363/1020 1364/1029
f 1350/1049 1364/1029 1361/1058
f 1350/1049 1299/1043 1354/1018
f 1350/1049 1354/1018 1363/1020
f 1359/1100 1362/1071 1310/1093
f 1359/1100 1310/1093 1309/1121
f 1352/1067 1310/1093 1362/1071
f 1352/1067 1362/1071 1365/1039
f 1364/1029 1365/1039 1362/1071
f 1364/1029 1362/1071 1361/1058
f 1279/964 1349/975 1343/954
f 1279/964 1343/954 1273/937
f 970/885 1324/902 1082/922
f 970/885 1082/922 971/907
f 1333/790 1366/778 1367/805
f 1333/790 1367/805 1334/816
f 1368/748 1369/669 1370/654
f 1368/748 1370/654 1371/731
f 1372/1983 1373/1972 1374/1877
f 1372/1983 1374/1877 1375/1899
f 1373/1972 1372/1983 1376/2090
f 1373/1972 1376/2090 1377/2091
f 1378/1814 1375/1899 1374/1877
f 1378/1814 1374/1877 1379/1791
f 1380/2100 1381/1967 1373/1972
f 1380/2100 1373/1972 1377/2091
f 1233/2019 1234/1955 1382/1888
f 1233/2019 1382/1888 1381/1967
f 1381/1967 1382/1888 1383/1805
f 1381/1967 1383/1805 1384/1845
f 1235/2115 1233/2019 1381/1967
f 1235/2115 1381/1967 1380/2100
f 1374/1877 1373/1972 1381/1967
f 1374/1877 1381/1967 1384/1845
f 1385/1760 1379/1791 1374/1877
f 1385/1760 1374/1877 1384/1845
f 1384/1845 1383/1805 1386/1704
f 1384/1845 1386/1704 1385/1760
f 701/2096 699/2215 1387/2221
f 701/2096 1387/2221 1376/2090
f 701/2096 1376/2090 1372/1983
f 701/2096 1372/1983 702/1994
f 702/1994 1372/1983 1375/1899
f 702/1994 1375/1899 704/1920
f 1378/1814 1388/1748 715/1776
f 1378/1814 715/1776 706/1844
f 1378/1814 706/1844 704/1920
f 1378/1814 704/1920 1375/1899
f 737/1667 1389/1628 1390/1625
f 737/1667 1390/1625 743/1658
f 1391/1694 1392/1635 1393/1613
f 1391/1694 1393/1613 1394/1665
f 1395/1604 1396/1630 1390/1625
f 1395/1604 1390/1625 1397/1599
f 743/1658 1390/1625 1396/1630
f 743/1658 1396/1630 748/1662
f 754/1944 1398/1908 1399/2002
f 754/1944 1399/2002 755/2028
f 1400/2166 758/2177 755/2028
f 1400/2166 755/2028 1399/2002
f 1398/1908 754/1944 776/1849
f 1398/1908 776/1849 1401/1815
f 1402/1670 1403/1640 1404/1614
f 1402/1670 1404/1614 1392/1635
f 1405/1727 1402/1670 1392/1635
f 1405/1727 1392/1635 1391/1694
f 1405/1727 1391/1694 1406/1788
f 1405/1727 1406/1788 1401/1815
f 797/1761 798/1693 1402/1670
f 797/1761 1402/1670 1405/1727
f 798/1693 799/1672 1403/1640
f 798/1693 1403/1640 1402/1670
f 776/1849 797/1761 1405/1727
f 776/1849 1405/1727 1401/1815
f 1407/868 1408/890 1409/967
f 1407/868 1409/967 1410/942
f 1411/821 1412/824 1408/890
f 1411/821 1408/890 1407/868
f 1411/821 1407/868 1413/825
f 1414/1582 1415/1669 1320/1654
f 1414/1582 1320/1654 1319/1580
f 1416/1485 1414/1582 1319/1580
f 1416/1485 1319/1580 1417/1489
f 1418/1971 1419/1936 1420/1886
f 1418/1971 1420/1886 1421/1915
f 1422/1790 1423/1841 1420/1886
f 1422/1790 1420/1886 1424/1823
f 1425/1764 845/1678 844/1664
f 1425/1764 844/1664 1426/1729
f 812/1596 848/1697 1427/1731
f 812/1596 1427/1731 813/1605
f 848/1697 1422/1790 1424/1823
f 848/1697 1424/1823 1427/1731
f 845/1678 1425/1764 1422/1790
f 845/1678 1422/1790 848/1697
f 1421/1915 1420/1886 1423/1841
f 1421/1915 1423/1841 1428/1864
f 1322/1578 1429/1493 1417/1489
f 1322/1578 1417/1489 1319/1580
f 1311/1273 1315/1339 1430/1347
f 1311/1273 1430/1347 1431/1284
f 1315/1339 1318/1415 1432/1418
f 1315/1339 1432/1418 1430/1347
f 1318/1415 1417/1489 1429/1493
f 1318/1415 1429/1493 1432/1418
f 1430/1347 1432/1418 1433/1421
f 1430/1347 1433/1421 1434/1355
f 1429/1493 1435/1497 1433/1421
f 1429/1493 1433/1421 1432/1418
f 1436/1424 1437/1366 1434/1355
f 1436/1424 1434/1355 1433/1421
f 1438/1306 1439/1294 1434/1355
f 1438/1306 1434/1355 1437/1366
f 1440/1502 1436/1424 1433/1421
f 1440/1502 1433/1421 1435/1497
f 1183/1565 1441/1609 1442/1666
f 1183/1565 1442/1666 1185/1619
f 1179/1532 1443/1558 1441/1609
f 1179/1532 1441/1609 1183/1565
f 1179/1532 1182/1480 1444/1527
f 1179/1532 1444/1527 1443/1558
f 1249/1821 1445/1808 1446/1818
f 1249/1821 1446/1818 1250/1843
f 1187/1688 1185/1619 1442/1666
f 1187/1688 1442/1666 1447/1757
f 1187/1688 1447/1757 1198/1803
f 1187/1688 1198/1803 1194/1774
f 1447/1757 1445/1808 1249/1821
f 1447/1757 1249/1821 1198/1803
f 1199/1929 1448/1926 1196/1842
f 1199/1929 1196/1842 1195/1850
f 1449/1995 1448/1926 1199/1929
f 1449/1995 1199/1929 1450/1993
f 1244/1990 1450/1993 1199/1929
f 1244/1990 1199/1929 1200/1938
f 1248/1963 1243/1988 1245/1945
f 1243/1988 1248/1963 1451/2012
f 1452/1965 1453/2022 1451/2012
f 1452/1965 1451/2012 1248/1963
f 1248/1963 1247/1890 1454/1895
f 1248/1963 1454/1895 1452/1965
f 1250/1843 1455/1855 1454/1895
f 1250/1843 1454/1895 1247/1890
f 1250/1843 1446/1818 1456/1834
f 1250/1843 1456/1834 1455/1855
f 1457/1552 1458/1574 1459/1621
f 1457/1552 1459/1621 1460/1593
f 1461/1526 1462/1487 1463/1531
f 1461/1526 1463/1531 1464/1546
f 1234/1955 1465/1889 1466/1824
f 1234/1955 1466/1824 1382/1888
f 1386/1704 1383/1805 1467/1756
f 1386/1704 1467/1756 1468/1660
f 1382/1888 1466/1824 1467/1756
f 1382/1888 1467/1756 1383/1805
f 916/2085 1469/2067 1470/1998
f 916/2085 1470/1998 917/2021
f 1471/1913 1224/1962 1223/1964
f 1471/1913 1223/1964 1472/1924
f 1473/2144 1469/2067 916/2085
f 1473/2144 916/2085 911/2162
f 1474/1917 1231/1969 1224/1962
f 1474/1917 1224/1962 1471/1913
f 1475/1914 1232/1981 1231/1969
f 1475/1914 1231/1969 1474/1917
f 1476/1957 1238/1975 917/2021
f 1476/1957 917/2021 1470/1998
f 1472/1924 1223/1964 1238/1975
f 1472/1924 1238/1975 1476/1957
f 1475/1914 1465/1889 1234/1955
f 1475/1914 1234/1955 1232/1981
f 1474/1917 1477/1871 1478/1865
f 1474/1917 1478/1865 1475/1914
f 1471/1913 1472/1924 1479/1891
f 1471/1913 1479/1891 1480/1876
f 1459/1621 1468/1660 1467/1756
f 1459/1621 1467/1756 1481/1695
f 1482/1775 1481/1695 1467/1756
f 1482/1775 1467/1756 1466/1824
f 1483/1979 1470/1998 1469/2067
f 1483/1979 1469/2067 1484/2050
f 1482/1775 1466/1824 1465/1889
f 1482/1775 1465/1889 1485/1835
f 1479/1891 1472/1924 1476/1957
f 1479/1891 1476/1957 1486/1928
f 1459/1621 1458/1574 1487/1607
f 1459/1621 1487/1607 1468/1660
f 1486/1928 1476/1957 1470/1998
f 1486/1928 1470/1998 1483/1979
f 1474/1917 1471/1913 1480/1876
f 1474/1917 1480/1876 1477/1871
f 1485/1835 1465/1889 1475/1914
f 1485/1835 1475/1914 1478/1865
f 1488/2130 1484/2050 1469/2067
f 1488/2130 1469/2067 1473/2144
f 1460/1593 1459/1621 1481/1695
f 1460/1593 1481/1695 1489/1639
f 1489/1639 1481/1695 1482/1775
f 1489/1639 1482/1775 1490/1719
f 1491/1794 1490/1719 1482/1775
f 1491/1794 1482/1775 1485/1835
f 1491/1794 1485/1835 1478/1865
f 1491/1794 1478/1865 1492/1819
f 1196/1842 1493/1838 1207/1732
f 1196/1842 1207/1732 1193/1753
f 1494/1930 1448/1926 1449/1995
f 1494/1930 1449/1995 1495/2001
f 1494/1930 1493/1838 1196/1842
f 1494/1930 1196/1842 1448/1926
f 1496/1840 1493/1838 1494/1930
f 1496/1840 1494/1930 1177/1937
f 1178/2013 1177/1937 1494/1930
f 1178/2013 1494/1930 1495/2001
f 1431/1284 1430/1347 1434/1355
f 1431/1284 1434/1355 1439/1294
f 1303/1209 1311/1273 1431/1284
f 1303/1209 1431/1284 1497/1227
f 1439/1294 1438/1306 1498/1255
f 1439/1294 1498/1255 1499/1242
f 1497/1227 1431/1284 1439/1294
f 1497/1227 1439/1294 1499/1242
f 1500/1205 1501/1177 1497/1227
f 1500/1205 1497/1227 1499/1242
f 900/1223 883/1247 886/1260
f 900/1223 886/1260 901/1241
f 1498/1255 1502/1221 1500/1205
f 1498/1255 1500/1205 1499/1242
f 1503/1173 1500/1205 1502/1221
f 1503/1173 1502/1221 1504/1201
f 1505/1125 1506/1134 1507/1161
f 1505/1125 1507/1161 1508/1152
f 1505/1125 1508/1152 1509/1146
f 1505/1125 1509/1146 1510/1120
f 1506/1134 1511/1144 1512/1170
f 1506/1134 1512/1170 1507/1161
f 1513/1122 1510/1120 1509/1146
f 1513/1122 1509/1146 1514/1143
f 1515/1127 1513/1122 1514/1143
f 1515/1127 1514/1143 1516/1147
f 1511/1144 1517/1158 1518/1182
f 1511/1144 1518/1182 1512/1170
f 1304/1155 1303/1209 1497/1227
f 1304/1155 1497/1227 1501/1177
f 1519/1104 1506/1134 1505/1125
f 1519/1104 1505/1125 1520/1098
f 1520/1098 1505/1125 1510/1120
f 1520/1098 1510/1120 1521/1096
f 1522/1114 1511/1144 1506/1134
f 1522/1114 1506/1134 1519/1104
f 1521/1096 1510/1120 1513/1122
f 1521/1096 1513/1122 1523/1097
f 1500/1205 1503/1173 1524/1149
f 1500/1205 1524/1149 1501/1177
f 1522/1114 1525/1130 1517/1158
f 1522/1114 1517/1158 1511/1144
f 1524/1149 1503/1173 1517/1158
f 1524/1149 1517/1158 1525/1130
f 1300/1072 1520/1098 1521/1096
f 1300/1072 1521/1096 1301/1073
f 1360/1085 1522/1114 1519/1104
f 1360/1085 1519/1104 1351/1078
f 1351/1078 1519/1104 1520/1098
f 1351/1078 1520/1098 1300/1072
f 1347/1082 1346/1077 1523/1097
f 1347/1082 1523/1097 1526/1103
f 1346/1077 1301/1073 1521/1096
f 1346/1077 1521/1096 1523/1097
f 1359/1100 1525/1130 1522/1114
f 1359/1100 1522/1114 1360/1085
f 1304/1155 1501/1177 1524/1149
f 1304/1155 1524/1149 1309/1121
f 1359/1100 1309/1121 1524/1149
f 1359/1100 1524/1149 1525/1130
f 1503/1173 1504/1201 1518/1182
f 1503/1173 1518/1182 1517/1158
f 1527/1626 1528/1795 1529/1831
f 1527/1626 1529/1831 1530/1649
f 1424/1823 1420/1886 1419/1936
f 1424/1823 1419/1936 1531/1863
f 813/1605 1427/1731 1532/1767
f 813/1605 1532/1767 1533/1615
f 1532/1767 1427/1731 1424/1823
f 1532/1767 1424/1823 1531/1863
f 1534/2229 1535/2338 924/2337
f 1534/2229 924/2337 923/2225
f 1536/2287 1537/2342 1538/2339
f 1536/2287 1538/2339 1539/2263
f 1540/2257 1541/2316 1542/2312
f 1540/2257 1542/2312 1543/2249
f 1543/2249 1542/2312 1544/2299
f 1543/2249 1544/2299 1545/2238
f 1546/2039 1547/2143 1539/2263
f 1546/2039 1539/2263 1534/2229
f 1539/2263 1547/2143 1548/2193
f 1539/2263 1548/2193 1536/2287
f 1540/2257 1549/2255 1550/2315
f 1540/2257 1550/2315 1541/2316
f 1550/2315 1551/2310 1552/2364
f 1550/2315 1552/2364 1553/2360
f 1550/2315 1549/2255 1554/2246
f 1550/2315 1554/2246 1551/2310
f 1554/2246 1555/2241 1556/2305
f 1554/2246 1556/2305 1551/2310
f 1557/2240 1558/2301 1556/2305
f 1557/2240 1556/2305 1555/2241
f 1559/2209 910/2220 1560/2269
f 1559/2209 1560/2269 1561/2265
f 1562/2203 1387/2221 1563/2289
f 1562/2203 1563/2289 1564/2260
f 1565/2293 904/2274 907/2291
f 1565/2293 907/2291 1566/2304
f 1567/2306 1566/2304 907/2291
f 1567/2306 907/2291 1241/2290
f 1568/2294 1569/2277 1570/2318
f 1568/2294 1570/2318 1571/2320
f 1216/2236 1569/2277 1568/2294
f 1216/2236 1568/2294 1240/2267
f 1241/2290 1240/2267 1568/2294
f 1241/2290 1568/2294 1567/2306
f 1572/2256 1573/2296 1574/2298
f 1572/2256 1574/2298 1575/2254
f 1213/2191 1576/2199 1572/2256
f 1213/2191 1572/2256 1575/2254
f 1574/2298 1577/2307 1578/2264
f 1574/2298 1578/2264 1575/2254
f 1575/2254 1578/2264 1214/2208
f 1575/2254 1214/2208 1213/2191
f 1578/2264 1577/2307 1570/2318
f 1578/2264 1570/2318 1569/2277
f 1214/2208 1578/2264 1569/2277
f 1214/2208 1569/2277 1216/2236
f 1387/2221 1579/2330 1580/2331
f 1387/2221 1580/2331 1563/2289
f 1574/2298 1573/2296 1581/2336
f 1574/2298 1581/2336 1582/2341
f 1573/2296 1572/2256 1583/2258
f 1573/2296 1583/2258 1584/2297
f 1583/2258 1564/2260 1585/2302
f 1583/2258 1585/2302 1584/2297
f 1564/2260 1563/2289 1586/2314
f 1564/2260 1586/2314 1585/2302
f 1587/2273 908/2230 905/2248
f 1587/2273 905/2248 1588/2281
f 1587/2273 1560/2269 910/2220
f 1587/2273 910/2220 908/2230
f 1565/2293 1588/2281 905/2248
f 1565/2293 905/2248 904/2274
f 1589/2308 1590/2259 1561/2265
f 1589/2308 1561/2265 1591/2309
f 1591/2309 1561/2265 1560/2269
f 1591/2309 1560/2269 1592/2311
f 1593/2319 1565/2293 1566/2304
f 1593/2319 1566/2304 1594/2321
f 1594/2321 1566/2304 1567/2306
f 1594/2321 1567/2306 1595/2322
f 1568/2294 1571/2320 1595/2322
f 1568/2294 1595/2322 1567/2306
f 1592/2311 1560/2269 1587/2273
f 1592/2311 1587/2273 1596/2313
f 1596/2313 1587/2273 1588/2281
f 1596/2313 1588/2281 1597/2317
f 1597/2317 1588/2281 1565/2293
f 1597/2317 1565/2293 1593/2319
f 1589/2308 1591/2309 1598/2369
f 1589/2308 1598/2369 1599/2371
f 1594/2321 1595/2322 1600/2351
f 1594/2321 1600/2351 1601/2353
f 1597/2317 1593/2319 1602/2357
f 1597/2317 1602/2357 1603/2361
f 1596/2313 1597/2317 1603/2361
f 1596/2313 1603/2361 1604/2363
f 1605/2046 1606/2106 1548/2193
f 1605/2046 1548/2193 1547/2143
f 1546/2039 1607/1960 1605/2046
f 1546/2039 1605/2046 1547/2143
f 1559/2209 1473/2144 911/2162
f 1559/2209 911/2162 910/2220
f 1559/2209 1608/2198 1488/2130
f 1559/2209 1488/2130 1473/2144
f 1609/2170 1543/2249 1545/2238
f 1609/2170 1545/2238 1610/2161
f 1609/2170 1611/2176 1540/2257
f 1609/2170 1540/2257 1543/2249
f 1590/2259 1608/2198 1559/2209
f 1590/2259 1559/2209 1561/2265
f 1612/2169 1549/2255 1540/2257
f 1612/2169 1540/2257 1611/2176
f 1554/2246 1549/2255 1612/2169
f 1554/2246 1612/2169 1613/2165
f 1555/2241 1554/2246 1613/2165
f 1555/2241 1613/2165 1614/2159
f 1557/2240 1555/2241 1614/2159
f 1557/2240 1614/2159 1615/2160
f 1616/1982 1419/1936 1418/1971
f 1616/1982 1418/1971 1617/2030
f 1616/1982 1618/1902 1531/1863
f 1616/1982 1531/1863 1419/1936
f 1533/1615 1532/1767 1528/1795
f 1533/1615 1528/1795 1527/1626
f 1618/1902 1528/1795 1532/1767
f 1618/1902 1532/1767 1531/1863
f 1529/1831 1528/1795 1618/1902
f 1529/1831 1618/1902 1607/1960
f 1606/2106 1605/2046 1616/1982
f 1606/2106 1616/1982 1617/2030
f 1605/2046 1607/1960 1618/1902
f 1605/2046 1618/1902 1616/1982
f 1451/2012 1619/2070 1620/2061
f 1451/2012 1620/2061 1243/1988
f 1243/1988 1620/2061 1244/1990
f 1611/2176 1609/2170 1621/2087
f 1611/2176 1621/2087 1622/2088
f 1623/2068 1614/2159 1613/2165
f 1623/2068 1613/2165 1624/2073
f 1620/2061 1615/2160 1614/2159
f 1620/2061 1614/2159 1623/2068
f 1613/2165 1612/2169 1625/2083
f 1613/2165 1625/2083 1624/2073
f 1611/2176 1622/2088 1625/2083
f 1611/2176 1625/2083 1612/2169
f 1610/2161 1626/2077 1621/2087
f 1610/2161 1621/2087 1609/2170
f 1175/2016 1178/2013 1622/2088
f 1175/2016 1622/2088 1621/2087
f 1627/2003 1175/2016 1621/2087
f 1627/2003 1621/2087 1626/2077
f 1623/2068 1624/2073 1449/1995
f 1623/2068 1449/1995 1450/1993
f 1620/2061 1623/2068 1450/1993
f 1620/2061 1450/1993 1244/1990
f 1624/2073 1625/2083 1495/2001
f 1624/2073 1495/2001 1449/1995
f 1625/2083 1622/2088 1178/2013
f 1625/2083 1178/2013 1495/2001
f 1534/2229 923/2225 928/2047
f 1534/2229 928/2047 1546/2039
f 1530/1649 1529/1831 1628/1873
f 1530/1649 1628/1873 1629/1683
f 1546/2039 1628/1873 1529/1831
f 1546/2039 1529/1831 1607/1960
f 1629/1683 1628/1873 940/1896
f 1629/1683 940/1896 938/1718
f 928/2047 940/1896 1628/1873
f 928/2047 1628/1873 1546/2039
f 857/1157 1516/1147 1630/1159
f 857/1157 1630/1159 858/1171
f 935/1555 934/1448 1631/1436
f 935/1555 1631/1436 1632/1539
f 938/1718 935/1555 1632/1539
f 938/1718 1632/1539 1629/1683
f 952/1208 947/1151 950/1169
f 952/1208 950/1169 1633/1222
f 1629/1683 1632/1539 1634/1533
f 1629/1683 1634/1533 1530/1649
f 1631/1436 1635/1429 1634/1533
f 1631/1436 1634/1533 1632/1539
f 950/1169 1636/1192 1637/1237
f 950/1169 1637/1237 1633/1222
f 951/1135 1638/1156 1636/1192
f 951/1135 1636/1192 950/1169
f 945/1087 1639/1115 1640/1132
f 945/1087 1640/1132 942/1106
f 945/1087 1347/1082 1526/1103
f 945/1087 1526/1103 1639/1115
f 1641/1286 1633/1222 1637/1237
f 1641/1286 1637/1237 1642/1293
f 1641/1286 1642/1293 1643/1360
f 1641/1286 1643/1360 1644/1353
f 1530/1649 1634/1533 1645/1528
f 1530/1649 1645/1528 1527/1626
f 1644/1353 1643/1360 1646/1428
f 1644/1353 1646/1428 1635/1429
f 1634/1533 1635/1429 1646/1428
f 1634/1533 1646/1428 1645/1528
f 1639/1115 1526/1103 1515/1127
f 1639/1115 1515/1127 1647/1137
f 1523/1097 1513/1122 1515/1127
f 1523/1097 1515/1127 1526/1103
f 1643/1360 1642/1293 1648/1304
f 1643/1360 1648/1304 1649/1368
f 1645/1528 1646/1428 1650/1430
f 1645/1528 1650/1430 1651/1523
f 1637/1237 1636/1192 1652/1210
f 1637/1237 1652/1210 1653/1249
f 1527/1626 1645/1528 1651/1523
f 1527/1626 1651/1523 1533/1615
f 1637/1237 1653/1249 1648/1304
f 1637/1237 1648/1304 1642/1293
f 1640/1132 1639/1115 1647/1137
f 1640/1132 1647/1137 1654/1153
f 1646/1428 1643/1360 1649/1368
f 1646/1428 1649/1368 1650/1430
f 1636/1192 1638/1156 1655/1175
f 1636/1192 1655/1175 1652/1210
f 811/1316 804/1376 1649/1368
f 811/1316 1649/1368 1648/1304
f 809/1264 1653/1249 1652/1210
f 809/1264 1652/1210 806/1228
f 806/1228 1652/1210 1655/1175
f 806/1228 1655/1175 861/1200
f 809/1264 811/1316 1648/1304
f 809/1264 1648/1304 1653/1249
f 1515/1127 1516/1147 857/1157
f 1515/1127 857/1157 1647/1137
f 860/1172 1654/1153 1647/1137
f 860/1172 1647/1137 857/1157
f 803/1438 814/1516 1651/1523
f 803/1438 1651/1523 1650/1430
f 803/1438 1650/1430 1649/1368
f 803/1438 1649/1368 804/1376
f 1533/1615 1651/1523 814/1516
f 1533/1615 814/1516 813/1605
f 1656/1280 1641/1286 1644/1353
f 1656/1280 1644/1353 1657/1350
f 953/1198 952/1208 1656/1280
f 953/1198 1656/1280 1658/1275
f 1659/1357 1657/1350 1631/1436
f 1659/1357 1631/1436 934/1448
f 1658/1275 1656/1280 1657/1350
f 1658/1275 1657/1350 1659/1357
f 952/1208 1633/1222 1641/1286
f 952/1208 1641/1286 1656/1280
f 1631/1436 1657/1350 1644/1353
f 1631/1436 1644/1353 1635/1429
f 878/1181 858/1171 1630/1159
f 878/1181 1630/1159 1660/1163
f 1516/1147 1514/1143 1660/1163
f 1516/1147 1660/1163 1630/1159
f 1660/1163 1661/1167 869/1193
f 1660/1163 869/1193 878/1181
f 1509/1146 1661/1167 1660/1163
f 1509/1146 1660/1163 1514/1143
f 1212/2121 1235/2115 1576/2199
f 1212/2121 1576/2199 1213/2191
f 1387/2221 1562/2203 1377/2091
f 1387/2221 1377/2091 1376/2090
f 1572/2256 1576/2199 1662/2204
f 1572/2256 1662/2204 1583/2258
f 1564/2260 1583/2258 1662/2204
f 1564/2260 1662/2204 1562/2203
f 1562/2203 1662/2204 1380/2100
f 1562/2203 1380/2100 1377/2091
f 1235/2115 1380/2100 1662/2204
f 1235/2115 1662/2204 1576/2199
f 1663/894 1163/909 1162/873
f 1663/894 1162/873 1664/857
f 1663/894 1665/935 1164/945
f 1663/894 1164/945 1163/909
f 1169/818 1170/781 1666/776
f 1169/818 1666/776 1667/804
f 1668/1809 1669/1828 1670/1652
f 1668/1809 1670/1652 1671/1624
f 1672/2288 1673/2285 1674/2188
f 1672/2288 1674/2188 1675/2201
f 1676/2014 1677/2007 1678/1935
f 1676/2014 1678/1935 1679/1927
f 1680/2286 1681/2384 1682/2383
f 1680/2286 1682/2383 1672/2288
f 1683/1779 1668/1809 1671/1624
f 1683/1779 1671/1624 1684/1584
f 1680/2286 1672/2288 1675/2201
f 1680/2286 1675/2201 1685/2200
f 1686/2017 1676/2014 1679/1927
f 1686/2017 1679/1927 1687/1919
f 1683/1779 1687/1919 1679/1927
f 1683/1779 1679/1927 1668/1809
f 1688/1375 1689/1462 1114/1385
f 1688/1375 1114/1385 1113/1310
f 1690/2284 1108/2283 1111/2387
f 1690/2284 1111/2387 1691/2385
f 1692/2197 1128/2202 1108/2283
f 1692/2197 1108/2283 1690/2284
f 1693/883 1694/928 1665/935
f 1693/883 1665/935 1663/894
f 1693/883 1663/894 1664/857
f 1693/883 1664/857 1695/848
f 1696/1916 1687/1919 1683/1779
f 1696/1916 1683/1779 1697/1755
f 1686/2017 1687/1919 1696/1916
f 1686/2017 1696/1916 1698/2018
f 1690/2284 1680/2286 1685/2200
f 1690/2284 1685/2200 1692/2197
f 1699/1492 1697/1755 1683/1779
f 1699/1492 1683/1779 1684/1584
f 1688/1375 1699/1492 1684/1584
f 1688/1375 1684/1584 1689/1462
f 1700/1773 1126/1817 1125/1951
f 1700/1773 1125/1951 1701/1932
f 1702/2025 1701/1932 1125/1951
f 1702/2025 1125/1951 1124/2029
f 1407/868 1703/877 1704/835
f 1407/868 1704/835 1413/825
f 1410/942 1705/929 1703/877
f 1410/942 1703/877 1407/868
f 1693/883 1703/877 1705/929
f 1693/883 1705/929 1694/928
f 1703/877 1693/883 1695/848
f 1703/877 1695/848 1704/835
f 1696/1916 1701/1932 1702/2025
f 1696/1916 1702/2025 1698/2018
f 1697/1755 1700/1773 1701/1932
f 1697/1755 1701/1932 1696/1916
f 1168/847 1169/818 1667/804
f 1168/847 1667/804 1706/829
f 1667/804 1666/776 1707/773
f 1667/804 1707/773 1708/796
f 1664/857 1162/873 1168/847
f 1664/857 1168/847 1706/829
f 1706/829 1667/804 1708/796
f 1706/829 1708/796 1709/817
f 1664/857 1706/829 1709/817
f 1664/857 1709/817 1695/848
f 1367/805 1330/833 1329/839
f 1367/805 1329/839 1334/816
f 882/1643 889/1581 1710/1579
f 882/1643 1710/1579 879/1647
f 894/1509 1711/1506 1710/1579
f 894/1509 1710/1579 889/1581
f 1712/1374 895/1382 891/1329
f 1712/1374 891/1329 1713/1321
f 1712/1374 1714/1435 897/1441
f 1712/1374 897/1441 895/1382
f 1714/1435 1711/1506 894/1509
f 1714/1435 894/1509 897/1441
f 1436/1424 1714/1435 1712/1374
f 1436/1424 1712/1374 1437/1366
f 1437/1366 1712/1374 1713/1321
f 1437/1366 1713/1321 1438/1306
f 1498/1255 1438/1306 1713/1321
f 1498/1255 1713/1321 1715/1278
f 1502/1221 1716/1238 1717/1216
f 1502/1221 1717/1216 1504/1201
f 1498/1255 1715/1278 1716/1238
f 1498/1255 1716/1238 1502/1221
f 1718/1207 1518/1182 1504/1201
f 1718/1207 1504/1201 1717/1216
f 1715/1278 1713/1321 891/1329
f 1715/1278 891/1329 884/1288
f 884/1288 883/1247 1716/1238
f 884/1288 1716/1238 1715/1278
f 1716/1238 883/1247 900/1223
f 1716/1238 900/1223 1717/1216
f 870/1206 1719/1176 1720/1189
f 870/1206 1720/1189 871/1213
f 1721/1202 900/1223 871/1213
f 1721/1202 871/1213 1720/1189
f 900/1223 1718/1207 1717/1216
f 1718/1207 900/1223 1721/1202
f 1508/1152 1507/1161 1720/1189
f 1508/1152 1720/1189 1719/1176
f 1507/1161 1512/1170 1721/1202
f 1507/1161 1721/1202 1720/1189
f 1518/1182 1718/1207 1721/1202
f 1518/1182 1721/1202 1512/1170
f 1719/1176 870/1206 869/1193
f 1719/1176 869/1193 1661/1167
f 1509/1146 1508/1152 1719/1176
f 1509/1146 1719/1176 1661/1167
f 1722/1644 1321/1646 1723/1699
f 1722/1644 1723/1699 1724/1707
f 1722/1644 1725/1576 1322/1578
f 1722/1644 1322/1578 1321/1646
f 1429/1493 1322/1578 1725/1576
f 1429/1493 1725/1576 1435/1497
f 1496/1840 1726/1839 1209/1716
f 1496/1840 1209/1716 1208/1723
f 1493/1838 1496/1840 1208/1723
f 1493/1838 1208/1723 1207/1732
f 1320/1654 1727/1722 1723/1699
f 1320/1654 1723/1699 1321/1646
f 1415/1669 1728/1750 1727/1722
f 1415/1669 1727/1722 1320/1654
f 1729/1758 1724/1707 1723/1699
f 1729/1758 1723/1699 1727/1722
f 1730/1784 1729/1758 1727/1722
f 1730/1784 1727/1722 1728/1750
f 1176/1941 1726/1839 1496/1840
f 1176/1941 1496/1840 1177/1937
f 1731/1925 1627/2003 1732/1999
f 1731/1925 1732/1999 1733/1946
f 1544/2299 1734/2350 1735/2346
f 1544/2299 1735/2346 1736/2295
f 1737/2226 1545/2238 1544/2299
f 1737/2226 1544/2299 1736/2295
f 1738/2151 1610/2161 1545/2238
f 1738/2151 1545/2238 1737/2226
f 1626/2077 1610/2161 1738/2151
f 1626/2077 1738/2151 1739/2065
f 1627/2003 1626/2077 1739/2065
f 1627/2003 1739/2065 1732/1999
f 1436/1424 1440/1502 1711/1506
f 1436/1424 1711/1506 1714/1435
f 1711/1506 1440/1502 1740/1577
f 1711/1506 1740/1577 1710/1579
f 1741/1797 1742/1766 1729/1758
f 1741/1797 1729/1758 1730/1784
f 1742/1766 1743/1715 1724/1707
f 1742/1766 1724/1707 1729/1758
f 1743/1715 1744/1645 1722/1644
f 1743/1715 1722/1644 1724/1707
f 879/1647 1744/1645 1743/1715
f 879/1647 1743/1715 880/1713
f 1740/1577 1744/1645 879/1647
f 1740/1577 879/1647 1710/1579
f 1731/1925 1733/1946 1745/1885
f 1731/1925 1745/1885 1746/1860
f 1435/1497 1725/1576 1740/1577
f 1435/1497 1740/1577 1440/1502
f 1744/1645 1740/1577 1725/1576
f 1744/1645 1725/1576 1722/1644
f 1418/1971 1421/1915 1747/1940
f 1418/1971 1747/1940 1748/1985
f 1749/2292 1536/2287 1548/2193
f 1749/2292 1548/2193 1750/2219
f 1751/2139 1750/2219 1548/2193
f 1751/2139 1548/2193 1606/2106
f 1617/2030 1752/2049 1751/2139
f 1617/2030 1751/2139 1606/2106
f 1752/2049 1617/2030 1418/1971
f 1752/2049 1418/1971 1748/1985
f 1753/1759 1754/1735 881/1702
f 1753/1759 881/1702 880/1713
f 881/1702 1754/1735 1755/1712
f 881/1702 1755/1712 890/1686
f 1753/1759 880/1713 1743/1715
f 1753/1759 1743/1715 1742/1766
f 1738/2151 1737/2226 1750/2219
f 1738/2151 1750/2219 1751/2139
f 1736/2295 1735/2346 1756/2345
f 1736/2295 1756/2345 1749/2292
f 1736/2295 1749/2292 1750/2219
f 1736/2295 1750/2219 1737/2226
f 1732/1999 1739/2065 1752/2049
f 1732/1999 1752/2049 1748/1985
f 1738/2151 1751/2139 1752/2049
f 1738/2151 1752/2049 1739/2065
f 1753/1759 1742/1766 1741/1797
f 1753/1759 1741/1797 1757/1792
f 1733/1946 1747/1940 1758/1882
f 1733/1946 1758/1882 1745/1885
f 1733/1946 1732/1999 1748/1985
f 1733/1946 1748/1985 1747/1940
f 1442/1666 1490/1719 1491/1794
f 1442/1666 1491/1794 1447/1757
f 1441/1609 1489/1639 1490/1719
f 1441/1609 1490/1719 1442/1666
f 1441/1609 1443/1558 1460/1593
f 1441/1609 1460/1593 1489/1639
f 1457/1552 1460/1593 1443/1558
f 1457/1552 1443/1558 1444/1527
f 1679/1927 1678/1935 1669/1828
f 1679/1927 1669/1828 1668/1809
f 1759/2153 1760/2374 1761/2368
f 1759/2153 1761/2368 1400/2166
f 1762/2168 1763/2272 1764/2237
f 1762/2168 1764/2237 1765/2124
f 1766/1923 1767/1996 1768/1973
f 1766/1923 1768/1973 1769/1898
f 1669/1828 1766/1923 1769/1898
f 1669/1828 1769/1898 1770/1804
f 1673/2285 1763/2272 1762/2168
f 1673/2285 1762/2168 1674/2188
f 1677/2007 1767/1996 1766/1923
f 1677/2007 1766/1923 1678/1935
f 1766/1923 1669/1828 1678/1935
f 1763/2272 1771/2379 1772/2377
f 1763/2272 1772/2377 1764/2237
f 1773/1466 1462/1487 1461/1526
f 1773/1466 1461/1526 1774/1481
f 1140/1328 1775/1373 1133/1391
f 1140/1328 1133/1391 1136/1351
f 1684/1584 1671/1624 1776/1513
f 1684/1584 1776/1513 1689/1462
f 1115/1340 1777/1396 1778/1372
f 1115/1340 1778/1372 1129/1320
f 1129/1320 1778/1372 1779/1356
f 1129/1320 1779/1356 1131/1309
f 1140/1328 1142/1313 1780/1359
f 1140/1328 1780/1359 1775/1373
f 1689/1462 1776/1513 1781/1440
f 1689/1462 1781/1440 1114/1385
f 1114/1385 1781/1440 1777/1396
f 1114/1385 1777/1396 1115/1340
f 1463/1531 1782/1554 1783/1566
f 1463/1531 1783/1566 1464/1546
f 1784/1477 1785/1511 1463/1531
f 1784/1477 1463/1531 1462/1487
f 1784/1477 1786/1470 1787/1503
f 1784/1477 1787/1503 1785/1511
f 1406/1788 1391/1694 1394/1665
f 1406/1788 1394/1665 1788/1765
f 1788/1765 1789/1854 1790/1883
f 1788/1765 1790/1883 1406/1788
f 1401/1815 1406/1788 1790/1883
f 1401/1815 1790/1883 1398/1908
f 1790/1883 1789/1854 1791/1948
f 1790/1883 1791/1948 1792/1977
f 1398/1908 1790/1883 1792/1977
f 1398/1908 1792/1977 1399/2002
f 1793/1556 1794/1610 1795/1620
f 1793/1556 1795/1620 1796/1569
f 1797/1701 1798/1684 1799/1787
f 1797/1701 1799/1787 1800/1806
f 1794/1610 1798/1684 1797/1701
f 1794/1610 1797/1701 1795/1620
f 1800/1806 1799/1787 1801/1851
f 1800/1806 1801/1851 1802/1875
f 1803/1535 1804/1529 1793/1556
f 1803/1535 1793/1556 1796/1569
f 1803/1535 1805/1496 1806/1495
f 1803/1535 1806/1495 1804/1529
f 1807/1540 1808/1595 1794/1610
f 1807/1540 1794/1610 1793/1556
f 1807/1540 1793/1556 1804/1529
f 1807/1540 1804/1529 1809/1499
f 1809/1499 1804/1529 1806/1495
f 1809/1499 1806/1495 1810/1476
f 1811/1468 1810/1476 1806/1495
f 1811/1468 1806/1495 1805/1496
f 1133/1391 1812/1425 1813/1456
f 1133/1391 1813/1456 1134/1417
f 1133/1391 1775/1373 1814/1407
f 1133/1391 1814/1407 1812/1425
f 1776/1513 1671/1624 1670/1652
f 1776/1513 1670/1652 1815/1553
f 1779/1356 1778/1372 1816/1411
f 1779/1356 1816/1411 1817/1398
f 1775/1373 1780/1359 1818/1397
f 1775/1373 1818/1397 1814/1407
f 1776/1513 1815/1553 1819/1479
f 1776/1513 1819/1479 1781/1440
f 1777/1396 1820/1439 1816/1411
f 1777/1396 1816/1411 1778/1372
f 1781/1440 1819/1479 1820/1439
f 1781/1440 1820/1439 1777/1396
f 1813/1456 1812/1425 1773/1466
f 1813/1456 1773/1466 1774/1481
f 1670/1652 1821/1671 1822/1571
f 1670/1652 1822/1571 1815/1553
f 1669/1828 1770/1804 1821/1671
f 1669/1828 1821/1671 1670/1652
f 1816/1411 1823/1453 1824/1434
f 1816/1411 1824/1434 1817/1398
f 1820/1439 1825/1473 1823/1453
f 1820/1439 1823/1453 1816/1411
f 1819/1479 1826/1518 1825/1473
f 1819/1479 1825/1473 1820/1439
f 1819/1479 1815/1553 1822/1571
f 1819/1479 1822/1571 1826/1518
f 1814/1407 1818/1397 1827/1431
f 1814/1407 1827/1431 1828/1445
f 1814/1407 1828/1445 1773/1466
f 1814/1407 1773/1466 1812/1425
f 1810/1476 1823/1453 1825/1473
f 1810/1476 1825/1473 1809/1499
f 1784/1477 1828/1445 1827/1431
f 1784/1477 1827/1431 1786/1470
f 1807/1540 1826/1518 1822/1571
f 1807/1540 1822/1571 1808/1595
f 1807/1540 1809/1499 1825/1473
f 1807/1540 1825/1473 1826/1518
f 1773/1466 1828/1445 1784/1477
f 1773/1466 1784/1477 1462/1487
f 1810/1476 1811/1468 1824/1434
f 1810/1476 1824/1434 1823/1453
f 1393/1613 1392/1635 1404/1614
f 1393/1613 1404/1614 1829/1586
f 1830/1568 1831/1570 1395/1604
f 1830/1568 1395/1604 1397/1599
f 1463/1531 1785/1511 1832/1544
f 1463/1531 1832/1544 1782/1554
f 1787/1503 1833/1541 1832/1544
f 1787/1503 1832/1544 1785/1511
f 736/1689 1834/1655 1389/1628
f 736/1689 1389/1628 737/1667
f 1378/1814 1379/1791 1835/1708
f 1378/1814 1835/1708 1388/1748
f 1836/1608 1397/1599 1390/1625
f 1836/1608 1390/1625 1389/1628
f 1386/1704 1468/1660 1487/1607
f 1386/1704 1487/1607 1837/1633
f 1838/1575 1782/1554 1832/1544
f 1838/1575 1832/1544 1830/1568
f 1386/1704 1837/1633 1839/1673
f 1386/1704 1839/1673 1385/1760
f 1385/1760 1839/1673 1835/1708
f 1385/1760 1835/1708 1379/1791
f 1834/1655 1840/1623 1836/1608
f 1834/1655 1836/1608 1389/1628
f 1783/1566 1782/1554 1838/1575
f 1783/1566 1838/1575 1841/1598
f 1841/1598 1838/1575 1836/1608
f 1841/1598 1836/1608 1840/1623
f 1400/2166 1399/2002 1792/1977
f 1400/2166 1792/1977 1759/2153
f 1770/1804 1769/1898 1842/1872
f 1770/1804 1842/1872 1843/1793
f 1768/1973 1844/1934 1842/1872
f 1768/1973 1842/1872 1769/1898
f 1759/2153 1845/2033 1765/2124
f 1759/2153 1765/2124 1764/2237
f 1821/1671 1770/1804 1843/1793
f 1821/1671 1843/1793 1846/1674
f 1759/2153 1792/1977 1791/1948
f 1759/2153 1791/1948 1845/2033
f 1844/1934 1802/1875 1801/1851
f 1844/1934 1801/1851 1842/1872
f 1846/1674 1843/1793 1799/1787
f 1846/1674 1799/1787 1798/1684
f 1808/1595 1846/1674 1798/1684
f 1808/1595 1798/1684 1794/1610
f 1843/1793 1842/1872 1801/1851
f 1843/1793 1801/1851 1799/1787
f 1822/1571 1821/1671 1846/1674
f 1822/1571 1846/1674 1808/1595
f 1847/1587 1848/1698 1849/1681
f 1847/1587 1849/1681 1850/1585
f 1851/1807 1852/1777 1849/1681
f 1851/1807 1849/1681 1848/1698
f 1849/1681 1852/1777 1728/1750
f 1849/1681 1728/1750 1415/1669
f 1746/1860 1853/1816 1852/1777
f 1746/1860 1852/1777 1851/1807
f 1730/1784 1728/1750 1852/1777
f 1730/1784 1852/1777 1853/1816
f 1746/1860 1745/1885 1854/1836
f 1746/1860 1854/1836 1853/1816
f 1854/1836 1741/1797 1730/1784
f 1854/1836 1730/1784 1853/1816
f 1745/1885 1758/1882 1855/1830
f 1745/1885 1855/1830 1854/1836
f 1855/1830 1757/1792 1741/1797
f 1855/1830 1741/1797 1854/1836
f 1317/1410 1416/1485 1417/1489
f 1317/1410 1417/1489 1318/1415
f 1753/1759 1757/1792 1856/1778
f 1753/1759 1856/1778 875/1747
f 875/1747 1856/1778 1857/1770
f 875/1747 1857/1770 876/1739
f 1747/1940 1421/1915 1428/1864
f 1747/1940 1428/1864 1758/1882
f 1758/1882 1428/1864 1858/1813
f 1758/1882 1858/1813 1855/1830
f 1858/1813 1856/1778 1757/1792
f 1858/1813 1757/1792 1855/1830
f 1428/1864 1423/1841 1859/1800
f 1428/1864 1859/1800 1858/1813
f 1857/1770 1856/1778 1858/1813
f 1857/1770 1858/1813 1859/1800
f 1422/1790 1425/1764 1859/1800
f 1422/1790 1859/1800 1423/1841
f 1850/1585 1849/1681 1415/1669
f 1850/1585 1415/1669 1414/1582
f 1268/1102 1860/1148 1861/1184
f 1268/1102 1861/1184 1269/1139
f 1270/1183 1269/1139 1861/1184
f 1270/1183 1861/1184 1862/1232
f 1298/1074 1863/1117 1860/1148
f 1298/1074 1860/1148 1268/1102
f 1313/1244 1864/1289 1865/1348
f 1313/1244 1865/1348 1316/1333
f 1866/2062 1867/2403 1868/2401
f 1866/2062 1868/2401 1869/2086
f 1870/1126 1871/1344 1872/1404
f 1870/1126 1872/1404 1873/1276
f 1874/1802 1866/2062 1869/2086
f 1874/1802 1869/2086 1875/1853
f 1870/1126 1873/1276 1876/1160
f 1870/1126 1876/1160 1877/1035
f 1878/1416 1865/1348 1879/1371
f 1878/1416 1879/1371 1880/1426
f 1881/1236 1882/1178 1883/1064
f 1881/1236 1883/1064 1884/1094
f 1885/1323 1886/1379 1887/1545
f 1885/1323 1887/1545 1699/1492
f 1881/1236 1888/1303 1889/1433
f 1881/1236 1889/1433 1886/1379
f 1890/2137 1891/2174 1892/1986
f 1890/2137 1892/1986 1893/1921
f 1888/1303 1894/1387 1895/1517
f 1888/1303 1895/1517 1889/1433
f 1894/1387 1896/1490 1897/1627
f 1894/1387 1897/1627 1895/1517
f 1876/1160 1888/1303 1881/1236
f 1876/1160 1881/1236 1884/1094
f 1875/1853 1869/2086 1890/2137
f 1875/1853 1890/2137 1893/1921
f 1873/1276 1872/1404 1896/1490
f 1873/1276 1896/1490 1894/1387
f 1876/1160 1873/1276 1894/1387
f 1876/1160 1894/1387 1888/1303
f 1697/1755 1699/1492 1887/1545
f 1697/1755 1887/1545 1700/1773
f 1891/2174 1898/2397 1899/2395
f 1891/2174 1899/2395 1900/2222
f 1892/1986 1891/2174 1900/2222
f 1892/1986 1900/2222 1901/2058
f 1902/1696 1895/1517 1897/1627
f 1902/1696 1897/1627 1903/1822
f 1889/1433 1895/1517 1902/1696
f 1889/1433 1902/1696 1904/1600
f 1886/1379 1889/1433 1904/1600
f 1886/1379 1904/1600 1887/1545
f 1900/2222 1899/2395 1905/2393
f 1900/2222 1905/2393 1121/2252
f 1902/1696 1903/1822 1116/1954
f 1902/1696 1116/1954 1119/1881
f 1901/2058 1900/2222 1121/2252
f 1901/2058 1121/2252 1120/2132
f 1904/1600 1902/1696 1119/1881
f 1904/1600 1119/1881 1126/1817
f 1887/1545 1904/1600 1126/1817
f 1887/1545 1126/1817 1700/1773
f 1890/2137 1906/2398 1898/2397
f 1890/2137 1898/2397 1891/2174
f 1847/1587 1850/1585 1907/1484
f 1847/1587 1907/1484 1908/1488
f 1909/1452 1202/1472 1201/1537
f 1909/1452 1201/1537 1211/1520
f 1885/1323 1699/1492 1688/1375
f 1885/1323 1688/1375 1910/1262
f 1879/1371 1911/1393 1909/1452
f 1879/1371 1909/1452 1880/1426
f 1912/1217 1113/1310 1112/1281
f 1912/1217 1112/1281 1913/1194
f 1913/1194 1112/1281 1130/1256
f 1913/1194 1130/1256 1914/1186
f 1914/1186 1130/1256 1132/1251
f 1914/1186 1132/1251 1915/1187
f 1916/1239 1139/1290 1137/1312
f 1916/1239 1137/1312 1917/1270
f 1917/1270 1137/1312 1138/1337
f 1917/1270 1138/1337 1918/1302
f 1919/1215 1141/1265 1139/1290
f 1919/1215 1139/1290 1916/1239
f 1909/1452 1911/1393 1203/1420
f 1909/1452 1203/1420 1202/1472
f 1920/1342 1204/1378 1203/1420
f 1920/1342 1203/1420 1911/1393
f 1910/1262 1688/1375 1113/1310
f 1910/1262 1113/1310 1912/1217
f 1294/992 1921/1032 1297/1051
f 1294/992 1297/1051 1296/1015
f 1870/1126 1877/1035 1410/942
f 1870/1126 1410/942 1409/967
f 1922/991 1923/1047 1924/1054
f 1922/991 1924/1054 1925/1005
f 1925/1005 1924/1054 1926/1060
f 1925/1005 1926/1060 1927/1014
f 1921/1032 1927/1014 1926/1060
f 1921/1032 1926/1060 1928/1070
f 1929/984 1930/1052 1923/1047
f 1929/984 1923/1047 1922/991
f 1931/985 1883/1064 1930/1052
f 1931/985 1930/1052 1929/984
f 1877/1035 1876/1160 1884/1094
f 1877/1035 1884/1094 1932/1002
f 1932/1002 1884/1094 1883/1064
f 1932/1002 1883/1064 1931/985
f 1164/945 1922/991 1925/1005
f 1164/945 1925/1005 1154/959
f 1925/1005 1927/1014 1151/976
f 1925/1005 1151/976 1154/959
f 1921/1032 1294/992 1151/976
f 1921/1032 1151/976 1927/1014
f 1665/935 1929/984 1922/991
f 1665/935 1922/991 1164/945
f 1694/928 1931/985 1929/984
f 1694/928 1929/984 1665/935
f 1410/942 1877/1035 1932/1002
f 1410/942 1932/1002 1705/929
f 1705/929 1932/1002 1931/985
f 1705/929 1931/985 1694/928
f 1881/1236 1886/1379 1885/1323
f 1881/1236 1885/1323 1882/1178
f 1861/1184 1933/1230 1934/1267
f 1861/1184 1934/1267 1862/1232
f 1860/1148 1935/1195 1933/1230
f 1860/1148 1933/1230 1861/1184
f 1926/1060 1936/1116 1937/1124
f 1926/1060 1937/1124 1928/1070
f 1882/1178 1938/1140 1930/1052
f 1882/1178 1930/1052 1883/1064
f 1930/1052 1938/1140 1939/1119
f 1930/1052 1939/1119 1923/1047
f 1863/1117 1940/1164 1935/1195
f 1863/1117 1935/1195 1860/1148
f 1926/1060 1924/1054 1941/1112
f 1926/1060 1941/1112 1936/1116
f 1923/1047 1939/1119 1941/1112
f 1923/1047 1941/1112 1924/1054
f 1882/1178 1885/1323 1910/1262
f 1882/1178 1910/1262 1938/1140
f 1864/1289 1942/1315 1879/1371
f 1864/1289 1879/1371 1865/1348
f 1939/1119 1912/1217 1913/1194
f 1939/1119 1913/1194 1941/1112
f 1941/1112 1913/1194 1914/1186
f 1941/1112 1914/1186 1936/1116
f 1934/1267 1933/1230 1917/1270
f 1934/1267 1917/1270 1918/1302
f 1935/1195 1916/1239 1917/1270
f 1935/1195 1917/1270 1933/1230
f 1936/1116 1914/1186 1915/1187
f 1936/1116 1915/1187 1937/1124
f 1940/1164 1919/1215 1916/1239
f 1940/1164 1916/1239 1935/1195
f 1942/1315 1920/1342 1911/1393
f 1942/1315 1911/1393 1879/1371
f 1938/1140 1910/1262 1912/1217
f 1938/1140 1912/1217 1939/1119
f 1316/1333 1943/1409 1317/1410
f 1316/1333 1317/1410 1314/1332
f 1850/1585 1414/1582 1416/1485
f 1850/1585 1416/1485 1907/1484
f 1943/1409 1907/1484 1416/1485
f 1943/1409 1416/1485 1317/1410
f 1316/1333 1865/1348 1878/1416
f 1316/1333 1878/1416 1943/1409
f 1907/1484 1943/1409 1878/1416
f 1907/1484 1878/1416 1908/1488
f 1731/1925 1176/1941 1175/2016
f 1731/1925 1175/2016 1627/2003
f 1944/1827 1851/1807 1848/1698
f 1944/1827 1848/1698 1945/1706
f 1731/1925 1746/1860 1851/1807
f 1731/1925 1851/1807 1944/1827
f 1945/1706 1848/1698 1847/1587
f 1945/1706 1847/1587 1946/1592
f 1947/1500 1946/1592 1847/1587
f 1947/1500 1847/1587 1908/1488
f 1945/1706 1946/1592 1210/1597
f 1945/1706 1210/1597 1209/1716
f 1726/1839 1944/1827 1945/1706
f 1726/1839 1945/1706 1209/1716
f 1731/1925 1944/1827 1726/1839
f 1731/1925 1726/1839 1176/1941
f 1880/1426 1909/1452 1211/1520
f 1880/1426 1211/1520 1947/1500
f 1211/1520 1210/1597 1946/1592
f 1211/1520 1946/1592 1947/1500
f 1878/1416 1880/1426 1947/1500
f 1878/1416 1947/1500 1908/1488
f 1558/2301 1948/2370 1949/2367
f 1558/2301 1949/2367 1556/2305
f 1704/835 1695/848 1709/817
f 1704/835 1709/817 1950/806
f 1950/806 1951/794 1413/825
f 1950/806 1413/825 1704/835
f 1411/821 1413/825 1951/794
f 1411/821 1951/794 1952/779
f 1412/824 1411/821 1952/779
f 1412/824 1952/779 1953/747
f 1708/796 1707/773 1954/786
f 1709/817 1708/796 1954/786
f 1709/817 1954/786 1950/806
f 1447/1757 1491/1794 1492/1819
f 1447/1757 1492/1819 1445/1808
f 1955/1905 1486/1928 1483/1979
f 1955/1905 1483/1979 1956/1970
f 1955/1905 1957/1867 1479/1891
f 1955/1905 1479/1891 1486/1928
f 1478/1865 1477/1871 1958/1837
f 1478/1865 1958/1837 1492/1819
f 1959/2110 1960/2034 1484/2050
f 1959/2110 1484/2050 1488/2130
f 1483/1979 1484/2050 1960/2034
f 1483/1979 1960/2034 1956/1970
f 1477/1871 1480/1876 1961/1848
f 1477/1871 1961/1848 1958/1837
f 1479/1891 1957/1867 1961/1848
f 1479/1891 1961/1848 1480/1876
f 1962/2253 1590/2259 1589/2308
f 1962/2253 1589/2308 1963/2303
f 1963/2303 1589/2308 1599/2371
f 1963/2303 1599/2371 1964/2373
f 1965/2181 1959/2110 1488/2130
f 1965/2181 1488/2130 1608/2198
f 1590/2259 1962/2253 1965/2181
f 1590/2259 1965/2181 1608/2198
f 1445/1808 1492/1819 1958/1837
f 1445/1808 1958/1837 1446/1818
f 1957/1867 1455/1855 1456/1834
f 1957/1867 1456/1834 1961/1848
f 1958/1837 1961/1848 1456/1834
f 1958/1837 1456/1834 1446/1818
f 1955/1905 1956/1970 1452/1965
f 1955/1905 1452/1965 1454/1895
f 1454/1895 1455/1855 1957/1867
f 1454/1895 1957/1867 1955/1905
f 1956/1970 1960/2034 1453/2022
f 1956/1970 1453/2022 1452/1965
f 1619/2070 1451/2012 1453/2022
f 1966/2300 1967/2372 1948/2370
f 1966/2300 1948/2370 1558/2301
f 1557/2240 1968/2244 1966/2300
f 1557/2240 1966/2300 1558/2301
f 1969/2167 1615/2160 1620/2061
f 1969/2167 1620/2061 1619/2070
f 1968/2244 1557/2240 1615/2160
f 1968/2244 1615/2160 1969/2167
f 1962/2253 1968/2244 1969/2167
f 1962/2253 1969/2167 1965/2181
f 1966/2300 1968/2244 1962/2253
f 1966/2300 1962/2253 1963/2303
f 1960/2034 1959/2110 1619/2070
f 1960/2034 1619/2070 1453/2022
f 1969/2167 1619/2070 1959/2110
f 1969/2167 1959/2110 1965/2181
f 1408/890 1412/824 1970/904
f 1408/890 1970/904 1971/1011
f 1408/890 1971/1011 1409/967
f 1409/967 1971/1011 1972/1165
f 1409/967 1972/1165 1870/1126
f 1972/1165 1973/1341 1871/1344
f 1972/1165 1871/1344 1870/1126
f 1874/1802 1974/1789 1975/2054
f 1874/1802 1975/2054 1866/2062
f 1866/2062 1975/2054 1976/2404
f 1866/2062 1976/2404 1867/2403
f 1977/2098 1978/2196 724/2194
f 1977/2098 724/2194 723/2099
f 722/2011 1979/2006 1977/2098
f 722/2011 1977/2098 723/2099
f 722/2011 721/1943 1980/1942
f 722/2011 1980/1942 1979/2006
f 721/1943 725/1858 1981/1861
f 721/1943 1981/1861 1980/1942
f 725/1858 739/1798 1982/1810
f 725/1858 1982/1810 1981/1861
f 1983/2000 773/1991 772/2116
f 1983/2000 772/2116 1984/2134
f 774/2251 1985/2262 1984/2134
f 774/2251 1984/2134 772/2116
f 1983/2000 1986/1922 789/1907
f 1983/2000 789/1907 773/1991
f 1986/1922 1987/1847 791/1832
f 1986/1922 791/1832 789/1907
f 1988/1780 790/1768 791/1832
f 1988/1780 791/1832 1987/1847
f 790/1768 1988/1780 1989/1782
f 790/1768 1989/1782 738/1762
f 1109/2276 1122/2271 1990/2391
f 1109/2276 1990/2391 1110/2389
f 1030/1319 1024/1301 1088/1197
f 1030/1319 1088/1197 1991/1214
f 1992/1113 1991/1214 1088/1197
f 1992/1113 1088/1197 1001/1095
f 1993/1041 1992/1113 1001/1095
f 1993/1041 1001/1095 1002/1031
f 1003/981 1994/1001 1993/1041
f 1003/981 1993/1041 1002/1031
f 1297/1051 1921/1032 1928/1070
f 1297/1051 1928/1070 1995/1086
f 1937/1124 1996/1138 1995/1086
f 1937/1124 1995/1086 1928/1070
f 1915/1187 1997/1199 1996/1138
f 1915/1187 1996/1138 1937/1124
f 1132/1251 1998/1253 1997/1199
f 1132/1251 1997/1199 1915/1187
f 1999/1307 1998/1253 1132/1251
f 1999/1307 1132/1251 1131/1309
f 1779/1356 2000/1352 1999/1307
f 1779/1356 1999/1307 1131/1309
f 2000/1352 1779/1356 1817/1398
f 2000/1352 1817/1398 2001/1394
f 1824/1434 2002/1427 2001/1394
f 1824/1434 2001/1394 1817/1398
f 1811/1468 2003/1467 2002/1427
f 1811/1468 2002/1427 1824/1434
f 2003/1467 1811/1468 1805/1496
f 2003/1467 1805/1496 2004/1498
f 2005/1548 2004/1498 1805/1496
f 2005/1548 1805/1496 1803/1535
f 2005/1548 1803/1535 1796/1569
f 2005/1548 1796/1569 2006/1591
f 1795/1620 2007/1636 2006/1591
f 1795/1620 2006/1591 1796/1569
f 1797/1701 2008/1730 2007/1636
f 1797/1701 2007/1636 1795/1620
f 2008/1730 1797/1701 1800/1806
f 2008/1730 1800/1806 2009/1820
f 2009/1820 1800/1806 1802/1875
f 2009/1820 1802/1875 2010/1903
f 2011/1976 2010/1903 1802/1875
f 2011/1976 1802/1875 1844/1934
f 2012/2037 2011/1976 1844/1934
f 2012/2037 1844/1934 1768/1973
f 1767/1996 2013/2072 2012/2037
f 1767/1996 2012/2037 1768/1973
f 2014/2092 2013/2072 1767/1996
f 2014/2092 1767/1996 1677/2007
f 2015/2102 2014/2092 1677/2007
f 2015/2102 1677/2007 1676/2014
f 2016/2105 2015/2102 1676/2014
f 2016/2105 1676/2014 1686/2017
f 2016/2105 1686/2017 1698/2018
f 2016/2105 1698/2018 2017/2104
f 1702/2025 2018/2113 2017/2104
f 1702/2025 2017/2104 1698/2018
f 2018/2113 1702/2025 1124/2029
f 2018/2113 1124/2029 2019/2109
f 2020/2081 2019/2109 1124/2029
f 2020/2081 1124/2029 1117/2008
f 2021/2027 2020/2081 1117/2008
f 2021/2027 1117/2008 1116/1954
f 1903/1822 2022/1947 2021/2027
f 1903/1822 2021/2027 1116/1954
f 1897/1627 2023/1829 2022/1947
f 1897/1627 2022/1947 1903/1822
f 1896/1490 2024/1675 2023/1829
f 1896/1490 2023/1829 1897/1627
f 1872/1404 2025/1562 2024/1675
f 1872/1404 2024/1675 1896/1490
f 1871/1344 2026/1514 2025/1562
f 1871/1344 2025/1562 1872/1404
f 1973/1341 2027/1505 2026/1514
f 1973/1341 2026/1514 1871/1344
f 785/1741 784/1746 745/1744
f 785/1741 745/1744 744/1734
f 747/1724 801/1728 785/1741
f 747/1724 785/1741 744/1734
f 746/1703 795/1710 801/1728
f 746/1703 801/1728 747/1724
f 749/1687 796/1691 795/1710
f 749/1687 795/1710 746/1703
f 748/1662 799/1672 796/1691
f 748/1662 796/1691 749/1687
f 1396/1630 1403/1640 799/1672
f 1396/1630 799/1672 748/1662
f 1404/1614 1403/1640 1396/1630
f 1404/1614 1396/1630 1395/1604
f 1831/1570 1829/1586 1404/1614
f 1831/1570 1404/1614 1395/1604
f 2004/1498 2005/1548 1833/1541
f 2004/1498 1833/1541 1787/1503
f 1786/1470 2003/1467 2004/1498
f 1786/1470 2004/1498 1787/1503
f 1827/1431 2002/1427 2003/1467
f 1827/1431 2003/1467 1786/1470
f 1818/1397 2001/1394 2002/1427
f 1818/1397 2002/1427 1827/1431
f 1780/1359 2000/1352 2001/1394
f 1780/1359 2001/1394 1818/1397
f 1142/1313 1999/1307 2000/1352
f 1142/1313 2000/1352 1780/1359
f 1998/1253 1999/1307 1142/1313
f 1998/1253 1142/1313 1141/1265
f 1997/1199 1998/1253 1141/1265
f 1997/1199 1141/1265 1919/1215
f 1996/1138 1997/1199 1919/1215
f 1996/1138 1919/1215 1940/1164
f 1995/1086 1996/1138 1940/1164
f 1995/1086 1940/1164 1863/1117
f 1297/1051 1995/1086 1863/1117
f 1297/1051 1863/1117 1298/1074
f 1267/1063 1295/1037 1298/1074
f 1267/1063 1298/1074 1268/1102
f 2026/1514 2027/1505 1974/1789
f 2026/1514 1974/1789 1874/1802
f 2026/1514 1874/1802 1875/1853
f 2026/1514 1875/1853 2025/1562
f 2025/1562 1875/1853 1893/1921
f 2025/1562 1893/1921 2024/1675
f 1892/1986 2023/1829 2024/1675
f 1892/1986 2024/1675 1893/1921
f 2023/1829 1892/1986 1901/2058
f 2023/1829 1901/2058 2022/1947
f 2022/1947 1901/2058 1120/2132
f 2022/1947 1120/2132 2021/2027
f 2021/2027 1120/2132 1123/2173
f 2021/2027 1123/2173 2020/2081
f 2019/2109 2020/2081 1123/2173
f 2019/2109 1123/2173 1127/2187
f 2018/2113 2019/2109 1127/2187
f 2018/2113 1127/2187 1128/2202
f 2017/2104 2018/2113 1128/2202
f 2017/2104 1128/2202 1692/2197
f 1685/2200 2016/2105 2017/2104
f 1685/2200 2017/2104 1692/2197
f 1675/2201 2015/2102 2016/2105
f 1675/2201 2016/2105 1685/2200
f 1674/2188 2014/2092 2015/2102
f 1674/2188 2015/2102 1675/2201
f 1762/2168 2013/2072 2014/2092
f 1762/2168 2014/2092 1674/2188
f 2013/2072 1762/2168 1765/2124
f 2013/2072 1765/2124 2012/2037
f 1845/2033 2011/1976 2012/2037
f 1845/2033 2012/2037 1765/2124
f 1791/1948 2010/1903 2011/1976
f 1791/1948 2011/1976 1845/2033
f 1789/1854 2009/1820 2010/1903
f 1789/1854 2010/1903 1791/1948
f 2008/1730 2009/1820 1789/1854
f 2008/1730 1789/1854 1788/1765
f 1394/1665 2007/1636 2008/1730
f 1394/1665 2008/1730 1788/1765
f 1393/1613 2006/1591 2007/1636
f 1393/1613 2007/1636 1394/1665
f 2006/1591 1393/1613 1829/1586
f 2006/1591 1829/1586 2005/1548
f 1833/1541 2005/1548 1829/1586
f 1833/1541 1829/1586 1831/1570
f 1832/1544 1833/1541 1831/1570
f 1832/1544 1831/1570 1830/1568
f 1397/1599 1836/1608 1838/1575
f 1397/1599 1838/1575 1830/1568
f 1018/1033 1019/1016 1084/979
f 1018/1033 1084/979 1020/998
f 1013/1044 1018/1033 1020/998
f 1013/1044 1020/998 1011/1017
f 1005/1062 1013/1044 1011/1017
f 1005/1062 1011/1017 1007/1034
f 1005/1062 1007/1034 1010/1046
f 1005/1062 1010/1046 1006/1080
f 943/1084 946/1111 949/1092
f 943/1084 949/1092 1073/1065
f 951/1135 946/1111 943/1084
f 951/1135 943/1084 942/1106
f 1640/1132 1638/1156 951/1135
f 1640/1132 951/1135 942/1106
f 1638/1156 1640/1132 1654/1153
f 1638/1156 1654/1153 1655/1175
f 861/1200 1655/1175 1654/1153
f 861/1200 1654/1153 860/1172
f 859/1191 862/1211 861/1200
f 859/1191 861/1200 860/1172
f 877/1204 863/1225 862/1211
f 877/1204 862/1211 859/1191
f 868/1212 864/1235 863/1225
f 868/1212 863/1225 877/1204
f 865/1243 864/1235 868/1212
f 865/1243 868/1212 867/1224
f 872/1234 866/1250 865/1243
f 872/1234 865/1243 867/1224
f 901/1241 899/1254 872/1234
f 886/1260 2028/1269 899/1254
f 886/1260 899/1254 901/1241
f 885/1295 2029/1299 2028/1269
f 885/1295 2028/1269 886/1260
f 892/1336 2030/1346 2029/1299
f 892/1336 2029/1299 885/1295
f 896/1388 2031/1392 2030/1346
f 896/1388 2030/1346 892/1336
f 898/1444 2032/1447 2031/1392
f 898/1444 2031/1392 896/1388
f 2033/1504 2032/1447 898/1444
f 2033/1504 898/1444 893/1510
f 2033/1504 893/1510 888/1573
f 2033/1504 888/1573 2034/1561
f 887/1632 2035/1616 2034/1561
f 887/1632 2034/1561 888/1573
f 890/1686 2036/1663 2035/1616
f 890/1686 2035/1616 887/1632
f 1755/1712 2037/1680 2036/1663
f 1755/1712 2036/1663 890/1686
f 1994/1001 1003/981 1083/950
f 1994/1001 1083/950 1086/966
f 1368/748 1371/731 1366/778
f 1368/748 1366/778 1333/790
f 1368/748 1333/790 982/801
f 1368/748 982/801 2038/761
f 2039/802 2038/761 982/801
f 2039/802 982/801 976/823
f 2039/802 976/823 977/850
f 2039/802 977/850 2040/831
f 981/874 2041/856 2040/831
f 981/874 2040/831 977/850
f 2041/856 981/874 993/910
f 2041/856 993/910 2042/889
f 2043/926 2042/889 993/910
f 2043/926 993/910 992/946
f 995/997 2044/971 2043/926
f 995/997 2043/926 992/946
f 1081/1068 1080/1038 2044/971
f 1081/1068 2044/971 995/997
f 1059/1229 1075/1179 1081/1068
f 1059/1229 1081/1068 1062/1107
f 1369/669 2045/618 2046/576
f 1369/669 2046/576 1370/654
f 1659/1357 966/1367 956/1277
f 1659/1357 956/1277 1658/1275
f 955/1190 953/1198 1658/1275
f 955/1190 1658/1275 956/1277
f 948/1136 953/1198 955/1190
f 948/1136 955/1190 1004/1123
f 1006/1080 949/1092 948/1136
f 1006/1080 948/1136 1004/1123
f 1010/1046 1073/1065 949/1092
f 1010/1046 949/1092 1006/1080
f 1009/1028 1072/1042 1073/1065
f 1009/1028 1073/1065 1010/1046
f 1353/1036 1072/1042 1009/1028
f 1353/1036 1009/1028 1357/1010
f 1358/1000 1356/1024 1353/1036
f 1358/1000 1353/1036 1357/1010
f 1281/986 1355/1019 1356/1024
f 1281/986 1356/1024 1358/1000
f 1354/1018 1355/1019 1281/986
f 1354/1018 1281/986 1280/983
f 1363/1020 1354/1018 1280/983
f 1363/1020 1280/983 1287/987
f 1283/1004 1364/1029 1363/1020
f 1283/1004 1363/1020 1287/987
f 1365/1039 1364/1029 1283/1004
f 1365/1039 1283/1004 1282/1021
f 1352/1067 1365/1039 1282/1021
f 1352/1067 1282/1021 1277/1040
f 1264/1081 1307/1105 1352/1067
f 1264/1081 1352/1067 1277/1040
f 1307/1105 1264/1081 1266/1129
f 1307/1105 1266/1129 1308/1162
f 1270/1183 1313/1244 1308/1162
f 1270/1183 1308/1162 1266/1129
f 1313/1244 1270/1183 1862/1232
f 1313/1244 1862/1232 1864/1289
f 1934/1267 1942/1315 1864/1289
f 1934/1267 1864/1289 1862/1232
f 1942/1315 1934/1267 1918/1302
f 1942/1315 1918/1302 1920/1342
f 1138/1337 1204/1378 1920/1342
f 1138/1337 1920/1342 1918/1302
f 1135/1381 1192/1413 1204/1378
f 1135/1381 1204/1378 1138/1337
f 1134/1417 1181/1454 1192/1413
f 1134/1417 1192/1413 1135/1381
f 1813/1456 1182/1480 1181/1454
f 1813/1456 1181/1454 1134/1417
f 1182/1480 1813/1456 1774/1481
f 1182/1480 1774/1481 1444/1527
f 1461/1526 1457/1552 1444/1527
f 1461/1526 1444/1527 1774/1481
f 1457/1552 1461/1526 1464/1546
f 1457/1552 1464/1546 1458/1574
f 1783/1566 1487/1607 1458/1574
f 1783/1566 1458/1574 1464/1546
f 1487/1607 1783/1566 1841/1598
f 1487/1607 1841/1598 1837/1633
f 1837/1633 1841/1598 1840/1623
f 1837/1633 1840/1623 1839/1673
f 1835/1708 1839/1673 1840/1623
f 1835/1708 1840/1623 1834/1655
f 1388/1748 1835/1708 1834/1655
f 1388/1748 1834/1655 736/1689
f 715/1776 1388/1748 736/1689
f 715/1776 736/1689 734/1726
f 1659/1357 934/1448 937/1464
f 1659/1357 937/1464 966/1367
f 1045/1754 1042/1959 1054/1918
f 1045/1754 1054/1918 1057/1679
f 1043/1980 1042/1959 1045/1754
f 1043/1980 1045/1754 1044/1799
f 1043/1980 1044/1799 1070/1826
f 1043/1980 1070/1826 1071/1997
f 1048/1852 1050/2015 1071/1997
f 1048/1852 1071/1997 1070/1826
f 1050/2015 1048/1852 1049/1869
f 1050/2015 1049/1869 1051/2026
f 1052/1880 1053/2031 1051/2026
f 1052/1880 1051/2026 1049/1869
f 1100/2043 1099/2036 1102/1887
f 1100/2043 1102/1887 1101/1894
f 931/2053 1100/2043 1101/1894
f 931/2053 1101/1894 965/1904
f 963/1745 964/1910 965/1904
f 963/1745 965/1904 962/1733
f 2047/1676 2048/1682 874/1717
f 2047/1676 874/1717 873/1714
f 2049/1685 847/1637 856/1618
f 2049/1685 856/1618 2050/1653
f 1426/1729 844/1664 846/1651
f 1426/1729 846/1651 2051/1705
f 847/1637 2049/1685 2051/1705
f 847/1637 2051/1705 846/1651
f 874/1717 1755/1712 1754/1735
f 874/1717 1754/1735 875/1747
f 2048/1682 2037/1680 1755/1712
f 2048/1682 1755/1712 874/1717
f 1857/1770 1859/1800 1425/1764
f 1857/1770 1425/1764 1426/1729
f 876/1739 1857/1770 1426/1729
f 876/1739 1426/1729 2051/1705
f 2049/1685 873/1714 876/1739
f 2049/1685 876/1739 2051/1705
f 2047/1676 873/1714 2049/1685
f 2047/1676 2049/1685 2050/1653
f 1753/1759 875/1747 1754/1735
f 784/1746 790/1768 738/1762
f 784/1746 738/1762 745/1744
f 1369/669 1368/748 2038/761
f 1369/669 2038/761 2045/618
f 1342/860 1328/854 1330/833
f 1342/860 1330/833 1344/830
f 1341/891 1327/881 1328/854
f 1341/891 1328/854 1342/860
f 1332/899 1327/881 1341/891
f 1332/899 1341/891 1339/917
f 1338/938 1331/918 1332/899
f 1338/938 1332/899 1339/917
f 1085/956 1087/940 1331/918
f 1085/956 1331/918 1338/938
f 1084/979 1086/966 1087/940
f 1084/979 1087/940 1085/956
f 1019/1016 1994/1001 1086/966
f 1019/1016 1086/966 1084/979
f 1993/1041 1994/1001 1019/1016
f 1993/1041 1019/1016 1016/1061
f 1016/1061 1017/1133 1992/1113
f 1016/1061 1992/1113 1993/1041
f 1017/1133 1104/1233 1991/1214
f 1017/1133 1991/1214 1992/1113
f 1106/1327 1030/1319 1991/1214
f 1106/1327 1991/1214 1104/1233
f 1028/1412 1030/1319 1106/1327
f 1028/1412 1106/1327 1089/1422
f 1029/1530 1028/1412 1089/1422
f 1029/1530 1089/1422 1092/1536
f 1039/1677 1029/1530 1092/1536
f 1039/1677 1092/1536 1098/1690
f 1052/1880 1039/1677 1098/1690
f 1052/1880 1098/1690 1102/1887
f 1102/1887 1099/2036 1053/2031
f 1102/1887 1053/2031 1052/1880
f 1035/2214 1053/2031 1099/2036
f 1035/2214 1099/2036 1093/2218
f 1093/2218 1096/2366 1036/2375
f 1093/2218 1036/2375 1035/2214
f 2052/2323 697/2324 691/2275
f 2052/2323 691/2275 726/2279
f 2053/2328 2052/2323 726/2279
f 2053/2328 726/2279 727/2280
f 2054/2362 2055/2358 756/2190
f 2054/2362 756/2190 758/2177
f 2055/2358 770/2354 757/2216
f 2055/2358 757/2216 756/2190
f 771/2359 768/2376 759/2239
f 771/2359 759/2239 762/2234
f 769/2382 2056/2388 774/2251
f 769/2382 774/2251 767/2243
f 2057/2390 2058/2394 1041/2158
f 2057/2390 1041/2158 1040/2179
f 2058/2394 2059/2396 1055/2133
f 2058/2394 1055/2133 1041/2158
f 1068/2386 2057/2390 1040/2179
f 1068/2386 1040/2179 1067/2192
f 1107/2348 1095/2355 1094/2223
f 1107/2348 1094/2223 933/2227
f 1905/2393 1990/2391 1122/2271
f 1905/2393 1122/2271 1121/2252
f 700/2329 1579/2330 1387/2221
f 700/2329 1387/2221 699/2215
f 1761/2368 2054/2362 758/2177
f 1761/2368 758/2177 1400/2166
f 2060/2356 2061/2352 1542/2312
f 2060/2356 1542/2312 1541/2316
f 2061/2352 1734/2350 1544/2299
f 2061/2352 1544/2299 1542/2312
f 1538/2339 1535/2338 1534/2229
f 1538/2339 1534/2229 1539/2263
f 1553/2360 2060/2356 1541/2316
f 1553/2360 1541/2316 1550/2315
f 1949/2367 1552/2364 1551/2310
f 1949/2367 1551/2310 1556/2305
f 1582/2341 2062/2344 1577/2307
f 1582/2341 1577/2307 1574/2298
f 2062/2344 2063/2347 1570/2318
f 2062/2344 1570/2318 1577/2307
f 2064/2333 2065/2334 1584/2297
f 2064/2333 1584/2297 1585/2302
f 2065/2334 1581/2336 1573/2296
f 2065/2334 1573/2296 1584/2297
f 2066/2332 2064/2333 1585/2302
f 2066/2332 1585/2302 1586/2314
f 1580/2331 2066/2332 1586/2314
f 1580/2331 1586/2314 1563/2289
f 2063/2347 2067/2349 1571/2320
f 2063/2347 1571/2320 1570/2318
f 1604/2363 2068/2365 1592/2311
f 1604/2363 1592/2311 1596/2313
f 2068/2365 1598/2369 1591/2309
f 2068/2365 1591/2309 1592/2311
f 2067/2349 1600/2351 1595/2322
f 2067/2349 1595/2322 1571/2320
f 1601/2353 1602/2357 1593/2319
f 1601/2353 1593/2319 1594/2321
f 1682/2383 2069/2380 1673/2285
f 1682/2383 1673/2285 1672/2288
f 1691/2385 1681/2384 1680/2286
f 1691/2385 1680/2286 1690/2284
f 1756/2345 1537/2342 1536/2287
f 1756/2345 1536/2287 1749/2292
f 1772/2377 1760/2374 1759/2153
f 1772/2377 1759/2153 1764/2237
f 2069/2380 1771/2379 1763/2272
f 2069/2380 1763/2272 1673/2285
f 1868/2401 1906/2398 1890/2137
f 1868/2401 1890/2137 1869/2086
f 1964/2373 1967/2372 1966/2300
f 1964/2373 1966/2300 1963/2303
f 2053/2328 2070/2335 2071/2450
f 2053/2328 2071/2450 2072/2451
f 2073/2582 2074/2581 2075/2555
f 2073/2582 2075/2555 2076/2556
f 2077/2493 2078/2519 2079/2522
f 2077/2493 2079/2522 2080/2508
f 2081/2548 2082/2554 2083/2588
f 2081/2548 2083/2588 2084/2599
f 2080/2508 2079/2522 2082/2554
f 2080/2508 2082/2554 2081/2548
f 2082/2554 2079/2522 2078/2519
f 2082/2554 2078/2519 2075/2555
f 2075/2555 2074/2581 2083/2588
f 2075/2555 2083/2588 2082/2554
f 2074/2581 2085/2596 2086/2617
f 2074/2581 2086/2617 2083/2588
f 2087/2660 2084/2599 2083/2588
f 2087/2660 2083/2588 2086/2617
f 2078/2519 2088/2530 2076/2556
f 2078/2519 2076/2556 2075/2555
f 2074/2581 2073/2582 2089/2602
f 2074/2581 2089/2602 2085/2596
f 2089/2602 2090/2647 2086/2617
f 2089/2602 2086/2617 2085/2596
f 2091/2580 2092/2592 2093/2586
f 2091/2580 2093/2586 2094/2563
f 2076/2556 2094/2563 2093/2586
f 2076/2556 2093/2586 2073/2582
f 2095/2612 2093/2586 2092/2592
f 2095/2612 2092/2592 2096/2611
f 2089/2602 2073/2582 2093/2586
f 2089/2602 2093/2586 2095/2612
f 2097/2641 2098/2650 2095/2612
f 2095/2612 2096/2611 2097/2641
f 2094/2563 2076/2556 2088/2530
f 2088/2530 2099/2552 2094/2563
f 2090/2647 2089/2602 2095/2612
f 2090/2647 2095/2612 2098/2650
f 2097/2641 2096/2611 2100/2626
f 2096/2611 2092/2592 2101/2594
f 2096/2611 2101/2594 2100/2626
f 2094/2563 2099/2552 2102/2574
f 2102/2574 2091/2580 2094/2563
f 2091/2580 2102/2574 2101/2594
f 2091/2580 2101/2594 2092/2592
f 2103/2659 2104/2671 2097/2641
f 2103/2659 2097/2641 2100/2626
f 2086/2617 2090/2647 2105/2676
f 2086/2617 2105/2676 2087/2660
f 2098/2650 2106/2680 2105/2676
f 2098/2650 2105/2676 2090/2647
f 2098/2650 2097/2641 2104/2671
f 2098/2650 2104/2671 2106/2680
f 2088/2530 2078/2519 2077/2493
f 2088/2530 2077/2493 2107/2513
f 2100/2626 2108/2635 2103/2659
f 2108/2635 2100/2626 2101/2594
f 2108/2635 2101/2594 2109/2598
f 2110/2579 2102/2574 2099/2552
f 2110/2579 2099/2552 2111/2544
f 2109/2598 2101/2594 2102/2574
f 2109/2598 2102/2574 2110/2579
f 2111/2544 2099/2552 2088/2530
f 2111/2544 2088/2530 2107/2513
f 2112/2653 2113/2562 2114/2542
f 2112/2653 2114/2542 2115/2629
f 2116/2682 2117/2584 2113/2562
f 2116/2682 2113/2562 2112/2653
f 2117/2584 2118/2605 2119/2505
f 2117/2584 2119/2505 2120/2482
f 2117/2584 2120/2482 2121/2465
f 2117/2584 2121/2465 2113/2562
f 2114/2542 2113/2562 2121/2465
f 2114/2542 2121/2465 2122/2457
f 2123/2763 2116/2682 2112/2653
f 2123/2763 2112/2653 2124/2745
f 2125/2727 2124/2745 2112/2653
f 2125/2727 2112/2653 2115/2629
f 2120/2482 696/2326 695/2325
f 2120/2482 695/2325 2121/2465
f 2121/2465 695/2325 697/2324
f 2121/2465 697/2324 2122/2457
f 2119/2505 698/2327 696/2326
f 2119/2505 696/2326 2120/2482
f 2126/2518 700/2329 698/2327
f 2126/2518 698/2327 2119/2505
f 2127/2631 2126/2518 2119/2505
f 2127/2631 2119/2505 2118/2605
f 2118/2605 2128/2708 2129/2740
f 2118/2605 2129/2740 2127/2631
f 2128/2708 2130/2783 2131/2813
f 2128/2708 2131/2813 2129/2740
f 2132/2892 2131/2813 2130/2783
f 2132/2892 2130/2783 2133/2868
f 2134/2842 2123/2763 2124/2745
f 2134/2842 2124/2745 2135/2822
f 2135/2822 2124/2745 2125/2727
f 2135/2822 2125/2727 2136/2801
f 2133/2868 2130/2783 2123/2763
f 2133/2868 2123/2763 2134/2842
f 2130/2783 2128/2708 2116/2682
f 2130/2783 2116/2682 2123/2763
f 2116/2682 2128/2708 2118/2605
f 2116/2682 2118/2605 2117/2584
f 2136/2801 2137/2891 2138/2905
f 2136/2801 2138/2905 2135/2822
f 2139/2923 2134/2842 2135/2822
f 2139/2923 2135/2822 2138/2905
f 2140/2941 2133/2868 2134/2842
f 2140/2941 2134/2842 2139/2923
f 2141/2961 2132/2892 2133/2868
f 2141/2961 2133/2868 2140/2941
f 2115/2629 2142/2623 2143/2721
f 2115/2629 2143/2721 2125/2727
f 2114/2542 2144/2536 2142/2623
f 2114/2542 2142/2623 2115/2629
f 2125/2727 2143/2721 2145/2793
f 2125/2727 2145/2793 2136/2801
f 2137/2891 2136/2801 2145/2793
f 2137/2891 2145/2793 2146/2883
f 2147/2790 2145/2793 2143/2721
f 2147/2790 2143/2721 2148/2719
f 2144/2536 2149/2537 2150/2624
f 2144/2536 2150/2624 2142/2623
f 2142/2623 2150/2624 2148/2719
f 2142/2623 2148/2719 2143/2721
f 2151/2874 2146/2883 2145/2793
f 2151/2874 2145/2793 2147/2790
f 2122/2457 2152/2452 2144/2536
f 2122/2457 2144/2536 2114/2542
f 2144/2536 2152/2452 2072/2451
f 2144/2536 2072/2451 2149/2537
f 2138/2905 2137/2891 2153/2954
f 2138/2905 2153/2954 2154/2964
f 2139/2923 2138/2905 2154/2964
f 2139/2923 2154/2964 2155/2975
f 2156/2987 2157/2993 2153/2954
f 2156/2987 2153/2954 2158/2946
f 2141/2961 2140/2941 2159/3017
f 2141/2961 2159/3017 2160/3006
f 2160/3006 2159/3017 2161/3066
f 2160/3006 2161/3066 2162/3043
f 2139/2923 2155/2975 2159/3017
f 2139/2923 2159/3017 2140/2941
f 2137/2891 2146/2883 2158/2946
f 2137/2891 2158/2946 2153/2954
f 2156/2987 2158/2946 2163/2938
f 2156/2987 2163/2938 2164/2980
f 2163/2938 2158/2946 2146/2883
f 2163/2938 2146/2883 2151/2874
f 2153/2954 2157/2993 2165/3000
f 2153/2954 2165/3000 2154/2964
f 2166/3018 2155/2975 2154/2964
f 2166/3018 2154/2964 2165/3000
f 2167/3044 2159/3017 2155/2975
f 2167/3044 2155/2975 2166/3018
f 2159/3017 2167/3044 2168/3078
f 2159/3017 2168/3078 2161/3066
f 2169/3003 2157/2993 2156/2987
f 2169/3003 2156/2987 2170/2994
f 2164/2980 2170/2994 2156/2987
f 2166/3018 2165/3000 2171/3016
f 2166/3018 2171/3016 2172/3033
f 2165/3000 2157/2993 2169/3003
f 2165/3000 2169/3003 2171/3016
f 2168/3078 2167/3044 2173/3050
f 2168/3078 2173/3050 2174/3073
f 2166/3018 2172/3033 2173/3050
f 2166/3018 2173/3050 2167/3044
f 2175/2687 2176/2697 2177/2782
f 2175/2687 2177/2782 2178/2779
f 2176/2697 2179/2709 2180/2794
f 2176/2697 2180/2794 2177/2782
f 2175/2687 2181/2521 2182/2545
f 2175/2687 2182/2545 2176/2697
f 2176/2697 2182/2545 2183/2561
f 2176/2697 2183/2561 2179/2709
f 2184/2498 2185/2506 2186/2672
f 2184/2498 2186/2672 2187/2658
f 2187/2658 2186/2672 2188/2776
f 2187/2658 2188/2776 2189/2769
f 2190/2640 2187/2658 2189/2769
f 2190/2640 2189/2769 2191/2758
f 2192/2497 2184/2498 2187/2658
f 2192/2497 2187/2658 2190/2640
f 2184/2498 2192/2497 769/2382
f 2184/2498 769/2382 768/2376
f 2185/2506 771/2359 770/2354
f 2185/2506 770/2354 2181/2521
f 2186/2672 2185/2506 2181/2521
f 2186/2672 2181/2521 2175/2687
f 2188/2776 2186/2672 2175/2687
f 2188/2776 2175/2687 2178/2779
f 2193/2616 2190/2640 2191/2758
f 2193/2616 2191/2758 2194/2746
f 2192/2497 2190/2640 2193/2616
f 2192/2497 2193/2616 2195/2491
f 2196/2882 2177/2782 2180/2794
f 2196/2882 2180/2794 2197/2894
f 2198/2878 2178/2779 2177/2782
f 2198/2878 2177/2782 2196/2882
f 2199/2875 2198/2878 2200/2958
f 2199/2875 2200/2958 2201/2952
f 2199/2875 2188/2776 2178/2779
f 2199/2875 2178/2779 2198/2878
f 2189/2769 2188/2776 2199/2875
f 2189/2769 2199/2875 2202/2864
f 2202/2864 2199/2875 2201/2952
f 2202/2864 2201/2952 2203/2940
f 2191/2758 2189/2769 2202/2864
f 2191/2758 2202/2864 2204/2844
f 2205/2991 2206/2974 2207/2988
f 2205/2991 2207/2988 2208/2997
f 2209/2927 2204/2844 2202/2864
f 2209/2927 2202/2864 2203/2940
f 2207/2988 2206/2974 2209/2927
f 2207/2988 2209/2927 2203/2940
f 2194/2746 2191/2758 2204/2844
f 2194/2746 2204/2844 2210/2828
f 2211/2973 2206/2974 2205/2991
f 2212/2913 2210/2828 2204/2844
f 2212/2913 2204/2844 2209/2927
f 2211/2973 2212/2913 2209/2927
f 2211/2973 2209/2927 2206/2974
f 2213/2965 2214/3031 2215/3014
f 2213/2965 2215/3014 2200/2958
f 2216/3028 2215/3014 2214/3031
f 2216/3028 2214/3031 2217/3045
f 2218/2982 2219/3046 2214/3031
f 2218/2982 2214/3031 2213/2965
f 2214/3031 2219/3046 2220/3063
f 2214/3031 2220/3063 2217/3045
f 2200/2958 2215/3014 2221/3001
f 2200/2958 2221/3001 2201/2952
f 2216/3028 2222/3008 2221/3001
f 2216/3028 2221/3001 2215/3014
f 2196/2882 2197/2894 2218/2982
f 2196/2882 2218/2982 2213/2965
f 2196/2882 2213/2965 2200/2958
f 2196/2882 2200/2958 2198/2878
f 2221/3001 2207/2988 2203/2940
f 2221/3001 2203/2940 2201/2952
f 2222/3008 2208/2997 2207/2988
f 2222/3008 2207/2988 2221/3001
f 2223/3291 2224/3350 2225/3357
f 2223/3291 2225/3357 2226/3297
f 2227/3506 2228/3471 2229/3454
f 2227/3506 2229/3454 2230/3496
f 2228/3471 2231/3416 2232/3411
f 2228/3471 2232/3411 2229/3454
f 2231/3416 2225/3357 2224/3350
f 2231/3416 2224/3350 2232/3411
f 2233/3137 2234/3218 2235/3217
f 2233/3137 2235/3217 2236/3125
f 2223/3291 2226/3297 2235/3217
f 2223/3291 2235/3217 2234/3218
f 2237/3333 2238/3276 2239/3270
f 2237/3333 2239/3270 2240/3331
f 2241/3385 2237/3333 2240/3331
f 2241/3385 2240/3331 2242/3374
f 2243/3424 2241/3385 2242/3374
f 2243/3424 2242/3374 2244/3417
f 2245/3456 2243/3424 2244/3417
f 2245/3456 2244/3417 2246/3453
f 2238/3276 2247/3207 2248/3208
f 2238/3276 2248/3208 2239/3270
f 2249/3277 2250/3335 2251/3345
f 2249/3277 2251/3345 2252/3282
f 2253/3391 2250/3335 2237/3333
f 2253/3391 2237/3333 2241/3385
f 2254/3404 2251/3345 2250/3335
f 2254/3404 2250/3335 2253/3391
f 2253/3391 2241/3385 2243/3424
f 2253/3391 2243/3424 2255/3436
f 2254/3404 2253/3391 2255/3436
f 2254/3404 2255/3436 2256/3444
f 2245/3456 2257/3473 2255/3436
f 2245/3456 2255/3436 2243/3424
f 2257/3473 2258/3485 2256/3444
f 2257/3473 2256/3444 2255/3436
f 2238/3276 2237/3333 2250/3335
f 2238/3276 2250/3335 2249/3277
f 2249/3277 2259/3210 2247/3207
f 2249/3277 2247/3207 2238/3276
f 2223/3291 2252/3282 2251/3345
f 2223/3291 2251/3345 2224/3350
f 2230/3496 2229/3454 2256/3444
f 2230/3496 2256/3444 2258/3485
f 2229/3454 2232/3411 2254/3404
f 2229/3454 2254/3404 2256/3444
f 2254/3404 2232/3411 2224/3350
f 2254/3404 2224/3350 2251/3345
f 2223/3291 2234/3218 2260/3215
f 2223/3291 2260/3215 2252/3282
f 2260/3215 2234/3218 2233/3137
f 2260/3215 2233/3137 2261/3139
f 2260/3215 2261/3139 2262/3145
f 2260/3215 2262/3145 2259/3210
f 2247/3207 2259/3210 2262/3145
f 2247/3207 2262/3145 2263/3149
f 2247/3207 2263/3149 2264/3153
f 2247/3207 2264/3153 2248/3208
f 2262/3145 2261/3139 2265/3056
f 2262/3145 2265/3056 2266/3067
f 2263/3149 2262/3145 2266/3067
f 2263/3149 2266/3067 2267/3084
f 2264/3153 2263/3149 2267/3084
f 2264/3153 2267/3084 2268/3097
f 2261/3139 2233/3137 2269/3039
f 2261/3139 2269/3039 2265/3056
f 2240/3331 2239/3270 2270/3271
f 2240/3331 2270/3271 2271/3328
f 2239/3270 2248/3208 2272/3219
f 2239/3270 2272/3219 2270/3271
f 2240/3331 2271/3328 2273/3368
f 2240/3331 2273/3368 2242/3374
f 2242/3374 2273/3368 2274/3412
f 2242/3374 2274/3412 2244/3417
f 2244/3417 2274/3412 2275/3445
f 2244/3417 2275/3445 2246/3453
f 2248/3208 2264/3153 2276/3172
f 2248/3208 2276/3172 2272/3219
f 2276/3172 2264/3153 2268/3097
f 2276/3172 2268/3097 2277/3119
f 2259/3210 2249/3277 2252/3282
f 2259/3210 2252/3282 2260/3215
f 2278/3578 2279/3564 2280/3544
f 2278/3578 2280/3544 2281/3565
f 2227/3506 2230/3496 2282/3521
f 2227/3506 2282/3521 2283/3536
f 2257/3473 2284/3501 2285/3510
f 2257/3473 2285/3510 2258/3485
f 2245/3456 2286/3490 2284/3501
f 2245/3456 2284/3501 2257/3473
f 2286/3490 2245/3456 2246/3453
f 2286/3490 2246/3453 2287/3483
f 2288/3511 2289/3531 2290/3540
f 2288/3511 2290/3540 2291/3520
f 2289/3531 2288/3511 2292/3502
f 2289/3531 2292/3502 2293/3517
f 2294/3019 2295/2996 2296/2986
f 2294/3019 2296/2986 2297/3015
f 2290/3540 2298/3553 2299/3533
f 2290/3540 2299/3533 2291/3520
f 2298/3553 2281/3565 2280/3544
f 2298/3553 2280/3544 2299/3533
f 2230/3496 2258/3485 2285/3510
f 2230/3496 2285/3510 2282/3521
f 2300/3089 2301/3092 2302/3032
f 2300/3089 2302/3032 2303/3022
f 2304/3487 2305/3474 2306/3442
f 2304/3487 2306/3442 2307/3448
f 2301/3092 2308/3156 2309/3164
f 2301/3092 2309/3164 2310/3101
f 2301/3092 2310/3101 2311/3048
f 2301/3092 2311/3048 2302/3032
f 2312/3407 2307/3448 2306/3442
f 2312/3407 2306/3442 2313/3399
f 2314/3221 2309/3164 2308/3156
f 2314/3221 2308/3156 2315/3223
f 2312/3407 2313/3399 2316/3347
f 2312/3407 2316/3347 2317/3351
f 2317/3351 2316/3347 2318/3290
f 2317/3351 2318/3290 2319/3294
f 2314/3221 2315/3223 2319/3294
f 2314/3221 2319/3294 2318/3290
f 2287/3483 2246/3453 2275/3445
f 2287/3483 2275/3445 2320/3479
f 2321/3513 2293/3517 2292/3502
f 2321/3513 2292/3502 2322/3494
f 2323/2526 2324/2487 2325/2462
f 2323/2526 2325/2462 2326/2476
f 2326/2476 2325/2462 2327/2446
f 2326/2476 2327/2446 2328/2459
f 2323/2526 2329/2558 2330/2509
f 2323/2526 2330/2509 2324/2487
f 2331/2517 2330/2509 2329/2558
f 2331/2517 2329/2558 2332/2576
f 2333/2683 2334/2699 2335/2619
f 2333/2683 2335/2619 2336/2601
f 2334/2699 2337/2714 2338/2646
f 2334/2699 2338/2646 2335/2619
f 2332/2576 2329/2558 2335/2619
f 2332/2576 2335/2619 2338/2646
f 2335/2619 2329/2558 2323/2526
f 2335/2619 2323/2526 2336/2601
f 2339/2470 2077/2493 2080/2508
f 2339/2470 2080/2508 2340/2488
f 2341/2665 2342/2595 2084/2599
f 2084/2599 2087/2660 2341/2665
f 2081/2548 2084/2599 2342/2595
f 2081/2548 2342/2595 2343/2533
f 2081/2548 2343/2533 2340/2488
f 2081/2548 2340/2488 2080/2508
f 2323/2526 2326/2476 2340/2488
f 2323/2526 2340/2488 2343/2533
f 2328/2459 2339/2470 2340/2488
f 2328/2459 2340/2488 2326/2476
f 2341/2665 2333/2683 2336/2601
f 2341/2665 2336/2601 2342/2595
f 2323/2526 2343/2533 2342/2595
f 2323/2526 2342/2595 2336/2601
f 2344/2511 2345/2503 925/2340
f 2344/2511 925/2340 924/2337
f 2344/2511 2346/2689 2347/2679
f 2344/2511 2347/2679 2345/2503
f 2348/2504 930/2343 925/2340
f 2348/2504 925/2340 2345/2503
f 2349/2681 2350/2510 2348/2504
f 2349/2681 2348/2504 2351/2677
f 2352/3287 2353/3274 2354/3173
f 2352/3287 2354/3173 2355/3181
f 2354/3173 2356/2989 2357/3012
f 2354/3173 2357/3012 2355/3181
f 2357/3012 2356/2989 2358/2823
f 2357/3012 2358/2823 2359/2835
f 2358/2823 2347/2679 2346/2689
f 2358/2823 2346/2689 2359/2835
f 2360/3628 2361/3646 2362/3668
f 2360/3628 2362/3668 2363/3652
f 2364/3626 2365/3644 2366/3599
f 2364/3626 2366/3599 2367/3585
f 2368/3567 2369/3601 2364/3626
f 2368/3567 2364/3626 2367/3585
f 2367/3585 2366/3599 2370/3537
f 2367/3585 2370/3537 2371/3528
f 2372/3555 2373/3463 2374/3459
f 2372/3555 2374/3459 2375/3545
f 2376/3176 2377/3169 2378/3275
f 2376/3176 2378/3275 2379/3286
f 2380/2998 2381/2985 2377/3169
f 2380/2998 2377/3169 2376/3176
f 2382/2820 2383/2830 2349/2681
f 2382/2820 2349/2681 2351/2677
f 2356/2989 2381/2985 2382/2820
f 2356/2989 2382/2820 2358/2823
f 2377/3169 2381/2985 2356/2989
f 2377/3169 2356/2989 2354/3173
f 2378/3275 2377/3169 2354/3173
f 2378/3275 2354/3173 2353/3274
f 2384/3369 2374/3459 2373/3463
f 2384/3369 2373/3463 2385/3371
f 2384/3369 2385/3371 2378/3275
f 2384/3369 2378/3275 2353/3274
f 2382/2820 2351/2677 2347/2679
f 2382/2820 2347/2679 2358/2823
f 2386/3848 2387/3829 2388/3852
f 2386/3848 2388/3852 2389/3871
f 2390/3866 2391/3885 2389/3871
f 2390/3866 2389/3871 2388/3852
f 2392/3889 2393/3867 2386/3848
f 2392/3889 2386/3848 2389/3871
f 2394/3912 2395/3887 2393/3867
f 2394/3912 2393/3867 2392/3889
f 2386/3848 2393/3867 2396/3841
f 2386/3848 2396/3841 2397/3821
f 2387/3829 2386/3848 2397/3821
f 2387/3829 2397/3821 2398/3805
f 2393/3867 2395/3887 2399/3860
f 2393/3867 2399/3860 2396/3841
f 2394/3912 2392/3889 2400/3910
f 2394/3912 2400/3910 2401/3935
f 2392/3889 2389/3871 2391/3885
f 2392/3889 2391/3885 2400/3910
f 2402/3747 2403/3682 2404/3663
f 2402/3747 2404/3663 2405/3726
f 2406/3768 2402/3747 2407/3788
f 2406/3768 2407/3788 2408/3809
f 2407/3788 2402/3747 2405/3726
f 2407/3788 2405/3726 2409/3772
f 2410/3790 2406/3768 2408/3809
f 2410/3790 2408/3809 2411/3827
f 2406/3768 2410/3790 2412/3738
f 2406/3768 2412/3738 2413/3709
f 2402/3747 2406/3768 2413/3709
f 2402/3747 2413/3709 2403/3682
f 2372/3555 2414/3570 2415/3476
f 2372/3555 2415/3476 2373/3463
f 2416/3645 2414/3570 2372/3555
f 2416/3645 2372/3555 2417/3627
f 2379/3286 2378/3275 2385/3371
f 2379/3286 2385/3371 2418/3381
f 2415/3476 2418/3381 2385/3371
f 2415/3476 2385/3371 2373/3463
f 2419/3642 2420/3706 2405/3726
f 2419/3642 2405/3726 2404/3663
f 2409/3772 2405/3726 2420/3706
f 2409/3772 2420/3706 2421/3755
f 2422/3611 2417/3627 2372/3555
f 2422/3611 2372/3555 2375/3545
f 2423/3672 2417/3627 2422/3611
f 2423/3672 2422/3611 2424/3655
f 2425/3702 2426/3687 2427/3708
f 2425/3702 2427/3708 2428/3727
f 2425/3702 2428/3727 2429/3744
f 2425/3702 2429/3744 2430/3720
f 2423/3672 2431/3689 2416/3645
f 2423/3672 2416/3645 2417/3627
f 2414/3570 2416/3645 2432/3658
f 2414/3570 2432/3658 2433/3587
f 2434/3674 2435/3604 2433/3587
f 2434/3674 2433/3587 2432/3658
f 2436/3703 2437/3721 2434/3674
f 2436/3703 2434/3674 2432/3658
f 2416/3645 2431/3689 2436/3703
f 2416/3645 2436/3703 2432/3658
f 2430/3720 2429/3744 2438/3763
f 2430/3720 2438/3763 2439/3736
f 2440/3352 2441/3334 2442/3434
f 2440/3352 2442/3434 2443/3452
f 2444/3253 2445/3229 2441/3334
f 2444/3253 2441/3334 2440/3352
f 2445/3229 2446/3206 2447/3326
f 2445/3229 2447/3326 2441/3334
f 2441/3334 2447/3326 2448/3418
f 2441/3334 2448/3418 2442/3434
f 2449/2534 1034/2381 1033/2378
f 2449/2534 1033/2378 2450/2529
f 2451/2523 2450/2529 1033/2378
f 2451/2523 1033/2378 1036/2375
f 2452/3104 2453/3082 2445/3229
f 2452/3104 2445/3229 2444/3253
f 2453/3082 2454/3059 2446/3206
f 2453/3082 2446/3206 2445/3229
f 2455/2565 2456/2760 2457/2781
f 2455/2565 2457/2781 2458/2583
f 2459/2945 2460/3165 2461/3198
f 2459/2945 2461/3198 2462/2995
f 2463/2885 2464/2871 2453/3082
f 2463/2885 2453/3082 2452/3104
f 2465/2726 2449/2534 2450/2529
f 2465/2726 2450/2529 2466/2710
f 2453/3082 2464/2871 2467/2855
f 2453/3082 2467/2855 2454/3059
f 2450/2529 2451/2523 2468/2706
f 2450/2529 2468/2706 2466/2710
f 2469/2826 2470/2610 2458/2583
f 2469/2826 2458/2583 2457/2781
f 2471/3251 2472/3065 2462/2995
f 2471/3251 2462/2995 2461/3198
f 2473/3405 2474/3372 2475/3480
f 2473/3405 2475/3480 2476/3512
f 2477/3629 2476/3512 2475/3480
f 2477/3629 2475/3480 2478/3593
f 2479/3265 2474/3372 2473/3405
f 2479/3265 2473/3405 2480/3296
f 2478/3593 2475/3480 2443/3452
f 2478/3593 2443/3452 2481/3569
f 2474/3372 2440/3352 2443/3452
f 2474/3372 2443/3452 2475/3480
f 2479/3265 2444/3253 2440/3352
f 2479/3265 2440/3352 2474/3372
f 2482/2551 1068/2386 1034/2381
f 2482/2551 1034/2381 2449/2534
f 2483/3130 2479/3265 2480/3296
f 2483/3130 2480/3296 2460/3165
f 2479/3265 2483/3130 2452/3104
f 2479/3265 2452/3104 2444/3253
f 2459/2945 2484/2915 2483/3130
f 2459/2945 2483/3130 2460/3165
f 2456/2760 2455/2565 2482/2551
f 2456/2760 2482/2551 2485/2749
f 2452/3104 2483/3130 2484/2915
f 2452/3104 2484/2915 2463/2885
f 2465/2726 2485/2749 2482/2551
f 2465/2726 2482/2551 2449/2534
f 2486/3692 2487/3671 2363/3652
f 2486/3692 2363/3652 2362/3668
f 2473/3405 2476/3512 2488/3560
f 2473/3405 2488/3560 2489/3438
f 2490/3472 2489/3438 2488/3560
f 2490/3472 2488/3560 2491/3594
f 2460/3165 2480/3296 2492/3330
f 2460/3165 2492/3330 2461/3198
f 2490/3472 2493/3358 2492/3330
f 2490/3472 2492/3330 2489/3438
f 2493/3358 2471/3251 2461/3198
f 2493/3358 2461/3198 2492/3330
f 2480/3296 2473/3405 2489/3438
f 2480/3296 2489/3438 2492/3330
f 2488/3560 2494/3669 2495/3698
f 2488/3560 2495/3698 2491/3594
f 2496/3815 2387/3829 2398/3805
f 2496/3815 2398/3805 2497/3787
f 2439/3736 2438/3763 2498/3779
f 2439/3736 2498/3779 2499/3756
f 2500/3771 2501/3795 2496/3815
f 2500/3771 2496/3815 2497/3787
f 2396/3841 2408/3809 2407/3788
f 2396/3841 2407/3788 2397/3821
f 2397/3821 2407/3788 2409/3772
f 2397/3821 2409/3772 2398/3805
f 2399/3860 2411/3827 2408/3809
f 2399/3860 2408/3809 2396/3841
f 2409/3772 2421/3755 2497/3787
f 2409/3772 2497/3787 2398/3805
f 2403/3682 2478/3593 2481/3569
f 2403/3682 2481/3569 2404/3663
f 2403/3682 2413/3709 2477/3629
f 2403/3682 2477/3629 2478/3593
f 2502/3539 2419/3642 2404/3663
f 2502/3539 2404/3663 2481/3569
f 2477/3629 2413/3709 2412/3738
f 2477/3629 2412/3738 2494/3669
f 2503/3315 2504/3199 2505/3187
f 2503/3315 2505/3187 2506/3303
f 2376/3176 2379/3286 2506/3303
f 2376/3176 2506/3303 2505/3187
f 2507/2520 1096/2366 1095/2355
f 2507/2520 1095/2355 2508/2514
f 2509/3024 2505/3187 2504/3199
f 2509/3024 2504/3199 2510/3042
f 2380/2998 2376/3176 2505/3187
f 2380/2998 2505/3187 2509/3024
f 2507/2520 2508/2514 2511/2693
f 2507/2520 2511/2693 2512/2701
f 2513/2838 2509/3024 2510/3042
f 2513/2838 2510/3042 2514/2848
f 2383/2830 2380/2998 2509/3024
f 2383/2830 2509/3024 2513/2838
f 2350/2510 2349/2681 2511/2693
f 2350/2510 2511/2693 2508/2514
f 2415/3476 2414/3570 2433/3587
f 2415/3476 2433/3587 2515/3491
f 2435/3604 2516/3504 2515/3491
f 2435/3604 2515/3491 2433/3587
f 2379/3286 2418/3381 2517/3395
f 2379/3286 2517/3395 2506/3303
f 2503/3315 2506/3303 2517/3395
f 2503/3315 2517/3395 2518/3410
f 2418/3381 2415/3476 2515/3491
f 2418/3381 2515/3491 2517/3395
f 2515/3491 2516/3504 2518/3410
f 2515/3491 2518/3410 2517/3395
f 2481/3569 2443/3452 2442/3434
f 2481/3569 2442/3434 2502/3539
f 2348/2504 2350/2510 1107/2348
f 2348/2504 1107/2348 930/2343
f 2351/2677 2348/2504 2345/2503
f 2351/2677 2345/2503 2347/2679
f 2519/2461 1111/2387 1110/2389
f 2519/2461 1110/2389 2520/2463
f 2521/3460 2522/3396 2523/3354
f 2521/3460 2523/3354 2524/3430
f 2525/2786 2526/2859 2527/2778
f 2525/2786 2527/2778 2528/2735
f 2529/2607 2530/2569 2531/2474
f 2529/2607 2531/2474 2532/2496
f 2528/2735 2527/2778 2533/2787
f 2528/2735 2533/2787 2534/2713
f 2535/2924 2533/2787 2527/2778
f 2535/2924 2527/2778 2526/2859
f 2536/2553 2520/2463 2531/2474
f 2536/2553 2531/2474 2530/2569
f 2537/2547 2519/2461 2520/2463
f 2537/2547 2520/2463 2536/2553
f 2522/3396 2521/3460 2538/3481
f 2522/3396 2538/3481 2539/3415
f 2540/3427 2539/3415 2538/3481
f 2540/3427 2538/3481 2541/3488
f 2542/3344 2543/3384 2544/3355
f 2542/3344 2544/3355 2545/3319
f 2546/3422 2547/3398 2544/3355
f 2546/3422 2544/3355 2543/3384
f 2546/3422 2543/3384 2548/3408
f 2546/3422 2548/3408 2549/3449
f 2550/3470 2549/3449 2548/3408
f 2550/3470 2548/3408 2551/3421
f 2552/3855 2553/3824 2554/3812
f 2552/3855 2554/3812 2555/3837
f 2556/3925 2557/3909 2558/3882
f 2556/3925 2558/3882 2559/3898
f 2560/3760 2561/3776 2562/3814
f 2560/3760 2562/3814 2563/3793
f 2552/3855 2564/3888 2565/3894
f 2552/3855 2565/3894 2566/3864
f 2567/3832 2568/3857 2555/3837
f 2567/3832 2555/3837 2569/3813
f 2568/3857 2564/3888 2552/3855
f 2568/3857 2552/3855 2555/3837
f 2562/3814 2570/3828 2571/3862
f 2562/3814 2571/3862 2572/3843
f 2562/3814 2561/3776 2573/3791
f 2562/3814 2573/3791 2570/3828
f 2574/3823 2572/3843 2575/3873
f 2574/3823 2575/3873 2576/3853
f 2572/3843 2571/3862 2577/3892
f 2572/3843 2577/3892 2575/3873
f 2578/3917 2559/3898 2575/3873
f 2578/3917 2575/3873 2577/3892
f 2578/3917 2579/3955 2556/3925
f 2578/3917 2556/3925 2559/3898
f 2558/3882 2576/3853 2575/3873
f 2558/3882 2575/3873 2559/3898
f 2558/3882 2557/3909 2564/3888
f 2558/3882 2564/3888 2568/3857
f 2576/3853 2558/3882 2568/3857
f 2576/3853 2568/3857 2567/3832
f 2563/3793 2562/3814 2572/3843
f 2563/3793 2572/3843 2574/3823
f 2574/3823 2576/3853 2567/3832
f 2574/3823 2567/3832 2580/3806
f 2580/3806 2567/3832 2569/3813
f 2580/3806 2569/3813 2581/3785
f 2582/3775 2580/3806 2581/3785
f 2582/3775 2581/3785 2583/3757
f 2563/3793 2574/3823 2580/3806
f 2563/3793 2580/3806 2582/3775
f 2584/2722 2585/2724 2586/2797
f 2584/2722 2586/2797 2587/2795
f 2588/3203 2589/3256 2590/3285
f 2588/3203 2590/3285 2591/3254
f 2592/3168 2588/3203 2591/3254
f 2592/3168 2591/3254 2593/3196
f 2594/3112 2592/3168 2593/3196
f 2594/3112 2593/3196 2595/3143
f 2596/3037 2594/3112 2595/3143
f 2596/3037 2595/3143 2597/3077
f 2593/3196 2598/3233 2599/3177
f 2593/3196 2599/3177 2595/3143
f 2600/3278 2598/3233 2593/3196
f 2600/3278 2593/3196 2591/3254
f 2591/3254 2590/3285 2601/3325
f 2591/3254 2601/3325 2600/3278
f 2602/2971 2603/2890 2604/2881
f 2602/2971 2604/2881 2605/2953
f 2606/2865 2607/2928 2605/2953
f 2606/2865 2605/2953 2604/2881
f 2608/2799 2609/2791 2606/2865
f 2608/2799 2606/2865 2604/2881
f 2610/3195 2599/3177 2598/3233
f 2610/3195 2598/3233 2611/3260
f 2612/3316 2611/3260 2598/3233
f 2612/3316 2598/3233 2600/3278
f 2601/3325 2613/3356 2612/3316
f 2601/3325 2612/3316 2600/3278
f 2610/3195 2614/3121 2615/3106
f 2610/3195 2615/3106 2599/3177
f 2596/3037 2597/3077 2602/2971
f 2596/3037 2602/2971 2605/2953
f 2616/2992 2602/2971 2597/3077
f 2616/2992 2597/3077 2615/3106
f 2617/3005 2614/3121 2618/3134
f 2617/3005 2618/3134 2619/3013
f 2617/3005 2616/2992 2615/3106
f 2617/3005 2615/3106 2614/3121
f 2610/3195 2620/3212 2618/3134
f 2610/3195 2618/3134 2614/3121
f 2595/3143 2599/3177 2615/3106
f 2595/3143 2615/3106 2597/3077
f 2621/2603 2622/2589 2623/2525
f 2621/2603 2623/2525 2624/2541
f 2622/2589 2625/2559 2626/2501
f 2622/2589 2626/2501 2623/2525
f 2621/2603 2627/2691 2628/2654
f 2621/2603 2628/2654 2622/2589
f 2622/2589 2628/2654 2629/2618
f 2622/2589 2629/2618 2625/2559
f 2630/2750 2631/2774 2632/2773
f 2630/2750 2632/2773 2633/2752
f 2634/2711 2630/2750 2633/2752
f 2634/2711 2633/2752 2635/2725
f 2636/2700 2637/2731 2638/2696
f 2636/2700 2638/2696 2639/2673
f 2640/2768 2631/2774 2630/2750
f 2640/2768 2630/2750 2637/2731
f 2636/2700 2639/2673 2629/2618
f 2636/2700 2629/2618 2628/2654
f 2637/2731 2630/2750 2634/2711
f 2637/2731 2634/2711 2638/2696
f 2637/2731 2636/2700 2641/2756
f 2637/2731 2641/2756 2640/2768
f 2642/2718 2643/2780 2641/2756
f 2642/2718 2641/2756 2627/2691
f 2627/2691 2641/2756 2636/2700
f 2636/2700 2628/2654 2627/2691
f 2627/2691 2621/2603 2644/2614
f 2627/2691 2644/2614 2642/2718
f 2645/2715 2646/2743 2334/2699
f 2645/2715 2334/2699 2333/2683
f 2635/2725 2633/2752 2646/2743
f 2635/2725 2646/2743 2645/2715
f 2647/2761 2337/2714 2334/2699
f 2647/2761 2334/2699 2646/2743
f 2632/2773 2647/2761 2646/2743
f 2632/2773 2646/2743 2633/2752
f 2648/2502 2649/2467 2650/2448
f 2648/2502 2650/2448 2651/2469
f 2650/2448 2649/2467 2328/2459
f 2650/2448 2328/2459 2327/2446
f 2625/2559 2648/2502 2651/2469
f 2625/2559 2651/2469 2626/2501
f 2652/2747 2653/2784 2609/2791
f 2652/2747 2609/2791 2654/2744
f 2655/2850 2653/2784 2656/2772
f 2655/2850 2656/2772 2657/2841
f 2609/2791 2653/2784 2655/2850
f 2609/2791 2655/2850 2606/2865
f 2658/2907 2655/2850 2657/2841
f 2658/2907 2657/2841 2659/2887
f 2607/2928 2606/2865 2655/2850
f 2607/2928 2655/2850 2658/2907
f 2104/2671 2660/2692 2661/2704
f 2104/2671 2661/2704 2106/2680
f 2660/2692 2634/2711 2635/2725
f 2660/2692 2635/2725 2661/2704
f 2109/2598 2110/2579 2662/2570
f 2109/2598 2662/2570 2663/2604
f 2625/2559 2629/2618 2663/2604
f 2625/2559 2663/2604 2662/2570
f 2664/2674 2665/2652 2639/2673
f 2664/2674 2639/2673 2638/2696
f 2665/2652 2664/2674 2103/2659
f 2665/2652 2103/2659 2108/2635
f 2664/2674 2660/2692 2104/2671
f 2664/2674 2104/2671 2103/2659
f 2634/2711 2660/2692 2664/2674
f 2634/2711 2664/2674 2638/2696
f 2109/2598 2663/2604 2665/2652
f 2109/2598 2665/2652 2108/2635
f 2639/2673 2665/2652 2663/2604
f 2639/2673 2663/2604 2629/2618
f 2087/2660 2105/2676 2666/2695
f 2666/2695 2341/2665 2087/2660
f 2106/2680 2661/2704 2666/2695
f 2106/2680 2666/2695 2105/2676
f 2666/2695 2661/2704 2635/2725
f 2666/2695 2635/2725 2645/2715
f 2666/2695 2645/2715 2333/2683
f 2666/2695 2333/2683 2341/2665
f 2111/2544 2107/2513 2667/2490
f 2111/2544 2667/2490 2668/2524
f 2668/2524 2667/2490 2649/2467
f 2668/2524 2649/2467 2648/2502
f 2667/2490 2339/2470 2328/2459
f 2667/2490 2328/2459 2649/2467
f 2625/2559 2662/2570 2668/2524
f 2625/2559 2668/2524 2648/2502
f 2107/2513 2077/2493 2339/2470
f 2107/2513 2339/2470 2667/2490
f 2111/2544 2668/2524 2662/2570
f 2111/2544 2662/2570 2110/2579
f 2669/3715 2670/3683 2671/3711
f 2669/3715 2671/3711 2672/3740
f 2673/3656 2674/3610 2675/3650
f 2673/3656 2675/3650 2670/3683
f 2675/3650 2676/3678 2671/3711
f 2675/3650 2671/3711 2670/3683
f 2675/3650 2677/3600 2678/3638
f 2675/3650 2678/3638 2676/3678
f 2677/3600 2675/3650 2674/3610
f 2677/3600 2674/3610 2679/3557
f 2680/3899 2681/3869 2566/3864
f 2680/3899 2566/3864 2565/3894
f 2682/3798 2683/3804 2684/3834
f 2682/3798 2684/3834 2685/3830
f 2566/3864 2681/3869 2685/3830
f 2566/3864 2685/3830 2684/3834
f 2670/3683 2669/3715 2686/3696
f 2670/3683 2686/3696 2673/3656
f 2687/3777 2683/3804 2682/3798
f 2687/3777 2682/3798 2688/3773
f 2689/3752 2687/3777 2688/3773
f 2689/3752 2688/3773 2690/3749
f 2691/3716 2692/3742 2693/3762
f 2691/3716 2693/3762 2694/3732
f 2695/3774 2696/3748 2694/3732
f 2695/3774 2694/3732 2693/3762
f 2686/3696 2669/3715 2692/3742
f 2686/3696 2692/3742 2691/3716
f 2697/3784 2698/3767 2699/3789
f 2697/3784 2699/3789 2554/3812
f 2669/3715 2672/3740 2698/3767
f 2669/3715 2698/3767 2692/3742
f 2698/3767 2697/3784 2693/3762
f 2698/3767 2693/3762 2692/3742
f 2700/3799 2683/3804 2687/3777
f 2700/3799 2687/3777 2695/3774
f 2696/3748 2695/3774 2687/3777
f 2696/3748 2687/3777 2689/3752
f 2695/3774 2693/3762 2697/3784
f 2695/3774 2697/3784 2700/3799
f 2683/3804 2700/3799 2553/3824
f 2683/3804 2553/3824 2684/3834
f 2700/3799 2697/3784 2554/3812
f 2700/3799 2554/3812 2553/3824
f 2569/3813 2699/3789 2701/3766
f 2569/3813 2701/3766 2581/3785
f 2684/3834 2553/3824 2552/3855
f 2684/3834 2552/3855 2566/3864
f 2569/3813 2555/3837 2554/3812
f 2569/3813 2554/3812 2699/3789
f 2698/3767 2672/3740 2701/3766
f 2698/3767 2701/3766 2699/3789
f 2702/3733 2583/3757 2581/3785
f 2702/3733 2581/3785 2701/3766
f 2560/3760 2563/3793 2582/3775
f 2560/3760 2582/3775 2703/3743
f 2672/3740 2671/3711 2702/3733
f 2672/3740 2702/3733 2701/3766
f 2704/3701 2705/3666 2706/3688
f 2704/3701 2706/3688 2707/3725
f 2671/3711 2676/3678 2704/3701
f 2671/3711 2704/3701 2702/3733
f 2702/3733 2704/3701 2707/3725
f 2702/3733 2707/3725 2583/3757
f 2582/3775 2583/3757 2707/3725
f 2582/3775 2707/3725 2703/3743
f 2708/3691 2709/3685 2710/3661
f 2708/3691 2710/3661 2711/3662
f 2712/3527 2713/3547 2714/3605
f 2712/3527 2714/3605 2715/3581
f 2713/3547 2716/3574 2717/3631
f 2713/3547 2717/3631 2714/3605
f 2715/3581 2714/3605 2718/3643
f 2715/3581 2718/3643 2719/3613
f 2720/3462 2721/3475 2713/3547
f 2720/3462 2713/3547 2712/3527
f 2721/3475 2722/3492 2716/3574
f 2721/3475 2716/3574 2713/3547
f 2723/3402 2721/3475 2720/3462
f 2723/3402 2720/3462 2724/3394
f 2725/3401 2722/3492 2721/3475
f 2725/3401 2721/3475 2723/3402
f 2723/3402 2724/3394 2726/3320
f 2723/3402 2726/3320 2727/3323
f 2728/3155 2729/3157 2730/3088
f 2728/3155 2730/3088 2731/3081
f 2732/3849 2390/3866 2388/3852
f 2732/3849 2388/3852 2733/3833
f 2390/3866 2732/3849 2734/3859
f 2390/3866 2734/3859 2735/3877
f 2736/3856 2737/3879 2735/3877
f 2736/3856 2735/3877 2734/3859
f 2737/3879 2738/3903 2739/3895
f 2737/3879 2739/3895 2735/3877
f 2740/3816 2741/3836 2732/3849
f 2740/3816 2732/3849 2733/3833
f 2732/3849 2741/3836 2736/3856
f 2732/3849 2736/3856 2734/3859
f 2742/3945 2401/3935 2400/3910
f 2742/3945 2400/3910 2743/3920
f 2739/3895 2391/3885 2390/3866
f 2739/3895 2390/3866 2735/3877
f 2400/3910 2391/3885 2739/3895
f 2400/3910 2739/3895 2743/3920
f 2744/3765 2429/3744 2428/3727
f 2744/3765 2428/3727 2745/3745
f 2501/3795 2740/3816 2733/3833
f 2501/3795 2733/3833 2496/3815
f 2746/3782 2747/3803 2748/3819
f 2746/3782 2748/3819 2749/3797
f 2685/3830 2681/3869 2750/3875
f 2685/3830 2750/3875 2751/3844
f 2748/3819 2747/3803 2685/3830
f 2748/3819 2685/3830 2751/3844
f 2429/3744 2744/3765 2746/3782
f 2429/3744 2746/3782 2438/3763
f 2744/3765 2752/3783 2747/3803
f 2744/3765 2747/3803 2746/3782
f 2746/3782 2749/3797 2498/3779
f 2746/3782 2498/3779 2438/3763
f 2752/3783 2682/3798 2685/3830
f 2752/3783 2685/3830 2747/3803
f 2750/3875 2681/3869 2680/3899
f 2750/3875 2680/3899 2753/3907
f 2754/3680 2755/3676 2756/3653
f 2754/3680 2756/3653 2757/3660
f 2362/3668 2361/3646 2756/3653
f 2362/3668 2756/3653 2755/3676
f 2754/3680 2757/3660 2710/3661
f 2754/3680 2710/3661 2709/3685
f 2758/3759 2752/3783 2744/3765
f 2758/3759 2744/3765 2745/3745
f 2759/3684 2708/3691 2711/3662
f 2759/3684 2711/3662 2760/3657
f 2717/3631 2761/3667 2718/3643
f 2717/3631 2718/3643 2714/3605
f 2762/3700 2486/3692 2362/3668
f 2762/3700 2362/3668 2755/3676
f 2763/3719 2764/3714 2709/3685
f 2763/3719 2709/3685 2708/3691
f 2765/3710 2762/3700 2755/3676
f 2765/3710 2755/3676 2754/3680
f 2764/3714 2765/3710 2754/3680
f 2764/3714 2754/3680 2709/3685
f 2766/3723 2745/3745 2428/3727
f 2766/3723 2428/3727 2427/3708
f 2758/3759 2745/3745 2766/3723
f 2758/3759 2766/3723 2767/3734
f 2768/3633 2769/3664 2770/3679
f 2768/3633 2770/3679 2771/3651
f 2688/3773 2758/3759 2767/3734
f 2688/3773 2767/3734 2690/3749
f 2759/3684 2760/3657 2771/3651
f 2759/3684 2771/3651 2770/3679
f 2759/3684 2770/3679 2772/3707
f 2759/3684 2772/3707 2773/3713
f 2759/3684 2773/3713 2763/3719
f 2759/3684 2763/3719 2708/3691
f 2768/3633 2719/3613 2718/3643
f 2768/3633 2718/3643 2769/3664
f 2761/3667 2774/3695 2769/3664
f 2761/3667 2769/3664 2718/3643
f 2772/3707 2770/3679 2769/3664
f 2772/3707 2769/3664 2774/3695
f 2688/3773 2682/3798 2752/3783
f 2688/3773 2752/3783 2758/3759
f 2388/3852 2387/3829 2496/3815
f 2388/3852 2496/3815 2733/3833
f 2742/3945 2743/3920 2775/3930
f 2742/3945 2775/3930 2776/3958
f 2777/3986 2778/4004 2779/4082
f 2777/3986 2779/4082 2780/4062
f 2781/2753 2782/2834 2783/2856
f 2781/2753 2783/2856 2784/2764
f 2784/2764 2785/2638 2786/2637
f 2784/2764 2786/2637 2781/2753
f 2787/2919 2788/2944 2783/2856
f 2787/2919 2783/2856 2782/2834
f 2789/2628 2785/2638 2784/2764
f 2789/2628 2784/2764 2790/2770
f 2642/2718 2790/2770 2791/2846
f 2642/2718 2791/2846 2643/2780
f 2790/2770 2792/2889 2793/2931
f 2790/2770 2793/2931 2791/2846
f 2644/2614 2789/2628 2790/2770
f 2644/2614 2790/2770 2642/2718
f 2783/2856 2792/2889 2790/2770
f 2783/2856 2790/2770 2784/2764
f 2794/2976 2792/2889 2783/2856
f 2794/2976 2783/2856 2788/2944
f 2792/2889 2794/2976 2795/3030
f 2792/2889 2795/3030 2793/2931
f 2127/2631 2786/2637 2796/2515
f 2127/2631 2796/2515 2126/2518
f 2127/2631 2129/2740 2781/2753
f 2127/2631 2781/2753 2786/2637
f 2129/2740 2131/2813 2782/2834
f 2129/2740 2782/2834 2781/2753
f 2787/2919 2132/2892 2141/2961
f 2787/2919 2141/2961 2797/2984
f 2787/2919 2782/2834 2131/2813
f 2787/2919 2131/2813 2132/2892
f 2161/3066 2168/3078 2798/3109
f 2161/3066 2798/3109 2799/3103
f 2800/3047 2801/3076 2802/3122
f 2800/3047 2802/3122 2803/3100
f 2804/3132 2805/3136 2798/3109
f 2804/3132 2798/3109 2806/3105
f 2168/3078 2174/3073 2806/3105
f 2168/3078 2806/3105 2798/3109
f 2180/2794 2179/2709 2807/2737
f 2180/2794 2807/2737 2808/2829
f 2809/2573 2807/2737 2179/2709
f 2809/2573 2179/2709 2183/2561
f 2808/2829 2810/2922 2197/2894
f 2808/2829 2197/2894 2180/2794
f 2811/3068 2803/3100 2812/3120
f 2811/3068 2812/3120 2813/3095
f 2814/3011 2800/3047 2803/3100
f 2814/3011 2803/3100 2811/3068
f 2814/3011 2810/2922 2815/2950
f 2814/3011 2815/2950 2800/3047
f 2218/2982 2814/3011 2811/3068
f 2218/2982 2811/3068 2219/3046
f 2219/3046 2811/3068 2813/3095
f 2219/3046 2813/3095 2220/3063
f 2197/2894 2810/2922 2814/3011
f 2197/2894 2814/3011 2218/2982
f 2816/3870 2817/3796 2818/3770
f 2816/3870 2818/3770 2819/3847
f 2820/3915 2816/3870 2819/3847
f 2820/3915 2819/3847 2821/3914
f 2820/3915 2822/3913 2816/3870
f 2823/3152 2728/3155 2731/3081
f 2823/3152 2731/3081 2824/3064
f 2825/3246 2826/3240 2728/3155
f 2825/3246 2728/3155 2823/3152
f 2827/2765 2828/2818 2829/2847
f 2827/2765 2829/2847 2830/2798
f 2831/2943 2832/2912 2829/2847
f 2831/2943 2829/2847 2833/2898
f 2834/2972 2835/3004 2266/3067
f 2834/2972 2266/3067 2265/3056
f 2233/3137 2236/3125 2836/3002
f 2233/3137 2836/3002 2269/3039
f 2269/3039 2836/3002 2832/2912
f 2269/3039 2832/2912 2831/2943
f 2265/3056 2269/3039 2831/2943
f 2265/3056 2831/2943 2834/2972
f 2828/2818 2837/2869 2833/2898
f 2828/2818 2833/2898 2829/2847
f 2729/3157 2728/3155 2826/3240
f 2729/3157 2826/3240 2838/3237
f 2720/3462 2839/3451 2840/3389
f 2720/3462 2840/3389 2724/3394
f 2724/3394 2840/3389 2841/3317
f 2724/3394 2841/3317 2726/3320
f 2726/3320 2841/3317 2838/3237
f 2726/3320 2838/3237 2826/3240
f 2840/3389 2842/3378 2843/3314
f 2840/3389 2843/3314 2841/3317
f 2838/3237 2841/3317 2843/3314
f 2838/3237 2843/3314 2844/3236
f 2845/3310 2843/3314 2842/3378
f 2845/3310 2842/3378 2846/3370
f 2847/3428 2846/3370 2842/3378
f 2847/3428 2842/3378 2848/3441
f 2849/3232 2844/3236 2843/3314
f 2849/3232 2843/3314 2845/3310
f 2592/3168 2594/3112 2850/3062
f 2592/3168 2850/3062 2851/3126
f 2588/3203 2592/3168 2851/3126
f 2588/3203 2851/3126 2852/3180
f 2588/3203 2852/3180 2853/3214
f 2588/3203 2853/3214 2589/3256
f 2658/2907 2659/2887 2854/2909
f 2658/2907 2854/2909 2855/2926
f 2596/3037 2856/2970 2850/3062
f 2596/3037 2850/3062 2594/3112
f 2596/3037 2605/2953 2607/2928
f 2596/3037 2607/2928 2856/2970
f 2856/2970 2607/2928 2658/2907
f 2856/2970 2658/2907 2855/2926
f 2608/2799 2604/2881 2603/2890
f 2608/2799 2603/2890 2857/2805
f 2858/2741 2859/2742 2608/2799
f 2858/2741 2608/2799 2857/2805
f 2654/2744 2609/2791 2608/2799
f 2654/2744 2608/2799 2859/2742
f 2656/2772 2653/2784 2652/2747
f 2652/2747 2860/2723 2656/2772
f 2861/2771 2656/2772 2860/2723
f 2861/2771 2860/2723 2862/2712
f 2656/2772 2861/2771 2863/2833
f 2656/2772 2863/2833 2657/2841
f 2659/2887 2657/2841 2863/2833
f 2659/2887 2863/2833 2864/2879
f 2659/2887 2864/2879 2865/2897
f 2659/2887 2865/2897 2854/2909
f 2866/3185 2867/3144 2868/3113
f 2866/3185 2868/3113 2869/3163
f 2870/3216 2871/3188 2872/3204
f 2870/3216 2872/3204 2873/3249
f 2643/2780 2791/2846 2874/2911
f 2643/2780 2874/2911 2875/2843
f 2795/3030 2876/3074 2877/2981
f 2795/3030 2877/2981 2793/2931
f 2791/2846 2793/2931 2877/2981
f 2791/2846 2877/2981 2874/2911
f 2338/2646 2337/2714 2878/2738
f 2338/2646 2878/2738 2879/2669
f 2880/2816 2881/2806 2632/2773
f 2880/2816 2632/2773 2631/2774
f 2882/2590 2332/2576 2338/2646
f 2882/2590 2338/2646 2879/2669
f 2883/2814 2880/2816 2631/2774
f 2883/2814 2631/2774 2640/2768
f 2884/2817 2883/2814 2640/2768
f 2884/2817 2640/2768 2641/2756
f 2885/2777 2878/2738 2337/2714
f 2885/2777 2337/2714 2647/2761
f 2881/2806 2885/2777 2647/2761
f 2881/2806 2647/2761 2632/2773
f 2884/2817 2641/2756 2643/2780
f 2884/2817 2643/2780 2875/2843
f 2883/2814 2884/2817 2886/2863
f 2883/2814 2886/2863 2887/2857
f 2880/2816 2888/2852 2889/2840
f 2880/2816 2889/2840 2881/2806
f 2868/3113 2890/3041 2877/2981
f 2868/3113 2877/2981 2876/3074
f 2891/2960 2874/2911 2877/2981
f 2891/2960 2877/2981 2890/3041
f 2892/2755 2893/2685 2879/2669
f 2892/2755 2879/2669 2878/2738
f 2891/2960 2894/2902 2875/2843
f 2891/2960 2875/2843 2874/2911
f 2889/2840 2895/2800 2885/2777
f 2889/2840 2885/2777 2881/2806
f 2868/3113 2876/3074 2896/3129
f 2868/3113 2896/3129 2869/3163
f 2895/2800 2892/2755 2878/2738
f 2895/2800 2878/2738 2885/2777
f 2883/2814 2887/2857 2888/2852
f 2883/2814 2888/2852 2880/2816
f 2894/2902 2886/2863 2884/2817
f 2894/2902 2884/2817 2875/2843
f 2897/2597 2882/2590 2879/2669
f 2897/2597 2879/2669 2893/2685
f 2867/3144 2898/3093 2890/3041
f 2867/3144 2890/3041 2868/3113
f 2898/3093 2899/3010 2891/2960
f 2898/3093 2891/2960 2890/3041
f 2900/2937 2894/2902 2891/2960
f 2900/2937 2891/2960 2899/3010
f 2900/2937 2901/2910 2886/2863
f 2900/2937 2886/2863 2894/2902
f 2603/2890 2602/2971 2616/2992
f 2603/2890 2616/2992 2902/2895
f 2903/2802 2904/2736 2858/2741
f 2903/2802 2858/2741 2857/2805
f 2903/2802 2857/2805 2603/2890
f 2903/2802 2603/2890 2902/2895
f 2905/2896 2586/2797 2903/2802
f 2905/2896 2903/2802 2902/2895
f 2585/2724 2904/2736 2903/2802
f 2585/2724 2903/2802 2586/2797
f 2839/3451 2848/3441 2842/3378
f 2839/3451 2842/3378 2840/3389
f 2712/3527 2906/3508 2839/3451
f 2712/3527 2839/3451 2720/3462
f 2848/3441 2907/3493 2908/3477
f 2848/3441 2908/3477 2847/3428
f 2906/3508 2907/3493 2848/3441
f 2906/3508 2848/3441 2839/3451
f 2909/3532 2907/3493 2906/3508
f 2909/3532 2906/3508 2910/3556
f 2321/3513 2322/3494 2305/3474
f 2321/3513 2305/3474 2304/3487
f 2908/3477 2907/3493 2909/3532
f 2908/3477 2909/3532 2911/3514
f 2912/3562 2913/3535 2911/3514
f 2912/3562 2911/3514 2909/3532
f 2914/3609 2915/3584 2916/3573
f 2914/3609 2916/3573 2917/3602
f 2914/3609 2918/3615 2919/3589
f 2914/3609 2919/3589 2915/3584
f 2917/3602 2916/3573 2920/3566
f 2917/3602 2920/3566 2921/3590
f 2922/3614 2923/3592 2919/3589
f 2922/3614 2919/3589 2918/3615
f 2924/3608 2925/3588 2923/3592
f 2924/3608 2923/3592 2922/3614
f 2921/3590 2920/3566 2926/3552
f 2921/3590 2926/3552 2927/3577
f 2715/3581 2910/3556 2906/3508
f 2715/3581 2906/3508 2712/3527
f 2928/3630 2929/3636 2914/3609
f 2928/3630 2914/3609 2917/3602
f 2929/3636 2930/3640 2918/3615
f 2929/3636 2918/3615 2914/3609
f 2931/3619 2928/3630 2917/3602
f 2931/3619 2917/3602 2921/3590
f 2930/3640 2932/3637 2922/3614
f 2930/3640 2922/3614 2918/3615
f 2909/3532 2910/3556 2933/3586
f 2909/3532 2933/3586 2912/3562
f 2931/3619 2921/3590 2927/3577
f 2931/3619 2927/3577 2934/3606
f 2933/3586 2934/3606 2927/3577
f 2933/3586 2927/3577 2912/3562
f 2711/3662 2710/3661 2930/3640
f 2711/3662 2930/3640 2929/3636
f 2771/3651 2760/3657 2928/3630
f 2771/3651 2928/3630 2931/3619
f 2760/3657 2711/3662 2929/3636
f 2760/3657 2929/3636 2928/3630
f 2756/3653 2935/3632 2932/3637
f 2756/3653 2932/3637 2757/3660
f 2757/3660 2932/3637 2930/3640
f 2757/3660 2930/3640 2710/3661
f 2768/3633 2771/3651 2931/3619
f 2768/3633 2931/3619 2934/3606
f 2715/3581 2719/3613 2933/3586
f 2715/3581 2933/3586 2910/3556
f 2768/3633 2934/3606 2933/3586
f 2768/3633 2933/3586 2719/3613
f 2912/3562 2927/3577 2926/3552
f 2912/3562 2926/3552 2913/3535
f 2936/3102 2937/3083 2938/2904
f 2936/3102 2938/2904 2939/2939
f 2832/2912 2940/2870 2830/2798
f 2832/2912 2830/2798 2829/2847
f 2236/3125 2941/3117 2942/2968
f 2236/3125 2942/2968 2836/3002
f 2942/2968 2940/2870 2832/2912
f 2942/2968 2832/2912 2836/3002
f 2943/2507 2344/2511 924/2337
f 2943/2507 924/2337 1535/2338
f 2944/2449 2945/2472 1538/2339
f 2944/2449 1538/2339 1537/2342
f 2946/2479 2947/2486 2948/2425
f 2946/2479 2948/2425 2949/2422
f 2947/2486 2950/2499 2951/2437
f 2947/2486 2951/2437 2948/2425
f 2952/2698 2943/2507 2945/2472
f 2952/2698 2945/2472 2953/2591
f 2945/2472 2944/2449 2954/2539
f 2945/2472 2954/2539 2953/2591
f 2946/2479 2949/2422 2955/2423
f 2946/2479 2955/2423 2956/2483
f 2955/2423 1553/2360 1552/2364
f 2955/2423 1552/2364 2957/2427
f 2955/2423 2957/2427 2958/2489
f 2955/2423 2958/2489 2956/2483
f 2958/2489 2957/2427 2959/2434
f 2958/2489 2959/2434 2960/2494
f 2961/2495 2960/2494 2959/2434
f 2961/2495 2959/2434 2962/2436
f 2963/2528 2964/2473 2965/2468
f 2963/2528 2965/2468 2331/2517
f 2966/2532 2967/2475 2968/2447
f 2966/2532 2968/2447 2796/2515
f 2969/2444 2970/2433 2327/2446
f 2969/2444 2327/2446 2325/2462
f 2971/2430 2650/2448 2327/2446
f 2971/2430 2327/2446 2970/2433
f 2972/2443 2973/2417 2974/2419
f 2972/2443 2974/2419 2975/2458
f 2626/2501 2651/2469 2972/2443
f 2626/2501 2972/2443 2975/2458
f 2650/2448 2971/2430 2972/2443
f 2650/2448 2972/2443 2651/2469
f 2976/2480 2977/2481 2978/2440
f 2976/2480 2978/2440 2979/2441
f 2624/2541 2977/2481 2976/2480
f 2624/2541 2976/2480 2980/2538
f 2978/2440 2977/2481 2981/2471
f 2978/2440 2981/2471 2982/2429
f 2977/2481 2624/2541 2623/2525
f 2977/2481 2623/2525 2981/2471
f 2981/2471 2975/2458 2974/2419
f 2981/2471 2974/2419 2982/2429
f 2623/2525 2626/2501 2975/2458
f 2623/2525 2975/2458 2981/2471
f 2796/2515 2968/2447 1580/2331
f 2796/2515 1580/2331 1579/2330
f 2978/2440 1582/2341 1581/2336
f 2978/2440 1581/2336 2979/2441
f 2979/2441 2983/2439 2984/2478
f 2979/2441 2984/2478 2976/2480
f 2984/2478 2983/2439 2985/2432
f 2984/2478 2985/2432 2967/2475
f 2967/2475 2985/2432 2986/2420
f 2967/2475 2986/2420 2968/2447
f 2987/2464 2988/2454 2324/2487
f 2987/2464 2324/2487 2330/2509
f 2987/2464 2330/2509 2331/2517
f 2987/2464 2331/2517 2965/2468
f 2969/2444 2325/2462 2324/2487
f 2969/2444 2324/2487 2988/2454
f 2989/2431 2990/2428 2964/2473
f 2989/2431 2964/2473 2991/2477
f 2990/2428 2992/2426 2965/2468
f 2990/2428 2965/2468 2964/2473
f 2993/2418 2994/2416 2970/2433
f 2993/2418 2970/2433 2969/2444
f 2994/2416 2995/2415 2971/2430
f 2994/2416 2971/2430 2970/2433
f 2972/2443 2971/2430 2995/2415
f 2972/2443 2995/2415 2973/2417
f 2992/2426 2996/2424 2987/2464
f 2992/2426 2987/2464 2965/2468
f 2996/2424 2997/2421 2988/2454
f 2996/2424 2988/2454 2987/2464
f 2997/2421 2993/2418 2969/2444
f 2997/2421 2969/2444 2988/2454
f 2989/2431 1599/2371 1598/2369
f 2989/2431 1598/2369 2990/2428
f 2994/2416 1601/2353 1600/2351
f 2994/2416 1600/2351 2995/2415
f 2997/2421 1603/2361 1602/2357
f 2997/2421 1602/2357 2993/2418
f 2996/2424 1604/2363 1603/2361
f 2996/2424 1603/2361 2997/2421
f 2998/2690 2953/2591 2954/2539
f 2998/2690 2954/2539 2999/2622
f 2952/2698 2953/2591 2998/2690
f 2952/2698 2998/2690 3000/2775
f 2963/2528 2331/2517 2332/2576
f 2963/2528 2332/2576 2882/2590
f 2963/2528 2882/2590 2897/2597
f 2963/2528 2897/2597 3001/2540
f 3002/2564 3003/2575 2950/2499
f 3002/2564 2950/2499 2947/2486
f 3002/2564 2947/2486 2946/2479
f 3002/2564 2946/2479 3004/2560
f 2991/2477 2964/2473 2963/2528
f 2991/2477 2963/2528 3001/2540
f 3005/2566 3004/2560 2946/2479
f 3005/2566 2946/2479 2956/2483
f 2958/2489 3006/2571 3005/2566
f 2958/2489 3005/2566 2956/2483
f 2960/2494 3007/2577 3006/2571
f 2960/2494 3006/2571 2958/2489
f 2961/2495 3008/2578 3007/2577
f 2961/2495 3007/2577 2960/2494
f 3009/2754 3010/2707 2827/2765
f 3009/2754 2827/2765 2830/2798
f 3009/2754 2830/2798 2940/2870
f 3009/2754 2940/2870 3011/2831
f 2941/3117 2936/3102 2939/2939
f 2941/3117 2939/2939 2942/2968
f 3011/2831 2940/2870 2942/2968
f 3011/2831 2942/2968 2939/2939
f 2938/2904 3000/2775 3011/2831
f 2938/2904 3011/2831 2939/2939
f 2999/2622 3010/2707 3009/2754
f 2999/2622 3009/2754 2998/2690
f 2998/2690 3009/2754 3011/2831
f 2998/2690 3011/2831 3000/2775
f 2860/2723 2652/2747 3012/2675
f 2860/2723 3012/2675 3013/2666
f 2652/2747 2654/2744 3012/2675
f 3004/2560 3014/2642 3015/2643
f 3004/2560 3015/2643 3002/2564
f 3016/2668 3017/2662 3006/2571
f 3016/2668 3006/2571 3007/2577
f 3012/2675 3016/2668 3007/2577
f 3012/2675 3007/2577 3008/2578
f 3006/2571 3017/2662 3018/2649
f 3006/2571 3018/2649 3005/2566
f 3004/2560 3005/2566 3018/2649
f 3004/2560 3018/2649 3014/2642
f 3003/2575 3002/2564 3015/2643
f 3003/2575 3015/2643 3019/2655
f 2584/2722 3015/2643 3014/2642
f 2584/2722 3014/2642 2585/2724
f 3020/2734 3019/2655 3015/2643
f 3020/2734 3015/2643 2584/2722
f 3016/2668 2859/2742 2858/2741
f 3016/2668 2858/2741 3017/2662
f 3012/2675 2654/2744 2859/2742
f 3012/2675 2859/2742 3016/2668
f 3017/2662 2858/2741 2904/2736
f 3017/2662 2904/2736 3018/2649
f 3018/2649 2904/2736 2585/2724
f 3018/2649 2585/2724 3014/2642
f 2943/2507 2952/2698 2346/2689
f 2943/2507 2346/2689 2344/2511
f 2937/3083 3021/3049 3022/2858
f 2937/3083 3022/2858 2938/2904
f 2952/2698 3000/2775 2938/2904
f 2952/2698 2938/2904 3022/2858
f 3021/3049 2357/3012 2359/2835
f 3021/3049 2359/2835 3022/2858
f 2346/2689 2952/2698 3022/2858
f 2346/2689 3022/2858 2359/2835
f 2278/3578 2281/3565 3023/3575
f 2278/3578 3023/3575 2925/3588
f 2355/3181 3024/3192 3025/3298
f 2355/3181 3025/3298 2352/3287
f 2357/3012 3021/3049 3024/3192
f 2357/3012 3024/3192 2355/3181
f 2371/3528 3026/3515 2368/3567
f 2371/3528 2368/3567 2367/3585
f 3021/3049 2937/3083 3027/3202
f 3021/3049 3027/3202 3024/3192
f 3025/3298 3024/3192 3027/3202
f 3025/3298 3027/3202 3028/3306
f 2368/3567 3026/3515 3029/3500
f 2368/3567 3029/3500 3030/3542
f 2369/3601 2368/3567 3030/3542
f 2369/3601 3030/3542 3031/3579
f 2361/3646 2360/3628 3032/3603
f 2361/3646 3032/3603 3033/3621
f 2361/3646 3033/3621 2935/3632
f 2361/3646 2935/3632 2756/3653
f 3034/3450 3035/3440 3029/3500
f 3034/3450 3029/3500 3026/3515
f 3034/3450 3036/3380 3037/3373
f 3034/3450 3037/3373 3035/3440
f 2937/3083 2936/3102 3038/3205
f 2937/3083 3038/3205 3027/3202
f 3036/3380 3028/3306 3039/3307
f 3036/3380 3039/3307 3037/3373
f 3027/3202 3038/3205 3039/3307
f 3027/3202 3039/3307 3028/3306
f 3033/3621 3040/3598 2924/3608
f 3033/3621 2924/3608 2935/3632
f 2932/3637 2935/3632 2924/3608
f 2932/3637 2924/3608 2922/3614
f 3037/3373 3041/3367 3042/3431
f 3037/3373 3042/3431 3035/3440
f 3038/3205 3043/3211 3044/3302
f 3038/3205 3044/3302 3039/3307
f 3029/3500 3045/3484 3046/3525
f 3029/3500 3046/3525 3030/3542
f 2936/3102 2941/3117 3043/3211
f 2936/3102 3043/3211 3038/3205
f 3029/3500 3035/3440 3042/3431
f 3029/3500 3042/3431 3045/3484
f 3032/3603 3047/3583 3040/3598
f 3032/3603 3040/3598 3033/3621
f 3039/3307 3044/3302 3041/3367
f 3039/3307 3041/3367 3037/3373
f 3030/3542 3046/3525 3048/3559
f 3030/3542 3048/3559 3031/3579
f 2231/3416 3042/3431 3041/3367
f 2231/3416 3041/3367 2225/3357
f 2228/3471 2227/3506 3046/3525
f 2228/3471 3046/3525 3045/3484
f 2227/3506 2283/3536 3048/3559
f 2227/3506 3048/3559 3046/3525
f 2228/3471 3045/3484 3042/3431
f 2228/3471 3042/3431 2231/3416
f 2924/3608 3040/3598 2278/3578
f 2924/3608 2278/3578 2925/3588
f 2279/3564 2278/3578 3040/3598
f 2279/3564 3040/3598 3047/3583
f 2226/3297 3044/3302 3043/3211
f 2226/3297 3043/3211 2235/3217
f 2226/3297 2225/3357 3041/3367
f 2226/3297 3041/3367 3044/3302
f 2941/3117 2236/3125 2235/3217
f 2941/3117 2235/3217 3043/3211
f 3049/3455 3050/3382 3036/3380
f 3049/3455 3036/3380 3034/3450
f 2370/3537 3051/3461 3049/3455
f 2370/3537 3049/3455 2371/3528
f 3052/3375 2352/3287 3025/3298
f 3052/3375 3025/3298 3050/3382
f 3051/3461 3052/3375 3050/3382
f 3051/3461 3050/3382 3049/3455
f 2371/3528 3049/3455 3034/3450
f 2371/3528 3034/3450 3026/3515
f 3025/3298 3028/3306 3036/3380
f 3025/3298 3036/3380 3050/3382
f 2298/3553 3053/3571 3023/3575
f 2298/3553 3023/3575 2281/3565
f 2925/3588 3023/3575 3053/3571
f 2925/3588 3053/3571 2923/3592
f 3053/3571 2298/3553 2290/3540
f 3053/3571 2290/3540 3054/3568
f 2919/3589 2923/3592 3053/3571
f 2919/3589 3053/3571 3054/3568
f 2621/2603 2624/2541 2980/2538
f 2621/2603 2980/2538 2644/2614
f 2796/2515 2786/2637 2785/2638
f 2796/2515 2785/2638 2966/2532
f 2976/2480 2984/2478 3055/2531
f 2976/2480 3055/2531 2980/2538
f 2967/2475 2966/2532 3055/2531
f 2967/2475 3055/2531 2984/2478
f 2966/2532 2785/2638 2789/2628
f 2966/2532 2789/2628 3055/2531
f 2644/2614 2980/2538 3055/2531
f 2644/2614 3055/2531 2789/2628
f 3056/3842 3057/3881 2571/3862
f 3056/3842 2571/3862 2570/3828
f 3056/3842 2570/3828 2573/3791
f 3056/3842 2573/3791 3058/3802
f 2578/3917 3059/3934 3060/3963
f 2578/3917 3060/3963 2579/3955
f 3061/2932 3062/3114 3063/3087
f 3061/2932 3063/3087 3064/2914
f 3065/2453 3066/2543 3067/2550
f 3065/2453 3067/2550 3068/2455
f 3069/2728 3070/2812 3071/2803
f 3069/2728 3071/2803 3072/2733
f 3073/2456 3065/2453 1682/2383
f 3073/2456 1682/2383 1681/2384
f 3074/2962 3075/3159 3062/3114
f 3074/2962 3062/3114 3061/2932
f 3073/2456 3076/2546 3066/2543
f 3073/2456 3066/2543 3065/2453
f 3077/2729 3078/2821 3070/2812
f 3077/2729 3070/2812 3069/2728
f 3074/2962 3061/2932 3070/2812
f 3074/2962 3070/2812 3078/2821
f 3079/3363 2524/3430 2523/3354
f 3079/3363 2523/3354 3080/3279
f 3081/2460 1691/2385 1111/2387
f 3081/2460 1111/2387 2519/2461
f 3082/2549 3081/2460 2519/2461
f 3082/2549 2519/2461 2537/2547
f 3083/3854 3056/3842 3058/3802
f 3083/3854 3058/3802 3084/3808
f 3083/3854 3085/3891 3057/3881
f 3083/3854 3057/3881 3056/3842
f 3086/2824 3087/2990 3074/2962
f 3086/2824 3074/2962 3078/2821
f 3077/2729 3088/2730 3086/2824
f 3077/2729 3086/2824 3078/2821
f 3081/2460 3082/2549 3076/2546
f 3081/2460 3076/2546 3073/2456
f 3089/3250 3075/3159 3074/2962
f 3089/3250 3074/2962 3087/2990
f 3079/3363 3080/3279 3075/3159
f 3079/3363 3075/3159 3089/3250
f 3090/2966 3091/2809 2533/2787
f 3090/2966 2533/2787 2535/2924
f 3092/2716 2534/2713 2533/2787
f 3092/2716 2533/2787 3091/2809
f 2816/3870 2822/3913 3093/3900
f 2816/3870 3093/3900 3094/3861
f 2817/3796 2816/3870 3094/3861
f 2817/3796 3094/3861 3095/3807
f 3083/3854 3084/3808 3095/3807
f 3083/3854 3095/3807 3094/3861
f 3094/3861 3093/3900 3085/3891
f 3094/3861 3085/3891 3083/3854
f 3086/2824 3088/2730 3092/2716
f 3086/2824 3092/2716 3091/2809
f 3087/2990 3086/2824 3091/2809
f 3087/2990 3091/2809 3090/2966
f 2577/3892 3096/3908 3059/3934
f 2577/3892 3059/3934 2578/3917
f 3059/3934 3097/3942 3098/3964
f 3059/3934 3098/3964 3060/3963
f 3057/3881 3096/3908 2577/3892
f 3057/3881 2577/3892 2571/3862
f 3096/3908 3099/3918 3097/3942
f 3096/3908 3097/3942 3059/3934
f 3057/3881 3085/3891 3099/3918
f 3057/3881 3099/3918 3096/3908
f 2775/3930 2743/3920 2739/3895
f 2775/3930 2739/3895 2738/3903
f 2301/3092 2300/3089 3100/3158
f 2301/3092 3100/3158 2308/3156
f 2315/3223 2308/3156 3100/3158
f 2315/3223 3100/3158 3101/3228
f 3102/3359 3103/3414 2312/3407
f 3102/3359 2312/3407 2317/3351
f 3102/3359 2317/3351 2319/3294
f 3102/3359 2319/3294 3104/3299
f 3104/3299 2319/3294 2315/3223
f 3104/3299 2315/3223 3101/3228
f 2845/3310 2846/3370 3102/3359
f 2845/3310 3102/3359 3104/3299
f 2846/3370 2847/3428 3103/3414
f 2846/3370 3103/3414 3102/3359
f 2908/3477 3105/3458 3103/3414
f 2908/3477 3103/3414 2847/3428
f 2911/3514 2913/3535 3106/3516
f 2911/3514 3106/3516 3107/3499
f 2908/3477 2911/3514 3107/3499
f 2908/3477 3107/3499 3105/3458
f 3108/3530 3106/3516 2913/3535
f 3108/3530 2913/3535 2926/3552
f 3105/3458 2307/3448 2312/3407
f 3105/3458 2312/3407 3103/3414
f 2307/3448 3105/3458 3107/3499
f 2307/3448 3107/3499 2304/3487
f 3107/3499 3106/3516 2321/3513
f 3107/3499 2321/3513 2304/3487
f 2289/3531 2293/3517 3109/3546
f 2289/3531 3109/3546 3110/3558
f 3111/3534 3109/3546 2293/3517
f 3111/3534 2293/3517 2321/3513
f 2321/3513 3106/3516 3108/3530
f 3108/3530 3111/3534 2321/3513
f 2915/3584 3110/3558 3109/3546
f 2915/3584 3109/3546 2916/3573
f 2916/3573 3109/3546 3111/3534
f 2916/3573 3111/3534 2920/3566
f 2926/3552 2920/3566 3111/3534
f 2926/3552 3111/3534 3108/3530
f 3110/3558 3054/3568 2290/3540
f 3110/3558 2290/3540 2289/3531
f 2919/3589 3054/3568 3110/3558
f 2919/3589 3110/3558 2915/3584
f 3112/3091 3113/3027 3114/3035
f 3112/3091 3114/3035 2730/3088
f 3112/3091 2730/3088 2729/3157
f 3112/3091 2729/3157 3115/3160
f 2838/3237 2844/3236 3115/3160
f 2838/3237 3115/3160 2729/3157
f 2905/2896 2617/3005 2619/3013
f 2905/2896 2619/3013 3116/2899
f 2902/2895 2616/2992 2617/3005
f 2902/2895 2617/3005 2905/2896
f 2731/3081 2730/3088 3114/3035
f 2731/3081 3114/3035 3117/3009
f 2824/3064 2731/3081 3117/3009
f 2824/3064 3117/3009 3118/2983
f 3119/2979 3117/3009 3114/3035
f 3119/2979 3114/3035 3113/3027
f 3120/2948 3118/2983 3117/3009
f 3120/2948 3117/3009 3119/2979
f 2587/2795 2586/2797 2905/2896
f 2587/2795 2905/2896 3116/2899
f 3121/2808 3122/2785 3123/2739
f 3121/2808 3123/2739 3020/2734
f 2951/2437 3124/2442 1735/2346
f 2951/2437 1735/2346 1734/2350
f 3125/2512 3124/2442 2951/2437
f 3125/2512 2951/2437 2950/2499
f 3126/2585 3125/2512 2950/2499
f 3126/2585 2950/2499 3003/2575
f 3019/2655 3127/2670 3126/2585
f 3019/2655 3126/2585 3003/2575
f 3020/2734 3123/2739 3127/2670
f 3020/2734 3127/2670 3019/2655
f 2845/3310 3104/3299 3101/3228
f 2845/3310 3101/3228 2849/3232
f 3101/3228 3100/3158 3128/3161
f 3101/3228 3128/3161 2849/3232
f 3129/2936 3120/2948 3119/2979
f 3129/2936 3119/2979 3130/2969
f 3130/2969 3119/2979 3113/3027
f 3130/2969 3113/3027 3131/3020
f 3131/3020 3113/3027 3112/3091
f 3131/3020 3112/3091 3132/3090
f 2300/3089 2303/3022 3131/3020
f 2300/3089 3131/3020 3132/3090
f 3128/3161 3100/3158 2300/3089
f 3128/3161 2300/3089 3132/3090
f 3121/2808 3133/2873 3134/2849
f 3121/2808 3134/2849 3122/2785
f 2844/3236 2849/3232 3128/3161
f 2844/3236 3128/3161 3115/3160
f 3132/3090 3112/3091 3115/3160
f 3132/3090 3115/3160 3128/3161
f 2827/2765 3135/2751 3136/2792
f 2827/2765 3136/2792 2828/2818
f 3137/2445 3138/2516 2954/2539
f 3137/2445 2954/2539 2944/2449
f 3139/2593 2999/2622 2954/2539
f 3139/2593 2954/2539 3138/2516
f 3010/2707 2999/2622 3139/2593
f 3010/2707 3139/2593 3140/2684
f 3140/2684 3135/2751 2827/2765
f 3140/2684 2827/2765 3010/2707
f 3141/2978 2303/3022 2302/3032
f 3141/2978 2302/3032 3142/2999
f 2302/3032 2311/3048 3143/3023
f 2302/3032 3143/3023 3142/2999
f 3141/2978 3130/2969 3131/3020
f 3141/2978 3131/3020 2303/3022
f 3126/2585 3139/2593 3138/2516
f 3126/2585 3138/2516 3125/2512
f 3124/2442 3137/2445 1756/2345
f 3124/2442 1756/2345 1735/2346
f 3124/2442 3125/2512 3138/2516
f 3124/2442 3138/2516 3137/2445
f 3123/2739 3135/2751 3140/2684
f 3123/2739 3140/2684 3127/2670
f 3126/2585 3127/2670 3140/2684
f 3126/2585 3140/2684 3139/2593
f 3141/2978 3144/2942 3129/2936
f 3141/2978 3129/2936 3130/2969
f 3122/2785 3134/2849 3145/2851
f 3122/2785 3145/2851 3136/2792
f 3122/2785 3136/2792 3135/2751
f 3122/2785 3135/2751 3123/2739
f 2850/3062 2856/2970 2900/2937
f 2850/3062 2900/2937 2899/3010
f 2851/3126 2850/3062 2899/3010
f 2851/3126 2899/3010 2898/3093
f 2851/3126 2898/3093 2867/3144
f 2851/3126 2867/3144 2852/3180
f 2866/3185 2853/3214 2852/3180
f 2866/3185 2852/3180 2867/3144
f 3070/2812 3061/2932 3064/2914
f 3070/2812 3064/2914 3071/2803
f 3146/2587 2809/2573 1761/2368
f 3146/2587 1761/2368 1760/2374
f 3147/2567 3148/2608 3149/2500
f 3147/2567 3149/2500 3150/2466
f 3151/2815 3152/2839 3153/2766
f 3151/2815 3153/2766 3154/2748
f 3064/2914 3155/2935 3152/2839
f 3064/2914 3152/2839 3151/2815
f 3068/2455 3067/2550 3147/2567
f 3068/2455 3147/2567 3150/2466
f 3072/2733 3071/2803 3151/2815
f 3072/2733 3151/2815 3154/2748
f 3151/2815 3071/2803 3064/2914
f 3150/2466 3149/2500 1772/2377
f 3150/2466 1772/2377 1771/2379
f 3156/3269 3157/3255 2870/3216
f 3156/3269 2870/3216 2873/3249
f 2548/3408 2543/3384 2542/3344
f 2548/3408 2542/3344 3158/3362
f 3075/3159 3080/3279 3159/3225
f 3075/3159 3159/3225 3062/3114
f 2522/3396 2539/3415 3160/3365
f 2522/3396 3160/3365 3161/3340
f 2539/3415 2540/3427 3162/3377
f 2539/3415 3162/3377 3160/3365
f 2548/3408 3158/3362 3163/3376
f 2548/3408 3163/3376 2551/3421
f 3080/3279 2523/3354 3164/3300
f 3080/3279 3164/3300 3159/3225
f 2523/3354 2522/3396 3161/3340
f 2523/3354 3161/3340 3164/3300
f 2872/3204 2871/3188 3165/3171
f 2872/3204 3165/3171 3166/3184
f 3167/3258 2873/3249 2872/3204
f 3167/3258 2872/3204 3168/3224
f 3167/3258 3168/3224 3169/3235
f 3167/3258 3169/3235 3170/3264
f 2815/2950 3171/2977 2801/3076
f 2815/2950 2801/3076 2800/3047
f 3171/2977 2815/2950 3172/2853
f 3171/2977 3172/2853 3173/2886
f 2810/2922 2808/2829 3172/2853
f 2810/2922 3172/2853 2815/2950
f 3172/2853 3174/2759 3175/2788
f 3172/2853 3175/2788 3173/2886
f 2808/2829 2807/2737 3174/2759
f 2808/2829 3174/2759 3172/2853
f 3176/3182 3177/3174 3178/3116
f 3176/3182 3178/3116 3179/3131
f 3180/3038 3181/2933 3182/2949
f 3180/3038 3182/2949 3183/3057
f 3179/3131 3178/3116 3180/3038
f 3179/3131 3180/3038 3183/3057
f 3181/2933 3184/2861 3185/2888
f 3181/2933 3185/2888 3182/2949
f 3186/3200 3177/3174 3176/3182
f 3186/3200 3176/3182 3187/3213
f 3186/3200 3187/3213 3188/3244
f 3186/3200 3188/3244 3189/3243
f 3190/3197 3176/3182 3179/3131
f 3190/3197 3179/3131 3191/3147
f 3190/3197 3192/3239 3187/3213
f 3190/3197 3187/3213 3176/3182
f 3192/3239 3193/3259 3188/3244
f 3192/3239 3188/3244 3187/3213
f 3194/3266 3189/3243 3188/3244
f 3194/3266 3188/3244 3193/3259
f 2542/3344 2545/3319 3195/3280
f 2542/3344 3195/3280 3196/3313
f 2542/3344 3196/3313 3197/3329
f 2542/3344 3197/3329 3158/3362
f 3159/3225 3198/3186 3063/3087
f 3159/3225 3063/3087 3062/3114
f 3162/3377 3199/3336 3200/3327
f 3162/3377 3200/3327 3160/3365
f 3158/3362 3197/3329 3201/3337
f 3158/3362 3201/3337 3163/3376
f 3159/3225 3164/3300 3202/3257
f 3159/3225 3202/3257 3198/3186
f 3161/3340 3160/3365 3200/3327
f 3161/3340 3200/3327 3203/3301
f 3164/3300 3161/3340 3203/3301
f 3164/3300 3203/3301 3202/3257
f 3195/3280 3157/3255 3156/3269
f 3195/3280 3156/3269 3196/3313
f 3063/3087 3198/3186 3204/3166
f 3063/3087 3204/3166 3205/3070
f 3064/2914 3063/3087 3205/3070
f 3064/2914 3205/3070 3155/2935
f 3200/3327 3199/3336 3206/3304
f 3200/3327 3206/3304 3207/3289
f 3203/3301 3200/3327 3207/3289
f 3203/3301 3207/3289 3208/3262
f 3202/3257 3203/3301 3208/3262
f 3202/3257 3208/3262 3209/3222
f 3202/3257 3209/3222 3204/3166
f 3202/3257 3204/3166 3198/3186
f 3197/3329 3210/3292 3211/3305
f 3197/3329 3211/3305 3201/3337
f 3197/3329 3196/3313 3156/3269
f 3197/3329 3156/3269 3210/3292
f 3193/3259 3192/3239 3208/3262
f 3193/3259 3208/3262 3207/3289
f 3167/3258 3170/3264 3211/3305
f 3167/3258 3211/3305 3210/3292
f 3190/3197 3191/3147 3204/3166
f 3190/3197 3204/3166 3209/3222
f 3190/3197 3209/3222 3208/3262
f 3190/3197 3208/3262 3192/3239
f 3156/3269 2873/3249 3167/3258
f 3156/3269 3167/3258 3210/3292
f 3193/3259 3207/3289 3206/3304
f 3193/3259 3206/3304 3194/3266
f 2802/3122 3212/3154 2812/3120
f 2802/3122 2812/3120 2803/3100
f 3213/3170 2805/3136 2804/3132
f 3213/3170 2804/3132 3214/3167
f 2872/3204 3166/3184 3215/3190
f 2872/3204 3215/3190 3168/3224
f 3169/3235 3168/3224 3215/3190
f 3169/3235 3215/3190 3216/3194
f 2162/3043 2161/3066 2799/3103
f 2162/3043 2799/3103 3217/3080
f 2787/2919 2797/2984 3218/3025
f 2787/2919 3218/3025 2788/2944
f 3219/3128 2799/3103 2798/3109
f 3219/3128 2798/3109 2805/3136
f 2795/3030 3220/3099 2896/3129
f 2795/3030 2896/3129 2876/3074
f 3221/3162 3213/3170 3215/3190
f 3221/3162 3215/3190 3166/3184
f 2795/3030 2794/2976 3222/3060
f 2795/3030 3222/3060 3220/3099
f 2794/2976 2788/2944 3218/3025
f 2794/2976 3218/3025 3222/3060
f 3217/3080 2799/3103 3219/3128
f 3217/3080 3219/3128 3223/3111
f 3165/3171 3224/3138 3221/3162
f 3165/3171 3221/3162 3166/3184
f 3224/3138 3223/3111 3219/3128
f 3224/3138 3219/3128 3221/3162
f 2809/2573 3146/2587 3174/2759
f 2809/2573 3174/2759 2807/2737
f 3155/2935 3225/2947 3226/2866
f 3155/2935 3226/2866 3152/2839
f 3153/2766 3152/2839 3226/2866
f 3153/2766 3226/2866 3227/2804
f 3146/2587 3149/2500 3148/2608
f 3146/2587 3148/2608 3228/2705
f 3205/3070 3229/3061 3225/2947
f 3205/3070 3225/2947 3155/2935
f 3146/2587 3228/2705 3175/2788
f 3146/2587 3175/2788 3174/2759
f 3227/2804 3226/2866 3185/2888
f 3227/2804 3185/2888 3184/2861
f 3229/3061 3183/3057 3182/2949
f 3229/3061 3182/2949 3225/2947
f 3191/3147 3179/3131 3183/3057
f 3191/3147 3183/3057 3229/3061
f 3225/2947 3182/2949 3185/2888
f 3225/2947 3185/2888 3226/2866
f 3204/3166 3191/3147 3229/3061
f 3204/3166 3229/3061 3205/3070
f 3230/3148 3231/3151 3232/3052
f 3230/3148 3232/3052 3233/3036
f 3234/2929 3233/3036 3232/3052
f 3234/2929 3232/3052 3235/2959
f 3232/3052 2824/3064 3118/2983
f 3232/3052 3118/2983 3235/2959
f 3133/2873 3234/2929 3235/2959
f 3133/2873 3235/2959 3236/2917
f 3120/2948 3236/2917 3235/2959
f 3120/2948 3235/2959 3118/2983
f 3133/2873 3236/2917 3237/2903
f 3133/2873 3237/2903 3134/2849
f 3237/2903 3236/2917 3120/2948
f 3237/2903 3120/2948 3129/2936
f 3134/2849 3237/2903 3238/2906
f 3134/2849 3238/2906 3145/2851
f 3238/2906 3237/2903 3129/2936
f 3238/2906 3129/2936 3144/2942
f 2727/3323 2726/3320 2826/3240
f 2727/3323 2826/3240 2825/3246
f 3141/2978 2296/2986 3239/2955
f 3141/2978 3239/2955 3144/2942
f 2296/2986 2295/2996 3240/2967
f 2296/2986 3240/2967 3239/2955
f 3136/2792 3145/2851 2837/2869
f 3136/2792 2837/2869 2828/2818
f 3145/2851 3238/2906 3241/2920
f 3145/2851 3241/2920 2837/2869
f 3241/2920 3238/2906 3144/2942
f 3241/2920 3144/2942 3239/2955
f 2837/2869 3241/2920 3242/2934
f 2837/2869 3242/2934 2833/2898
f 3240/2967 3242/2934 3241/2920
f 3240/2967 3241/2920 3239/2955
f 2831/2943 2833/2898 3242/2934
f 2831/2943 3242/2934 2834/2972
f 3231/3151 2823/3152 2824/3064
f 3231/3151 2824/3064 3232/3052
f 2678/3638 2677/3600 3243/3554
f 2678/3638 3243/3554 3244/3591
f 2679/3557 3245/3505 3243/3554
f 2679/3557 3243/3554 2677/3600
f 2705/3666 2678/3638 3244/3591
f 2705/3666 3244/3591 3246/3624
f 2722/3492 2725/3401 3247/3388
f 2722/3492 3247/3388 3248/3447
f 3249/2688 3250/2664 1868/2401
f 3249/2688 1868/2401 1867/2403
f 3251/3617 3252/3468 3253/3338
f 3251/3617 3253/3338 3254/3400
f 3255/2951 3256/2900 3250/2664
f 3255/2951 3250/2664 3249/2688
f 3251/3617 3257/3704 3258/3582
f 3251/3617 3258/3582 3252/3468
f 3259/3318 3260/3308 3261/3364
f 3259/3318 3261/3364 3247/3388
f 3262/3503 3263/3647 3264/3673
f 3262/3503 3264/3673 3265/3561
f 3266/3413 3089/3250 3267/3191
f 3266/3413 3267/3191 3268/3360
f 3262/3503 3268/3360 3269/3309
f 3262/3503 3269/3309 3270/3437
f 3271/2609 3272/2827 3273/2757
f 3271/2609 3273/2757 3274/2572
f 3270/3437 3269/3309 3275/3227
f 3270/3437 3275/3227 3276/3353
f 3276/3353 3275/3227 3277/3115
f 3276/3353 3277/3115 3278/3252
f 3258/3582 3263/3647 3262/3503
f 3258/3582 3262/3503 3270/3437
f 3256/2900 3272/2827 3271/2609
f 3256/2900 3271/2609 3250/2664
f 3252/3468 3276/3353 3278/3252
f 3252/3468 3278/3252 3253/3338
f 3258/3582 3270/3437 3276/3353
f 3258/3582 3276/3353 3252/3468
f 3087/2990 3090/2966 3267/3191
f 3087/2990 3267/3191 3089/3250
f 3274/2572 3279/2527 1899/2395
f 3274/2572 1899/2395 1898/2397
f 3273/2757 3280/2686 3279/2527
f 3273/2757 3279/2527 3274/2572
f 3281/3053 3282/2921 3277/3115
f 3281/3053 3277/3115 3275/3227
f 3269/3309 3283/3140 3281/3053
f 3269/3309 3281/3053 3275/3227
f 3268/3360 3267/3191 3283/3140
f 3268/3360 3283/3140 3269/3309
f 3279/2527 2532/2496 1905/2393
f 3279/2527 1905/2393 1899/2395
f 3281/3053 2526/2859 2525/2786
f 3281/3053 2525/2786 3282/2921
f 3280/2686 2529/2607 2532/2496
f 3280/2686 2532/2496 3279/2527
f 3283/3140 2535/2924 2526/2859
f 3283/3140 2526/2859 3281/3053
f 3267/3191 3090/2966 2535/2924
f 3267/3191 2535/2924 3283/3140
f 3271/2609 3274/2572 1898/2397
f 3271/2609 1898/2397 1906/2398
f 3230/3148 3284/3242 3285/3248
f 3230/3148 3285/3248 3231/3151
f 3286/3284 2620/3212 2610/3195
f 3286/3284 2610/3195 2611/3260
f 3266/3413 3287/3478 3079/3363
f 3266/3413 3079/3363 3089/3250
f 3261/3364 3260/3308 3286/3284
f 3261/3364 3286/3284 3288/3342
f 3289/3522 3290/3543 2521/3460
f 3289/3522 2521/3460 2524/3430
f 3290/3543 3291/3550 2538/3481
f 3290/3543 2538/3481 2521/3460
f 3291/3550 3292/3548 2541/3488
f 3291/3550 2541/3488 2538/3481
f 3293/3498 3294/3466 2546/3422
f 3293/3498 2546/3422 2549/3449
f 3294/3466 3295/3432 2547/3398
f 3294/3466 2547/3398 2546/3422
f 3296/3518 3293/3498 2549/3449
f 3296/3518 2549/3449 2550/3470
f 3286/3284 2611/3260 2612/3316
f 3286/3284 2612/3316 3288/3342
f 3297/3393 3288/3342 2612/3316
f 3297/3393 2612/3316 2613/3356
f 3287/3478 3289/3522 2524/3430
f 3287/3478 2524/3430 3079/3363
f 2703/3743 2707/3725 2706/3688
f 2703/3743 2706/3688 3298/3705
f 3251/3617 2818/3770 2817/3796
f 3251/3617 2817/3796 3257/3704
f 3299/3746 3300/3731 3301/3681
f 3299/3746 3301/3681 3302/3690
f 3300/3731 3303/3722 3304/3677
f 3300/3731 3304/3677 3301/3681
f 3298/3705 3305/3665 3304/3677
f 3298/3705 3304/3677 3303/3722
f 3306/3754 3299/3746 3302/3690
f 3306/3754 3302/3690 3307/3686
f 3308/3753 3306/3754 3307/3686
f 3308/3753 3307/3686 3264/3673
f 3257/3704 3309/3737 3263/3647
f 3257/3704 3263/3647 3258/3582
f 3309/3737 3308/3753 3264/3673
f 3309/3737 3264/3673 3263/3647
f 2573/3791 2561/3776 3300/3731
f 2573/3791 3300/3731 3299/3746
f 3300/3731 2561/3776 2560/3760
f 3300/3731 2560/3760 3303/3722
f 3298/3705 3303/3722 2560/3760
f 3298/3705 2560/3760 2703/3743
f 3058/3802 2573/3791 3299/3746
f 3058/3802 3299/3746 3306/3754
f 3084/3808 3058/3802 3306/3754
f 3084/3808 3306/3754 3308/3753
f 2817/3796 3095/3807 3309/3737
f 2817/3796 3309/3737 3257/3704
f 3095/3807 3084/3808 3308/3753
f 3095/3807 3308/3753 3309/3737
f 3262/3503 3265/3561 3266/3413
f 3262/3503 3266/3413 3268/3360
f 3243/3554 3245/3505 3310/3467
f 3243/3554 3310/3467 3311/3507
f 3244/3591 3243/3554 3311/3507
f 3244/3591 3311/3507 3312/3541
f 3304/3677 3305/3665 3313/3612
f 3304/3677 3313/3612 3314/3622
f 3265/3561 3264/3673 3307/3686
f 3265/3561 3307/3686 3315/3597
f 3307/3686 3302/3690 3316/3618
f 3307/3686 3316/3618 3315/3597
f 3246/3624 3244/3591 3312/3541
f 3246/3624 3312/3541 3317/3572
f 3304/3677 3314/3622 3318/3625
f 3304/3677 3318/3625 3301/3681
f 3302/3690 3301/3681 3318/3625
f 3302/3690 3318/3625 3316/3618
f 3265/3561 3315/3597 3287/3478
f 3265/3561 3287/3478 3266/3413
f 3248/3447 3247/3388 3261/3364
f 3248/3447 3261/3364 3319/3420
f 3316/3618 3318/3625 3290/3543
f 3316/3618 3290/3543 3289/3522
f 3318/3625 3314/3622 3291/3550
f 3318/3625 3291/3550 3290/3543
f 3310/3467 3295/3432 3294/3466
f 3310/3467 3294/3466 3311/3507
f 3312/3541 3311/3507 3294/3466
f 3312/3541 3294/3466 3293/3498
f 3314/3622 3313/3612 3292/3548
f 3314/3622 3292/3548 3291/3550
f 3317/3572 3312/3541 3293/3498
f 3317/3572 3293/3498 3296/3518
f 3319/3420 3261/3364 3288/3342
f 3319/3420 3288/3342 3297/3393
f 3315/3597 3316/3618 3289/3522
f 3315/3597 3289/3522 3287/3478
f 2725/3401 2723/3402 2727/3323
f 2725/3401 2727/3323 3320/3324
f 3231/3151 3285/3248 2825/3246
f 3231/3151 2825/3246 2823/3152
f 3320/3324 2727/3323 2825/3246
f 3320/3324 2825/3246 3285/3248
f 2725/3401 3320/3324 3259/3318
f 2725/3401 3259/3318 3247/3388
f 3285/3248 3284/3242 3259/3318
f 3285/3248 3259/3318 3320/3324
f 3121/2808 3020/2734 2584/2722
f 3121/2808 2584/2722 2587/2795
f 3321/2908 3322/3021 3233/3036
f 3321/2908 3233/3036 3234/2929
f 3121/2808 3321/2908 3234/2929
f 3121/2808 3234/2929 3133/2873
f 3322/3021 3323/3142 3230/3148
f 3322/3021 3230/3148 3233/3036
f 3324/3231 3284/3242 3230/3148
f 3324/3231 3230/3148 3323/3142
f 3322/3021 2619/3013 2618/3134
f 3322/3021 2618/3134 3323/3142
f 3116/2899 2619/3013 3322/3021
f 3116/2899 3322/3021 3321/2908
f 3121/2808 2587/2795 3116/2899
f 3121/2808 3116/2899 3321/2908
f 3260/3308 3324/3231 2620/3212
f 3260/3308 2620/3212 3286/3284
f 2620/3212 3324/3231 3323/3142
f 2620/3212 3323/3142 2618/3134
f 3259/3318 3284/3242 3324/3231
f 3259/3318 3324/3231 3260/3308
f 2962/2436 2959/2434 1949/2367
f 2962/2436 1949/2367 1948/2370
f 3093/3900 3325/3931 3099/3918
f 3093/3900 3099/3918 3085/3891
f 3325/3931 3093/3900 2822/3913
f 3325/3931 2822/3913 3326/3943
f 2820/3915 3327/3959 3326/3943
f 2820/3915 3326/3943 2822/3913
f 2821/3914 3328/3991 3327/3959
f 2821/3914 3327/3959 2820/3915
f 3097/3942 3329/3951 3098/3964
f 3099/3918 3325/3931 3329/3951
f 3099/3918 3329/3951 3097/3942
f 2856/2970 2855/2926 2901/2910
f 2856/2970 2901/2910 2900/2937
f 3330/2825 3331/2767 2892/2755
f 3330/2825 2892/2755 2895/2800
f 3330/2825 2895/2800 2889/2840
f 3330/2825 2889/2840 3332/2860
f 2886/2863 2901/2910 3333/2893
f 2886/2863 3333/2893 2887/2857
f 3334/2620 2897/2597 2893/2685
f 3334/2620 2893/2685 3335/2702
f 2892/2755 3331/2767 3335/2702
f 2892/2755 3335/2702 2893/2685
f 2887/2857 3333/2893 3336/2884
f 2887/2857 3336/2884 2888/2852
f 2889/2840 2888/2852 3336/2884
f 2889/2840 3336/2884 3332/2860
f 3337/2485 3338/2435 2989/2431
f 3337/2485 2989/2431 2991/2477
f 3338/2435 1964/2373 1599/2371
f 3338/2435 1599/2371 2989/2431
f 3339/2557 3001/2540 2897/2597
f 3339/2557 2897/2597 3334/2620
f 2991/2477 3001/2540 3339/2557
f 2991/2477 3339/2557 3337/2485
f 2855/2926 2854/2909 3333/2893
f 2855/2926 3333/2893 2901/2910
f 3332/2860 3336/2884 2865/2897
f 3332/2860 2865/2897 2864/2879
f 3333/2893 2854/2909 2865/2897
f 3333/2893 2865/2897 3336/2884
f 3330/2825 2863/2833 2861/2771
f 3330/2825 2861/2771 3331/2767
f 2863/2833 3330/2825 3332/2860
f 2863/2833 3332/2860 2864/2879
f 3331/2767 2861/2771 2862/2712
f 3331/2767 2862/2712 3335/2702
f 3013/2666 2862/2712 2860/2723
f 3340/2438 2962/2436 1948/2370
f 3340/2438 1948/2370 1967/2372
f 2961/2495 2962/2436 3340/2438
f 2961/2495 3340/2438 3341/2492
f 3342/2568 3013/2666 3012/2675
f 3342/2568 3012/2675 3008/2578
f 3341/2492 3342/2568 3008/2578
f 3341/2492 3008/2578 2961/2495
f 3337/2485 3339/2557 3342/2568
f 3337/2485 3342/2568 3341/2492
f 3340/2438 3338/2435 3337/2485
f 3340/2438 3337/2485 3341/2492
f 3335/2702 2862/2712 3013/2666
f 3335/2702 3013/2666 3334/2620
f 3342/2568 3339/2557 3334/2620
f 3342/2568 3334/2620 3013/2666
f 2819/3847 3343/3835 2821/3914
f 2819/3847 2818/3770 3344/3728
f 2819/3847 3344/3728 3343/3835
f 2818/3770 3251/3617 3345/3580
f 2818/3770 3345/3580 3344/3728
f 3345/3580 3251/3617 3254/3400
f 3345/3580 3254/3400 3346/3403
f 3255/2951 3249/2688 3347/2694
f 3255/2951 3347/2694 3348/2963
f 3249/2688 1867/2403 1976/2404
f 3249/2688 1976/2404 3347/2694
f 3349/2625 2150/2624 2149/2537
f 3349/2625 2149/2537 3350/2535
f 2148/2719 2150/2624 3349/2625
f 2148/2719 3349/2625 3351/2720
f 2148/2719 3351/2720 3352/2789
f 2148/2719 3352/2789 2147/2790
f 2147/2790 3352/2789 3353/2872
f 2147/2790 3353/2872 2151/2874
f 2072/2451 2071/2450 3350/2535
f 2072/2451 3350/2535 2149/2537
f 2151/2874 3353/2872 3354/2930
f 2151/2874 3354/2930 2163/2938
f 3355/2732 3356/2600 2193/2616
f 3355/2732 2193/2616 2194/2746
f 3355/2732 2194/2746 2210/2828
f 3355/2732 2210/2828 3357/2810
f 3357/2810 2210/2828 2212/2913
f 3357/2810 2212/2913 3358/2901
f 3359/2957 3358/2901 2212/2913
f 3359/2957 2212/2913 2211/2973
f 2211/2973 2164/2980 3360/2956
f 2211/2973 3360/2956 3359/2957
f 2520/2463 1110/2389 1990/2391
f 2520/2463 1990/2391 2531/2474
f 2448/3418 3361/3519 2502/3539
f 2448/3418 2502/3539 2442/3434
f 3362/3623 2419/3642 2502/3539
f 3362/3623 2502/3539 3361/3519
f 3363/3694 2420/3706 2419/3642
f 3363/3694 2419/3642 3362/3623
f 2421/3755 2420/3706 3363/3694
f 2421/3755 3363/3694 3364/3735
f 2706/3688 3365/3648 3305/3665
f 2706/3688 3305/3665 3298/3705
f 3313/3612 3305/3665 3365/3648
f 3313/3612 3365/3648 3366/3596
f 3292/3548 3313/3612 3366/3596
f 3292/3548 3366/3596 3367/3538
f 2541/3488 3292/3548 3367/3538
f 2541/3488 3367/3538 3368/3482
f 3369/3429 2540/3427 2541/3488
f 3369/3429 2541/3488 3368/3482
f 3162/3377 2540/3427 3369/3429
f 3162/3377 3369/3429 3370/3387
f 3370/3387 3371/3343 3199/3336
f 3370/3387 3199/3336 3162/3377
f 3206/3304 3199/3336 3371/3343
f 3206/3304 3371/3343 3372/3311
f 3194/3266 3206/3304 3372/3311
f 3194/3266 3372/3311 3373/3268
f 3373/3268 3374/3238 3189/3243
f 3373/3268 3189/3243 3194/3266
f 3375/3189 3186/3200 3189/3243
f 3375/3189 3189/3243 3374/3238
f 3375/3189 3376/3150 3177/3174
f 3375/3189 3177/3174 3186/3200
f 3178/3116 3177/3174 3376/3150
f 3178/3116 3376/3150 3377/3098
f 3180/3038 3178/3116 3377/3098
f 3180/3038 3377/3098 3378/3007
f 3378/3007 3379/2916 3181/2933
f 3378/3007 3181/2933 3180/3038
f 3379/2916 3380/2832 3184/2861
f 3379/2916 3184/2861 3181/2933
f 3381/2762 3227/2804 3184/2861
f 3381/2762 3184/2861 3380/2832
f 3382/2703 3153/2766 3227/2804
f 3382/2703 3227/2804 3381/2762
f 3154/2748 3153/2766 3382/2703
f 3154/2748 3382/2703 3383/2667
f 3384/2644 3072/2733 3154/2748
f 3384/2644 3154/2748 3383/2667
f 3385/2636 3069/2728 3072/2733
f 3385/2636 3072/2733 3384/2644
f 3386/2633 3077/2729 3069/2728
f 3386/2633 3069/2728 3385/2636
f 3386/2633 3387/2639 3088/2730
f 3386/2633 3088/2730 3077/2729
f 3092/2716 3088/2730 3387/2639
f 3092/2716 3387/2639 3388/2627
f 3388/2627 3389/2634 2534/2713
f 3388/2627 2534/2713 3092/2716
f 3390/2661 2528/2735 2534/2713
f 3390/2661 2534/2713 3389/2634
f 3391/2717 2525/2786 2528/2735
f 3391/2717 2528/2735 3390/2661
f 3282/2921 2525/2786 3391/2717
f 3282/2921 3391/2717 3392/2796
f 3277/3115 3282/2921 3392/2796
f 3277/3115 3392/2796 3393/2918
f 3278/3252 3277/3115 3393/2918
f 3278/3252 3393/2918 3394/3072
f 3253/3338 3278/3252 3394/3072
f 3253/3338 3394/3072 3395/3178
f 3254/3400 3253/3338 3395/3178
f 3254/3400 3395/3178 3396/3234
f 3346/3403 3254/3400 3396/3234
f 3346/3403 3396/3234 3397/3245
f 2208/2997 2169/3003 2170/2994
f 2208/2997 2170/2994 2205/2991
f 2171/3016 2169/3003 2208/2997
f 2171/3016 2208/2997 2222/3008
f 2172/3033 2171/3016 2222/3008
f 2172/3033 2222/3008 2216/3028
f 2173/3050 2172/3033 2216/3028
f 2173/3050 2216/3028 2217/3045
f 2174/3073 2173/3050 2217/3045
f 2174/3073 2217/3045 2220/3063
f 2806/3105 2174/3073 2220/3063
f 2806/3105 2220/3063 2813/3095
f 2812/3120 2804/3132 2806/3105
f 2812/3120 2806/3105 2813/3095
f 3214/3167 2804/3132 2812/3120
f 3214/3167 2812/3120 3212/3154
f 3374/3238 3169/3235 3216/3194
f 3374/3238 3216/3194 3375/3189
f 3170/3264 3169/3235 3374/3238
f 3170/3264 3374/3238 3373/3268
f 3211/3305 3170/3264 3373/3268
f 3211/3305 3373/3268 3372/3311
f 3201/3337 3211/3305 3372/3311
f 3201/3337 3372/3311 3371/3343
f 3163/3376 3201/3337 3371/3343
f 3163/3376 3371/3343 3370/3387
f 2551/3421 3163/3376 3370/3387
f 2551/3421 3370/3387 3369/3429
f 3368/3482 2550/3470 2551/3421
f 3368/3482 2551/3421 3369/3429
f 3367/3538 3296/3518 2550/3470
f 3367/3538 2550/3470 3368/3482
f 3366/3596 3317/3572 3296/3518
f 3366/3596 3296/3518 3367/3538
f 3365/3648 3246/3624 3317/3572
f 3365/3648 3317/3572 3366/3596
f 2706/3688 2705/3666 3246/3624
f 2706/3688 3246/3624 3365/3648
f 2676/3678 2678/3638 2705/3666
f 2676/3678 2705/3666 2704/3701
f 3396/3234 3255/2951 3348/2963
f 3396/3234 3348/2963 3397/3245
f 3396/3234 3395/3178 3256/2900
f 3396/3234 3256/2900 3255/2951
f 3395/3178 3394/3072 3272/2827
f 3395/3178 3272/2827 3256/2900
f 3273/2757 3272/2827 3394/3072
f 3273/2757 3394/3072 3393/2918
f 3393/2918 3392/2796 3280/2686
f 3393/2918 3280/2686 3273/2757
f 3392/2796 3391/2717 2529/2607
f 3392/2796 2529/2607 3280/2686
f 3391/2717 3390/2661 2530/2569
f 3391/2717 2530/2569 2529/2607
f 3389/2634 2536/2553 2530/2569
f 3389/2634 2530/2569 3390/2661
f 3388/2627 2537/2547 2536/2553
f 3388/2627 2536/2553 3389/2634
f 3387/2639 3082/2549 2537/2547
f 3387/2639 2537/2547 3388/2627
f 3076/2546 3082/2549 3387/2639
f 3076/2546 3387/2639 3386/2633
f 3066/2543 3076/2546 3386/2633
f 3066/2543 3386/2633 3385/2636
f 3067/2550 3066/2543 3385/2636
f 3067/2550 3385/2636 3384/2644
f 3147/2567 3067/2550 3384/2644
f 3147/2567 3384/2644 3383/2667
f 3383/2667 3382/2703 3148/2608
f 3383/2667 3148/2608 3147/2567
f 3228/2705 3148/2608 3382/2703
f 3228/2705 3382/2703 3381/2762
f 3175/2788 3228/2705 3381/2762
f 3175/2788 3381/2762 3380/2832
f 3173/2886 3175/2788 3380/2832
f 3173/2886 3380/2832 3379/2916
f 3378/3007 3171/2977 3173/2886
f 3378/3007 3173/2886 3379/2916
f 2801/3076 3171/2977 3378/3007
f 2801/3076 3378/3007 3377/3098
f 2802/3122 2801/3076 3377/3098
f 2802/3122 3377/3098 3376/3150
f 3376/3150 3375/3189 3212/3154
f 3376/3150 3212/3154 2802/3122
f 3216/3194 3214/3167 3212/3154
f 3216/3194 3212/3154 3375/3189
f 3215/3190 3213/3170 3214/3167
f 3215/3190 3214/3167 3216/3194
f 2805/3136 3213/3170 3221/3162
f 2805/3136 3221/3162 3219/3128
f 2436/3703 2439/3736 2499/3756
f 2436/3703 2499/3756 2437/3721
f 2431/3689 2430/3720 2439/3736
f 2431/3689 2439/3736 2436/3703
f 2423/3672 2425/3702 2430/3720
f 2423/3672 2430/3720 2431/3689
f 2423/3672 2424/3655 2426/3687
f 2423/3672 2426/3687 2425/3702
f 2363/3652 2487/3671 2365/3644
f 2363/3652 2365/3644 2364/3626
f 2369/3601 2360/3628 2363/3652
f 2369/3601 2363/3652 2364/3626
f 3032/3603 2360/3628 2369/3601
f 3032/3603 2369/3601 3031/3579
f 3031/3579 3048/3559 3047/3583
f 3031/3579 3047/3583 3032/3603
f 2283/3536 2279/3564 3047/3583
f 2283/3536 3047/3583 3048/3559
f 2280/3544 2279/3564 2283/3536
f 2280/3544 2283/3536 2282/3521
f 2299/3533 2280/3544 2282/3521
f 2299/3533 2282/3521 2285/3510
f 2291/3520 2299/3533 2285/3510
f 2291/3520 2285/3510 2284/3501
f 2286/3490 2288/3511 2291/3520
f 2286/3490 2291/3520 2284/3501
f 2292/3502 2288/3511 2286/3490
f 2292/3502 2286/3490 2287/3483
f 2320/3479 2292/3502 2287/3483
f 2305/3474 2322/3494 2320/3479
f 2305/3474 2320/3479 3398/3464
f 2306/3442 2305/3474 3398/3464
f 2306/3442 3398/3464 3399/3433
f 2313/3399 2306/3442 3399/3433
f 2313/3399 3399/3433 3400/3390
f 2316/3347 2313/3399 3400/3390
f 2316/3347 3400/3390 3401/3341
f 2318/3290 2316/3347 3401/3341
f 2318/3290 3401/3341 3402/3288
f 3403/3230 2314/3221 2318/3290
f 3403/3230 2318/3290 3402/3288
f 3403/3230 3404/3175 2309/3164
f 3403/3230 2309/3164 2314/3221
f 2310/3101 2309/3164 3404/3175
f 2310/3101 3404/3175 3405/3118
f 2311/3048 2310/3101 3405/3118
f 2311/3048 3405/3118 3406/3071
f 3143/3023 2311/3048 3406/3071
f 3143/3023 3406/3071 3407/3055
f 3364/3735 2500/3771 2497/3787
f 3364/3735 2497/3787 2421/3755
f 2777/3986 2742/3945 2776/3958
f 2777/3986 2776/3958 2778/4004
f 2777/3986 3408/3972 2401/3935
f 2777/3986 2401/3935 2742/3945
f 3409/3932 2394/3912 2401/3935
f 3409/3932 2401/3935 3408/3972
f 3409/3932 3410/3906 2395/3887
f 3409/3932 2395/3887 2394/3912
f 2399/3860 2395/3887 3410/3906
f 2399/3860 3410/3906 3411/3880
f 3411/3880 3412/3846 2411/3827
f 3411/3880 2411/3827 2399/3860
f 3413/3811 2410/3790 2411/3827
f 3413/3811 2411/3827 3412/3846
f 2412/3738 2410/3790 3413/3811
f 2412/3738 3413/3811 3414/3764
f 2494/3669 2412/3738 3414/3764
f 2494/3669 3414/3764 2495/3698
f 2476/3512 2477/3629 2494/3669
f 2476/3512 2494/3669 2488/3560
f 2780/4062 2779/4082 3415/4158
f 2780/4062 3415/4158 3416/4118
f 3052/3375 3051/3461 2374/3459
f 3052/3375 2374/3459 2384/3369
f 2375/3545 2374/3459 3051/3461
f 2375/3545 3051/3461 2370/3537
f 2366/3599 2422/3611 2375/3545
f 2366/3599 2375/3545 2370/3537
f 2424/3655 2422/3611 2366/3599
f 2424/3655 2366/3599 2365/3644
f 2426/3687 2424/3655 2365/3644
f 2426/3687 2365/3644 2487/3671
f 2427/3708 2426/3687 2487/3671
f 2427/3708 2487/3671 2486/3692
f 2762/3700 2766/3723 2427/3708
f 2762/3700 2427/3708 2486/3692
f 2767/3734 2766/3723 2762/3700
f 2767/3734 2762/3700 2765/3710
f 2690/3749 2767/3734 2765/3710
f 2690/3749 2765/3710 2764/3714
f 2763/3719 2689/3752 2690/3749
f 2763/3719 2690/3749 2764/3714
f 2773/3713 2696/3748 2689/3752
f 2773/3713 2689/3752 2763/3719
f 2694/3732 2696/3748 2773/3713
f 2694/3732 2773/3713 2772/3707
f 2774/3695 2691/3716 2694/3732
f 2774/3695 2694/3732 2772/3707
f 2761/3667 2686/3696 2691/3716
f 2761/3667 2691/3716 2774/3695
f 2673/3656 2686/3696 2761/3667
f 2673/3656 2761/3667 2717/3631
f 2717/3631 2716/3574 2674/3610
f 2717/3631 2674/3610 2673/3656
f 2679/3557 2674/3610 2716/3574
f 2679/3557 2716/3574 2722/3492
f 2722/3492 3248/3447 3245/3505
f 2722/3492 3245/3505 2679/3557
f 3310/3467 3245/3505 3248/3447
f 3310/3467 3248/3447 3319/3420
f 3319/3420 3297/3393 3295/3432
f 3319/3420 3295/3432 3310/3467
f 2547/3398 3295/3432 3297/3393
f 2547/3398 3297/3393 2613/3356
f 2544/3355 2547/3398 2613/3356
f 2544/3355 2613/3356 2601/3325
f 2545/3319 2544/3355 2601/3325
f 2545/3319 2601/3325 2590/3285
f 3195/3280 2545/3319 2590/3285
f 3195/3280 2590/3285 2589/3256
f 2589/3256 2853/3214 3157/3255
f 2589/3256 3157/3255 3195/3280
f 2870/3216 3157/3255 2853/3214
f 2870/3216 2853/3214 2866/3185
f 2866/3185 2869/3163 2871/3188
f 2866/3185 2871/3188 2870/3216
f 3165/3171 2871/3188 2869/3163
f 3165/3171 2869/3163 2896/3129
f 2896/3129 3220/3099 3224/3138
f 2896/3129 3224/3138 3165/3171
f 3220/3099 3222/3060 3223/3111
f 3220/3099 3223/3111 3224/3138
f 3218/3025 3217/3080 3223/3111
f 3218/3025 3223/3111 3222/3060
f 2797/2984 2162/3043 3217/3080
f 2797/2984 3217/3080 3218/3025
f 2141/2961 2160/3006 2162/3043
f 2141/2961 2162/3043 2797/2984
f 3052/3375 2384/3369 2353/3274
f 3052/3375 2353/3274 2352/3287
f 2462/2995 2472/3065 2469/2826
f 2462/2995 2469/2826 2457/2781
f 2456/2760 2459/2945 2462/2995
f 2456/2760 2462/2995 2457/2781
f 2456/2760 2485/2749 2484/2915
f 2456/2760 2484/2915 2459/2945
f 2463/2885 2484/2915 2485/2749
f 2463/2885 2485/2749 2465/2726
f 2465/2726 2466/2710 2464/2871
f 2465/2726 2464/2871 2463/2885
f 2467/2855 2464/2871 2466/2710
f 2467/2855 2466/2710 2468/2706
f 2511/2693 2513/2838 2514/2848
f 2511/2693 2514/2848 2512/2701
f 2349/2681 2383/2830 2513/2838
f 2349/2681 2513/2838 2511/2693
f 2381/2985 2380/2998 2383/2830
f 2381/2985 2383/2830 2382/2820
f 3417/3058 2294/3019 2297/3015
f 3417/3058 2297/3015 3418/3054
f 3419/3051 3420/3085 2277/3119
f 3419/3051 2277/3119 2268/3097
f 2835/3004 3421/3029 2267/3084
f 2835/3004 2267/3084 2266/3067
f 2268/3097 2267/3084 3421/3029
f 2268/3097 3421/3029 3419/3051
f 2297/3015 2296/2986 3142/2999
f 2297/3015 3142/2999 3143/3023
f 3418/3054 2297/3015 3143/3023
f 3418/3054 3143/3023 3407/3055
f 3240/2967 2835/3004 2834/2972
f 3240/2967 2834/2972 3242/2934
f 2295/2996 3421/3029 2835/3004
f 2295/2996 2835/3004 3240/2967
f 3419/3051 3421/3029 2295/2996
f 3419/3051 2295/2996 2294/3019
f 3417/3058 3420/3085 3419/3051
f 3417/3058 3419/3051 2294/3019
f 3141/2978 3142/2999 2296/2986
f 2205/2991 2170/2994 2164/2980
f 2205/2991 2164/2980 2211/2973
f 2780/4062 3416/4118 3408/3972
f 2780/4062 3408/3972 2777/3986
f 2750/3875 2753/3907 2738/3903
f 2750/3875 2738/3903 2737/3879
f 2751/3844 2750/3875 2737/3879
f 2751/3844 2737/3879 2736/3856
f 2741/3836 2748/3819 2751/3844
f 2741/3836 2751/3844 2736/3856
f 2749/3797 2748/3819 2741/3836
f 2749/3797 2741/3836 2740/3816
f 2498/3779 2749/3797 2740/3816
f 2498/3779 2740/3816 2501/3795
f 2499/3756 2498/3779 2501/3795
f 2499/3756 2501/3795 2500/3771
f 2437/3721 2499/3756 2500/3771
f 2437/3721 2500/3771 3364/3735
f 3363/3694 2434/3674 2437/3721
f 3363/3694 2437/3721 3364/3735
f 2434/3674 3363/3694 3362/3623
f 2434/3674 3362/3623 2435/3604
f 2435/3604 3362/3623 3361/3519
f 2435/3604 3361/3519 2516/3504
f 2518/3410 2516/3504 3361/3519
f 2518/3410 3361/3519 2448/3418
f 2447/3326 2503/3315 2518/3410
f 2447/3326 2518/3410 2448/3418
f 2446/3206 2504/3199 2503/3315
f 2446/3206 2503/3315 2447/3326
f 2454/3059 2510/3042 2504/3199
f 2454/3059 2504/3199 2446/3206
f 2467/2855 2514/2848 2510/3042
f 2467/2855 2510/3042 2454/3059
f 2514/2848 2467/2855 2468/2706
f 2514/2848 2468/2706 2512/2701
f 2451/2523 2507/2520 2512/2701
f 2451/2523 2512/2701 2468/2706
f 2507/2520 2451/2523 1036/2375
f 2507/2520 1036/2375 1096/2366
f 2052/2323 2152/2452 2122/2457
f 2052/2323 2122/2457 697/2324
f 2053/2328 2072/2451 2152/2452
f 2053/2328 2152/2452 2052/2323
f 2054/2362 2183/2561 2182/2545
f 2054/2362 2182/2545 2055/2358
f 2055/2358 2182/2545 2181/2521
f 2055/2358 2181/2521 770/2354
f 771/2359 2185/2506 2184/2498
f 771/2359 2184/2498 768/2376
f 769/2382 2192/2497 2195/2491
f 769/2382 2195/2491 2056/2388
f 2057/2390 2455/2565 2458/2583
f 2057/2390 2458/2583 2058/2394
f 2058/2394 2458/2583 2470/2610
f 2058/2394 2470/2610 2059/2396
f 1068/2386 2482/2551 2455/2565
f 1068/2386 2455/2565 2057/2390
f 1107/2348 2350/2510 2508/2514
f 1107/2348 2508/2514 1095/2355
f 1905/2393 2532/2496 2531/2474
f 1905/2393 2531/2474 1990/2391
f 700/2329 2126/2518 2796/2515
f 700/2329 2796/2515 1579/2330
f 1761/2368 2809/2573 2183/2561
f 1761/2368 2183/2561 2054/2362
f 2060/2356 2949/2422 2948/2425
f 2060/2356 2948/2425 2061/2352
f 2061/2352 2948/2425 2951/2437
f 2061/2352 2951/2437 1734/2350
f 1538/2339 2945/2472 2943/2507
f 1538/2339 2943/2507 1535/2338
f 1553/2360 2955/2423 2949/2422
f 1553/2360 2949/2422 2060/2356
f 1949/2367 2959/2434 2957/2427
f 1949/2367 2957/2427 1552/2364
f 1582/2341 2978/2440 2982/2429
f 1582/2341 2982/2429 2062/2344
f 2062/2344 2982/2429 2974/2419
f 2062/2344 2974/2419 2063/2347
f 2064/2333 2985/2432 2983/2439
f 2064/2333 2983/2439 2065/2334
f 2065/2334 2983/2439 2979/2441
f 2065/2334 2979/2441 1581/2336
f 2066/2332 2986/2420 2985/2432
f 2066/2332 2985/2432 2064/2333
f 1580/2331 2968/2447 2986/2420
f 1580/2331 2986/2420 2066/2332
f 2063/2347 2974/2419 2973/2417
f 2063/2347 2973/2417 2067/2349
f 1604/2363 2996/2424 2992/2426
f 1604/2363 2992/2426 2068/2365
f 2068/2365 2992/2426 2990/2428
f 2068/2365 2990/2428 1598/2369
f 2067/2349 2973/2417 2995/2415
f 2067/2349 2995/2415 1600/2351
f 1601/2353 2994/2416 2993/2418
f 1601/2353 2993/2418 1602/2357
f 1682/2383 3065/2453 3068/2455
f 1682/2383 3068/2455 2069/2380
f 1691/2385 3081/2460 3073/2456
f 1691/2385 3073/2456 1681/2384
f 1756/2345 3137/2445 2944/2449
f 1756/2345 2944/2449 1537/2342
f 1772/2377 3149/2500 3146/2587
f 1772/2377 3146/2587 1760/2374
f 2069/2380 3068/2455 3150/2466
f 2069/2380 3150/2466 1771/2379
f 1868/2401 3250/2664 3271/2609
f 1868/2401 3271/2609 1906/2398
f 1964/2373 3338/2435 3340/2438
f 1964/2373 3340/2438 1967/2372
f 3422/4234 3423/4248 3424/4170
f 3422/4234 3424/4170 3425/4175
f 3426/4320 3423/4248 3422/4234
f 3426/4320 3422/4234 3427/4298
f 3428/4332 3429/4343 3430/4250
f 3428/4332 3430/4250 3431/4252
f 3432/3995 3433/3975 3434/3939
f 3432/3995 3434/3939 3435/3965
f 3436/4124 3437/4107 3438/4045
f 3436/4124 3438/4045 3439/4074
f 3440/4220 3441/4133 3442/4115
f 3440/4220 3442/4115 3443/4197
f 3441/4133 3444/4144 3445/4070
f 3441/4133 3445/4070 3446/4049
f 3442/4115 3441/4133 3446/4049
f 3442/4115 3446/4049 3447/4028
f 3443/4197 3442/4115 3448/4083
f 3443/4197 3448/4083 3449/4161
f 3442/4115 3447/4028 3450/4003
f 3442/4115 3450/4003 3448/4083
f 3451/4012 3452/3982 3445/4070
f 3451/4012 3445/4070 3453/4087
f 3454/3936 3455/3948 3456/3940
f 3454/3936 3456/3940 3457/3922
f 3458/3970 3459/3950 3452/3982
f 3458/3970 3452/3982 3451/4012
f 3458/3970 3455/3948 3454/3936
f 3458/3970 3454/3936 3459/3950
f 3460/3923 3457/3922 3456/3940
f 3460/3923 3456/3940 3461/3941
f 3450/4003 3462/3971 3463/4024
f 3450/4003 3463/4024 3448/4083
f 3449/4161 3448/4083 3463/4024
f 3449/4161 3463/4024 3464/4105
f 3434/3939 3465/3927 3466/3947
f 3434/3939 3466/3947 3435/3965
f 3465/3927 3460/3923 3461/3941
f 3465/3927 3461/3941 3466/3947
f 3467/4664 3469/4666 3471/4649
f 3467/4664 3471/4649 3472/4647
f 3473/4452 3474/4437 3475/4445
f 3473/4452 3475/4445 3476/4465
f 3477/4419 3475/4445 3474/4437
f 3475/4445 3477/4419 3478/4369
f 3475/4445 3478/4369 3479/4363
f 3480/4442 3481/4434 3482/4451
f 3480/4442 3482/4451 3483/4459
f 3478/4369 3477/4419 3484/4405
f 3478/4369 3484/4405 3485/4365
f 3478/4369 3485/4365 3486/4295
f 3478/4369 3486/4295 3487/4283
f 3473/4452 3488/4457 3489/4444
f 3473/4452 3489/4444 3490/4438
f 3489/4444 3488/4457 3482/4451
f 3489/4444 3482/4451 3491/4441
f 3474/4437 3492/4428 3484/4405
f 3474/4437 3484/4405 3477/4419
f 3473/4452 3490/4438 3492/4428
f 3473/4452 3492/4428 3474/4437
f 3443/4197 3487/4283 3486/4295
f 3443/4197 3486/4295 3440/4220
f 3493/4255 3487/4283 3443/4197
f 3493/4255 3443/4197 3449/4161
f 3479/4363 3478/4369 3487/4283
f 3479/4363 3487/4283 3493/4255
f 3494/4543 3495/4526 3496/4515
f 3494/4543 3496/4515 3497/4539
f 3495/4526 3498/4503 3499/4491
f 3495/4526 3499/4491 3496/4515
f 3500/4576 3501/4560 3502/4557
f 3500/4576 3502/4557 3503/4574
f 3504/4605 3505/4592 3506/4589
f 3504/4605 3506/4589 3507/4602
f 3508/4307 3509/4196 3510/4100
f 3508/4307 3510/4100 3511/4211
f 3508/4307 3479/4363 3493/4255
f 3508/4307 3493/4255 3509/4196
f 3493/4255 3449/4161 3464/4105
f 3493/4255 3464/4105 3509/4196
f 3512/4493 3513/4475 3514/4505
f 3512/4493 3514/4505 3515/4527
f 3516/4463 3517/4443 3513/4475
f 3516/4463 3513/4475 3512/4493
f 3518/4547 3519/4534 3520/4551
f 3518/4547 3520/4551 3521/4567
f 3522/4597 3523/4581 3524/4569
f 3522/4597 3524/4569 3525/4586
f 3526/4587 3523/4581 3522/4597
f 3526/4587 3522/4597 3527/4601
f 3528/4506 3529/4477 3516/4463
f 3528/4506 3516/4463 3512/4493
f 3528/4506 3512/4493 3515/4527
f 3528/4506 3515/4527 3530/4535
f 3531/4570 3532/4552 3518/4547
f 3531/4570 3518/4547 3521/4567
f 3533/4321 3534/4396 3508/4307
f 3533/4321 3508/4307 3511/4211
f 3534/4396 3475/4445 3479/4363
f 3534/4396 3479/4363 3508/4307
f 3535/4639 3536/4656 3538/4659
f 3535/4639 3538/4659 3540/4641
f 3541/4663 3543/4644 3540/4641
f 3541/4663 3540/4641 3538/4659
f 3544/4616 3535/4639 3540/4641
f 3544/4616 3540/4641 3545/4625
f 3540/4641 3543/4644 3546/4628
f 3540/4641 3546/4628 3545/4625
f 3547/4326 3548/4367 3427/4298
f 3547/4326 3427/4298 3549/4264
f 3548/4367 3547/4326 3550/4355
f 3548/4367 3550/4355 3551/4380
f 3552/4408 3548/4367 3551/4380
f 3552/4408 3551/4380 3553/4399
f 3482/4451 3481/4434 3554/4432
f 3482/4451 3554/4432 3491/4441
f 3481/4434 3555/4416 3556/4421
f 3481/4434 3556/4421 3554/4432
f 3476/4465 3557/4467 3488/4457
f 3476/4465 3488/4457 3473/4452
f 3557/4467 3483/4459 3482/4451
f 3557/4467 3482/4451 3488/4457
f 3558/4395 3559/4407 3429/4343
f 3558/4395 3429/4343 3428/4332
f 3560/4385 3426/4320 3427/4298
f 3560/4385 3427/4298 3548/4367
f 3561/4418 3560/4385 3548/4367
f 3561/4418 3548/4367 3552/4408
f 3562/4439 3559/4407 3558/4395
f 3562/4439 3558/4395 3563/4429
f 3564/4435 3534/4396 3533/4321
f 3564/4435 3533/4321 3565/4401
f 3516/4463 3564/4435 3565/4401
f 3516/4463 3565/4401 3517/4443
f 3566/4495 3567/4496 3568/4482
f 3566/4495 3568/4482 3569/4480
f 3570/4483 3571/4462 3572/4454
f 3570/4483 3572/4454 3573/4472
f 3498/4503 3566/4495 3569/4480
f 3498/4503 3569/4480 3499/4491
f 3567/4496 3574/4494 3575/4481
f 3567/4496 3575/4481 3568/4482
f 3574/4494 3570/4483 3573/4472
f 3574/4494 3573/4472 3575/4481
f 3564/4435 3516/4463 3529/4477
f 3564/4435 3529/4477 3475/4445
f 3475/4445 3534/4396 3564/4435
f 3576/3956 3577/4068 3511/4211
f 3576/3956 3511/4211 3510/4100
f 3578/4193 3533/4321 3511/4211
f 3578/4193 3511/4211 3577/4068
f 3579/4658 3536/4656 3535/4639
f 3579/4658 3535/4639 3581/4637
f 3582/4614 3581/4637 3535/4639
f 3582/4614 3535/4639 3544/4616
f 3519/4534 3583/4517 3584/4542
f 3519/4534 3584/4542 3520/4551
f 3585/4460 3586/4486 3514/4505
f 3585/4460 3514/4505 3513/4475
f 3517/4443 3587/4402 3585/4460
f 3517/4443 3585/4460 3513/4475
f 3588/4575 3525/4586 3524/4569
f 3588/4575 3524/4569 3589/4558
f 3565/4401 3533/4321 3578/4193
f 3565/4401 3578/4193 3590/4308
f 3517/4443 3565/4401 3590/4308
f 3517/4443 3590/4308 3587/4402
f 3576/3956 3591/3886 3592/3928
f 3576/3956 3592/3928 3577/4068
f 3593/3801 3594/3850 3592/3928
f 3593/3801 3592/3928 3591/3886
f 3577/4068 3592/3928 3595/3987
f 3577/4068 3595/3987 3578/4193
f 3594/3850 3596/3893 3595/3987
f 3594/3850 3595/3987 3592/3928
f 3597/4122 3590/4308 3578/4193
f 3597/4122 3578/4193 3595/3987
f 3597/4122 3595/3987 3596/3893
f 3597/4122 3596/3893 3598/3937
f 3599/4150 3600/4183 3601/4164
f 3599/4150 3601/4164 3602/4134
f 3603/4188 3601/4164 3600/4183
f 3603/4188 3600/4183 3604/4221
f 3604/4221 3605/4236 3606/4206
f 3604/4221 3606/4206 3603/4188
f 3607/4274 3608/4301 3609/4282
f 3607/4274 3609/4282 3610/4261
f 3611/4288 3612/4317 3608/4301
f 3611/4288 3608/4301 3607/4274
f 3606/4206 3605/4236 3613/4247
f 3606/4206 3613/4247 3614/4219
f 3615/4237 3616/4266 3605/4236
f 3615/4237 3605/4236 3604/4221
f 3617/4296 3618/4291 3619/4268
f 3617/4296 3619/4268 3620/4277
f 3608/4301 3612/4317 3621/4334
f 3608/4301 3621/4334 3622/4315
f 3609/4282 3608/4301 3622/4315
f 3609/4282 3622/4315 3623/4294
f 3613/4247 3605/4236 3616/4266
f 3613/4247 3616/4266 3624/4276
f 3625/4035 3626/4027 3627/4042
f 3627/4042 3628/4046 3625/4035
f 3629/4032 3625/4035 3628/4046
f 3628/4046 3630/4037 3629/4032
f 3631/4026 3629/4032 3630/4037
f 3631/4026 3630/4037 3632/4018
f 3633/4020 3631/4026 3632/4018
f 3632/4018 3634/4010 3633/4020
f 3625/4035 3629/4032 3631/4026
f 3625/4035 3631/4026 3633/4020
f 3635/4378 3636/4390 3637/4377
f 3635/4378 3637/4377 3638/4361
f 3639/4174 3640/4185 3641/4239
f 3639/4174 3641/4239 3642/4230
f 3643/4162 3644/4200 3600/4183
f 3643/4162 3600/4183 3599/4150
f 3645/4304 3646/4347 3647/4330
f 3645/4304 3647/4330 3648/4290
f 3649/4216 3650/4166 3639/4174
f 3649/4216 3639/4174 3642/4230
f 3651/4131 3652/4110 3602/4134
f 3651/4131 3602/4134 3601/4164
f 3615/4237 3604/4221 3600/4183
f 3615/4237 3600/4183 3644/4200
f 3653/4126 3654/4142 3655/4099
f 3653/4126 3655/4099 3656/4101
f 3654/4142 3657/4148 3658/4095
f 3654/4142 3658/4095 3655/4099
f 3659/4103 3660/4167 3661/4195
f 3659/4103 3661/4195 3662/4113
f 3657/4148 3660/4167 3659/4103
f 3657/4148 3659/4103 3658/4095
f 3663/4345 3664/4364 3665/4350
f 3663/4345 3665/4350 3666/4331
f 3638/4361 3637/4377 3664/4364
f 3638/4361 3664/4364 3663/4345
f 3662/4113 3661/4195 3667/4189
f 3662/4113 3667/4189 3668/4130
f 3669/4218 3657/4148 3654/4142
f 3669/4218 3654/4142 3670/4204
f 3669/4218 3671/4235 3660/4167
f 3669/4218 3660/4167 3657/4148
f 3661/4195 3660/4167 3671/4235
f 3661/4195 3671/4235 3672/4259
f 3661/4195 3672/4259 3673/4265
f 3667/4189 3661/4195 3673/4265
f 3667/4189 3673/4265 3549/4264
f 3603/4188 3674/4149 3651/4131
f 3603/4188 3651/4131 3601/4164
f 3607/4274 3642/4230 3641/4239
f 3607/4274 3641/4239 3611/4288
f 3649/4216 3642/4230 3607/4274
f 3649/4216 3607/4274 3610/4261
f 3675/4314 3676/4273 3648/4290
f 3675/4314 3648/4290 3647/4330
f 3647/4330 3638/4361 3663/4345
f 3647/4330 3663/4345 3675/4314
f 3677/4370 3678/4356 3665/4350
f 3677/4370 3665/4350 3664/4364
f 3664/4364 3637/4377 3679/4383
f 3664/4364 3679/4383 3677/4370
f 3680/4394 3679/4383 3637/4377
f 3680/4394 3637/4377 3636/4390
f 3615/4237 3644/4200 3649/4216
f 3615/4237 3649/4216 3610/4261
f 3644/4200 3643/4162 3650/4166
f 3644/4200 3650/4166 3649/4216
f 3654/4142 3681/4159 3682/4207
f 3654/4142 3682/4207 3670/4204
f 3681/4159 3654/4142 3653/4126
f 3653/4126 3683/4140 3681/4159
f 3646/4347 3635/4378 3638/4361
f 3646/4347 3638/4361 3647/4330
f 3652/4110 3651/4131 3684/4091
f 3684/4091 3685/4075 3652/4110
f 3686/4056 3687/4076 3685/4075
f 3686/4056 3685/4075 3688/4050
f 3628/4046 3627/4042 3689/4054
f 3628/4046 3689/4054 3686/4056
f 3630/4037 3628/4046 3686/4056
f 3630/4037 3686/4056 3688/4050
f 3632/4018 3630/4037 3688/4050
f 3632/4018 3688/4050 3690/4009
f 3634/4010 3632/4018 3690/4009
f 3634/4010 3690/4009 3691/3996
f 3668/4130 3667/4189 3692/4184
f 3668/4130 3692/4184 3693/4157
f 3694/4213 3422/4234 3425/4175
f 3694/4213 3425/4175 3695/4176
f 3549/4264 3694/4213 3692/4184
f 3549/4264 3692/4184 3667/4189
f 3549/4264 3427/4298 3422/4234
f 3549/4264 3422/4234 3694/4213
f 3674/4149 3696/4106 3684/4091
f 3674/4149 3684/4091 3651/4131
f 3666/4331 3697/4300 3675/4314
f 3666/4331 3675/4314 3663/4345
f 3698/4323 3699/4272 3700/4289
f 3698/4323 3700/4289 3701/4348
f 3702/4257 3699/4272 3698/4323
f 3702/4257 3698/4323 3645/4304
f 3703/4392 3704/4371 3705/4391
f 3703/4392 3705/4391 3706/4415
f 3707/4055 3659/4103 3662/4113
f 3707/4055 3662/4113 3708/4058
f 3484/4405 3705/4391 3701/4348
f 3484/4405 3701/4348 3485/4365
f 3485/4365 3701/4348 3700/4289
f 3485/4365 3700/4289 3486/4295
f 3709/4008 3710/3981 3711/3998
f 3709/4008 3711/3998 3712/4023
f 3713/4406 3636/4390 3635/4378
f 3713/4406 3635/4378 3703/4392
f 3714/4425 3713/4406 3703/4392
f 3714/4425 3703/4392 3706/4415
f 3709/4008 3432/3995 3435/3965
f 3709/4008 3435/3965 3710/3981
f 3715/4427 3489/4444 3491/4441
f 3715/4427 3491/4441 3716/4426
f 3714/4425 3490/4438 3489/4444
f 3714/4425 3489/4444 3715/4427
f 3715/4427 3717/4410 3713/4406
f 3715/4427 3713/4406 3714/4425
f 3717/4410 3680/4394 3636/4390
f 3717/4410 3636/4390 3713/4406
f 3714/4425 3706/4415 3492/4428
f 3714/4425 3492/4428 3490/4438
f 3648/4290 3718/4238 3702/4257
f 3648/4290 3702/4257 3645/4304
f 3719/3969 3720/3980 3721/3967
f 3719/3969 3721/3967 3722/3961
f 3723/3992 3724/3990 3725/3977
f 3725/3977 3726/3983 3723/3992
f 3704/4371 3698/4323 3701/4348
f 3704/4371 3701/4348 3705/4391
f 3703/4392 3635/4378 3646/4347
f 3703/4392 3646/4347 3704/4371
f 3698/4323 3704/4371 3646/4347
f 3698/4323 3646/4347 3645/4304
f 3706/4415 3705/4391 3484/4405
f 3706/4415 3484/4405 3492/4428
f 3453/4087 3727/4092 3728/4031
f 3453/4087 3728/4031 3451/4012
f 3439/4074 3668/4130 3693/4157
f 3439/4074 3693/4157 3436/4124
f 3668/4130 3439/4074 3708/4058
f 3668/4130 3708/4058 3662/4113
f 3624/4276 3623/4294 3617/4296
f 3624/4276 3617/4296 3620/4277
f 3609/4282 3616/4266 3615/4237
f 3609/4282 3615/4237 3610/4261
f 3616/4266 3609/4282 3623/4294
f 3616/4266 3623/4294 3624/4276
f 3451/4012 3728/4031 3729/3985
f 3451/4012 3729/3985 3458/3970
f 3730/3962 3455/3948 3458/3970
f 3730/3962 3458/3970 3729/3985
f 3731/4271 3732/4267 3733/4243
f 3731/4271 3733/4243 3734/4245
f 3682/4207 3735/4251 3736/4262
f 3682/4207 3736/4262 3670/4204
f 3737/4209 3738/4214 3733/4243
f 3737/4209 3733/4243 3739/4246
f 3671/4235 3669/4218 3740/4270
f 3671/4235 3740/4270 3741/4286
f 3741/4286 3742/4303 3672/4259
f 3741/4286 3672/4259 3671/4235
f 3742/4303 3743/4312 3673/4265
f 3742/4303 3673/4265 3672/4259
f 3743/4312 3547/4326 3549/4264
f 3743/4312 3549/4264 3673/4265
f 3670/4204 3736/4262 3740/4270
f 3670/4204 3740/4270 3669/4218
f 3744/4342 3745/4359 3746/4335
f 3744/4342 3746/4335 3747/4319
f 3748/4349 3746/4335 3745/4359
f 3748/4349 3745/4359 3749/4374
f 3744/4342 3747/4319 3750/4302
f 3744/4342 3750/4302 3751/4324
f 3752/4292 3753/4311 3751/4324
f 3752/4292 3751/4324 3750/4302
f 3749/4374 3551/4380 3550/4355
f 3749/4374 3550/4355 3748/4349
f 3736/4262 3752/4292 3750/4302
f 3736/4262 3750/4302 3740/4270
f 3747/4319 3746/4335 3742/4303
f 3747/4319 3742/4303 3741/4286
f 3746/4335 3748/4349 3743/4312
f 3746/4335 3743/4312 3742/4303
f 3747/4319 3741/4286 3740/4270
f 3747/4319 3740/4270 3750/4302
f 3748/4349 3550/4355 3547/4326
f 3748/4349 3547/4326 3743/4312
f 3739/4246 3733/4243 3732/4267
f 3739/4246 3732/4267 3754/4275
f 3735/4251 3755/4281 3752/4292
f 3735/4251 3752/4292 3736/4262
f 3752/4292 3755/4281 3756/4299
f 3752/4292 3756/4299 3753/4311
f 3731/4271 3757/4287 3754/4275
f 3731/4271 3754/4275 3732/4267
f 3758/4393 3759/4381 3679/4383
f 3758/4393 3679/4383 3680/4394
f 3760/4354 3678/4356 3677/4370
f 3760/4354 3677/4370 3761/4368
f 3758/4393 3680/4394 3717/4410
f 3758/4393 3717/4410 3762/4411
f 3716/4426 3762/4411 3717/4410
f 3716/4426 3717/4410 3715/4427
f 3763/4305 3764/4279 3618/4291
f 3763/4305 3618/4291 3765/4313
f 3766/4422 3716/4426 3491/4441
f 3766/4422 3491/4441 3554/4432
f 3767/4338 3768/4329 3763/4305
f 3767/4338 3763/4305 3765/4313
f 3769/4389 3770/4376 3759/4381
f 3769/4389 3759/4381 3758/4393
f 3771/4404 3769/4389 3758/4393
f 3771/4404 3758/4393 3762/4411
f 3771/4404 3762/4411 3716/4426
f 3771/4404 3716/4426 3766/4422
f 3772/4269 3764/4279 3763/4305
f 3772/4269 3763/4305 3773/4293
f 3769/4389 3774/4382 3775/4366
f 3769/4389 3775/4366 3770/4376
f 3768/4329 3776/4316 3773/4293
f 3768/4329 3773/4293 3763/4305
f 3774/4382 3769/4389 3771/4404
f 3774/4382 3771/4404 3777/4398
f 3766/4422 3778/4412 3777/4398
f 3766/4422 3777/4398 3771/4404
f 3778/4412 3766/4422 3554/4432
f 3778/4412 3554/4432 3556/4421
f 3779/4278 3731/4271 3734/4245
f 3779/4278 3734/4245 3780/4253
f 3779/4278 3781/4297 3757/4287
f 3779/4278 3757/4287 3731/4271
f 3782/4375 3745/4359 3744/4342
f 3782/4375 3744/4342 3783/4357
f 3745/4359 3782/4375 3784/4388
f 3745/4359 3784/4388 3749/4374
f 3744/4342 3751/4324 3785/4339
f 3744/4342 3785/4339 3783/4357
f 3749/4374 3784/4388 3553/4399
f 3749/4374 3553/4399 3551/4380
f 3786/4263 3772/4269 3773/4293
f 3786/4263 3773/4293 3787/4284
f 3776/4316 3788/4306 3787/4284
f 3776/4316 3787/4284 3773/4293
f 3777/4398 3789/4387 3790/4372
f 3777/4398 3790/4372 3774/4382
f 3774/4382 3790/4372 3791/4352
f 3774/4382 3791/4352 3775/4366
f 3789/4387 3777/4398 3778/4412
f 3789/4387 3778/4412 3792/4400
f 3792/4400 3778/4412 3556/4421
f 3792/4400 3556/4421 3555/4416
f 3730/3962 3793/3973 3794/3960
f 3730/3962 3794/3960 3795/3949
f 3722/3961 3796/3953 3795/3949
f 3722/3961 3795/3949 3794/3960
f 3793/3973 3729/3985 3797/4013
f 3793/3973 3797/4013 3798/3994
f 3793/3973 3730/3962 3729/3985
f 3796/3953 3461/3941 3456/3940
f 3796/3953 3456/3940 3795/3949
f 3455/3948 3730/3962 3795/3949
f 3455/3948 3795/3949 3456/3940
f 3729/3985 3728/4031 3799/4051
f 3729/3985 3799/4051 3797/4013
f 3727/4092 3453/4087 3800/4152
f 3727/4092 3800/4152 3801/4151
f 3444/4144 3800/4152 3453/4087
f 3444/4144 3453/4087 3445/4070
f 3440/4220 3802/4223 3444/4144
f 3440/4220 3444/4144 3441/4133
f 3803/4210 3800/4152 3444/4144
f 3803/4210 3444/4144 3802/4223
f 3803/4210 3804/4201 3801/4151
f 3803/4210 3801/4151 3800/4152
f 3486/4295 3700/4289 3802/4223
f 3486/4295 3802/4223 3440/4220
f 3700/4289 3699/4272 3803/4210
f 3700/4289 3803/4210 3802/4223
f 3699/4272 3702/4257 3804/4201
f 3699/4272 3804/4201 3803/4210
f 3805/4190 3804/4201 3702/4257
f 3805/4190 3702/4257 3718/4238
f 3806/4226 3676/4273 3807/4260
f 3806/4226 3807/4260 3808/4203
f 3676/4273 3675/4314 3697/4300
f 3676/4273 3697/4300 3807/4260
f 3809/4043 3797/4013 3799/4051
f 3799/4051 3810/4063 3809/4043
f 3811/4127 3812/4114 3813/4079
f 3811/4127 3813/4079 3814/4089
f 3805/4190 3718/4238 3806/4226
f 3805/4190 3806/4226 3815/4172
f 3805/4190 3815/4172 3811/4127
f 3805/4190 3811/4127 3816/4141
f 3718/4238 3648/4290 3676/4273
f 3718/4238 3676/4273 3806/4226
f 3728/4031 3727/4092 3817/4093
f 3728/4031 3817/4093 3799/4051
f 3727/4092 3801/4151 3816/4141
f 3727/4092 3816/4141 3817/4093
f 3804/4201 3805/4190 3816/4141
f 3804/4201 3816/4141 3801/4151
f 3799/4051 3817/4093 3814/4089
f 3799/4051 3814/4089 3810/4063
f 3816/4141 3811/4127 3814/4089
f 3816/4141 3814/4089 3817/4093
f 3759/4381 3761/4368 3677/4370
f 3759/4381 3677/4370 3679/4383
f 3759/4381 3770/4376 3818/4362
f 3759/4381 3818/4362 3761/4368
f 3775/4366 3819/4351 3818/4362
f 3775/4366 3818/4362 3770/4376
f 3785/4339 3751/4324 3753/4311
f 3785/4339 3753/4311 3820/4325
f 3775/4366 3791/4352 3821/4336
f 3775/4366 3821/4336 3819/4351
f 3822/4333 3819/4351 3821/4336
f 3822/4333 3821/4336 3823/4322
f 3820/4325 3753/4311 3756/4299
f 3820/4325 3756/4299 3824/4310
f 3825/4346 3760/4354 3761/4368
f 3825/4346 3761/4368 3818/4362
f 3825/4346 3818/4362 3819/4351
f 3825/4346 3819/4351 3822/4333
f 3620/4277 3826/4249 3613/4247
f 3620/4277 3613/4247 3624/4276
f 3613/4247 3826/4249 3827/4224
f 3613/4247 3827/4224 3614/4219
f 3828/4119 3696/4106 3674/4149
f 3828/4119 3674/4149 3829/4165
f 3603/4188 3606/4206 3829/4165
f 3603/4188 3829/4165 3674/4149
f 3737/4209 3830/4171 3831/4178
f 3737/4209 3831/4178 3738/4214
f 3831/4178 3832/4192 3833/4222
f 3831/4178 3833/4222 3738/4214
f 3830/4171 3834/4143 3835/4155
f 3830/4171 3835/4155 3831/4178
f 3764/4279 3836/4244 3619/4268
f 3764/4279 3619/4268 3618/4291
f 3764/4279 3772/4269 3837/4241
f 3764/4279 3837/4241 3836/4244
f 3738/4214 3833/4222 3734/4245
f 3738/4214 3734/4245 3733/4243
f 3835/4155 3834/4143 3838/4123
f 3835/4155 3838/4123 3839/4137
f 3839/4137 3840/4154 3841/4169
f 3839/4137 3841/4169 3835/4155
f 3832/4192 3841/4169 3842/4181
f 3832/4192 3842/4181 3843/4202
f 3831/4178 3835/4155 3841/4169
f 3831/4178 3841/4169 3832/4192
f 3833/4222 3844/4228 3780/4253
f 3833/4222 3780/4253 3734/4245
f 3833/4222 3832/4192 3843/4202
f 3833/4222 3843/4202 3844/4228
f 3786/4263 3845/4233 3837/4241
f 3786/4263 3837/4241 3772/4269
f 3845/4233 3846/4217 3847/4232
f 3845/4233 3847/4232 3837/4241
f 3848/4198 3849/4225 3847/4232
f 3848/4198 3847/4232 3846/4217
f 3836/4244 3837/4241 3847/4232
f 3847/4232 3849/4225 3836/4244
f 3850/4318 3765/4313 3618/4291
f 3850/4318 3618/4291 3617/4296
f 3767/4338 3765/4313 3850/4318
f 3767/4338 3850/4318 3851/4340
f 3617/4296 3623/4294 3622/4315
f 3617/4296 3622/4315 3850/4318
f 3621/4334 3851/4340 3850/4318
f 3621/4334 3850/4318 3622/4315
f 3839/4137 3852/4117 3853/4132
f 3839/4137 3853/4132 3840/4154
f 3840/4154 3853/4132 3854/4146
f 3840/4154 3854/4146 3855/4168
f 3856/4240 3857/4215 3827/4224
f 3856/4240 3827/4224 3826/4249
f 3858/4179 3859/4205 3860/4182
f 3858/4179 3860/4182 3861/4163
f 3849/4225 3848/4198 3860/4182
f 3849/4225 3860/4182 3859/4205
f 3841/4169 3840/4154 3855/4168
f 3841/4169 3855/4168 3842/4181
f 3620/4277 3619/4268 3856/4240
f 3620/4277 3856/4240 3826/4249
f 3852/4117 3839/4137 3838/4123
f 3852/4117 3838/4123 3862/4109
f 3853/4132 3863/4111 3864/4120
f 3853/4132 3864/4120 3854/4146
f 3852/4117 3865/4097 3863/4111
f 3852/4117 3863/4111 3853/4132
f 3866/3999 3867/3984 3720/3980
f 3866/3999 3720/3980 3724/3990
f 3866/3999 3724/3990 3868/4017
f 3869/4029 3711/3998 3867/3984
f 3869/4029 3867/3984 3866/3999
f 3869/4029 3866/3999 3868/4017
f 3869/4029 3868/4017 3870/4052
f 3719/3969 3722/3961 3794/3960
f 3719/3969 3794/3960 3871/3968
f 3793/3973 3798/3994 3871/3968
f 3793/3973 3871/3968 3794/3960
f 3690/4009 3688/4050 3685/4075
f 3690/4009 3685/4075 3872/4036
f 3691/3996 3690/4009 3723/3992
f 3691/3996 3723/3992 3726/3983
f 3690/4009 3872/4036 3873/4014
f 3873/4014 3874/4001 3723/3992
f 3873/4014 3723/3992 3690/4009
f 3724/3990 3723/3992 3874/4001
f 3724/3990 3874/4001 3875/4007
f 3868/4017 3724/3990 3875/4007
f 3868/4017 3875/4007 3876/4039
f 3873/4014 3872/4036 3877/4053
f 3873/4014 3877/4053 3878/4025
f 3870/4052 3868/4017 3876/4039
f 3870/4052 3876/4039 3879/4067
f 3878/4025 3877/4053 3880/4059
f 3872/4036 3685/4075 3684/4091
f 3872/4036 3684/4091 3877/4053
f 3880/4059 3696/4106 3828/4119
f 3880/4059 3828/4119 3881/4086
f 3696/4106 3880/4059 3877/4053
f 3696/4106 3877/4053 3684/4091
f 3656/4101 3655/4099 3882/4073
f 3656/4101 3882/4073 3883/4084
f 3884/4061 3882/4073 3655/4099
f 3884/4061 3655/4099 3658/4095
f 3707/4055 3884/4061 3658/4095
f 3707/4055 3658/4095 3659/4103
f 3852/4117 3862/4109 3885/4085
f 3852/4117 3885/4085 3865/4097
f 3711/3998 3869/4029 3886/4044
f 3711/3998 3886/4044 3712/4023
f 3869/4029 3887/4069 3888/4066
f 3869/4029 3888/4066 3886/4044
f 3885/4085 3888/4066 3887/4069
f 3885/4085 3887/4069 3865/4097
f 3858/4179 3889/4199 3890/4229
f 3858/4179 3890/4229 3859/4205
f 3836/4244 3849/4225 3859/4205
f 3836/4244 3859/4205 3890/4229
f 3856/4240 3890/4229 3889/4199
f 3856/4240 3889/4199 3857/4215
f 3836/4244 3890/4229 3856/4240
f 3836/4244 3856/4240 3619/4268
f 3815/4172 3891/4156 3812/4114
f 3815/4172 3812/4114 3811/4127
f 3809/4043 3810/4063 3814/4089
f 3809/4043 3814/4089 3813/4079
f 3643/4162 3599/4150 3892/4116
f 3643/4162 3892/4116 3893/4121
f 3643/4162 3893/4121 3894/4125
f 3643/4162 3894/4125 3650/4166
f 3640/4185 3639/4174 3895/4128
f 3640/4185 3895/4128 3896/4139
f 3815/4172 3806/4226 3808/4203
f 3815/4172 3808/4203 3891/4156
f 3893/4121 3892/4116 3897/4088
f 3893/4121 3897/4088 3898/4102
f 3797/4013 3809/4043 3798/3994
f 3719/3969 3725/3977 3724/3990
f 3719/3969 3724/3990 3720/3980
f 3871/3968 3899/3976 3725/3977
f 3871/3968 3725/3977 3719/3969
f 3798/3994 3900/3997 3899/3976
f 3798/3994 3899/3976 3871/3968
f 3687/4076 3686/4056 3689/4054
f 3687/4076 3689/4054 3901/4057
f 3691/3996 3726/3983 3902/3989
f 3691/3996 3902/3989 3903/4002
f 3899/3976 3902/3989 3726/3983
f 3726/3983 3725/3977 3899/3976
f 3633/4020 3904/4019 3626/4027
f 3633/4020 3626/4027 3625/4035
f 3900/3997 3905/4006 3902/3989
f 3902/3989 3899/3976 3900/3997
f 3902/3989 3905/4006 3906/4015
f 3902/3989 3906/4015 3903/4002
f 3626/4027 3907/4022 3908/4038
f 3626/4027 3908/4038 3627/4042
f 3909/4034 3908/4038 3907/4022
f 3906/4015 3909/4034 3907/4022
f 3906/4015 3907/4022 3903/4002
f 3689/4054 3627/4042 3908/4038
f 3689/4054 3908/4038 3909/4034
f 3909/4034 3910/4040 3901/4057
f 3909/4034 3901/4057 3689/4054
f 3909/4034 3906/4015 3905/4006
f 3909/4034 3905/4006 3910/4040
f 3911/4108 3912/4078 3897/4088
f 3911/4108 3897/4088 3892/4116
f 3652/4110 3913/4090 3911/4108
f 3652/4110 3911/4108 3602/4134
f 3652/4110 3685/4075 3687/4076
f 3652/4110 3687/4076 3913/4090
f 3602/4134 3911/4108 3892/4116
f 3602/4134 3892/4116 3599/4150
f 3687/4076 3901/4057 3914/4064
f 3687/4076 3914/4064 3913/4090
f 3911/4108 3913/4090 3914/4064
f 3911/4108 3914/4064 3912/4078
f 3915/4011 3634/4010 3691/3996
f 3915/4011 3691/3996 3903/4002
f 3634/4010 3915/4011 3904/4019
f 3634/4010 3904/4019 3633/4020
f 3626/4027 3904/4019 3915/4011
f 3626/4027 3915/4011 3907/4022
f 3907/4022 3915/4011 3903/4002
f 3916/4071 3917/4098 3898/4102
f 3916/4071 3898/4102 3897/4088
f 3898/4102 3917/4098 3894/4125
f 3898/4102 3894/4125 3893/4121
f 3918/4041 3914/4064 3901/4057
f 3918/4041 3901/4057 3910/4040
f 3919/4047 3912/4078 3914/4064
f 3914/4064 3918/4041 3919/4047
f 3919/4047 3916/4071 3897/4088
f 3919/4047 3897/4088 3912/4078
f 3900/3997 3918/4041 3910/4040
f 3900/3997 3910/4040 3905/4006
f 3650/4166 3894/4125 3895/4128
f 3650/4166 3895/4128 3639/4174
f 3895/4128 3894/4125 3917/4098
f 3895/4128 3917/4098 3920/4096
f 3921/4065 3920/4096 3917/4098
f 3921/4065 3917/4098 3916/4071
f 3922/4033 3919/4047 3900/3997
f 3922/4033 3900/3997 3798/3994
f 3919/4047 3918/4041 3900/3997
f 3922/4033 3921/4065 3916/4071
f 3922/4033 3916/4071 3919/4047
f 3798/3994 3809/4043 3923/4048
f 3798/3994 3923/4048 3922/4033
f 3924/4072 3925/4104 3920/4096
f 3924/4072 3920/4096 3921/4065
f 3924/4072 3921/4065 3922/4033
f 3924/4072 3922/4033 3923/4048
f 3925/4104 3896/4139 3895/4128
f 3925/4104 3895/4128 3920/4096
f 3710/3981 3926/3966 3867/3984
f 3710/3981 3867/3984 3711/3998
f 3466/3947 3926/3966 3710/3981
f 3466/3947 3710/3981 3435/3965
f 3461/3941 3796/3953 3926/3966
f 3461/3941 3926/3966 3466/3947
f 3867/3984 3926/3966 3721/3967
f 3867/3984 3721/3967 3720/3980
f 3796/3953 3722/3961 3721/3967
f 3796/3953 3721/3967 3926/3966
f 3927/4094 3864/4120 3863/4111
f 3927/4094 3863/4111 3928/4080
f 3863/4111 3865/4097 3887/4069
f 3863/4111 3887/4069 3928/4080
f 3870/4052 3879/4067 3927/4094
f 3870/4052 3927/4094 3928/4080
f 3887/4069 3869/4029 3870/4052
f 3887/4069 3870/4052 3928/4080
f 3881/4086 3828/4119 3929/4147
f 3881/4086 3929/4147 3930/4112
f 3828/4119 3829/4165 3931/4177
f 3828/4119 3931/4177 3929/4147
f 3932/4173 3889/4199 3858/4179
f 3932/4173 3858/4179 3933/4160
f 3861/4163 3934/4138 3933/4160
f 3861/4163 3933/4160 3858/4179
f 3930/4112 3929/4147 3933/4160
f 3930/4112 3933/4160 3934/4138
f 3606/4206 3614/4219 3931/4177
f 3606/4206 3931/4177 3829/4165
f 3931/4177 3614/4219 3827/4224
f 3931/4177 3827/4224 3935/4194
f 3889/4199 3932/4173 3936/4180
f 3889/4199 3936/4180 3857/4215
f 3857/4215 3936/4180 3935/4194
f 3857/4215 3935/4194 3827/4224
f 3929/4147 3936/4180 3932/4173
f 3932/4173 3933/4160 3929/4147
f 3929/4147 3931/4177 3935/4194
f 3929/4147 3935/4194 3936/4180
f 3813/4079 3924/4072 3923/4048
f 3813/4079 3923/4048 3809/4043
f 3813/4079 3812/4114 3925/4104
f 3813/4079 3925/4104 3924/4072
f 3812/4114 3891/4156 3896/4139
f 3812/4114 3896/4139 3925/4104
f 3808/4203 3640/4185 3896/4139
f 3808/4203 3896/4139 3891/4156
f 3641/4239 3640/4185 3808/4203
f 3641/4239 3808/4203 3807/4260
f 3611/4288 3641/4239 3807/4260
f 3611/4288 3807/4260 3697/4300
f 3697/4300 3666/4331 3612/4317
f 3697/4300 3612/4317 3611/4288
f 3621/4334 3612/4317 3666/4331
f 3621/4334 3666/4331 3665/4350
f 3665/4350 3678/4356 3851/4340
f 3665/4350 3851/4340 3621/4334
f 3760/4354 3767/4338 3851/4340
f 3760/4354 3851/4340 3678/4356
f 3760/4354 3825/4346 3768/4329
f 3760/4354 3768/4329 3767/4338
f 3825/4346 3822/4333 3776/4316
f 3825/4346 3776/4316 3768/4329
f 3822/4333 3823/4322 3788/4306
f 3822/4333 3788/4306 3776/4316
f 3757/4287 3781/4297 3824/4310
f 3757/4287 3824/4310 3756/4299
f 3754/4275 3757/4287 3756/4299
f 3754/4275 3756/4299 3755/4281
f 3735/4251 3739/4246 3754/4275
f 3735/4251 3754/4275 3755/4281
f 3682/4207 3737/4209 3739/4246
f 3682/4207 3739/4246 3735/4251
f 3682/4207 3681/4159 3830/4171
f 3682/4207 3830/4171 3737/4209
f 3681/4159 3683/4140 3834/4143
f 3681/4159 3834/4143 3830/4171
f 3838/4123 3834/4143 3683/4140
f 3838/4123 3683/4140 3653/4126
f 3862/4109 3838/4123 3653/4126
f 3862/4109 3653/4126 3656/4101
f 3885/4085 3862/4109 3656/4101
f 3885/4085 3656/4101 3883/4084
f 3883/4084 3882/4073 3888/4066
f 3883/4084 3888/4066 3885/4085
f 3886/4044 3888/4066 3882/4073
f 3886/4044 3882/4073 3884/4061
f 3712/4023 3886/4044 3884/4061
f 3712/4023 3884/4061 3707/4055
f 3708/4058 3709/4008 3712/4023
f 3708/4058 3712/4023 3707/4055
f 3708/4058 3439/4074 3432/3995
f 3708/4058 3432/3995 3709/4008
f 3439/4074 3438/4045 3433/3975
f 3439/4074 3433/3975 3432/3995
f 3693/4157 3692/4184 3694/4213
f 3693/4157 3694/4213 3695/4176
f 3436/4124 3693/4157 3695/4176
f 3436/4124 3695/4176 3425/4175
f 3425/4175 3424/4170 3437/4107
f 3425/4175 3437/4107 3436/4124
f 3502/4557 3501/4560 3494/4543
f 3502/4557 3494/4543 3497/4539
f 3518/4547 3532/4552 3530/4535
f 3518/4547 3530/4535 3515/4527
f 3515/4527 3514/4505 3519/4534
f 3515/4527 3519/4534 3518/4547
f 3514/4505 3586/4486 3583/4517
f 3514/4505 3583/4517 3519/4534
f 3506/4589 3505/4592 3500/4576
f 3506/4589 3500/4576 3503/4574
f 3531/4570 3521/4567 3523/4581
f 3531/4570 3523/4581 3526/4587
f 3524/4569 3523/4581 3521/4567
f 3524/4569 3521/4567 3520/4551
f 3589/4558 3524/4569 3520/4551
f 3589/4558 3520/4551 3584/4542
f 3472/4647 3471/4649 3937/4633
f 3472/4647 3937/4633 3938/4631
f 3939/4590 3940/4600 3525/4586
f 3939/4590 3525/4586 3588/4575
f 3941/4611 3522/4597 3525/4586
f 3941/4611 3525/4586 3940/4600
f 3527/4601 3522/4597 3941/4611
f 3527/4601 3941/4611 3942/4615
f 3943/4619 3504/4605 3507/4602
f 3943/4619 3507/4602 3944/4618
f 3582/4614 3544/4616 3940/4600
f 3582/4614 3940/4600 3939/4590
f 3545/4625 3941/4611 3940/4600
f 3545/4625 3940/4600 3544/4616
f 3942/4615 3941/4611 3545/4625
f 3942/4615 3545/4625 3546/4628
f 3937/4633 3943/4619 3944/4618
f 3937/4633 3944/4618 3938/4631
f 3945/503 3946/561 3947/566
f 3945/503 3947/566 3948/488
f 3949/413 3950/438 3945/503
f 3949/413 3945/503 3948/488
f 3951/401 3952/484 3953/487
f 3951/401 3953/487 3954/393
f 3955/741 3956/772 3957/797
f 3955/741 3957/797 3958/759
f 3959/611 3960/660 3961/688
f 3959/611 3961/688 3962/629
f 3963/519 3964/541 3965/624
f 3963/519 3965/624 3966/604
f 3966/604 3967/692 3968/666
f 3966/604 3968/666 3969/592
f 3965/624 3970/709 3967/692
f 3965/624 3967/692 3966/604
f 3964/541 3971/579 3972/655
f 3964/541 3972/655 3965/624
f 3965/624 3972/655 3973/736
f 3965/624 3973/736 3970/709
f 3974/728 3975/653 3968/666
f 3974/728 3968/666 3976/752
f 3977/800 3978/814 3979/798
f 3977/800 3979/798 3980/788
f 3981/768 3974/728 3976/752
f 3981/768 3976/752 3982/785
f 3981/768 3982/785 3977/800
f 3981/768 3977/800 3980/788
f 3983/813 3984/795 3979/798
f 3983/813 3979/798 3978/814
f 3973/736 3972/655 3985/716
f 3973/736 3985/716 3986/765
f 3971/579 3987/635 3985/716
f 3971/579 3985/716 3972/655
f 3957/797 3956/772 3988/789
f 3957/797 3988/789 3989/808
f 3989/808 3988/789 3984/795
f 3989/808 3984/795 3983/813
f 3468/72 3990/89 3991/88
f 3468/72 3991/88 3470/71
f 3992/285 3993/271 3994/289
f 3992/285 3994/289 3995/299
f 3996/318 3995/299 3994/289
f 3994/289 3997/376 3998/367
f 3994/289 3998/367 3996/318
f 3999/293 4000/276 4001/286
f 3999/293 4001/286 4002/301
f 3998/367 4003/372 4004/330
f 3998/367 4004/330 3996/318
f 3998/367 4005/454 4006/443
f 3998/367 4006/443 4003/372
f 3992/285 4007/298 4008/288
f 3992/285 4008/288 4009/279
f 4008/288 4010/294 4001/286
f 4008/288 4001/286 4009/279
f 3995/299 3996/318 4004/330
f 3995/299 4004/330 4011/308
f 3992/285 3995/299 4011/308
f 3992/285 4011/308 4007/298
f 3964/541 3963/519 4006/443
f 3964/541 4006/443 4005/454
f 4012/485 3971/579 3964/541
f 4012/485 3964/541 4005/454
f 3997/376 4012/485 4005/454
f 3997/376 4005/454 3998/367
f 4013/209 4014/192 4015/197
f 4013/209 4015/197 4016/221
f 4017/235 4013/209 4016/221
f 4017/235 4016/221 4018/246
f 4019/176 4020/160 4021/162
f 4019/176 4021/162 4022/179
f 4023/144 4024/130 4025/133
f 4023/144 4025/133 4026/147
f 4027/431 4028/526 4029/643
f 4027/431 4029/643 4030/542
f 4027/431 4030/542 4012/485
f 4027/431 4012/485 3997/376
f 4012/485 4030/542 3987/635
f 4012/485 3987/635 3971/579
f 4031/245 4032/210 4033/233
f 4031/245 4033/233 4034/262
f 4035/274 4031/245 4034/262
f 4035/274 4034/262 4036/292
f 4037/189 4038/170 4039/183
f 4037/189 4039/183 4040/203
f 4041/139 4042/151 4043/168
f 4041/139 4043/168 4044/154
f 4045/150 4046/136 4041/139
f 4045/150 4041/139 4044/154
f 4047/232 4031/245 4035/274
f 4047/232 4035/274 4048/259
f 4047/232 4049/201 4032/210
f 4047/232 4032/210 4031/245
f 4050/165 4038/170 4037/189
f 4050/165 4037/189 4051/182
f 4052/419 4028/526 4027/431
f 4052/419 4027/431 4053/343
f 4053/343 4027/431 3997/376
f 4053/343 3997/376 3994/289
f 4054/98 4055/95 3539/75
f 4054/98 3539/75 3537/80
f 3542/73 3539/75 4055/95
f 3542/73 4055/95 4056/91
f 4057/120 4058/110 4055/95
f 4057/120 4055/95 4054/98
f 4055/95 4058/110 4059/108
f 4055/95 4059/108 4056/91
f 4060/408 4061/473 3950/438
f 4060/408 3950/438 4062/368
f 4062/368 4063/356 4064/381
f 4062/368 4064/381 4060/408
f 4065/326 4066/336 4063/356
f 4065/326 4063/356 4062/368
f 4001/286 4010/294 4067/303
f 4001/286 4067/303 4002/301
f 4002/301 4067/303 4068/315
f 4002/301 4068/315 4069/321
f 3993/271 3992/285 4009/279
f 3993/271 4009/279 4070/267
f 4070/267 4009/279 4001/286
f 4070/267 4001/286 4000/276
f 4071/338 3951/401 3954/393
f 4071/338 3954/393 4072/328
f 4073/351 4062/368 3950/438
f 4073/351 3950/438 3949/413
f 4074/317 4065/326 4062/368
f 4074/317 4062/368 4073/351
f 4075/296 4076/305 4071/338
f 4075/296 4071/338 4072/328
f 4077/302 4078/337 4052/419
f 4077/302 4052/419 4053/343
f 4035/274 4036/292 4078/337
f 4035/274 4078/337 4077/302
f 4079/256 4080/254 4081/239
f 4079/256 4081/239 4082/241
f 4083/273 4084/253 4085/263
f 4083/273 4085/263 4086/282
f 4087/242 4081/239 4080/254
f 4087/242 4080/254 4088/255
f 4084/253 4087/242 4088/255
f 4084/253 4088/255 4085/263
f 4077/302 3994/289 4048/259
f 4077/302 4048/259 4035/274
f 3994/289 4077/302 4053/343
f 4089/782 4029/643 4028/526
f 4089/782 4028/526 4090/676
f 4091/548 4090/676 4028/526
f 4091/548 4028/526 4052/419
f 3580/77 4092/99 4054/98
f 3580/77 4054/98 3537/80
f 4093/123 4057/120 4054/98
f 4093/123 4054/98 4092/99
f 4040/203 4039/183 4094/195
f 4040/203 4094/195 4095/220
f 4096/277 4034/262 4033/233
f 4096/277 4033/233 4097/250
f 4036/292 4034/262 4096/277
f 4036/292 4096/277 4098/334
f 4099/163 4100/178 4043/168
f 4099/163 4043/168 4042/151
f 4078/337 4101/433 4091/548
f 4078/337 4091/548 4052/419
f 4036/292 4098/334 4101/433
f 4036/292 4101/433 4078/337
f 4089/782 4090/676 4102/809
f 4089/782 4102/809 4103/852
f 4104/939 4103/852 4102/809
f 4104/939 4102/809 4105/888
f 4090/676 4091/548 4106/753
f 4090/676 4106/753 4102/809
f 4105/888 4102/809 4106/753
f 4105/888 4106/753 4107/844
f 4108/620 4106/753 4091/548
f 4108/620 4091/548 4101/433
f 4108/620 4109/799 4107/844
f 4108/620 4107/844 4106/753
f 4110/586 4111/602 4112/574
f 4110/586 4112/574 4113/551
f 4114/545 4115/514 4113/551
f 4114/545 4113/551 4112/574
f 4115/514 4114/545 4116/528
f 4115/514 4116/528 4117/500
f 4118/461 4119/479 4120/453
f 4118/461 4120/453 4121/435
f 4122/450 4118/461 4121/435
f 4122/450 4121/435 4123/417
f 4116/528 4124/516 4125/492
f 4116/528 4125/492 4117/500
f 4126/499 4115/514 4117/500
f 4126/499 4117/500 4127/471
f 4128/440 4129/458 4130/469
f 4128/440 4130/469 4131/446
f 4121/435 4132/421 4133/400
f 4121/435 4133/400 4123/417
f 4120/453 4134/441 4132/421
f 4120/453 4132/421 4121/435
f 4125/492 4135/460 4127/471
f 4125/492 4127/471 4117/500
f 4136/701 4137/693 4138/708
f 4137/693 4136/701 4139/691
f 4140/703 4139/691 4136/701
f 4139/691 4140/703 4141/699
f 4142/711 4143/717 4141/699
f 4142/711 4141/699 4140/703
f 4144/714 4143/717 4142/711
f 4143/717 4144/714 4145/723
f 4136/701 4144/714 4142/711
f 4136/701 4142/711 4140/703
f 4146/357 4147/377 4148/358
f 4146/357 4148/358 4149/346
f 4150/563 4151/507 4152/497
f 4150/563 4152/497 4153/550
f 4154/578 4110/586 4113/551
f 4154/578 4113/551 4155/537
f 4156/434 4157/449 4158/406
f 4156/434 4158/406 4159/389
f 4160/523 4151/507 4150/563
f 4160/523 4150/563 4161/571
f 4162/605 4112/574 4111/602
f 4162/605 4111/602 4163/627
f 4126/499 4155/537 4113/551
f 4126/499 4113/551 4115/514
f 4164/609 4165/633 4166/637
f 4164/609 4166/637 4167/593
f 4167/593 4166/637 4168/638
f 4167/593 4168/638 4169/584
f 4170/632 4171/622 4172/539
f 4170/632 4172/539 4173/569
f 4169/584 4168/638 4170/632
f 4169/584 4170/632 4173/569
f 4174/392 4175/405 4176/388
f 4174/392 4176/388 4177/373
f 4147/377 4174/392 4177/373
f 4147/377 4177/373 4148/358
f 4171/622 4178/606 4179/544
f 4171/622 4179/544 4172/539
f 4180/515 4181/529 4167/593
f 4180/515 4167/593 4169/584
f 4180/515 4169/584 4173/569
f 4180/515 4173/569 4182/502
f 4172/539 4183/478 4182/502
f 4172/539 4182/502 4173/569
f 4172/539 4184/470 4183/478
f 4179/544 4061/473 4184/470
f 4179/544 4184/470 4172/539
f 4114/545 4112/574 4162/605
f 4114/545 4162/605 4185/587
f 4118/461 4122/450 4152/497
f 4118/461 4152/497 4151/507
f 4160/523 4119/479 4118/461
f 4160/523 4118/461 4151/507
f 4186/424 4158/406 4157/449
f 4186/424 4157/449 4187/464
f 4158/406 4186/424 4174/392
f 4158/406 4174/392 4147/377
f 4188/364 4177/373 4176/388
f 4188/364 4176/388 4189/382
f 4177/373 4188/364 4190/353
f 4177/373 4190/353 4148/358
f 4191/341 4149/346 4148/358
f 4191/341 4148/358 4190/353
f 4126/499 4119/479 4160/523
f 4126/499 4160/523 4155/537
f 4155/537 4160/523 4161/571
f 4155/537 4161/571 4154/578
f 4167/593 4181/529 4192/527
f 4167/593 4192/527 4193/577
f 4193/577 4164/609 4167/593
f 4164/609 4193/577 4194/594
f 4159/389 4158/406 4147/377
f 4159/389 4147/377 4146/357
f 4163/627 4195/645 4162/605
f 4195/645 4163/627 4196/661
f 4197/680 4198/686 4196/661
f 4197/680 4196/661 4199/659
f 4139/691 4197/680 4200/682
f 4139/691 4200/682 4137/693
f 4141/699 4198/686 4197/680
f 4141/699 4197/680 4139/691
f 4143/717 4201/727 4198/686
f 4143/717 4198/686 4141/699
f 4145/723 4202/740 4201/727
f 4145/723 4201/727 4143/717
f 4178/606 4203/580 4204/547
f 4178/606 4204/547 4179/544
f 4205/522 4206/557 3946/561
f 4205/522 3946/561 3945/503
f 4061/473 4179/544 4204/547
f 4061/473 4204/547 4205/522
f 4061/473 4205/522 3945/503
f 4061/473 3945/503 3950/438
f 4185/587 4162/605 4195/645
f 4185/587 4195/645 4207/631
f 4175/405 4174/392 4186/424
f 4175/405 4186/424 4208/436
f 4209/412 4210/391 4211/451
f 4209/412 4211/451 4212/466
f 4213/481 4156/434 4209/412
f 4213/481 4209/412 4212/466
f 4214/344 4215/322 4216/345
f 4214/344 4216/345 4217/365
f 4218/681 4219/677 4171/622
f 4218/681 4171/622 4170/632
f 4004/330 4003/372 4210/391
f 4004/330 4210/391 4216/345
f 4003/372 4006/443 4211/451
f 4003/372 4211/451 4210/391
f 4220/725 4221/712 4222/738
f 4220/725 4222/738 4223/754
f 4224/329 4214/344 4146/357
f 4224/329 4146/357 4149/346
f 4225/312 4215/322 4214/344
f 4225/312 4214/344 4224/329
f 4220/725 4223/754 3956/772
f 4220/725 3956/772 3955/741
f 4226/307 4227/309 4010/294
f 4226/307 4010/294 4008/288
f 4225/312 4226/307 4008/288
f 4225/312 4008/288 4007/298
f 4226/307 4225/312 4224/329
f 4226/307 4224/329 4228/325
f 4228/325 4224/329 4149/346
f 4228/325 4149/346 4191/341
f 4225/312 4007/298 4011/308
f 4225/312 4011/308 4215/322
f 4157/449 4156/434 4213/481
f 4157/449 4213/481 4229/498
f 4230/767 4231/774 4232/769
f 4230/767 4232/769 4233/755
f 4234/743 4235/757 4236/745
f 4235/757 4234/743 4237/750
f 4217/365 4216/345 4210/391
f 4217/365 4210/391 4209/412
f 4214/344 4217/365 4159/389
f 4214/344 4159/389 4146/357
f 4209/412 4156/434 4159/389
f 4209/412 4159/389 4217/365
f 4215/322 4011/308 4004/330
f 4215/322 4004/330 4216/345
f 3975/653 3974/728 4238/706
f 3975/653 4238/706 4239/646
f 3960/660 3959/611 4203/580
f 3960/660 4203/580 4178/606
f 4178/606 4171/622 4219/677
f 4178/606 4219/677 3960/660
f 4135/460 4129/458 4128/440
f 4135/460 4128/440 4134/441
f 4120/453 4119/479 4126/499
f 4120/453 4126/499 4127/471
f 4127/471 4135/460 4134/441
f 4127/471 4134/441 4120/453
f 3974/728 3981/768 4240/751
f 3974/728 4240/751 4238/706
f 4241/775 4240/751 3981/768
f 4241/775 3981/768 3980/788
f 4242/462 4243/491 4244/494
f 4242/462 4244/494 4245/468
f 4192/527 4181/529 4246/475
f 4192/527 4246/475 4247/486
f 4248/524 4249/489 4244/494
f 4248/524 4244/494 4250/520
f 4182/502 4251/448 4252/465
f 4182/502 4252/465 4180/515
f 4251/448 4182/502 4183/478
f 4251/448 4183/478 4253/430
f 4253/430 4183/478 4184/470
f 4253/430 4184/470 4254/423
f 4254/423 4184/470 4061/473
f 4254/423 4061/473 4060/408
f 4181/529 4180/515 4252/465
f 4181/529 4252/465 4246/475
f 4255/394 4256/415 4257/398
f 4255/394 4257/398 4258/378
f 4259/387 4260/361 4258/378
f 4259/387 4258/378 4257/398
f 4255/394 4261/410 4262/432
f 4255/394 4262/432 4256/415
f 4263/445 4262/432 4261/410
f 4263/445 4261/410 4264/425
f 4260/361 4259/387 4064/381
f 4260/361 4064/381 4063/356
f 4246/475 4252/465 4262/432
f 4246/475 4262/432 4263/445
f 4256/415 4251/448 4253/430
f 4256/415 4253/430 4257/398
f 4257/398 4253/430 4254/423
f 4257/398 4254/423 4259/387
f 4256/415 4262/432 4252/465
f 4256/415 4252/465 4251/448
f 4259/387 4254/423 4060/408
f 4259/387 4060/408 4064/381
f 4249/489 4265/459 4245/468
f 4249/489 4245/468 4244/494
f 4247/486 4246/475 4263/445
f 4247/486 4263/445 4266/455
f 4263/445 4264/425 4267/437
f 4263/445 4267/437 4266/455
f 4242/462 4245/468 4265/459
f 4242/462 4265/459 4268/447
f 4269/342 4191/341 4190/353
f 4269/342 4190/353 4270/354
f 4271/383 4272/366 4188/364
f 4271/383 4188/364 4189/382
f 4269/342 4273/324 4228/325
f 4269/342 4228/325 4191/341
f 4227/309 4226/307 4228/325
f 4227/309 4228/325 4273/324
f 4274/429 4275/422 4131/446
f 4274/429 4131/446 4276/456
f 4277/314 4067/303 4010/294
f 4277/314 4010/294 4227/309
f 4278/397 4275/422 4274/429
f 4278/397 4274/429 4279/407
f 4280/347 4269/342 4270/354
f 4280/347 4270/354 4281/359
f 4282/331 4273/324 4269/342
f 4282/331 4269/342 4280/347
f 4282/331 4277/314 4227/309
f 4282/331 4227/309 4273/324
f 4283/467 4284/442 4274/429
f 4283/467 4274/429 4276/456
f 4280/347 4281/359 4285/370
f 4280/347 4285/370 4286/352
f 4279/407 4274/429 4284/442
f 4279/407 4284/442 4287/420
f 4286/352 4288/339 4282/331
f 4286/352 4282/331 4280/347
f 4277/314 4282/331 4288/339
f 4277/314 4288/339 4289/323
f 4289/323 4068/315 4067/303
f 4289/323 4067/303 4277/314
f 4290/457 4291/483 4243/491
f 4290/457 4243/491 4242/462
f 4290/457 4242/462 4268/447
f 4290/457 4268/447 4292/439
f 4293/360 4294/380 4255/394
f 4293/360 4255/394 4258/378
f 4258/378 4260/361 4295/348
f 4258/378 4295/348 4293/360
f 4255/394 4294/380 4296/396
f 4255/394 4296/396 4261/410
f 4260/361 4063/356 4066/336
f 4260/361 4066/336 4295/348
f 4297/474 4298/452 4284/442
f 4297/474 4284/442 4283/467
f 4287/420 4284/442 4298/452
f 4287/420 4298/452 4299/428
f 4288/339 4286/352 4300/363
f 4288/339 4300/363 4301/350
f 4286/352 4285/370 4302/385
f 4286/352 4302/385 4300/363
f 4301/350 4303/335 4289/323
f 4301/350 4289/323 4288/339
f 4303/335 4069/321 4068/315
f 4303/335 4068/315 4289/323
f 4241/775 4304/787 4305/777
f 4241/775 4305/777 4306/764
f 4231/774 4305/777 4304/787
f 4231/774 4304/787 4307/783
f 4306/764 4308/742 4309/726
f 4306/764 4309/726 4240/751
f 4306/764 4240/751 4241/775
f 4307/783 4304/787 3979/798
f 4307/783 3979/798 3984/795
f 3980/788 3979/798 4304/787
f 3980/788 4304/787 4241/775
f 4240/751 4309/726 4310/685
f 4240/751 4310/685 4238/706
f 4239/646 4311/589 4312/585
f 4239/646 4312/585 3975/653
f 3969/592 3968/666 3975/653
f 3969/592 3975/653 4312/585
f 3963/519 3966/604 3969/592
f 3963/519 3969/592 4313/513
f 4314/525 4313/513 3969/592
f 4314/525 3969/592 4312/585
f 4314/525 4312/585 4311/589
f 4314/525 4311/589 4315/538
f 4006/443 3963/519 4313/513
f 4006/443 4313/513 4211/451
f 4211/451 4313/513 4314/525
f 4211/451 4314/525 4212/466
f 4212/466 4314/525 4315/538
f 4212/466 4315/538 4213/481
f 4316/546 4229/498 4213/481
f 4316/546 4213/481 4315/538
f 4317/509 4318/535 4319/480
f 4317/509 4319/480 4187/464
f 4187/464 4319/480 4208/436
f 4187/464 4208/436 4186/424
f 4320/694 4310/685 4309/726
f 4310/685 4320/694 4321/672
f 4322/610 4323/648 4324/657
f 4322/610 4324/657 4325/623
f 4316/546 4326/565 4317/509
f 4316/546 4317/509 4229/498
f 4316/546 4327/595 4322/610
f 4316/546 4322/610 4326/565
f 4229/498 4317/509 4187/464
f 4229/498 4187/464 4157/449
f 4238/706 4310/685 4328/644
f 4238/706 4328/644 4239/646
f 4239/646 4328/644 4327/595
f 4239/646 4327/595 4311/589
f 4315/538 4311/589 4327/595
f 4315/538 4327/595 4316/546
f 4310/685 4321/672 4323/648
f 4310/685 4323/648 4328/644
f 4327/595 4328/644 4323/648
f 4327/595 4323/648 4322/610
f 4270/354 4190/353 4188/364
f 4270/354 4188/364 4272/366
f 4270/354 4272/366 4329/374
f 4270/354 4329/374 4281/359
f 4285/370 4281/359 4329/374
f 4285/370 4329/374 4330/386
f 4296/396 4331/409 4264/425
f 4296/396 4264/425 4261/410
f 4285/370 4330/386 4332/399
f 4285/370 4332/399 4302/385
f 4333/402 4334/414 4332/399
f 4333/402 4332/399 4330/386
f 4331/409 4335/426 4267/437
f 4331/409 4267/437 4264/425
f 4336/390 4329/374 4272/366
f 4336/390 4272/366 4271/383
f 4336/390 4333/402 4330/386
f 4336/390 4330/386 4329/374
f 4129/458 4135/460 4125/492
f 4129/458 4125/492 4337/490
f 4125/492 4124/516 4338/511
f 4125/492 4338/511 4337/490
f 4339/617 4340/572 4185/587
f 4339/617 4185/587 4207/631
f 4114/545 4185/587 4340/572
f 4114/545 4340/572 4116/528
f 4248/524 4250/520 4341/556
f 4248/524 4341/556 4342/564
f 4341/556 4250/520 4343/512
f 4341/556 4343/512 4344/543
f 4342/564 4341/556 4345/581
f 4342/564 4345/581 4346/591
f 4276/456 4131/446 4130/469
f 4276/456 4130/469 4347/493
f 4276/456 4347/493 4348/495
f 4276/456 4348/495 4283/467
f 4250/520 4244/494 4243/491
f 4250/520 4243/491 4343/512
f 4345/581 4349/599 4350/613
f 4345/581 4350/613 4346/591
f 4349/599 4345/581 4351/567
f 4349/599 4351/567 4352/583
f 4344/543 4353/532 4354/553
f 4344/543 4354/553 4351/567
f 4341/556 4344/543 4351/567
f 4341/556 4351/567 4345/581
f 4343/512 4243/491 4291/483
f 4343/512 4291/483 4355/508
f 4343/512 4355/508 4353/532
f 4343/512 4353/532 4344/543
f 4297/474 4283/467 4348/495
f 4297/474 4348/495 4356/504
f 4356/504 4348/495 4357/505
f 4356/504 4357/505 4358/518
f 4359/536 4358/518 4357/505
f 4359/536 4357/505 4360/510
f 4347/493 4357/505 4348/495
f 4357/505 4347/493 4360/510
f 4361/416 4128/440 4131/446
f 4361/416 4131/446 4275/422
f 4278/397 4362/395 4361/416
f 4278/397 4361/416 4275/422
f 4128/440 4361/416 4132/421
f 4128/440 4132/421 4134/441
f 4133/400 4132/421 4361/416
f 4133/400 4361/416 4362/395
f 4349/599 4352/583 4363/603
f 4349/599 4363/603 4364/619
f 4352/583 4365/568 4366/590
f 4352/583 4366/590 4363/603
f 4367/496 4337/490 4338/511
f 4367/496 4338/511 4368/521
f 4369/555 4370/573 4371/552
f 4369/555 4371/552 4372/530
f 4360/510 4372/530 4371/552
f 4360/510 4371/552 4359/536
f 4351/567 4354/553 4365/568
f 4351/567 4365/568 4352/583
f 4129/458 4337/490 4367/496
f 4129/458 4367/496 4130/469
f 4364/619 4373/628 4350/613
f 4364/619 4350/613 4349/599
f 4363/603 4366/590 4374/615
f 4363/603 4374/615 4375/626
f 4364/619 4363/603 4375/626
f 4364/619 4375/626 4376/639
f 4377/737 4233/755 4378/749
f 4377/737 4379/719 4236/745
f 4377/737 4236/745 4233/755
f 4380/705 4377/737 4378/749
f 4380/705 4378/749 4222/738
f 4380/705 4381/684 4379/719
f 4380/705 4379/719 4377/737
f 4230/767 4382/770 4305/777
f 4230/767 4305/777 4231/774
f 4306/764 4305/777 4382/770
f 4306/764 4382/770 4308/742
f 4201/727 4383/698 4196/661
f 4201/727 4196/661 4198/686
f 4202/740 4237/750 4234/743
f 4202/740 4234/743 4201/727
f 4201/727 4384/722 4383/698
f 4384/722 4201/727 4234/743
f 4384/722 4234/743 4385/734
f 4236/745 4386/729 4385/734
f 4236/745 4385/734 4234/743
f 4379/719 4387/696 4386/729
f 4379/719 4386/729 4236/745
f 4384/722 4388/710 4389/683
f 4384/722 4389/683 4383/698
f 4381/684 4390/667 4387/696
f 4381/684 4387/696 4379/719
f 4388/710 4391/678 4389/683
f 4383/698 4389/683 4195/645
f 4383/698 4195/645 4196/661
f 4391/678 4392/650 4339/617
f 4391/678 4339/617 4207/631
f 4207/631 4195/645 4389/683
f 4207/631 4389/683 4391/678
f 4165/633 4393/652 4394/662
f 4165/633 4394/662 4166/637
f 4395/675 4168/638 4166/637
f 4395/675 4166/637 4394/662
f 4218/681 4170/632 4168/638
f 4218/681 4168/638 4395/675
f 4364/619 4376/639 4396/651
f 4364/619 4396/651 4373/628
f 4222/738 4221/712 4397/690
f 4222/738 4397/690 4380/705
f 4380/705 4397/690 4398/668
f 4380/705 4398/668 4399/664
f 4396/651 4376/639 4399/664
f 4396/651 4399/664 4398/668
f 4369/555 4372/530 4400/506
f 4369/555 4400/506 4401/534
f 4347/493 4400/506 4372/530
f 4347/493 4372/530 4360/510
f 4367/496 4368/521 4401/534
f 4367/496 4401/534 4400/506
f 4347/493 4130/469 4367/496
f 4347/493 4367/496 4400/506
f 4326/565 4322/610 4325/623
f 4326/565 4325/623 4402/582
f 4320/694 4324/657 4323/648
f 4320/694 4323/648 4321/672
f 4154/578 4403/616 4404/621
f 4154/578 4404/621 4110/586
f 4154/578 4161/571 4405/614
f 4154/578 4405/614 4403/616
f 4153/550 4406/597 4407/608
f 4153/550 4407/608 4150/563
f 4326/565 4402/582 4318/535
f 4326/565 4318/535 4317/509
f 4403/616 4408/636 4409/649
f 4403/616 4409/649 4404/621
f 4309/726 4308/742 4320/694
f 4230/767 4233/755 4236/745
f 4230/767 4236/745 4235/757
f 4382/770 4230/767 4235/757
f 4382/770 4235/757 4410/758
f 4308/742 4382/770 4410/758
f 4308/742 4410/758 4411/739
f 4199/659 4412/679 4200/682
f 4199/659 4200/682 4197/680
f 4202/740 4413/733 4414/746
f 4202/740 4414/746 4237/750
f 4410/758 4237/750 4414/746
f 4237/750 4410/758 4235/757
f 4144/714 4136/701 4138/708
f 4144/714 4138/708 4415/718
f 4411/739 4414/746 4416/730
f 4414/746 4411/739 4410/758
f 4414/746 4413/733 4417/721
f 4414/746 4417/721 4416/730
f 4138/708 4137/693 4418/700
f 4138/708 4418/700 4419/715
f 4420/702 4419/715 4418/700
f 4417/721 4413/733 4419/715
f 4417/721 4419/715 4420/702
f 4200/682 4420/702 4418/700
f 4200/682 4418/700 4137/693
f 4420/702 4200/682 4412/679
f 4420/702 4412/679 4421/697
f 4420/702 4421/697 4416/730
f 4420/702 4416/730 4417/721
f 4422/630 4404/621 4409/649
f 4422/630 4409/649 4423/658
f 4163/627 4111/602 4422/630
f 4163/627 4422/630 4424/647
f 4163/627 4424/647 4199/659
f 4163/627 4199/659 4196/661
f 4111/602 4110/586 4404/621
f 4111/602 4404/621 4422/630
f 4199/659 4424/647 4425/670
f 4199/659 4425/670 4412/679
f 4422/630 4423/658 4425/670
f 4422/630 4425/670 4424/647
f 4426/724 4413/733 4202/740
f 4426/724 4202/740 4145/723
f 4145/723 4144/714 4415/718
f 4145/723 4415/718 4426/724
f 4138/708 4419/715 4426/724
f 4138/708 4426/724 4415/718
f 4419/715 4413/733 4426/724
f 4427/665 4409/649 4408/636
f 4427/665 4408/636 4428/641
f 4408/636 4403/616 4405/614
f 4408/636 4405/614 4428/641
f 4429/695 4421/697 4412/679
f 4429/695 4412/679 4425/670
f 4430/687 4425/670 4423/658
f 4425/670 4430/687 4429/695
f 4430/687 4423/658 4409/649
f 4430/687 4409/649 4427/665
f 4411/739 4416/730 4421/697
f 4411/739 4421/697 4429/695
f 4161/571 4150/563 4407/608
f 4161/571 4407/608 4405/614
f 4407/608 4431/642 4428/641
f 4407/608 4428/641 4405/614
f 4432/671 4427/665 4428/641
f 4432/671 4428/641 4431/642
f 4433/704 4308/742 4411/739
f 4433/704 4411/739 4430/687
f 4430/687 4411/739 4429/695
f 4433/704 4430/687 4427/665
f 4433/704 4427/665 4432/671
f 4308/742 4433/704 4434/689
f 4308/742 4434/689 4320/694
f 4435/663 4432/671 4431/642
f 4435/663 4431/642 4436/634
f 4435/663 4434/689 4433/704
f 4435/663 4433/704 4432/671
f 4436/634 4431/642 4407/608
f 4436/634 4407/608 4406/597
f 4223/754 4222/738 4378/749
f 4223/754 4378/749 4437/771
f 3988/789 3956/772 4223/754
f 3988/789 4223/754 4437/771
f 3984/795 3988/789 4437/771
f 3984/795 4437/771 4307/783
f 4378/749 4233/755 4232/769
f 4378/749 4232/769 4437/771
f 4307/783 4437/771 4232/769
f 4307/783 4232/769 4231/774
f 4438/640 4439/656 4375/626
f 4438/640 4375/626 4374/615
f 4375/626 4439/656 4399/664
f 4375/626 4399/664 4376/639
f 4381/684 4439/656 4438/640
f 4381/684 4438/640 4390/667
f 4399/664 4439/656 4381/684
f 4399/664 4381/684 4380/705
f 4392/650 4440/625 4441/588
f 4392/650 4441/588 4339/617
f 4339/617 4441/588 4442/558
f 4339/617 4442/558 4340/572
f 4443/562 4444/575 4369/555
f 4443/562 4369/555 4401/534
f 4370/573 4369/555 4444/575
f 4370/573 4444/575 4445/596
f 4440/625 4445/596 4444/575
f 4440/625 4444/575 4441/588
f 4116/528 4340/572 4442/558
f 4116/528 4442/558 4124/516
f 4442/558 4446/540 4338/511
f 4442/558 4338/511 4124/516
f 4401/534 4368/521 4447/554
f 4401/534 4447/554 4443/562
f 4368/521 4338/511 4446/540
f 4368/521 4446/540 4447/554
f 4441/588 4443/562 4447/554
f 4443/562 4441/588 4444/575
f 4441/588 4447/554 4446/540
f 4441/588 4446/540 4442/558
f 4324/657 4320/694 4434/689
f 4324/657 4434/689 4435/663
f 4324/657 4435/663 4436/634
f 4324/657 4436/634 4325/623
f 4325/623 4436/634 4406/597
f 4325/623 4406/597 4402/582
f 4318/535 4402/582 4406/597
f 4318/535 4406/597 4153/550
f 4152/497 4319/480 4318/535
f 4152/497 4318/535 4153/550
f 4122/450 4208/436 4319/480
f 4122/450 4319/480 4152/497
f 4208/436 4122/450 4123/417
f 4208/436 4123/417 4175/405
f 4133/400 4176/388 4175/405
f 4133/400 4175/405 4123/417
f 4176/388 4133/400 4362/395
f 4176/388 4362/395 4189/382
f 4271/383 4189/382 4362/395
f 4271/383 4362/395 4278/397
f 4271/383 4278/397 4279/407
f 4271/383 4279/407 4336/390
f 4336/390 4279/407 4287/420
f 4336/390 4287/420 4333/402
f 4333/402 4287/420 4299/428
f 4333/402 4299/428 4334/414
f 4268/447 4267/437 4335/426
f 4268/447 4335/426 4292/439
f 4265/459 4266/455 4267/437
f 4265/459 4267/437 4268/447
f 4247/486 4266/455 4265/459
f 4247/486 4265/459 4249/489
f 4192/527 4247/486 4249/489
f 4192/527 4249/489 4248/524
f 4192/527 4248/524 4342/564
f 4192/527 4342/564 4193/577
f 4193/577 4342/564 4346/591
f 4193/577 4346/591 4194/594
f 4350/613 4164/609 4194/594
f 4350/613 4194/594 4346/591
f 4373/628 4165/633 4164/609
f 4373/628 4164/609 4350/613
f 4396/651 4393/652 4165/633
f 4396/651 4165/633 4373/628
f 4393/652 4396/651 4398/668
f 4393/652 4398/668 4394/662
f 4397/690 4395/675 4394/662
f 4397/690 4394/662 4398/668
f 4221/712 4218/681 4395/675
f 4221/712 4395/675 4397/690
f 4219/677 4218/681 4221/712
f 4219/677 4221/712 4220/725
f 4219/677 4220/725 3955/741
f 4219/677 3955/741 3960/660
f 3960/660 3955/741 3958/759
f 3960/660 3958/759 3961/688
f 4203/580 4206/557 4205/522
f 4203/580 4205/522 4204/547
f 3959/611 3946/561 4206/557
f 3959/611 4206/557 4203/580
f 3946/561 3959/611 3962/629
f 3946/561 3962/629 3947/566
f 4022/179 4015/197 4014/192
f 4022/179 4014/192 4019/176
f 4037/189 4032/210 4049/201
f 4037/189 4049/201 4051/182
f 4032/210 4037/189 4040/203
f 4032/210 4040/203 4033/233
f 4033/233 4040/203 4095/220
f 4033/233 4095/220 4097/250
f 4026/147 4021/162 4020/160
f 4026/147 4020/160 4023/144
f 4050/165 4045/150 4044/154
f 4050/165 4044/154 4038/170
f 4043/168 4039/183 4038/170
f 4043/168 4038/170 4044/154
f 4100/178 4094/195 4039/183
f 4100/178 4039/183 4043/168
f 3990/89 4448/105 4449/103
f 3990/89 4449/103 3991/88
f 4450/146 4099/163 4042/151
f 4450/146 4042/151 4451/137
f 4452/124 4451/137 4042/151
f 4452/124 4042/151 4041/139
f 4046/136 4453/122 4452/124
f 4046/136 4452/124 4041/139
f 4024/130 4454/117 4455/118
f 4024/130 4455/118 4025/133
f 4093/123 4450/146 4451/137
f 4093/123 4451/137 4057/120
f 4058/110 4057/120 4451/137
f 4058/110 4451/137 4452/124
f 4453/122 4059/108 4058/110
f 4453/122 4058/110 4452/124
f 4454/117 4449/103 4448/105
f 4454/117 4448/105 4455/118
f 3875/4007 3874/4001 3873/4014
f 3875/4007 3873/4014 3878/4025
f 3876/4039 3875/4007 3878/4025
f 3876/4039 3878/4025 3880/4059
f 3879/4067 3876/4039 3880/4059
f 3879/4067 3880/4059 3881/4086
f 3927/4094 3879/4067 3881/4086
f 3927/4094 3881/4086 3930/4112
f 3930/4112 3934/4138 3864/4120
f 3930/4112 3864/4120 3927/4094
f 3854/4146 3864/4120 3934/4138
f 3854/4146 3934/4138 3861/4163
f 3855/4168 3854/4146 3861/4163
f 3855/4168 3861/4163 3860/4182
f 3842/4181 3855/4168 3860/4182
f 3842/4181 3860/4182 3848/4198
f 3843/4202 3842/4181 3848/4198
f 3843/4202 3848/4198 3846/4217
f 3844/4228 3843/4202 3846/4217
f 3844/4228 3846/4217 3845/4233
f 3780/4253 3844/4228 3845/4233
f 3780/4253 3845/4233 3786/4263
f 3787/4284 3779/4278 3780/4253
f 3787/4284 3780/4253 3786/4263
f 3787/4284 3788/4306 3781/4297
f 3787/4284 3781/4297 3779/4278
f 3824/4310 3781/4297 3788/4306
f 3824/4310 3788/4306 3823/4322
f 3821/4336 3820/4325 3824/4310
f 3821/4336 3824/4310 3823/4322
f 3791/4352 3785/4339 3820/4325
f 3791/4352 3820/4325 3821/4336
f 3783/4357 3785/4339 3791/4352
f 3783/4357 3791/4352 3790/4372
f 3789/4387 3782/4375 3783/4357
f 3789/4387 3783/4357 3790/4372
f 3784/4388 3782/4375 3789/4387
f 3784/4388 3789/4387 3792/4400
f 3553/4399 3784/4388 3792/4400
f 3553/4399 3792/4400 3555/4416
f 3481/4434 3552/4408 3553/4399
f 3481/4434 3553/4399 3555/4416
f 3480/4442 3561/4418 3552/4408
f 3480/4442 3552/4408 3481/4434
f 3571/4462 3562/4439 3563/4429
f 3571/4462 3563/4429 3572/4454
f 4075/296 4083/273 4086/282
f 4075/296 4086/282 4076/305
f 3999/293 4002/301 4065/326
f 3999/293 4065/326 4074/317
f 4002/301 4069/321 4066/336
f 4002/301 4066/336 4065/326
f 4295/348 4066/336 4069/321
f 4295/348 4069/321 4303/335
f 4293/360 4295/348 4303/335
f 4293/360 4303/335 4301/350
f 4301/350 4300/363 4294/380
f 4301/350 4294/380 4293/360
f 4296/396 4294/380 4300/363
f 4296/396 4300/363 4302/385
f 4302/385 4332/399 4331/409
f 4302/385 4331/409 4296/396
f 4332/399 4334/414 4335/426
f 4332/399 4335/426 4331/409
f 4292/439 4335/426 4334/414
f 4292/439 4334/414 4299/428
f 4298/452 4290/457 4292/439
f 4298/452 4292/439 4299/428
f 4298/452 4297/474 4291/483
f 4298/452 4291/483 4290/457
f 4355/508 4291/483 4297/474
f 4355/508 4297/474 4356/504
f 4353/532 4355/508 4356/504
f 4353/532 4356/504 4358/518
f 4354/553 4353/532 4358/518
f 4354/553 4358/518 4359/536
f 4365/568 4354/553 4359/536
f 4365/568 4359/536 4371/552
f 4366/590 4365/568 4371/552
f 4366/590 4371/552 4370/573
f 4374/615 4366/590 4370/573
f 4374/615 4370/573 4445/596
f 4440/625 4438/640 4374/615
f 4440/625 4374/615 4445/596
f 4390/667 4438/640 4440/625
f 4390/667 4440/625 4392/650
f 4387/696 4390/667 4392/650
f 4387/696 4392/650 4391/678
f 4386/729 4387/696 4391/678
f 4386/729 4391/678 4388/710
f 4385/734 4386/729 4388/710
f 4385/734 4388/710 4384/722
f 4079/256 4082/241 4017/235
f 4079/256 4017/235 4018/246
f 4456/4360 4457/4258 4458/4256
f 4456/4360 4458/4256 4459/4358
f 4460/4424 4456/4360 4459/4358
f 4460/4424 4459/4358 4461/4420
f 4462/4455 4460/4424 4461/4420
f 4462/4455 4461/4420 4463/4453
f 4464/4479 4462/4455 4463/4453
f 4464/4479 4463/4453 4465/4476
f 4466/4502 4464/4479 4465/4476
f 4466/4502 4465/4476 4467/4498
f 4468/4521 4466/4502 4467/4498
f 4468/4521 4467/4498 4469/4511
f 4470/4524 4468/4521 4469/4511
f 4470/4524 4469/4511 4471/4516
f 4472/4522 4470/4524 4471/4516
f 4472/4522 4471/4516 4473/4512
f 4474/4525 4472/4522 4473/4512
f 4474/4525 4473/4512 4475/4518
f 4476/4533 4474/4525 4475/4518
f 4476/4533 4475/4518 4477/4531
f 4478/4549 4476/4533 4477/4531
f 4478/4549 4477/4531 4479/4548
f 4480/4564 4478/4549 4479/4548
f 4480/4564 4479/4548 4481/4563
f 4482/4580 4480/4564 4481/4563
f 4482/4580 4481/4563 4483/4579
f 4484/4596 4482/4580 4483/4579
f 4484/4596 4483/4579 4485/4595
f 4486/4608 4484/4596 4485/4595
f 4486/4608 4485/4595 4487/4607
f 4488/4623 4486/4608 4487/4607
f 4488/4623 4487/4607 4489/4622
f 4490/4636 4488/4623 4489/4622
f 4490/4636 4489/4622 4491/4635
f 4492/4650 4490/4636 4491/4635
f 4492/4650 4491/4635 4493/4652
f 4494/4665 4492/4650 4493/4652
f 4494/4665 4493/4652 4496/4667
f 4498/86 4495/70 4497/69
f 4498/86 4497/69 4499/85
f 4500/100 4498/86 4499/85
f 4500/100 4499/85 4501/101
f 4502/114 4500/100 4501/101
f 4502/114 4501/101 4503/115
f 4504/127 4502/114 4503/115
f 4504/127 4503/115 4505/128
f 4506/140 4504/127 4505/128
f 4506/140 4505/128 4507/141
f 4508/156 4506/140 4507/141
f 4508/156 4507/141 4509/157
f 4510/171 4508/156 4509/157
f 4510/171 4509/157 4511/172
f 4512/187 4510/171 4511/172
f 4512/187 4511/172 4513/188
f 4514/202 4512/187 4513/188
f 4514/202 4513/188 4515/204
f 4516/211 4514/202 4515/204
f 4516/211 4515/204 4517/216
f 4518/214 4516/211 4517/216
f 4518/214 4517/216 4519/222
f 4520/213 4518/214 4519/222
f 4520/213 4519/222 4521/219
f 4522/215 4520/213 4521/219
f 4522/215 4521/219 4523/223
f 4524/234 4522/215 4523/223
f 4524/234 4523/223 4525/236
f 4526/257 4524/234 4525/236
f 4526/257 4525/236 4527/260
f 4528/281 4526/257 4527/260
f 4528/281 4527/260 4529/284
f 4530/313 4528/281 4529/284
f 4530/313 4529/284 4531/316
f 4532/375 4530/313 4531/316
f 4532/375 4531/316 4533/379
f 4534/476 4532/375 4533/379
f 4534/476 4533/379 4535/477
f 3426/4320 3428/4332 3431/4252
f 3426/4320 3431/4252 3423/4248
f 3560/4385 3558/4395 3428/4332
f 3560/4385 3428/4332 3426/4320
f 3563/4429 3558/4395 3560/4385
f 3563/4429 3560/4385 3561/4418
f 3572/4454 3563/4429 3561/4418
f 3572/4454 3561/4418 3480/4442
f 3573/4472 3572/4454 3480/4442
f 3573/4472 3480/4442 3483/4459
f 3575/4481 3573/4472 3483/4459
f 3575/4481 3483/4459 3557/4467
f 3568/4482 3575/4481 3557/4467
f 3568/4482 3557/4467 3476/4465
f 3569/4480 3568/4482 3476/4465
f 3569/4480 3476/4465 3475/4445
f 3499/4491 3569/4480 3475/4445
f 3499/4491 3475/4445 3529/4477
f 3496/4515 3499/4491 3529/4477
f 3496/4515 3529/4477 3528/4506
f 3497/4539 3496/4515 3528/4506
f 3497/4539 3528/4506 3530/4535
f 3532/4552 3502/4557 3497/4539
f 3532/4552 3497/4539 3530/4535
f 3503/4574 3502/4557 3532/4552
f 3503/4574 3532/4552 3531/4570
f 3526/4587 3506/4589 3503/4574
f 3526/4587 3503/4574 3531/4570
f 3507/4602 3506/4589 3526/4587
f 3507/4602 3526/4587 3527/4601
f 3944/4618 3507/4602 3527/4601
f 3944/4618 3527/4601 3942/4615
f 3938/4631 3944/4618 3942/4615
f 3938/4631 3942/4615 3546/4628
f 3543/4644 3472/4647 3938/4631
f 3543/4644 3938/4631 3546/4628
f 3541/4663 3467/4664 3472/4647
f 3541/4663 3472/4647 3543/4644
f 3542/73 4056/91 3990/89
f 3542/73 3990/89 3468/72
f 4056/91 4059/108 4448/105
f 4056/91 4448/105 3990/89
f 4455/118 4448/105 4059/108
f 4455/118 4059/108 4453/122
f 4025/133 4455/118 4453/122
f 4025/133 4453/122 4046/136
f 4026/147 4025/133 4046/136
f 4026/147 4046/136 4045/150
f 4045/150 4050/165 4021/162
f 4045/150 4021/162 4026/147
f 4022/179 4021/162 4050/165
f 4022/179 4050/165 4051/182
f 4051/182 4049/201 4015/197
f 4051/182 4015/197 4022/179
f 4016/221 4015/197 4049/201
f 4016/221 4049/201 4047/232
f 4018/246 4016/221 4047/232
f 4018/246 4047/232 4048/259
f 3994/289 4079/256 4018/246
f 3994/289 4018/246 4048/259
f 3994/289 3993/271 4080/254
f 3994/289 4080/254 4079/256
f 4088/255 4080/254 3993/271
f 4088/255 3993/271 4070/267
f 4085/263 4088/255 4070/267
f 4085/263 4070/267 4000/276
f 4086/282 4085/263 4000/276
f 4086/282 4000/276 3999/293
f 4076/305 4086/282 3999/293
f 4076/305 3999/293 4074/317
f 4071/338 4076/305 4074/317
f 4071/338 4074/317 4073/351
f 4073/351 3949/413 3951/401
f 4073/351 3951/401 4071/338
f 3949/413 3948/488 3952/484
f 3949/413 3952/484 3951/401
f 4533/379 4531/316 4536/320
f 4533/379 4536/320 4537/384
f 4535/477 4533/379 4537/384
f 4535/477 4537/384 4538/482
f 4459/4358 4458/4256 4539/4254
f 4459/4358 4539/4254 4540/4353
f 4461/4420 4459/4358 4540/4353
f 4461/4420 4540/4353 4541/4417
f 4463/4453 4461/4420 4541/4417
f 4463/4453 4541/4417 4542/4449
f 4465/4476 4463/4453 4542/4449
f 4465/4476 4542/4449 4543/4471
f 4467/4498 4465/4476 4543/4471
f 4467/4498 4543/4471 4544/4490
f 4469/4511 4467/4498 4544/4490
f 4469/4511 4544/4490 4545/4504
f 4471/4516 4469/4511 4545/4504
f 4471/4516 4545/4504 4546/4508
f 4473/4512 4471/4516 4546/4508
f 4473/4512 4546/4508 4547/4507
f 4475/4518 4473/4512 4547/4507
f 4475/4518 4547/4507 4548/4510
f 4477/4531 4475/4518 4548/4510
f 4477/4531 4548/4510 4549/4529
f 4479/4548 4477/4531 4549/4529
f 4479/4548 4549/4529 4550/4545
f 4481/4563 4479/4548 4550/4545
f 4481/4563 4550/4545 4551/4561
f 4483/4579 4481/4563 4551/4561
f 4483/4579 4551/4561 4552/4577
f 4485/4595 4483/4579 4552/4577
f 4485/4595 4552/4577 4553/4594
f 4487/4607 4485/4595 4553/4594
f 4487/4607 4553/4594 4554/4606
f 4489/4622 4487/4607 4554/4606
f 4489/4622 4554/4606 4555/4620
f 4491/4635 4489/4622 4555/4620
f 4491/4635 4555/4620 4556/4634
f 4493/4652 4491/4635 4556/4634
f 4493/4652 4556/4634 4557/4651
f 4496/4667 4493/4652 4557/4651
f 4496/4667 4557/4651 4558/4668
f 4499/85 4497/69 4559/68
f 4499/85 4559/68 4560/87
f 4501/101 4499/85 4560/87
f 4501/101 4560/87 4561/102
f 4503/115 4501/101 4561/102
f 4503/115 4561/102 4562/116
f 4505/128 4503/115 4562/116
f 4505/128 4562/116 4563/129
f 4507/141 4505/128 4563/129
f 4507/141 4563/129 4564/142
f 4509/157 4507/141 4564/142
f 4509/157 4564/142 4565/159
f 4511/172 4509/157 4565/159
f 4511/172 4565/159 4566/173
f 4513/188 4511/172 4566/173
f 4513/188 4566/173 4567/190
f 4515/204 4513/188 4567/190
f 4515/204 4567/190 4568/206
f 4517/216 4515/204 4568/206
f 4517/216 4568/206 4569/225
f 4519/222 4517/216 4569/225
f 4519/222 4569/225 4570/229
f 4521/219 4519/222 4570/229
f 4521/219 4570/229 4571/228
f 4523/223 4521/219 4571/228
f 4523/223 4571/228 4572/230
f 4525/236 4523/223 4572/230
f 4525/236 4572/230 4573/244
f 4527/260 4525/236 4573/244
f 4527/260 4573/244 4574/264
f 4529/284 4527/260 4574/264
f 4529/284 4574/264 4575/287
f 4531/316 4529/284 4575/287
f 4531/316 4575/287 4536/320
f 4537/384 4536/320 4072/328
f 4537/384 4072/328 3954/393
f 4538/482 4537/384 3954/393
f 4538/482 3954/393 3953/487
f 4540/4353 4539/4254 3430/4250
f 4540/4353 3430/4250 3429/4343
f 4541/4417 4540/4353 3429/4343
f 4541/4417 3429/4343 3559/4407
f 4542/4449 4541/4417 3559/4407
f 4542/4449 3559/4407 3562/4439
f 4543/4471 4542/4449 3562/4439
f 4543/4471 3562/4439 3571/4462
f 4544/4490 4543/4471 3571/4462
f 4544/4490 3571/4462 3570/4483
f 4545/4504 4544/4490 3570/4483
f 4545/4504 3570/4483 3574/4494
f 4546/4508 4545/4504 3574/4494
f 4546/4508 3574/4494 3567/4496
f 4547/4507 4546/4508 3567/4496
f 4547/4507 3567/4496 3566/4495
f 4548/4510 4547/4507 3566/4495
f 4548/4510 3566/4495 3498/4503
f 4549/4529 4548/4510 3498/4503
f 4549/4529 3498/4503 3495/4526
f 4550/4545 4549/4529 3495/4526
f 4550/4545 3495/4526 3494/4543
f 4551/4561 4550/4545 3494/4543
f 4551/4561 3494/4543 3501/4560
f 4552/4577 4551/4561 3501/4560
f 4552/4577 3501/4560 3500/4576
f 4553/4594 4552/4577 3500/4576
f 4553/4594 3500/4576 3505/4592
f 4554/4606 4553/4594 3505/4592
f 4554/4606 3505/4592 3504/4605
f 4555/4620 4554/4606 3504/4605
f 4555/4620 3504/4605 3943/4619
f 4556/4634 4555/4620 3943/4619
f 4556/4634 3943/4619 3937/4633
f 4557/4651 4556/4634 3937/4633
f 4557/4651 3937/4633 3471/4649
f 4558/4668 4557/4651 3471/4649
f 4558/4668 3471/4649 3469/4666
f 4560/87 4559/68 3470/71
f 4560/87 3470/71 3991/88
f 4561/102 4560/87 3991/88
f 4561/102 3991/88 4449/103
f 4562/116 4561/102 4449/103
f 4562/116 4449/103 4454/117
f 4563/129 4562/116 4454/117
f 4563/129 4454/117 4024/130
f 4564/142 4563/129 4024/130
f 4564/142 4024/130 4023/144
f 4565/159 4564/142 4023/144
f 4565/159 4023/144 4020/160
f 4566/173 4565/159 4020/160
f 4566/173 4020/160 4019/176
f 4567/190 4566/173 4019/176
f 4567/190 4019/176 4014/192
f 4568/206 4567/190 4014/192
f 4568/206 4014/192 4013/209
f 4569/225 4568/206 4013/209
f 4569/225 4013/209 4017/235
f 4570/229 4569/225 4017/235
f 4570/229 4017/235 4082/241
f 4571/228 4570/229 4082/241
f 4571/228 4082/241 4081/239
f 4572/230 4571/228 4081/239
f 4572/230 4081/239 4087/242
f 4573/244 4572/230 4087/242
f 4573/244 4087/242 4084/253
f 4574/264 4573/244 4084/253
f 4574/264 4084/253 4083/273
f 4575/287 4574/264 4083/273
f 4575/287 4083/273 4075/296
f 4536/320 4575/287 4075/296
f 4536/320 4075/296 4072/328
f 1412/824 1953/747 4029/643
f 1412/824 4029/643 4089/782
f 1953/747 1952/779 3985/716
f 1953/747 3985/716 3987/635
f 4030/542 4029/643 1953/747
f 4030/542 1953/747 3987/635
f 1952/779 1951/794 3986/765
f 1952/779 3986/765 3985/716
f 1970/904 1412/824 4089/782
f 1970/904 4089/782 4103/852
f 1950/806 1954/786 3986/765
f 1950/806 3986/765 1951/794
f 1976/2404 1975/2054 4576/2069
f 1976/2404 4576/2069 4577/2405
f 1975/2054 1974/1789 4578/1825
f 1975/2054 4578/1825 4576/2069
f 1974/1789 2027/1505 4579/1551
f 1974/1789 4579/1551 4578/1825
f 2027/1505 1973/1341 4580/1390
f 2027/1505 4580/1390 4579/1551
f 1971/1011 1970/904 4581/1003
f 1971/1011 4581/1003 4582/1099
f 4103/852 4104/939 4581/1003
f 4103/852 4581/1003 1970/904
f 1972/1165 1971/1011 4582/1099
f 1972/1165 4582/1099 4583/1248
f 1973/1341 1972/1165 4583/1248
f 1973/1341 4583/1248 4580/1390
f 3347/2694 1976/2404 4577/2405
f 3347/2694 4577/2405 4584/2678
f 3348/2963 3347/2694 4584/2678
f 3348/2963 4584/2678 4585/2925
f 3397/3245 3348/2963 4585/2925
f 3397/3245 4585/2925 4586/3193
f 3346/3403 3397/3245 4586/3193
f 3346/3403 4586/3193 4587/3349
f 3345/3580 3346/3403 4587/3349
f 3345/3580 4587/3349 4588/3489
f 3344/3728 3345/3580 4588/3489
f 3344/3728 4588/3489 4589/3641
f 3343/3835 3344/3728 4589/3641
f 3343/3835 4589/3641 4590/3739
f 3593/3801 3591/3886 3343/3835
f 3593/3801 3343/3835 4590/3739
f 2821/3914 3343/3835 3591/3886
f 2821/3914 3591/3886 3576/3956
f 3328/3991 2821/3914 3576/3956
f 3328/3991 3576/3956 3510/4100
f 3509/4196 3464/4105 3328/3991
f 3509/4196 3328/3991 3510/4100
f 3327/3959 3328/3991 3464/4105
f 3327/3959 3464/4105 3463/4024
f 3326/3943 3327/3959 3463/4024
f 3326/3943 3463/4024 3462/3971
f 3329/3951 3325/3931 3326/3943
f 3329/3951 3326/3943 3462/3971
f 3098/3964 3329/3951 3462/3971
f 3098/3964 3462/3971 3450/4003
f 3060/3963 3098/3964 3450/4003
f 3060/3963 3450/4003 3447/4028
f 2579/3955 3060/3963 3447/4028
f 2579/3955 3447/4028 3446/4049
f 3445/4070 3452/3982 2579/3955
f 3445/4070 2579/3955 3446/4049
f 2556/3925 2579/3955 3452/3982
f 2556/3925 3452/3982 3459/3950
f 2557/3909 2556/3925 3459/3950
f 2557/3909 3459/3950 3454/3936
f 2564/3888 2557/3909 3454/3936
f 2564/3888 3454/3936 3457/3922
f 2565/3894 2564/3888 3457/3922
f 2565/3894 3457/3922 3460/3923
f 2680/3899 2565/3894 3460/3923
f 2680/3899 3460/3923 3465/3927
f 2753/3907 2680/3899 3465/3927
f 2753/3907 3465/3927 3434/3939
f 2775/3930 2738/3903 2753/3907
f 2775/3930 2753/3907 3434/3939
f 2776/3958 2775/3930 3434/3939
f 2776/3958 3434/3939 3433/3975
f 2778/4004 2776/3958 3433/3975
f 2778/4004 3433/3975 3438/4045
f 2779/4082 2778/4004 3438/4045
f 2779/4082 3438/4045 3437/4107
f 3415/4158 2779/4082 3437/4107
f 3415/4158 3437/4107 3424/4170
f 3423/4248 3431/4252 3415/4158
f 3423/4248 3415/4158 3424/4170
f 3416/4118 3415/4158 3431/4252
f 3416/4118 3431/4252 3430/4250
f 1954/786 1707/773 3973/736
f 1954/786 3973/736 3986/765
f 1707/773 1666/776 3970/709
f 1707/773 3970/709 3973/736
f 1666/776 1170/781 3967/692
f 1666/776 3967/692 3970/709
f 3976/752 3968/666 3967/692
f 3976/752 3967/692 1170/781
f 1170/781 1147/810 3982/785
f 1170/781 3982/785 3976/752
f 1147/810 1150/827 3977/800
f 1147/810 3977/800 3982/785
f 1150/827 1157/849 3978/814
f 1150/827 3978/814 3977/800
f 1157/849 1156/843 3983/813
f 1157/849 3983/813 3978/814
f 1156/843 1271/834 3989/808
f 1156/843 3989/808 3983/813
f 1271/834 1344/830 3957/797
f 1271/834 3957/797 3989/808
f 1330/833 1367/805 3957/797
f 1330/833 3957/797 1344/830
f 1367/805 1366/778 3958/759
f 1367/805 3958/759 3957/797
f 1366/778 1371/731 3961/688
f 1366/778 3961/688 3958/759
f 1371/731 1370/654 3962/629
f 1371/731 3962/629 3961/688
f 1370/654 2046/576 3947/566
f 1370/654 3947/566 3962/629
f 3952/484 3948/488 3947/566
f 3952/484 3947/566 2046/576
f 2046/576 2045/618 3953/487
f 2046/576 3953/487 3952/484
f 4591/3839 4592/3792 4593/3786
f 4591/3839 4593/3786 4594/3831
f 4595/3876 4591/3839 4594/3831
f 4595/3876 4594/3831 4596/3868
f 4597/3905 4595/3876 4596/3868
f 4597/3905 4596/3868 4598/3897
f 4599/3929 4597/3905 4598/3897
f 4599/3929 4598/3897 4600/3924
f 4601/3957 4599/3929 4600/3924
f 4601/3957 4600/3924 4602/3952
f 4603/4021 4601/3957 4602/3952
f 4603/4021 4602/3952 4604/4016
f 4605/4136 4603/4021 4604/4016
f 4605/4136 4604/4016 4606/4135
f 4607/713 4608/598 4609/600
f 4607/713 4609/600 4610/720
f 4611/780 4607/713 4610/720
f 4611/780 4610/720 4612/784
f 4613/807 4611/780 4612/784
f 4613/807 4612/784 4614/811
f 4615/832 4613/807 4614/811
f 4615/832 4614/811 4616/838
f 4617/861 4615/832 4616/838
f 4617/861 4616/838 4618/867
f 4619/897 4617/861 4618/867
f 4619/897 4618/867 4620/903
f 4621/944 4619/897 4620/903
f 4621/944 4620/903 4622/951
f 4623/1007 4621/944 4622/951
f 4623/1007 4622/951 4624/1013
f 4625/1089 4623/1007 4624/1013
f 4625/1089 4624/1013 4626/1101
f 4627/1219 4625/1089 4626/1101
f 4627/1219 4626/1101 4628/1231
f 4629/1330 4627/1219 4628/1231
f 4629/1330 4628/1231 4630/1345
f 4631/1449 4629/1330 4630/1345
f 4631/1449 4630/1345 4632/1465
f 4633/1606 4631/1449 4632/1465
f 4633/1606 4632/1465 4634/1617
f 4635/1870 4633/1606 4634/1617
f 4635/1870 4634/1617 4636/1884
f 4637/2093 4635/1870 4636/1884
f 4637/2093 4636/1884 4638/2108
f 4639/2402 4637/2093 4638/2108
f 4639/2402 4638/2108 4640/2400
f 4641/2656 4639/2402 4640/2400
f 4641/2656 4640/2400 4642/2645
f 4643/2880 4641/2656 4642/2645
f 4643/2880 4642/2645 4644/2862
f 4645/3141 4643/2880 4644/2862
f 4645/3141 4644/2862 4646/3124
f 4647/3295 4645/3141 4646/3124
f 4647/3295 4646/3124 4648/3281
f 4649/3409 4647/3295 4648/3281
f 4649/3409 4648/3281 4650/3397
f 4651/3509 4652/3523 4649/3409
f 4651/3509 4649/3409 4650/3397
f 4653/3649 4652/3523 4651/3509
f 4653/3649 4651/3509 4654/3635
f 4655/3730 4653/3649 4654/3635
f 4655/3730 4654/3635 4656/3724
f 4592/3792 4655/3730 4656/3724
f 4592/3792 4656/3724 4593/3786
f 4610/720 4609/600 4657/607
f 4610/720 4657/607 4658/735
f 4612/784 4610/720 4658/735
f 4612/784 4658/735 4659/792
f 4614/811 4612/784 4659/792
f 4614/811 4659/792 4660/819
f 4616/838 4614/811 4660/819
f 4616/838 4660/819 4661/846
f 4618/867 4616/838 4661/846
f 4618/867 4661/846 4662/878
f 4620/903 4618/867 4662/878
f 4620/903 4662/878 4663/912
f 4622/951 4620/903 4663/912
f 4622/951 4663/912 4664/958
f 4624/1013 4622/951 4664/958
f 4624/1013 4664/958 4665/1023
f 4626/1101 4624/1013 4665/1023
f 4626/1101 4665/1023 4666/1118
f 4628/1231 4626/1101 4666/1118
f 4628/1231 4666/1118 4667/1246
f 4630/1345 4628/1231 4667/1246
f 4630/1345 4667/1246 4668/1361
f 4632/1465 4630/1345 4668/1361
f 4632/1465 4668/1361 4669/1474
f 4634/1617 4632/1465 4669/1474
f 4634/1617 4669/1474 4670/1638
f 4636/1884 4634/1617 4670/1638
f 4636/1884 4670/1638 4671/1897
f 4638/2108 4636/1884 4671/1897
f 4638/2108 4671/1897 4672/2118
f 4640/2400 4638/2108 4672/2118
f 4640/2400 4672/2118 4673/2399
f 4642/2645 4640/2400 4673/2399
f 4642/2645 4673/2399 4674/2630
f 4644/2862 4642/2645 4674/2630
f 4644/2862 4674/2630 4675/2845
f 4646/3124 4644/2862 4675/2845
f 4646/3124 4675/2845 4676/3108
f 4648/3281 4646/3124 4676/3108
f 4648/3281 4676/3108 4677/3263
f 4650/3397 4648/3281 4677/3263
f 4650/3397 4677/3263 4678/3379
f 4679/3495 4651/3509 4650/3397
f 4679/3495 4650/3397 4678/3379
f 4654/3635 4651/3509 4679/3495
f 4654/3635 4679/3495 4680/3620
f 4656/3724 4654/3635 4680/3620
f 4656/3724 4680/3620 4681/3712
f 4593/3786 4656/3724 4681/3712
f 4593/3786 4681/3712 4682/3778
f 4594/3831 4593/3786 4682/3778
f 4594/3831 4682/3778 4683/3822
f 4596/3868 4594/3831 4683/3822
f 4596/3868 4683/3822 4684/3858
f 4598/3897 4596/3868 4684/3858
f 4598/3897 4684/3858 4685/3890
f 4600/3924 4598/3897 4685/3890
f 4600/3924 4685/3890 4686/3916
f 4602/3952 4600/3924 4686/3916
f 4602/3952 4686/3916 4687/3944
f 4604/4016 4602/3952 4687/3944
f 4604/4016 4687/3944 4688/4000
f 4606/4135 4604/4016 4688/4000
f 4606/4135 4688/4000 4689/4129
f 4658/735 4657/607 2045/618
f 4658/735 2045/618 2038/761
f 4659/792 4658/735 2038/761
f 4659/792 2038/761 2039/802
f 4660/819 4659/792 2039/802
f 4660/819 2039/802 2040/831
f 4661/846 4660/819 2040/831
f 4661/846 2040/831 2041/856
f 4662/878 4661/846 2041/856
f 4662/878 2041/856 2042/889
f 4663/912 4662/878 2042/889
f 4663/912 2042/889 2043/926
f 4664/958 4663/912 2043/926
f 4664/958 2043/926 2044/971
f 4665/1023 4664/958 2044/971
f 4665/1023 2044/971 1080/1038
f 4666/1118 4665/1023 1080/1038
f 4666/1118 1080/1038 1077/1142
f 4667/1246 4666/1118 1077/1142
f 4667/1246 1077/1142 1076/1271
f 4668/1361 4667/1246 1076/1271
f 4668/1361 1076/1271 1079/1380
f 4669/1474 4668/1361 1079/1380
f 4669/1474 1079/1380 1056/1494
f 4670/1638 4669/1474 1056/1494
f 4670/1638 1056/1494 1057/1679
f 4671/1897 4670/1638 1057/1679
f 4671/1897 1057/1679 1054/1918
f 4672/2118 4671/1897 1054/1918
f 4672/2118 1054/1918 1055/2133
f 4673/2399 4672/2118 1055/2133
f 4673/2399 1055/2133 2059/2396
f 4674/2630 4673/2399 2059/2396
f 4674/2630 2059/2396 2470/2610
f 4675/2845 4674/2630 2470/2610
f 4675/2845 2470/2610 2469/2826
f 4676/3108 4675/2845 2469/2826
f 4676/3108 2469/2826 2472/3065
f 4677/3263 4676/3108 2472/3065
f 4677/3263 2472/3065 2471/3251
f 4678/3379 4677/3263 2471/3251
f 4678/3379 2471/3251 2493/3358
f 2490/3472 4679/3495 4678/3379
f 2490/3472 4678/3379 2493/3358
f 4680/3620 4679/3495 2490/3472
f 4680/3620 2490/3472 2491/3594
f 4681/3712 4680/3620 2491/3594
f 4681/3712 2491/3594 2495/3698
f 4682/3778 4681/3712 2495/3698
f 4682/3778 2495/3698 3414/3764
f 4683/3822 4682/3778 3414/3764
f 4683/3822 3414/3764 3413/3811
f 4684/3858 4683/3822 3413/3811
f 4684/3858 3413/3811 3412/3846
f 4685/3890 4684/3858 3412/3846
f 4685/3890 3412/3846 3411/3880
f 4686/3916 4685/3890 3411/3880
f 4686/3916 3411/3880 3410/3906
f 4687/3944 4686/3916 3410/3906
f 4687/3944 3410/3906 3409/3932
f 4688/4000 4687/3944 3409/3932
f 4688/4000 3409/3932 3408/3972
f 4689/4129 4688/4000 3408/3972
f 4689/4129 3408/3972 3416/4118
f 3430/4250 4539/4254 4689/4129
f 3430/4250 4689/4129 3416/4118
f 4539/4254 4458/4256 4606/4135
f 4539/4254 4606/4135 4689/4129
f 4458/4256 4457/4258 4605/4136
f 4458/4256 4605/4136 4606/4135
f 4538/482 3953/487 2045/618
f 4538/482 2045/618 4657/607
f 4535/477 4538/482 4657/607
f 4535/477 4657/607 4609/600
f 4534/476 4535/477 4609/600
f 4534/476 4609/600 4608/598
f 727/2280 724/2194 1978/2196
f 727/2280 1978/2196 4690/2282
f 2053/2328 727/2280 4690/2282
f 2053/2328 4690/2282 2070/2335
f 2195/2491 2193/2616 3356/2600
f 2195/2491 3356/2600 4691/2484
f 4692/2392 1985/2262 774/2251
f 4692/2392 774/2251 2056/2388
f 4692/2392 2056/2388 2195/2491
f 4692/2392 2195/2491 4691/2484
f 2271/3328 2270/3271 4693/3272
f 2271/3328 4693/3272 4694/3321
f 850/1460 849/1406 4695/1414
f 850/1460 4695/1414 4696/1461
f 2273/3368 2271/3328 4694/3321
f 2273/3368 4694/3321 4697/3361
f 849/1406 852/1369 4698/1377
f 849/1406 4698/1377 4695/1414
f 2270/3271 2272/3219 4699/3226
f 2270/3271 4699/3226 4693/3272
f 851/1512 850/1460 4696/1461
f 851/1512 4696/1461 4700/1507
f 3402/3288 3401/3341 4701/3339
f 3402/3288 4701/3339 4702/3293
f 2031/1392 2032/1447 4703/1446
f 2031/1392 4703/1446 4704/1402
f 3403/3230 3402/3288 4702/3293
f 3403/3230 4702/3293 4705/3241
f 2032/1447 2033/1504 4706/1491
f 2032/1447 4706/1491 4703/1446
f 3401/3341 3400/3390 4707/3383
f 3401/3341 4707/3383 4701/3339
f 2030/1346 2031/1392 4704/1402
f 2030/1346 4704/1402 4708/1363
f 3404/3175 3403/3230 4705/3241
f 3404/3175 4705/3241 4709/3183
f 2033/1504 2034/1561 4710/1549
f 2033/1504 4710/1549 4706/1491
f 2274/3412 2273/3368 4697/3361
f 2274/3412 4697/3361 4711/3406
f 852/1369 853/1324 4712/1334
f 852/1369 4712/1334 4698/1377
f 2275/3445 2274/3412 4711/3406
f 2275/3445 4711/3406 4713/3439
f 853/1324 854/1291 4714/1297
f 853/1324 4714/1297 4712/1334
f 2272/3219 2276/3172 4715/3179
f 2272/3219 4715/3179 4699/3226
f 855/1567 851/1512 4700/1507
f 855/1567 4700/1507 4716/1559
f 2276/3172 2277/3119 4717/3135
f 2276/3172 4717/3135 4715/3179
f 856/1618 855/1567 4716/1559
f 856/1618 4716/1559 4718/1601
f 2277/3119 3420/3085 4719/3107
f 2277/3119 4719/3107 4717/3135
f 2050/1653 856/1618 4718/1601
f 2050/1653 4718/1601 4720/1629
f 3420/3085 3417/3058 4721/3086
f 3420/3085 4721/3086 4719/3107
f 2047/1676 2050/1653 4720/1629
f 2047/1676 4720/1629 4722/1650
f 3417/3058 3418/3054 4723/3069
f 3417/3058 4723/3069 4721/3086
f 2048/1682 2047/1676 4722/1650
f 2048/1682 4722/1650 4724/1659
f 3418/3054 3407/3055 4725/3075
f 3418/3054 4725/3075 4723/3069
f 2037/1680 2048/1682 4724/1659
f 2037/1680 4724/1659 4726/1657
f 3407/3055 3406/3071 4727/3094
f 3407/3055 4727/3094 4725/3075
f 2036/1663 2037/1680 4726/1657
f 2036/1663 4726/1657 4728/1641
f 3406/3071 3405/3118 4729/3127
f 3406/3071 4729/3127 4727/3094
f 2035/1616 2036/1663 4728/1641
f 2035/1616 4728/1641 4730/1602
f 3405/3118 3404/3175 4709/3183
f 3405/3118 4709/3183 4729/3127
f 2034/1561 2035/1616 4730/1602
f 2034/1561 4730/1602 4710/1549
f 3400/3390 3399/3433 4731/3425
f 3400/3390 4731/3425 4707/3383
f 2029/1299 2030/1346 4708/1363
f 2029/1299 4708/1363 4732/1318
f 3399/3433 3398/3464 4733/3457
f 3399/3433 4733/3457 4731/3425
f 2028/1269 2029/1299 4732/1318
f 2028/1269 4732/1318 4734/1274
f 2275/3445 4713/3439 4735/3469
f 2275/3445 4735/3469 2320/3479
f 4714/1297 854/1291 899/1254
f 4714/1297 899/1254 4736/1266
f 837/1252 807/1240 862/1211
f 837/1252 862/1211 863/1225
f 2320/3479 4735/3469 3398/3464
f 4735/3469 4733/3457 3398/3464
f 4734/1274 4736/1266 2028/1269
f 4736/1266 899/1254 2028/1269
f 2322/3494 2292/3502 2320/3479
f 872/1234 899/1254 866/1250
f 2164/2980 2163/2938 3354/2930
f 2164/2980 3354/2930 3360/2956
f 739/1798 738/1762 1989/1782
f 739/1798 1989/1782 1982/1810
f 79/4643 77/4671 3579/4658
f 79/4643 3579/4658 3581/4637
f 78/66 361/94 4092/99
f 78/66 4092/99 3580/77
f 69/4617 79/4643 3581/4637
f 69/4617 3581/4637 3582/4614
f 361/94 355/121 4093/123
f 361/94 4093/123 4092/99
f 43/4593 69/4617 3582/4614
f 43/4593 3582/4614 3939/4590
f 355/121 330/145 4450/146
f 355/121 4450/146 4093/123
f 44/4573 43/4593 3939/4590
f 44/4573 3939/4590 3588/4575
f 330/145 329/164 4099/163
f 330/145 4099/163 4450/146
f 295/4556 44/4573 3588/4575
f 295/4556 3588/4575 3589/4558
f 329/164 564/180 4100/178
f 329/164 4100/178 4099/163
f 113/4541 295/4556 3589/4558
f 113/4541 3589/4558 3584/4542
f 564/180 393/196 4094/195
f 564/180 4094/195 4100/178
f 112/4519 113/4541 3584/4542
f 112/4519 3584/4542 3583/4517
f 393/196 392/218 4095/220
f 393/196 4095/220 4094/195
f 153/3974 169/4242 3597/4122
f 153/3974 3597/4122 3598/3937
f 449/501 434/766 4109/799
f 449/501 4109/799 4108/620
f 155/3872 154/3911 153/3974
f 155/3872 153/3974 3598/3937
f 433/828 435/870 4109/799
f 433/828 4109/799 434/766
f 156/3817 155/3872 3598/3937
f 156/3817 3598/3937 3596/3893
f 435/870 436/921 4107/844
f 435/870 4107/844 4109/799
f 157/3758 156/3817 3596/3893
f 157/3758 3596/3893 3594/3850
f 436/921 437/978 4105/888
f 436/921 4105/888 4107/844
f 158/3697 157/3758 3594/3850
f 158/3697 3594/3850 3593/3801
f 437/978 438/1045 4104/939
f 437/978 4104/939 4105/888
f 159/3616 158/3697 3593/3801
f 159/3616 3593/3801 4590/3739
f 438/1045 439/1128 4581/1003
f 438/1045 4581/1003 4104/939
f 168/3526 159/3616 4590/3739
f 168/3526 4590/3739 4589/3641
f 439/1128 448/1218 4582/1099
f 439/1128 4582/1099 4581/1003
f 166/3426 168/3526 4589/3641
f 166/3426 4589/3641 4588/3489
f 448/1218 447/1314 4583/1248
f 448/1218 4583/1248 4582/1099
f 167/3312 166/3426 4588/3489
f 167/3312 4588/3489 4587/3349
f 447/1314 446/1437 4580/1390
f 447/1314 4580/1390 4583/1248
f 267/3146 167/3312 4587/3349
f 267/3146 4587/3349 4586/3193
f 446/1437 541/1603 4579/1551
f 446/1437 4579/1551 4580/1390
f 162/2877 267/3146 4586/3193
f 162/2877 4586/3193 4585/2925
f 541/1603 442/1878 4578/1825
f 541/1603 4578/1825 4579/1551
f 171/2406 163/2651 4584/2678
f 171/2406 4584/2678 4577/2405
f 443/2107 171/2406 4577/2405
f 443/2107 4577/2405 4576/2069
f 163/2651 162/2877 4585/2925
f 163/2651 4585/2925 4584/2678
f 442/1878 443/2107 4576/2069
f 442/1878 4576/2069 4578/1825
f 108/4489 112/4519 3583/4517
f 108/4489 3583/4517 3586/4486
f 392/218 388/247 4097/250
f 392/218 4097/250 4095/220
f 109/4464 108/4489 3586/4486
f 109/4464 3586/4486 3585/4460
f 388/247 389/275 4096/277
f 388/247 4096/277 4097/250
f 110/4433 109/4464 3585/4460
f 110/4433 3585/4460 3587/4402
f 389/275 391/306 4098/334
f 389/275 4098/334 4096/277
f 3587/4402 3590/4308 3597/4122
f 3587/4402 3597/4122 169/4242
f 4101/433 4098/334 449/501
f 4101/433 449/501 4108/620
f 111/4386 3587/4402 169/4242
f 391/306 390/355 4098/334
f 111/4386 110/4433 3587/4402
f 4098/334 390/355 449/501
