{
    "action": {
        "min": [
            0.7997175455093384,
            0.49855461716651917,
            0.9566405415534973,
            0.9999738931655884,
            -0.0017659326549619436,
            -0.006844293791800737,
            0.0011086019221693277,
            0.6628245711326599,
            -0.5000210404396057,
            0.9868729114532471,
            0.9588081240653992,
            -6.98594594723545e-05,
            -0.007424388080835342,
            -0.0032850007992237806,
            0.6246473789215088,
            -0.941532552242279,
            -0.6275965571403503,
            -1.8942623138427734,
            0.5045058131217957,
            1.0413883924484253,
            0.7637779116630554,
            -1.2928763628005981,
            -1.6239283084869385,
            0.5547771453857422,
            -2.010291814804077,
            -0.17566503584384918,
            1.037571668624878,
            -0.2088010162115097,
            0.0,
            0.0,
            0.0,
            0.0
        ],
        "max": [
            0.8498302698135376,
            0.49903789162635803,
            0.9975116848945618,
            0.9999849796295166,
            -0.0010335934348404408,
            -0.005241324659436941,
            0.001928087673150003,
            0.8168449401855469,
            -0.29019927978515625,
            1.0075109004974365,
            0.9999810457229614,
            0.2840023934841156,
            -0.003733293851837516,
            -0.001393103157170117,
            0.7784982919692993,
            -0.8164510130882263,
            -0.5358163714408875,
            -1.6991932392120361,
            0.5346141457557678,
            1.191962480545044,
            0.7973617911338806,
            -1.0420706272125244,
            -1.181465983390808,
            0.7643319368362427,
            -1.6533243656158447,
            0.19815059006214142,
            1.2543284893035889,
            0.3864026963710785,
            0.0,
            0.0,
            0.0,
            0.0
        ],
        "mean": [
            0.8349051475524902,
            0.498660147190094,
            0.9670960307121277,
            0.9999865293502808,
            -0.0011708938982337713,
            -0.006426695734262466,
            0.0017483487026765943,
            0.770810067653656,
            -0.4454025626182556,
            0.992142379283905,
            0.9847013354301453,
            0.11028160899877548,
            -0.0057067000307142735,
            -0.0019356643315404654,
            0.7373670935630798,
            -0.8454627394676208,
            -0.5980876684188843,
            -1.7607645988464355,
            0.518301248550415,
            1.1453077793121338,
            0.7830560207366943,
            -1.2269530296325684,
            -1.3558647632598877,
            0.606644868850708,
            -1.8405797481536865,
            -0.08788759261369705,
            1.176931619644165,
            0.1546195149421692,
            0.0,
            0.0,
            0.0,
            0.0
        ],
        "std": [
            0.02207145467400551,
            8.340519707417116e-05,
            0.01686226576566696,
            9.864273124549072e-06,
            0.00015493298997171223,
            0.00042903804569505155,
            0.00014467841538134962,
            0.03918115049600601,
            0.0701908990740776,
            0.004834337159991264,
            0.019204100593924522,
            0.133393332362175,
            0.0008525769226253033,
            0.00041712739039212465,
            0.028352798894047737,
            0.02486061304807663,
            0.017215000465512276,
            0.03577027469873428,
            0.008421480655670166,
            0.05814743787050247,
            0.010056589730083942,
            0.057722315192222595,
            0.17003056406974792,
            0.06686180084943771,
            0.1043512374162674,
            0.12428899854421616,
            0.055516887456178665,
            0.24768449366092682,
            0.0,
            0.0,
            0.0,
            0.0
        ],
        "count": [
            920
        ]
    },
    "observation.state": {
        "min": [
            0.7997175455093384,
            0.49855461716651917,
            0.9566405415534973,
            0.9999738931655884,
            -0.0017659326549619436,
            -0.006844293791800737,
            0.0011086019221693277,
            0.6628245711326599,
            -0.5000210404396057,
            0.9868729114532471,
            0.9588081240653992,
            -6.98594594723545e-05,
            -0.007424388080835342,
            -0.0032850007992237806,
            0.6481999754905701,
            -0.9221000075340271,
            -0.6270999908447266,
            -1.8495999574661255,
            0.5008999705314636,
            1.035599946975708,
            0.765999972820282,
            -1.292099952697754,
            -1.6224000453948975,
            0.5609999895095825,
            -2.0078001022338867,
            -0.1776999980211258,
            1.0449999570846558,
            -0.20260000228881836,
            0.0,
            -0.11706602573394775,
            0.00022331402578856796,
            0.001156349084340036
        ],
        "max": [
            0.8498302698135376,
            0.49903789162635803,
            0.9975116848945618,
            0.9999849796295166,
            -0.0010335934348404408,
            -0.005241324659436941,
            0.001928087673150003,
            0.8168449401855469,
            -0.29019927978515625,
            1.0075109004974365,
            0.9999810457229614,
            0.2840023934841156,
            -0.003733293851837516,
            -0.001393103157170117,
            0.7804999947547913,
            -0.8159999847412109,
            -0.5575000047683716,
            -1.7015999555587769,
            0.5292999744415283,
            1.1850999593734741,
            0.7967000007629395,
            -1.0555000305175781,
            -1.1908999681472778,
            0.7631999850273132,
            -1.698099970817566,
            0.195700004696846,
            1.2418999671936035,
            0.3831000030040741,
            0.0,
            -0.11505019664764404,
            0.00022976032050792128,
            0.0011705232318490744
        ],
        "mean": [
            0.8349051475524902,
            0.498660147190094,
            0.9670960307121277,
            0.9999865293502808,
            -0.0011708938982337713,
            -0.006426695734262466,
            0.0017483487026765943,
            0.770810067653656,
            -0.4454025626182556,
            0.992142379283905,
            0.9847013354301453,
            0.11028160899877548,
            -0.0057067000307142735,
            -0.0019356643315404654,
            0.739484429359436,
            -0.8429421186447144,
            -0.5977511405944824,
            -1.762817144393921,
            0.5140725374221802,
            1.1374609470367432,
            0.7830965518951416,
            -1.2284018993377686,
            -1.3488256931304932,
            0.6049584150314331,
            -1.8418166637420654,
            -0.09397736191749573,
            1.1717517375946045,
            0.16051633656024933,
            0.0,
            -0.11609724909067154,
            0.00022636150242760777,
            0.001165494555607438
        ],